{"type":"FeatureCollection","features":[{"id":1019,"type":"Feature","geometry":{"type":"MultiPolygon","coordinates":[[[[119.84472498,-0.303792709999932],[119.84384411,-0.304392490999935],[119.842750563,-0.305137134999944],[119.84204553,-0.305617210999974],[119.842038009,-0.305622330999946],[119.840479554,-0.306612300999984],[119.840184811,-0.306799531999955],[119.84017375,-0.306806559999934],[119.83888341,-0.30761111999994],[119.837347229,-0.308442860999946],[119.837147189,-0.308551455999983],[119.83704341,-0.308607788999957],[119.836548289,-0.308876577999971],[119.836548242,-0.308876603999983],[119.835455979,-0.309469559999964],[119.835088024,-0.309669309999948],[119.834765939,-0.309844159999956],[119.82956569,-0.311878699999967],[119.8291714,-0.312021570999955],[119.82766888,-0.312565969999981],[119.827432172,-0.31264635799994],[119.827421893,-0.312649848999963],[119.82571466,-0.313229670999931],[119.82567179,-0.313244230999949],[119.824530409,-0.31355855999994],[119.8237668,-0.313768849999979],[119.822092289,-0.31396809999996],[119.82155409,-0.313995699999967],[119.82110157,-0.314018907999983],[119.82102936,-0.314022609999942],[119.81989504,-0.314077139999937],[119.81985103,-0.314084913999984],[119.819114569,-0.31421504999997],[119.81881952,-0.314267189999963],[119.81823876,-0.314301509999951],[119.81774411,-0.314330739999944],[119.81688373,-0.314511699999967],[119.81590053,-0.314828240999932],[119.81523434,-0.315152711999937],[119.8150095,-0.315262219999977],[119.814792089,-0.315336310999959],[119.81384189,-0.315660140999966],[119.812920179,-0.31624774999995],[119.812723895,-0.31628322999996],[119.81240499,-0.316340870999968],[119.811883839,-0.316515909999967],[119.81171106,-0.316573940999945],[119.811119701,-0.316411751999972],[119.81081849,-0.316329140999925],[119.81066506,-0.316287060999972],[119.810654129,-0.316262790999927],[119.81061627,-0.31617873999995],[119.810189349,-0.315234230999977],[119.81018902,-0.313989820999957],[119.810264415,-0.313495570999982],[119.81032239,-0.31311554999996],[119.810148037,-0.311857521999974],[119.81012292,-0.311794169999924],[119.809568198,-0.311692012999975],[119.80930335,-0.311643239999964],[119.80928676,-0.311640200999932],[119.80927798,-0.311635949999924],[119.808691595,-0.31135235999995],[119.808243331,-0.311135567999948],[119.8081663,-0.311098310999967],[119.80734069,-0.310737080999958],[119.80655768,-0.310249330999973],[119.806518099,-0.310230791999973],[119.80634411,-0.310149309999936],[119.80568985,-0.309842920999929],[119.805320879,-0.309577159999946],[119.805172897,-0.309470565999957],[119.805127239,-0.309437681999949],[119.804782761,-0.309189552999963],[119.804775778,-0.309184523999932],[119.804608307,-0.309063892999978],[119.80449847,-0.308984780999934],[119.804444207,-0.308886800999969],[119.804377917,-0.308767110999953],[119.80406924,-0.308209780999958],[119.80406812,-0.308207759999959],[119.80413198,-0.308151390999961],[119.80419713,-0.30809388199999],[119.80421475,-0.308078329999946],[119.80433129,-0.307975450999949],[119.80480539,-0.307556949999944],[119.80587798,-0.307160130999939],[119.805880865,-0.307159060999946],[119.80588406,-0.307147889999961],[119.80615709,-0.30619209099996],[119.806033589,-0.303752299999928],[119.80594872,-0.303545779999985],[119.805250739,-0.301847299999969],[119.805096247,-0.301665662999933],[119.805080429,-0.301647070999939],[119.805099391,-0.301444759999921],[119.80519137,-0.300463369999942],[119.805154399,-0.299944079999939],[119.80514829,-0.299861030999982],[119.80514558,-0.299824159999956],[119.805087622,-0.299794896999976],[119.80499709,-0.299749179999943],[119.804835074,-0.299667719999954],[119.804819819,-0.299660049999948],[119.804796099,-0.299648101999935],[119.80476546,-0.299632669999943],[119.804726369,-0.299587691999944],[119.804716158,-0.29957594099995],[119.804703239,-0.29956108099998],[119.804680459,-0.299541689999953],[119.804672569,-0.299534730999936],[119.804381025,-0.299277585999966],[119.804379193,-0.299275967999964],[119.804378284,-0.299275165999971],[119.80412792,-0.299054349999952],[119.804127189,-0.299053869999962],[119.803872787,-0.29853730099996],[119.803872432,-0.298536578999978],[119.803812034,-0.298414143999941],[119.80378887,-0.298367189999966],[119.803761687,-0.298338962999938],[119.80367336,-0.298247249999984],[119.803672859,-0.298246730999957],[119.803387679,-0.297950974999939],[119.80324021,-0.297798040999963],[119.801989109,-0.29711626399996],[119.801914229,-0.297075460999958],[119.801514529,-0.296018299999958],[119.80153229,-0.29589795999993],[119.801532293,-0.295897931999946],[119.801538101,-0.295858549999944],[119.80157835,-0.295585719999972],[119.80163719,-0.29518691999994],[119.80163708,-0.294784449999963],[119.801637046,-0.294644692999953],[119.801636989,-0.294414750999987],[119.80163691,-0.294102549999937],[119.80157535,-0.293578449999924],[119.801546147,-0.293539632999971],[119.801215069,-0.293099609999959],[119.800507055,-0.292313034999955],[119.80049945,-0.292304589999965],[119.800207051,-0.29197304899998],[119.800206999,-0.291972990999969],[119.800143319,-0.291900790999935],[119.80012708,-0.291882374999952],[119.800069179,-0.291816730999926],[119.800062135,-0.291810294999953],[119.7995828,-0.291372840999947],[119.799485189,-0.291283759999947],[119.799420988,-0.291231190999963],[119.798845568,-0.290760032999971],[119.798838002,-0.290753836999962],[119.79862457,-0.290579089999935],[119.79730305,-0.289711920999934],[119.797141475,-0.289679879999944],[119.796124912,-0.289478302999951],[119.79610379,-0.289474114999968],[119.794897616,-0.290489826999941],[119.794625309,-0.290285598999963],[119.793876466,-0.290081371999976],[119.792940411,-0.290506846999968],[119.792685123,-0.290268579999975],[119.792395797,-0.289638878999942],[119.792072433,-0.289128309999972],[119.791629934,-0.288702835999976],[119.79110234,-0.28832841999997],[119.790949167,-0.288396495999964],[119.790370515,-0.288651778999969],[119.789791863,-0.288260343999978],[119.789060039,-0.28783486899994],[119.78875651,-0.287807275999977],[119.788755902,-0.287807611999947],[119.788466858,-0.28796740699995],[119.788464368,-0.287968782999945],[119.788464368,-0.288226304999973],[119.788600521,-0.288498608999937],[119.788811558,-0.288864401999949],[119.788854097,-0.288942650999967],[119.788687876,-0.289093039999951],[119.788492634,-0.289262922999963],[119.787987831,-0.289128309999972],[119.786745431,-0.288838987999955],[119.785979568,-0.288481589999952],[119.785843415,-0.288226304999973],[119.785571108,-0.287732755999975],[119.785213705,-0.287460452999949],[119.784601015,-0.287137091999975],[119.784413804,-0.287307281999976],[119.784328708,-0.288039096999979],[119.784006851,-0.287892800999949],[119.783952994,-0.287867576999935],[119.783861955,-0.287847600999963],[119.783290538,-0.28771573699993],[119.782984193,-0.288073134999942],[119.782745008,-0.288109011999954],[119.78264381,-0.288124191999943],[119.782405541,-0.28771573699993],[119.782333854,-0.287528249999991],[119.782184292,-0.287137091999975],[119.781896224,-0.286820221999963],[119.781843908,-0.286762675999971],[119.781567192,-0.286611741999943],[119.781282275,-0.286456332999931],[119.780822758,-0.286541427999966],[119.780397278,-0.286575466999981],[119.779716511,-0.286507390999927],[119.779188917,-0.286558447999945],[119.778593246,-0.286643542999978],[119.77809969,-0.286830749999976],[119.777980803,-0.286879185999965],[119.777640172,-0.287017958999965],[119.776942776,-0.287067772999942],[119.776559693,-0.287094145999963],[119.775988366,-0.287115895999941],[119.775662121,-0.287128095999942],[119.775767156,-0.286755174999934],[119.776030274,-0.286127092999954],[119.776284904,-0.285575401999954],[119.776484365,-0.285227410999942],[119.776594705,-0.284928222999956],[119.776713532,-0.284660864999978],[119.77671449,-0.284660127999936],[119.776713379,-0.284659009999927],[119.776718679,-0.284649508999963],[119.776724749,-0.284638619999953],[119.776730237,-0.284628784999944],[119.777094682,-0.283231171999946],[119.7772773,-0.282464903999941],[119.777696247,-0.281297595999945],[119.778168904,-0.279800864999971],[119.778376587,-0.278783945999984],[119.778641562,-0.277369569999964],[119.778774049,-0.276818142999962],[119.779110639,-0.276574655999991],[119.779121859,-0.276570270999975],[119.779422163,-0.276452911999972],[119.779952113,-0.275944451999977],[119.780610969,-0.274963339999939],[119.780850879,-0.274254361999974],[119.781008431,-0.273183731999953],[119.781165984,-0.272059392999957],[119.781330698,-0.271386220999951],[119.781620738,-0.27082405099998],[119.78220798,-0.270072103999954],[119.782669895,-0.269617354999987],[119.783135391,-0.269001474999933],[119.783736956,-0.268167171999945],[119.783815677,-0.268046465999932],[119.783815732,-0.268045427999948],[119.784127256,-0.26745819199993],[119.78502052,-0.265732962999954],[119.785471825,-0.264928471999958],[119.785643517,-0.264614524999961],[119.785886338,-0.263729094999974],[119.785895943,-0.263589820999931],[119.785896149,-0.263586836999939],[119.785945204,-0.263150252999946],[119.786089916,-0.262394816999972],[119.786305757,-0.261754657999975],[119.78654122,-0.261364675999974],[119.786752156,-0.261222417999929],[119.787053843,-0.261197891999934],[119.787539486,-0.261136572999928],[119.787844853,-0.261048274999952],[119.787954613,-0.261001673999946],[119.788120173,-0.260930545999942],[119.788472141,-0.260735554999943],[119.789102496,-0.260242557999967],[119.789396825,-0.260065962999941],[119.789774547,-0.259931062999965],[119.79045641,-0.259474857999971],[119.790459265,-0.259476984999934],[119.791146963,-0.258869905999979],[119.792546137,-0.258246862999961],[119.793106772,-0.257774224999932],[119.79317098,-0.257689216999955],[119.793545231,-0.257308516999955],[119.793819467,-0.257039122999973],[119.79395367,-0.256894407999937],[119.79471338,-0.25566875499994],[119.794794266,-0.255487117999968],[119.795019533,-0.254981260999958],[119.795202151,-0.253928531999981],[119.795384769,-0.25311750199996],[119.795539949,-0.252737947999952],[119.79569879,-0.252438456999927],[119.795943989,-0.25202226799997],[119.795985931,-0.251509289999947],[119.796030715,-0.251048660999969],[119.796033194,-0.251044917999943],[119.796129274,-0.250442818999951],[119.796128997,-0.250441280999959],[119.796182736,-0.250255883999965],[119.796479556,-0.249268643999929],[119.796547308,-0.24822978199996],[119.796486035,-0.247352617999981],[119.796486277,-0.247352593999947],[119.796454731,-0.247171921999952],[119.796417449,-0.246956836999971],[119.796394507,-0.246558212999954],[119.796423185,-0.246049179999945],[119.796457603,-0.245892613999968],[119.79645754,-0.245582699999946],[119.79688051,-0.244517509999982],[119.797057235,-0.243412988999986],[119.797033898,-0.243039600999962],[119.797197242,-0.242601611999936],[119.79719853,-0.242595119999983],[119.797201666,-0.242591148999974],[119.79760818,-0.241461952999947],[119.797846927,-0.241032856999937],[119.798143747,-0.240132725999966],[119.798193217,-0.239982722999968],[119.79825494,-0.239830739999954],[119.798329349,-0.23928680899996],[119.798246989,-0.238555075999965],[119.79822162,-0.238134154999956],[119.798203434,-0.237832390999932],[119.798367975,-0.236712871999948],[119.798342165,-0.23598373299995],[119.798413143,-0.235202973999947],[119.798748679,-0.234564170999933],[119.798946974,-0.234058764999927],[119.798949818,-0.234057304999964],[119.798951363,-0.234056510999946],[119.799738225,-0.23365225499993],[119.800166289,-0.23334421199997],[119.80017699,-0.233329400999944],[119.80044957,-0.232976929999955],[119.800730419,-0.232633489999965],[119.80081298,-0.232534269999979],[119.80101618,-0.232290050999948],[119.80132299,-0.231973709999981],[119.80167005,-0.231684469999946],[119.80180923,-0.23156411099996],[119.802179386,-0.231201270999979],[119.80218538,-0.231195395999981],[119.802369418,-0.230998762999945],[119.80292526,-0.230312160999973],[119.80324975,-0.229390959999929],[119.80373328,-0.228018259999942],[119.80403255,-0.226774419999974],[119.80432079,-0.225576420999975],[119.804276859,-0.225245212999948],[119.804277523,-0.225241740999941],[119.804438006,-0.223629285999953],[119.804472756,-0.223091902999952],[119.804513062,-0.222688844999944],[119.80428248,-0.22256001999995],[119.80439335,-0.22061895999998],[119.8044142,-0.220540920999952],[119.804677542,-0.219555482999973],[119.80490747,-0.21869507999998],[119.80492683,-0.218493250999936],[119.805033399,-0.217382439999938],[119.80512753,-0.216401289999967],[119.80512733,-0.215301059999952],[119.80512707,-0.213885579999955],[119.80512691,-0.21299768099993],[119.80582236,-0.212180559999979],[119.8058331,-0.212160209999983],[119.80628832,-0.211297080999943],[119.80651937,-0.210859009999985],[119.80726304,-0.210234880999969],[119.807469404,-0.21006169099997],[119.807504026,-0.210049751999974],[119.808430029,-0.209166168999958],[119.808519522,-0.209080773999969],[119.809073978,-0.208772745999971],[119.809077657,-0.208770701999932],[119.809624164,-0.208429620999943],[119.810167024,-0.207831931999974],[119.81050701,-0.207331499999963],[119.811043197,-0.206683505999934],[119.811046634,-0.206681584999951],[119.811352833,-0.206152521999964],[119.811691977,-0.205094397999973],[119.81191872,-0.204476190999972],[119.812034998,-0.204305649999987],[119.812240422,-0.204193248999955],[119.812554373,-0.204201000999955],[119.812895456,-0.204146736999973],[119.813128012,-0.20405371499994],[119.813441963,-0.203871547999944],[119.813980719,-0.203538218999942],[119.814740402,-0.202999466999934],[119.815275282,-0.202545985999969],[119.815690007,-0.202181649999951],[119.81603109,-0.201848320999945],[119.816218046,-0.201469357999939],[119.816220874,-0.201475443999932],[119.816221011,-0.201472356999944],[119.8163838,-0.201104145999983],[119.81677527,-0.199809590999969],[119.816856665,-0.199600289999986],[119.817431243,-0.197913357999936],[119.817439993,-0.197902639999943],[119.817498363,-0.197707728999947],[119.817868758,-0.196470878999951],[119.818056,-0.195958639999967],[119.81809004,-0.195817850999966],[119.81812662,-0.195666610999978],[119.81814853,-0.195575990999952],[119.818189,-0.19540864999994],[119.818258944,-0.194769628999948],[119.818357462,-0.193869547999954],[119.818269444,-0.192468605999981],[119.818207429,-0.191685670999966],[119.817932279,-0.190726628999926],[119.81767011,-0.189777069999935],[119.81759798,-0.189486800999934],[119.817489139,-0.18904881999993],[119.817410959,-0.188734219999956],[119.8173798,-0.188618449999989],[119.817369929,-0.188581780999926],[119.81736847,-0.188576379999972],[119.817307079,-0.188342219999937],[119.81718645,-0.187882112999943],[119.816928619,-0.186898680999951],[119.816697,-0.186015230999941],[119.816638713,-0.185835761999961],[119.816627984,-0.185817532999975],[119.816542347,-0.185602467999962],[119.815860548,-0.183890232999944],[119.814481017,-0.180001293999965],[119.813837423,-0.178580611999966],[119.813424703,-0.177669564999978],[119.811645648,-0.17424228299995],[119.811050449,-0.173290622999961],[119.810556848,-0.172780293999944],[119.810278653,-0.172492667999967],[119.809173284,-0.171956338999957],[119.808414569,-0.17149849499998],[119.807988598,-0.171560147999981],[119.80791748,-0.171570441999961],[119.807662395,-0.171465792999922],[119.80751196,-0.17120416699993],[119.807662395,-0.170850974999948],[119.807200914,-0.170153949999926],[119.807034493,-0.16990258499993],[119.806837549,-0.169689712999965],[119.806250251,-0.169054914999953],[119.806205975,-0.169007058999972],[119.806144965,-0.168941113999954],[119.805660957,-0.168332835999947],[119.805078788,-0.167797712999977],[119.805013433,-0.16773763999993],[119.804751807,-0.167390987999968],[119.804385531,-0.166880818999975],[119.804038877,-0.166671519999964],[119.803920331,-0.166634473999978],[119.803829576,-0.166606112999948],[119.803712372,-0.166524514999942],[119.803312865,-0.166246378999979],[119.802972752,-0.165834320999984],[119.802684964,-0.165625020999924],[119.802475663,-0.165840860999936],[119.802397425,-0.165987555999958],[119.802371013,-0.166037079999967],[119.802063602,-0.165893186999939],[119.801546891,-0.165389557999964],[119.801527413,-0.164954540999939],[119.80153381,-0.164938256999967],[119.801540351,-0.164401924999947],[119.801494566,-0.163996407999945],[119.801278725,-0.163728240999943],[119.801179207,-0.163596323999978],[119.800997477,-0.163355426999952],[119.800951693,-0.163106883999942],[119.801010558,-0.162550929999953],[119.800984396,-0.162119248999953],[119.800886286,-0.161726811999937],[119.800696607,-0.161249346999972],[119.800546173,-0.160876531999977],[119.800245303,-0.16044485199996],[119.80006502,-0.160154072999943],[119.800043227,-0.160118921999931],[119.800042543,-0.160117819999932],[119.800042543,-0.160052413999946],[119.800042543,-0.159980466999969],[119.800369575,-0.159771167999965],[119.800559254,-0.159483378999947],[119.800500388,-0.159143266999936],[119.800376116,-0.158816235999949],[119.800238762,-0.158502285999928],[119.800128619,-0.158061713999934],[119.80011968,-0.158042219999971],[119.800116799,-0.158030640999925],[119.800033529,-0.157695489999986],[119.80002689,-0.157648779999934],[119.800026829,-0.15764837999996],[119.80001304,-0.15755064999996],[119.799991449,-0.157398841999967],[119.799947816,-0.15709205099995],[119.799944433,-0.157089512999972],[119.799707335,-0.156863860999972],[119.79940156,-0.156721602999944],[119.799041824,-0.156685628999983],[119.79859379,-0.156698709999947],[119.79849568,-0.156561356999928],[119.798564357,-0.15638476199996],[119.798812902,-0.156221244999935],[119.798754036,-0.15593018799996],[119.798633034,-0.155665291999986],[119.798462977,-0.155455991999931],[119.798253676,-0.15507009699996],[119.798348516,-0.154738159999966],[119.798409017,-0.154434020999937],[119.798513667,-0.154080826999974],[119.798552911,-0.153786499999968],[119.79844172,-0.153472548999963],[119.798323988,-0.153276330999979],[119.798330529,-0.153125895999948],[119.798520208,-0.153053949999959],[119.798637939,-0.153021246999974],[119.798755671,-0.153106273999922],[119.798984593,-0.153237086999985],[119.799226597,-0.153237086999985],[119.799416276,-0.15317167999996],[119.799625577,-0.153125895999948],[119.799638388,-0.153123536999946],[119.799651739,-0.153132435999967],[119.799880662,-0.153125895999948],[119.800044178,-0.152968921999969],[119.800174991,-0.152648429999943],[119.800215906,-0.152507502999923],[119.800233857,-0.152445671999937],[119.80037121,-0.152360643999944],[119.800541308,-0.152325450999971],[119.800560889,-0.15232139999995],[119.800561579,-0.152320888999954],[119.800737486,-0.152190586999955],[119.80087484,-0.152013989999945],[119.801051437,-0.152000908999984],[119.801214954,-0.152184045999947],[119.801345766,-0.15232139999995],[119.801659717,-0.15232139999995],[119.801670616,-0.152318953999962],[119.801980209,-0.152249452999975],[119.802366107,-0.151994368999968],[119.802614652,-0.151758905999944],[119.802684675,-0.151673877999938],[119.802712761,-0.151673877999938],[119.802961306,-0.151673877999938],[119.803063173,-0.151627074999961],[119.803445314,-0.151451496999933],[119.803876996,-0.151163709999942],[119.804151703,-0.150797434999963],[119.804413329,-0.150365752999961],[119.804439725,-0.150342185999931],[119.804779605,-0.150038722999968],[119.80523745,-0.149672447999938],[119.805348449,-0.14953369999995],[119.80541534,-0.149474759999979],[119.80562931,-0.149286229999978],[119.80588759,-0.149026139999939],[119.80590248,-0.149006150999987],[119.806171495,-0.148644946999978],[119.806212007,-0.148455891999961],[119.806316657,-0.147893397999953],[119.80634936,-0.147396309999977],[119.806457201,-0.147276914999971],[119.806458734,-0.147261463999945],[119.806467092,-0.147258957999956],[119.806757193,-0.146730417999948],[119.80676334,-0.146725466999963],[119.806761421,-0.146716085999971],[119.806911856,-0.146290944999974],[119.806905315,-0.145761153999963],[119.80685299,-0.145499528999955],[119.806964181,-0.145336014999938],[119.807323916,-0.145277148999985],[119.807507054,-0.145152876999934],[119.807683652,-0.145008982999966],[119.80776868,-0.144773519999955],[119.807775221,-0.144662328999981],[119.808134956,-0.144439947999961],[119.808279799,-0.144397649999978],[119.808444816,-0.144255218999943],[119.808566639,-0.14388726499993],[119.808913293,-0.143641991999968],[119.809102972,-0.143462124999925],[119.809279569,-0.143269176999989],[119.809580439,-0.142847305999962],[119.809652386,-0.14259222299995],[119.809665467,-0.142539896999952],[119.809874768,-0.142706682999977],[119.809915918,-0.142734352999985],[119.81522298,-0.14630288299998],[119.81554211,-0.146488470999944],[119.816391169,-0.147343034999952],[119.816978589,-0.147680861999969],[119.81714979,-0.147779320999976],[119.817375982,-0.147909656999961],[119.81738146,-0.147912810999975],[119.817581839,-0.14881889999998],[119.81766483,-0.149194649999976],[119.81827806,-0.149606107999946],[119.8184008,-0.149688459999942],[119.818853354,-0.149992113999935],[119.81935965,-0.150331820999956],[119.819361609,-0.150333141999971],[119.819362869,-0.150333990999978],[119.8193631,-0.150334028999974],[119.81937346,-0.150335760999951],[119.819666124,-0.150384700999951],[119.819666089,-0.150384830999945],[119.819669719,-0.150385435999966],[119.819672702,-0.150385929999965],[119.82059495,-0.150540550999948],[119.821156869,-0.150634759999949],[119.821226919,-0.150646510999943],[119.82194329,-0.150766609999952],[119.82239982,-0.150843149999967],[119.822677307,-0.150889669999972],[119.82275873,-0.150903319999947],[119.822769737,-0.150903761999929],[119.822772499,-0.15090387199996],[119.823600069,-0.150937089999964],[119.82629602,-0.151045300999954],[119.82883397,-0.151790159999962],[119.83019462,-0.151949070999936],[119.83156623,-0.15210925099996],[119.83282986,-0.152352780999942],[119.833159319,-0.15241626999995],[119.834838009,-0.15280823199993],[119.8351676,-0.152885189999951],[119.836345279,-0.153038179999955],[119.837679464,-0.153211495999926],[119.83864738,-0.153337230999965],[119.839295889,-0.153477559999945],[119.840358419,-0.153707459999971],[119.84066471,-0.153745869999965],[119.8408764,-0.153772421999979],[119.84097509,-0.153784799999929],[119.841378383,-0.153835381999952],[119.84302935,-0.154042449999965],[119.84327445,-0.154073230999927],[119.84342848,-0.154115759999969],[119.845196839,-0.154682730999981],[119.84767747,-0.155317229999981],[119.84907293,-0.155674160999981],[119.85684867,-0.157663029999989],[119.85768135,-0.158050869999953],[119.86648158,-0.160481169999975],[119.86913578,-0.161214150999972],[119.874050319,-0.16260467099994],[119.879471639,-0.16413857099998],[119.87976167,-0.164194460999961],[119.880311319,-0.164300379999936],[119.881458,-0.164521339999968],[119.881551869,-0.164539429999941],[119.882657829,-0.164752539999945],[119.88286517,-0.164821160999967],[119.88306547,-0.164887440999969],[119.88363077,-0.165074519999957],[119.88448637,-0.16535766999994],[119.889658349,-0.166673740999959],[119.89357151,-0.167669480999965],[119.89662773,-0.168538089999976],[119.89973593,-0.16942148099997],[119.90043491,-0.169721959999944],[119.90153414,-0.170194499999984],[119.90335698,-0.171231450999933],[119.903803029,-0.171815300999928],[119.903842149,-0.17186184099995],[119.9038485,-0.171869399999945],[119.90450876,-0.172654919999961],[119.90539326,-0.173251719999945],[119.90573284,-0.173322390999951],[119.90598949,-0.173375800999965],[119.90647842,-0.173477560999974],[119.90686831,-0.17355869999995],[119.90813133,-0.173277460999949],[119.908167229,-0.173269466999956],[119.9081677,-0.173269359999957],[119.90933847,-0.172617849999942],[119.909645669,-0.172446900999941],[119.91001735,-0.17199632999996],[119.910307999,-0.171644000000007],[119.91045258,-0.17146874999998],[119.91071169,-0.171154649999946],[119.91171906,-0.169681699999963],[119.9126342,-0.16863738099994],[119.912867349,-0.168461280999972],[119.913311739,-0.168125639999977],[119.913689161,-0.167958659999952],[119.9136655,-0.168197069999965],[119.91367568,-0.168708419999982],[119.9152266,-0.169169119999941],[119.91550846,-0.169252849999967],[119.91617326,-0.169606789999939],[119.91696229,-0.170026859999959],[119.91799952,-0.17024011999996],[119.91884365,-0.17041366999996],[119.92021183,-0.170241409999966],[119.921429565,-0.170804033999956],[119.92179393,-0.170972379999968],[119.92256359,-0.171273349999979],[119.92262692,-0.171326419999963],[119.92307673,-0.171703379999947],[119.92384644,-0.172305429999946],[119.9238958,-0.172479139999951],[119.923986722,-0.172799069999942],[119.92398674,-0.172799119999976],[119.92401756,-0.172907579999961],[119.923999546,-0.173289347999969],[119.92397463,-0.173817389999954],[119.92393233,-0.174714089999961],[119.923935071,-0.174771859999965],[119.923948683,-0.175058579999928],[119.923954949,-0.175190512999964],[119.92397741,-0.175663389999949],[119.92401811,-0.176520549999975],[119.92404971,-0.17674279999994],[119.92414651,-0.177423779999975],[119.92495901,-0.178326879999929],[119.9251885,-0.178608949999961],[119.925672973,-0.179204412999988],[119.9257288,-0.179273029999941],[119.92582512,-0.179611969999939],[119.92615661,-0.180778389999948],[119.926395134,-0.181832056999953],[119.926435081,-0.182008519999958],[119.926445152,-0.182053008999957],[119.92654794,-0.182507049999966],[119.92664852,-0.182951339999927],[119.926739691,-0.183331012999925],[119.92694803,-0.184198619999963],[119.92716062,-0.184946682999966],[119.92746139,-0.186005029999942],[119.92763025,-0.186330479999934],[119.927662823,-0.186393256999964],[119.927968279,-0.186981960999965],[119.92797462,-0.186994197999986],[119.92861611,-0.187811319999985],[119.92891555,-0.188628499999937],[119.92908667,-0.189230619999939],[119.92901579,-0.190278919999968],[119.929012851,-0.190322349999975],[119.92897664,-0.190857939999944],[119.928967671,-0.190990612999943],[119.92895871,-0.191123159999973],[119.92889481,-0.192348669999952],[119.92883087,-0.193574829999933],[119.92883232,-0.194850639999974],[119.92906219,-0.195415579999978],[119.92921731,-0.195796819999946],[119.929329768,-0.195961739999973],[119.92940839,-0.196077039999977],[119.93024371,-0.197302049999971],[119.93084252,-0.198549279999957],[119.93103004,-0.199416338999924],[119.931054752,-0.19953060899997],[119.93105646,-0.199538489999952],[119.93121972,-0.200440833999949],[119.93157006,-0.202377179999932],[119.931615322,-0.202633059999923],[119.93191244,-0.204312619999945],[119.93251142,-0.206420069999985],[119.93298193,-0.207409249999955],[119.93413653,-0.208441309999957],[119.93524823,-0.208785169999941],[119.93552443,-0.208815995999946],[119.93564364,-0.208829299999936],[119.93678748,-0.208956939999955],[119.93759992,-0.209386899999975],[119.93762795,-0.209574449999938],[119.93764963,-0.209719519999965],[119.93764973,-0.210190199999947],[119.93764973,-0.210192639999953],[119.93745952,-0.21033184999993],[119.93717946,-0.21053681999996],[119.93660058,-0.210700709999975],[119.93581135,-0.210924169999939],[119.93298969,-0.212172039999932],[119.93076664,-0.213548849999945],[119.92960109,-0.214541359999942],[119.92909941,-0.214968559999938],[119.92822943,-0.215995029999942],[119.92785977,-0.216431189999988],[119.927653578,-0.217197649999947],[119.927418764,-0.218070501999943],[119.92730434,-0.218495839999957],[119.92679164,-0.220517499999973],[119.926779902,-0.220555300999928],[119.926738472,-0.220688759999978],[119.926484135,-0.221508079999983],[119.92593706,-0.223270419999948],[119.92515478,-0.224620109999941],[119.92503949,-0.22481902999993],[119.924918244,-0.225015325999955],[119.92469885,-0.225370519999955],[119.923669433,-0.227037185999961],[119.92336134,-0.22753599899995],[119.92271669,-0.228579709999959],[119.9217763,-0.22978421999995],[119.92038491,-0.231304529999939],[119.92028014,-0.231419009999973],[119.92013479,-0.231593599999942],[119.920122831,-0.231607960999958],[119.91999362,-0.231763169999975],[119.91895503,-0.233010709999976],[119.91818568,-0.234344239999927],[119.9170607,-0.235007969999972],[119.91694587,-0.235075719999942],[119.91607433,-0.235132459999939],[119.91562044,-0.235162019999967],[119.91525917,-0.235175549999954],[119.91446601,-0.235205269999941],[119.914042963,-0.235342648999961],[119.91314063,-0.235635669999969],[119.91291007,-0.236050039999956],[119.91266906,-0.236483181999977],[119.91276036,-0.236515409999921],[119.91264857,-0.236683098999945],[119.91249315,-0.236916229999964],[119.913015649,-0.238715962999946],[119.91333179,-0.23980489999997],[119.913886962,-0.241933052999974],[119.91389089,-0.241948109999962],[119.914009122,-0.242775739999959],[119.914036879,-0.242970000000001],[119.91407726,-0.243252669999945],[119.914698093,-0.244494343999973],[119.91470837,-0.244514899999954],[119.914718715,-0.244535585999932],[119.91472954,-0.244557229999949],[119.914575619,-0.246327278999956],[119.914543498,-0.246696662999971],[119.91454317,-0.246700429999981],[119.91622046,-0.249030009999961],[119.916459366,-0.24903956399993],[119.916582833,-0.249060141999974],[119.91675465,-0.249088777999931],[119.917549922,-0.249960510999935],[119.91759207,-0.249999749999979],[119.9191569,-0.251593189999941],[119.919973576,-0.25263013499995],[119.920713512,-0.253569641999953],[119.9210918,-0.254049959999979],[119.921321667,-0.254545033999932],[119.92180479,-0.255585559999928],[119.92221224,-0.256506899999979],[119.922442702,-0.25743306899995],[119.922460137,-0.257437321999932],[119.922457971,-0.257448153999975],[119.922612879,-0.257796697999936],[119.922410699,-0.258547651999948],[119.922341789,-0.25880360499997],[119.921276827,-0.260513148999958],[119.920654895,-0.261190888999982],[119.919776583,-0.261914195999965],[119.919041491,-0.262417153999938],[119.918662709,-0.262676320999955],[119.918070821,-0.263057759999931],[119.916919987,-0.26379940799996],[119.915275587,-0.264464998999931],[119.913666905,-0.265116131999956],[119.913454571,-0.265200689999982],[119.910502787,-0.26652498899995],[119.909229199,-0.267002579999937],[119.908940516,-0.267233525999931],[119.908173198,-0.267847379999989],[119.907082567,-0.268453285999959],[119.906736579,-0.268645501999971],[119.905994563,-0.269002764999925],[119.905671202,-0.269226628999949],[119.905547182,-0.269312486999981],[119.905203043,-0.269587795999944],[119.905151406,-0.26967385599995],[119.905014476,-0.269902068999951],[119.905075026,-0.270325917999972],[119.905158247,-0.270783633999944],[119.905223399,-0.271141974999985],[119.905231945,-0.271180429999961],[119.905237457,-0.271205231999945],[119.905753666,-0.272065569999937],[119.906097805,-0.273476524999978],[119.906338702,-0.274990719999944],[119.906510772,-0.275954299999974],[119.906620243,-0.276114100999966],[119.907855042,-0.277916601999947],[119.909504783,-0.28032481499997],[119.909584571,-0.280584121999941],[119.909780095,-0.281219567999929],[119.909697051,-0.281856224999955],[119.909573611,-0.282802587999929],[119.909657473,-0.283473469999933],[119.909699401,-0.283808891999976],[119.9099537,-0.284016953999988],[119.911397634,-0.284690782999978],[119.911776102,-0.284867398999954],[119.914322733,-0.285211532999941],[119.914682579,-0.285277819999982],[119.915539372,-0.285435647999976],[119.916938191,-0.28569332199993],[119.919897788,-0.286175111999963],[119.92285005,-0.286655705999976],[119.922857386,-0.286656899999973],[119.92286086,-0.286658107999933],[119.923975681,-0.287045866999961],[119.924239651,-0.287137681999979],[119.924440426,-0.287207515999973],[119.923583065,-0.288196765999943],[119.923467501,-0.288314073999982],[119.923233223,-0.288551887999974],[119.923136184,-0.288646816999971],[119.923130295,-0.288646368999943],[119.92304351,-0.288724959999981],[119.92250278,-0.289269029999952],[119.92212746,-0.289646659999967],[119.92148714,-0.29055941999996],[119.92090622,-0.291387479999971],[119.920888644,-0.291409589999953],[119.921296144,-0.291433559999976],[119.922582074,-0.291509200999947],[119.920689308,-0.295535577999951],[119.919312751,-0.297153009999933],[119.921602284,-0.299169331999969],[119.922341177,-0.299820052999957],[119.922925476,-0.300223401999974],[119.925008256,-0.301661172999959],[119.925404016,-0.301953686999989],[119.926092294,-0.30224620199994],[119.926918229,-0.302383855999948],[119.928518476,-0.303054916999941],[119.928879822,-0.303915253999946],[119.928363613,-0.305635925999989],[119.926866608,-0.307012461999932],[119.920980945,-0.31420222799994],[119.92089283,-0.314298789999954],[119.92080218,-0.31439811999997],[119.9206803,-0.315139539999966],[119.92048578,-0.316322769999944],[119.921125548,-0.317008634999982],[119.92176653,-0.317695799999977],[119.923396618,-0.319040853999978],[119.924070476,-0.319556149999932],[119.925275424,-0.320301571999953],[119.927116109,-0.321440282999958],[119.929826205,-0.322601733999938],[119.930316604,-0.323014694999928],[119.930176567,-0.323278224999977],[119.92949983,-0.324099699999981],[119.92694108,-0.328898259999969],[119.92694127,-0.329368149999934],[119.926941455,-0.329844859999976],[119.92694162,-0.330271639999977],[119.927038677,-0.330425108999984],[119.92706479,-0.330466399999984],[119.92767684,-0.331434199999937],[119.92812422,-0.332141619999968],[119.92960209,-0.333812729999974],[119.92972053,-0.334203439999956],[119.92989786,-0.334788469999977],[119.92915707,-0.336080959999955],[119.92911057,-0.336162089999965],[119.92556681,-0.34037366999997],[119.92369645,-0.34262406999995],[119.9227951,-0.344514179999974],[119.92192528,-0.346338189999931],[119.921072918,-0.347578392999946],[119.92069544,-0.348127629999962],[119.92064577,-0.34819989999994],[119.919752848,-0.348637178999987],[119.91957895,-0.348722339999937],[119.91954373,-0.348739589999991],[119.91724876,-0.349863489999968],[119.91715462,-0.349904789999934],[119.91547625,-0.350641099999971],[119.91429498,-0.35181608999995],[119.91412236,-0.353246849999949],[119.91382304,-0.355727839999931],[119.911261559,-0.355917111999932],[119.906101769,-0.356298379999953],[119.90532658,-0.356285449999976],[119.905250309,-0.356298639999981],[119.903894948,-0.356007604999955],[119.903001707,-0.355815801999942],[119.900646869,-0.355310150999974],[119.89947653,-0.355129261999941],[119.89904885,-0.355063160999986],[119.89695922,-0.355063819999945],[119.894294339,-0.355666966999934],[119.89110694,-0.356388373999947],[119.89093659,-0.35642692999995],[119.88983027,-0.35630352999994],[119.889720471,-0.35624505499994],[119.889639346,-0.35624505499994],[119.885690348,-0.354502883999942],[119.885417945,-0.354688911999978],[119.881363148,-0.357457988999956],[119.880928322,-0.357754937999966],[119.876630883,-0.360658554999932],[119.873611061,-0.362516869999974],[119.87093968,-0.364839762999973],[119.868895099,-0.366105430999944],[119.868500594,-0.366349642999979],[119.868155777,-0.366333969999977],[119.86797725,-0.366334027999928],[119.8677225,-0.366334109999967],[119.86606813,-0.366334367999974],[119.86598674,-0.366334379999951],[119.865913029,-0.366247479999972],[119.86590231,-0.366246960999952],[119.86582477,-0.366143010999968],[119.86389622,-0.363860369999943],[119.863773739,-0.363121989999977],[119.86373078,-0.362863000999948],[119.86305084,-0.359687840999932],[119.863066683,-0.359602651999983],[119.863767119,-0.355836439999961],[119.864092596,-0.355350546999951],[119.864780581,-0.354323461999969],[119.867222977,-0.351250829999968],[119.866758389,-0.347766484999978],[119.863970861,-0.340797791999939],[119.857582776,-0.33185462699993],[119.854446808,-0.329299436999977],[119.853703281,-0.324201046999975],[119.85363401,-0.323528619999944],[119.852972554,-0.321399555999957],[119.852351499,-0.319400530999931],[119.85235149,-0.319400499999979],[119.851799028,-0.317622241999981],[119.85173869,-0.317428029999977],[119.85155523,-0.316837500999953],[119.85067128,-0.313990299999954],[119.84978117,-0.311123219999959],[119.84610814,-0.305798039999963],[119.844754888,-0.303836070999977],[119.84472498,-0.303792709999932]]]]},"properties":{"gid":1019,"luas":null,"idkec":"7205120","kdkab":"05","kdkec":"120","nmkab":"DONGGALA","nmkec":"SIRENJA","kdprov":"72","nmprov":"SULAWESI TENGAH","sumber":null,"periode":"2025_1"}},{"id":1020,"type":"Feature","geometry":{"type":"MultiPolygon","coordinates":[[[[119.481303709,-1.39850044999998],[119.479645812,-1.39948181799998],[119.4784622,-1.39952757099997],[119.47768637,-1.39985292699993],[119.476476702,-1.39960400899997],[119.474839631,-1.39865929899997],[119.472238691,-1.39551440499998],[119.472032103,-1.39526461199995],[119.468942254,-1.39390046299997],[119.465689377,-1.39383483999997],[119.46118716,-1.39581553099993],[119.449743537,-1.38845804699997],[119.44711803,-1.38677001999997],[119.44459536,-1.38249734999994],[119.448476917,-1.37336539799997],[119.44907312,-1.37196273999996],[119.44906534,-1.37194442999993],[119.43010013,-1.35191579999998],[119.42992552,-1.34837567099994],[119.43015015,-1.34837649099996],[119.430138294,-1.34765028499993],[119.43023015,-1.34765343999993],[119.43054025,-1.34746858999995],[119.4432935,-1.34403064999999],[119.447339426,-1.34367400299993],[119.44742747,-1.34277508999998],[119.447939139,-1.34088544999998],[119.448786509,-1.33957395099999],[119.44996009,-1.33888581999998],[119.4510415,-1.33863163999997],[119.45153907,-1.33831476099994],[119.45185952,-1.33768172099997],[119.45206088,-1.33758232999998],[119.45318075,-1.33702959099998],[119.453966049,-1.33648645999995],[119.4546846,-1.33549144099993],[119.4553692,-1.33528287099995],[119.45584938,-1.33500218999996],[119.45619128,-1.33445045999997],[119.4562732,-1.33395580999996],[119.456361959,-1.33341984999994],[119.45581076,-1.33110645999995],[119.45590094,-1.33041976099997],[119.45608262,-1.32903627099995],[119.45659566,-1.32789687999998],[119.45694357,-1.32727967099993],[119.457681519,-1.32597051099998],[119.45901752,-1.32436023999998],[119.45938352,-1.32404765999996],[119.46041619,-1.32316570999996],[119.460686789,-1.32287900000001],[119.461534809,-1.32198048999993],[119.46170854,-1.32180082999997],[119.462435929,-1.32104860999994],[119.463270059,-1.31996310999994],[119.46430035,-1.31863336999993],[119.464984389,-1.31841574999993],[119.466177669,-1.31833831099993],[119.466540209,-1.31831478099997],[119.46741106,-1.31859409999993],[119.468001959,-1.31846697999993],[119.46849963,-1.31824953999996],[119.46890321,-1.31768873999994],[119.469158389,-1.31761437099994],[119.46977464,-1.31743478099998],[119.47039649,-1.317398],[119.47129861,-1.31693611999998],[119.473304449,-1.31704558999997],[119.47384279,-1.31790974999996],[119.47420953,-1.31812759999997],[119.47446561,-1.31827973099996],[119.47446671,-1.31827977999996],[119.47524837,-1.31831831099993],[119.47600385,-1.31877083999995],[119.47617702,-1.31887456999994],[119.47617838,-1.31887476099997],[119.47650418,-1.31892009999996],[119.47707969,-1.31900020099994],[119.478098675,-1.31877689699997],[119.47810416,-1.31877569499995],[119.481065,-1.32151333399998],[119.487663333,-1.32196333299993],[119.494088333,-1.31456333299996],[119.494088471,-1.31456326099993],[119.494131994,-1.31454039399995],[119.494182101,-1.31451406599997],[119.494374127,-1.31369109699995],[119.495698817,-1.31369109699995],[119.497204147,-1.31320939099993],[119.49858905,-1.31405237599995],[119.499219383,-1.31315189999998],[119.499221288,-1.31314917799996],[119.501991094,-1.31194491499998],[119.502773866,-1.31179438199997],[119.503827596,-1.31170406199993],[119.504755049,-1.31194186999995],[119.505001753,-1.31200512799996],[119.506657616,-1.31170406199993],[119.506997543,-1.31147191699996],[119.507891986,-1.31086107699998],[119.508945716,-1.31143310299996],[119.509909127,-1.31101160999999],[119.510872538,-1.31191480799993],[119.510722022,-1.31302862399997],[119.510799211,-1.31305563899998],[119.511134989,-1.31317315399997],[119.511303216,-1.31323202999994],[119.5115456,-1.31331783999997],[119.511834846,-1.31359605799998],[119.512044031,-1.31379695199996],[119.512214862,-1.31396101299993],[119.512338788,-1.31408002799998],[119.51248682,-1.31422219299997],[119.512719118,-1.31444528399994],[119.51283231,-1.31455398999998],[119.513183183,-1.31461909399996],[119.513368039,-1.31465339399995],[119.513649419,-1.31470560299994],[119.513910614,-1.31475406799996],[119.51410746,-1.31479059199996],[119.514383377,-1.31484178799997],[119.51471791,-1.31490385999996],[119.514978851,-1.31491700699997],[119.515342646,-1.31493533499997],[119.515771027,-1.31495691799995],[119.51630023,-1.31498357999994],[119.516580082,-1.31508413799998],[119.516902082,-1.31519984099999],[119.517142108,-1.31528608899993],[119.517356211,-1.31536302199993],[119.51752928,-1.31542520999995],[119.517699613,-1.31548831199997],[119.517843442,-1.31554159599994],[119.51808399,-1.31563070999994],[119.518237741,-1.31568766999994],[119.518293992,-1.31570850899994],[119.518369882,-1.31573662399995],[119.51840518,-1.31574969999997],[119.518446418,-1.31573500999997],[119.518666278,-1.31565669199994],[119.518830539,-1.31559817899994],[119.519003019,-1.31553673799994],[119.519189253,-1.31547039799994],[119.519352346,-1.31541230099998],[119.51949931,-1.31535994999996],[119.519665968,-1.31513272099994],[119.51978458,-1.314971],[119.519869692,-1.31481767099996],[119.519935025,-1.31469997299996],[119.520003946,-1.31457581399997],[119.5201066,-1.31439088099996],[119.520192744,-1.31423569399994],[119.52027107,-1.31409458999997],[119.520355693,-1.31394213999994],[119.520451886,-1.31376884899992],[119.520564589,-1.31356581299998],[119.520680168,-1.31335759699994],[119.520772773,-1.31319076799997],[119.520845992,-1.31305886299998],[119.520957271,-1.31285839199996],[119.521036952,-1.31271484599996],[119.52115504,-1.31250210999997],[119.521262276,-1.31236088099996],[119.521348798,-1.31224693299992],[119.52142975,-1.31214031899998],[119.521532979,-1.31200436799998],[119.521645307,-1.31185643199996],[119.521748536,-1.31172048099996],[119.521895771,-1.31152657299998],[119.522004569,-1.31138328699995],[119.522167338,-1.31116892199998],[119.522346969,-1.31093234999997],[119.522454156,-1.31079118499997],[119.52253555,-1.31068398999997],[119.522623195,-1.31052509199999],[119.522774644,-1.31025051699994],[119.522867001,-1.31008307599996],[119.523001819,-1.30983865399997],[119.523085489,-1.30968696199995],[119.52334626,-1.30921418999998],[119.52372274,-1.30853162999995],[119.523877563,-1.30804262899994],[119.524006197,-1.30763634599992],[119.524184406,-1.30707348299995],[119.52436396,-1.30650636999997],[119.52456239,-1.30598508099996],[119.524846254,-1.30523935099996],[119.52510739,-1.30455332999998],[119.525415702,-1.30376737999996],[119.525660869,-1.30314240199994],[119.525926846,-1.30246437899996],[119.526078009,-1.30207683799995],[119.526210064,-1.30173828599993],[119.52659431,-1.30074664999996],[119.526594445,-1.30074318399995],[119.526608454,-1.30038342999996],[119.52662986,-1.29983374999995],[119.526343674,-1.29954627699994],[119.526246039,-1.29944820099997],[119.526243319,-1.29944547099997],[119.525921731,-1.29939790699996],[119.52569715,-1.29936468999995],[119.525309578,-1.29896898799996],[119.52521956,-1.29887707999996],[119.525401591,-1.29799390299997],[119.52571333,-1.29648141099994],[119.525329135,-1.29559633599997],[119.52529948,-1.29552801999995],[119.524980473,-1.29531464799993],[119.52496973,-1.29530746199993],[119.524958431,-1.29529990499998],[119.524950971,-1.29529491499995],[119.52494033,-1.29528779799995],[119.524931006,-1.29528156099997],[119.524925301,-1.29527774599995],[119.524914975,-1.29527083899996],[119.524902588,-1.29526255399998],[119.524896545,-1.29525851199998],[119.524881308,-1.29524831999993],[119.524872422,-1.29524237699996],[119.524864631,-1.29523716499994],[119.524855085,-1.29523078099993],[119.524849582,-1.29522709999998],[119.524838846,-1.29521991899998],[119.524809203,-1.29520009199996],[119.524768842,-1.29517309599993],[119.524743384,-1.29515606699994],[119.524716192,-1.29513787999997],[119.524696438,-1.29512466699993],[119.524668349,-1.29510587899996],[119.524634555,-1.29508327599996],[119.524597686,-1.29505861599996],[119.524581878,-1.29504804199996],[119.524518689,-1.29500577699997],[119.524411628,-1.29493416799995],[119.52431157,-1.29486724299995],[119.524174635,-1.29477565199994],[119.524062296,-1.29470051299995],[119.523949957,-1.29462537299998],[119.523827985,-1.29454379099997],[119.523751618,-1.29449271099997],[119.523675268,-1.29444164399996],[119.52363352,-1.29441371999997],[119.523583244,-1.29441268099993],[119.523541304,-1.29441181499993],[119.523487949,-1.29441071299994],[119.523400736,-1.29440891099995],[119.523309325,-1.29440702299996],[119.523206105,-1.29440488999995],[119.523130073,-1.29440331999996],[119.523015515,-1.29440095299999],[119.52294939,-1.29439958699993],[119.522915062,-1.29439887799993],[119.522838558,-1.29439729699994],[119.522720273,-1.29439485399997],[119.522610385,-1.29439258399998],[119.522519288,-1.29439070199994],[119.522446826,-1.29438920499997],[119.52238077,-1.29438783999995],[119.522331272,-1.29441256099995],[119.522281,-1.29443766799995],[119.522226162,-1.29446505499994],[119.522101255,-1.29452743699994],[119.522022048,-1.29456699499997],[119.521976352,-1.29458981699997],[119.52187734,-1.29463926599994],[119.52182251,-1.29466664999996],[119.521773766,-1.29469099299997],[119.521679331,-1.29473815699993],[119.521554424,-1.29480053899994],[119.52149215,-1.29483163999993],[119.521418412,-1.29492591799993],[119.521368859,-1.29498927399993],[119.521306539,-1.29506895299995],[119.521268474,-1.29511762099997],[119.521227756,-1.29516968099996],[119.521155558,-1.29526198999997],[119.52109878,-1.29533458299994],[119.52104096,-1.29540850899998],[119.520989322,-1.29547452999998],[119.520945715,-1.29553028499993],[119.52090251,-1.29558552499999],[119.52084128,-1.29566380999995],[119.520817211,-1.29569768899995],[119.520766979,-1.29576839699996],[119.5206864,-1.29588181999998],[119.520597313,-1.29600721799995],[119.520534025,-1.29609629999994],[119.520468019,-1.29618920999997],[119.52039865,-1.29628685199999],[119.520340991,-1.29636801299996],[119.520301023,-1.29642427199997],[119.520235653,-1.29651628499994],[119.520194123,-1.29657474199997],[119.520149519,-1.29663752699998],[119.520100042,-1.29670716899995],[119.520029329,-1.29680670499995],[119.519960885,-1.29690304599996],[119.519884055,-1.29696376699997],[119.519568157,-1.29707375999993],[119.519381529,-1.29713874299996],[119.519209175,-1.29719875499995],[119.519092885,-1.29723924699994],[119.51901763,-1.29726544999994],[119.518961617,-1.29725522899997],[119.518756505,-1.29721779999995],[119.518426296,-1.29715754399996],[119.518287544,-1.29713222499993],[119.518224297,-1.29712068399994],[119.518156955,-1.29710839499996],[119.518015601,-1.29708260099994],[119.5179717,-1.29707458999997],[119.517856947,-1.29708322499993],[119.517717161,-1.29709374399994],[119.517526888,-1.29710806099996],[119.516808167,-1.29716214299999],[119.51647146,-1.29718747999993],[119.516292443,-1.29747222499999],[119.51621611,-1.29759363999995],[119.51632893,-1.29815392999996],[119.516374782,-1.29818974499995],[119.516464831,-1.29826033099994],[119.516468782,-1.29826316799995],[119.516810534,-1.29850855399997],[119.517187803,-1.29877944199996],[119.517384358,-1.29886874699997],[119.518013858,-1.29915476099995],[119.518621211,-1.29962826299993],[119.518621527,-1.29962929199996],[119.51862317,-1.29963056999997],[119.518698824,-1.29988080799996],[119.518916529,-1.30058919199996],[119.518914516,-1.30059423799997],[119.518742236,-1.30102619399998],[119.518741009,-1.30102926999995],[119.518300818,-1.30163367999995],[119.518066889,-1.30184602799995],[119.517846697,-1.30204590499994],[119.517462016,-1.30222867699996],[119.517002984,-1.30244677399998],[119.51594648,-1.30257406999993],[119.51554044,-1.30236471999996],[119.515330285,-1.30210202299998],[119.515052319,-1.30175066299996],[119.514716547,-1.30149094899998],[119.514095669,-1.30100804999995],[119.513791796,-1.30093792699995],[119.513628663,-1.30089836099996],[119.513349513,-1.30095471399995],[119.513056149,-1.30100804999995],[119.512316149,-1.30144852999996],[119.512197323,-1.30160487699993],[119.511975561,-1.30189507599994],[119.511544817,-1.30234414999995],[119.511152296,-1.30275225399993],[119.51108717,-1.30274663099994],[119.510618717,-1.30270288799994],[119.51043773,-1.30246450599999],[119.510355438,-1.30235611799998],[119.510276036,-1.30185894199997],[119.510281814,-1.30184565599995],[119.510484988,-1.30137847699996],[119.510650284,-1.30129584999997],[119.510835989,-1.30120541999998],[119.511474049,-1.301024],[119.51188457,-1.30069819999994],[119.511885398,-1.30069213199994],[119.511889142,-1.30068911499995],[119.511956006,-1.30018776099997],[119.511592431,-1.29982010099996],[119.510861703,-1.29927014399993],[119.510848564,-1.29926025499998],[119.510830802,-1.29925523599997],[119.510589455,-1.29918704699998],[119.509695151,-1.29893437399995],[119.509506044,-1.29896725399994],[119.50912028,-1.29902883999995],[119.508820729,-1.29919420499993],[119.508713079,-1.29925189899995],[119.508665525,-1.29929867299996],[119.508455681,-1.29950507899998],[119.508453979,-1.29950675399994],[119.508173984,-1.29997259599998],[119.5081162,-1.30013503199997],[119.507785335,-1.30106513099998],[119.507503389,-1.30155988699994],[119.50748787,-1.30158837999995],[119.507446583,-1.30162750299997],[119.507135496,-1.30192369999998],[119.506956375,-1.30193838999997],[119.50660058,-1.30196756799996],[119.506529987,-1.30194010399993],[119.505996489,-1.30171804199995],[119.50592763,-1.30168937999997],[119.505495679,-1.30135538999997],[119.505336899,-1.30087648999996],[119.50547532,-1.30009903999996],[119.505442288,-1.29989291799995],[119.505418959,-1.29974594199996],[119.505280496,-1.29964958099992],[119.505122829,-1.29953900999994],[119.504975269,-1.29952106999998],[119.504030159,-1.29960335999995],[119.503342438,-1.29977036799994],[119.503193328,-1.29980657899995],[119.50245783,-1.30001167999996],[119.502059829,-1.29993072999997],[119.501627687,-1.29937980299997],[119.50162649,-1.29937828199997],[119.501539435,-1.29934612499994],[119.50132054,-1.29926259999997],[119.501250007,-1.29928764199997],[119.50121381,-1.29929994499997],[119.500832474,-1.29969162899994],[119.50059009,-1.30016791499998],[119.500589097,-1.30016932999996],[119.50044209,-1.30037522999994],[119.499992104,-1.30056458899998],[119.499686114,-1.30019533299999],[119.49931627,-1.29962660899998],[119.498878417,-1.29917819199995],[119.498802249,-1.29910018699996],[119.498581768,-1.29897160599995],[119.498576581,-1.29896858099994],[119.498566937,-1.29897231899997],[119.498500551,-1.29899805499998],[119.498289449,-1.29906679999994],[119.49800336,-1.29927495999994],[119.497888579,-1.29952813999995],[119.49775538,-1.29987175999998],[119.497755386,-1.29987817999995],[119.49775362,-1.29997706099995],[119.497749134,-1.30022823499996],[119.497811819,-1.30074212299997],[119.497886439,-1.30091427799994],[119.49788645,-1.30091430399995],[119.49804352,-1.30129052999996],[119.49848412,-1.30186855999995],[119.498690018,-1.30226269599997],[119.49880975,-1.30249188999995],[119.49865701,-1.30297107999996],[119.49865378,-1.30297315999996],[119.498651804,-1.30297941599997],[119.498517462,-1.30306095899994],[119.4981791,-1.30327888999995],[119.498048035,-1.30334589399996],[119.497949727,-1.30340556599999],[119.49793736,-1.30340247499993],[119.497752212,-1.30335619999994],[119.497605459,-1.30331561999998],[119.497092272,-1.30302881999996],[119.497088819,-1.30302688999996],[119.49667441,-1.30255560399997],[119.496436939,-1.30251243799995],[119.496352259,-1.30249704599993],[119.496351248,-1.30249686199995],[119.496332044,-1.30250297099997],[119.49596899,-1.30260938399994],[119.495711689,-1.30268479999996],[119.49498504,-1.30292956999995],[119.494975052,-1.30293462999993],[119.494968223,-1.30293808899996],[119.49469897,-1.30307447999996],[119.49459261,-1.30339091999998],[119.49465804,-1.30372529999994],[119.49475659,-1.30403250999996],[119.494757604,-1.30403356399995],[119.494759038,-1.30403852599994],[119.494846346,-1.30412581099996],[119.4949318,-1.30421463999995],[119.49548382,-1.30438428999998],[119.495686763,-1.30439882899999],[119.495981404,-1.30442707499998],[119.496025869,-1.30446186499995],[119.49611486,-1.30454634999995],[119.496060874,-1.30486332899995],[119.496056813,-1.30488362899996],[119.496050358,-1.30491589399999],[119.495931256,-1.30524177399997],[119.495705588,-1.30559272199997],[119.495429772,-1.30578072899994],[119.495426654,-1.30578145899995],[119.495272088,-1.30581762399993],[119.495256966,-1.30582019399998],[119.495203461,-1.30582928699994],[119.49514122,-1.30583985999994],[119.495023352,-1.30576583899995],[119.494959631,-1.30571805999996],[119.494680078,-1.30536298699998],[119.49464336,-1.30531610999998],[119.49424164,-1.30493689999998],[119.494113799,-1.30491243999995],[119.493724728,-1.30483677399997],[119.493492106,-1.30483820999996],[119.49320199,-1.30484000099994],[119.4929631,-1.30484147499993],[119.492525249,-1.30490244599998],[119.492524302,-1.30490257699995],[119.492251081,-1.30516482799993],[119.492250972,-1.30516493299996],[119.49205252,-1.30535484999996],[119.49149829,-1.30568081999996],[119.49091518,-1.30573560999995],[119.49091296,-1.30573742599995],[119.49070491,-1.30590754999998],[119.49035743,-1.30640501999995],[119.48994995,-1.30647774999994],[119.48927931,-1.30645028199996],[119.48895866,-1.30644492499994],[119.48854153,-1.30629324099994],[119.488190762,-1.30634741399996],[119.488006575,-1.30652618399995],[119.487919899,-1.30677537799995],[119.487897145,-1.30689142399995],[119.4878788,-1.30704021999999],[119.48796084,-1.30764572999993],[119.48787977,-1.30803446999994],[119.48770038,-1.30824252999998],[119.48735753,-1.30828806999995],[119.487350521,-1.30828634999994],[119.48691739,-1.30818005999993],[119.48657472,-1.30793634999998],[119.48655145,-1.30791382999997],[119.486328079,-1.30769754799996],[119.48623242,-1.30759880299996],[119.485502443,-1.30645575899996],[119.485064998,-1.30611988899995],[119.485062523,-1.30611926999996],[119.48505629,-1.30611427999998],[119.4850535,-1.30611204999997],[119.48502592,-1.30610450999996],[119.484987923,-1.30609412599995],[119.48482283,-1.30604900999993],[119.48449897,-1.30611259999996],[119.484280894,-1.30625078599996],[119.484247942,-1.30627166599993],[119.484194172,-1.30630407599996],[119.48421264,-1.30647644099997],[119.48424603,-1.30689921999994],[119.484252648,-1.30695631399994],[119.484292281,-1.30729822699994],[119.48431622,-1.30750474999997],[119.484385312,-1.30813204199996],[119.4843859,-1.30813737999995],[119.4842246,-1.30848102999994],[119.48399961,-1.30854451999994],[119.483997798,-1.30854463899994],[119.483972064,-1.30855224199997],[119.483437109,-1.30858474499997],[119.482911634,-1.30818928499997],[119.482187075,-1.30694873099997],[119.482134387,-1.30691250799993],[119.48193189,-1.30676083999992],[119.48184706,-1.30680338999998],[119.48152444,-1.30696520999994],[119.48146295,-1.30720204199998],[119.481401571,-1.30740919799997],[119.481580341,-1.30784257999995],[119.482008305,-1.30831929899995],[119.482060265,-1.30841888799995],[119.48228235,-1.30882642999997],[119.48215139,-1.30926040999999],[119.48174967,-1.30942349999999],[119.48131327,-1.30934934999994],[119.48116808,-1.30932467999998],[119.48105533,-1.30928794799996],[119.481055151,-1.30928788999995],[119.48067013,-1.30916245999993],[119.4800278,-1.30876793999994],[119.48002368,-1.30876540999999],[119.47995988,-1.30874627999998],[119.47978068,-1.30869254999994],[119.479731698,-1.30867683899994],[119.479217057,-1.30875268099994],[119.478562922,-1.30891519899996],[119.478244658,-1.30883393999995],[119.47816155,-1.30872677399997],[119.47804434,-1.30856853999996],[119.47806259,-1.30825802999994],[119.47808632,-1.30785441999995],[119.478113594,-1.30742692699994],[119.47814173,-1.30699748599995],[119.477919622,-1.30681329899994],[119.477852863,-1.30678801099998],[119.4775615,-1.30667087999996],[119.477220166,-1.30677128699995],[119.477066402,-1.30681329899994],[119.476881061,-1.30700893599994],[119.47683466,-1.30729526999995],[119.47699768,-1.30812667999994],[119.47700623,-1.30821630999998],[119.47705892,-1.30876835999993],[119.4769986,-1.30907573999997],[119.47684837,-1.30925666999997],[119.47642239,-1.30925708999997],[119.476413623,-1.30925110299995],[119.47631501,-1.30918375999994],[119.47597474,-1.30895140999997],[119.47577474,-1.30881483999997],[119.47516307,-1.30832888799995],[119.47508161,-1.30826416999998],[119.47485062,-1.30796610999994],[119.47475821,-1.30761368999993],[119.474758801,-1.30760744199996],[119.47478043,-1.30737866999994],[119.47495126,-1.30701693999992],[119.47544764,-1.30658259999996],[119.47590971,-1.30614827999995],[119.475951644,-1.30592452899998],[119.475961279,-1.30588423699993],[119.475901689,-1.30557545299996],[119.475034926,-1.30475202799995],[119.474476948,-1.30367940899994],[119.474463029,-1.30342886599993],[119.473840029,-1.30029161699998],[119.473653523,-1.29951894699997],[119.473523509,-1.29891221299994],[119.473306818,-1.29778542199994],[119.473696861,-1.29691865899997],[119.474250828,-1.29611848499996],[119.475880081,-1.29420832599993],[119.476216289,-1.29381415199994],[119.477007103,-1.29307677099996],[119.47803312,-1.29212007999997],[119.480498773,-1.29029454899995],[119.483952987,-1.28793762199996],[119.485727906,-1.28677726399997],[119.48772828,-1.28560967999993],[119.48915265,-1.28495749999997],[119.490678699,-1.28439564699995],[119.490678798,-1.28439560999993],[119.490678894,-1.28439557799994],[119.492307659,-1.28384264999995],[119.493252957,-1.28345861499997],[119.49346739,-1.28337149999993],[119.493654409,-1.28324794999998],[119.497080719,-1.28098448999998],[119.49933454,-1.27861766999996],[119.50046522,-1.27878801999998],[119.50289669,-1.27634789999996],[119.50377712,-1.27647788999998],[119.505789769,-1.27452580999995],[119.50724262,-1.27307643999996],[119.50777714,-1.27200486999993],[119.50846664,-1.27087470999994],[119.50950109,-1.26939668099994],[119.510361639,-1.26826175899993],[119.51062186,-1.26791856999995],[119.51139734,-1.26644080099993],[119.51346742,-1.26470111999992],[119.514153409,-1.26305685799998],[119.515363169,-1.26122394999993],[119.515425904,-1.26109736099994],[119.51596626,-1.26000700999992],[119.516532658,-1.25929299899997],[119.516827012,-1.25892192799995],[119.516844625,-1.25889972599992],[119.51738123,-1.25822028699997],[119.518060716,-1.25730658999992],[119.518638909,-1.25652910099995],[119.52036402,-1.25513731099995],[119.52113975,-1.25392020099997],[119.52239736,-1.25291891399997],[119.522778609,-1.25261537099993],[119.52398603,-1.25148472999996],[119.524502549,-1.25000723099992],[119.52476118,-1.24965944999997],[119.52483563,-1.24859811099998],[119.52483998,-1.24859544099997],[119.52642727,-1.24712814999998],[119.526686709,-1.246692],[119.527131969,-1.24594346099997],[119.52761867,-1.24512523999993],[119.527876608,-1.24473500699998],[119.528211281,-1.24422868299996],[119.52860458,-1.24363366399997],[119.52894265,-1.24312219999996],[119.529255376,-1.24244602899996],[119.529460487,-1.24200253999993],[119.52986887,-1.24111953999994],[119.530170623,-1.24020548299996],[119.530397015,-1.23951970899998],[119.53061805,-1.23885015999998],[119.531147029,-1.23800276199996],[119.531539717,-1.23737369499997],[119.53211844,-1.23644660999997],[119.532826642,-1.23549430699996],[119.53349036,-1.23460181999998],[119.53383989,-1.23413181999996],[119.534145359,-1.23365718199995],[119.534566286,-1.23300314699998],[119.534829817,-1.23259367299994],[119.53519229,-1.23203046299995],[119.535700484,-1.23115742299995],[119.536142819,-1.23030812499997],[119.53684033,-1.22896887999997],[119.537137429,-1.22848191799995],[119.53786003,-1.22729753399994],[119.53860543,-1.22607577999997],[119.539321312,-1.22512821099997],[119.54001793,-1.22420613999998],[119.540440015,-1.22396760499993],[119.540963783,-1.22367160599993],[119.541652212,-1.22328255099996],[119.54219759,-1.22297433999996],[119.542192939,-1.22184943399998],[119.542189397,-1.22099264599996],[119.542185068,-1.21994550399996],[119.542182512,-1.21932705099994],[119.542179954,-1.21870840699996],[119.542174892,-1.21748405699999],[119.542170073,-1.21631849299997],[119.542165351,-1.21517613499998],[119.542157923,-1.21337948699995],[119.542154493,-1.21254972699996],[119.542149291,-1.21129150399998],[119.542144572,-1.21015009099994],[119.542141559,-1.20942120299998],[119.542139847,-1.20900722699997],[119.54213395,-1.20758078899996],[119.542126632,-1.20581049999993],[119.542121169,-1.20448913099995],[119.542119098,-1.20398833599995],[119.542116266,-1.20330318099997],[119.542114023,-1.20276079199994],[119.542112254,-1.20233296799995],[119.542109893,-1.20176178899993],[119.542108097,-1.20132738799993],[119.542105854,-1.20078473599995],[119.541995882,-1.20064617799995],[119.523177453,-1.19629090599995],[119.523637313,-1.19536876199994],[119.523840647,-1.19503962699998],[119.523932631,-1.19458464499997],[119.524160171,-1.19404737999998],[119.524048822,-1.19355851599994],[119.523860012,-1.19313257699997],[119.523863825,-1.19226333899996],[119.523864853,-1.19202900299996],[119.524014933,-1.19178699099995],[119.524445807,-1.19168534599994],[119.524477152,-1.19163724599998],[119.524653982,-1.19136589199997],[119.524784697,-1.19086250799996],[119.525021919,-1.19074150099994],[119.525583508,-1.19071730099995],[119.525883667,-1.19030587999993],[119.526106366,-1.18954838199995],[119.527304583,-1.18763648899995],[119.527503076,-1.18681848799998],[119.528093712,-1.18615053299993],[119.52850038,-1.18589884099993],[119.528931254,-1.18593272399994],[119.529415382,-1.18653775399998],[119.529972129,-1.18661519799998],[119.530533718,-1.18650871199998],[119.531564911,-1.18566650899993],[119.532024832,-1.18547774099995],[119.532397611,-1.18550194099993],[119.534048885,-1.18421282299994],[119.539124072,-1.17933390799993],[119.539339663,-1.17912665499995],[119.542722556,-1.17759968999997],[119.543631287,-1.17715083599995],[119.544306636,-1.17731782199996],[119.545316029,-1.17587302399994],[119.545911499,-1.17642480599994],[119.54643435,-1.17664261599993],[119.547719693,-1.17527767999997],[119.548540279,-1.17561165399997],[119.548917893,-1.17655549199997],[119.549956334,-1.17670069799994],[119.550711564,-1.17589480499993],[119.55161203,-1.17548822999993],[119.551808099,-1.17502357099994],[119.551858932,-1.17341904399996],[119.557300424,-1.17326784799997],[119.570638059,-1.17289724999995],[119.570653532,-1.17203471099998],[119.57066378,-1.17146356999997],[119.570689088,-1.17005290599996],[119.570706792,-1.16906609999995],[119.570724532,-1.16807724499996],[119.570755319,-1.16636116999997],[119.570773754,-1.16533357399993],[119.570798981,-1.16392743499995],[119.57082094,-1.16270340999996],[119.570857285,-1.16233172299996],[119.570995165,-1.16092167299996],[119.571122343,-1.15962106899997],[119.571271286,-1.15809788699995],[119.57136195,-1.15717070299996],[119.571503517,-1.15572294199996],[119.571613061,-1.15460268099997],[119.571732864,-1.15337749799995],[119.571818758,-1.15249908699997],[119.571940807,-1.15125094299999],[119.572062855,-1.15000279899994],[119.57216186,-1.14899030999993],[119.57216841,-1.14898990999995],[119.573498049,-1.14936037099994],[119.574838791,-1.14973392499996],[119.575304753,-1.14986375099994],[119.57549196,-1.14991590999995],[119.575585985,-1.14993159399995],[119.57601155,-1.15000257999997],[119.576778487,-1.15013052299998],[119.578192241,-1.15036637099996],[119.57881517,-1.15047028999993],[119.580151828,-1.15066124699997],[119.58099581,-1.15078181999996],[119.5817342,-1.15089725999997],[119.582296146,-1.15100782999997],[119.582306449,-1.15100985799996],[119.58257552,-1.15106280099997],[119.583491236,-1.15124297999996],[119.584510141,-1.15144346399995],[119.586329396,-1.15183423199994],[119.587496159,-1.15209409099999],[119.587677189,-1.15213439999997],[119.592098479,-1.15398388999996],[119.5921091,-1.15398834099995],[119.595248189,-1.15510023999997],[119.59730413,-1.15678324999994],[119.60004908,-1.15907326999996],[119.600865619,-1.15908894999996],[119.60314607,-1.15913275099996],[119.604327069,-1.15810454999997],[119.60475436,-1.15773253999993],[119.60500838,-1.15751137999996],[119.60577613,-1.15684296099994],[119.6065093,-1.15620465099994],[119.60725817,-1.15410527099994],[119.607548509,-1.15129119999994],[119.607570849,-1.14997351099993],[119.6075898,-1.14855204999998],[119.6075334,-1.14670777999994],[119.607543901,-1.14670857799996],[119.607543809,-1.14670490099996],[119.610538629,-1.14693349999993],[119.61074026,-1.14693240999998],[119.61195054,-1.14692585999995],[119.61211228,-1.14692499099993],[119.61255338,-1.14692260999993],[119.612862049,-1.14680406099996],[119.61453952,-1.14615982099998],[119.61524253,-1.14588982099998],[119.617092529,-1.14451437999998],[119.61711952,-1.14452452999996],[119.61716081,-1.14454006099993],[119.618397869,-1.14500526999996],[119.619885649,-1.14531376199995],[119.62011333,-1.14536097099995],[119.623437989,-1.14534914399997],[119.62347278,-1.14534902099996],[119.62361234,-1.14537570999994],[119.62400103,-1.14545003999996],[119.62400101,-1.14545015999995],[119.624143679,-1.14547732099994],[119.62615934,-1.14586276999995],[119.626159359,-1.14586242999997],[119.626243889,-1.14587857999993],[119.627837629,-1.14618550099994],[119.63220356,-1.14651584999996],[119.63488823,-1.14769730099994],[119.63528464,-1.14871167999997],[119.6358909,-1.15026305999993],[119.63652038,-1.15209066099993],[119.636892909,-1.15317224999996],[119.63823478,-1.15402052999998],[119.63823186,-1.15556596999995],[119.6376926,-1.15731407999994],[119.63738686,-1.15830516999996],[119.637407427,-1.15834514199998],[119.637440753,-1.15840991899995],[119.63755026,-1.15862275999996],[119.637686902,-1.15888834899994],[119.63905997,-1.16155713999996],[119.641408529,-1.16291056999995],[119.641617781,-1.16297073499994],[119.642190651,-1.16313543899998],[119.64375842,-1.16358618099997],[119.645366899,-1.16387985299997],[119.647451779,-1.16426050999997],[119.650675224,-1.16645743799995],[119.65103665,-1.16670376599995],[119.65271465,-1.16784263099993],[119.65285867,-1.16794038099993],[119.653162249,-1.16815246099998],[119.653172331,-1.16815943899997],[119.65375833,-1.16856507999995],[119.65516696,-1.16954014099998],[119.65668059,-1.16999484999997],[119.656843729,-1.17004387099996],[119.65684536,-1.17004463999995],[119.659700601,-1.16815527399997],[119.65970392,-1.16815307999998],[119.65983531,-1.16809101099995],[119.66188916,-1.16712072999996],[119.66658808,-1.16881528099999],[119.66724456,-1.16921431099997],[119.66994303,-1.17085451999998],[119.67246108,-1.17135819999993],[119.67338496,-1.17123925999993],[119.67514877,-1.17101219999996],[119.681784309,-1.16995747999994],[119.68498062,-1.16703535999995],[119.687335699,-1.16497260099994],[119.68851178,-1.16461902099997],[119.689689249,-1.16358763999995],[119.690326559,-1.16143459999995],[119.69070339,-1.16016155099994],[119.69255403,-1.15844270099995],[119.69540892,-1.15843092999996],[119.69789053,-1.15670539999997],[119.699612749,-1.15550788999998],[119.70146271,-1.15413247099997],[119.70398173,-1.15412101999993],[119.70649877,-1.15513980999999],[119.70834792,-1.15410779999997],[119.71053463,-1.15221695099997],[119.71191771,-1.15158768999994],[119.7120474,-1.15152868099995],[119.71382277,-1.15210058999999],[119.71607504,-1.15282610999998],[119.716243,-1.15288021999993],[119.7162463,-1.15288162999997],[119.71741755,-1.15338515999998],[119.719768619,-1.15338289999994],[119.72380022,-1.15268317099998],[119.72581542,-1.15267218999998],[119.72715723,-1.15352036999997],[119.729181759,-1.15415889099995],[119.729842409,-1.15436724999996],[119.730340539,-1.15538482999995],[119.73084615,-1.15641766999994],[119.73218404,-1.15932625999995],[119.73419818,-1.15983036999996],[119.735874529,-1.16136500999994],[119.73769311,-1.16321593099997],[119.73905904,-1.16460614999995],[119.739540099,-1.16566548099997],[119.73956009,-1.16570951099994],[119.74014605,-1.16699985099996],[119.74030826,-1.17008127099996],[119.74037783,-1.17044050999994],[119.74047449,-1.17093961099994],[119.740795899,-1.17131318999998],[119.74083232,-1.17135551999996],[119.74164748,-1.17230302099995],[119.74222203,-1.17213468999995],[119.74282358,-1.17195846099998],[119.7439998,-1.17160486099994],[119.74618122,-1.17245217099997],[119.74718875,-1.17245112999996],[119.74987625,-1.17209607999995],[119.75155689,-1.17140762099997],[119.753905169,-1.17276985099995],[119.75506003,-1.17312745099998],[119.75608697,-1.17344543999997],[119.75843707,-1.17394916999996],[119.759667279,-1.17486725999993],[119.75971472,-1.17490265999993],[119.760952369,-1.17582629999993],[119.761090459,-1.17621459999998],[119.76295697,-1.18146319999994],[119.763323239,-1.18475666999996],[119.76334887,-1.18498713099996],[119.763452369,-1.18591779999998],[119.763446099,-1.18934270999995],[119.763443259,-1.19083197999993],[119.76344186,-1.19156574099998],[119.763606618,-1.19201402099998],[119.763805559,-1.19255531099999],[119.76394319,-1.19292976999998],[119.76430521,-1.19348628099994],[119.76434483,-1.19354718999995],[119.764614099,-1.19396110999997],[119.764947759,-1.19447402999998],[119.76856558,-1.19714648999997],[119.76863715,-1.19719935999996],[119.76955573,-1.19781941999997],[119.769842291,-1.19852323799996],[119.77234299,-1.20466515799996],[119.77267402,-1.20537118799996],[119.77340964,-1.20694011899998],[119.77340977,-1.20694039799997],[119.773410189,-1.20694129999992],[119.77471457,-1.20973226899998],[119.7732831,-1.21026689999997],[119.773071161,-1.21073398999994],[119.77197452,-1.21315092799995],[119.770230669,-1.21647820999994],[119.770230598,-1.21647826799995],[119.770229788,-1.21647891699996],[119.76649936,-1.21945754999996],[119.76650009,-1.21945924899996],[119.76659768,-1.21964297899996],[119.76938778,-1.22676962799995],[119.769233102,-1.22850203999998],[119.769178517,-1.22911339299998],[119.769137679,-1.22957077799993],[119.76762348,-1.23313713999994],[119.76458954,-1.23492270899994],[119.760538609,-1.23621493799993],[119.75978444,-1.23645550899995],[119.75573801,-1.23773288799993],[119.75345194,-1.23888635999999],[119.75320948,-1.23900868799996],[119.7511877,-1.24104784999998],[119.74942102,-1.24512378999998],[119.747654609,-1.24945437999998],[119.744877839,-1.25531382999999],[119.74390534,-1.25840132999998],[119.74387048,-1.25851200899996],[119.743870401,-1.25851225899993],[119.743869369,-1.25851553799993],[119.743867059,-1.25852288899996],[119.743865371,-1.25852823899993],[119.743864999,-1.25852941799997],[119.743845087,-1.25859262799998],[119.74383804,-1.25861498999996],[119.74383794,-1.25861530799995],[119.74383751,-1.25861667899994],[119.743422118,-1.25993546899997],[119.74338682,-1.26004754899998],[119.74338659,-1.26004828899995],[119.743165154,-1.26075129299994],[119.743165142,-1.26075133199993],[119.743113138,-1.26091642899997],[119.742891656,-1.26339505999994],[119.742858451,-1.26376359499994],[119.744133765,-1.26780842999994],[119.748075569,-1.27521480299992],[119.748175153,-1.27540225299993],[119.749347709,-1.28031110899997],[119.7493615,-1.28036391399997],[119.74945851,-1.28077205799997],[119.75072836,-1.28535403799998],[119.75070623,-1.28583251799995],[119.75065437,-1.28695407899995],[119.75060173,-1.28809263899996],[119.7504811,-1.29070154999994],[119.749506708,-1.29380622899993],[119.749506698,-1.29380626799997],[119.74827974,-1.29771569899999],[119.74687574,-1.30218928899996],[119.746875718,-1.30218934899995],[119.745665548,-1.30606106899995],[119.743848868,-1.31054459799998],[119.74384656,-1.31055628299992],[119.74382135,-1.31061771499998],[119.742824553,-1.31568832099993],[119.743256516,-1.31784756399998],[119.7434532,-1.31889695899998],[119.743455072,-1.32060453899994],[119.743440221,-1.32234164199997],[119.742874064,-1.32353654499997],[119.742648647,-1.32401229699998],[119.742367369,-1.32433273699997],[119.742077378,-1.32468487799997],[119.741638569,-1.32521385999996],[119.74145813,-1.32536856999997],[119.741387992,-1.32544847299994],[119.739829561,-1.32676493399993],[119.737606027,-1.32864322999996],[119.735652642,-1.33149740899996],[119.734361228,-1.33337024799993],[119.73341828,-1.33537955999998],[119.732548749,-1.33721629599996],[119.732318196,-1.33814049099993],[119.731032579,-1.34325378899997],[119.730062258,-1.34488557899994],[119.729206547,-1.34630224599994],[119.728596343,-1.34693487599998],[119.72800133,-1.34753506899995],[119.728004059,-1.34997956799998],[119.728115178,-1.35046171899995],[119.728612867,-1.35269170199996],[119.728615718,-1.35396987699994],[119.728617868,-1.35588640899994],[119.72862152,-1.35914572899998],[119.728627317,-1.35917087799992],[119.728627525,-1.35926432199995],[119.729243194,-1.36184354099993],[119.731462167,-1.36667773399996],[119.732245821,-1.36802567799998],[119.732504772,-1.36847109099995],[119.732635815,-1.36869678599993],[119.732636526,-1.36869800999996],[119.732874906,-1.36910856699995],[119.73287583,-1.36910980699997],[119.732900821,-1.36914331899993],[119.732950033,-1.36920931699997],[119.734438157,-1.37095940599994],[119.736284905,-1.37313124899992],[119.736296561,-1.37315477599998],[119.73706182,-1.37469928799994],[119.73791419,-1.37637503599996],[119.737914208,-1.37637507299996],[119.738157564,-1.37685350599998],[119.741408148,-1.37991630499994],[119.74277722,-1.38093610099998],[119.742777961,-1.38093665299994],[119.743464042,-1.38144770199995],[119.743584888,-1.38153677499997],[119.74594947,-1.38327964599995],[119.745943138,-1.38329063799996],[119.74594385,-1.38329116899996],[119.746038638,-1.38334815799993],[119.746046848,-1.38335141999995],[119.746058646,-1.38336011699995],[119.747373689,-1.38388725999994],[119.74740751,-1.38394991899997],[119.74768447,-1.38446312799994],[119.74865668,-1.38626459799997],[119.74875057,-1.38643857699998],[119.7490088,-1.38691705799994],[119.75000448,-1.38876201799996],[119.75122383,-1.39303497899994],[119.75145041,-1.39409296799993],[119.75176655,-1.39556912799998],[119.751837248,-1.39589927899993],[119.751891552,-1.39615283699993],[119.752009841,-1.39670497799996],[119.75201428,-1.39672569899995],[119.752096682,-1.39711037799998],[119.75244487,-1.39873574799998],[119.753578643,-1.40169165699997],[119.75435818,-1.40372400699994],[119.75447512,-1.40402887799996],[119.755239692,-1.40556386699996],[119.756269241,-1.40763081799997],[119.75650396,-1.40810203799992],[119.757373501,-1.40998211799996],[119.758216491,-1.41180478699994],[119.759470942,-1.41451706799995],[119.760431093,-1.41659301599997],[119.762254688,-1.42053577599996],[119.763642017,-1.42353528899998],[119.76364256,-1.42353646799996],[119.76233731,-1.42382795899994],[119.76161538,-1.42394283699998],[119.761364529,-1.42398275699997],[119.76040681,-1.42417367899998],[119.75946934,-1.42440976899997],[119.758518369,-1.42460971799995],[119.75756206,-1.42480967799997],[119.75688509,-1.42495823799993],[119.75660969,-1.42501867799996],[119.75567038,-1.42524572799994],[119.754753709,-1.42550889799997],[119.75386882,-1.42583527899996],[119.75306419,-1.42629712799994],[119.752694899,-1.42678640899994],[119.75244295,-1.42712021799998],[119.75183953,-1.42794328899993],[119.75106239,-1.42839606799993],[119.7504877,-1.42850533899998],[119.7501536,-1.42856885899993],[119.74995861,-1.42859934799998],[119.74922177,-1.42871457899998],[119.7482711,-1.42882415799994],[119.74762318,-1.42887953899999],[119.74730594,-1.42890665899995],[119.74681181,-1.42893470799994],[119.74633036,-1.42896204899995],[119.74534872,-1.42899033899995],[119.744365389,-1.42900959899993],[119.74338442,-1.42901077799997],[119.74241016,-1.42899387799997],[119.741446839,-1.42897695899996],[119.74109959,-1.42897075899999],[119.74049881,-1.42896002899994],[119.7398995,-1.42864747799996],[119.73968626,-1.42853626799997],[119.73928487,-1.42818355899994],[119.73893655,-1.42787747799997],[119.73814251,-1.42732717799993],[119.7373451,-1.42678592899995],[119.73654617,-1.42625370899998],[119.73574736,-1.42571244799996],[119.73530206,-1.42540992799997],[119.734950659,-1.42517118899998],[119.73415774,-1.42462992799994],[119.73357146,-1.42421347799996],[119.73337028,-1.42407057899993],[119.73270179,-1.42356171899997],[119.73258796,-1.42347507799997],[119.73180871,-1.42286148899996],[119.7310306,-1.42225694799993],[119.730251659,-1.42167047899995],[119.72946996,-1.42112014799994],[119.72868341,-1.42062405799994],[119.72787855,-1.42029967799994],[119.72700811,-1.42088811699995],[119.7261967,-1.42144033899997],[119.72551155,-1.42210988799998],[119.72502412,-1.42292379799994],[119.72459933,-1.42380088799997],[119.724194619,-1.42468698799997],[119.72376745,-1.42556408799994],[119.72372532,-1.42563451799992],[119.72327512,-1.42638703899996],[119.722711189,-1.42717392799995],[119.722131969,-1.42796083899998],[119.72153649,-1.42875680799995],[119.721472159,-1.42883814799995],[119.72092134,-1.42953471799996],[119.72047898,-1.43005492799995],[119.72028286,-1.43028554899997],[119.719617399,-1.43099123799993],[119.719385649,-1.43120218899998],[119.71892154,-1.43162465799999],[119.71819151,-1.43218581899993],[119.71740674,-1.43254696799994],[119.71736459,-1.43256636899998],[119.71641408,-1.43272112799997],[119.71559013,-1.43274423799994],[119.715404219,-1.43274944799993],[119.7143994,-1.43277775699994],[119.7134281,-1.43279698799995],[119.71244869,-1.43271682899997],[119.71177008,-1.43282479899995],[119.711533099,-1.43286250799997],[119.71127538,-1.43300416899995],[119.71067626,-1.43333345799994],[119.71009603,-1.43388078799995],[119.709966409,-1.43400304799997],[119.70983221,-1.43418531799995],[119.70940035,-1.43477187899993],[119.7090857,-1.43526183799998],[119.708883439,-1.43557678799994],[119.70855589,-1.43613666799997],[119.7083914,-1.43641782899995],[119.70808816,-1.43693601799993],[119.70789922,-1.43725886799996],[119.70738247,-1.43808185899997],[119.7071008,-1.43850092799994],[119.70684143,-1.43888680799995],[119.70629826,-1.43968272499996],[119.7062837,-1.43970397699998],[119.705753,-1.44047863799995],[119.70562397,-1.44066596899995],[119.70520479,-1.44127455799997],[119.70465321,-1.44207048899995],[119.704097829,-1.44285738799994],[119.70372781,-1.44337757899997],[119.703538099,-1.44364428899997],[119.70304791,-1.44431940899995],[119.70297331,-1.44442215799995],[119.70289723,-1.44452597899994],[119.702403329,-1.44520002899998],[119.7018186,-1.44596888899997],[119.70154531,-1.44630744799998],[119.70121253,-1.44671969799993],[119.700716789,-1.44731444999997],[119.70059424,-1.44746148799993],[119.700485081,-1.44759014899995],[119.69997257,-1.44819423899998],[119.69931057,-1.44908778899998],[119.697006612,-1.45252442199996],[119.69700646,-1.45252464999993],[119.695463758,-1.45090416499994],[119.695138581,-1.45078159099996],[119.692515221,-1.44980335099996],[119.692160511,-1.44984142099998],[119.690727331,-1.44999527099998],[119.689736641,-1.45031275099996],[119.688597951,-1.45041353099993],[119.687970051,-1.45034275099994],[119.687567211,-1.45029734099996],[119.686059261,-1.45012737099996],[119.686052207,-1.45011979599997],[119.685267841,-1.44927749099998],[119.685025301,-1.44901704099994],[119.685015431,-1.44847131099994],[119.684993431,-1.44725481099994],[119.684804081,-1.44469749099995],[119.684601191,-1.44403515099998],[119.684079071,-1.44233060099998],[119.684071429,-1.44232295999996],[119.68344329,-1.44171724999995],[119.68278591,-1.44108333999998],[119.68277969,-1.44107734999995],[119.682502937,-1.44078447399995],[119.682297031,-1.44059831099998],[119.682045791,-1.44047133099998],[119.681756141,-1.44042651099995],[119.681469341,-1.44043589099995],[119.681161851,-1.44049046099997],[119.680901031,-1.44059922099996],[119.680766031,-1.44080724099997],[119.680725971,-1.44109648099994],[119.680714481,-1.44140375099994],[119.680680071,-1.44169299099997],[119.680651231,-1.44199127099995],[119.680616191,-1.44228048099997],[119.680553111,-1.44255168099995],[119.680410251,-1.44278683099999],[119.680166311,-1.44295882099993],[119.679899271,-1.44304952099998],[119.679610321,-1.44307696099998],[119.679325751,-1.44306828099997],[119.679043941,-1.44303245099996],[119.678762731,-1.44297858099997],[119.678482031,-1.44292468099998],[119.678202511,-1.44287079099997],[119.677924061,-1.44279883099996],[119.677645631,-1.44273589099993],[119.677366551,-1.44267295099997],[119.677086521,-1.44262810099998],[119.676804711,-1.44261037099996],[119.676520141,-1.44260165099996],[119.676233971,-1.44261105099998],[119.675947181,-1.44262945099996],[119.675661571,-1.44265690099997],[119.675378741,-1.44269339099998],[119.675099901,-1.44274794099994],[119.674832211,-1.44282959099996],[119.674575911,-1.44295641099996],[119.674320691,-1.44309228099996],[119.674054811,-1.44319202099996],[119.673777621,-1.44327368099994],[119.673495461,-1.44333727099997],[119.673211501,-1.44340086099993],[119.672928161,-1.44343735099995],[119.672649251,-1.44344673099994],[119.672375321,-1.44341090099993],[119.672104681,-1.44332085099996],[119.671840781,-1.44319464099993],[119.671588791,-1.44306154099997],[119.671584691,-1.44305938099996],[119.671333641,-1.44291507099995],[119.671091551,-1.44276173099997],[119.670873571,-1.44257221099998],[119.670869118,-1.44256734099997],[119.670683691,-1.44236458099994],[119.670491971,-1.44214790099994],[119.670300901,-1.44192219099995],[119.670115471,-1.44169647099995],[119.669940091,-1.44146171099993],[119.669780411,-1.44121788099995],[119.669640941,-1.44097406099997],[119.669526161,-1.44073018099994],[119.669455101,-1.44045915099998],[119.669439671,-1.44016996099992],[119.669467861,-1.43986266099995],[119.669529331,-1.43957340099996],[119.669614851,-1.43931122099998],[119.669756011,-1.43906703099998],[119.669944321,-1.43884992099993],[119.670150601,-1.43863276099996],[119.670350711,-1.43842467099996],[119.670569951,-1.43823465099995],[119.670802651,-1.43804459099994],[119.671033661,-1.43785452099996],[119.671247781,-1.43766449099997],[119.671429391,-1.43745642099998],[119.671562741,-1.43722130099997],[119.671656721,-1.43695909099996],[119.671722571,-1.43666981099994],[119.671762081,-1.43636251099997],[119.671775711,-1.43605521099994],[119.671765321,-1.43575700099996],[119.671731321,-1.43548592099996],[119.671651941,-1.43525104099996],[119.671645603,-1.43524725499998],[119.6716443,-1.43524339999994],[119.67138758,-1.43509005999995],[119.671070949,-1.43501814999997],[119.67079825,-1.43503651999994],[119.67052171,-1.43512721999997],[119.6702428,-1.43521793999998],[119.669963979,-1.43528150999993],[119.669684609,-1.43535414999998],[119.66940461,-1.43542678999996],[119.66912461,-1.43548133999997],[119.66884456,-1.43551779999996],[119.66856512,-1.43550911999996],[119.668280529,-1.43549136999997],[119.667993129,-1.43545553999996],[119.66770626,-1.43540166999997],[119.66742225,-1.43533872999996],[119.66714486,-1.43526676999995],[119.66687654,-1.43517669999995],[119.666625129,-1.43507008999995],[119.66662156,-1.43506856999994],[119.666376139,-1.43490617999993],[119.666162007,-1.43469656499996],[119.665986461,-1.43446241099998],[119.665885151,-1.43422756099995],[119.665978021,-1.43393827099994],[119.666174791,-1.43372114099998],[119.666437871,-1.43362139099997],[119.666732981,-1.43356684099996],[119.667014191,-1.43353036099996],[119.667298081,-1.43350291099995],[119.667582101,-1.43348451099996],[119.667867181,-1.43346609099996],[119.668151091,-1.43345673099998],[119.668435661,-1.43345639099994],[119.668720231,-1.43344701099994],[119.669005331,-1.43344667099996],[119.669289781,-1.43343731099999],[119.669574381,-1.43343697099993],[119.669858921,-1.43342759099994],[119.670143471,-1.43341823099997],[119.670433071,-1.43341789099998],[119.670728781,-1.43343561099993],[119.671020631,-1.43343527099995],[119.671300121,-1.43339879099995],[119.671556481,-1.43331716099994],[119.671800471,-1.43317227099994],[119.672031481,-1.43298222099998],[119.672239481,-1.43277410099996],[119.672415941,-1.43254797099997],[119.672537491,-1.43229479099994],[119.672555091,-1.43198749099997],[119.672469471,-1.43171646099996],[119.672304161,-1.43148170099994],[119.672297334,-1.43147521499998],[119.67229652,-1.43147405999997],[119.67207798,-1.43126645999997],[119.67183526,-1.43111653999996],[119.67182971,-1.43111310999996],[119.67156813,-1.43103207999997],[119.671292989,-1.43096913999995],[119.671009,-1.43092428999995],[119.6707211,-1.43089752999993],[119.67043307,-1.43086168999998],[119.67014908,-1.43080781999994],[119.669874589,-1.43074487999997],[119.6696039,-1.43064578999997],[119.669349179,-1.43051355999996],[119.66934334,-1.43051052999993],[119.66910744,-1.43035715999997],[119.66890634,-1.43015856999994],[119.66873206,-1.42993285999995],[119.668569589,-1.42968902999996],[119.66840653,-1.42945424999994],[119.668229549,-1.42922852999994],[119.668020749,-1.42903973999996],[119.668019919,-1.42903898999993],[119.6677661,-1.42891276999996],[119.66749945,-1.42879559999995],[119.66724723,-1.42866030999995],[119.666998809,-1.42852792999997],[119.6669934,-1.42852504999997],[119.66674575,-1.42838074999998],[119.66651604,-1.42821835999996],[119.666294119,-1.42803785999997],[119.666068329,-1.42784833999998],[119.66584694,-1.42765881999997],[119.665641526,-1.42746523099993],[119.665452261,-1.42725120099994],[119.665287041,-1.42702546099998],[119.665154871,-1.42679065099997],[119.665048511,-1.42652869099993],[119.664962891,-1.42625766099997],[119.664891271,-1.42597758099993],[119.664829181,-1.42569751099997],[119.664769941,-1.42540837099995],[119.664708451,-1.42511925099996],[119.664639071,-1.42483918099992],[119.664567451,-1.42455909099993],[119.664507681,-1.42426997099995],[119.664451221,-1.42398083099994],[119.664390271,-1.42369171099995],[119.664316401,-1.42341164099997],[119.664221811,-1.42314968099994],[119.664098081,-1.42291485099998],[119.663917141,-1.42268911099996],[119.663912717,-1.42268548299996],[119.6639095,-1.42268146999994],[119.66366846,-1.42248381999997],[119.66366737,-1.42248292999995],[119.66339279,-1.42234768999993],[119.66311658,-1.42227570999996],[119.66285556,-1.42230312999994],[119.66259244,-1.42235764999998],[119.66232656,-1.42244834999997],[119.66205957,-1.42256612999995],[119.66179084,-1.42269297999996],[119.66152269,-1.42281979999996],[119.661255669,-1.42294664999997],[119.6609909,-1.42306442999996],[119.66072839,-1.42318222999996],[119.66046812,-1.42330905999995],[119.660209029,-1.42343587999995],[119.65995048,-1.42357174999995],[119.65969246,-1.42370760999995],[119.659432719,-1.42382538999993],[119.65917192,-1.42394318999993],[119.658908719,-1.42403386999997],[119.65864282,-1.42409743999998],[119.65836899,-1.42412487999997],[119.65808606,-1.42409808999998],[119.657799729,-1.42403514999995],[119.65751571,-1.42395414999994],[119.657240519,-1.42385505999994],[119.65697167,-1.42376498999995],[119.656701,-1.42366590999995],[119.65643094,-1.42355777999996],[119.65616419,-1.42344961999993],[119.65590312,-1.42332339999997],[119.65565392,-1.42319922999997],[119.65564982,-1.42319718999993],[119.65540723,-1.42305286099998],[119.655182926,-1.42289233299994],[119.654999631,-1.42268141099993],[119.654856821,-1.42241950099998],[119.654757741,-1.42214847099996],[119.654858471,-1.42187725099996],[119.654877791,-1.42158801099993],[119.654855541,-1.42128980099995],[119.654754231,-1.42103686099995],[119.654575471,-1.42082920099995],[119.654570545,-1.42082471399994],[119.65456783,-1.42082155999998],[119.65434985,-1.420623],[119.654112309,-1.42045156999996],[119.653875229,-1.42028917999995],[119.653629829,-1.42013582999994],[119.65337816,-1.41999338999995],[119.653374829,-1.41999149999998],[119.65311887,-1.41985803999996],[119.65311541,-1.41985623999994],[119.65285903,-1.41971301999997],[119.6528571,-1.41971193999995],[119.65261189,-1.41958039999997],[119.652604949,-1.41957667999998],[119.65236396,-1.41942330999996],[119.65214044,-1.41926993999994],[119.651951948,-1.41909636999999],[119.651918061,-1.41881693099999],[119.651954161,-1.41850961099993],[119.651990281,-1.41822037099997],[119.652028121,-1.41793113099994],[119.652003101,-1.41765101099997],[119.651948351,-1.41736187099998],[119.651864981,-1.41709084099996],[119.651743991,-1.41682888099996],[119.651584891,-1.41660314099994],[119.651400011,-1.41637740099998],[119.651196661,-1.41616979099996],[119.651195519,-1.41616878499997],[119.65118902,-1.41616214999994],[119.650973819,-1.41597260999992],[119.650753619,-1.41579210999993],[119.650527749,-1.41562064999993],[119.65029749,-1.41544921999997],[119.65006213,-1.41528679999994],[119.649823979,-1.41512440999998],[119.64958253,-1.41497103999995],[119.64933872,-1.41482670999994],[119.64909332,-1.41468240999996],[119.648848899,-1.41455098999995],[119.64884173,-1.41454712999996],[119.64858229,-1.41442994999994],[119.648319479,-1.41431274999996],[119.64805732,-1.41419557999996],[119.647799829,-1.41407849999996],[119.64779957,-1.41407837999999],[119.64755737,-1.41394695999999],[119.64755023,-1.41394309999993],[119.647304799,-1.41378974999998],[119.64705094,-1.41363639999997],[119.646798729,-1.41348305999998],[119.646557779,-1.41331161999994],[119.646339122,-1.41313239199997],[119.646155331,-1.41294015099994],[119.646007451,-1.41271439099996],[119.645911701,-1.41245240099994],[119.645855261,-1.41217230099994],[119.645821241,-1.41188314099997],[119.645792351,-1.41158493099994],[119.645750971,-1.41128675099998],[119.645680011,-1.41101572099996],[119.645551231,-1.41076280099998],[119.645360691,-1.41053708099998],[119.645356826,-1.41053391399993],[119.645141581,-1.41035750099997],[119.645140461,-1.41035658099998],[119.644879901,-1.41023037099996],[119.644596421,-1.41014030099996],[119.644350881,-1.41001742099997],[119.644344201,-1.41001408099994],[119.644337202,-1.41000676099998],[119.644154321,-1.40981547099994],[119.643983441,-1.40958068099998],[119.643835541,-1.40932782099998],[119.643717421,-1.40905681099997],[119.643636301,-1.40878578099996],[119.643609051,-1.40851468099993],[119.643630541,-1.40822546099997],[119.643675111,-1.40793620099993],[119.643716361,-1.40764694099995],[119.643726043,-1.40747114099997],[119.643732291,-1.40735773099994],[119.643748831,-1.40705947099998],[119.643759731,-1.40677026099996],[119.643747021,-1.40648107099998],[119.643709392,-1.40629648099997],[119.643705297,-1.40627638999996],[119.643705297108,-1.40627638962194],[119.643691771,-1.40621002099994],[119.643566831,-1.40596614099996],[119.643383671,-1.40573138099995],[119.643376139,-1.40572387999993],[119.64337603,-1.40572373999993],[119.643186339,-1.40553482299993],[119.643166661,-1.40551530499994],[119.64295801,-1.40532656999995],[119.642814708,-1.40519931799998],[119.642600497,-1.40500699599994],[119.642541685,-1.40496063899997],[119.641866288,-1.40442827499994],[119.641821901,-1.40439328799994],[119.641376909,-1.40411092199998],[119.64137279,-1.40410830999998],[119.64109932,-1.40400014999995],[119.64081362,-1.40393720999993],[119.64054314,-1.40395558999996],[119.64028844,-1.40408240999995],[119.64003387,-1.40423633999996],[119.639774402,-1.40432352099999],[119.63976393,-1.40432703999994],[119.63946882,-1.40437253999995],[119.63918594,-1.40434577999998],[119.638946811,-1.40422245699995],[119.6389411,-1.40421950999997],[119.63870573,-1.40407518999996],[119.638487253,-1.40391171599993],[119.638250812,-1.40372374199996],[119.638250295,-1.40372332899995],[119.638250171,-1.40372322899998],[119.63802438,-1.40353370999999],[119.637815449,-1.40336792799997],[119.637807482,-1.40336160599998],[119.63660172,-1.40257732999993],[119.63613486,-1.40265920999997],[119.63527007,-1.40223087099997],[119.635047771,-1.40212076799998],[119.63504257,-1.40211818999996],[119.63423744,-1.40160490899995],[119.633460908,-1.40110985299999],[119.63266518,-1.40060256999993],[119.631269282,-1.40072342699995],[119.631272879,-1.40142816099996],[119.63127498,-1.40161634999992],[119.631504326,-1.40186239099995],[119.631952968,-1.40234099799995],[119.632085215,-1.40252998199998],[119.63269524,-1.40339516999996],[119.632694255,-1.40340031199997],[119.632695906,-1.40340267099999],[119.632413316,-1.40489721599995],[119.631059619,-1.40646010499996],[119.629806196,-1.40662869699998],[119.628328241,-1.40595131499994],[119.627929233,-1.40538229199996],[119.627783509,-1.40517773099998],[119.627783473,-1.40517768099994],[119.627053222,-1.40413627299996],[119.626967978,-1.40396380699997],[119.626423141,-1.40285461099995],[119.626348528,-1.40270271599997],[119.625912272,-1.40182008099992],[119.625906413,-1.40180266799996],[119.625897111,-1.40178373099997],[119.625579511,-1.40083514099997],[119.625568479,-1.40081336899994],[119.625567346,-1.40081000099997],[119.625383619,-1.40044853499995],[119.625070981,-1.39983152099996],[119.624444471,-1.39859507099994],[119.624436102,-1.39858437699996],[119.62442787,-1.39856818199997],[119.624078003,-1.39812681499996],[119.623954847,-1.39796945099995],[119.623285501,-1.39711419099996],[119.623283766,-1.39711409599994],[119.62327786,-1.39710654999994],[119.62198019,-1.39703572999997],[119.62132884,-1.39729238999997],[119.62076117,-1.39751607999995],[119.61979227,-1.39884571999994],[119.61915228,-1.40023824999997],[119.618209469,-1.40122925599996],[119.61820546,-1.40123346999998],[119.618093738,-1.40123359499996],[119.617481626,-1.40125654199995],[119.615284717,-1.40007184099995],[119.614537045,-1.40035466099994],[119.61427192,-1.40045890799996],[119.614194785,-1.40081200099996],[119.614099663,-1.40124742999996],[119.614455179,-1.40193091099997],[119.614861196,-1.40224209699995],[119.614954415,-1.40231532899998],[119.615539498,-1.40277495899995],[119.615546591,-1.40278053099997],[119.615683091,-1.40329551099996],[119.615750141,-1.40354850099993],[119.615636081,-1.40393726099996],[119.615111391,-1.40452531099992],[119.614933340563,-1.40460378654155],[119.614260056,-1.40490053599996],[119.614062881,-1.40498744099995],[119.613228296,-1.40533860299997],[119.612698734032,-1.4055614232989],[119.612684551,-1.40556739099998],[119.611419741,-1.40631897099996],[119.611108856796,-1.40627257273393],[119.611108856794,-1.40627257273364],[119.610663239,-1.40620606599992],[119.609917051,-1.40609470099997],[119.609910297,-1.40608719199997],[119.609410331,-1.40553136099993],[119.609371404,-1.40548808299997],[119.609392316166,-1.40551133258763],[119.609371404,-1.40548808299997],[119.609255292,-1.40535899199995],[119.609247048,-1.40534982599997],[119.608921885,-1.40452813599995],[119.60869399,-1.40408159499998],[119.608186257,-1.40348070799997],[119.608152529,-1.40343939099996],[119.607474571,-1.40260887099992],[119.60747282,-1.40260844499994],[119.606587001,-1.40239295099997],[119.606587001,-1.40239295100001],[119.605844471,-1.40304123799996],[119.605560851,-1.40328886099997],[119.605549354,-1.40329485899997],[119.605547562,-1.40329639899996],[119.604481013,-1.40385229699996],[119.604480892,-1.40385227599995],[119.604467081,-1.40385948099994],[119.604092744,-1.40378379899994],[119.603551201,-1.40368826099996],[119.601770213,-1.40279803399995],[119.601565771,-1.40269685099998],[119.601565445,-1.40269568099996],[119.601563955,-1.40269493599994],[119.601562958,-1.40269159999997],[119.60156261237,-1.40269044324066],[119.60156261237,-1.40269044324055],[119.601354291,-1.40199322999997],[119.601362147,-1.40196639599998],[119.601361761,-1.40196501099996],[119.601568111,-1.40124175099994],[119.601626487,-1.39981164899996],[119.601627141,-1.39979563099996],[119.601083291,-1.39829594099996],[119.601077206,-1.39829258999993],[119.60107565,-1.39828829999993],[119.5999946,-1.39769300000001],[119.59910607,-1.39816396999994],[119.598797265,-1.39832426599997],[119.59835213,-1.39855532999997],[119.597137695,-1.39918572499993],[119.59713437,-1.39918744999995],[119.596899663437,-1.39915313823331],[119.595722198,-1.39899194199995],[119.592189824,-1.39647672799993],[119.591275964,-1.39647103099998],[119.591012745,-1.39695858299996],[119.591053766,-1.39773775199996],[119.590999072,-1.39851692199995],[119.590465797,-1.39987704899995],[119.589618027,-1.40129868999998],[119.589043731,-1.40252895499998],[119.589144245,-1.40313185499998],[119.5892147,-1.40349835999995],[119.5896007,-1.40434747999995],[119.59021322,-1.40555787999995],[119.59021275,-1.40557369499993],[119.590212833,-1.40557385999994],[119.590212115,-1.40559502099996],[119.59017695,-1.40677803999995],[119.58998214,-1.40772725999995],[119.589783338,-1.40832535799996],[119.589628282,-1.40879646499997],[119.589536247,-1.40897223999997],[119.58940001,-1.40923807999996],[119.58803113,-1.41019679999994],[119.588030636,-1.41019671299995],[119.588030595,-1.41019674199992],[119.586756376,-1.40997204799993],[119.586431626,-1.41004381399995],[119.586195754,-1.40966106599996],[119.58590177,-1.40950728299993],[119.584346385,-1.40890923799998],[119.583262744,-1.40892974299994],[119.582599569,-1.40905276999996],[119.58229362,-1.40923730799994],[119.582170556,-1.40936375199993],[119.582049104,-1.40959993199993],[119.582045784,-1.40960638599995],[119.582011599,-1.40988661299997],[119.582023564,-1.41040434699994],[119.582561966,-1.41198830799993],[119.583170641,-1.41350083899994],[119.58353892,-1.41438641999998],[119.583618991,-1.41550128899997],[119.583755322,-1.41705003899995],[119.583819947,-1.41778419199994],[119.583904495,-1.41817510299996],[119.584038727,-1.41879573699992],[119.584366896,-1.42002599299997],[119.584503633,-1.42122890999998],[119.584502978,-1.42124016899994],[119.58451875,-1.42134456999998],[119.58443481,-1.42268241999994],[119.5843781,-1.42358614999995],[119.58395596,-1.42458877999997],[119.5837842,-1.42499673999993],[119.583753873,-1.42501888799996],[119.58327242,-1.42537049999993],[119.583013082,-1.42555990099994],[119.582931156,-1.42561681499996],[119.581235617,-1.42556213799998],[119.5804965,-1.42521360599994],[119.57980415,-1.42489513999993],[119.57979906,-1.42489279999995],[119.579472693,-1.42464312899994],[119.57912701,-1.42437867999997],[119.5775949,-1.42320659999996],[119.57759306,-1.42320518999998],[119.5771635,-1.42300915999994],[119.57609153,-1.42251995999994],[119.5741068,-1.42186106999998],[119.57340541,-1.42162821999995],[119.572841535,-1.42154880199996],[119.57138371,-1.42133143099994],[119.5687105,-1.42133826599997],[119.567593485,-1.42187778099998],[119.56749354,-1.42192605399992],[119.567397824,-1.42241815699992],[119.567712319,-1.42300594499995],[119.56771893,-1.42301165899994],[119.56771996,-1.42301358599997],[119.568324318,-1.42353598899996],[119.568362361,-1.42357039099995],[119.568621022,-1.42380430699995],[119.56927863,-1.42493177999995],[119.56924173,-1.42656769999996],[119.56892077,-1.42803628999997],[119.56863615,-1.42815003999995],[119.56777035,-1.42838600999994],[119.567633321,-1.42835035799993],[119.56600635,-1.42792705999994],[119.56441294,-1.42749501999999],[119.563487399,-1.42754324499993],[119.563487331,-1.42754324899995],[119.562205318,-1.42761004699998],[119.562074965,-1.42761683899994],[119.56193061,-1.42762435999993],[119.56103148,-1.42817979999996],[119.56069941,-1.42838493999994],[119.560696796,-1.42838806399994],[119.56052571,-1.42859245999996],[119.55940643,-1.42992973999998],[119.55889728,-1.43053803999994],[119.556906521,-1.43151248899994],[119.556879911,-1.43152554599993],[119.555012328,-1.43187256799997],[119.552495191,-1.43228964599996],[119.550695389,-1.43217473699997],[119.549496122,-1.43287443199995],[119.549495839,-1.43287459799996],[119.54911304,-1.43309781999994],[119.548763049,-1.43439461999998],[119.548471309,-1.43547560099995],[119.5478085,-1.43704898999995],[119.54664983,-1.43736817999997],[119.545390752,-1.43663099599997],[119.545086581,-1.43503512099994],[119.545198071,-1.43475880099994],[119.545601021,-1.43376015099995],[119.546195891,-1.43214164099993],[119.546460661,-1.43051447099998],[119.547478382,-1.42927715199995],[119.548194431,-1.42840660099995],[119.548506281,-1.42725594099994],[119.548686921,-1.42658938099993],[119.547854321,-1.42478589099994],[119.547756901,-1.42457488099995],[119.547604791,-1.42440883099994],[119.546847101,-1.42358170099993],[119.546845379,-1.42358052099997],[119.54683946,-1.42357405999997],[119.54525876,-1.42249122999994],[119.54432557,-1.42213974999994],[119.54211703,-1.42178972999995],[119.541835158,-1.42192871199995],[119.54064727,-1.42251441999998],[119.540301766,-1.42305879999998],[119.539688619,-1.42402487999994],[119.539676,-1.42479316999994],[119.539940179,-1.42563581099995],[119.5404578,-1.42728686099998],[119.54061664,-1.42809590999996],[119.540954519,-1.42981701999998],[119.54080878,-1.43057492999998],[119.54057553,-1.43178779999994],[119.53957334,-1.43206007099997],[119.538892719,-1.43171581999996],[119.53850935,-1.43152190999996],[119.53850351,-1.43151895999995],[119.53769625,-1.43086909999994],[119.536900539,-1.43003846099993],[119.53567099,-1.42897002999996],[119.535456609,-1.42878374099997],[119.533692919,-1.42816205999998],[119.533079279,-1.42831478999995],[119.53287036,-1.42852718999996],[119.53201665,-1.42943832999994],[119.53142132,-1.43164436999996],[119.53108046,-1.43274212999995],[119.530688579,-1.43400417999994],[119.53046347,-1.43440710099997],[119.5291929,-1.43668120999996],[119.52849665,-1.43751351999993],[119.52727623,-1.43887967999995],[119.525919369,-1.44021887099997],[119.52469958,-1.44116927999994],[119.52377458,-1.44188560999993],[119.523296989,-1.44225544999996],[119.52236681,-1.44321360999993],[119.52211115,-1.44347696099994],[119.52122098,-1.44453544999994],[119.520422619,-1.44535884999994],[119.51937387,-1.44613733999995],[119.5180189,-1.44617499099997],[119.51712257,-1.44582284999997],[119.51661952,-1.44562522099995],[119.51561813,-1.44559017999996],[119.51515508,-1.44591319099993],[119.51439819,-1.44644115999995],[119.514128319,-1.44705252999996],[119.51320275,-1.44914937099998],[119.51272968,-1.45022110099996],[119.511737749,-1.45111703099997],[119.51106595,-1.45118105999996],[119.50999559,-1.45128134999994],[119.509699289,-1.45130911999996],[119.50890577,-1.45100788999998],[119.50832822,-1.45078864699998],[119.507929541,-1.44958819099998],[119.507570861,-1.44850817099996],[119.507546432,-1.44769594099995],[119.507538241,-1.44742360099997],[119.508115121,-1.44579791099994],[119.508785973,-1.44507005199996],[119.509251001,-1.44456551099995],[119.510506021,-1.44296428099995],[119.510592892,-1.44204206099994],[119.510714641,-1.44074962099996],[119.510708927,-1.43998065099993],[119.510697341,-1.43842202099995],[119.510695561,-1.43818271099998],[119.511140661,-1.43769413099994],[119.511595921,-1.43770267099995],[119.511601331,-1.43770628099998],[119.512528911,-1.43832529099996],[119.512533761,-1.43832774099997],[119.512734661,-1.43842931099994],[119.513438721,-1.43878526099996],[119.514140731,-1.43897798099995],[119.514258461,-1.43901030099994],[119.516272641,-1.43922498099994],[119.517206971,-1.43893470099994],[119.517431461,-1.43861186099998],[119.518131601,-1.43760504099993],[119.518805141,-1.43652871099994],[119.519085871,-1.43588373099993],[119.519877961,-1.43406391099996],[119.519969361,-1.43385392099999],[119.520107941,-1.43353553099996],[119.520295775,-1.43239472699997],[119.520287131,-1.43239317899998],[119.520514089,-1.43101474999997],[119.52050022,-1.42948551999995],[119.52048541,-1.42785132999996],[119.52070421,-1.42624223999997],[119.52127541,-1.42501239099994],[119.521619239,-1.42374664099998],[119.521304,-1.42231518099993],[119.52125705,-1.42210203099996],[119.52105523,-1.42025841099997],[119.521012924,-1.42010462899999],[119.52081116,-1.41937122999996],[119.52052328,-1.41832475999997],[119.52041908,-1.41797532999994],[119.51974191,-1.41570448999994],[119.519413549,-1.41459312099994],[119.51897189,-1.41312033999999],[119.51865467,-1.41200893999997],[119.51800854,-1.41127629999994],[119.51748433,-1.41068191099993],[119.51748404,-1.41068157999996],[119.51652878,-1.41019456099997],[119.51538734,-1.41017039099996],[119.51440175,-1.41014951999995],[119.51305404,-1.41143659999994],[119.51266299,-1.41374183999995],[119.51212381,-1.41602012099999],[119.51153083,-1.41679809999994],[119.51066495,-1.41700692099995],[119.50941313,-1.41691790999994],[119.50818606,-1.41522903999993],[119.50814389,-1.41308696999993],[119.50912759,-1.41029298099994],[119.50973927,-1.40846434099996],[119.50981414,-1.40824048999997],[119.50993035,-1.40664056999998],[119.50984298,-1.40623106999994],[119.50957974,-1.40499721999993],[119.509523549,-1.40473389099998],[119.508967419,-1.40377640099996],[119.506856729,-1.40253434099998],[119.50685168,-1.40253136999997],[119.506374519,-1.40235902999996],[119.506135914,-1.40227285399993],[119.50487916,-1.40181895999996],[119.503364309,-1.40127184099993],[119.50335852,-1.40126975099997],[119.502768099,-1.40023998999993],[119.50267954,-1.39877584099998],[119.503536,-1.39714797099993],[119.50421491,-1.39583522099997],[119.50470059,-1.39489611099999],[119.50423639,-1.39379391099993],[119.504212279,-1.39377717999997],[119.50496564,-1.39244783099997],[119.50584963,-1.38996809999998],[119.497593153,-1.39266204499996],[119.49749655,-1.39270389999996],[119.49728702,-1.39279467999996],[119.49704912,-1.39289774999998],[119.49690625,-1.39288616999994],[119.49539823,-1.39276393999995],[119.49448518,-1.39245758999995],[119.4929644,-1.39171805999996],[119.49174696,-1.39119509999995],[119.490529729,-1.39088908999998],[119.48940091,-1.39136934999994],[119.488916545,-1.39176561499994],[119.488309387,-1.39226233499994],[119.487985578,-1.39252095599994],[119.486840209,-1.39343288999994],[119.48536393,-1.39443775099994],[119.483892317,-1.39601434699995],[119.483833476,-1.39607738599995],[119.483777477,-1.39613873899999],[119.483606514,-1.39632605199995],[119.48245625,-1.39758630999995],[119.481303709,-1.39850044999998]]]]},"properties":{"gid":1020,"luas":null,"idkec":"7205041","kdkab":"05","kdkec":"041","nmkab":"DONGGALA","nmkec":"RIO PAKAVA","kdprov":"72","nmprov":"SULAWESI TENGAH","sumber":null,"periode":"2025_1"}},{"id":1021,"type":"Feature","geometry":{"type":"MultiPolygon","coordinates":[[[[119.90843936,-0.154799309999938],[119.90844986,-0.154814079999938],[119.90872647,-0.155203539999948],[119.90963731,-0.156173479999947],[119.90970011,-0.15624033999996],[119.90970256,-0.156242949999985],[119.910286676,-0.158102796999979],[119.91039177,-0.158437419999926],[119.9105944,-0.159659339999967],[119.91067907,-0.160169969999968],[119.91073572,-0.160530519999953],[119.91085145,-0.161267209999955],[119.91171273,-0.16230664999995],[119.91263208,-0.16271340999998],[119.91314805,-0.162941699999981],[119.91339428,-0.163313139999965],[119.9140668,-0.164327629999949],[119.913951897,-0.165415753999983],[119.913948599,-0.165446979999967],[119.91378016,-0.167042009999935],[119.913780122,-0.167042349999979],[119.913689161,-0.167958659999952],[119.913311739,-0.168125639999977],[119.912867349,-0.168461280999972],[119.9126342,-0.16863738099994],[119.91171906,-0.169681699999963],[119.91071169,-0.171154649999946],[119.91045258,-0.17146874999998],[119.910307999,-0.171644000000007],[119.91001735,-0.17199632999996],[119.909645669,-0.172446900999941],[119.90933847,-0.172617849999942],[119.9081677,-0.173269359999957],[119.908167229,-0.173269466999956],[119.90813133,-0.173277460999949],[119.90686831,-0.17355869999995],[119.90647842,-0.173477560999974],[119.90598949,-0.173375800999965],[119.90573284,-0.173322390999951],[119.90539326,-0.173251719999945],[119.90450876,-0.172654919999961],[119.9038485,-0.171869399999945],[119.903842149,-0.17186184099995],[119.903803029,-0.171815300999928],[119.90335698,-0.171231450999933],[119.90153414,-0.170194499999984],[119.90043491,-0.169721959999944],[119.89973593,-0.16942148099997],[119.89662773,-0.168538089999976],[119.89357151,-0.167669480999965],[119.889658349,-0.166673740999959],[119.88448637,-0.16535766999994],[119.88363077,-0.165074519999957],[119.88306547,-0.164887440999969],[119.88286517,-0.164821160999967],[119.882657829,-0.164752539999945],[119.881551869,-0.164539429999941],[119.881458,-0.164521339999968],[119.880311319,-0.164300379999936],[119.87976167,-0.164194460999961],[119.879471639,-0.16413857099998],[119.874050319,-0.16260467099994],[119.86913578,-0.161214150999972],[119.86648158,-0.160481169999975],[119.85768135,-0.158050869999953],[119.85684867,-0.157663029999989],[119.84907293,-0.155674160999981],[119.84767747,-0.155317229999981],[119.845196839,-0.154682730999981],[119.84342848,-0.154115759999969],[119.84327445,-0.154073230999927],[119.84302935,-0.154042449999965],[119.841378383,-0.153835381999952],[119.84097509,-0.153784799999929],[119.8408764,-0.153772421999979],[119.84066471,-0.153745869999965],[119.840358419,-0.153707459999971],[119.839295889,-0.153477559999945],[119.83864738,-0.153337230999965],[119.837679464,-0.153211495999926],[119.836345279,-0.153038179999955],[119.8351676,-0.152885189999951],[119.834838009,-0.15280823199993],[119.833159319,-0.15241626999995],[119.83282986,-0.152352780999942],[119.83156623,-0.15210925099996],[119.83019462,-0.151949070999936],[119.82883397,-0.151790159999962],[119.82629602,-0.151045300999954],[119.823600069,-0.150937089999964],[119.822772499,-0.15090387199996],[119.822769737,-0.150903761999929],[119.82275873,-0.150903319999947],[119.822677307,-0.150889669999972],[119.82239982,-0.150843149999967],[119.82194329,-0.150766609999952],[119.821226919,-0.150646510999943],[119.821156869,-0.150634759999949],[119.82059495,-0.150540550999948],[119.819672702,-0.150385929999965],[119.819669719,-0.150385435999966],[119.819666089,-0.150384830999945],[119.819666124,-0.150384700999951],[119.81937346,-0.150335760999951],[119.8193631,-0.150334028999974],[119.819362869,-0.150333990999978],[119.819361609,-0.150333141999971],[119.81935965,-0.150331820999956],[119.818853354,-0.149992113999935],[119.8184008,-0.149688459999942],[119.81827806,-0.149606107999946],[119.81766483,-0.149194649999976],[119.817581839,-0.14881889999998],[119.81738146,-0.147912810999975],[119.817375982,-0.147909656999961],[119.81714979,-0.147779320999976],[119.816978589,-0.147680861999969],[119.816391169,-0.147343034999952],[119.81554211,-0.146488470999944],[119.81522298,-0.14630288299998],[119.809915918,-0.142734352999985],[119.80995045,-0.142705249999947],[119.81021589,-0.142334720999939],[119.810474049,-0.142000349999932],[119.81067161,-0.141584649999972],[119.81053881,-0.140855439999948],[119.81022327,-0.139120209999926],[119.81026469,-0.137191250999943],[119.81027611,-0.136659499999952],[119.8102123,-0.136482909999927],[119.809850889,-0.135482700999943],[119.809637025,-0.135114981999949],[119.80887353,-0.133802229999955],[119.80862284,-0.133371199999947],[119.80857539,-0.133289609999964],[119.807767391,-0.132029084999944],[119.8077303,-0.131971219999978],[119.807512489,-0.13163142999997],[119.80565243,-0.128796479999953],[119.804903339,-0.128019659999956],[119.804895617,-0.128011651999948],[119.80434823,-0.127444000000004],[119.80389875,-0.126977889999988],[119.80299863,-0.125897670999961],[119.80251704,-0.125319729999957],[119.801560469,-0.12414296999998],[119.8008196,-0.124004929999954],[119.80012578,-0.123875649999946],[119.79800028,-0.123340939999945],[119.79740653,-0.122990619999939],[119.79645924,-0.122431699999939],[119.79538342,-0.121988759999973],[119.7952902,-0.121950380999975],[119.79380806,-0.121760650999937],[119.793507399,-0.122095029999967],[119.79313268,-0.122311949999925],[119.792936039,-0.12232790099996],[119.79284324,-0.12233544099997],[119.79276102,-0.122342109999976],[119.79268668,-0.122348139999929],[119.79248027,-0.122382470999987],[119.792251769,-0.12242048099995],[119.792146819,-0.122490989999963],[119.791888549,-0.122664500999979],[119.791681159,-0.123062130999924],[119.79131247,-0.123288080999945],[119.791221279,-0.123351729999969],[119.790949949,-0.123541139999929],[119.79058294,-0.12378516999996],[119.79021032,-0.123839309999933],[119.79014732,-0.123848470999983],[119.78984007,-0.12416477999995],[119.78969047,-0.124589509999973],[119.78956888,-0.124698780999959],[119.78937872,-0.12486968099995],[119.788962049,-0.125032380999923],[119.788571889,-0.125240260999933],[119.78825398,-0.125547539999961],[119.787917409,-0.125845780999953],[119.787495119,-0.125954259999966],[119.78730577,-0.125942619999934],[119.787055149,-0.125927200999975],[119.78662962,-0.125809770999977],[119.78634935,-0.125640919999962],[119.7862547,-0.125583900999972],[119.78613123,-0.125503519999937],[119.78587993,-0.125339950999943],[119.78547304,-0.125168300999981],[119.78523388,-0.125080160999977],[119.78505634,-0.125014720999965],[119.784649449,-0.124879220999962],[119.784230249,-0.124783699999974],[119.7842134,-0.124779859999939],[119.783707519,-0.124828389999948],[119.784526542,-0.122650910999948],[119.78530227,-0.120588540999966],[119.78619142,-0.118224649999947],[119.78628072,-0.11821692199993],[119.78629222,-0.118215925999948],[119.786354576,-0.11821052999994],[119.786406545,-0.118253459999957],[119.797485287,-0.115855214999958],[119.801624387,-0.115425107999958],[119.801624423,-0.115425102999959],[119.801624734,-0.115425066999933],[119.802705075,-0.11530020399994],[119.802711162,-0.115299499999932],[119.803033222,-0.115352375999984],[119.803084418,-0.11536078099994],[119.803641143,-0.114618482999961],[119.804025305,-0.114106266999958],[119.806998715,-0.11116065199997],[119.807764899,-0.110461678999965],[119.808277945,-0.110522036999952],[119.809025721,-0.111103640999952],[119.809495228,-0.11127970599995],[119.809604627,-0.111122171999975],[119.809622904,-0.111095851999956],[119.810038336,-0.111054309999929],[119.810599168,-0.111386653999944],[119.81128463,-0.111511283999965],[119.811824691,-0.111469739999965],[119.812177808,-0.111469739999965],[119.812842498,-0.111718999999997],[119.813424103,-0.112009801999927],[119.814171879,-0.112196745999944],[119.81444191,-0.112570633999958],[119.815044285,-0.112632948999936],[119.815646661,-0.11269526299998],[119.816332123,-0.113069152999969],[119.817162986,-0.113359954999971],[119.817703047,-0.113900015999941],[119.818056164,-0.114356989999977],[119.818430052,-0.115021680999978],[119.818679311,-0.115644826999923],[119.818845484,-0.116018716999976],[119.819510174,-0.116475689999964],[119.820174865,-0.116621091999958],[119.821026499,-0.116704177999963],[119.821587332,-0.116621091999958],[119.821940449,-0.116475689999964],[119.822189708,-0.116247202999949],[119.822792083,-0.115956400999953],[119.823182817,-0.116030825999934],[119.823478129,-0.115766499999948],[119.823783419,-0.115450199999941],[119.82408127,-0.11511583099998],[119.824246623,-0.114946610999932],[119.82439034,-0.114799529999974],[119.82493726,-0.114329589999959],[119.82522964,-0.113995220999933],[119.82541949,-0.113606640999941],[119.825442259,-0.113582120999978],[119.82544258,-0.113581770999939],[119.825746649,-0.113254200999961],[119.825967919,-0.112865619999978],[119.82614012,-0.112576439999946],[119.82661691,-0.112115549999952],[119.82690873,-0.111781180999978],[119.82719354,-0.111437769999955],[119.82748438,-0.111103399999933],[119.82777564,-0.110769039999988],[119.82808527,-0.110461780999975],[119.82845059,-0.110208729999959],[119.82882867,-0.109973749999939],[119.829206609,-0.109747810999984],[119.829673599,-0.109440529999968],[119.82992196,-0.109268819999962],[119.830288399,-0.109024810999934],[119.830658059,-0.108780789999971],[119.831029549,-0.108536779999955],[119.83128421,-0.108368939999939],[119.83139978,-0.108292770999926],[119.83176566,-0.108048759999978],[119.832129849,-0.107795710999938],[119.832493059,-0.107542959999935],[119.83285558,-0.107289619999965],[119.8332171,-0.10703657099999],[119.833576949,-0.106774489999971],[119.833934549,-0.106512410999936],[119.83428879,-0.106241289999967],[119.83463643,-0.105961130999964],[119.834980279,-0.105690019999943],[119.83532344,-0.105409870999946],[119.83567066,-0.105138749999981],[119.836030929,-0.104876670999944],[119.83638642,-0.104605549999977],[119.836520069,-0.104487213999964],[119.83671303,-0.104316360999979],[119.837030369,-0.104000069999924],[119.83734043,-0.103683779999934],[119.83764515,-0.103358449999972],[119.83794525,-0.10304216099996],[119.83824436,-0.10270778999995],[119.83854067,-0.10238245999995],[119.838833749,-0.102039059999924],[119.83896191,-0.101890869999985],[119.839035671,-0.101805571999933],[119.839122899,-0.101704700999967],[119.83937997,-0.101393979999957],[119.83940701,-0.101361300999943],[119.83947655,-0.101274780999968],[119.83968298,-0.101017909999951],[119.83975991,-0.100912480999969],[119.839946749,-0.100656439999967],[119.84020379,-0.100294969999944],[119.84046209,-0.099933499999963],[119.840726419,-0.099572029999931],[119.840993969,-0.099219599999974],[119.841101599,-0.099078419999958],[119.84126265,-0.098867169999959],[119.84148386,-0.098577160999976],[119.84153147,-0.098514740999979],[119.841773482,-0.098197951999969],[119.84180071,-0.09816231099996],[119.84203046,-0.097804379999952],[119.842038529,-0.097791810999988],[119.84217032,-0.097358059999979],[119.842173419,-0.097333440999936],[119.84222484,-0.09692431999998],[119.84226954,-0.096481550999958],[119.84229725,-0.096193390999931],[119.84231298,-0.096029739999945],[119.84237648,-0.095596000999942],[119.84243532,-0.094918290999943],[119.84246558,-0.094475519999946],[119.84252122,-0.094032750999936],[119.84254583,-0.093889630999967],[119.84259734,-0.093589969999937],[119.84272198,-0.093165259999981],[119.8428686,-0.092839679999948],[119.84290511,-0.092758620999981],[119.84293282,-0.092662290999952],[119.84302989,-0.09232487999998],[119.84307132,-0.091908019999947],[119.84307389,-0.091882109999978],[119.84307789,-0.091847889999949],[119.84312673,-0.091430300999952],[119.84321967,-0.091150680999937],[119.84326189,-0.091023659999962],[119.843361839,-0.090809599999953],[119.84345175,-0.090617019999974],[119.84351446,-0.09050318999994],[119.84367078,-0.09021941999993],[119.84388677,-0.089897039999928],[119.843912949,-0.089857949999958],[119.844080149,-0.089657550999956],[119.84419945,-0.089514559999941],[119.844444979,-0.089144059999967],[119.844626989,-0.088737419999971],[119.844750939,-0.088575170999951],[119.844896229,-0.088384999999996],[119.845169099,-0.088135956999966],[119.84522298,-0.08808677999997],[119.845247748,-0.088059042999938],[119.84526643,-0.088038120999957],[119.845295099,-0.088006009999956],[119.84552153,-0.087752420999947],[119.845817839,-0.087427100999955],[119.846087079,-0.087065640999926],[119.846282409,-0.08668611099996],[119.846352359,-0.086225259999934],[119.84640857,-0.085936400999967],[119.84643675,-0.085791520999978],[119.846568129,-0.085375850999978],[119.84678311,-0.085163379999934],[119.84688814,-0.085059570999934],[119.84720381,-0.084743279999943],[119.84737812,-0.084567370999939],[119.84751723,-0.084427000000013],[119.84770075,-0.084228430999931],[119.847817889,-0.084101669999944],[119.847930019,-0.083957889999967],[119.84809274,-0.083749249999931],[119.84828316,-0.08335164999994],[119.848359199,-0.083222779999973],[119.84850711,-0.082972119999972],[119.84883385,-0.082673899999973],[119.8490993,-0.082344620999946],[119.84911796,-0.082321479999964],[119.849383409,-0.081969049999948],[119.84944913,-0.081876720999963],[119.849519999,-0.08177715999994],[119.84960364,-0.081659965999967],[119.849596544,-0.081574817999976],[119.849949661,-0.080515466999942],[119.850107113,-0.080835532999978],[119.85009233,-0.080380439999944],[119.85012855,-0.080234520999968],[119.8502704,-0.079663149999936],[119.850303179,-0.079572360999977],[119.85062657,-0.078676859999979],[119.85142475,-0.077658879999953],[119.851962349,-0.076973239999979],[119.85469314,-0.073447710999975],[119.854820559,-0.073241839999989],[119.854933629,-0.073059149999952],[119.855187449,-0.072706729999942],[119.85520683,-0.072679229999951],[119.85544856,-0.072336239999976],[119.855627259,-0.072080620999948],[119.85570125,-0.071974779999951],[119.8557539,-0.071874589999935],[119.85590542,-0.071586219999971],[119.85595534,-0.071340270999942],[119.85599529,-0.071143450999958],[119.85613823,-0.070875649999945],[119.85620269,-0.070754889999936],[119.85645482,-0.070393429999976],[119.85663248,-0.069986799999928],[119.85670588,-0.069783460999932],[119.856782519,-0.069571140999923],[119.85698402,-0.069164499999954],[119.85699549,-0.06873078099995],[119.85704794,-0.068343720999966],[119.85705549,-0.068288009999952],[119.85710274,-0.068142419999964],[119.85719627,-0.067854269999946],[119.85730637,-0.06770526999998],[119.85745668,-0.067501849999934],[119.85774752,-0.067167509999941],[119.85797601,-0.066886500999946],[119.85802672,-0.066824119999983],[119.85834071,-0.066498809999934],[119.858638529,-0.066238259999983],[119.85867124,-0.06620963999996],[119.859018319,-0.065938540999978],[119.859372349,-0.06571529999997],[119.859390929,-0.06570357999994],[119.85940583,-0.065691689999937],[119.8597418,-0.06542344999997],[119.86004751,-0.065098129999974],[119.860335549,-0.064763789999976],[119.86313137,-0.062051779999936],[119.86432269,-0.060896179999933],[119.864633318,-0.060572029999955],[119.86463443,-0.060570869999933],[119.864876849,-0.060335340999927],[119.86495066,-0.060263629999954],[119.86498358,-0.060231150999938],[119.86527123,-0.059947359999966],[119.86550552,-0.059673799999938],[119.86552591,-0.059650000999968],[119.86555759,-0.059613010999956],[119.865645069,-0.059474719999966],[119.86579766,-0.059233489999936],[119.86597952,-0.058958399999942],[119.86603661,-0.058872039999934],[119.86613158,-0.058739369999956],[119.866295339,-0.05851058999998],[119.866500469,-0.058214450999967],[119.86655196,-0.058140110999943],[119.866599969,-0.058060929999952],[119.866782079,-0.057760590999985],[119.866856979,-0.057545849999946],[119.86692707,-0.057344929999945],[119.866955899,-0.057165700999977],[119.86699829,-0.056902160999937],[119.86705964,-0.05662470999994],[119.86709419,-0.056468429999938],[119.867116439,-0.056282049999943],[119.86716863,-0.055844949999948],[119.867175849,-0.055675029999983],[119.86717993,-0.05557903999994],[119.867187819,-0.055393159999942],[119.86728318,-0.055000919999942],[119.867293259,-0.054959430999934],[119.867464759,-0.054561840999963],[119.86753495,-0.054397089999962],[119.86764186,-0.054146179999975],[119.86764917,-0.054117869999979],[119.86765279,-0.05410388099995],[119.86767628,-0.05401292999995],[119.86771421,-0.053866059999962],[119.8678054,-0.053679329999968],[119.86791278,-0.053459440999973],[119.86814211,-0.053240459999933],[119.868225079,-0.053161239999952],[119.86841679,-0.052893110999947],[119.86848998,-0.052790750999977],[119.86862758,-0.052559790999974],[119.8687107,-0.052420270999967],[119.86879605,-0.052245600999924],[119.868905209,-0.052022224999978],[119.8689094,-0.052013649999941],[119.86909478,-0.051607019999959],[119.86926249,-0.051200399999976],[119.869459369,-0.050802809999941],[119.86965808,-0.050405220999949],[119.86984514,-0.04998955999998],[119.870021679,-0.049582939999938],[119.87004338,-0.049538000000003],[119.870213659,-0.049185350999957],[119.870387489,-0.048841159999941],[119.87041446,-0.048787769999935],[119.870590349,-0.048453039999966],[119.870618639,-0.048399209999958],[119.87079953,-0.047983560999975],[119.87095069,-0.04756789999994],[119.8710804,-0.04714321099993],[119.87115541,-0.046700449999942],[119.871169866,-0.04661972199995],[119.8712011,-0.04644530099995],[119.87123308,-0.046266720999947],[119.87128998,-0.046066809999959],[119.871353949,-0.04584202999997],[119.87146809,-0.045399270999954],[119.87149434,-0.045300500999932],[119.871583349,-0.044965539999973],[119.871657239,-0.044666339999938],[119.87168824,-0.044540850999976],[119.87174993,-0.044107119999981],[119.87173363,-0.044049920999954],[119.87172775,-0.044029310999986],[119.87162566,-0.043673409999941],[119.87151676,-0.04344743099995],[119.871503849,-0.043420630999953],[119.87143407,-0.043275840999966],[119.871420999,-0.043195299999981],[119.871358469,-0.042815009999971],[119.871376889,-0.04263580099996],[119.87140305,-0.042381290999977],[119.871603859,-0.04199273999995],[119.871834009,-0.041672199999941],[119.87186988,-0.041622249999937],[119.87188889,-0.041597579999977],[119.87198419,-0.041473879999963],[119.87208193,-0.041347000000007],[119.87209012,-0.04133637999997],[119.87214137,-0.041269850999926],[119.87224742,-0.041142429999988],[119.87242717,-0.040926470999983],[119.872606799,-0.040728230999949],[119.87272194,-0.040601170999937],[119.872835285,-0.040473763999957],[119.87301938,-0.04026683099994],[119.873046609,-0.040236829999972],[119.87310096,-0.040176930999967],[119.87331457,-0.039941530999964],[119.87343884,-0.039789210999978],[119.873602059,-0.039589119999964],[119.87385676,-0.039287759999987],[119.87388463,-0.039254789999979],[119.87413887,-0.038925449999965],[119.874156679,-0.038902379999975],[119.87423246,-0.03879764999994],[119.874418219,-0.038540940999955],[119.87452778,-0.038386620999976],[119.874613129,-0.038266409999949],[119.87467485,-0.038179490999936],[119.87492642,-0.037809009999931],[119.87503947,-0.03764788099994],[119.87517366,-0.037456609999938],[119.875412049,-0.037077089999976],[119.875643709,-0.036697580999942],[119.875664699,-0.03666312999997],[119.87587496,-0.036318069999934],[119.87611335,-0.035938559999976],[119.876366619,-0.035577110999954],[119.87641757,-0.035510699999983],[119.87651983,-0.035377414999977],[119.87663699,-0.035224710999953],[119.87691073,-0.034872299999961],[119.87696269,-0.034803029999984],[119.877175069,-0.034519899999965],[119.877414439,-0.034140379999946],[119.877634049,-0.033751839999986],[119.877843269,-0.03336328999995],[119.87798004,-0.033087119999958],[119.87804465,-0.032956670999967],[119.87824153,-0.032559089999961],[119.87843575,-0.032161509999978],[119.87862448,-0.031765240999962],[119.87862941,-0.031754889999953],[119.878635309,-0.031743219999955],[119.878825879,-0.031366339999984],[119.87888947,-0.031232050999968],[119.87901842,-0.030959730999935],[119.87920661,-0.030562149999981],[119.879388119,-0.030178659999933],[119.880627844,-0.027847931999935],[119.88081818,-0.027435224999979],[119.880992725,-0.026919566999946],[119.881089219,-0.026586339999945],[119.88117386,-0.026258949999941],[119.881199019,-0.026161659999952],[119.88131036,-0.025718900999953],[119.88143575,-0.025295559999965],[119.88143614,-0.025294219999978],[119.88157736,-0.024878570999933],[119.88172642,-0.024453879999953],[119.881875909,-0.024038230999959],[119.88201992,-0.023613549999941],[119.88215889,-0.023188860999942],[119.88229407,-0.022764179999973],[119.88233443,-0.022623119999939],[119.88241818,-0.022330449999968],[119.88252416,-0.021924690999931],[119.8825291,-0.02190577099998],[119.88252936,-0.021904600999965],[119.8826251,-0.021474190999936],[119.88262557,-0.021472049999942],[119.88269197,-0.021083090999982],[119.88270115,-0.021029300999947],[119.882724927,-0.020809793999951],[119.88274911,-0.020586539999961],[119.8827629,-0.020384870999985],[119.88277939,-0.020143789999972],[119.882816269,-0.01969200099996],[119.88287081,-0.019328419999972],[119.88288133,-0.019258279999973],[119.88293543,-0.019091090999955],[119.88301876,-0.018833589999937],[119.88307636,-0.018675879999935],[119.88317385,-0.018408909999957],[119.88326641,-0.017984229999977],[119.883323759,-0.017550510999972],[119.88337017,-0.017098719999981],[119.88342023,-0.01665595999998],[119.88344106,-0.016454799999969],[119.88346608,-0.016213210999988],[119.88351011,-0.015770459999938],[119.88354448,-0.015425899999969],[119.88355428,-0.015327699999946],[119.883580529,-0.015076530999976],[119.88360055,-0.01488495099995],[119.883604063,-0.014853336999977],[119.88363154,-0.014606049999945],[119.883650749,-0.014433159999954],[119.8836722,-0.014270939999966],[119.8837081,-0.01399943999997],[119.883745479,-0.013793849999955],[119.883788589,-0.013556690999961],[119.88390821,-0.013122969999925],[119.88400806,-0.012698289999946],[119.884012062,-0.012669890999973],[119.88406725,-0.012278289999922],[119.884070459,-0.012255529999947],[119.884074899,-0.012225729999951],[119.88411351,-0.011966390999926],[119.884169639,-0.01161846999998],[119.88418349,-0.011532669999955],[119.88425739,-0.011098950999954],[119.884293489,-0.010869550999933],[119.884328479,-0.010647159999973],[119.88438373,-0.010204409999983],[119.8844509,-0.009770690999979],[119.884570099,-0.009336969999944],[119.884669949,-0.008903249999949],[119.88472899,-0.008460500999954],[119.88473795,-0.008324330999938],[119.88475871,-0.008008709999954],[119.88475518,-0.00793806999997],[119.88475202,-0.00787488999993],[119.884742829,-0.007684360999972],[119.88473712,-0.007565959999969],[119.88468355,-0.007153539999937],[119.88467961,-0.00712321099997],[119.884680729,-0.006680449999984],[119.88475225,-0.006490680999953],[119.88483738,-0.006264809999955],[119.88490918,-0.00583109099995],[119.884947619,-0.005519100999948],[119.88496485,-0.005379299999971],[119.88500908,-0.005109491999978],[119.88503595,-0.004945579999972],[119.88516929,-0.004406010999954],[119.88518109,-0.004358259999948],[119.885288089,-0.003924540999946],[119.885346569,-0.003667659999964],[119.88538682,-0.003490819999971],[119.885466759,-0.003057109999931],[119.88547241,-0.00296787999997],[119.88549536,-0.002605320999974],[119.885463069,-0.002314049999941],[119.88544628,-0.00216256999994],[119.88541653,-0.001989149999936],[119.88566432,-0.001235519999965],[119.88569028,-0.001156559999978],[119.885518139,-5.06699999968E-4],[119.88532435,2.24930000061E-4],[119.88507164,0.001072960000032],[119.885049899,0.001145930000057],[119.88499394,0.001596629000059],[119.884866939,0.002619519000066],[119.88362462,0.010302580000026],[119.88362369,0.010308350000059],[119.88362334,0.01031051000006],[119.88347086,0.010648249000048],[119.88331178,0.011000600000047],[119.883274015,0.011456840000059],[119.8832203,0.012105789000038],[119.88316,0.012652200000049],[119.88303736,0.013763590000044],[119.88257537,0.015972940000029],[119.88230554,0.017263390000038],[119.88184817,0.020486890000016],[119.881374043,0.025131806000037],[119.881370321,0.025146375000019],[119.881318392,0.025478720000013],[119.881235306,0.025862994000023],[119.881214534,0.026278426000025],[119.881058747,0.026662700000028],[119.880954889,0.02774022400007],[119.880871803,0.028269901000045],[119.880778331,0.028623017000016],[119.880342128,0.030064045000069],[119.880290199,0.030406775000073],[119.880134412,0.030863751000026],[119.880092869,0.031279183000037],[119.879957854,0.031632299000027],[119.879500879,0.032512495000043],[119.879199691,0.032990241000044],[119.878947434,0.033354613000022],[119.878919275,0.033395286000034],[119.878607701,0.034161239000075],[119.878399986,0.03461821200005],[119.878244199,0.034888244000047],[119.87806764,0.035438691000018],[119.877922239,0.035864507000038],[119.877558737,0.036321483000057],[119.877411009,0.036562771000029],[119.877247163,0.036830386000018],[119.877070605,0.037318518000063],[119.876759031,0.038232467000055],[119.876677186,0.038820262000057],[119.8761767,0.039828060000043],[119.87582419,0.040774530000007],[119.875712348,0.041074806000036],[119.875658138,0.041031436000032],[119.875595823,0.041036630000067],[119.875580244,0.041124910000062],[119.875578421,0.041130281000045],[119.874930156,0.043040696000052],[119.874894782,0.043144945000044],[119.874896058,0.043366988000054],[119.874896089,0.044213520000032],[119.874896103,0.044528941000058],[119.87489613,0.04516992900005],[119.8749877,0.047380330000069],[119.875001039,0.047404740000053],[119.875422002,0.048175211000054],[119.8759941,0.049222300000058],[119.87630723,0.050228990000047],[119.87659077,0.05114055000006],[119.87662357,0.051230180000052],[119.8767728,0.051654850000023],[119.87684646,0.05187706000003],[119.876916569,0.052088569000033],[119.87704897,0.052522280000054],[119.877178009,0.052955990000048],[119.8773229,0.053380669000032],[119.877461879,0.053764380000071],[119.87747999,0.053814380000058],[119.87762193,0.054239060000049],[119.8777197,0.054681809000042],[119.87775001,0.055124570000034],[119.877740489,0.055303020000043],[119.87772591,0.055576360000035],[119.87767671,0.056028149000044],[119.877663739,0.056157219000059],[119.877638717,0.056406160000053],[119.8776313,0.056479950000032],[119.87761729,0.056931740000038],[119.87766514,0.057383529000046],[119.877774549,0.057826280000026],[119.87789285,0.058153079000027],[119.87792827,0.058250950000052],[119.87811579,0.058657549000022],[119.878282469,0.058992190000028],[119.87831832,0.059064160000054],[119.87851636,0.059470760000069],[119.878689299,0.059886399000052],[119.878840779,0.06031107000007],[119.87898777,0.060744780000056],[119.87907632,0.06103328900001],[119.87912088,0.061178499000048],[119.87916177,0.061344820000041],[119.87922973,0.061621240000014],[119.87929173,0.061988350000029],[119.8793045,0.062064000000003],[119.87933538,0.062506749000022],[119.879327369,0.062847139000033],[119.87932475,0.062958540000064],[119.879286769,0.063410330000069],[119.8792449,0.063777029000041],[119.87923518,0.063862129000023],[119.87921951,0.064002469000052],[119.87918472,0.06431392000007],[119.87914786,0.064765710000076],[119.87912437,0.065057010000032],[119.879111429,0.06521750900003],[119.879073869,0.065660260000075],[119.87907192,0.065681290000037],[119.87855651,0.066352810000066],[119.87847152,0.066994779000026],[119.878373619,0.067734320000045],[119.878330937,0.068121253000061],[119.878215519,0.069167570000049],[119.87809932,0.070221039000043],[119.878373879,0.072063019000046],[119.87865015,0.074549520000058],[119.87867316,0.075849150000066],[119.878401705,0.077678522000036],[119.878398669,0.078386314000051],[119.878398389,0.078386215000028],[119.87834447,0.078870740000071],[119.87833801,0.078948870000022],[119.878282899,0.079615240000054],[119.87818368,0.079848349000029],[119.87800849,0.080259959000047],[119.87783416,0.081489140000031],[119.877825619,0.081549379000019],[119.8776017,0.082338600000067],[119.877487424,0.082741363000016],[119.87709393,0.084128229000037],[119.87669614,0.084590386000055],[119.876372916,0.084965911000039],[119.87590475,0.085509830000042],[119.87453256,0.086523039000027],[119.874388599,0.086732421000014],[119.87438909,0.086732738000011],[119.873618012,0.087612223000063],[119.873563261,0.087643476000035],[119.872984592,0.08797379700007],[119.871936439,0.089367970000069],[119.87178023,0.089734999999995],[119.871422409,0.090575699000054],[119.87151401,0.091957210000022],[119.8717886,0.093707100000063],[119.87178868,0.094628099000027],[119.87142732,0.096811990000047],[119.87133149,0.097391159000047],[119.8713018,0.097505260000049],[119.87096565,0.098588500000056],[119.87088078,0.098873399000056],[119.870847948,0.098983615000058],[119.870550079,0.099983534000047],[119.87041691,0.100430569000016],[119.869799989,0.101207058000054],[119.86931922,0.101812180000019],[119.86924354,0.102056050000044],[119.86897239,0.102929837000029],[119.868404419,0.103387878000032],[119.86807172,0.103877142000038],[119.867739021,0.104209841000054],[119.867484604,0.104875240000067],[119.867793131,0.105415161000055],[119.867204526,0.105014567000054],[119.86675274,0.105444933000054],[119.866263253,0.10630185200005],[119.864646939,0.107714946000053],[119.864453311,0.107723365000035],[119.863553066,0.108310480000054],[119.862871193,0.108266489000076],[119.86287019,0.108258416000063],[119.86285669,0.108149770000063],[119.8622902,0.107579570000036],[119.859269139,0.107009589000027],[119.85860412,0.108510870000025],[119.859080679,0.110811319000048],[119.86006636,0.112169039000027],[119.86065118,0.112883820000042],[119.860655728,0.112888047000077],[119.860773067,0.112997129000058],[119.860773103,0.112997161000071],[119.860778895,0.112997952000053],[119.863090712,0.113313199000053],[119.863240274,0.113259260000051],[119.863929446,0.113010706000056],[119.863992932,0.11386776700004],[119.864126747,0.114559142000071],[119.864126192,0.115804683000019],[119.864742539,0.117092990000053],[119.865499999,0.118336881000055],[119.867046629,0.120876740000022],[119.867169129,0.121224830000077],[119.86762791,0.122528510000043],[119.868077539,0.123806160000073],[119.86886593,0.126430440000027],[119.869197381,0.127343370000063],[119.870018123,0.12960396900008],[119.87106668,0.132325920000035],[119.871066759,0.132325991000069],[119.871314609,0.132563140000056],[119.87260805,0.135013849000063],[119.87414049,0.137588880000065],[119.875109451,0.13831103900003],[119.87781343,0.140326289000019],[119.87926682,0.141012830000007],[119.880344011,0.140715453000027],[119.88064211,0.140633160000048],[119.88186375,0.139648104000052],[119.88243911,0.138347257000016],[119.882481441,0.138251551000049],[119.882560207,0.138073466000037],[119.882833944,0.137454567000011],[119.88300681,0.137063730000028],[119.883327414,0.136596250000021],[119.889997145,0.13668837200004],[119.89011966,0.136585548000029],[119.890410108,0.136349901000061],[119.890675995,0.13613418200004],[119.891086581,0.135801064000015],[119.891086714,0.135801063000033],[119.891091728,0.135796889000058],[119.891123366,0.135770550000064],[119.891152707,0.135746122000057],[119.891433562,0.134764660000022],[119.891504095,0.134518179000058],[119.892046862,0.132621448000066],[119.892063276,0.132623855000018],[119.892064456,0.132620948000062],[119.892064652,0.13262046700004],[119.89206514,0.132619264000025],[119.892065172,0.132619372000011],[119.892385237,0.131862497000031],[119.892397789,0.131832815000048],[119.892500613,0.131510496000024],[119.892706925,0.131089623000035],[119.89279291,0.130861763000042],[119.892471291,0.129166273000054],[119.891878271,0.126040029000019],[119.892982549,0.125060510000015],[119.892989769,0.125054108000015],[119.893040652,0.125008971000061],[119.893051388,0.124999448000046],[119.89407635,0.124090300000039],[119.894193602,0.123986983000062],[119.8942584,0.123929889000061],[119.894812576,0.123441602000062],[119.89529081,0.123020227000034],[119.896435639,0.122011510000054],[119.89741788,0.121178590000051],[119.89746182,0.121141330000045],[119.89746191,0.121141260000044],[119.897905653,0.12076497300007],[119.898080169,0.120616989000035],[119.898819317,0.120452041000011],[119.90144242,0.119866670000015],[119.905104999,0.118518616000069],[119.90510768,0.118517631000032],[119.90556788,0.118348250000055],[119.909943193,0.116607777000066],[119.91138764,0.116443636000043],[119.912526504,0.116314220000043],[119.913416503,0.11632303100003],[119.916479753,0.116353361000055],[119.918906175,0.116503966000031],[119.919317481,0.116529495000063],[119.922507479,0.116725201000066],[119.923502426,0.116824696000033],[119.924660238,0.116940476000015],[119.925504709,0.117175052000048],[119.926421586,0.117429740000024],[119.926603979,0.117525451000064],[119.928398211,0.118466978000068],[119.92901398,0.118536361000046],[119.929787719,0.118623543000063],[119.930971959,0.118443659000031],[119.931333792,0.118388697000051],[119.934093237,0.118310413000077],[119.934111132,0.118300174000062],[119.93411686,0.118300040000065],[119.934792979,0.117910006000054],[119.937615934,0.116294649000049],[119.939220719,0.115707533000035],[119.9395997,0.115495867000047],[119.94198389,0.114206210000017],[119.942394598,0.113934886000025],[119.94290039,0.113600749000056],[119.943359148,0.113011112000045],[119.947322921,0.107473229000052],[119.949514822,0.10412666700006],[119.950642009,0.103176294000032],[119.950682642,0.103198039000067],[119.953155246,0.101175408000065],[119.954323959,0.100069594000042],[119.963139688,0.091728312000045],[119.963500921,0.091667338000026],[119.96408031,0.091625140000075],[119.965496602,0.091994956000057],[119.965622371,0.09202958700006],[119.968535878,0.091910346000012],[119.969051775,0.091889233000075],[119.968582648,0.091012605000063],[119.96821349,0.09037315000006],[119.967828914,0.089625335000047],[119.96782687,0.089621360000015],[119.967549708,0.089082415000061],[119.967157863,0.088350199000046],[119.966027735,0.087801910000051],[119.96600472,0.087793130000027],[119.96520528,0.08748816000001],[119.96436582,0.086995620000031],[119.963182772,0.086109504000036],[119.96312676,0.086067550000046],[119.9627218,0.085764220000044],[119.96170741,0.084884670000068],[119.96135761,0.08442726000004],[119.96122804,0.083826420000031],[119.96072783,0.081506870000057],[119.960639148,0.081204435000073],[119.960615282,0.081118802000039],[119.9604519,0.080555450000015],[119.960067062,0.079228470000021],[119.95999313,0.07897354000005],[119.959913828,0.078762417000064],[119.95968441,0.078151650000041],[119.95961456,0.077965670000026],[119.95942831,0.077469813000048],[119.95939841,0.07739021000003],[119.95824941,0.075101970000048],[119.95764933,0.073906890000035],[119.957649312,0.073906860000021],[119.957589,0.073778800000064],[119.95993065,0.072067590000069],[119.96018017,0.071935030000022],[119.95982012,0.07100433000005],[119.959290538,0.069403790000018],[119.95907873,0.068763650000053],[119.958674908,0.066849090000061],[119.95821355,0.064661740000016],[119.958112846,0.06427599999999],[119.957984431,0.063784120000032],[119.95759556,0.062294560000047],[119.95704044,0.061100179000038],[119.95673052,0.060433360000032],[119.95652042,0.060202970000036],[119.95537105,0.058942620000041],[119.95462974,0.057948790000062],[119.954314841,0.057060180000061],[119.9540118,0.05620503000006],[119.954002979,0.05613409800002],[119.95376462,0.054217290000048],[119.95401164,0.052843930000043],[119.95487679,0.051479570000014],[119.95493871,0.049988760000009],[119.954991366,0.048768152000039],[119.955048088,0.047453267000033],[119.95506184,0.047314406000057],[119.955080437,0.047126611000065],[119.955288589,0.045874602000017],[119.955306395,0.045776260000028],[119.956571745,0.044525768000027],[119.957158931,0.043718620000047],[119.9574104,0.043392970000065],[119.957410392,0.043122830000061],[119.957410389,0.04301659200006],[119.95741039,0.043013060000019],[119.957410346,0.041891306000029],[119.957405187,0.038544644000056],[119.957470153,0.038219748000075],[119.9577812,0.036544290000041],[119.95789829,0.036013270000065],[119.958027956,0.035425254000073],[119.95802825,0.035423920000022],[119.957884525,0.034643946000072],[119.95769629,0.033622420000027],[119.95741058,0.032071880000041],[119.95737795,0.031992999999996],[119.957210824,0.031588961000068],[119.95719264,0.031544999999997],[119.9555569,0.027590480000065],[119.95519122,0.026930090000057],[119.95432114,0.025358810000053],[119.95430254,0.025344787000043],[119.95316315,0.02448574000005],[119.95234387,0.023868040000023],[119.9523438,0.023867864000064],[119.952343217,0.023867429000057],[119.951355092,0.021376348000033],[119.95135539,0.021374846000069],[119.95135519,0.021374340000016],[119.951443863,0.020929502000056],[119.951725438,0.019512143000037],[119.951662747,0.01927394900002],[119.951627899,0.019142637000066],[119.951627782,0.01914219300005],[119.95123172,0.017642790000025],[119.950405999,0.016900202000041],[119.94999599,0.016531480000017],[119.94927695,0.016329960000065],[119.94777165,0.015908080000031],[119.94736433,0.01572129000004],[119.94726734,0.015676810000047],[119.947218836,0.015654566000027],[119.94641224,0.015284660000016],[119.9454236,0.014796770000022],[119.94480573,0.01392036000004],[119.94439402,0.011918900000068],[119.94406415,0.010315290000048],[119.944063603,0.010311063000079],[119.94369364,0.007451100000013],[119.94313774,0.001487810000059],[119.94264356,-0.001249889999938],[119.942318395,-0.004850172999968],[119.94227308,-0.00535191999996],[119.94147337,-0.008173959999964],[119.94128475,-0.008839559999965],[119.941265541,-0.008945919999971],[119.94079032,-0.011577259999971],[119.94116139,-0.013438529999985],[119.941418428,-0.013792160999965],[119.94185452,-0.014392129999988],[119.94252082,-0.015308819999971],[119.943517798,-0.017064087999926],[119.94400395,-0.017920000000011],[119.944050843,-0.018721449999934],[119.94412767,-0.020034259999936],[119.94190339,-0.023765879999935],[119.940663851,-0.025010610999977],[119.94004984,-0.025627199999983],[119.94004493,-0.025701679999945],[119.939926483,-0.027497509999937],[119.94016802,-0.028228599999979],[119.940318823,-0.028685053999935],[119.940454299,-0.029095109999963],[119.94053034,-0.02932527999997],[119.94054439,-0.029367809999947],[119.94184254,-0.03483413999993],[119.94184288,-0.036704449999949],[119.941732342,-0.036815261999948],[119.94097767,-0.037571869999971],[119.93998906,-0.038321829999983],[119.940097506,-0.038676497999978],[119.94048358,-0.039939139999953],[119.941106769,-0.040774320999955],[119.94159595,-0.041429919999934],[119.942832002,-0.042803239999962],[119.94323214,-0.043907179999957],[119.94332651,-0.04416754999994],[119.943334289,-0.044230379999934],[119.943390102,-0.044681289999973],[119.94357368,-0.046164349999977],[119.94270888,-0.049516479999971],[119.942858183,-0.050572998999944],[119.94295276,-0.05124220999994],[119.943115819,-0.052063980999943],[119.94320375,-0.052507139999943],[119.94332724,-0.054368409999942],[119.943396018,-0.054855569999974],[119.94339854,-0.054873429999929],[119.94345097,-0.055244819999932],[119.94350505,-0.055841029999964],[119.94357472,-0.056609149999931],[119.94418283,-0.057892129999977],[119.94471967,-0.058542639999926],[119.944792571,-0.059366939999961],[119.94493463,-0.060973119999981],[119.944920383,-0.061091979999966],[119.94472018,-0.062762119999951],[119.944620081,-0.063122749999939],[119.94445183,-0.063728909999957],[119.944271381,-0.064093239999976],[119.94412962,-0.064379469999956],[119.94412973,-0.064666679999961],[119.94412995,-0.065246859999945],[119.94418355,-0.06583414999995],[119.94504265,-0.066538849999979],[119.94559481,-0.067020990999936],[119.94635668,-0.067686249999952],[119.946945179,-0.068428369999935],[119.94734539,-0.068933059999949],[119.94755372,-0.071237079999951],[119.94759293,-0.071670722999965],[119.94735171,-0.072008639999977],[119.94708337,-0.072384539999977],[119.94633208,-0.073405579999935],[119.94605555,-0.073545209999961],[119.94547305,-0.073839329999939],[119.94438022,-0.075772959999949],[119.94422731,-0.075926658999944],[119.9438858,-0.076269929999971],[119.943497082,-0.076736110999954],[119.94326799,-0.077010869999926],[119.943191071,-0.077204269999932],[119.942507412,-0.078923330999948],[119.94227981,-0.079495649999958],[119.942432239,-0.080008109999944],[119.94265067,-0.080742489999973],[119.942229711,-0.082014829999942],[119.94190929,-0.082983299999968],[119.941629029,-0.084675075999934],[119.941626625,-0.084689587999946],[119.94141534,-0.08596498999998],[119.941126,-0.086589259999934],[119.93968573,-0.089696719999954],[119.938732971,-0.092428249999964],[119.938665433,-0.092621870999954],[119.93721486,-0.096780629999961],[119.937070391,-0.09723803099997],[119.937068928,-0.097242668999968],[119.93706617,-0.097251389999937],[119.937065943,-0.097252108999957],[119.93675366,-0.098240839999956],[119.936485741,-0.099089109999976],[119.93635015,-0.099518419999931],[119.936226612,-0.099823700999934],[119.93579439,-0.100891839999984],[119.93431141,-0.102256319999932],[119.93277469,-0.102956138999964],[119.93159268,-0.103494419999951],[119.93107837,-0.103778399999954],[119.92912134,-0.104858989999965],[119.92904158,-0.10490249899994],[119.92903215,-0.104907639999964],[119.928398014,-0.105253513999971],[119.927535231,-0.105724100999963],[119.92615555,-0.106476619999968],[119.92514296,-0.106935719999977],[119.92368389,-0.107597249999966],[119.92220117,-0.10883524999998],[119.92071822,-0.110579239999943],[119.91921288,-0.115364219999945],[119.918215862,-0.117585269999947],[119.91819444,-0.117574009999942],[119.91513874,-0.115967859999956],[119.915138721,-0.115967900999973],[119.91510375,-0.116077019999983],[119.91378388,-0.121101599999974],[119.913602464,-0.121944771999956],[119.91320374,-0.123797939999982],[119.91278463,-0.124479189999932],[119.91245756,-0.12501083999996],[119.912086273,-0.125477820999952],[119.91153914,-0.126165969999939],[119.90975967,-0.127956499999929],[119.90961068,-0.128272989999982],[119.90924309,-0.129053869999948],[119.909071657,-0.129381640999961],[119.90869353,-0.130104599999923],[119.90866971,-0.130150139999952],[119.90866962,-0.130150309999978],[119.90866914,-0.130151209999961],[119.908567935,-0.130198578999968],[119.90815855,-0.13039018999996],[119.90620067,-0.131306569999932],[119.905648725,-0.131594949999969],[119.90321556,-0.132866229999935],[119.902323229,-0.133414946999946],[119.902207439,-0.133486147999974],[119.90114895,-0.13413703999993],[119.90096069,-0.134347519999946],[119.90064943,-0.134695514999979],[119.90063235,-0.13471460999995],[119.90011585,-0.136331769999979],[119.89977173,-0.139103939999928],[119.8999441,-0.14025897999995],[119.90143702,-0.142453379999951],[119.90235573,-0.14366608999995],[119.90608485,-0.149313139999951],[119.90706098,-0.150699069999976],[119.90734144,-0.151169149999932],[119.907405519,-0.151276549999976],[119.90766693,-0.151714709999968],[119.90775005,-0.151854029999929],[119.90780755,-0.152489279999939],[119.90782622,-0.152882629999976],[119.907833668,-0.153039429999975],[119.90786512,-0.153702079999959],[119.90840307,-0.154729959999938],[119.90843936,-0.154799309999938]]]]},"properties":{"gid":1021,"luas":null,"idkec":"7205130","kdkab":"05","kdkec":"130","nmkab":"DONGGALA","nmkec":"BALAESANG","kdprov":"72","nmprov":"SULAWESI TENGAH","sumber":null,"periode":"2025_1"}},{"id":1022,"type":"Feature","geometry":{"type":"MultiPolygon","coordinates":[[[[119.807999608,-0.654248581999986],[119.807852496,-0.65390792499995],[119.807353203,-0.65275174099998],[119.807012989,-0.651816215999937],[119.806528186,-0.650778632999956],[119.806458749,-0.650580796999972],[119.805907297,-0.649009637999946],[119.80540123,-0.646015952999961],[119.805320429,-0.644863555999972],[119.805321572,-0.644863612999927],[119.805343368,-0.644720392999951],[119.805338251,-0.644719418999964],[119.80536027,-0.644459590999936],[119.805598077,-0.643279360999942],[119.805668539,-0.642469052999958],[119.805739,-0.641922977999974],[119.806064885,-0.640830822999937],[119.806839961,-0.639412785999985],[119.807340339,-0.638589795999958],[119.80737953,-0.638495509999929],[119.80751322,-0.638169379999963],[119.80754039,-0.638101880999959],[119.80755294,-0.638070709999973],[119.807601609,-0.637960770999942],[119.80773701,-0.637654929999939],[119.807938059,-0.637257219999929],[119.80793824,-0.63725689999996],[119.80803461,-0.637086159999973],[119.808072206,-0.637019547999961],[119.80816254,-0.636859500999957],[119.80841747,-0.636497899999937],[119.80849647,-0.636395270999975],[119.80869583,-0.636136299999983],[119.808828779,-0.635978949999982],[119.80884943,-0.635954509999978],[119.808986109,-0.635792760999952],[119.80927584,-0.635449220999938],[119.809553629,-0.63508760999997],[119.80981304,-0.634716979999951],[119.80995261,-0.634508089999945],[119.8100667,-0.634337310999966],[119.810317139,-0.63396667999997],[119.810520679,-0.63365443999993],[119.81056463,-0.633587020999932],[119.810810579,-0.633207359999973],[119.81154035,-0.630946409999991],[119.81167439,-0.629862160999948],[119.81167323,-0.629836660999964],[119.81167111,-0.629790360999952],[119.811693538,-0.629789522999949],[119.811685214,-0.629784702999936],[119.811669115,-0.629746703999953],[119.811411308,-0.629138173999934],[119.811181664,-0.628462040999986],[119.810907367,-0.628251546999929],[119.810733425,-0.62815573799998],[119.809401924,-0.627422326999979],[119.809041797,-0.627207379999964],[119.807756143,-0.626440019999961],[119.806263457,-0.625521498999946],[119.806150662,-0.625384039999976],[119.805446946,-0.624526434999961],[119.804834562,-0.623327254999947],[119.804426306,-0.622434247999944],[119.804285253,-0.622185562999962],[119.803941503,-0.621579513999966],[119.803724617,-0.62076304999994],[119.803546005,-0.620227244999969],[119.803156886,-0.619621276999969],[119.802314858,-0.618243493999965],[119.802085215,-0.617452543999952],[119.801759886,-0.616553157999932],[119.801453694,-0.615918484999951],[119.801003173,-0.615211457999974],[119.800982082,-0.61521804899997],[119.800686099,-0.614818839999944],[119.800242075,-0.614318859999968],[119.800241265,-0.614318967999962],[119.800211581,-0.614286703999947],[119.799626499,-0.613694772999964],[119.798931284,-0.61310284199994],[119.797747354,-0.612221828999968],[119.797127856,-0.611898331999949],[119.796336275,-0.611327049999946],[119.795930159,-0.610838361999931],[119.795097278,-0.61003305899993],[119.794360764,-0.609317234999937],[119.794216231,-0.609013733999978],[119.793930557,-0.608413851999955],[119.793648341,-0.608019804999972],[119.793312779,-0.607529394999973],[119.79332124,-0.607525471999964],[119.792921592,-0.606799997999938],[119.79291183,-0.606792788999947],[119.79229432,-0.605805370999978],[119.792245436,-0.605639126999965],[119.79109171,-0.601715519999969],[119.78952023,-0.598648479999953],[119.78905769,-0.59706830099999],[119.78905566,-0.597060809999961],[119.789055318,-0.597059548999934],[119.7888657,-0.59636102099995],[119.78878013,-0.596045819999973],[119.78900861,-0.595585229999934],[119.78914915,-0.595301910999977],[119.78928204,-0.594867449999925],[119.78929986,-0.594754449999927],[119.78933411,-0.594537310999961],[119.78946642,-0.594270590999936],[119.78966769,-0.593765760999925],[119.78976285,-0.59347484099994],[119.78981857,-0.593304519999954],[119.789861113,-0.593150154999933],[119.789900049,-0.593008879999955],[119.789938129,-0.592870700999931],[119.78990697,-0.592448249999959],[119.78993543,-0.592160310999937],[119.7899509,-0.592003810999928],[119.789906499,-0.591514970999925],[119.78990647,-0.591453859999949],[119.7899063,-0.591114999999999],[119.78991384,-0.591038790999968],[119.78994537,-0.590719730999986],[119.78995023,-0.590670559999976],[119.78995005,-0.590315020999983],[119.789861559,-0.589915089999976],[119.789861379,-0.589559550999983],[119.78973866,-0.589127959999937],[119.78968449,-0.588937460999954],[119.789711489,-0.588691689999972],[119.78972843,-0.588537459999945],[119.78971821,-0.588491269999964],[119.789699367,-0.588406109999942],[119.789555271,-0.588426526999978],[119.789433007,-0.587791850999969],[119.789322437,-0.587102954999985],[119.789347953,-0.586294991999991],[119.789464819,-0.586087982999971],[119.789465798,-0.585993903999961],[119.789683914,-0.585140453999943],[119.789695671,-0.585090390999945],[119.789922735,-0.584123588999947],[119.789947579,-0.584017807999942],[119.790321459,-0.581381071999944],[119.790311226,-0.581340926999937],[119.79031088,-0.581340924999954],[119.790321282,-0.580958174999985],[119.790343603,-0.580568807999953],[119.79039783,-0.579622905999944],[119.79039652,-0.579453231999942],[119.790389324,-0.578521522999952],[119.790389933,-0.578430834999961],[119.790393577,-0.57788790799999],[119.790304271,-0.577186253999976],[119.790257492,-0.576820542999948],[119.790258265,-0.576815718999978],[119.790324839,-0.576400447999964],[119.790334069,-0.576342872999926],[119.790327129,-0.576144403999936],[119.790333508,-0.576008331999958],[119.790333508,-0.575354511999932],[119.790276387,-0.575006359999979],[119.790244202,-0.574810198999961],[119.790133633,-0.573993727999951],[119.789946516,-0.573406888999956],[119.789877354,-0.573104320999962],[119.789794217,-0.572818189999967],[119.78958371,-0.572425901999969],[119.789338119,-0.571574347999951],[119.78901279,-0.570400671999955],[119.788827799,-0.56992864799998],[119.788620039,-0.569436561999972],[119.788075078,-0.568145807999945],[119.787775265,-0.567386742999926],[119.787634927,-0.567125216999956],[119.787357441,-0.566449076999966],[119.787229861,-0.566091869999978],[119.787134574,-0.565705959999945],[119.787141581,-0.565703570999969],[119.786934832,-0.565045765999971],[119.786689241,-0.564321784999945],[119.786523387,-0.563926305999928],[119.786453218,-0.562797279999924],[119.786287364,-0.562223196999985],[119.785757907,-0.559429329999952],[119.785343272,-0.55746469199994],[119.784775542,-0.555155603999939],[119.784265882,-0.553314486999978],[119.784067473,-0.552597745999947],[119.783193551,-0.550001615999985],[119.782223943,-0.54743099699994],[119.781834824,-0.546595387999967],[119.781490358,-0.545957516999979],[119.780948144,-0.544911407999964],[119.78027197,-0.543584636999934],[119.780023189,-0.543233807999971],[119.779982259,-0.543082686999982],[119.779940262,-0.542927629999949],[119.77988923,-0.542404575999975],[119.779831819,-0.542111154999938],[119.779155646,-0.539865847999978],[119.778626189,-0.538047913999951],[119.778166901,-0.536580810999967],[119.777994668,-0.535643137999962],[119.777758645,-0.534494968999979],[119.777420559,-0.533665735999932],[119.777088851,-0.533117164999972],[119.776916618,-0.532862015999975],[119.776604047,-0.532338960999943],[119.776183033,-0.53160540899995],[119.775781157,-0.531190791999965],[119.775053951,-0.530890991999972],[119.77480517,-0.530839961999964],[119.774498978,-0.530942020999935],[119.773861079,-0.530973915999942],[119.773251884,-0.530884613999953],[119.773015862,-0.530782552999948],[119.772495973,-0.530387072999937],[119.771807042,-0.530100030999958],[119.771472144,-0.529978834999948],[119.771108542,-0.529704548999979],[119.770942688,-0.529232522999967],[119.770786402,-0.528970996999931],[119.770814652,-0.528787378999943],[119.770980962,-0.528288471999931],[119.771154307,-0.527537339999989],[119.771025615,-0.527178573999955],[119.770834245,-0.526661896999938],[119.770451505,-0.526279172999978],[119.769915669,-0.525839040999927],[119.769609477,-0.525462695999985],[119.769456381,-0.525201167999965],[119.768646249,-0.523931800999954],[119.768652739,-0.52392702799995],[119.768499532,-0.523759575999982],[119.768059381,-0.522866552999972],[119.767887148,-0.522120241999978],[119.767459756,-0.521316520999965],[119.767185459,-0.520391605999983],[119.767210975,-0.520085425999986],[119.767013226,-0.518867087999978],[119.767102532,-0.518497121999929],[119.767607132,-0.51845424799996],[119.767586403,-0.51837158499996],[119.767727673,-0.518005958999937],[119.767884939,-0.517520853999946],[119.767885307,-0.517520845999975],[119.788042778,-0.515551287999925],[119.788042814,-0.515551283999973],[119.790258229,-0.515334819999969],[119.808142867,-0.513587341999936],[119.808144202,-0.513587212999936],[119.80814438,-0.513587198999976],[119.808165598,-0.513623413999936],[119.808204375,-0.513689599999962],[119.808206337,-0.51368915599994],[119.813283527,-0.529997976999947],[119.81336096,-0.53046438299999],[119.81359685,-0.531885240999948],[119.81369445,-0.532473129999972],[119.814053089,-0.534633260999963],[119.81407039,-0.534675500999925],[119.81407416,-0.534684710999954],[119.81513068,-0.537372280999929],[119.816494444,-0.540599147999959],[119.81683386,-0.541402250999968],[119.817333928,-0.542592697999965],[119.818058037,-0.54431649099996],[119.818063266,-0.544328943999977],[119.826256553,-0.541537232999936],[119.827123792,-0.541236041999982],[119.827126155,-0.541231127999937],[119.827135268,-0.541229297999964],[119.828658827,-0.540699247999956],[119.841035536,-0.536393360999974],[119.841150159,-0.537009094999975],[119.845475232,-0.535645093999957],[119.850133004,-0.533416113999974],[119.85572233,-0.529623520999967],[119.858366628,-0.527645585999961],[119.859278595,-0.527140633999973],[119.862661295,-0.52526764699997],[119.862672413,-0.525259093999983],[119.86269887,-0.525244450999937],[119.86327345,-0.52480241099994],[119.864918677,-0.523536707999943],[119.86494358,-0.523517549999959],[119.865939201,-0.522901418999945],[119.867338495,-0.522030340999948],[119.868770181,-0.521454460999961],[119.871676612,-0.521120773999937],[119.87174293,-0.521039722999945],[119.873026019,-0.519471568999962],[119.873032946,-0.519463100999939],[119.876068551,-0.518892601999939],[119.877586353,-0.518149877999975],[119.87949168,-0.517902304999948],[119.88093413,-0.517579380999959],[119.881154641,-0.517409316999936],[119.883532315,-0.515575598999941],[119.883605257,-0.515533287999971],[119.883610339,-0.515530339999942],[119.8845253,-0.515864249999932],[119.88544264,-0.517172739999985],[119.8856905,-0.517526289999987],[119.88715889,-0.51825924999998],[119.888186289,-0.518772079999972],[119.88884551,-0.518896445999929],[119.890412323,-0.519177852999985],[119.89276976,-0.518930276999927],[119.8978771,-0.516623154999932],[119.89799869,-0.51656286099996],[119.898207724,-0.516537921999947],[119.900617122,-0.516239248999973],[119.90373331,-0.515070723999949],[119.903889547,-0.515012137999976],[119.903892294,-0.515009962999956],[119.906010165,-0.513332935999934],[119.907517203,-0.512622502999938],[119.909723937,-0.512030474999958],[119.910278013,-0.511681180999975],[119.91033789,-0.511641559999931],[119.910720079,-0.511388660999963],[119.9113474,-0.510999199999962],[119.912164977,-0.510491619999931],[119.91271543,-0.510149880999957],[119.913720579,-0.509790539999927],[119.91387953,-0.509733719999934],[119.914084284,-0.509695486999928],[119.91490444,-0.509542339999941],[119.915625789,-0.509407639999945],[119.91573974,-0.509400069999979],[119.91789972,-0.509256604999964],[119.91797497,-0.509247948999937],[119.918278347,-0.509382370999956],[119.924394296,-0.512092288999953],[119.9251334,-0.512419777999981],[119.926152445,-0.512419777999981],[119.929166521,-0.51289339899995],[119.930631803,-0.513240343999937],[119.931844949,-0.513520370999969],[119.932660972,-0.513720804999941],[119.935955368,-0.51450084199996],[119.93750778,-0.514444393999953],[119.937534169,-0.514443433999941],[119.937539572,-0.51444831599998],[119.937806369,-0.514689416999941],[119.938284629,-0.515121615999938],[119.938841319,-0.515771087999961],[119.939292675,-0.516194233999959],[119.939456457,-0.516180584999974],[119.939631192,-0.516166023999972],[119.939718047,-0.516050217999977],[119.93978474,-0.516137814999978],[119.940364646,-0.516137814999978],[119.941295568,-0.516137814999978],[119.942395749,-0.516222443999943],[119.943062078,-0.516361262999975],[119.943072783,-0.516363492999978],[119.943608768,-0.516702009999968],[119.943778027,-0.51698410699993],[119.943745927,-0.517032256999929],[119.94446035,-0.518930580999951],[119.944515024,-0.518925335999936],[119.94496015,-0.51979535999994],[119.94558043,-0.521007719999944],[119.94590962,-0.521651129999955],[119.94632537,-0.52222855999997],[119.946653867,-0.522684809999935],[119.94672547,-0.522784259999991],[119.946740825,-0.522805584999964],[119.94679972,-0.52288738099998],[119.94704988,-0.523234829999976],[119.94698565,-0.523242379999944],[119.94859906,-0.524748400999964],[119.94859987,-0.524749159999951],[119.94937118,-0.525469129999974],[119.95000952,-0.52638578999995],[119.95062177,-0.527265000000007],[119.95066744,-0.527375139999951],[119.950896439,-0.527927405999948],[119.95151547,-0.529420289999967],[119.951541839,-0.529546024999946],[119.95223124,-0.532833199999971],[119.952635347,-0.534495931999971],[119.953006211,-0.536021878999977],[119.95329633,-0.537215589999965],[119.95365402,-0.538472929999962],[119.95401185,-0.540089559999959],[119.95401265,-0.541706349999978],[119.95365696,-0.544580829999983],[119.953565118,-0.545696367999948],[119.9536212,-0.546667123999953],[119.953995702,-0.553149637999984],[119.954008097,-0.55318014599994],[119.95399842,-0.553192710999953],[119.95399758,-0.55319380099996],[119.95389128,-0.553332570999946],[119.95367994,-0.553608490999986],[119.95072639,-0.555272450999956],[119.947281149,-0.555979929999975],[119.94649208,-0.556141969999946],[119.94452268,-0.556621829999931],[119.944332719,-0.556578639999941],[119.94146935,-0.555927639999936],[119.939900949,-0.555576750999932],[119.939696399,-0.555530979999966],[119.939572869,-0.555416900999948],[119.938415439,-0.554347990999931],[119.936641099,-0.551701520999937],[119.93604998,-0.551403650999937],[119.93536052,-0.551304599999984],[119.93493868,-0.551627460999957],[119.93447454,-0.551982699999941],[119.93432983,-0.552050049999931],[119.93299774,-0.552670119999969],[119.93201298,-0.552959739999956],[119.930535839,-0.552960480999963],[119.92911157,-0.552242740999933],[119.92836846,-0.551868269999949],[119.92600419,-0.550785190999939],[119.92501629,-0.550733890999946],[119.92393587,-0.55067778999995],[119.92295129,-0.551066800999935],[119.92097702,-0.551734980999922],[119.91891415,-0.552433150999949],[119.91705036,-0.552924330999938],[119.915960069,-0.553211669999946],[119.915327769,-0.553384030999956],[119.91453218,-0.553600899999938],[119.91207071,-0.554867089999966],[119.910987819,-0.555554329999951],[119.91020161,-0.558391889999944],[119.909119249,-0.560154370999954],[119.90875775,-0.562217360999972],[119.90843204,-0.564076150999944],[119.906681919,-0.564938539999958],[119.90642355,-0.565146829999951],[119.90546194,-0.565922059999944],[119.90417122,-0.566972619999942],[119.902289979,-0.56850381099997],[119.902163529,-0.568595839999948],[119.90003784,-0.570142980999952],[119.89789785,-0.571700519999978],[119.89753891,-0.571956509999952],[119.89447109,-0.574144449999956],[119.89194262,-0.575905169999946],[119.8898883,-0.577338459999973],[119.88801553,-0.578954619999946],[119.88691497,-0.580033000999947],[119.88524404,-0.581498149999957],[119.88361807,-0.582923889999957],[119.88266033,-0.583763690999945],[119.88070978,-0.585474039999947],[119.880573849,-0.585593240999977],[119.88055213,-0.585604800999939],[119.880091449,-0.585850039999975],[119.876537929,-0.587741770999966],[119.874551619,-0.58879919099997],[119.87320114,-0.590587119999962],[119.87189508,-0.592316249999956],[119.870610689,-0.59359354099996],[119.86907131,-0.595124410999977],[119.86793566,-0.596253789999934],[119.86707725,-0.59688024099995],[119.86554199,-0.598000638999969],[119.86438976,-0.598841509999946],[119.86340252,-0.599561979999978],[119.862570519,-0.600031193999941],[119.862453359,-0.600097267999954],[119.8609948,-0.600919830999943],[119.85902531,-0.602030539999934],[119.858928449,-0.602084550999965],[119.856411019,-0.603210620999965],[119.85577458,-0.604481079999972],[119.855669768,-0.604695518999966],[119.85564545,-0.604745270999962],[119.85494898,-0.606189539999957],[119.854777263,-0.606751184999962],[119.854774088,-0.606761568999959],[119.85458827,-0.607369310999965],[119.85405768,-0.609104749999984],[119.85403471,-0.609180450999937],[119.85377875,-0.609521949999936],[119.85328995,-0.611634790999984],[119.853282551,-0.611658419999973],[119.85328113,-0.611662969999942],[119.85311646,-0.612189140999937],[119.85293998,-0.612546399999935],[119.85240468,-0.613583079999953],[119.85129084,-0.615740189999939],[119.85115903,-0.615990179999931],[119.84756791,-0.61988757999996],[119.847266869,-0.620214290999974],[119.844437009,-0.623584699999983],[119.843724899,-0.624433650999954],[119.842589199,-0.62576636999996],[119.84205335,-0.627600379999945],[119.842056009,-0.627613619999978],[119.84205967,-0.627631859999953],[119.841720629,-0.628921779999928],[119.841717578,-0.62893338999993],[119.842266159,-0.631260479999987],[119.84330948,-0.635138671999936],[119.842838852,-0.635201040999966],[119.841608414,-0.635376806999952],[119.841052733,-0.635450515999937],[119.840809163,-0.635649573999958],[119.84046303,-0.635932453999946],[119.839833635,-0.636726235999965],[119.838019165,-0.639152938999935],[119.837683926,-0.63960866199994],[119.836494059,-0.641226156999957],[119.836284078,-0.641511603999963],[119.833970629,-0.644391893999965],[119.83373248,-0.644567658999969],[119.833210819,-0.644635696999957],[119.832479361,-0.644732085999981],[119.832402866,-0.644763581999936],[119.832093786,-0.644890840999952],[119.831299956,-0.645333089999963],[119.829287028,-0.646489740999929],[119.828523716,-0.646919429999969],[119.828521548,-0.646920650999961],[119.829079265,-0.648006912999968],[119.829350109,-0.648534433999952],[119.827683065,-0.649270096999946],[119.827729844,-0.649899451999945],[119.827695823,-0.650052536999968],[119.827585253,-0.65010781799993],[119.825326743,-0.65099261199993],[119.825102511,-0.651080456999978],[119.822590477,-0.652064570999926],[119.82240214,-0.652086789999941],[119.822401849,-0.652086829999969],[119.82240105,-0.652086970999969],[119.822211129,-0.652117530999942],[119.81882563,-0.652662379999932],[119.81850975,-0.65271320999994],[119.81772214,-0.652952899999951],[119.81698133,-0.653244520999975],[119.816467079,-0.653345020999951],[119.81637605,-0.653362799999972],[119.81554192,-0.653525819999967],[119.81433736,-0.653953979999937],[119.81425349,-0.653992139999964],[119.813802095,-0.654197474999931],[119.813468463,-0.654260879999928],[119.813387733,-0.65427622299996],[119.812127231,-0.654667533999948],[119.809009105,-0.655635525999972],[119.808956457,-0.655651868999949],[119.80878635,-0.655677383999948],[119.808687539,-0.65555915599993],[119.808288789,-0.655082048999937],[119.807999608,-0.654248581999986]]]]},"properties":{"gid":1022,"luas":null,"idkec":"7205100","kdkab":"05","kdkec":"100","nmkab":"DONGGALA","nmkec":"SINDUE","kdprov":"72","nmprov":"SULAWESI TENGAH","sumber":null,"periode":"2025_1"}},{"id":1023,"type":"Feature","geometry":{"type":"MultiPolygon","coordinates":[[[[119.70152962,-0.137213015999975],[119.701358016,-0.13697706099992],[119.70110061,-0.13652659999997],[119.700929006,-0.136054688999939],[119.700714501,-0.13562567899994],[119.700636659,-0.135553025999974],[119.700621027,-0.135538436999983],[119.700392744,-0.135325371999959],[119.69979213,-0.13500361599995],[119.699470373,-0.134574605999953],[119.699406021,-0.13423139699996],[119.699062813,-0.133850650999928],[119.698653155,-0.133496624999966],[119.698194068,-0.13309988399993],[119.697529103,-0.132842477999936],[119.697100093,-0.132627973999951],[119.696606732,-0.132627973999951],[119.695855964,-0.132563621999963],[119.695555658,-0.132156062999968],[119.695426955,-0.131619799999956],[119.69521245,-0.131040635999974],[119.695083747,-0.130590175999949],[119.694847791,-0.130075363999939],[119.694440232,-0.129624903999973],[119.694318543,-0.129432690999986],[119.693968321,-0.128879499999931],[119.693389158,-0.128943850999976],[119.692681291,-0.128429038999967],[119.692574039,-0.127828424999958],[119.692445336,-0.127463765999954],[119.691951975,-0.127120558999932],[119.690890175,-0.126884603999942],[119.690139408,-0.126670097999987],[119.689581695,-0.126434142999933],[119.689066883,-0.126155286999967],[119.688914827,-0.125834278999949],[119.688873829,-0.125747726999982],[119.688401918,-0.125211463999971],[119.687865655,-0.124954058999957],[119.687307942,-0.12469665199996],[119.686900383,-0.124224742999957],[119.686707329,-0.123645577999986],[119.686471373,-0.123087865999944],[119.686316355,-0.122835959999985],[119.686128165,-0.12253015399995],[119.685784957,-0.121908087999937],[119.68503419,-0.121007166999967],[119.684347774,-0.120385102999937],[119.683875863,-0.119977543999944],[119.683613975,-0.119840906999976],[119.683382502,-0.119720137999939],[119.682910591,-0.119269676999978],[119.682610284,-0.119076622999958],[119.681897551,-0.118916258999941],[119.681844804,-0.118985089999966],[119.6816438,-0.11952617299994],[119.681161911,-0.119921676999985],[119.680089851,-0.119848840999973],[119.67908796,-0.118882688999976],[119.678063587,-0.119528836999959],[119.676531268,-0.118474826999944],[119.67365357,-0.117810361999949],[119.673655571,-0.117805251999935],[119.673353055,-0.117737978999978],[119.672966946,-0.117566373999977],[119.672591563,-0.117180264999955],[119.672570112,-0.117566373999977],[119.672076751,-0.117737978999978],[119.671561939,-0.117523472999953],[119.671433236,-0.117051561999983],[119.671754993,-0.116751254999943],[119.671197281,-0.116279344999959],[119.67072537,-0.115828883999944],[119.670210558,-0.115356972999961],[119.669652845,-0.114391700999929],[119.669588493,-0.113732098999948],[119.669824449,-0.113195836999986],[119.670103305,-0.112745374999981],[119.669953152,-0.112445068999942],[119.669502691,-0.112487969999965],[119.669309637,-0.11295988099994],[119.668730474,-0.113217285999948],[119.667679399,-0.113367440999989],[119.666971533,-0.113345988999936],[119.666757028,-0.112766826999974],[119.666714127,-0.112058959999952],[119.667035885,-0.110943533999949],[119.667207489,-0.110385820999968],[119.667421994,-0.109785206999961],[119.666671226,-0.110385820999968],[119.665727404,-0.110428722999936],[119.664955187,-0.110106965999933],[119.664740682,-0.109592152999944],[119.664633429,-0.108884285999979],[119.664161518,-0.108390924999987],[119.663239147,-0.107790310999977],[119.662701952,-0.107186940999955],[119.662499105,-0.106959105999984],[119.662198798,-0.10618688799997],[119.662198798,-0.105307416999959],[119.662155897,-0.104728253999951],[119.662091546,-0.103870232999952],[119.661962843,-0.103140916999967],[119.661726887,-0.102175643999944],[119.661340778,-0.101317624999988],[119.660933219,-0.100845713999953],[119.660075199,-0.099054596999971],[119.659967947,-0.098539786999943],[119.659731991,-0.097874820999952],[119.659195729,-0.097445809999958],[119.65838061,-0.098175127999983],[119.657887249,-0.098818641999971],[119.657222283,-0.099269102999931],[119.656450066,-0.099269102999931],[119.655806551,-0.098925893999935],[119.655742199,-0.098303830999951],[119.655313189,-0.097789017999963],[119.655034333,-0.097231304999979],[119.654347917,-0.09656633999993],[119.653854556,-0.096201681999965],[119.653275392,-0.09600862799994],[119.653017987,-0.095879924999967],[119.653060888,-0.095558166999991],[119.653017987,-0.094893201999983],[119.65316814,-0.094314038999928],[119.653339744,-0.093777776999961],[119.653658219,-0.093445454999941],[119.653833105,-0.093262963999963],[119.653961808,-0.09287685599998],[119.653961506,-0.092872719999956],[119.653897457,-0.091997384999956],[119.653811655,-0.091032112999925],[119.653640051,-0.090560201999954],[119.653318293,-0.090302795999945],[119.653060888,-0.090152642999952],[119.653575699,-0.089487677999955],[119.65316814,-0.08914446899996],[119.652867833,-0.088543854999956],[119.653017987,-0.087943240999947],[119.653208268,-0.087118687999981],[119.65313901,-0.086890029999952],[119.653012039,-0.086474309999978],[119.65297357,-0.086465769999963],[119.652950535,-0.086460659999952],[119.652705614,-0.087587297999956],[119.651504386,-0.088059207999952],[119.650603465,-0.087758900999971],[119.650088653,-0.086386070999939],[119.649917049,-0.085313544999967],[119.649616743,-0.084155218999969],[119.649230634,-0.08321139599997],[119.649316436,-0.08192436799993],[119.649573842,-0.080894743999979],[119.649640181,-0.080743111999938],[119.649947242,-0.080041255999965],[119.650174455,-0.079521911999957],[119.650258534,-0.079376683999963],[119.650646366,-0.078706792999985],[119.650672406,-0.078640246999957],[119.651032475,-0.07772006999994],[119.651161178,-0.076690445999939],[119.651332782,-0.076004030999975],[119.650002851,-0.076304337999952],[119.649144832,-0.076776247999935],[119.648887426,-0.077162357999949],[119.648415515,-0.07664754499996],[119.647836352,-0.076111282999928],[119.647021233,-0.075510668999924],[119.646163213,-0.074395242999973],[119.645476797,-0.073580123999938],[119.644876183,-0.072850807999936],[119.644404272,-0.07207859099998],[119.643975263,-0.071177669999946],[119.643503352,-0.070577055999938],[119.642774035,-0.070276748999962],[119.64298854,-0.069504530999948],[119.64337197,-0.068737670999957],[119.64341755,-0.068646511999932],[119.643632055,-0.067831391999964],[119.643632856,-0.067816962999923],[119.643674956,-0.06705917399995],[119.643160144,-0.066072450999973],[119.643728852,-0.065250984999984],[119.64372633,-0.065245589999971],[119.643558969,-0.064838910999925],[119.64361106,-0.064396059999985],[119.643660638,-0.064327776999965],[119.643245946,-0.063498391999934],[119.643117243,-0.062726174999972],[119.642688233,-0.061996856999943],[119.641787312,-0.061653649999929],[119.640886391,-0.061353342999957],[119.639599362,-0.061138837999983],[119.638912946,-0.060967233999981],[119.638097827,-0.060709827999975],[119.637156253,-0.060668889999931],[119.637111104,-0.060666926999949],[119.636381788,-0.061138837999983],[119.635909877,-0.06195395699996],[119.634923154,-0.062683273999939],[119.634236738,-0.062726174999972],[119.63389353,-0.061911054999944],[119.634236738,-0.060967233999981],[119.634279639,-0.060023412999964],[119.634108035,-0.059251193999958],[119.633679025,-0.058135767999945],[119.633421619,-0.057277748999986],[119.633078411,-0.056977441999947],[119.632048788,-0.057535155999969],[119.631533976,-0.057320649999946],[119.631405273,-0.056505531999967],[119.631576877,-0.055604610999982],[119.631710171,-0.055038111999985],[119.631340921,-0.054939645999982],[119.631126416,-0.054210327999964],[119.631340921,-0.053695515999951],[119.630954812,-0.053137803999964],[119.6303971,-0.051335961999947],[119.630384942,-0.051294625999956],[119.630182595,-0.050606645999948],[119.629453278,-0.049877328999968],[119.628723961,-0.049062208999939],[119.626879218,-0.048204189999984],[119.625720892,-0.047646477999931],[119.623983402,-0.046198567999974],[119.623834169,-0.046005809999944],[119.622953778,-0.044868637999967],[119.622353164,-0.043238399999957],[119.62132354,-0.04135075699997],[119.620808729,-0.040278231999947],[119.620665674,-0.040079544999974],[119.620036511,-0.039205706999954],[119.618792382,-0.03737168999993],[119.617591154,-0.03655657099995],[119.616432828,-0.035484045999977],[119.615102897,-0.033682204999932],[119.614116174,-0.031580055999939],[119.61304365,-0.029649512999919],[119.611113105,-0.026002927999974],[119.610383788,-0.024844600999938],[119.609783174,-0.02351467099993],[119.609482868,-0.022570848999975],[119.60913966,-0.021884433999964],[119.608539046,-0.021112214999957],[119.608110036,-0.020854809999944],[119.607466521,-0.020211293999973],[119.607595224,-0.019396176999986],[119.607681026,-0.018495255999941],[119.607337818,-0.01785173999997],[119.607123313,-0.017165324999956],[119.606651402,-0.01695081899993],[119.606351095,-0.015492185999961],[119.606093689,-0.014162254999979],[119.605450175,-0.013003928999977],[119.605149868,-0.01184560299993],[119.604935363,-0.010129561999983],[119.605064066,-0.008070314999942],[119.605426578,-0.007688721999954],[119.6055427,-0.007278530999942],[119.60565708,-0.006835669999932],[119.605776519,-0.006401849999979],[119.60589877,-0.005958990999949],[119.605998475,-0.005619595999977],[119.60723861,-0.005619595999977],[119.607389408,-0.005645820999971],[119.609212055,-0.005962803999977],[119.611103742,-0.006367831999967],[119.613419706,-0.007826032999968],[119.613418583,-0.007823316999974],[119.614277483,-0.008111203999939],[119.614719752,-0.008201583999951],[119.615161393,-0.008273884999945],[119.615603113,-0.008364264999957],[119.616044262,-0.008445594999963],[119.616486462,-0.008517894999962],[119.616933782,-0.008563084999937],[119.617377672,-0.008626344999931],[119.617804233,-0.008734794999956],[119.618097262,-0.009087274999964],[119.618501873,-0.009258984999979],[119.618950322,-0.009331284999982],[119.619393152,-0.009403585999967],[119.619725452,-0.009710864999935],[119.620066662,-0.009963924999966],[119.620521282,-0.010000074999938],[119.620923152,-0.010189864999973],[119.621302583,-0.01043388499995],[119.621682502,-0.010668864999959],[119.622065862,-0.010912874999975],[119.622450352,-0.01113881499992],[119.622841003,-0.011364754999935],[119.623247922,-0.011554544999971],[119.623666071,-0.011726264999946],[119.624071803,-0.011916054999982],[119.624461333,-0.012141994999978],[119.624855912,-0.012349854999967],[119.625265082,-0.012539644999955],[119.625686033,-0.012693283999971],[119.626124863,-0.012792694999972],[119.626572741,-0.012828844999946],[119.627022243,-0.012837874999952],[119.627471732,-0.012828834999939],[119.627915683,-0.01277460499995],[119.628359002,-0.012702294999947],[119.628808493,-0.012711334999946],[119.629257432,-0.012702294999947],[119.629705872,-0.012693244999984],[119.62973531,-0.012692059999951],[119.630154802,-0.01267517499998],[119.630603173,-0.01264805499995],[119.631050413,-0.012593824999961],[119.631487002,-0.012494404999927],[119.631875892,-0.012277494999976],[119.632255742,-0.012033474999955],[119.632633412,-0.011789454999927],[119.633013822,-0.011545434999966],[119.633404883,-0.011319484999945],[119.633824072,-0.011156803999941],[119.634240463,-0.010985084999958],[119.634605722,-0.010732024999932],[119.634964803,-0.010460894999932],[119.635367162,-0.010253023999952],[119.635785792,-0.010090344999987],[119.636229673,-0.010018044999925],[119.636670742,-0.010090334999974],[119.636909902,-0.010469914999932],[119.637276433,-0.01070489599994],[119.637727603,-0.010686814999929],[119.638167621,-0.010768154999945],[119.638595862,-0.010903713999943],[119.639028522,-0.011030234999969],[119.639465172,-0.011138684999943],[119.639901832,-0.011229054999945],[119.640339532,-0.011328474999978],[119.640778992,-0.011436913999947],[119.641217821,-0.011527293999961],[119.641657283,-0.011626704999979],[119.642097863,-0.011708034999971],[119.642543422,-0.01176225499995],[119.642992422,-0.011780325999955],[119.643440222,-0.011816474999933],[119.643885782,-0.011861664999976],[119.644334221,-0.01188877499993],[119.644782583,-0.011915873999955],[119.645216993,-0.012024324999974],[119.645626712,-0.012214114999958],[119.646019602,-0.012421974999938],[119.646455063,-0.012530423999977],[119.646888913,-0.012620794999977],[119.647162862,-0.012982294999968],[119.647519283,-0.013244383999964],[119.647937352,-0.013416094999974],[119.648359972,-0.013560684999964],[119.648783162,-0.013669134999933],[119.648926862,-0.014084864999979],[119.649264212,-0.014328874999936],[119.649692442,-0.014419243999964],[119.650098242,-0.014590954999964],[119.650547162,-0.014645174999946],[119.650970913,-0.014798804999947],[119.651369972,-0.014997634999931],[119.651714612,-0.015277794999976],[119.652093963,-0.015521804999945],[119.652503682,-0.015693513999973],[119.652679132,-0.015775339999945],[119.652837473,-0.015849183999934],[119.652910602,-0.015883294999981],[119.653348372,-0.01598270499995],[119.653795052,-0.016027884999982],[119.654242362,-0.016073064999948],[119.654681183,-0.016163434999955],[119.655007302,-0.01647070499997],[119.655181382,-0.01688643499995],[119.655559682,-0.017121404999958],[119.655976133,-0.017284074999974],[119.656368393,-0.017500974999966],[119.656771372,-0.017699794999949],[119.657185022,-0.017871493999968],[119.657573982,-0.018097434999955],[119.657904592,-0.018404704999969],[119.658203222,-0.018739084999945],[119.658506342,-0.019073463999978],[119.658900352,-0.01927228499995],[119.659351522,-0.01927228499995],[119.659800442,-0.019272274999945],[119.660249923,-0.019227084999956],[119.660686492,-0.019145734999944],[119.661093892,-0.018946904999945],[119.661526542,-0.018946904999945],[119.661840882,-0.019263204999959],[119.662277523,-0.019263204999959],[119.662724763,-0.019201024999974],[119.663147872,-0.019299334999979],[119.663470622,-0.019570454999955],[119.663900472,-0.019543334999991],[119.664303383,-0.019326434999929],[119.664723123,-0.01916375499997],[119.665124832,-0.018964924999983],[119.665564773,-0.018874544999968],[119.665999102,-0.018775125999981],[119.666101212,-0.018709244999971],[119.666377322,-0.018531104999967],[119.666645433,-0.018169603999984],[119.666883882,-0.01778099499996],[119.666902816,-0.01775160599994],[119.667128422,-0.017401414999937],[119.667385952,-0.017030874999934],[119.667675452,-0.016687454999958],[119.667576562,-0.016262694999965],[119.667448002,-0.01600061499994],[119.667186403,-0.015783714999946],[119.666734682,-0.015801794999964],[119.666327212,-0.015648164999956],[119.666408493,-0.015205324999955],[119.666654793,-0.014834784999945],[119.666931323,-0.014473284999955],[119.667173693,-0.014093714999946],[119.667378973,-0.013687023999983],[119.667479882,-0.013244194999977],[119.667495523,-0.012810394999974],[119.667217092,-0.012457934999935],[119.667276492,-0.012024134999935],[119.667628272,-0.01176204499996],[119.668003052,-0.01150899499993],[119.668185391,-0.011111344999964],[119.668385062,-0.010713694999933],[119.668634731,-0.010334124999935],[119.668899473,-0.009981664999943],[119.669126703,-0.009602094999944],[119.669402673,-0.009249624999949],[119.669656261,-0.008870055999974],[119.669880122,-0.008508554999943],[119.669868762,-0.008047644999978],[119.669991002,-0.007640964999955],[119.670220472,-0.007261394999944],[119.670376373,-0.006845664999959],[119.670190522,-0.006475134999963],[119.669958102,-0.00613171499992],[119.669956913,-0.005688874999982],[119.670294662,-0.005444864999966],[119.670708232,-0.00529123399997],[119.670984271,-0.00499299499995],[119.670987313,-0.004741564999965],[119.670989743,-0.004541124999953],[119.671221451,-0.004170594999956],[119.671398121,-0.003772944999988],[119.671519803,-0.003348183999946],[119.671607252,-0.002905354999942],[119.671660482,-0.002462514999938],[119.671958402,-0.002110053999956],[119.672420712,-0.001703374999986],[119.672828672,-0.001124984999928],[119.672928616,-5.27458999953E-4],[119.672905946,-5.13036999963E-4],[119.672755793,-2.77082999962E-4],[119.672669991,6.45289000038E-4],[119.672391135,0.001245903000038],[119.67174762,0.001160100000055],[119.671125555,6.88189000066E-4],[119.670567843,4.73686000018E-4],[119.66960257,3.66432000021E-4],[119.668465694,5.38037000069E-4],[119.66784363,0.001331704000041],[119.667135763,0.002061021000024],[119.666513699,0.002361328000067],[119.666363546,0.002699174000042],[119.665526976,0.003836050000079],[119.664904912,0.004179258000009],[119.664711858,0.004565366000056],[119.664454452,0.004844223000017],[119.663296125,0.004586818000066],[119.662287952,0.004543916000031],[119.661429932,0.005037277000041],[119.661258328,0.006302856000038],[119.661108175,0.00713942600004],[119.661000922,0.008061797000031],[119.660657714,0.008640961000015],[119.660293056,0.00941317900003],[119.660207254,0.010056694000063],[119.6600571,0.010743110000018],[119.659799694,0.011858534000054],[119.659477937,0.012587851000035],[119.659113279,0.014084024000058],[119.658941675,0.015135097000038],[119.659370685,0.01676533500005],[119.660100001,0.017494653000025],[119.661065274,0.018138167000072],[119.662545358,0.018695880000051],[119.663596432,0.019017638000034],[119.664969264,0.018867483000056],[119.665977437,0.018567177000016],[119.666706754,0.018052366000051],[119.668798177,0.016470392000022],[119.669870702,0.015934129000062],[119.670364063,0.015612372000014],[119.67068582,0.015054658000056],[119.67109338,0.014196639000032],[119.671007578,0.013510223000018],[119.671179182,0.01260930300003],[119.6730561,0.010834274000039],[119.674085724,0.010748471000054],[119.675308402,0.010190759000063],[119.676488179,0.009611595000024],[119.678161318,0.008753576000054],[119.678568877,0.008496170000048],[119.67914804,0.008110062000072],[119.679684303,0.007766854000073],[119.680456521,0.007380744000043],[119.681335991,0.006865933000019],[119.682580119,0.006394022000051],[119.686569911,0.004490291000013],[119.687663887,0.004211434000058],[119.688843664,0.003954028000063],[119.689422827,0.003739522000044],[119.69083856,0.00341776600004],[119.692468797,0.003525018000062],[119.694785451,0.003739522000044],[119.698056651,0.002178999999994],[119.700866666,6.77465000019E-4],[119.701703235,1.41203000052E-4],[119.702904463,-6.52464999979E-4],[119.705811005,-0.001676726999956],[119.706150834,-0.001766155999972],[119.707033683,-0.001998483999956],[119.708427965,-0.002577647999943],[119.709564841,-0.00309245899996],[119.710144005,-0.003542919999974],[119.710744619,-0.003864676999971],[119.711795693,-0.004079182999933],[119.712767077,-0.004452791999946],[119.712911119,-0.004508191999953],[119.716182319,-0.006090166999972],[119.717126141,-0.006776581999931],[119.718091413,-0.00769895299994],[119.719013784,-0.008299566999944],[119.72057967,-0.009093235999962],[119.720837076,-0.00928628999998],[119.7218667,-0.009779650999971],[119.72272472,-0.010573318999944],[119.724076101,-0.012198194999939],[119.724569462,-0.012970412999954],[119.724977022,-0.013420871999934],[119.725491833,-0.014042936999949],[119.726070997,-0.014772252999935],[119.726457106,-0.015222713999953],[119.727272225,-0.015866229999969],[119.727765586,-0.016252336999975],[119.727951315,-0.01651626899997],[119.727988371,-0.016568927999976],[119.72798837,-0.016479889999973],[119.728036879,-0.016522639999955],[119.72838431,-0.016811819999935],[119.72874127,-0.01708292099994],[119.72906723,-0.01739017099994],[119.72939558,-0.017706459999949],[119.72972673,-0.018013719999946],[119.730228579,-0.018438449999963],[119.730570949,-0.018727620999925],[119.73092567,-0.01900775999997],[119.7311463,-0.019396349999971],[119.73142023,-0.019757819999942],[119.73169079,-0.020128339999931],[119.73196528,-0.020471740999939],[119.732328969,-0.020751870999961],[119.732661799,-0.021050089999958],[119.732766361,-0.021264217999952],[119.73288244,-0.021501929999951],[119.73307221,-0.021908589999956],[119.733361289,-0.022261029999935],[119.733681079,-0.022577320999978],[119.7340055,-0.022884569999973],[119.73424914,-0.02326410999996],[119.734467519,-0.023661729999955],[119.73473247,-0.024023209999946],[119.735076529,-0.024312379999967],[119.735356069,-0.024664820999933],[119.73561092,-0.025035330999973],[119.73585961,-0.025414870999962],[119.73613017,-0.02577634099993],[119.73645908,-0.026083589999924],[119.73677733,-0.026399879999928],[119.73706977,-0.026743269999943],[119.737173419,-0.026955339999968],[119.73726852,-0.027149930999943],[119.737556479,-0.027493330999972],[119.737936999,-0.027737309999974],[119.738256369,-0.028044559999959],[119.738547129,-0.028396989999978],[119.739121229,-0.028903169999977],[119.739355309,-0.029174149999966],[119.739618019,-0.029535619999935],[119.73981845,-0.029942269999933],[119.7399583,-0.030367000000002],[119.74010881,-0.030800769999934],[119.74027502,-0.031225499999947],[119.74038177,-0.031659269999981],[119.74052779,-0.032084],[119.74075235,-0.032472579999936],[119.740954329,-0.032879239999949],[119.74118955,-0.033258779999924],[119.74142982,-0.03363831999997],[119.74165101,-0.034035940999953],[119.74185313,-0.034442589999978],[119.74203449,-0.034858279999977],[119.742251199,-0.035246859999974],[119.74249091,-0.035626410999962],[119.74259037,-0.036069210999937],[119.742612399,-0.036521049999984],[119.74275842,-0.036954819999949],[119.742833609,-0.03739761999998],[119.742848909,-0.037831389999956],[119.74257178,-0.038183840999987],[119.742147079,-0.038301329999963],[119.74185648,-0.03863570999994],[119.74179086,-0.039078519999974],[119.74177138,-0.039521329999953],[119.74177714,-0.039973170999935],[119.741795249,-0.040425010999976],[119.741854169,-0.040876860999957],[119.74186892,-0.041328700999951],[119.741896,-0.04178054099999],[119.74185787,-0.042232390999971],[119.741898476,-0.042344121999978],[119.741699693,-0.043678805999948],[119.742042901,-0.044751330999926],[119.742600614,-0.045823855999968],[119.742616854,-0.04602685499998],[119.742669912,-0.046690085999963],[119.742686416,-0.04689637999997],[119.742386109,-0.047968903999968],[119.742471911,-0.048998527999974],[119.742465216,-0.049165890999971],[119.74242901,-0.050071052999963],[119.742002046,-0.05056917799993],[119.741914198,-0.050671666999967],[119.741742594,-0.051315182999926],[119.741732177,-0.051320390999944],[119.74172673,-0.051323114999952],[119.741399386,-0.051486784999949],[119.741099079,-0.051829992999965],[119.74021543,-0.05250324999998],[119.740198158,-0.05251640899997],[119.739683346,-0.053117022999976],[119.739241155,-0.053275759999967],[119.73918868,-0.053682240999931],[119.73915342,-0.053868179999946],[119.73910469,-0.054125060999988],[119.738918449,-0.054522689999947],[119.73897751,-0.05490223999993],[119.739140574,-0.055201132999973],[119.738868228,-0.05573398399998],[119.738696624,-0.056720705999969],[119.738896283,-0.057462297999964],[119.738996931,-0.057836132999974],[119.739511743,-0.058222240999961],[119.73934143,-0.058311451999949],[119.738610822,-0.058694152999976],[119.737981589,-0.059545466999974],[119.737902078,-0.059653039999942],[119.737881505,-0.059680873999986],[119.738010208,-0.060538893999931],[119.738439218,-0.061568517999947],[119.739082733,-0.062512339999955],[119.739769148,-0.06354196299998],[119.740455564,-0.064142576999923],[119.741656792,-0.064485785999984],[119.742386109,-0.064957696999954],[119.742943822,-0.065944418999952],[119.743458634,-0.067360150999943],[119.744273752,-0.068089467999934],[119.745389178,-0.068861685999931],[119.746204297,-0.070020013999962],[119.746890713,-0.070620625999935],[119.74809194,-0.071221239999944],[119.748955535,-0.071545088999925],[119.749121564,-0.071607349999973],[119.749979584,-0.071778953999965],[119.750905075,-0.07219382999995],[119.751223712,-0.072336666999952],[119.751892905,-0.072194716999944],[119.752284229,-0.072514359999965],[119.75272351,-0.07255047999997],[119.75316461,-0.072595630999955],[119.75357753,-0.072749229999945],[119.754016389,-0.072749210999975],[119.754439109,-0.07260459099996],[119.754843749,-0.072758189999953],[119.75526214,-0.072866609999955],[119.755642499,-0.072658740999946],[119.75605582,-0.072523160999935],[119.75647419,-0.072396620999939],[119.756903649,-0.072387559999932],[119.75734363,-0.072405609999973],[119.757785149,-0.072405580999943],[119.758224,-0.072360370999953],[119.75863578,-0.072206720999936],[119.75905078,-0.072053070999979],[119.75934101,-0.072053219999937],[119.75949244,-0.072053039999966],[119.759503603,-0.072052351999959],[119.759932839,-0.072025899999972],[119.760365089,-0.071926469999937],[119.76079665,-0.071836079999975],[119.76123438,-0.071790870999964],[119.761674779,-0.071763729999926],[119.76204969,-0.072007700999961],[119.761973,-0.072432430999925],[119.762074466,-0.072657650999934],[119.762148059,-0.07282100000001],[119.76243574,-0.073110160999938],[119.76288497,-0.073083019999965],[119.763325499,-0.073119140999961],[119.76367938,-0.073363109999944],[119.7640233,-0.073643229999957],[119.76429219,-0.073995639999974],[119.76470889,-0.074104059999972],[119.76512573,-0.07421247099996],[119.765269092,-0.074247022999949],[119.765338138,-0.07443881499995],[119.766968375,-0.075983249999984],[119.767997999,-0.077184477999939],[119.768411684,-0.078563429999976],[119.768512811,-0.078900517999959],[119.769027623,-0.080873962999939],[119.769714039,-0.082418397999961],[119.77065786,-0.084820854999977],[119.771419358,-0.087020737999975],[119.771421046,-0.087020779999936],[119.771785881,-0.08744194099996],[119.771908882,-0.087933943999935],[119.771970363,-0.088179866999956],[119.772141966,-0.089037886999965],[119.772506625,-0.09002461099994],[119.772764031,-0.09068957599994],[119.773042887,-0.092040955999953],[119.77315014,-0.092834623999978],[119.773386095,-0.093842798999964],[119.773364645,-0.09472226799994],[119.772978536,-0.095644639999942],[119.772528075,-0.096481207999943],[119.772013263,-0.097210525999977],[119.771991813,-0.098025643999961],[119.771712957,-0.098669159999928],[119.771517191,-0.099221910999979],[119.771348298,-0.099698782999958],[119.77141265,-0.100513900999952],[119.771262496,-0.101194954999923],[119.771541353,-0.101817019999947],[119.771348298,-0.102331830999963],[119.771241046,-0.103018247999957],[119.771112343,-0.103726112999942],[119.771167454,-0.103874915999937],[119.771326848,-0.104305275999931],[119.771884561,-0.104734285999944],[119.771991813,-0.105485052999944],[119.771927462,-0.106064216999925],[119.771648605,-0.106337710999991],[119.771970363,-0.106981224999978],[119.772699679,-0.107560389999952],[119.773664952,-0.107581838999984],[119.773923912,-0.107359872999958],[119.774115412,-0.107195730999934],[119.774608773,-0.107109927999946],[119.774897708,-0.107359462999972],[119.775080684,-0.107517487999933],[119.775080684,-0.108246804999964],[119.774994882,-0.108954671999931],[119.775059234,-0.109705437999933],[119.775032724,-0.110169353999935],[119.775016333,-0.110456206999967],[119.775488244,-0.110842313999971],[119.776260461,-0.110992468999937],[119.776466517,-0.110644749999958],[119.776603669,-0.110413304999956],[119.77705413,-0.109641086999939],[119.777783446,-0.108997571999964],[119.778105204,-0.109190626999986],[119.777151984,-0.110990834999943],[119.776324813,-0.112552990999972],[119.776131758,-0.113303759999957],[119.776474966,-0.113539713999955],[119.77707558,-0.113196506999945],[119.777233384,-0.113007141999963],[119.777611843,-0.112552990999972],[119.778019402,-0.111802224999969],[119.778188552,-0.111463923999968],[119.778212456,-0.111416114999947],[119.778470896,-0.110991535999971],[119.778512763,-0.110922753999944],[119.778941773,-0.110751149999948],[119.779284981,-0.110643896999938],[119.780346781,-0.110429392999947],[119.78118335,-0.110686797999957],[119.781805414,-0.111137259999963],[119.782384578,-0.111201610999964],[119.783070993,-0.110944203999964],[119.783864662,-0.11057954599994],[119.784615429,-0.110643896999938],[119.784958637,-0.110472293999985],[119.78551635,-0.110107635999961],[119.786031162,-0.109742977999934],[119.786159865,-0.109635724999974],[119.787135862,-0.109142363999983],[119.78790808,-0.109228164999933],[119.788379991,-0.108820604999946],[119.788658847,-0.108198540999983],[119.78923801,-0.107855332999981],[119.789666627,-0.107791834999939],[119.789817174,-0.107769531999962],[119.790610842,-0.107619377999926],[119.79140451,-0.107533575999978],[119.792283981,-0.10721181899993],[119.793485208,-0.106825708999964],[119.793764065,-0.106675556999963],[119.795244149,-0.106482500999959],[119.796295223,-0.106310897999943],[119.796433517,-0.106351373999933],[119.798054164,-0.106825708999964],[119.798503556,-0.106955341999936],[119.799169589,-0.107147467999946],[119.800177763,-0.107533575999978],[119.801078683,-0.107833882999956],[119.802172659,-0.107640828999942],[119.802859074,-0.107555025999954],[119.803395337,-0.107855332999981],[119.803413854,-0.107894423999938],[119.803781446,-0.108670452999943],[119.804253357,-0.109507021999957],[119.804725415,-0.109991477999923],[119.804829863,-0.110148148999941],[119.804898229,-0.110190878999955],[119.805139284,-0.110341537999943],[119.805494553,-0.110563579999971],[119.806699305,-0.110688209999986],[119.807571711,-0.110438950999947],[119.807764899,-0.110461678999965],[119.806998715,-0.11116065199997],[119.804025305,-0.114106266999958],[119.803641143,-0.114618482999961],[119.803084418,-0.11536078099994],[119.803033222,-0.115352375999984],[119.802711162,-0.115299499999932],[119.802705075,-0.11530020399994],[119.801624734,-0.115425066999933],[119.801624423,-0.115425102999959],[119.801624387,-0.115425107999958],[119.797485287,-0.115855214999958],[119.786406545,-0.118253459999957],[119.786354576,-0.11821052999994],[119.78629222,-0.118215925999948],[119.78628072,-0.11821692199993],[119.78619142,-0.118224649999947],[119.78530227,-0.120588540999966],[119.784526542,-0.122650910999948],[119.783707519,-0.124828389999948],[119.78336728,-0.124969719999975],[119.782942319,-0.124987840999946],[119.78252113,-0.124843299999955],[119.78211256,-0.124671649999931],[119.78169305,-0.124536139999983],[119.78126093,-0.124436789999952],[119.780831469,-0.124337429999968],[119.780400879,-0.124238070999978],[119.77996709,-0.124283299999953],[119.77955701,-0.124436969999984],[119.779118159,-0.124391829999985],[119.77868984,-0.124509349999931],[119.77828256,-0.12468108999997],[119.77789128,-0.124888969999983],[119.7775021,-0.125096859999933],[119.77708824,-0.125259559999958],[119.77668026,-0.125422259999936],[119.77629347,-0.12563917999996],[119.77590822,-0.125856099999968],[119.775513569,-0.12605494999997],[119.774887649,-0.126289969999961],[119.774627789,-0.126606280999967],[119.77442868,-0.127003919999934],[119.774153259,-0.127356380999978],[119.77375258,-0.127537150999967],[119.77331766,-0.127627569999965],[119.772932969,-0.127844490999966],[119.772597379,-0.128133700999968],[119.772273,-0.128431939999932],[119.77196883,-0.128757290999943],[119.77173927,-0.12908263999998],[119.77138094,-0.129199030999936],[119.770931839,-0.129118869999965],[119.770532119,-0.129155059999967],[119.770101109,-0.129037639999984],[119.76966506,-0.128956349999959],[119.769227889,-0.128965440999934],[119.76879017,-0.129037779999987],[119.768351319,-0.129073970999965],[119.767911339,-0.12902883999993],[119.76747094,-0.128983699999939],[119.76703096,-0.12900183099992],[119.766591699,-0.129056089999958],[119.76615397,-0.129128429999982],[119.76572397,-0.129227890999968],[119.765300689,-0.12935444999994],[119.76489216,-0.129535219999984],[119.76450648,-0.129743109999941],[119.76413778,-0.129996180999962],[119.763805549,-0.130285389999938],[119.763429689,-0.130511349999948],[119.76306661,-0.130773459999945],[119.76272498,-0.131062669999949],[119.76244409,-0.131406100999933],[119.76232268,-0.131857950999983],[119.762060009,-0.132156189999934],[119.76161023,-0.132228530999953],[119.76118303,-0.13236413099998],[119.76078725,-0.132572020999931],[119.760705771,-0.132623736999962],[119.76041701,-0.132807020999967],[119.76013304,-0.133018709999938],[119.76006542,-0.133069119999968],[119.759681849,-0.13329509099998],[119.7592872,-0.133502980999943],[119.75895385,-0.133792189999952],[119.75870171,-0.134162720999942],[119.75855659,-0.13457843099997],[119.75835411,-0.134967039999934],[119.75800322,-0.135238179999936],[119.75761404,-0.13544606999995],[119.757308879,-0.135762390999956],[119.75701803,-0.136105819999957],[119.75667696,-0.136386000000005],[119.756323829,-0.136657150999959],[119.755946289,-0.136874070999966],[119.75553901,-0.137045819999977],[119.7551344,-0.137235639999981],[119.754757979,-0.137470639999955],[119.754418599,-0.137750820999944],[119.75402899,-0.137958710999959],[119.753595179,-0.137967799999954],[119.753372642,-0.137917109999929],[119.753268213,-0.137990595999957],[119.752581797,-0.138762813999966],[119.750694153,-0.138848616999959],[119.748720708,-0.139449230999961],[119.74709047,-0.140135645999973],[119.745803441,-0.140907864999978],[119.744773817,-0.141079468999976],[119.743315183,-0.141336873999933],[119.742542966,-0.142109091999951],[119.741341738,-0.142109091999951],[119.740483718,-0.143052912999968],[119.739625698,-0.143138715999952],[119.73885348,-0.142881309999947],[119.737491128,-0.143690205999976],[119.737500369,-0.143707153999976],[119.737705879,-0.144146887999968],[119.736998013,-0.144554447999954],[119.736118542,-0.144297041999948],[119.73556083,-0.144532996999939],[119.734810062,-0.144404294999963],[119.734037844,-0.144297041999948],[119.733008221,-0.144232689999977],[119.732000048,-0.144125437999941],[119.731485236,-0.143932382999933],[119.730906072,-0.143953833999951],[119.729983701,-0.144275591999929],[119.729104231,-0.143996734999974],[119.728106783,-0.144211240999944],[119.727506169,-0.144146887999968],[119.726047535,-0.144168338999978],[119.725168065,-0.144039636999936],[119.724395847,-0.144361392999947],[119.72366653,-0.144897655999956],[119.723151719,-0.145176512999976],[119.721564382,-0.145541170999933],[119.720320253,-0.14571277399995],[119.719408607,-0.145519719999934],[119.718958147,-0.145240863999956],[119.718078677,-0.144747501999973],[119.717665557,-0.144217861999949],[119.717242107,-0.143674977999984],[119.71649134,-0.143396120999965],[119.715847825,-0.143331768999929],[119.715526068,-0.142774057999933],[119.715043432,-0.142414760999943],[119.714078159,-0.14207155299994],[119.713749959,-0.141977780999985],[119.713627699,-0.141942849999973],[119.712683877,-0.141857048999951],[119.712018912,-0.141899949999928],[119.711010739,-0.141578191999947],[119.710281422,-0.141299335999985],[119.709294699,-0.14117063199996],[119.70800767,-0.140763073999955],[119.707535759,-0.140248260999954],[119.707042397,-0.139969403999943],[119.705691016,-0.139669098999949],[119.705029068,-0.139255379999951],[119.705015326,-0.139272262999954],[119.704693568,-0.139207911999959],[119.702709397,-0.138049584999984],[119.702280388,-0.137835080999936],[119.702001531,-0.137663476999941],[119.70152962,-0.137213015999975]]],[[[119.619100079,0.087114940000039],[119.61891775,0.087072039000014],[119.618799772,0.087114940000039],[119.618756871,0.087447423000064],[119.618982101,0.087608301000049],[119.619293134,0.087640477000035],[119.619454012,0.087361620000013],[119.619271683,0.087179292000022],[119.619100079,0.087114940000039]]],[[[119.617416215,0.096167049000037],[119.617502017,0.096403004000018],[119.61760927,0.096703311000055],[119.617319688,0.09687491400006],[119.617888126,0.096810563000015],[119.618209884,0.096317201000031],[119.618681795,0.095952543000065],[119.619282408,0.095566435000015],[119.619818671,0.095158876000026],[119.620354933,0.094772767000048],[119.620891195,0.094408108000038],[119.621341656,0.094064900000037],[119.621577611,0.093721692000021],[119.621749215,0.093314132000045],[119.621920819,0.092263059000057],[119.621920819,0.091705346000022],[119.622242577,0.090761524000074],[119.622478532,0.090311064000044],[119.622778839,0.08986060200004],[119.623014794,0.089453043000052],[119.623422354,0.089131286000051],[119.623915715,0.088723726000075],[119.623787012,0.08825181500004],[119.62367976,0.087951509000046],[119.62325075,0.087737004000073],[119.622349829,0.087479599000052],[119.621792116,0.086900435000076],[119.621255854,0.086278371000038],[119.620783943,0.085720658000064],[119.620354933,0.085720658000064],[119.619840121,0.085978064000066],[119.620033176,0.086407074000009],[119.620526537,0.086535777000043],[119.620526537,0.086986237000067],[119.620118978,0.087243643000017],[119.619990275,0.087565400000079],[119.619947374,0.087715554000062],[119.61977577,0.087844257000034],[119.619539814,0.088273267000027],[119.619260958,0.088466321000058],[119.618960651,0.088723726000075],[119.618617443,0.088745178000061],[119.618531641,0.088981133000059],[119.618145532,0.088916782000074],[119.617823775,0.088809529000054],[119.617502017,0.089302891000042],[119.617416215,0.089603197000036],[119.617351864,0.08990350400006],[119.617244611,0.090246712000058],[119.617030106,0.090332514000065],[119.616858503,0.090568470000048],[119.616879953,0.090847326000066],[119.617115908,0.090890226000044],[119.617051557,0.091169084000054],[119.616708349,0.091190533000025],[119.616064834,0.091426489000067],[119.615743077,0.091619543000044],[119.615335517,0.091855498000033],[119.615206814,0.092198707000018],[119.615721626,0.092155805000061],[119.616043384,0.092112904000036],[119.616000483,0.092413211000067],[119.615936131,0.092756419000063],[119.616064834,0.092885122000029],[119.616000483,0.093121078000018],[119.616064834,0.093378483000026],[119.616172087,0.093507187000052],[119.616043384,0.093721692000021],[119.616365141,0.093871846000071],[119.616579646,0.093893296000033],[119.616643998,0.094129252000079],[119.616472394,0.094257955000042],[119.616343691,0.094493910000034],[119.616279339,0.094644063000027],[119.616193537,0.094837118000038],[119.616450943,0.094922920000049],[119.616515295,0.095051622000026],[119.616579646,0.095330479000028],[119.616901404,0.095351929000056],[119.616879953,0.095802390000072],[119.61720171,0.09593109300004],[119.617223161,0.096081246000024],[119.617416215,0.096167049000037]]],[[[119.80070232,-0.05979709999997],[119.800443019,-0.060122430999965],[119.80007095,-0.060375469999951],[119.79989776,-0.060764039999934],[119.7997069,-0.061152619999975],[119.799351939,-0.061324329999933],[119.79915375,-0.060944809999969],[119.79887828,-0.060601439999983],[119.79844603,-0.06052013099998],[119.798392429,-0.060104459999935],[119.798732379,-0.059824310999947],[119.7987649,-0.059381529999942],[119.798739489,-0.058956809999935],[119.79905784,-0.058649560999925],[119.799421659,-0.058893520999956],[119.79988701,-0.058920610999966],[119.80029108,-0.059092280999955],[119.8006333,-0.059363360999955],[119.80070232,-0.05979709999997]]],[[[119.79733812,-0.056038109999977],[119.79755622,-0.056435699999957],[119.797809109,-0.056851370999941],[119.79771531,-0.057276080999944],[119.7973466,-0.057520089999966],[119.796961889,-0.057321300999952],[119.796695259,-0.056968889999954],[119.79668247,-0.056544179999956],[119.79696506,-0.056200779999929],[119.79733812,-0.056038109999977]]],[[[119.80562398,-0.051862890999939],[119.80564335,-0.052296640999942],[119.80571181,-0.052739419999974],[119.805800749,-0.053182199999984],[119.806119269,-0.053471350999931],[119.80634018,-0.053868940999964],[119.80624862,-0.054284619999979],[119.80603447,-0.054637049999939],[119.80594123,-0.055061759999956],[119.8057498,-0.055432259999979],[119.80574155,-0.055884079999943],[119.80558267,-0.056290730999936],[119.80574061,-0.056706400999935],[119.805991809,-0.057067839999952],[119.80635451,-0.057302769999977],[119.80659084,-0.057600959999952],[119.80628722,-0.057890140999972],[119.80585721,-0.057799789999937],[119.80542117,-0.057754630999975],[119.804979669,-0.057763690999938],[119.80463313,-0.058025769999972],[119.804308049,-0.058333020999955],[119.80396095,-0.058577019999971],[119.80372742,-0.058296899999962],[119.80336641,-0.058061969999938],[119.80311956,-0.057845110999948],[119.80340495,-0.057510750999937],[119.803387109,-0.056941459999966],[119.803520599,-0.056516739999953],[119.80323406,-0.056200479999975],[119.80294093,-0.055893260999938],[119.80272899,-0.055495660999958],[119.80232872,-0.055387249999974],[119.80188286,-0.055387270999983],[119.801481459,-0.055233669999957],[119.80116407,-0.054926439999985],[119.800898559,-0.054565000999962],[119.80085758,-0.054131250999947],[119.80074719,-0.053706539999951],[119.80056667,-0.053317989999933],[119.80060901,-0.052866160999942],[119.80060674,-0.052414339999924],[119.800908689,-0.052215519999946],[119.801301119,-0.052441420999971],[119.801491589,-0.052829979999956],[119.80168431,-0.053236609999941],[119.801720239,-0.053670350999942],[119.80176556,-0.05411313999997],[119.80185562,-0.054537839999978],[119.80218956,-0.054808919999973],[119.80259964,-0.054709499999944],[119.80289109,-0.05489924999995],[119.803017609,-0.05531491999995],[119.803356049,-0.055604069999957],[119.80379587,-0.055685380999945],[119.80412096,-0.055396199999955],[119.80452838,-0.055522690999971],[119.80477903,-0.05588412999993],[119.80518084,-0.055866039999958],[119.80527128,-0.055423250999983],[119.80518893,-0.054998540999976],[119.80518176,-0.054555759999974],[119.80523966,-0.054103939999953],[119.804959149,-0.053805750999974],[119.80456504,-0.053606969999976],[119.80413068,-0.053498550999972],[119.80380487,-0.053227470999958],[119.8035172,-0.052594940999945],[119.80349235,-0.052143119999923],[119.803707479,-0.051763579999944],[119.803828909,-0.051329829999932],[119.803628479,-0.050950310999959],[119.80326915,-0.050688270999959],[119.8030819,-0.050299710999984],[119.802871649,-0.049920189999964],[119.80271035,-0.049558739999962],[119.80311049,-0.04959487099996],[119.803420169,-0.049920160999936],[119.80361401,-0.050308719999984],[119.80383926,-0.050688239999947],[119.80412146,-0.051040649999953],[119.80442175,-0.051356909999931],[119.80479482,-0.051600869999961],[119.8052122,-0.051736399999923],[119.80562398,-0.051862890999939]]],[[[119.80691421,-0.047263320999957],[119.80676585,-0.047679000999952],[119.806449599,-0.047986249999959],[119.80610249,-0.048266389999983],[119.80583421,-0.048609779999936],[119.80568529,-0.049007389999941],[119.80536693,-0.049314639999975],[119.80499541,-0.049133929999935],[119.804807179,-0.048727300999928],[119.80471866,-0.048311630999941],[119.804989189,-0.04799534099994],[119.80536,-0.047769419999951],[119.80548354,-0.047344699999938],[119.80578043,-0.047010339999933],[119.80594549,-0.046612729999943],[119.80619989,-0.046422960999965],[119.80656747,-0.046169929999973],[119.80689144,-0.045880749999979],[119.807230279,-0.046007249999943],[119.8071641,-0.046431959999961],[119.807074779,-0.046847639999952],[119.80691421,-0.047263320999957]]],[[[119.79915104,-0.040287500999972],[119.798735899,-0.040160999999999],[119.798297199,-0.040215229999954],[119.79784728,-0.040233319999979],[119.797546989,-0.039944159999949],[119.79721796,-0.039645969999928],[119.79679959,-0.039492369999949],[119.79637898,-0.039365869999931],[119.79594069,-0.039266489999931],[119.795554299,-0.039067700999966],[119.795261729,-0.038724320999971],[119.79535442,-0.038335750999982],[119.79566506,-0.038019460999982],[119.79603265,-0.037775459999979],[119.796415659,-0.037540500999973],[119.796829679,-0.037522420999944],[119.797248049,-0.037666989999941],[119.79767203,-0.037784449999956],[119.798112409,-0.037820579999964],[119.798554619,-0.037811529999945],[119.79897621,-0.037947059999968],[119.799418979,-0.037938009999946],[119.799863289,-0.037947029999949],[119.80029049,-0.03803738099993],[119.80051237,-0.038380760999928],[119.80048322,-0.038832579999964],[119.80033092,-0.039239229999959],[119.80015548,-0.039627799999945],[119.80015774,-0.040088660999975],[119.80026547,-0.040522399999933],[119.80035987,-0.040956149999947],[119.80046213,-0.041389899999962],[119.80060015,-0.041805570999945],[119.80078894,-0.042212199999941],[119.80102036,-0.04260075999998],[119.80125655,-0.04297123999993],[119.80148069,-0.043359800999952],[119.80171267,-0.043739320999978],[119.80205321,-0.044019440999939],[119.80240538,-0.044290520999935],[119.80277144,-0.044534490999973],[119.80321575,-0.044561579999942],[119.80365403,-0.044588669999938],[119.804090619,-0.044507329999935],[119.80425458,-0.044805519999957],[119.80391295,-0.045085660999982],[119.80369221,-0.04549231099998],[119.80345885,-0.045826670999929],[119.8031994,-0.046133919999932],[119.80301948,-0.046531520999971],[119.80261051,-0.046504429999966],[119.802185549,-0.046377940999951],[119.80177644,-0.046224339999978],[119.80147615,-0.045899039999946],[119.80123435,-0.045519520999965],[119.801051029,-0.045112880999969],[119.80090796,-0.044697209999926],[119.800731929,-0.044281539999939],[119.80049448,-0.04392010099997],[119.80044916,-0.043468279999967],[119.80043259,-0.043016449999933],[119.800383349,-0.042573669999972],[119.80027184,-0.042148960999964],[119.80013929,-0.041724249999967],[119.799986819,-0.04129954999996],[119.79977755,-0.040910990999975],[119.799497739,-0.040567610999976],[119.79915104,-0.040287500999972]]],[[[119.78275539,-0.018952709999962],[119.78305889,-0.018627389999951],[119.78343532,-0.018392430999946],[119.783789029,-0.018130369999946],[119.78411637,-0.017850229999965],[119.784383399,-0.017488759999932],[119.78470303,-0.017172480999931],[119.78489671,-0.016801980999968],[119.78518534,-0.016458580999945],[119.7854347,-0.016097120999979],[119.78568967,-0.015735649999956],[119.78605348,-0.01548261999995],[119.78649064,-0.015446469999976],[119.786932709,-0.015446469999976],[119.7873379,-0.015572970999933],[119.78765417,-0.015880210999963],[119.787881099,-0.016268780999952],[119.78807704,-0.016657350999938],[119.7877741,-0.016847119999965],[119.787341279,-0.016765799999981],[119.78696499,-0.01698268099995],[119.78707313,-0.017389320999947],[119.78726093,-0.017777890999981],[119.78689334,-0.017814040999957],[119.786508489,-0.01762427999995],[119.78613149,-0.017497770999969],[119.78593346,-0.017868270999944],[119.7859158,-0.018329139999938],[119.78562773,-0.018654460999924],[119.78544723,-0.019052069999931],[119.78504822,-0.019214729999928],[119.78465412,-0.01940451099995],[119.78432748,-0.019693680999985],[119.783954829,-0.019892489999966],[119.78353324,-0.019874430999955],[119.78308668,-0.019829250999976],[119.78287405,-0.019531050999944],[119.78275539,-0.018952709999962]]]]},"properties":{"gid":1023,"luas":null,"idkec":"7205131","kdkab":"05","kdkec":"131","nmkab":"DONGGALA","nmkec":"BALAESANG TANJUNG","kdprov":"72","nmprov":"SULAWESI TENGAH","sumber":null,"periode":"2025_1"}},{"id":1024,"type":"Feature","geometry":{"type":"MultiPolygon","coordinates":[[[[119.91972266,-0.425067300999959],[119.919709697,-0.425093397999948],[119.919442942,-0.425982579999925],[119.919112515,-0.426973861999952],[119.918982374,-0.427364284999965],[119.919673226,-0.428285420999952],[119.921350141,-0.430866376999981],[119.921528359,-0.431207499999979],[119.92165947,-0.431458460999981],[119.921698759,-0.431561089999944],[119.922036583,-0.432443358999936],[119.92216903,-0.43278925999994],[119.92221079,-0.432915100999943],[119.922386445,-0.433444373999981],[119.9224748,-0.433710599999923],[119.92247512,-0.434529659999952],[119.92247655,-0.438215459999928],[119.9222966,-0.440779809999931],[119.92258037,-0.442857269999936],[119.92267726,-0.443566579999925],[119.92287775,-0.444023859999958],[119.92329367,-0.444972459999976],[119.92389282,-0.446085789999926],[119.92479356,-0.446940789999939],[119.92525969,-0.44738325999992],[119.92652832,-0.448063479999974],[119.92706194,-0.448349599999975],[119.92970912,-0.448655689999955],[119.93098389,-0.448655179999946],[119.93235616,-0.448654619999962],[119.93352162,-0.448473819999954],[119.93367958,-0.448449309999948],[119.93388269,-0.448337799999933],[119.9339994,-0.448273719999978],[119.93609355,-0.448111479999971],[119.93693593,-0.447693708999966],[119.93704271,-0.447640749999957],[119.937212811,-0.448177628999936],[119.93721287,-0.448177809999945],[119.93775249,-0.449881009999958],[119.93811659,-0.450904909999963],[119.93826213,-0.451314159999931],[119.938388829,-0.452082189999938],[119.938360378,-0.45207305199995],[119.93809193,-0.451986840999959],[119.935846459,-0.451987750999934],[119.93218776,-0.452883740999943],[119.931641988,-0.45311554899996],[119.93044168,-0.45362535999993],[119.930325911,-0.45369942199995],[119.92902845,-0.454529479999973],[119.92846133,-0.454529709999978],[119.92811368,-0.454529849999975],[119.924786789,-0.453772230999965],[119.92350415,-0.453494079999934],[119.922873779,-0.453357379999943],[119.922431049,-0.453195968999981],[119.920794299,-0.452599239999936],[119.91925091,-0.452432188999986],[119.91921416,-0.45242821099993],[119.918303891,-0.451461298999967],[119.91804926,-0.451190819999974],[119.91605492,-0.448006500999962],[119.91243138,-0.442220789999963],[119.910911199,-0.440491961999952],[119.91068407,-0.440233659999939],[119.91018444,-0.438905629999972],[119.910100619,-0.437577430999966],[119.909609269,-0.437236910999955],[119.90901909,-0.436827900999961],[119.90610701,-0.433919569999942],[119.903860544,-0.431842244999927],[119.90286665,-0.431115619999961],[119.90128206,-0.431011970999976],[119.89795566,-0.431329490999941],[119.895826759,-0.431653356999958],[119.89313248,-0.432063229999931],[119.89039051,-0.432282752999929],[119.88814267,-0.432462719999943],[119.885398049,-0.431876439999948],[119.87811947,-0.428617289999975],[119.876918339,-0.427842671999943],[119.87670519,-0.427705209999952],[119.87454255,-0.427118695999985],[119.87213071,-0.426947920999966],[119.870663191,-0.427358522999952],[119.87038443,-0.42743652099995],[119.869751151,-0.427889031999942],[119.869220429,-0.428268259999923],[119.86497978,-0.429986679999956],[119.864367109,-0.429986911999957],[119.863732299,-0.429987150999976],[119.863039999,-0.429753448999979],[119.862234989,-0.429481705999933],[119.860904129,-0.42890390999998],[119.860378709,-0.428800922999938],[119.85874152,-0.428480029999955],[119.85744884,-0.428260499999969],[119.85624625,-0.428056275999951],[119.854110198,-0.428378436999945],[119.85408405,-0.428382380999944],[119.85192236,-0.429702450999975],[119.84951105,-0.431103949999966],[119.84734893,-0.431683070999955],[119.84551954,-0.432415679999964],[119.84406413,-0.432253579999954],[119.84240037,-0.431495180999944],[119.84081977,-0.430745769999934],[119.83907332,-0.430909079999939],[119.83906477,-0.43091453099993],[119.83903701,-0.430932210999965],[119.83903694,-0.430932250999945],[119.83790925,-0.431650479999972],[119.83649879,-0.432605629999955],[119.83608017,-0.432889119999973],[119.8342506,-0.433215110999924],[119.833769182,-0.433325145999959],[119.833622427,-0.433300687999979],[119.833432355,-0.433270140999985],[119.832420798,-0.433076263999971],[119.83205064,-0.433290949999966],[119.831197483,-0.433713773999958],[119.831111645,-0.433719138999944],[119.830854128,-0.433729867999952],[119.830542024,-0.433784144999953],[119.830169041,-0.433830767999958],[119.829581958,-0.433904150999982],[119.829502169,-0.43391763499995],[119.829131989,-0.433992741999931],[119.828891746,-0.434049798999986],[119.828702796,-0.434094671999964],[119.828386266,-0.434448747999967],[119.828295062,-0.434593594999971],[119.828123385,-0.43497449399996],[119.827967802,-0.435194448999943],[119.827889966,-0.435295632999954],[119.827706188,-0.435534538999955],[119.827699556,-0.43554315999995],[119.827526237,-0.435608152999975],[119.827336409,-0.435679334999976],[119.827042911,-0.435439206999949],[119.827042772,-0.435438373999953],[119.827029079,-0.43543878999998],[119.827005053,-0.435439517999949],[119.82675533,-0.435301744999944],[119.826607636,-0.435240506999954],[119.826585987,-0.435231530999949],[119.826486109,-0.435244558999951],[119.82647206,-0.435244631999983],[119.82568083,-0.43524879599994],[119.82562601,-0.435249084999964],[119.825596234,-0.435236523999952],[119.825336292,-0.435126863999936],[119.825265858,-0.435111213999963],[119.825102451,-0.435074901999942],[119.82479177,-0.435140800999929],[119.824426505,-0.435271918999942],[119.824373306,-0.43529101499996],[119.824326774,-0.435395709999969],[119.824151416,-0.435575445999969],[119.824078235,-0.435650453999936],[119.824070405,-0.435650453999936],[119.8240546,-0.435650453999936],[119.823563203,-0.435650453999936],[119.823311759,-0.435571431999969],[119.823203954,-0.43553755099993],[119.823187659,-0.435532428999979],[119.822917562,-0.43506821299997],[119.822765046,-0.435181184999981],[119.822583973,-0.435235504999992],[119.822320105,-0.435357287999975],[119.822113181,-0.43545278799996],[119.821823463,-0.435597641999946],[119.821377696,-0.435717652999925],[119.821352672,-0.435724389999963],[119.82088188,-0.435633855999932],[119.820682699,-0.435271718999964],[119.820682345,-0.435266056999979],[119.820648676,-0.434727350999939],[119.820644687,-0.434609689999945],[119.82045155,-0.434287803999958],[119.820169086,-0.433928314999949],[119.820158232,-0.433923000000006],[119.819432215,-0.433923000000006],[119.818950026,-0.434033497999965],[119.818491708,-0.433968026999937],[119.818039024,-0.433805063999957],[119.81793038,-0.433370499999969],[119.817883266,-0.433368020999978],[119.81775746,-0.433361398999983],[119.817600065,-0.433353114999928],[119.817559629,-0.433342680999945],[119.817001907,-0.433198756999964],[119.816754196,-0.432750779999941],[119.816749756,-0.432742751999973],[119.816462221,-0.432475054999949],[119.816321826,-0.432286252999976],[119.815987937,-0.431809281999965],[119.81592243,-0.431724263999968],[119.815735786,-0.431482031999963],[119.815660442,-0.431216938999968],[119.815562731,-0.431126719999948],[119.815502412,-0.430972378999978],[119.815483002,-0.430931754999962],[119.815467779,-0.430894389999932],[119.815404403,-0.430726900999956],[119.815313866,-0.430613733999969],[119.815291983,-0.430593624999981],[119.815268593,-0.430572130999961],[119.815137151,-0.430456027999986],[119.81512955,-0.430449312999948],[119.814913658,-0.430360419999942],[119.814838548,-0.430183695999979],[119.814662001,-0.430111266999978],[119.814536829,-0.430007494999935],[119.814402604,-0.429880648999932],[119.814128993,-0.429668739999961],[119.814026315,-0.429708121999965],[119.814007099,-0.429690377999977],[119.813858487,-0.42974913099994],[119.813858382,-0.429749079999975],[119.81385376,-0.429746836999926],[119.813210197,-0.429434583999982],[119.813093451,-0.429377939999939],[119.812982543,-0.429174237999971],[119.812905587,-0.428836996999967],[119.812920926,-0.42870333299993],[119.812915998,-0.428699788999958],[119.812916904,-0.428696669999977],[119.812864876,-0.428449093999973],[119.812854824,-0.428397289999971],[119.812852565,-0.428390511999963],[119.812851265,-0.428384325999957],[119.81273583,-0.428038031999962],[119.812246932,-0.427732478999937],[119.812174814,-0.427720657999943],[119.81182476,-0.427662315999958],[119.811637456,-0.42778024399997],[119.81163377,-0.427777592999972],[119.811625588,-0.427771709999946],[119.811617938,-0.427766207999976],[119.811561971,-0.427785672999961],[119.811438486,-0.427828623999969],[119.8113594,-0.427871206999956],[119.811226129,-0.427965604999941],[119.811045055,-0.428087826999963],[119.810804305,-0.428210170999938],[119.810703492,-0.428268535999959],[119.810540071,-0.428293237999985],[119.810268648,-0.428334264999938],[119.810242109,-0.428338276999971],[119.810183095,-0.428134415999978],[119.810268933,-0.427866176999941],[119.81030313,-0.427641466999951],[119.810306488,-0.427619398999988],[119.810292838,-0.427602874999944],[119.810258021,-0.42756072999993],[119.810204554,-0.427496007999935],[119.809948377,-0.427424280999965],[119.809895238,-0.427363551999979],[119.809768486,-0.427191536999946],[119.809641735,-0.427046681999968],[119.809460661,-0.426838452999956],[119.809297695,-0.426548742999955],[119.809284271,-0.426529948999932],[119.809242232,-0.42647109699994],[119.809191726,-0.426414278999971],[119.8091423,-0.426358677999939],[119.808772121,-0.426224556999964],[119.808391212,-0.426203098999967],[119.807959106,-0.426171092999942],[119.807934239,-0.426134621999958],[119.807840052,-0.425996484999933],[119.807841812,-0.425967270999933],[119.807865653,-0.425571510999933],[119.807881544,-0.425494948999936],[119.807897639,-0.425232074999936],[119.807862298,-0.425122267999939],[119.807826037,-0.425009603999964],[119.807471568,-0.424750508999983],[119.807466216,-0.424746596999977],[119.807299038,-0.424714060999977],[119.807122073,-0.424676674999955],[119.807033887,-0.42465804399996],[119.80614331,-0.424470277999952],[119.805641256,-0.424262361999983],[119.805612846,-0.424249170999935],[119.805530721,-0.424134396999943],[119.805424982,-0.423986621999974],[119.805404612,-0.423982094999931],[119.805401587,-0.423978849999979],[119.805383618,-0.423976903999975],[119.805191037,-0.423796997999946],[119.804940701,-0.423539195999978],[119.804831588,-0.423426828999936],[119.804830395,-0.423426430999941],[119.804424352,-0.423291087999933],[119.804315948,-0.423254954999946],[119.804284366,-0.423244426999931],[119.803887362,-0.423357086999946],[119.8033616,-0.423700432999966],[119.803302671,-0.423774092999969],[119.803300055,-0.423773843999924],[119.803168463,-0.423888199999966],[119.802927041,-0.423995494999925],[119.802465402,-0.424184342999981],[119.802136257,-0.424159656999966],[119.802121786,-0.424158341999952],[119.801737871,-0.424027361999958],[119.801246203,-0.423843526999978],[119.801213339,-0.423829172999951],[119.800642375,-0.423316668999981],[119.800643499,-0.42331034799998],[119.800629622,-0.423307226999953],[119.800625203,-0.42330623199996],[119.800600537,-0.423293394999977],[119.800440931,-0.423208026999935],[119.800429614,-0.423196709999963],[119.799483504,-0.422762144999983],[119.799475649,-0.422762019999935],[119.799448999,-0.422761596999975],[119.799194213,-0.422761596999975],[119.799189034,-0.422761596999975],[119.799113759,-0.422834779999969],[119.799103377,-0.422830939999933],[119.799103249,-0.422832308999953],[119.798684516,-0.423110701999982],[119.798308305,-0.423237731999971],[119.797818968,-0.42340537099994],[119.797814769,-0.423404374999967],[119.7978131,-0.423404938999967],[119.797514328,-0.423337037999949],[119.797490145,-0.42328076299999],[119.797272142,-0.422773461999959],[119.797211477,-0.422600458999972],[119.797215943,-0.422590409999951],[119.797224634,-0.422570856999927],[119.79722338,-0.422571382999943],[119.797221215,-0.422532413999932],[119.797048064,-0.422191778999955],[119.796817195,-0.422051449999971],[119.796486735,-0.421915648999976],[119.796192491,-0.421870381999954],[119.796173782,-0.421872459999972],[119.796153451,-0.421874718999964],[119.795906339,-0.421903790999977],[119.795899668,-0.42190457599998],[119.795561678,-0.422500064999954],[119.795336351,-0.423127743999947],[119.795175404,-0.423803704999961],[119.794853508,-0.424576230999951],[119.794794479,-0.424891046999965],[119.794765109,-0.424896432999959],[119.79476293,-0.424896832999938],[119.794733964,-0.424953061999931],[119.794687316,-0.425043610999981],[119.794379491,-0.425319739999968],[119.793711782,-0.425532496999954],[119.7931414,-0.424953075999958],[119.793137031,-0.424944014999936],[119.793095022,-0.424856886999977],[119.79289695,-0.424446083999952],[119.792890763,-0.424342970999934],[119.792869789,-0.423993411999959],[119.793059917,-0.423386831999957],[119.792987487,-0.422703298999977],[119.79295537,-0.422629029999934],[119.792941899,-0.422597877999971],[119.792842628,-0.422368319999973],[119.792803385,-0.422342726999943],[119.792801427,-0.422339120999945],[119.792425419,-0.422080622999951],[119.792389944,-0.421309067999979],[119.792502234,-0.420851284999973],[119.792509829,-0.420826503999933],[119.792652501,-0.420648166999968],[119.79265343,-0.420647053999968],[119.792643203,-0.420612776999975],[119.792579638,-0.420399754999957],[119.792578121,-0.420394671999929],[119.792457894,-0.420394671999929],[119.791505007,-0.420394671999929],[119.791372204,-0.420399357999944],[119.791360946,-0.420399754999957],[119.790821772,-0.420576792999953],[119.790437212,-0.420961342999934],[119.790419403,-0.420979151999973],[119.790290918,-0.420925878999935],[119.790116418,-0.420853526999964],[119.789782484,-0.420503311999938],[119.789565196,-0.419534594999956],[119.789628571,-0.418955173999972],[119.789632872,-0.418720808999981],[119.789646854,-0.418589143999953],[119.789646854,-0.417961464999964],[119.78960641,-0.41786035799993],[119.789447498,-0.417434195999937],[119.789284532,-0.417280288999965],[119.789031028,-0.417017737999968],[119.789006627,-0.417007415999937],[119.788995017,-0.416995804999947],[119.788753595,-0.416891192999976],[119.788453158,-0.416931927999948],[119.788252412,-0.416945310999949],[119.788172909,-0.416955569999976],[119.787971748,-0.416981523999943],[119.787919344,-0.416952786999958],[119.787727335,-0.416847494999957],[119.787602149,-0.416737960999966],[119.787411241,-0.416556235999967],[119.787392918,-0.416538792999981],[119.787270195,-0.416353707999979],[119.787175638,-0.416130398999941],[119.78716638,-0.416091905999963],[119.787166066,-0.416091119999979],[119.787166189,-0.416091111999953],[119.787187227,-0.416089682999942],[119.787842565,-0.416058478999955],[119.78878266,-0.415978471999952],[119.788795173,-0.415977502999963],[119.788795958,-0.415977339999935],[119.789104696,-0.415913360999977],[119.78915551,-0.415894003999943],[119.78948423,-0.415768779999953],[119.791109801,-0.415108912999933],[119.791770355,-0.414836082999961],[119.791860682,-0.414799643999966],[119.791860632,-0.414794401999926],[119.791860612,-0.414792333999978],[119.795873491,-0.411413873999956],[119.795966347,-0.411335697999968],[119.795973123,-0.41132999499996],[119.795982859,-0.411321796999978],[119.795971488,-0.411313525999957],[119.79595538,-0.411301810999937],[119.795396275,-0.406979537999975],[119.795340889,-0.406551362999951],[119.795233076,-0.40569522899995],[119.795231593,-0.405688738999972],[119.795229149,-0.40567804599994],[119.795216982,-0.405624815999942],[119.794860885,-0.404991101999949],[119.79485891,-0.404984539999934],[119.794826208,-0.404732742999951],[119.794770235,-0.404301761999935],[119.794753469,-0.404172662999943],[119.794697364,-0.404109957999943],[119.794068218,-0.403406813999944],[119.793467347,-0.402419692999955],[119.793347615,-0.401821049999967],[119.793647072,-0.401513043999954],[119.793958238,-0.401362828999943],[119.793850854,-0.400923542999982],[119.793840209,-0.400879997999941],[119.79377583,-0.40045081599993],[119.794069878,-0.400095938999927],[119.794411573,-0.399630002999978],[119.7947989,-0.398432840999943],[119.794883686,-0.398170780999978],[119.794540331,-0.397527005999961],[119.794111138,-0.396625719999982],[119.794025299,-0.395681517999958],[119.794234465,-0.395225166999977],[119.794246183,-0.395199599999965],[119.794065536,-0.394742677999948],[119.793977024,-0.394698423999956],[119.793314447,-0.394367142999961],[119.792315598,-0.393264991999964],[119.792072468,-0.392977662999953],[119.79207649,-0.392933424999967],[119.792152086,-0.39225307499993],[119.793225684,-0.391095300999957],[119.793262581,-0.391073161999947],[119.793942143,-0.390665435999954],[119.794525379,-0.390844164999985],[119.795055364,-0.390981957999944],[119.796235646,-0.391175090999991],[119.796624994,-0.391053421999975],[119.79726571,-0.390853202999951],[119.79760097,-0.39108529999994],[119.798102638,-0.391432600999969],[119.798912906,-0.391469430999963],[119.799886473,-0.391480883999974],[119.800754337,-0.391347368999966],[119.801281352,-0.391266291999953],[119.802698479,-0.391182108999944],[119.803424638,-0.391153632999929],[119.808344269,-0.390300628999972],[119.809498633,-0.389981457999966],[119.809498041,-0.389982363999938],[119.809506528,-0.389981577999956],[119.809497772,-0.389994453999979],[119.809515162,-0.389982765999949],[119.813433245,-0.389617944999948],[119.816371529,-0.389344355999927],[119.816380072,-0.389345054999979],[119.818573111,-0.389524596999939],[119.82462814,-0.390020318999975],[119.833826294,-0.390237592999945],[119.83449067,-0.390261330999974],[119.837669563,-0.390374904999933],[119.838717245,-0.390412337999981],[119.838766011,-0.390399461999946],[119.83879259,-0.390393720999962],[119.839439069,-0.389822630999962],[119.83806216,-0.388376360999935],[119.838036286,-0.388359084999932],[119.83439625,-0.385928789999984],[119.830486149,-0.383887930999947],[119.830484989,-0.383887600999973],[119.83016506,-0.383796719999964],[119.829033301,-0.383474986999949],[119.826739469,-0.382822899999949],[119.823855579,-0.38204225999994],[119.823239331,-0.381875446999977],[119.82067133,-0.381180309999937],[119.81480645,-0.378896049999979],[119.8108158,-0.379041939999974],[119.80916424,-0.379182619999943],[119.8080469,-0.379277789999948],[119.80242035,-0.380200099999965],[119.80169468,-0.38031904999997],[119.79680838,-0.381034529999973],[119.79395844,-0.38231864099993],[119.793611419,-0.382771410999973],[119.792656036,-0.384017929999977],[119.789140099,-0.386904909999955],[119.78606125,-0.389432989999931],[119.78426962,-0.389759020999974],[119.7825062,-0.390659200999953],[119.782483742,-0.390672634999931],[119.77881565,-0.392866819999936],[119.775844131,-0.392314837999945],[119.77462418,-0.392088220999946],[119.771823479,-0.39222914099998],[119.765678909,-0.392811127999948],[119.765461612,-0.392831710999933],[119.763373869,-0.393029459999983],[119.763371646,-0.393024044999956],[119.76260627,-0.393333833999976],[119.762544934,-0.393358659999945],[119.762425029,-0.393407190999943],[119.761901689,-0.392215876999963],[119.761450681,-0.391764878999944],[119.761101788,-0.391245806999967],[119.760744385,-0.390479960999931],[119.760395492,-0.388965289999933],[119.760412511,-0.388344104999939],[119.760497607,-0.387825030999978],[119.760421021,-0.387203844999936],[119.760369963,-0.386480546999967],[119.760148714,-0.386046568999976],[119.759961503,-0.385612587999967],[119.75961261,-0.384753139999933],[119.759314774,-0.38395325599993],[119.758897805,-0.383332069999937],[119.758438287,-0.382855543999945],[119.758131942,-0.382438582999962],[119.75795324,-0.382132244999986],[119.756846994,-0.380830307999933],[119.756431573,-0.380393315999931],[119.756191756,-0.380141045999957],[119.755493969,-0.379256068999947],[119.754996158,-0.378520004999927],[119.75475789,-0.378141335999948],[119.754511112,-0.377937109999957],[119.753511235,-0.376613897999971],[119.753301774,-0.376413547999964],[119.753217655,-0.376333088999959],[119.752422008,-0.375286430999959],[119.752205014,-0.374835432999928],[119.751932707,-0.37402703999993],[119.752026312,-0.373269702999955],[119.752062729,-0.372967448999931],[119.752111408,-0.372563420999946],[119.751941216,-0.371916706999962],[119.751609342,-0.371329556999975],[119.751098767,-0.370163767999941],[119.750996652,-0.369414938999971],[119.750996652,-0.368495922999956],[119.751005162,-0.367934302999977],[119.751143009,-0.366531535999966],[119.751149825,-0.366462173999941],[119.751779534,-0.364598611999957],[119.752170975,-0.363568971999945],[119.75269857,-0.362820143999956],[119.752922102,-0.362474691999981],[119.752936176,-0.362443676999929],[119.753031269,-0.362234119999931],[119.753239569,-0.361836440999989],[119.75349389,-0.361465850999934],[119.753582189,-0.361352110999984],[119.75377458,-0.361104300999958],[119.75396336,-0.360860499999948],[119.75404755,-0.36075177999993],[119.754081545,-0.360698815999971],[119.754579189,-0.360275826999951],[119.755251446,-0.359093017999962],[119.755314308,-0.358715855999949],[119.75532577,-0.358716377999948],[119.755710964,-0.357646416999953],[119.756870533,-0.358519192999953],[119.756449171,-0.358196337999976],[119.755713091,-0.357647479999975],[119.755677751,-0.357610697999971],[119.755936468,-0.357029482999964],[119.756200265,-0.356672086999942],[119.756949109,-0.355693504999988],[119.757272473,-0.355276541999955],[119.757655405,-0.355412692999945],[119.758319153,-0.355361636999935],[119.759033958,-0.355106352999952],[119.760106166,-0.35456174999996],[119.76063376,-0.354400071999988],[119.761073368,-0.354147841999979],[119.761152845,-0.354102240999972],[119.761629382,-0.353991618999948],[119.762373714,-0.353587786999928],[119.762429284,-0.353557637999933],[119.763101541,-0.35285135599998],[119.763441924,-0.352008922999982],[119.763705722,-0.350936735999936],[119.763748537,-0.350572810999951],[119.763756779,-0.350502753999936],[119.763833366,-0.34955820699998],[119.763769659,-0.349145993999977],[119.763775886,-0.349131599999967],[119.763816346,-0.348426453999936],[119.763680193,-0.347337245999935],[119.76363585,-0.346938168999944],[119.76353553,-0.34603530399994],[119.763501492,-0.345473680999933],[119.763348319,-0.344554661999949],[119.763246204,-0.344205773999931],[119.762982407,-0.343473963999941],[119.762803705,-0.342793207999937],[119.762573946,-0.34219754899994],[119.762437793,-0.341797604999963],[119.762327168,-0.341133867999931],[119.76230164,-0.340512679999969],[119.762318659,-0.339619188999963],[119.762531399,-0.338980979999973],[119.76292284,-0.338589546999976],[119.76327505,-0.338031172999931],[119.763620626,-0.337483318999947],[119.764292883,-0.336598336999947],[119.76455668,-0.336300507999971],[119.76539062,-0.33529639299997],[119.765705475,-0.335024089999942],[119.766062878,-0.334683713999934],[119.766394751,-0.334360353999958],[119.766854269,-0.333730654999955],[119.767058499,-0.333526427999972],[119.767237201,-0.333288164999943],[119.76746696,-0.333032880999957],[119.767790324,-0.332692502999981],[119.768062631,-0.331867086999978],[119.76827537,-0.331186330999973],[119.768768926,-0.330292839999982],[119.769092291,-0.32941636699997],[119.769270992,-0.328990894999953],[119.769373107,-0.328412250999978],[119.769347356,-0.328342723999935],[119.769357485,-0.328327077999985],[119.769356088,-0.328229297999952],[119.769377362,-0.328020817999981],[119.769415655,-0.327774043999969],[119.769500751,-0.327484721999951],[119.769670943,-0.327101796999954],[119.769790077,-0.326540173999947],[119.769909211,-0.325791340999956],[119.769994307,-0.325433944999935],[119.770028345,-0.324778716999954],[119.770011326,-0.32412774299997],[119.770083658,-0.323825657999978],[119.770053874,-0.323391675999971],[119.770151735,-0.323106609999972],[119.770154204,-0.323108183999981],[119.770263575,-0.322816793999952],[119.770319799,-0.322702409999979],[119.770328308,-0.32135791699995],[119.770524029,-0.320021931999975],[119.77071975,-0.319230552999954],[119.770815482,-0.318894428999956],[119.771023967,-0.318481720999962],[119.771194159,-0.318115813999955],[119.7712655,-0.318042375999937],[119.771268716,-0.318026830999949],[119.771273112,-0.318024194999968],[119.771294147,-0.317941370999957],[119.771317133,-0.31792859999996],[119.7713174,-0.317917637999933],[119.771322564,-0.317913077999948],[119.771327318,-0.317908877999978],[119.771426045,-0.317696723999978],[119.771513269,-0.317384000999935],[119.771591982,-0.317050003999952],[119.771614054,-0.316883088999932],[119.771618029,-0.316873439999945],[119.771798251,-0.31664666299997],[119.771860034,-0.316135237999959],[119.771936621,-0.315990577999967],[119.772132341,-0.315288547999955],[119.772221692,-0.315092828999982],[119.772374864,-0.314824780999972],[119.772493999,-0.314586515999959],[119.772592122,-0.314516428999988],[119.772605936,-0.314468250999938],[119.772800344,-0.314335487999936],[119.772970536,-0.314029146999934],[119.773123708,-0.313833428999949],[119.773189657,-0.313514324999979],[119.773227951,-0.313414337999975],[119.773229336,-0.313343705999959],[119.773240798,-0.313327085999955],[119.773291772,-0.312873987999985],[119.773325811,-0.312661250999961],[119.773376868,-0.312440005999975],[119.773504512,-0.312167701999957],[119.773540988,-0.312047334999936],[119.773589608,-0.311886889999937],[119.773708742,-0.311461416999975],[119.773725761,-0.310772150999982],[119.773742781,-0.310457300999932],[119.77375129,-0.310065864999962],[119.773606627,-0.309019200999963],[119.77355557,-0.308542670999952],[119.773478983,-0.307972537999949],[119.77335134,-0.307444950999992],[119.773172638,-0.30707904299994],[119.773053504,-0.306645059999944],[119.772942879,-0.306040887999923],[119.77293437,-0.305547339999985],[119.773019466,-0.305036770999954],[119.773155619,-0.30464533599997],[119.773444945,-0.303973086999975],[119.773525239,-0.303810069999948],[119.773547769,-0.30369091099994],[119.77358583,-0.303489639999956],[119.77364716,-0.303240429999963],[119.77369259,-0.303055850999955],[119.77381899,-0.30262205999998],[119.77397456,-0.302197299999935],[119.774036761,-0.302065965999932],[119.77407472,-0.301985819999969],[119.774167169,-0.301790600999941],[119.7742098,-0.301716640999934],[119.774391199,-0.301401969999973],[119.77462925,-0.301013329999932],[119.774693239,-0.300903150999944],[119.774743691,-0.300816282999963],[119.774755422,-0.300403364999974],[119.774734148,-0.300224665999965],[119.774678835,-0.30000341999994],[119.774670326,-0.299816210999954],[119.774742657,-0.299620492999969],[119.77478946,-0.299403501999964],[119.774959652,-0.29920778499997],[119.775125589,-0.299063122999946],[119.775214939,-0.29893973599997],[119.775317054,-0.298739762999963],[119.775393641,-0.298488733999937],[119.775419169,-0.298101552999931],[119.775428908,-0.298020400999973],[119.775419169,-0.297982420999979],[119.77541066,-0.297735645999977],[119.775500011,-0.296654941999982],[119.775500011,-0.296310308999983],[119.775597871,-0.295599767999937],[119.775755298,-0.295038142999949],[119.776082917,-0.294489280999935],[119.776094974,-0.294481242999957],[119.776095323,-0.294476874999928],[119.776210561,-0.294361638999939],[119.77643181,-0.294029768999968],[119.776533925,-0.293621313999958],[119.776547362,-0.293442614999948],[119.776576473,-0.29305543399995],[119.776566691,-0.293033914999968],[119.776572244,-0.293022323999938],[119.776567964,-0.292868225999938],[119.776516906,-0.291787522999933],[119.77644883,-0.291413104999945],[119.776325441,-0.290345165999954],[119.776287147,-0.29000478699994],[119.776253109,-0.289626114999983],[119.776185032,-0.289136819999949],[119.775929745,-0.288319908999941],[119.775661693,-0.287128581999983],[119.776555199,-0.287094543999959],[119.776563261,-0.287094880999979],[119.776942776,-0.287067772999942],[119.777640172,-0.287017958999965],[119.777980803,-0.286879185999965],[119.77809969,-0.286830749999976],[119.778593246,-0.286643542999978],[119.779188917,-0.286558447999945],[119.779716511,-0.286507390999927],[119.780397278,-0.286575466999981],[119.780822758,-0.286541427999966],[119.781282275,-0.286456332999931],[119.781567192,-0.286611741999943],[119.781843908,-0.286762675999971],[119.781896224,-0.286820221999963],[119.782184292,-0.287137091999975],[119.782333854,-0.287528249999991],[119.782405541,-0.28771573699993],[119.78264381,-0.288124191999943],[119.782745008,-0.288109011999954],[119.782984193,-0.288073134999942],[119.783290538,-0.28771573699993],[119.783861955,-0.287847600999963],[119.783952994,-0.287867576999935],[119.784006851,-0.287892800999949],[119.784328708,-0.288039096999979],[119.784413804,-0.287307281999976],[119.784601015,-0.287137091999975],[119.785213705,-0.287460452999949],[119.785571108,-0.287732755999975],[119.785843415,-0.288226304999973],[119.785979568,-0.288481589999952],[119.786745431,-0.288838987999955],[119.787987831,-0.289128309999972],[119.788492634,-0.289262922999963],[119.788687876,-0.289093039999951],[119.788854097,-0.288942650999967],[119.788811558,-0.288864401999949],[119.788600521,-0.288498608999937],[119.788464368,-0.288226304999973],[119.788464368,-0.287968782999945],[119.788466858,-0.28796740699995],[119.788755902,-0.287807611999947],[119.78875651,-0.287807275999977],[119.789060039,-0.28783486899994],[119.789791863,-0.288260343999978],[119.790370515,-0.288651778999969],[119.790949167,-0.288396495999964],[119.79110234,-0.28832841999997],[119.791629934,-0.288702835999976],[119.792072433,-0.289128309999972],[119.792395797,-0.289638878999942],[119.792685123,-0.290268579999975],[119.792940411,-0.290506846999968],[119.793876466,-0.290081371999976],[119.794625309,-0.290285598999963],[119.794897616,-0.290489826999941],[119.79610379,-0.289474114999968],[119.796124912,-0.289478302999951],[119.797141475,-0.289679879999944],[119.79730305,-0.289711920999934],[119.79862457,-0.290579089999935],[119.798838002,-0.290753836999962],[119.798845568,-0.290760032999971],[119.799420988,-0.291231190999963],[119.799485189,-0.291283759999947],[119.7995828,-0.291372840999947],[119.800062135,-0.291810294999953],[119.800069179,-0.291816730999926],[119.80012708,-0.291882374999952],[119.800143319,-0.291900790999935],[119.800206999,-0.291972990999969],[119.800207051,-0.29197304899998],[119.80049945,-0.292304589999965],[119.800507055,-0.292313034999955],[119.801215069,-0.293099609999959],[119.801546147,-0.293539632999971],[119.80157535,-0.293578449999924],[119.80163691,-0.294102549999937],[119.801636989,-0.294414750999987],[119.801637046,-0.294644692999953],[119.80163708,-0.294784449999963],[119.80163719,-0.29518691999994],[119.80157835,-0.295585719999972],[119.801538101,-0.295858549999944],[119.801532293,-0.295897931999946],[119.80153229,-0.29589795999993],[119.801514529,-0.296018299999958],[119.801914229,-0.297075460999958],[119.801989109,-0.29711626399996],[119.80324021,-0.297798040999963],[119.803387679,-0.297950974999939],[119.803672859,-0.298246730999957],[119.80367336,-0.298247249999984],[119.803761687,-0.298338962999938],[119.80378887,-0.298367189999966],[119.803812034,-0.298414143999941],[119.803872432,-0.298536578999978],[119.803872787,-0.29853730099996],[119.804127189,-0.299053869999962],[119.80412792,-0.299054349999952],[119.804378284,-0.299275165999971],[119.804379193,-0.299275967999964],[119.804381025,-0.299277585999966],[119.804672569,-0.299534730999936],[119.804680459,-0.299541689999953],[119.804703239,-0.29956108099998],[119.804716158,-0.29957594099995],[119.804726369,-0.299587691999944],[119.80476546,-0.299632669999943],[119.804796099,-0.299648101999935],[119.804819819,-0.299660049999948],[119.804835074,-0.299667719999954],[119.80499709,-0.299749179999943],[119.805087622,-0.299794896999976],[119.80514558,-0.299824159999956],[119.80514829,-0.299861030999982],[119.805154399,-0.299944079999939],[119.80519137,-0.300463369999942],[119.805099391,-0.301444759999921],[119.805080429,-0.301647070999939],[119.805096247,-0.301665662999933],[119.805250739,-0.301847299999969],[119.80594872,-0.303545779999985],[119.806033589,-0.303752299999928],[119.80615709,-0.30619209099996],[119.80588406,-0.307147889999961],[119.805880865,-0.307159060999946],[119.80587798,-0.307160130999939],[119.80480539,-0.307556949999944],[119.80433129,-0.307975450999949],[119.80421475,-0.308078329999946],[119.80419713,-0.30809388199999],[119.80413198,-0.308151390999961],[119.80406812,-0.308207759999959],[119.80406924,-0.308209780999958],[119.804377917,-0.308767110999953],[119.804444207,-0.308886800999969],[119.80449847,-0.308984780999934],[119.804608307,-0.309063892999978],[119.804775778,-0.309184523999932],[119.804782761,-0.309189552999963],[119.805127239,-0.309437681999949],[119.805172897,-0.309470565999957],[119.805320879,-0.309577159999946],[119.80568985,-0.309842920999929],[119.80634411,-0.310149309999936],[119.806518099,-0.310230791999973],[119.80655768,-0.310249330999973],[119.80734069,-0.310737080999958],[119.8081663,-0.311098310999967],[119.808243331,-0.311135567999948],[119.808691595,-0.31135235999995],[119.80927798,-0.311635949999924],[119.80928676,-0.311640200999932],[119.80930335,-0.311643239999964],[119.809568198,-0.311692012999975],[119.81012292,-0.311794169999924],[119.810148037,-0.311857521999974],[119.81032239,-0.31311554999996],[119.810264415,-0.313495570999982],[119.81018902,-0.313989820999957],[119.810189349,-0.315234230999977],[119.81061627,-0.31617873999995],[119.810654129,-0.316262790999927],[119.81066506,-0.316287060999972],[119.81081849,-0.316329140999925],[119.811119701,-0.316411751999972],[119.81171106,-0.316573940999945],[119.811883839,-0.316515909999967],[119.81240499,-0.316340870999968],[119.812723895,-0.31628322999996],[119.812920179,-0.31624774999995],[119.81384189,-0.315660140999966],[119.814792089,-0.315336310999959],[119.8150095,-0.315262219999977],[119.81523434,-0.315152711999937],[119.81590053,-0.314828240999932],[119.81688373,-0.314511699999967],[119.81774411,-0.314330739999944],[119.81823876,-0.314301509999951],[119.81881952,-0.314267189999963],[119.819114569,-0.31421504999997],[119.81985103,-0.314084913999984],[119.81989504,-0.314077139999937],[119.82102936,-0.314022609999942],[119.82110157,-0.314018907999983],[119.82155409,-0.313995699999967],[119.822092289,-0.31396809999996],[119.8237668,-0.313768849999979],[119.824530409,-0.31355855999994],[119.82567179,-0.313244230999949],[119.82571466,-0.313229670999931],[119.827421893,-0.312649848999963],[119.827432172,-0.31264635799994],[119.82766888,-0.312565969999981],[119.8291714,-0.312021570999955],[119.82956569,-0.311878699999967],[119.834765939,-0.309844159999956],[119.835088024,-0.309669309999948],[119.835455979,-0.309469559999964],[119.836548242,-0.308876603999983],[119.836548289,-0.308876577999971],[119.83704341,-0.308607788999957],[119.837147189,-0.308551455999983],[119.837347229,-0.308442860999946],[119.83888341,-0.30761111999994],[119.84017375,-0.306806559999934],[119.840184811,-0.306799531999955],[119.840479554,-0.306612300999984],[119.842038009,-0.305622330999946],[119.84204553,-0.305617210999974],[119.842750563,-0.305137134999944],[119.84384411,-0.304392490999935],[119.84472498,-0.303792709999932],[119.844754888,-0.303836070999977],[119.84610814,-0.305798039999963],[119.84978117,-0.311123219999959],[119.85067128,-0.313990299999954],[119.85155523,-0.316837500999953],[119.85173869,-0.317428029999977],[119.851799028,-0.317622241999981],[119.85235149,-0.319400499999979],[119.852351499,-0.319400530999931],[119.852972554,-0.321399555999957],[119.85363401,-0.323528619999944],[119.853703281,-0.324201046999975],[119.854446808,-0.329299436999977],[119.857582776,-0.33185462699993],[119.863970861,-0.340797791999939],[119.866758389,-0.347766484999978],[119.867222977,-0.351250829999968],[119.864780581,-0.354323461999969],[119.864092596,-0.355350546999951],[119.863767119,-0.355836439999961],[119.863066683,-0.359602651999983],[119.86305084,-0.359687840999932],[119.86373078,-0.362863000999948],[119.863773739,-0.363121989999977],[119.86389622,-0.363860369999943],[119.86582477,-0.366143010999968],[119.86590231,-0.366246960999952],[119.865913029,-0.366247479999972],[119.86598674,-0.366334379999951],[119.86606813,-0.366334367999974],[119.8677225,-0.366334109999967],[119.86797725,-0.366334027999928],[119.868155777,-0.366333969999977],[119.868500594,-0.366349642999979],[119.868895099,-0.366105430999944],[119.87093968,-0.364839762999973],[119.873611061,-0.362516869999974],[119.876630883,-0.360658554999932],[119.880928322,-0.357754937999966],[119.881363148,-0.357457988999956],[119.885417945,-0.354688911999978],[119.885690348,-0.354502883999942],[119.889639346,-0.35624505499994],[119.889720471,-0.35624505499994],[119.88983027,-0.35630352999994],[119.89093659,-0.35642692999995],[119.89110694,-0.356388373999947],[119.894294339,-0.355666966999934],[119.89695922,-0.355063819999945],[119.89904885,-0.355063160999986],[119.89947653,-0.355129261999941],[119.900646869,-0.355310150999974],[119.903001707,-0.355815801999942],[119.903894948,-0.356007604999955],[119.905250309,-0.356298639999981],[119.90532658,-0.356285449999976],[119.906101769,-0.356298379999953],[119.911261559,-0.355917111999932],[119.91382304,-0.355727839999931],[119.91395776,-0.355705299999962],[119.91407592,-0.356617279999969],[119.91407595,-0.356617509999983],[119.914214962,-0.357262268999935],[119.91443633,-0.358288959999929],[119.915612399,-0.360306490999971],[119.91581603,-0.360655829999933],[119.91640754,-0.361929639999976],[119.91660492,-0.363004809999951],[119.91592286,-0.363932819999952],[119.9155222,-0.364477949999982],[119.914610172,-0.365989440999959],[119.914516906,-0.366144009999968],[119.9134555,-0.367903089999973],[119.913278641,-0.369199379999945],[119.91321782,-0.369645189999975],[119.91316086,-0.370062679999944],[119.91395006,-0.373297139999981],[119.9148535,-0.374425538999961],[119.915169371,-0.374820058999943],[119.9155267,-0.375266359999964],[119.91598716,-0.375508499999967],[119.91739836,-0.376250599999935],[119.91833439,-0.377334539999943],[119.918646685,-0.378293078999953],[119.919074154,-0.379605129999962],[119.919115202,-0.37973111899993],[119.91951767,-0.380966409999933],[119.920457016,-0.382527661999977],[119.920536278,-0.382659401999949],[119.92099604,-0.383423559999935],[119.922285438,-0.384542650999955],[119.922473739,-0.384706080999938],[119.922710724,-0.385211799999985],[119.923149376,-0.386147871999927],[119.922649914,-0.388811672999961],[119.922841663,-0.389738458999939],[119.92296866,-0.390497639999975],[119.923363962,-0.390740148999957],[119.925177703,-0.392028858999941],[119.925493676,-0.393120404999942],[119.925522401,-0.394240674999937],[119.925227712,-0.39544047999994],[119.925138616,-0.395803228999976],[119.925120253,-0.395877992999948],[119.92553564,-0.396812612999953],[119.925569935,-0.397154016999938],[119.92557364,-0.39719089999994],[119.92563093,-0.397761200999979],[119.92563127,-0.398439059999931],[119.92563142,-0.398737030999947],[119.925513799,-0.399001669999964],[119.925237799,-0.399622650999962],[119.924282968,-0.400902798999936],[119.923269389,-0.402261709999954],[119.92270119,-0.403204370999964],[119.921872072,-0.404579898999945],[119.921804837,-0.404691443999978],[119.921611243,-0.405187529999981],[119.92085864,-0.407159799999935],[119.920428601,-0.408305649999942],[119.920312483,-0.408615049999984],[119.920313382,-0.408614929999947],[119.920306508,-0.408634511999937],[119.920371223,-0.409648376999947],[119.92046602,-0.410494040999945],[119.921325191,-0.412700513999945],[119.921334156,-0.412723537999966],[119.921150847,-0.41275506299996],[119.918364965,-0.413234163999966],[119.919019411,-0.414935706999931],[119.9199234,-0.417286050999963],[119.92043289,-0.418514449999985],[119.920535,-0.419333489999933],[119.92053533,-0.420254949999958],[119.920535381,-0.420388660999946],[119.92053584,-0.421585940999939],[119.920332589,-0.422609849999959],[119.920309976,-0.422769482999975],[119.92013,-0.424040010999931],[119.92012953,-0.424043289999934],[119.91972266,-0.425067300999959]]]]},"properties":{"gid":1024,"luas":null,"idkec":"7205102","kdkab":"05","kdkec":"102","nmkab":"DONGGALA","nmkec":"SINDUE TOBATA","kdprov":"72","nmprov":"SULAWESI TENGAH","sumber":null,"periode":"2025_1"}},{"id":1025,"type":"Feature","geometry":{"type":"MultiPolygon","coordinates":[[[[119.808144202,-0.513587212999936],[119.808142867,-0.513587341999936],[119.790258229,-0.515334819999969],[119.788042814,-0.515551283999973],[119.788042778,-0.515551287999925],[119.767885307,-0.517520845999975],[119.768146364,-0.516932514999957],[119.768146448,-0.516930836999969],[119.768257356,-0.516702240999963],[119.768302624,-0.516550597999982],[119.768322995,-0.516365004999962],[119.768289044,-0.515941763999937],[119.768037804,-0.515457410999949],[119.767723189,-0.515088488999942],[119.767275031,-0.514192209999985],[119.767057743,-0.51341362499994],[119.767225236,-0.513110337999945],[119.767356515,-0.512838738999973],[119.767573803,-0.512635038999981],[119.767598147,-0.512606269999943],[119.767588348,-0.512593087999964],[119.767637179,-0.512553559999959],[119.767737371,-0.511860956999958],[119.767614545,-0.511272513999924],[119.767232026,-0.509989205999953],[119.76679745,-0.508459194999945],[119.766335712,-0.507037822999972],[119.765656686,-0.505779408999952],[119.765231163,-0.504792596999947],[119.764126614,-0.503787676999939],[119.762840991,-0.502266717999927],[119.762625717,-0.502012734999943],[119.761582529,-0.500781969999938],[119.76092161,-0.499949062999979],[119.760296906,-0.498536742999936],[119.760043403,-0.497912062999944],[119.760020104,-0.497761789999976],[119.760013979,-0.497749101999949],[119.759879199,-0.497402974999943],[119.759876692,-0.497400093999944],[119.759723129,-0.496703440999963],[119.759628066,-0.495390705999973],[119.759615483,-0.495222350999943],[119.759580534,-0.494754708999956],[119.759499051,-0.494127764999981],[119.759297606,-0.493426129999941],[119.759158296,-0.493172219999966],[119.759152747,-0.493168109999946],[119.758892454,-0.492260512999964],[119.758876524,-0.492178360999961],[119.758734015,-0.491443446999941],[119.758710831,-0.490392506999968],[119.75870931,-0.490387918999941],[119.758709683,-0.490385619999933],[119.75871473,-0.490379731999948],[119.758795345,-0.490095454999965],[119.758791322,-0.490097084999943],[119.758791732,-0.490095629999927],[119.758981859,-0.48971538999996],[119.75926705,-0.489466421999961],[119.75943907,-0.489244614999965],[119.759574875,-0.488217058999976],[119.759678993,-0.486899796999984],[119.759932496,-0.485908453999969],[119.760231267,-0.485021224999972],[119.760475717,-0.484328642999969],[119.760733746,-0.483808074999967],[119.761408246,-0.482780519999953],[119.761824715,-0.482074357999982],[119.761857863,-0.482033164999963],[119.762210187,-0.481595339999957],[119.76229098,-0.481494940999943],[119.762689342,-0.480915525999934],[119.763051489,-0.480268210999962],[119.763309519,-0.47989702299998],[119.763621871,-0.479602788999963],[119.763964576,-0.479143078999919],[119.763993072,-0.479104854999948],[119.764273736,-0.478439431999954],[119.764495551,-0.477561255999943],[119.76445481,-0.476194195999937],[119.764355219,-0.475338652999939],[119.764232994,-0.474044020999944],[119.763979491,-0.472459679999934],[119.763671666,-0.47100661399998],[119.763128445,-0.468535042999972],[119.762997308,-0.46810885899993],[119.76300384,-0.468108634999966],[119.762861362,-0.46749956099996],[119.762494688,-0.46614608199997],[119.76237699,-0.465082308999979],[119.762186862,-0.464403304999971],[119.76237699,-0.463633766999976],[119.76213254,-0.462855175999952],[119.762014842,-0.461560540999934],[119.761987681,-0.46019348099998],[119.761951467,-0.459297194999982],[119.76186093,-0.458183626999925],[119.761779447,-0.456653602999946],[119.761824715,-0.455304647999983],[119.761851876,-0.454553215999971],[119.76162598,-0.453301666999947],[119.76151689,-0.452697268999946],[119.761091367,-0.451203457999953],[119.760955562,-0.45038865299996],[119.760448556,-0.449103068999937],[119.760013979,-0.447763165999963],[119.759823851,-0.447111320999964],[119.759379364,-0.447027981999961],[119.759095158,-0.446599894999974],[119.758769098,-0.446364413999968],[119.757949739,-0.445522446999981],[119.757420099,-0.444911342999955],[119.757143962,-0.444580891999978],[119.756926673,-0.444042214999969],[119.756741073,-0.443612177999966],[119.756753203,-0.443567877999954],[119.756554461,-0.443139563999986],[119.756374399,-0.44297391199996],[119.755994144,-0.442353752999964],[119.75561389,-0.441792441999958],[119.75536944,-0.441158703999981],[119.755324172,-0.440764880999954],[119.75511141,-0.44036200299997],[119.75492581,-0.440036079999976],[119.754722102,-0.439510981999947],[119.754633053,-0.439110275999954],[119.7546026,-0.439071980999938],[119.754593793,-0.43901449199996],[119.754554609,-0.438965513999968],[119.754414277,-0.438478891999982],[119.754328267,-0.438177866999974],[119.754208305,-0.43771387799996],[119.754391468,-0.437693817999965],[119.754389887,-0.437683502999964],[119.754405223,-0.437686717999955],[119.754561399,-0.437675400999977],[119.754810375,-0.437645978999975],[119.755007293,-0.437548653999951],[119.755156679,-0.437480753999974],[119.75527664,-0.437220466999978],[119.75544187,-0.436973762999968],[119.755496192,-0.436781375999942],[119.755618416,-0.436545987999978],[119.755668212,-0.43645771699995],[119.755862866,-0.436405660999985],[119.756007725,-0.43633096899993],[119.756068837,-0.436229117999982],[119.75606431,-0.436066156999968],[119.756009988,-0.435930355999972],[119.756059783,-0.435783236999955],[119.75605073,-0.435552374999936],[119.756032724,-0.435404334999931],[119.75602987,-0.435403739999967],[119.756034635,-0.435399418999964],[119.756031491,-0.435399597999956],[119.756210301,-0.435197028999946],[119.756358555,-0.435084991999933],[119.756449092,-0.434942401999941],[119.756483043,-0.434790755999936],[119.756433248,-0.434326767999947],[119.75641514,-0.433799406999935],[119.756356291,-0.433527802999953],[119.756188798,-0.433292414999926],[119.755862866,-0.433133979999985],[119.756297442,-0.432894064999971],[119.756469462,-0.432690362999953],[119.756460409,-0.43223769199994],[119.756419667,-0.431694485999972],[119.756279335,-0.430734821999985],[119.756107315,-0.429612196999929],[119.755989617,-0.42834019199995],[119.7556999,-0.427697397999962],[119.755745168,-0.426846375999958],[119.755808544,-0.426393703999969],[119.755935295,-0.426190001999944],[119.756107315,-0.426031565999954],[119.75610831,-0.426031001999954],[119.756274808,-0.425936504999926],[119.756596214,-0.425144329999966],[119.756807483,-0.424656238999948],[119.756858771,-0.424537749999963],[119.757044371,-0.424066970999946],[119.757365777,-0.42310730699996],[119.757616825,-0.422511551999955],[119.75764245,-0.422426590999974],[119.75779968,-0.422001800999966],[119.757922536,-0.421749666999971],[119.757958793,-0.421432421999958],[119.757958793,-0.421052177999977],[119.757750558,-0.420671932999934],[119.757451787,-0.420327901999951],[119.757315982,-0.419947657999955],[119.757270713,-0.419476878999953],[119.757759612,-0.418354251999977],[119.7579769,-0.417901579999981],[119.758031223,-0.417548495999945],[119.758058384,-0.417159198999967],[119.75814892,-0.41674274099995],[119.758160569,-0.416724491999965],[119.758160237,-0.416722369999952],[119.758225877,-0.416493769999937],[119.758289331,-0.416395890999985],[119.758440902,-0.41630138499994],[119.758717039,-0.416161055999962],[119.758975069,-0.416065994999948],[119.759233099,-0.416065994999948],[119.759545451,-0.415952826999957],[119.759871383,-0.415853238999951],[119.760056984,-0.415663116999954],[119.760068359,-0.415641243999971],[119.760233531,-0.415323612999942],[119.760360282,-0.415011269999979],[119.760536829,-0.414522383999951],[119.760593213,-0.414411274999972],[119.760690742,-0.414219092999933],[119.760840127,-0.41382526899998],[119.76109363,-0.413168892999986],[119.761266469,-0.41260046199995],[119.761297338,-0.412498938999935],[119.761532734,-0.411783714999954],[119.761669937,-0.411050678999975],[119.761691173,-0.410937217999957],[119.761709281,-0.41017672799996],[119.76168212,-0.409579200999931],[119.761587056,-0.408719122999977],[119.761573475,-0.40783188499995],[119.761590216,-0.407216691999961],[119.761603746,-0.407165338999955],[119.761653261,-0.406969543999942],[119.761716579,-0.406849693999958],[119.761715505,-0.406849585999977],[119.761824149,-0.406677569999942],[119.762282492,-0.406104937999944],[119.76254487,-0.405802812999988],[119.762548444,-0.405800516999937],[119.763082611,-0.404972124999982],[119.763476446,-0.404288588999973],[119.763861228,-0.403297235999954],[119.764205268,-0.402296827999984],[119.764255063,-0.401903002999975],[119.764285065,-0.401389983999929],[119.764328859,-0.401278910999962],[119.76434905,-0.401203893999945],[119.764343098,-0.401134452999953],[119.764341073,-0.401110825999981],[119.764309385,-0.40012399899997],[119.764159999,-0.39916433099995],[119.76413439,-0.398999543999937],[119.764132838,-0.398956100999963],[119.763933657,-0.397797257999975],[119.763761637,-0.396756109999958],[119.763618145,-0.396294896999959],[119.763615061,-0.396253671999946],[119.762973967,-0.394574224999931],[119.762425029,-0.393407190999943],[119.762544934,-0.393358659999945],[119.76260627,-0.393333833999976],[119.763371646,-0.393024044999956],[119.763373869,-0.393029459999983],[119.765461612,-0.392831710999933],[119.765678909,-0.392811127999948],[119.771823479,-0.39222914099998],[119.77462418,-0.392088220999946],[119.775844131,-0.392314837999945],[119.77881565,-0.392866819999936],[119.782483742,-0.390672634999931],[119.7825062,-0.390659200999953],[119.78426962,-0.389759020999974],[119.78606125,-0.389432989999931],[119.789140099,-0.386904909999955],[119.792656036,-0.384017929999977],[119.793611419,-0.382771410999973],[119.79395844,-0.38231864099993],[119.79680838,-0.381034529999973],[119.80169468,-0.38031904999997],[119.80242035,-0.380200099999965],[119.8080469,-0.379277789999948],[119.80916424,-0.379182619999943],[119.8108158,-0.379041939999974],[119.81480645,-0.378896049999979],[119.82067133,-0.381180309999937],[119.823239331,-0.381875446999977],[119.823855579,-0.38204225999994],[119.826739469,-0.382822899999949],[119.829033301,-0.383474986999949],[119.83016506,-0.383796719999964],[119.830484989,-0.383887600999973],[119.830486149,-0.383887930999947],[119.83439625,-0.385928789999984],[119.838036286,-0.388359084999932],[119.83806216,-0.388376360999935],[119.839439069,-0.389822630999962],[119.83879259,-0.390393720999962],[119.838766011,-0.390399461999946],[119.838717245,-0.390412337999981],[119.837669563,-0.390374904999933],[119.83449067,-0.390261330999974],[119.833826294,-0.390237592999945],[119.82462814,-0.390020318999975],[119.818573111,-0.389524596999939],[119.816380072,-0.389345054999979],[119.816371529,-0.389344355999927],[119.813433245,-0.389617944999948],[119.809515162,-0.389982765999949],[119.809497772,-0.389994453999979],[119.809506528,-0.389981577999956],[119.809498041,-0.389982363999938],[119.809498633,-0.389981457999966],[119.808344269,-0.390300628999972],[119.803424638,-0.391153632999929],[119.802698479,-0.391182108999944],[119.801281352,-0.391266291999953],[119.800754337,-0.391347368999966],[119.799886473,-0.391480883999974],[119.798912906,-0.391469430999963],[119.798102638,-0.391432600999969],[119.79760097,-0.39108529999994],[119.79726571,-0.390853202999951],[119.796624994,-0.391053421999975],[119.796235646,-0.391175090999991],[119.795055364,-0.390981957999944],[119.794525379,-0.390844164999985],[119.793942143,-0.390665435999954],[119.793262581,-0.391073161999947],[119.793225684,-0.391095300999957],[119.792152086,-0.39225307499993],[119.79207649,-0.392933424999967],[119.792072468,-0.392977662999953],[119.792315598,-0.393264991999964],[119.793314447,-0.394367142999961],[119.793977024,-0.394698423999956],[119.794065536,-0.394742677999948],[119.794246183,-0.395199599999965],[119.794234465,-0.395225166999977],[119.794025299,-0.395681517999958],[119.794111138,-0.396625719999982],[119.794540331,-0.397527005999961],[119.794883686,-0.398170780999978],[119.7947989,-0.398432840999943],[119.794411573,-0.399630002999978],[119.794069878,-0.400095938999927],[119.79377583,-0.40045081599993],[119.793840209,-0.400879997999941],[119.793850854,-0.400923542999982],[119.793958238,-0.401362828999943],[119.793647072,-0.401513043999954],[119.793347615,-0.401821049999967],[119.793467347,-0.402419692999955],[119.794068218,-0.403406813999944],[119.794697364,-0.404109957999943],[119.794753469,-0.404172662999943],[119.794770235,-0.404301761999935],[119.794826208,-0.404732742999951],[119.79485891,-0.404984539999934],[119.794860885,-0.404991101999949],[119.795216982,-0.405624815999942],[119.795229149,-0.40567804599994],[119.795231593,-0.405688738999972],[119.795233076,-0.40569522899995],[119.795340889,-0.406551362999951],[119.795396275,-0.406979537999975],[119.79595538,-0.411301810999937],[119.795971488,-0.411313525999957],[119.795982859,-0.411321796999978],[119.795973123,-0.41132999499996],[119.795966347,-0.411335697999968],[119.795873491,-0.411413873999956],[119.791860612,-0.414792333999978],[119.791860632,-0.414794401999926],[119.791860682,-0.414799643999966],[119.791770355,-0.414836082999961],[119.791109801,-0.415108912999933],[119.78948423,-0.415768779999953],[119.78915551,-0.415894003999943],[119.789104696,-0.415913360999977],[119.788795958,-0.415977339999935],[119.788795173,-0.415977502999963],[119.78878266,-0.415978471999952],[119.787842565,-0.416058478999955],[119.787187227,-0.416089682999942],[119.787166189,-0.416091111999953],[119.787166066,-0.416091119999979],[119.78716638,-0.416091905999963],[119.787175638,-0.416130398999941],[119.787270195,-0.416353707999979],[119.787392918,-0.416538792999981],[119.787411241,-0.416556235999967],[119.787602149,-0.416737960999966],[119.787727335,-0.416847494999957],[119.787919344,-0.416952786999958],[119.787971748,-0.416981523999943],[119.788172909,-0.416955569999976],[119.788252412,-0.416945310999949],[119.788453158,-0.416931927999948],[119.788753595,-0.416891192999976],[119.788995017,-0.416995804999947],[119.789006627,-0.417007415999937],[119.789031028,-0.417017737999968],[119.789284532,-0.417280288999965],[119.789447498,-0.417434195999937],[119.78960641,-0.41786035799993],[119.789646854,-0.417961464999964],[119.789646854,-0.418589143999953],[119.789632872,-0.418720808999981],[119.789628571,-0.418955173999972],[119.789565196,-0.419534594999956],[119.789782484,-0.420503311999938],[119.790116418,-0.420853526999964],[119.790290918,-0.420925878999935],[119.790419403,-0.420979151999973],[119.790437212,-0.420961342999934],[119.790821772,-0.420576792999953],[119.791360946,-0.420399754999957],[119.791372204,-0.420399357999944],[119.791505007,-0.420394671999929],[119.792457894,-0.420394671999929],[119.792578121,-0.420394671999929],[119.792579638,-0.420399754999957],[119.792643203,-0.420612776999975],[119.79265343,-0.420647053999968],[119.792652501,-0.420648166999968],[119.792509829,-0.420826503999933],[119.792502234,-0.420851284999973],[119.792389944,-0.421309067999979],[119.792425419,-0.422080622999951],[119.792801427,-0.422339120999945],[119.792803385,-0.422342726999943],[119.792842628,-0.422368319999973],[119.792941899,-0.422597877999971],[119.79295537,-0.422629029999934],[119.792987487,-0.422703298999977],[119.793059917,-0.423386831999957],[119.792869789,-0.423993411999959],[119.792890763,-0.424342970999934],[119.79289695,-0.424446083999952],[119.793095022,-0.424856886999977],[119.793137031,-0.424944014999936],[119.7931414,-0.424953075999958],[119.793711782,-0.425532496999954],[119.794379491,-0.425319739999968],[119.794687316,-0.425043610999981],[119.794733964,-0.424953061999931],[119.79476293,-0.424896832999938],[119.794765109,-0.424896432999959],[119.794794479,-0.424891046999965],[119.794853508,-0.424576230999951],[119.795175404,-0.423803704999961],[119.795336351,-0.423127743999947],[119.795561678,-0.422500064999954],[119.795899668,-0.42190457599998],[119.795906339,-0.421903790999977],[119.796153451,-0.421874718999964],[119.796173782,-0.421872459999972],[119.796192491,-0.421870381999954],[119.796486735,-0.421915648999976],[119.796817195,-0.422051449999971],[119.797048064,-0.422191778999955],[119.797221215,-0.422532413999932],[119.79722338,-0.422571382999943],[119.797224634,-0.422570856999927],[119.797215943,-0.422590409999951],[119.797211477,-0.422600458999972],[119.797272142,-0.422773461999959],[119.797490145,-0.42328076299999],[119.797514328,-0.423337037999949],[119.7978131,-0.423404938999967],[119.797814769,-0.423404374999967],[119.797818968,-0.42340537099994],[119.798308305,-0.423237731999971],[119.798684516,-0.423110701999982],[119.799103249,-0.422832308999953],[119.799103377,-0.422830939999933],[119.799113759,-0.422834779999969],[119.799189034,-0.422761596999975],[119.799194213,-0.422761596999975],[119.799448999,-0.422761596999975],[119.799475649,-0.422762019999935],[119.799483504,-0.422762144999983],[119.800429614,-0.423196709999963],[119.800440931,-0.423208026999935],[119.800600537,-0.423293394999977],[119.800625203,-0.42330623199996],[119.800629622,-0.423307226999953],[119.800643499,-0.42331034799998],[119.800642375,-0.423316668999981],[119.801213339,-0.423829172999951],[119.801246203,-0.423843526999978],[119.801737871,-0.424027361999958],[119.802121786,-0.424158341999952],[119.802136257,-0.424159656999966],[119.802465402,-0.424184342999981],[119.802927041,-0.423995494999925],[119.803168463,-0.423888199999966],[119.803300055,-0.423773843999924],[119.803302671,-0.423774092999969],[119.8033616,-0.423700432999966],[119.803887362,-0.423357086999946],[119.804284366,-0.423244426999931],[119.804315948,-0.423254954999946],[119.804424352,-0.423291087999933],[119.804830395,-0.423426430999941],[119.804831588,-0.423426828999936],[119.804940701,-0.423539195999978],[119.805191037,-0.423796997999946],[119.805383618,-0.423976903999975],[119.805401587,-0.423978849999979],[119.805404612,-0.423982094999931],[119.805424982,-0.423986621999974],[119.805530721,-0.424134396999943],[119.805612846,-0.424249170999935],[119.805641256,-0.424262361999983],[119.80614331,-0.424470277999952],[119.807033887,-0.42465804399996],[119.807122073,-0.424676674999955],[119.807299038,-0.424714060999977],[119.807466216,-0.424746596999977],[119.807471568,-0.424750508999983],[119.807826037,-0.425009603999964],[119.807862298,-0.425122267999939],[119.807897639,-0.425232074999936],[119.807881544,-0.425494948999936],[119.807865653,-0.425571510999933],[119.807841812,-0.425967270999933],[119.807840052,-0.425996484999933],[119.807934239,-0.426134621999958],[119.807959106,-0.426171092999942],[119.808391212,-0.426203098999967],[119.808772121,-0.426224556999964],[119.8091423,-0.426358677999939],[119.809191726,-0.426414278999971],[119.809242232,-0.42647109699994],[119.809284271,-0.426529948999932],[119.809297695,-0.426548742999955],[119.809460661,-0.426838452999956],[119.809641735,-0.427046681999968],[119.809768486,-0.427191536999946],[119.809895238,-0.427363551999979],[119.809948377,-0.427424280999965],[119.810204554,-0.427496007999935],[119.810258021,-0.42756072999993],[119.810292838,-0.427602874999944],[119.810306488,-0.427619398999988],[119.81030313,-0.427641466999951],[119.810268933,-0.427866176999941],[119.810183095,-0.428134415999978],[119.810242109,-0.428338276999971],[119.810268648,-0.428334264999938],[119.810540071,-0.428293237999985],[119.810703492,-0.428268535999959],[119.810804305,-0.428210170999938],[119.811045055,-0.428087826999963],[119.811226129,-0.427965604999941],[119.8113594,-0.427871206999956],[119.811438486,-0.427828623999969],[119.811561971,-0.427785672999961],[119.811617938,-0.427766207999976],[119.811625588,-0.427771709999946],[119.81163377,-0.427777592999972],[119.811637456,-0.42778024399997],[119.81182476,-0.427662315999958],[119.812174814,-0.427720657999943],[119.812246932,-0.427732478999937],[119.81273583,-0.428038031999962],[119.812851265,-0.428384325999957],[119.812852565,-0.428390511999963],[119.812854824,-0.428397289999971],[119.812864876,-0.428449093999973],[119.812916904,-0.428696669999977],[119.812915998,-0.428699788999958],[119.812920926,-0.42870333299993],[119.812905587,-0.428836996999967],[119.812982543,-0.429174237999971],[119.813093451,-0.429377939999939],[119.813210197,-0.429434583999982],[119.81385376,-0.429746836999926],[119.813858382,-0.429749079999975],[119.813858487,-0.42974913099994],[119.814007099,-0.429690377999977],[119.814026315,-0.429708121999965],[119.814128993,-0.429668739999961],[119.814402604,-0.429880648999932],[119.814536829,-0.430007494999935],[119.814662001,-0.430111266999978],[119.814838548,-0.430183695999979],[119.814913658,-0.430360419999942],[119.81512955,-0.430449312999948],[119.815137151,-0.430456027999986],[119.815268593,-0.430572130999961],[119.815291983,-0.430593624999981],[119.815313866,-0.430613733999969],[119.815404403,-0.430726900999956],[119.815467779,-0.430894389999932],[119.815483002,-0.430931754999962],[119.815502412,-0.430972378999978],[119.815562731,-0.431126719999948],[119.815660442,-0.431216938999968],[119.815735786,-0.431482031999963],[119.81592243,-0.431724263999968],[119.815987937,-0.431809281999965],[119.816321826,-0.432286252999976],[119.816462221,-0.432475054999949],[119.816749756,-0.432742751999973],[119.816754196,-0.432750779999941],[119.817001907,-0.433198756999964],[119.817559629,-0.433342680999945],[119.817600065,-0.433353114999928],[119.81775746,-0.433361398999983],[119.817883266,-0.433368020999978],[119.81793038,-0.433370499999969],[119.818039024,-0.433805063999957],[119.818491708,-0.433968026999937],[119.818950026,-0.434033497999965],[119.819432215,-0.433923000000006],[119.820158232,-0.433923000000006],[119.820169086,-0.433928314999949],[119.82045155,-0.434287803999958],[119.820644687,-0.434609689999945],[119.820648676,-0.434727350999939],[119.820682345,-0.435266056999979],[119.820682699,-0.435271718999964],[119.82088188,-0.435633855999932],[119.821352672,-0.435724389999963],[119.821377696,-0.435717652999925],[119.821823463,-0.435597641999946],[119.822113181,-0.43545278799996],[119.822320105,-0.435357287999975],[119.822583973,-0.435235504999992],[119.822765046,-0.435181184999981],[119.822917562,-0.43506821299997],[119.823187659,-0.435532428999979],[119.823203954,-0.43553755099993],[119.823311759,-0.435571431999969],[119.823563203,-0.435650453999936],[119.8240546,-0.435650453999936],[119.824070405,-0.435650453999936],[119.824078235,-0.435650453999936],[119.824151416,-0.435575445999969],[119.824326774,-0.435395709999969],[119.824373306,-0.43529101499996],[119.824426505,-0.435271918999942],[119.82479177,-0.435140800999929],[119.825102451,-0.435074901999942],[119.825265858,-0.435111213999963],[119.825336292,-0.435126863999936],[119.825596234,-0.435236523999952],[119.82562601,-0.435249084999964],[119.82568083,-0.43524879599994],[119.82647206,-0.435244631999983],[119.826486109,-0.435244558999951],[119.826585987,-0.435231530999949],[119.826607636,-0.435240506999954],[119.82675533,-0.435301744999944],[119.827005053,-0.435439517999949],[119.827029079,-0.43543878999998],[119.827042772,-0.435438373999953],[119.827042911,-0.435439206999949],[119.827336409,-0.435679334999976],[119.827526237,-0.435608152999975],[119.827699556,-0.43554315999995],[119.827706188,-0.435534538999955],[119.827889966,-0.435295632999954],[119.827967802,-0.435194448999943],[119.828123385,-0.43497449399996],[119.828295062,-0.434593594999971],[119.828386266,-0.434448747999967],[119.828702796,-0.434094671999964],[119.828891746,-0.434049798999986],[119.829131989,-0.433992741999931],[119.829502169,-0.43391763499995],[119.829581958,-0.433904150999982],[119.830169041,-0.433830767999958],[119.830542024,-0.433784144999953],[119.830854128,-0.433729867999952],[119.831111645,-0.433719138999944],[119.831197483,-0.433713773999958],[119.83205064,-0.433290949999966],[119.832420798,-0.433076263999971],[119.833432355,-0.433270140999985],[119.833622427,-0.433300687999979],[119.833769182,-0.433325145999959],[119.8342506,-0.433215110999924],[119.83608017,-0.432889119999973],[119.83649879,-0.432605629999955],[119.83790925,-0.431650479999972],[119.83903694,-0.430932250999945],[119.83903701,-0.430932210999965],[119.83906477,-0.43091453099993],[119.83907332,-0.430909079999939],[119.84081977,-0.430745769999934],[119.84240037,-0.431495180999944],[119.84406413,-0.432253579999954],[119.84551954,-0.432415679999964],[119.84734893,-0.431683070999955],[119.84951105,-0.431103949999966],[119.85192236,-0.429702450999975],[119.85408405,-0.428382380999944],[119.854110198,-0.428378436999945],[119.85624625,-0.428056275999951],[119.85744884,-0.428260499999969],[119.85874152,-0.428480029999955],[119.860378709,-0.428800922999938],[119.860904129,-0.42890390999998],[119.862234989,-0.429481705999933],[119.863039999,-0.429753448999979],[119.863732299,-0.429987150999976],[119.864367109,-0.429986911999957],[119.86497978,-0.429986679999956],[119.869220429,-0.428268259999923],[119.869751151,-0.427889031999942],[119.87038443,-0.42743652099995],[119.870663191,-0.427358522999952],[119.87213071,-0.426947920999966],[119.87454255,-0.427118695999985],[119.87670519,-0.427705209999952],[119.876918339,-0.427842671999943],[119.87811947,-0.428617289999975],[119.885398049,-0.431876439999948],[119.88814267,-0.432462719999943],[119.89039051,-0.432282752999929],[119.89313248,-0.432063229999931],[119.895826759,-0.431653356999958],[119.89795566,-0.431329490999941],[119.90128206,-0.431011970999976],[119.90286665,-0.431115619999961],[119.903860544,-0.431842244999927],[119.90610701,-0.433919569999942],[119.90901909,-0.436827900999961],[119.909609269,-0.437236910999955],[119.910100619,-0.437577430999966],[119.91018444,-0.438905629999972],[119.91068407,-0.440233659999939],[119.910911199,-0.440491961999952],[119.91243138,-0.442220789999963],[119.91605492,-0.448006500999962],[119.91804926,-0.451190819999974],[119.918303891,-0.451461298999967],[119.91921416,-0.45242821099993],[119.91925091,-0.452432188999986],[119.920794299,-0.452599239999936],[119.922431049,-0.453195968999981],[119.922873779,-0.453357379999943],[119.92350415,-0.453494079999934],[119.924786789,-0.453772230999965],[119.92811368,-0.454529849999975],[119.92846133,-0.454529709999978],[119.92902845,-0.454529479999973],[119.930325911,-0.45369942199995],[119.93044168,-0.45362535999993],[119.931641988,-0.45311554899996],[119.93218776,-0.452883740999943],[119.935846459,-0.451987750999934],[119.93809193,-0.451986840999959],[119.938360378,-0.45207305199995],[119.938388829,-0.452082189999938],[119.93884419,-0.454842231999974],[119.93889491,-0.455149659999959],[119.93920087,-0.456480499999941],[119.93944258,-0.456917589999939],[119.93971029,-0.457401719999954],[119.94072905,-0.459039409999955],[119.94078443,-0.459150679999943],[119.94103473,-0.459653569999942],[119.941046948,-0.459727099999946],[119.94113679,-0.460267829999966],[119.94093334,-0.460677429999979],[119.94042451,-0.461189559999978],[119.94042473,-0.461701459999979],[119.940403906,-0.461996295999944],[119.94032349,-0.463134859999977],[119.93981497,-0.46436366999996],[119.93930644,-0.465592449999975],[119.93859416,-0.466514199999954],[119.93798372,-0.467538289999945],[119.937912679,-0.46782455399995],[119.93779136,-0.468313419999963],[119.93774447,-0.46850236999996],[119.93757717,-0.469176549999938],[119.93749681,-0.469988149999952],[119.93737442,-0.471224279999948],[119.93751934,-0.472386239999945],[119.93757871,-0.472862329999944],[119.93767213,-0.474528829999948],[119.9376787,-0.474646029999985],[119.93774029,-0.475385579999969],[119.93778103,-0.475874579999932],[119.93768,-0.477100000000008],[119.93767974,-0.477103219999955],[119.9376632,-0.477186569999954],[119.93747656,-0.47812712999997],[119.93737532,-0.479458119999956],[119.937363221,-0.479506857999983],[119.937172062,-0.480277179999979],[119.93717204,-0.48027727999994],[119.936840906,-0.480877289999967],[119.936699263,-0.481133945999948],[119.9366634,-0.481198929999958],[119.93653424,-0.481442719999964],[119.93658156,-0.48144579999996],[119.93525072,-0.483363779999932],[119.93524205,-0.483358000000006],[119.93500966,-0.48320306999994],[119.93500966,-0.48406135999995],[119.9346282,-0.486159399999968],[119.9346282,-0.487017689999965],[119.93472356,-0.488638899999966],[119.935004963,-0.489694159999948],[119.93510502,-0.49006937999997],[119.93515488,-0.490368519999957],[119.93520039,-0.490641569999978],[119.93523997,-0.491512309999961],[119.9351414,-0.491522501999961],[119.93514073,-0.491540227999966],[119.935152441,-0.491874309999964],[119.93519465,-0.493078339999955],[119.935262358,-0.495009940999984],[119.93533818,-0.497173259999956],[119.93531304,-0.497242799999928],[119.93514248,-0.497714469999958],[119.93398107,-0.499527769999934],[119.93367963,-0.49999840999994],[119.93311298,-0.50086517999995],[119.93311243,-0.500866299999933],[119.933112331,-0.500866499999974],[119.93293554,-0.501222669999948],[119.9320427,-0.503021449999948],[119.93174712,-0.503716279999937],[119.93150765,-0.504279219999943],[119.93132942,-0.504997889999973],[119.93150831,-0.505716389999977],[119.931508462,-0.50571667799994],[119.93150975,-0.50571900999995],[119.93228744,-0.507126060999956],[119.932379089,-0.507291879999975],[119.93240045,-0.507330529999932],[119.93240172,-0.507332819999927],[119.93257026,-0.507530489999969],[119.932839346,-0.507846083999944],[119.934545309,-0.509846900999946],[119.935448533,-0.511208776999982],[119.936210715,-0.512357990999926],[119.936331939,-0.51254077099998],[119.937497787,-0.514382310999965],[119.937539572,-0.51444831599998],[119.937534169,-0.514443433999941],[119.93750778,-0.514444393999953],[119.935955368,-0.51450084199996],[119.932660972,-0.513720804999941],[119.931844949,-0.513520370999969],[119.930631803,-0.513240343999937],[119.929166521,-0.51289339899995],[119.926152445,-0.512419777999981],[119.9251334,-0.512419777999981],[119.924394296,-0.512092288999953],[119.918278347,-0.509382370999956],[119.91797497,-0.509247948999937],[119.91789972,-0.509256604999964],[119.91573974,-0.509400069999979],[119.915625789,-0.509407639999945],[119.91490444,-0.509542339999941],[119.914084284,-0.509695486999928],[119.91387953,-0.509733719999934],[119.913720579,-0.509790539999927],[119.91271543,-0.510149880999957],[119.912164977,-0.510491619999931],[119.9113474,-0.510999199999962],[119.910720079,-0.511388660999963],[119.91033789,-0.511641559999931],[119.910278013,-0.511681180999975],[119.909723937,-0.512030474999958],[119.907517203,-0.512622502999938],[119.906010165,-0.513332935999934],[119.903892294,-0.515009962999956],[119.903889547,-0.515012137999976],[119.90373331,-0.515070723999949],[119.900617122,-0.516239248999973],[119.898207724,-0.516537921999947],[119.89799869,-0.51656286099996],[119.8978771,-0.516623154999932],[119.89276976,-0.518930276999927],[119.890412323,-0.519177852999985],[119.88884551,-0.518896445999929],[119.888186289,-0.518772079999972],[119.88715889,-0.51825924999998],[119.8856905,-0.517526289999987],[119.88544264,-0.517172739999985],[119.8845253,-0.515864249999932],[119.883610339,-0.515530339999942],[119.883605257,-0.515533287999971],[119.883532315,-0.515575598999941],[119.881154641,-0.517409316999936],[119.88093413,-0.517579380999959],[119.87949168,-0.517902304999948],[119.877586353,-0.518149877999975],[119.876068551,-0.518892601999939],[119.873032946,-0.519463100999939],[119.873026019,-0.519471568999962],[119.87174293,-0.521039722999945],[119.871676612,-0.521120773999937],[119.868770181,-0.521454460999961],[119.867338495,-0.522030340999948],[119.865939201,-0.522901418999945],[119.86494358,-0.523517549999959],[119.864918677,-0.523536707999943],[119.86327345,-0.52480241099994],[119.86269887,-0.525244450999937],[119.862672413,-0.525259093999983],[119.862661295,-0.52526764699997],[119.859278595,-0.527140633999973],[119.858366628,-0.527645585999961],[119.85572233,-0.529623520999967],[119.850133004,-0.533416113999974],[119.845475232,-0.535645093999957],[119.841150159,-0.537009094999975],[119.841035536,-0.536393360999974],[119.828658827,-0.540699247999956],[119.827135268,-0.541229297999964],[119.827126155,-0.541231127999937],[119.827123792,-0.541236041999982],[119.826256553,-0.541537232999936],[119.818063266,-0.544328943999977],[119.818058037,-0.54431649099996],[119.817333928,-0.542592697999965],[119.81683386,-0.541402250999968],[119.816494444,-0.540599147999959],[119.81513068,-0.537372280999929],[119.81407416,-0.534684710999954],[119.81407039,-0.534675500999925],[119.814053089,-0.534633260999963],[119.81369445,-0.532473129999972],[119.81359685,-0.531885240999948],[119.81336096,-0.53046438299999],[119.813283527,-0.529997976999947],[119.808206337,-0.51368915599994],[119.808204375,-0.513689599999962],[119.808165598,-0.513623413999936],[119.80814438,-0.513587198999976],[119.808144202,-0.513587212999936]]]]},"properties":{"gid":1025,"luas":null,"idkec":"7205101","kdkab":"05","kdkec":"101","nmkab":"DONGGALA","nmkec":"SINDUE TOMBUSABORA","kdprov":"72","nmprov":"SULAWESI TENGAH","sumber":null,"periode":"2025_1"}},{"id":1026,"type":"Feature","geometry":{"type":"MultiPolygon","coordinates":[[[[119.79648305,-1.08403770699994],[119.798090771,-1.08542848799994],[119.79826437,-1.08557865899997],[119.798795701,-1.08609894799997],[119.798797861,-1.08610106899995],[119.79880217,-1.08610528699996],[119.798820991,-1.08612371699997],[119.800488308,-1.08775637899993],[119.80048854,-1.08775659699996],[119.80199899,-1.08809040999995],[119.804152968,-1.08856643999997],[119.8040005,-1.08909155799996],[119.80383785,-1.08965173999997],[119.803120299,-1.09212301799994],[119.80218987,-1.09532750999996],[119.80188815,-1.09636162799996],[119.80167297,-1.09709912899996],[119.80158652,-1.09724955099995],[119.798977419,-1.10172831799997],[119.79877636,-1.10456568799998],[119.798766911,-1.10469906799995],[119.798753219,-1.10489233799996],[119.798693639,-1.10573321899995],[119.79869096,-1.10577101499996],[119.79868931,-1.10579428899996],[119.798686217,-1.10583792399996],[119.79867621,-1.10597911999997],[119.79859723,-1.10710536799996],[119.798580467,-1.10734444599996],[119.79856411,-1.10757772799997],[119.79853625,-1.10771004799995],[119.79734481,-1.11361767999996],[119.797203573,-1.11431800799995],[119.79590963,-1.12073404899997],[119.795931075,-1.12560547399994],[119.79593453,-1.12639021899998],[119.79593453,-1.12639124899994],[119.795930839,-1.12691843899995],[119.795929626,-1.12709153499998],[119.79592861,-1.12723661999996],[119.795908799,-1.13020281799993],[119.795908771,-1.13020623899997],[119.795908243,-1.13028528899997],[119.795907802,-1.13035131899995],[119.79590778,-1.13035459399993],[119.795907761,-1.13035746899994],[119.795905412,-1.13070932799997],[119.79590423,-1.13088644899995],[119.797559539,-1.13230258899995],[119.800915939,-1.13332043799994],[119.80151515,-1.13325179999993],[119.802427669,-1.13314726999994],[119.80251186,-1.13308986899995],[119.80343644,-1.13245951899995],[119.804779059,-1.13279255799995],[119.80552571,-1.13374334799994],[119.80611922,-1.13449912999994],[119.806117672,-1.13533178699993],[119.80611571,-1.13638772999997],[119.80565017,-1.13920320799997],[119.80560612,-1.13946962999995],[119.80536134,-1.14133932299996],[119.80518017,-1.14272313799995],[119.804393729,-1.14304530899995],[119.802659419,-1.14375576999993],[119.79967687,-1.14561976899995],[119.79879279,-1.14617229799996],[119.79866137,-1.14632657899995],[119.79660499,-1.14874079799995],[119.796141861,-1.14984110999996],[119.79609892,-1.14994313999995],[119.79458771,-1.14995366999995],[119.7935779,-1.15115650899998],[119.793804739,-1.15267658799996],[119.793895331,-1.15328366299997],[119.79390958,-1.15337914999998],[119.793908514,-1.15394044799996],[119.7939082,-1.15410608899994],[119.793907879,-1.15427376899992],[119.79390698,-1.15474365999995],[119.793697009,-1.15549045999996],[119.793584016,-1.15589233499997],[119.793575978,-1.15592092499997],[119.79356897,-1.15594584899998],[119.79246965,-1.15852193899997],[119.79188233,-1.15988741799993],[119.7893551,-1.16435395999998],[119.790021989,-1.16691965899998],[119.791113089,-1.17026783799997],[119.79119069,-1.17050596799993],[119.79068413,-1.17205171899997],[119.789416489,-1.17222575999995],[119.788164629,-1.17239762799995],[119.787481399,-1.17240290799993],[119.78731371,-1.17240420799994],[119.786821319,-1.17240800799993],[119.786742406,-1.17327280399997],[119.78664979,-1.17428777699997],[119.786649829,-1.17428803799993],[119.786727489,-1.17482005999995],[119.786747498,-1.17495713799997],[119.786863631,-1.17576273699995],[119.78737517,-1.17931120899994],[119.78781033,-1.18232910899997],[119.78778173,-1.18250263099998],[119.78776542,-1.18260158899995],[119.787470669,-1.18438976799996],[119.78733355,-1.18466926999998],[119.786965009,-1.18542044799994],[119.786194299,-1.18588038899998],[119.78494771,-1.18662434799996],[119.77973666,-1.18954843899996],[119.77910281,-1.19074841999998],[119.77855702,-1.19178166999996],[119.77737802,-1.19367150999995],[119.77267005,-1.19693851899996],[119.77116485,-1.19752184999993],[119.77036681,-1.19783112799997],[119.770280959,-1.19786439799998],[119.769981449,-1.19798046899996],[119.76955573,-1.19781941999997],[119.76863715,-1.19719935999996],[119.76856558,-1.19714648999997],[119.764947759,-1.19447402999998],[119.764614099,-1.19396110999997],[119.76434483,-1.19354718999995],[119.76430521,-1.19348628099994],[119.76394319,-1.19292976999998],[119.763805559,-1.19255531099999],[119.763606618,-1.19201402099998],[119.76344186,-1.19156574099998],[119.763443259,-1.19083197999993],[119.763446099,-1.18934270999995],[119.763452369,-1.18591779999998],[119.76334887,-1.18498713099996],[119.763323239,-1.18475666999996],[119.76295697,-1.18146319999994],[119.761090459,-1.17621459999998],[119.760952369,-1.17582629999993],[119.75971472,-1.17490265999993],[119.759667279,-1.17486725999993],[119.75843707,-1.17394916999996],[119.75608697,-1.17344543999997],[119.75506003,-1.17312745099998],[119.753905169,-1.17276985099995],[119.75155689,-1.17140762099997],[119.74987625,-1.17209607999995],[119.74718875,-1.17245112999996],[119.74618122,-1.17245217099997],[119.7439998,-1.17160486099994],[119.74282358,-1.17195846099998],[119.74222203,-1.17213468999995],[119.74164748,-1.17230302099995],[119.74083232,-1.17135551999996],[119.740795899,-1.17131318999998],[119.74047449,-1.17093961099994],[119.74037783,-1.17044050999994],[119.74030826,-1.17008127099996],[119.74014605,-1.16699985099996],[119.73956009,-1.16570951099994],[119.739540099,-1.16566548099997],[119.73905904,-1.16460614999995],[119.73769311,-1.16321593099997],[119.735874529,-1.16136500999994],[119.73419818,-1.15983036999996],[119.73218404,-1.15932625999995],[119.73084615,-1.15641766999994],[119.730340539,-1.15538482999995],[119.729842409,-1.15436724999996],[119.729181759,-1.15415889099995],[119.72715723,-1.15352036999997],[119.72581542,-1.15267218999998],[119.72380022,-1.15268317099998],[119.719768619,-1.15338289999994],[119.71741755,-1.15338515999998],[119.7162463,-1.15288162999997],[119.716243,-1.15288021999993],[119.71607504,-1.15282610999998],[119.71382277,-1.15210058999999],[119.7120474,-1.15152868099995],[119.71191771,-1.15158768999994],[119.71053463,-1.15221695099997],[119.70834792,-1.15410779999997],[119.70649877,-1.15513980999999],[119.70398173,-1.15412101999993],[119.70146271,-1.15413247099997],[119.699612749,-1.15550788999998],[119.69789053,-1.15670539999997],[119.69540892,-1.15843092999996],[119.69255403,-1.15844270099995],[119.69070339,-1.16016155099994],[119.690326559,-1.16143459999995],[119.689689249,-1.16358763999995],[119.68851178,-1.16461902099997],[119.687335699,-1.16497260099994],[119.68498062,-1.16703535999995],[119.681784309,-1.16995747999994],[119.67514877,-1.17101219999996],[119.67338496,-1.17123925999993],[119.67246108,-1.17135819999993],[119.66994303,-1.17085451999998],[119.66724456,-1.16921431099997],[119.66658808,-1.16881528099999],[119.66188916,-1.16712072999996],[119.65983531,-1.16809101099995],[119.65970392,-1.16815307999998],[119.659700601,-1.16815527399997],[119.65684536,-1.17004463999995],[119.656843729,-1.17004387099996],[119.65668059,-1.16999484999997],[119.65516696,-1.16954014099998],[119.65375833,-1.16856507999995],[119.653172331,-1.16815943899997],[119.653162249,-1.16815246099998],[119.65285867,-1.16794038099993],[119.65271465,-1.16784263099993],[119.65103665,-1.16670376599995],[119.650675224,-1.16645743799995],[119.647451779,-1.16426050999997],[119.645366899,-1.16387985299997],[119.64375842,-1.16358618099997],[119.642190651,-1.16313543899998],[119.641617781,-1.16297073499994],[119.641408529,-1.16291056999995],[119.63905997,-1.16155713999996],[119.637686902,-1.15888834899994],[119.63755026,-1.15862275999996],[119.637440753,-1.15840991899995],[119.637407427,-1.15834514199998],[119.63738686,-1.15830516999996],[119.6376926,-1.15731407999994],[119.63823186,-1.15556596999995],[119.63823478,-1.15402052999998],[119.636892909,-1.15317224999996],[119.63652038,-1.15209066099993],[119.6358909,-1.15026305999993],[119.63528464,-1.14871167999997],[119.63488823,-1.14769730099994],[119.63220356,-1.14651584999996],[119.627837629,-1.14618550099994],[119.626243889,-1.14587857999993],[119.626159359,-1.14586242999997],[119.62615934,-1.14586276999995],[119.624143679,-1.14547732099994],[119.62400101,-1.14545015999995],[119.62400103,-1.14545003999996],[119.62361234,-1.14537570999994],[119.62347278,-1.14534902099996],[119.623437989,-1.14534914399997],[119.62011333,-1.14536097099995],[119.619885649,-1.14531376199995],[119.618397869,-1.14500526999996],[119.61716081,-1.14454006099993],[119.61711952,-1.14452452999996],[119.617092529,-1.14451437999998],[119.61524253,-1.14588982099998],[119.61453952,-1.14615982099998],[119.612862049,-1.14680406099996],[119.61255338,-1.14692260999993],[119.61211228,-1.14692499099993],[119.61195054,-1.14692585999995],[119.61074026,-1.14693240999998],[119.610538629,-1.14693349999993],[119.607543809,-1.14670490099996],[119.607535129,-1.14634736099993],[119.60730402,-1.14483989999997],[119.60697385,-1.14368115999997],[119.606923259,-1.14331046099995],[119.606874449,-1.14295270099995],[119.6070048,-1.14149548999996],[119.60766159,-1.13987223999994],[119.60846178,-1.13923673099992],[119.60874694,-1.13901026099995],[119.60983246,-1.13834695999998],[119.61039096,-1.13722052099997],[119.61058684,-1.13543209999994],[119.61058478,-1.13314714999996],[119.61051718,-1.13116028099995],[119.61042099,-1.12987983099993],[119.61005309,-1.12924589999994],[119.609399909,-1.12898662999993],[119.60907066,-1.12885445999997],[119.60860957,-1.12852373999994],[119.60860926,-1.12815947099995],[119.60920096,-1.12733103099993],[119.60962819,-1.12663522999998],[119.60964527,-1.12640920999996],[119.609693259,-1.12577416999995],[119.609395729,-1.12428425099995],[119.60946046,-1.12305892099994],[119.6095254,-1.12206539999995],[119.6094268,-1.12166186099996],[119.60921415,-1.12079148099997],[119.609129019,-1.12044309099997],[119.608537729,-1.11974595099998],[119.60837124,-1.11954964999996],[119.60777143,-1.11912637099993],[119.6071527,-1.11868972999997],[119.6054736,-1.11806204999994],[119.60519006,-1.11803001099998],[119.60372906,-1.11786491999993],[119.601524269,-1.11829740099995],[119.59964857,-1.11927262999996],[119.5994188,-1.11939209099995],[119.598391719,-1.12064922999998],[119.598037949,-1.12108224999997],[119.59706369,-1.12204142999996],[119.59662393,-1.12247436999996],[119.595473149,-1.12380002099996],[119.59482516,-1.12445725999994],[119.59482291,-1.12445777999994],[119.59481712,-1.12446363999994],[119.59409993,-1.12463061999995],[119.59409115,-1.12462759999995],[119.594087899,-1.12462834999997],[119.593037999,-1.12426582099995],[119.59256985,-1.12305972999998],[119.59211375,-1.12125310999995],[119.59178245,-1.11876971999994],[119.59166083,-1.11738698999995],[119.59163294,-1.11706991099994],[119.59122154,-1.11624386999994],[119.590874599,-1.11554725099996],[119.590511949,-1.11485212999998],[119.590478,-1.11366001099998],[119.59054162,-1.11114313999996],[119.59086469,-1.10964700999995],[119.590935,-1.10932140099993],[119.59093328,-1.10736755999995],[119.59076717,-1.10557945999994],[119.590733,-1.10412238999993],[119.590666189,-1.10299650999997],[119.59043475,-1.10148972999998],[119.590054929,-1.10079848099998],[119.58990731,-1.10052983099996],[119.5891133,-1.09997404999996],[119.58882051,-1.09976910999996],[119.587865319,-1.09890894999996],[119.58750207,-1.09751838099994],[119.58746832,-1.09652492999993],[119.58766444,-1.09496832099996],[119.588485309,-1.09268258999992],[119.58911954,-1.09032501999997],[119.5892071,-1.08999957099996],[119.58908242,-1.08873876099995],[119.58903835,-1.08829302099998],[119.58860964,-1.08729990999996],[119.58804967,-1.08677054999993],[119.58676573,-1.08637425099994],[119.5854492,-1.08634228099994],[119.58409995,-1.08657524999996],[119.58363921,-1.08660876999995],[119.583013509,-1.08621190999998],[119.58245332,-1.08541760999997],[119.582380619,-1.08499908999995],[119.582321029,-1.08465604999999],[119.582319822,-1.08460230599997],[119.582286819,-1.08313273099998],[119.5822107,-1.08247392099998],[119.58218734,-1.08227181099994],[119.58162696,-1.08124568099994],[119.58115961,-1.08002092099998],[119.58103322,-1.07968971999998],[119.580604279,-1.07843166999993],[119.58024086,-1.07677618999997],[119.580042299,-1.07548481099998],[119.580469379,-1.07455719999996],[119.58096168,-1.07401311099995],[119.58109273,-1.07331755999997],[119.580861719,-1.07255608999998],[119.58040018,-1.07166233999994],[119.57970794,-1.07037138999994],[119.57918049,-1.06937836099996],[119.57830774,-1.06825516099997],[119.57812616,-1.06802146999997],[119.57786219,-1.06722689999998],[119.577729509,-1.06600171999998],[119.57815646,-1.06487540999996],[119.578610509,-1.06452615099995],[119.579178449,-1.06408928999997],[119.57940635,-1.06391400000001],[119.579434699,-1.06365522999994],[119.57947166,-1.06331784999998],[119.57887856,-1.06249045099998],[119.57853208,-1.06227578099992],[119.577720639,-1.06177304099999],[119.57772011,-1.06114384099993],[119.5778795,-1.06092068999994],[119.57831186,-1.06031541999994],[119.57859753,-1.05998636999994],[119.57900238,-1.05952004999994],[119.579396459,-1.05846000999997],[119.579587599,-1.05794135099996],[119.57977372,-1.05771293099997],[119.57982846,-1.05764023999996],[119.58038282,-1.05723389099995],[119.58046672,-1.05676736999993],[119.58051387,-1.05650521099994],[119.58024976,-1.05554505999994],[119.579735079,-1.05528666099997],[119.57919613,-1.05501608099996],[119.57786581,-1.05465222999993],[119.57738551,-1.05452085999998],[119.57557465,-1.05372758099998],[119.57386252,-1.05290108999999],[119.572994009,-1.05136021099998],[119.57287369,-1.05114673999998],[119.57278034,-1.05081476999994],[119.572510609,-1.04985549999998],[119.572476979,-1.04899451099993],[119.57268564,-1.04853541999995],[119.572838359,-1.04819940999994],[119.57391348,-1.04703459999996],[119.57415371,-1.04677432999994],[119.575008869,-1.04607817999994],[119.575666939,-1.04584581099994],[119.57731242,-1.04564573999994],[119.577509649,-1.04534753999997],[119.57757486,-1.04458582999997],[119.57742233,-1.04409209999995],[119.57678218,-1.04202002999995],[119.57609045,-1.04132516099998],[119.575398959,-1.04092834999995],[119.5752301,-1.04079265099996],[119.574575619,-1.04026668999996],[119.57401543,-1.03943923999999],[119.574014629,-1.03844574999995],[119.57450705,-1.03688887099997],[119.57466822,-1.03652961999996],[119.57513127,-1.03549747999995],[119.575231819,-1.03505064999996],[119.575459219,-1.03404009999997],[119.57598515,-1.03321175099995],[119.5764016,-1.03266609999997],[119.57697148,-1.03191941999995],[119.57764108,-1.03114075999997],[119.577826429,-1.03092522099996],[119.57812183,-1.02993149099996],[119.578091129,-1.02954190099997],[119.578055309,-1.02908724999997],[119.57736298,-1.02759756999996],[119.57676946,-1.02624030099998],[119.57647232,-1.02508145999996],[119.57646505,-1.02479782999996],[119.57646503,-1.02479720099997],[119.57643835,-1.02375685099998],[119.576287788,-1.02280243499996],[119.576011992,-1.02120538999998],[119.575971721,-1.02097683499995],[119.575919099,-1.02067819099994],[119.575843119,-1.02024697999997],[119.57544689,-1.01862459999995],[119.57528437,-1.01828713099997],[119.57724616,-1.01400476099997],[119.577550399,-1.01327540099994],[119.577634599,-1.01307353099998],[119.578966681,-1.01159404199996],[119.57934472,-1.01117417099994],[119.580808839,-1.00990767099996],[119.583243489,-1.00913748999994],[119.5853557,-1.00796085099995],[119.58745844,-1.00901662099995],[119.587782879,-1.00894405099996],[119.588512999,-1.00878981999994],[119.588563299,-1.00865530099998],[119.58884088,-1.00791288099993],[119.5891722,-1.00624058099994],[119.58917278,-1.00610274099995],[119.58918059,-1.00425221999996],[119.58987903,-1.00356768999995],[119.59007583,-1.00337482099996],[119.59055332,-1.00343362999996],[119.591533909,-1.00355440999994],[119.592826509,-1.00452947999997],[119.593466509,-1.00510869999995],[119.59371451,-1.00533314999996],[119.594246659,-1.00529564999994],[119.59566015,-1.00519602099996],[119.5974408,-1.00577302999994],[119.59771455,-1.00577585999998],[119.59825115,-1.00578140999995],[119.59861699,-1.00483294999998],[119.59874285,-1.00450667099995],[119.598927759,-1.00411821999996],[119.59923349,-1.00347595999996],[119.59960429,-1.00324883999997],[119.59988357,-1.00307776999995],[119.600754219,-1.00337687999996],[119.60085467,-1.00341139099993],[119.60206961,-1.00358214099992],[119.60292477,-1.00323571999997],[119.60361206,-1.00295729099997],[119.60636401,-1.00378656999994],[119.606506809,-1.00380271999996],[119.6077724,-1.00394584099996],[119.608502969,-1.00402849299997],[119.608706119,-1.00405147899995],[119.60884163,-1.00406680999993],[119.6102523,-1.00422630099996],[119.61219079,-1.00508574099997],[119.6122246,-1.00510072999992],[119.612226069,-1.00510138099998],[119.612463731,-1.00517864899996],[119.6128078,-1.00529051099995],[119.612807819,-1.00529046999999],[119.612819302,-1.00526007099996],[119.6132824,-1.00403407099998],[119.61375634,-1.00187364999994],[119.614111799,-1.00031886099993],[119.6145864,-0.999062219999933],[119.61577429,-0.99768752099994],[119.617033211,-0.996854760999955],[119.61767572,-0.996429750999944],[119.61981508,-0.995352540999933],[119.623796029,-0.992656100999974],[119.62629183,-0.991271339999978],[119.62811605,-0.990493112999966],[119.628669019,-0.990257210999977],[119.63063003,-0.989234389999989],[119.632887879,-0.987678100999976],[119.63383838,-0.986836840999952],[119.634253709,-0.985761029999934],[119.63353792,-0.982770130999943],[119.63326887,-0.980827240999933],[119.63326798,-0.979688499999958],[119.632732279,-0.978794189999971],[119.6316615,-0.977954530999975],[119.631185089,-0.976879419999937],[119.63124354,-0.975559869999933],[119.63171791,-0.974005019999942],[119.65063626,-0.986425749999977],[119.650631899,-0.986510429999959],[119.650627066,-0.98660430899997],[119.65053851,-0.988323708999927],[119.64925165,-0.991923258999973],[119.64944891,-0.992758823999971],[119.64965015,-0.993611248999972],[119.649995351,-0.993129719999961],[119.65021403,-0.992824679999961],[119.651081984,-0.991901750999939],[119.65167713,-0.991268908999926],[119.65171417,-0.991229509999927],[119.65192367,-0.991006747999963],[119.65271063,-0.990404378999935],[119.652783128,-0.990348887999971],[119.65460671,-0.98895306899993],[119.656072996,-0.988293943999962],[119.65720488,-0.987785138999932],[119.65890671,-0.987801838999933],[119.660154112,-0.988246644999951],[119.660186791,-0.988258297999949],[119.660194059,-0.988260888999951],[119.66052509,-0.988378929999958],[119.6626255,-0.990077458999974],[119.664138476,-0.992812526999963],[119.664341023,-0.993178677999936],[119.664744604,-0.993908245999941],[119.66519834,-0.994728479999937],[119.6651995,-0.994728808999984],[119.66558832,-0.994838998999977],[119.665594619,-0.994840779999952],[119.66571143,-0.994873878999959],[119.66697911,-0.995233128999935],[119.66792654,-0.995503168999967],[119.66900264,-0.995809868999976],[119.67069924,-0.997019499999963],[119.67082651,-0.997261178999966],[119.671169891,-0.997913239999944],[119.6711772,-0.997927119999934],[119.671503191,-0.998546158999941],[119.67274333,-1.00299464499995],[119.67357872,-1.00599125999998],[119.67412431,-1.00704818999999],[119.67427754,-1.00734187099994],[119.674436438,-1.00764641399996],[119.67470404,-1.00815929999993],[119.67470521,-1.00816022999994],[119.676957104,-1.00994720599994],[119.679344601,-1.01184178899997],[119.679345729,-1.01184268099996],[119.68011519,-1.01244727099993],[119.68011555,-1.01244754999994],[119.680623929,-1.01300528999996],[119.68092222,-1.01333254099996],[119.682264689,-1.01411752999998],[119.68286245,-1.01446961999994],[119.68445368,-1.01439732099993],[119.685477179,-1.01435082099994],[119.68548182,-1.01435060899997],[119.68569933,-1.01434072999996],[119.686715039,-1.01499035199993],[119.686744721,-1.01500933899997],[119.687477389,-1.01547793999993],[119.68941947,-1.01613603099998],[119.689987353,-1.01633179799996],[119.69064352,-1.01655800099997],[119.692236736,-1.01710723299993],[119.69346864,-1.01753190999995],[119.693497359,-1.01754180999995],[119.69370833,-1.01761453999995],[119.694811719,-1.01765932099995],[119.694814569,-1.01765943899995],[119.69654412,-1.01772962999997],[119.70018635,-1.01880199099999],[119.70159257,-1.01914146999997],[119.7016067,-1.01914488099994],[119.70399131,-1.01972055999995],[119.705791139,-1.01932805799993],[119.70580771,-1.01932444099999],[119.70789746,-1.01886871099993],[119.70896692,-1.01884858199998],[119.70896826,-1.01884855899994],[119.7104643,-1.01882041099999],[119.710894251,-1.01869101199999],[119.71089766,-1.01868998799995],[119.711307459,-1.01856666099997],[119.71175519,-1.01839272999996],[119.7117598,-1.01839093899998],[119.71240327,-1.01814097999994],[119.712571181,-1.01711965099998],[119.712117489,-1.01643543099993],[119.712071772,-1.01636648899995],[119.71172674,-1.01584613899997],[119.71172547,-1.01431886899997],[119.712004796,-1.01279119499999],[119.71207286,-1.01241893899993],[119.712104661,-1.01224501899998],[119.71214524,-1.01202308899997],[119.712357081,-1.01172176899997],[119.71238367,-1.01168394899998],[119.713156039,-1.01058534899994],[119.71467345,-1.01006895899997],[119.716190659,-1.00913685999996],[119.716576843,-1.00801640899994],[119.716622608,-1.00788362799996],[119.716635042,-1.00784753999994],[119.716725157,-1.00758609399998],[119.71686365,-1.00718428999995],[119.717253072,-1.00685684099994],[119.717264049,-1.00684761599997],[119.71787493,-1.00633395899996],[119.719223369,-1.00540200799998],[119.7194704,-1.00504031899994],[119.72023514,-1.00514812899997],[119.721500179,-1.00530972899998],[119.721829301,-1.00555911799996],[119.72184121,-1.00556813999999],[119.7225128,-1.00607702999997],[119.7235259,-1.00743172899996],[119.724186089,-1.00882256899996],[119.724205843,-1.00886418799997],[119.72437061,-1.00921129899997],[119.724741165,-1.01091975599997],[119.72479391,-1.01116293999997],[119.72600179,-1.01267118999995],[119.726035507,-1.01271328999997],[119.726140005,-1.01284377499997],[119.726218679,-1.01294201999998],[119.72656666,-1.01337549899995],[119.72685853,-1.01386196999993],[119.72690172,-1.01393395999998],[119.72758005,-1.01506454899994],[119.72909944,-1.01676220999997],[119.729308719,-1.01683215999999],[119.729317929,-1.01683522899998],[119.73012433,-1.01710473999998],[119.731114349,-1.01635382899997],[119.73267389,-1.01408422899994],[119.73368312,-1.01299335999995],[119.73373027,-1.01294238999998],[119.73510034,-1.01146145999997],[119.73700708,-1.00953497999996],[119.73854534,-1.00889713899994],[119.73856763,-1.00888788999993],[119.73995527,-1.00831249999993],[119.74178022,-1.00831095899997],[119.74178092,-1.00831095899997],[119.74231743,-1.00831050399996],[119.74252314,-1.00831032999998],[119.74342489,-1.00827981699996],[119.74610922,-1.00859828399997],[119.74619733,-1.00860874399996],[119.74637438,-1.00862974499995],[119.74655514,-1.00855345599996],[119.74727463,-1.00824976699994],[119.74729122,-1.00824276399994],[119.74845536,-1.00775140699995],[119.749838931,-1.00737013499998],[119.74995689,-1.00733762699998],[119.74997137,-1.00733363499996],[119.75036325,-1.00722565699994],[119.75134265,-1.00764605499996],[119.752960425,-1.00836574199998],[119.75303052,-1.00840028999995],[119.753392979,-1.00860130899998],[119.75348697,-1.00865343899995],[119.75487968,-1.01068762899996],[119.754957579,-1.01080141899997],[119.75539764,-1.01144416899996],[119.75586924,-1.01183210899996],[119.7558984,-1.01185608799995],[119.75625374,-1.01214839299996],[119.75730715,-1.01301492999994],[119.75759638,-1.01311339899997],[119.757783729,-1.01317717899997],[119.758800489,-1.01531034799996],[119.75897175,-1.01566965899997],[119.75911464,-1.01596943699997],[119.75930359,-1.01636584999995],[119.75940716,-1.01664873899995],[119.75945609,-1.01678237999994],[119.759504919,-1.01691575999996],[119.76034546,-1.01921151799997],[119.760337819,-1.02100857999994],[119.76033737,-1.02111388899993],[119.76033424,-1.02185024899996],[119.76033152,-1.02250760899994],[119.760331245,-1.02257397799997],[119.76033113,-1.02260160899993],[119.760322499,-1.02468778899994],[119.76115236,-1.02680601999993],[119.761170119,-1.02685136899993],[119.761170869,-1.02685327899997],[119.76117542,-1.02686489899998],[119.76202267,-1.02740908899995],[119.76204791,-1.02742529899996],[119.76356396,-1.02839905899999],[119.7659937,-1.02940952899996],[119.76602367,-1.02942199899996],[119.76729355,-1.02995010899997],[119.767298649,-1.02995458999994],[119.770256119,-1.03255237899999],[119.77149397,-1.03363967899998],[119.771511479,-1.03365505899995],[119.77188504,-1.03398787999993],[119.77195548,-1.03405062899998],[119.77257851,-1.03459162999997],[119.7740863,-1.03590089999996],[119.77408633,-1.03590091799993],[119.774160389,-1.03600158899997],[119.77534265,-1.03761778899996],[119.777941799,-1.04058206999998],[119.77953095,-1.04239443799998],[119.78103546,-1.04581795999997],[119.781293139,-1.04687451999996],[119.78143719,-1.04746517699993],[119.78186834,-1.04923302999993],[119.781979228,-1.05073413499997],[119.7820647,-1.05189117799996],[119.782195298,-1.05368716999994],[119.78219534,-1.05368775799997],[119.782592503,-1.05466237099995],[119.782694491,-1.05491264199998],[119.782759458,-1.05507206799996],[119.783024487,-1.05572242999995],[119.783030958,-1.05573830899994],[119.783104098,-1.05585010199997],[119.784012381,-1.05730670299994],[119.783670957,-1.05984561299994],[119.783598506,-1.06035688599997],[119.78351546,-1.06094291999994],[119.783463459,-1.06130748899995],[119.783354329,-1.06207262899994],[119.78417762,-1.06544946899993],[119.784352447,-1.06616653799995],[119.784686948,-1.06753852899994],[119.785278214,-1.06834269199993],[119.78634262,-1.06979035899997],[119.78770137,-1.07163834999994],[119.788160354,-1.07254203199995],[119.78894459,-1.07408609699997],[119.78894467,-1.07408626699993],[119.78894518,-1.07408727799999],[119.790025758,-1.07625238899993],[119.790246265,-1.07653173799998],[119.790615189,-1.07699911099996],[119.790651438,-1.07704502899997],[119.79069485,-1.07710002999994],[119.792372597,-1.07709847899997],[119.79237394,-1.07709847799993],[119.792472325,-1.07713580799999],[119.795058607,-1.07811712099994],[119.79589654,-1.07896576899998],[119.795896336,-1.07907353399998],[119.79589427,-1.08016761899996],[119.79598361,-1.08067336199997],[119.79603283,-1.08095199099996],[119.796060703,-1.08110977199994],[119.796142024,-1.08157010699995],[119.796146407,-1.08159516999995],[119.796213839,-1.08208442699993],[119.79648305,-1.08403770699994]]]]},"properties":{"gid":1026,"luas":null,"idkec":"7205051","kdkab":"05","kdkec":"051","nmkab":"DONGGALA","nmkec":"PINEMBANI","kdprov":"72","nmprov":"SULAWESI TENGAH","sumber":null,"periode":"2025_1"}},{"id":1027,"type":"Feature","geometry":{"type":"MultiPolygon","coordinates":[[[[119.91831525,-0.792034227999975],[119.914921973,-0.789221519999955],[119.914427941,-0.788015661999971],[119.914247041,-0.787574110999975],[119.914148602,-0.787333847999952],[119.914095348,-0.78720385099996],[119.913506809,-0.785767328999958],[119.912914813,-0.78435563799997],[119.912907677,-0.784338615999956],[119.91290498,-0.784332179999979],[119.912816587,-0.784121390999931],[119.912373775,-0.78302256399997],[119.912365399,-0.782943273999939],[119.912329684,-0.782605168999972],[119.912326367,-0.782573764999941],[119.910078539,-0.782905096999978],[119.908452063,-0.782080964999982],[119.907429575,-0.780191584999955],[119.907407242,-0.780148514999946],[119.907383265,-0.780102272999963],[119.906742135,-0.777288422999964],[119.906546112,-0.776607785999941],[119.906269394,-0.775646961999946],[119.905632635,-0.777037941999939],[119.903795614,-0.777902993999928],[119.903705219,-0.777904179999957],[119.900342964,-0.777948303999955],[119.8862446,-0.778133321999982],[119.885662831,-0.778163501999932],[119.88495394,-0.778304480999973],[119.885077161,-0.778060134999971],[119.88553525,-0.777151750999964],[119.8862483,-0.774178578999966],[119.885904613,-0.774162750999949],[119.88525794,-0.773301409999943],[119.885253178,-0.773292715999967],[119.885049571,-0.772920969999984],[119.883839611,-0.771666199999975],[119.883129312,-0.771424697999979],[119.882578381,-0.771237379999953],[119.881791319,-0.77096836699997],[119.881760844,-0.770980260999985],[119.878829265,-0.772124290999959],[119.878767189,-0.772148515999963],[119.878747094,-0.772137659999953],[119.878717579,-0.772121714999972],[119.877144519,-0.771271900999982],[119.877125867,-0.771275846999975],[119.875204775,-0.77168223099995],[119.875193077,-0.771671648999931],[119.874064527,-0.770650578999947],[119.874029738,-0.770619102999947],[119.872864297,-0.769426871999941],[119.872407067,-0.768959130999975],[119.872462467,-0.768939344999982],[119.873213996,-0.766988561999944],[119.873321422,-0.766709709999935],[119.873343959,-0.766575749999962],[119.873367613,-0.766189399999981],[119.873404916,-0.765769743999965],[119.873320985,-0.764175049999949],[119.873322843,-0.764173477999982],[119.873320559,-0.76413786099995],[119.873360406,-0.764141692999946],[119.873850508,-0.764188828999976],[119.873861875,-0.764193700999963],[119.874001761,-0.764296283999952],[119.874551976,-0.764510774999958],[119.875515244,-0.764967496999931],[119.875633757,-0.765023687999923],[119.876627931,-0.765179530999944],[119.877310695,-0.765286558999944],[119.877344439,-0.76529184899994],[119.877345569,-0.76527884999997],[119.87734704,-0.765277709999964],[119.87734963,-0.765275679999942],[119.87736105,-0.765266748999983],[119.878841794,-0.765284807999939],[119.878842627,-0.765284791999928],[119.878878674,-0.765284115999982],[119.879398402,-0.765274370999981],[119.881763483,-0.765230025999926],[119.881788713,-0.765210201999937],[119.886414256,-0.765191550999927],[119.886414177,-0.765201885999941],[119.88822344,-0.765130933999956],[119.889379826,-0.765205539999959],[119.890086247,-0.765171899999923],[119.890088578,-0.765168236999955],[119.891244964,-0.765056327999958],[119.891242414,-0.765131697999951],[119.891244964,-0.765130933999956],[119.893184708,-0.765168236999955],[119.894669974,-0.765132871999927],[119.894714121,-0.765093630999955],[119.897296621,-0.765093630999955],[119.897325315,-0.765056327999958],[119.899712692,-0.765056327999958],[119.899787294,-0.76505734999996],[119.902435794,-0.765093630999955],[119.902433378,-0.76541377799993],[119.905127161,-0.765378465999963],[119.905344507,-0.757042062999969],[119.905513304,-0.750729067999941],[119.903407649,-0.750636923999943],[119.899541251,-0.750467729999966],[119.894884091,-0.750263931999943],[119.893445659,-0.750200985999923],[119.891995353,-0.749384842999978],[119.890958739,-0.748801500999955],[119.890334438,-0.748450170999948],[119.89033401,-0.748449930999925],[119.88778404,-0.747015030999939],[119.886789291,-0.746211173999941],[119.886735001,-0.746167301999958],[119.883291006,-0.74338420899994],[119.878179399,-0.739253516999959],[119.878526265,-0.738591317999983],[119.87857992,-0.738502059999979],[119.87882494,-0.738094449999956],[119.87873079,-0.736938889999975],[119.878678186,-0.736355713999959],[119.878654597,-0.736094209999973],[119.878632979,-0.735854550999928],[119.876596621,-0.735038170999934],[119.876462368,-0.733038800999971],[119.876958504,-0.73304847699996],[119.877225117,-0.732717360999968],[119.877410564,-0.732629205999957],[119.877900788,-0.732612004999965],[119.87834371,-0.73246149799996],[119.87897154,-0.732298089999974],[119.879599371,-0.732197034999964],[119.879803234,-0.732256371999941],[119.880015597,-0.732349954999963],[119.880029994,-0.732457935999948],[119.880540405,-0.732945145999968],[119.881138937,-0.732266041999935],[119.884933273,-0.731843944999991],[119.88494687,-0.731842431999952],[119.885988357,-0.731726572999952],[119.888904198,-0.731430720999927],[119.889631336,-0.732031559999941],[119.88989136,-0.732181270999944],[119.890113112,-0.73232422799993],[119.890460937,-0.732426661999975],[119.890776118,-0.732539226999964],[119.89104965,-0.732606764999961],[119.891407042,-0.732641096999942],[119.891882628,-0.73264728899995],[119.892613735,-0.732614081999945],[119.892934544,-0.732564553999961],[119.893264358,-0.732555547999935],[119.893553649,-0.732520652999945],[119.893833935,-0.732438480999969],[119.895643973,-0.73155597499994],[119.896150514,-0.731234039999954],[119.896003055,-0.730595798999958],[119.897365541,-0.72946935699997],[119.901231712,-0.726444645999951],[119.901194408,-0.726118234999944],[119.901175217,-0.725950310999966],[119.900828077,-0.722912836999968],[119.90085416,-0.722872189999982],[119.90495919,-0.720637749999983],[119.906184582,-0.719415196999927],[119.908232138,-0.719274016999977],[119.908777412,-0.719236419999959],[119.915475175,-0.718413820999957],[119.916398421,-0.71830042999994],[119.923047432,-0.717438429999956],[119.932564442,-0.716248429999956],[119.938935452,-0.715358439999933],[119.939919452,-0.715294439999982],[119.940493451,-0.715077439999966],[119.940594428,-0.715007989999944],[119.941124452,-0.714643439999982],[119.941649462,-0.714245439999956],[119.942232461,-0.713197429999983],[119.942686462,-0.712483429999969],[119.943464462,-0.71156942999994],[119.944242462,-0.710521429999971],[119.945085462,-0.709807429999958],[119.945604461,-0.70934542999993],[119.946253462,-0.708821429999942],[119.946641471,-0.708233429999959],[119.947095472,-0.707384429999934],[119.947461471,-0.706914429999935],[119.948304472,-0.705937429999952],[119.949537472,-0.705476429999986],[119.950899472,-0.705150429999956],[119.951937472,-0.704697429999957],[119.952846481,-0.704435429999938],[119.953948482,-0.703774429999963],[119.955180482,-0.702861429999926],[119.956348482,-0.701885429999948],[119.957580492,-0.70064642999996],[119.958552492,-0.69947141999996],[119.959071492,-0.698422419999935],[119.959394492,-0.696859419999954],[119.959588492,-0.695422419999946],[119.960107492,-0.69353441999993],[119.960106492,-0.692079409999963],[119.959780492,-0.690381409999926],[119.959195492,-0.688619409999946],[119.958545492,-0.687644409999966],[119.957312491,-0.687509409999968],[119.956748458,-0.68760986099994],[119.955431492,-0.687844409999968],[119.954133491,-0.688948409999972],[119.952573079,-0.689571118999937],[119.95134448,-0.690061409999948],[119.94849048,-0.692023409999928],[119.94399823,-0.694100783999949],[119.936309831,-0.697699608999934],[119.935118753,-0.698158669999939],[119.932321688,-0.699236704999972],[119.931626812,-0.699682331999964],[119.928499718,-0.701687751999944],[119.92595637,-0.703120908999955],[119.923265281,-0.704637315999953],[119.917421623,-0.707016149999961],[119.916223717,-0.70750379299995],[119.913735807,-0.70782654899995],[119.908538234,-0.708500827999964],[119.900555004,-0.70769444099995],[119.90031269,-0.707669964999989],[119.900071513,-0.707549376999966],[119.899980345,-0.70750379299995],[119.899572119,-0.707509384999979],[119.896983168,-0.707544849999974],[119.896970808,-0.707545018999954],[119.896970816,-0.707544965999944],[119.895784486,-0.706506756999949],[119.895521844,-0.70633962099993],[119.895449155,-0.706303849999928],[119.893311437,-0.705251867999944],[119.893306401,-0.705249389999949],[119.891049443,-0.705063897999936],[119.888589412,-0.704861716999984],[119.888553303,-0.704858748999924],[119.887255796,-0.704842441999975],[119.88725572,-0.704843549999962],[119.886427735,-0.704653520999954],[119.876376612,-0.702346706999954],[119.876411255,-0.701212930999935],[119.873259529,-0.699106654999984],[119.872961541,-0.698907511999957],[119.87298064,-0.698676959999939],[119.872984608,-0.698629063999932],[119.873227242,-0.695700123999935],[119.872115245,-0.692080219999987],[119.872138412,-0.690689663999935],[119.872178006,-0.688949629999976],[119.87221957,-0.686005380999975],[119.872236865,-0.684780233999969],[119.873437976,-0.681506926999936],[119.879026951,-0.678587240999949],[119.884911521,-0.675571959999954],[119.887570844,-0.67367750099993],[119.889900431,-0.67201793999993],[119.890258331,-0.671809591999942],[119.89147655,-0.671100420999957],[119.89173438,-0.670876970999923],[119.892217132,-0.670669299999932],[119.894670432,-0.669241139999939],[119.898271029,-0.666653090999951],[119.899834118,-0.66552956799996],[119.899838838,-0.665521678999936],[119.899884157,-0.66548030099995],[119.899916732,-0.665423014999936],[119.900332163,-0.66515298299993],[119.900352618,-0.665144032999931],[119.900546982,-0.664881269999971],[119.900766742,-0.664584169999956],[119.902481472,-0.662550139999958],[119.908130821,-0.657459779999956],[119.910681332,-0.655795739999981],[119.914784462,-0.653127859999923],[119.918444172,-0.650794569999965],[119.920548362,-0.648805539999962],[119.922430752,-0.646925069999957],[119.923299401,-0.645538569999928],[119.923534991,-0.645162519999932],[119.924475051,-0.643376450999937],[119.924748042,-0.642857779999932],[119.925846012,-0.639676679999988],[119.926829401,-0.635718609999975],[119.924957662,-0.635822393999947],[119.925374592,-0.635542950999942],[119.925846649,-0.63454372999997],[119.92584313,-0.633763459999959],[119.92584281,-0.633692189999985],[119.92583896,-0.632836040999966],[119.92597864,-0.631842060999927],[119.92675892,-0.630624690999981],[119.926800182,-0.630560311999951],[119.927067789,-0.630142790999973],[119.92749935,-0.629958449999955],[119.92825396,-0.629636130999937],[119.9300027,-0.629255650999934],[119.93395904,-0.626732550999975],[119.93695279,-0.625529160999981],[119.939495389,-0.625590969999962],[119.94073523,-0.625089540999969],[119.94175499,-0.624677129999953],[119.94193671,-0.624711219999938],[119.94353145,-0.62501043099997],[119.944760549,-0.625069649999941],[119.946126229,-0.625135460999963],[119.94860961,-0.625854609999979],[119.94864856,-0.625865889999946],[119.95006102,-0.625810879999965],[119.950963969,-0.62370515999994],[119.951387039,-0.623506709999965],[119.95254545,-0.622963370999976],[119.962374,-0.618639019999944],[119.96467442,-0.617367579999958],[119.964779942,-0.617309254999951],[119.96762678,-0.615735800999972],[119.968769059,-0.615301249999967],[119.96988635,-0.614876199999965],[119.9703711,-0.614802269999929],[119.97101614,-0.614703900999935],[119.971057159,-0.613150539999933],[119.97105908,-0.613077829999949],[119.9710715,-0.612607739999934],[119.97056216,-0.611072060999966],[119.972167169,-0.608992240999951],[119.972259218,-0.608872958999943],[119.97236879,-0.608730970999941],[119.973327261,-0.608318693999939],[119.973376909,-0.608297339999985],[119.97434579,-0.60788058099997],[119.974998019,-0.606444530999968],[119.975044262,-0.606342710999977],[119.9752488,-0.605892369999936],[119.975817688,-0.605330429999923],[119.975853999,-0.605294559999954],[119.976301249,-0.604852759999971],[119.9772784,-0.604738549999984],[119.9801067,-0.604407949999938],[119.984456599,-0.603321350999978],[119.989604999,-0.601638549999965],[119.98968974,-0.601610849999927],[119.98990394,-0.601538230999948],[119.993720419,-0.60024436099997],[119.99665746,-0.598715849999967],[119.99993276,-0.595696409999969],[120.00019406,-0.59519275999998],[120.000215938,-0.595150590999931],[120.001642689,-0.592400549999979],[120.00186451,-0.591973010999942],[120.001877303,-0.591999427999951],[120.00225398,-0.59277689999993],[120.00225798,-0.593675229999972],[120.00226307,-0.593905099999974],[120.002259941,-0.594115149999938],[120.00226372,-0.59496331999998],[120.002726352,-0.597886008999979],[120.002752646,-0.598052120999965],[120.00283572,-0.598576919999983],[120.00289158,-0.599314759999967],[120.00290004,-0.599426609999969],[120.00306563,-0.59997498999996],[120.00317396,-0.601811429999938],[120.00322591,-0.603730952999974],[120.003284841,-0.604509330999977],[120.003352527,-0.605403332999971],[120.00340467,-0.606092049999972],[120.003485477,-0.607159448999939],[120.00348549,-0.607159619999952],[120.003495979,-0.607174855999971],[120.00361211,-0.607343529999977],[120.00393319,-0.607809869999927],[120.00393988,-0.607814209999966],[120.00410248,-0.607919499999982],[120.00466214,-0.608281889999948],[120.0049369,-0.608459809999944],[120.00528118,-0.608742569999957],[120.00534742,-0.608792249999964],[120.005568137,-0.608971862999968],[120.00623089,-0.609511189999977],[120.006249717,-0.609535845999974],[120.006393777,-0.609643056999972],[120.00675728,-0.610198696999929],[120.006758601,-0.610202061999925],[120.00742932,-0.611910564999969],[120.007732246,-0.612682198999952],[120.007733885,-0.61269069599996],[120.00773603,-0.612695539999954],[120.00773666,-0.61270508599995],[120.007872454,-0.613409202999958],[120.008121713,-0.61550713199995],[120.007971483,-0.616263844999944],[120.00797448,-0.616309309999964],[120.00792237,-0.61659853999993],[120.00792152,-0.616605369999946],[120.00792057,-0.616608549999976],[120.00791021,-0.616666089999964],[120.00750998,-0.618887559999961],[120.007360524,-0.619717094999938],[120.00732332,-0.619923589999935],[120.007088589,-0.620711009999982],[120.007000047,-0.621157000999974],[120.006689519,-0.62166160999994],[120.006667702,-0.621697061999961],[120.006468697,-0.621944712999949],[120.004819283,-0.623997316999976],[120.00478808,-0.624130371999978],[120.004733419,-0.624363452999945],[120.00467529,-0.624611319999933],[120.00467715,-0.625032929999983],[120.00467715,-0.625032959999952],[120.0046779,-0.62520141999994],[120.00474949,-0.625500019999948],[120.00486737,-0.625991692999956],[120.00497333,-0.62643364999997],[120.005006665,-0.62657269199997],[120.00501793,-0.626619679999977],[120.00546999,-0.628263749999973],[120.005469786,-0.62826650999995],[120.00546715,-0.628302189999946],[120.005442853,-0.62863112599996],[120.0054383,-0.628692769999928],[120.00543272,-0.628768307999968],[120.005379865,-0.629050199999945],[120.005504494,-0.629631803999933],[120.005504494,-0.630171015999961],[120.005504494,-0.630171865999958],[120.005497824,-0.630183300999935],[120.00518033,-0.630768039999965],[120.00438079,-0.631184459999934],[120.003850395,-0.631460698999956],[120.00370395,-0.631536969999961],[120.0024375,-0.632151089999989],[120.00232841,-0.632274409999983],[120.00238563,-0.632813459999967],[120.002427472,-0.633014299999954],[120.002432977,-0.633040720999927],[120.00245803,-0.633160969999948],[120.002804189,-0.633507128999951],[120.002816619,-0.633519558999978],[120.00283536,-0.633538301999977],[120.002865221,-0.633568167999956],[120.002885738,-0.633588680999943],[120.00290948,-0.633612427999939],[120.002969082,-0.633672030999946],[120.003060338,-0.633763281999957],[120.00311412,-0.633817069999971],[120.003145421,-0.633848369999956],[120.00345724,-0.634160179999985],[120.00421681,-0.63482050999995],[120.00459814,-0.635115149999929],[120.005014719,-0.635430128999936],[120.00531473,-0.635656969999957],[120.006064073,-0.636171859999941],[120.006154102,-0.636243529999951],[120.006354849,-0.63638146199997],[120.007019782,-0.636838349999944],[120.007696832,-0.637303564999964],[120.010788022,-0.639427579999959],[120.010790872,-0.639427119999938],[120.010802488,-0.639425217999931],[120.011616432,-0.639291769999946],[120.012018392,-0.638969309999937],[120.012241081,-0.638790666999975],[120.01233864,-0.638707039999932],[120.012501131,-0.638582048999987],[120.012563392,-0.638532099999971],[120.012576692,-0.638523921999944],[120.01262797,-0.638484479999933],[120.012954959,-0.638291377999969],[120.013303062,-0.638077369999964],[120.014005012,-0.637645849999956],[120.014016413,-0.637647617999965],[120.01401929,-0.637645849999956],[120.01459379,-0.637734899999942],[120.01534318,-0.637850189999935],[120.01534478,-0.637851319999925],[120.01535469,-0.637852859999959],[120.01608784,-0.638358539999965],[120.01654499,-0.638651399999965],[120.0168677,-0.638885089999974],[120.017200824,-0.639119174999965],[120.01769117,-0.63946373999994],[120.01769207,-0.639465039999955],[120.01769734,-0.639468679999941],[120.01791768,-0.63978991999994],[120.01796936,-0.639864349999925],[120.01819192,-0.640187059999959],[120.01832487,-0.640383579999937],[120.0184679,-0.640592119999949],[120.01854802,-0.640698939999932],[120.01856535,-0.640734189999941],[120.01864835,-0.640855209999927],[120.018759521,-0.640932188999956],[120.019233279,-0.641260241999928],[120.0192508,-0.641272379999984],[120.01974249,-0.641767529999925],[120.01990631,-0.642097559999968],[120.019906,-0.642647419999955],[120.01968669,-0.643747039999936],[120.0194129,-0.644571659999942],[120.01902961,-0.645671179999961],[120.01864643,-0.646550739999951],[120.0176616,-0.648034819999976],[120.01727852,-0.648749419999943],[120.01715454,-0.649172541999975],[120.017132502,-0.649571499999986],[120.017110134,-0.649976508999951],[120.01710935,-0.64999070999994],[120.0170797,-0.650527489999956],[120.01759742,-0.652467889999971],[120.01891483,-0.654930749999947],[120.01913309,-0.655590729999975],[120.01924205,-0.656250619999985],[120.01935023,-0.658175249999944],[120.01956799,-0.659660019999928],[120.0196221,-0.660594829999988],[120.01956724,-0.660924709999971],[120.0192936,-0.661474409999923],[120.01869196,-0.66202391999997],[120.018294329,-0.662284428999954],[120.01743416,-0.662847959999972],[120.017423229,-0.662869918999947],[120.01716052,-0.663397659999925],[120.0170508,-0.66405742999996],[120.0171596,-0.664937299999959],[120.01754179,-0.66570734999994],[120.018217391,-0.666515358999969],[120.01830319,-0.666617970999941],[120.01841578,-0.666752629999965],[120.01950863,-0.667523119999953],[120.0202736,-0.668073439999943],[120.02163979,-0.668789109999975],[120.02240491,-0.669119499999966],[120.02306056,-0.669669779999944],[120.02398937,-0.670495149999972],[120.02480877,-0.671430419999986],[120.02530001,-0.672695419999979],[120.02611923,-0.673905659999948],[120.02742991,-0.676050969999949],[120.02857678,-0.677866249999964],[120.03059756,-0.680875019999974],[120.0311985,-0.681535249999972],[120.03201799,-0.682305579999939],[120.032099801,-0.682429188999959],[120.0322965,-0.68272636999996],[120.03256414,-0.683130739999976],[120.0328916,-0.68401072999996],[120.0328912,-0.684659349999951],[120.032094331,-0.68562913099993],[120.03191807,-0.685843639999977],[120.031775563,-0.685985867999935],[120.03092166,-0.686838079999974],[120.030886358,-0.687436800999936],[120.030884675,-0.687465350999957],[120.03087262,-0.687669749999937],[120.030835298,-0.687687048999982],[120.031542922,-0.691523140999945],[120.03163666,-0.691543519999936],[120.03188595,-0.691552419999948],[120.03217065,-0.692520019999968],[120.031947909,-0.693718580999934],[120.031945412,-0.693732001999944],[120.031844889,-0.694272929999962],[120.03173713,-0.694487539999964],[120.031736969,-0.694742378999945],[120.03173683,-0.694952359999949],[120.03173683,-0.694952549999925],[120.03151767,-0.695777219999975],[120.031474511,-0.695884059999976],[120.03118916,-0.696590499999967],[120.03114906,-0.696654939999972],[120.03119056,-0.697119239999953],[120.03186774,-0.699305159999935],[120.03201062,-0.700521289999929],[120.03209912,-0.701274539999928],[120.03166694,-0.702062529999986],[120.03164515,-0.702102259999952],[120.030946,-0.703377019999958],[120.03096611,-0.70357376999994],[120.03085621,-0.704453499999948],[120.0306371,-0.705168169999989],[120.02987111,-0.706212469999975],[120.02779273,-0.707915729999966],[120.02702708,-0.708410139999961],[120.02644285,-0.708570000000006],[120.02642566,-0.708574699999931],[120.025715,-0.708574239999969],[120.02571472,-0.70857421899996],[120.023869322,-0.708418320999966],[120.02355598,-0.708391849999941],[120.02295048,-0.708340699999958],[120.02048167,-0.708329469999974],[120.02030352,-0.711834699999945],[120.02025347,-0.71233883999998],[120.019942328,-0.715472949999935],[120.01934644,-0.721475309999968],[120.019454002,-0.722337929999979],[120.01957737,-0.723327259999964],[120.019862451,-0.723937218999933],[120.02013881,-0.724528499999962],[120.02081012,-0.725395369999948],[120.02103371,-0.725523110999977],[120.02176747,-0.725942320999945],[120.02270552,-0.72647824999996],[120.02330827,-0.727062879999949],[120.0237108,-0.727453309999936],[120.024290191,-0.728572489999983],[120.02438408,-0.728753839999973],[120.02461439,-0.730506399999969],[120.024583879,-0.730890929999932],[120.024370812,-0.733575919999967],[120.02414119,-0.736469569999943],[120.024143931,-0.737162439999968],[120.024144386,-0.73727679099994],[120.024144499,-0.737305229999954],[120.02414451,-0.737308979999963],[120.02414459,-0.737327859999938],[120.02443621,-0.738016000999953],[120.02470724,-0.73865555999993],[120.02592871,-0.741134819999963],[120.02717678,-0.743668069999961],[120.027247071,-0.744003229999976],[120.02729045,-0.744210059999947],[120.027098289,-0.744787769999965],[120.02707102,-0.744869739999963],[120.02685097,-0.745045719999959],[120.02651698,-0.745312819999927],[120.0258368,-0.745320199999984],[120.02596412,-0.745525409999968],[120.02640098,-0.746240549999926],[120.02645536,-0.746680469999951],[120.02645514,-0.747010399999972],[120.02623617,-0.747450159999978],[120.025781059,-0.747602401999929],[120.025757,-0.747610449999973],[120.02574407,-0.747614779999946],[120.02535229,-0.747670799999992],[120.02459597,-0.747778959999949],[120.02411481,-0.747778629999969],[120.02410396,-0.747778619999966],[120.02262823,-0.747392709999926],[120.02154615,-0.747119799999946],[120.02153512,-0.74711701999997],[120.02099361,-0.747090719999966],[120.02038717,-0.747061259999956],[120.02002638,-0.747035089999938],[120.01962189,-0.74700574999997],[120.01929377,-0.747170479999977],[120.01912957,-0.747500289999954],[120.01863659,-0.748929619999959],[120.01822479,-0.749997519999971],[120.01812886,-0.750246239999978],[120.01797995,-0.750974429999929],[120.01810008,-0.752943899999932],[120.01933588,-0.755671506999931],[120.02297589,-0.761270419999961],[120.023185911,-0.761825679999964],[120.02336194,-0.762291059999938],[120.023594839,-0.762898129999949],[120.0237639,-0.763338799999933],[120.0237725,-0.765199919999935],[120.02468069,-0.769246779999946],[120.024831101,-0.769865689999957],[120.024840605,-0.769904795999937],[120.02592763,-0.774377549999951],[120.025767711,-0.774696669999975],[120.02559701,-0.775037309999964],[120.02485285,-0.776087469999944],[120.02499305,-0.776945559999946],[120.02499244,-0.777798109999944],[120.0245458,-0.778829829999946],[120.02346289,-0.780629099999945],[120.02338503,-0.780758449999956],[120.02334037,-0.780913289999953],[120.02340062,-0.781074019999953],[120.0249726,-0.784343409999965],[120.02554562,-0.785043360999962],[120.02579112,-0.785343249999932],[120.025837164,-0.78539949399993],[120.02754494,-0.787485569999948],[120.02884205,-0.78855534999997],[120.029017952,-0.788700428999966],[120.02977767,-0.789326989999959],[120.03139088,-0.789479389999941],[120.032062461,-0.789908038999961],[120.03239472,-0.790120109999977],[120.0332955,-0.792522629999948],[120.03353707,-0.796678339999973],[120.033544621,-0.796734269999952],[120.03411291,-0.800942209999969],[120.03445354,-0.802468789999978],[120.03445173,-0.802490509999935],[120.0344472,-0.802544669999975],[120.03444526,-0.802567877999931],[120.03423578,-0.805073769999986],[120.03403209,-0.807510379999945],[120.03405431,-0.807559629999965],[120.03481855,-0.809253449999978],[120.03579161,-0.810842299999941],[120.035919742,-0.811051519999978],[120.03694778,-0.812730129999978],[120.037255647,-0.813297752999973],[120.03725596,-0.813298329999955],[120.03919111,-0.816866229999957],[120.04154013,-0.819800639999927],[120.041624221,-0.819964198999968],[120.04221339,-0.821110119999963],[120.04229298,-0.822736129999951],[120.042293401,-0.822744774999934],[120.04229378,-0.822752550999947],[120.04229202,-0.822752448999958],[120.04118878,-0.822687549999954],[120.041875049,-0.823263869999951],[120.042340701,-0.82365491899998],[120.04239617,-0.82370149999997],[120.04279728,-0.824015899999955],[120.042797213,-0.824016368999943],[120.04258441,-0.825507339999947],[120.04268217,-0.826250369999967],[120.0444777,-0.829727249999962],[120.044026409,-0.830915179999976],[120.043826143,-0.831442339999967],[120.04382719,-0.831537169999933],[120.04355802,-0.833690799999947],[120.04257408,-0.837549000000002],[120.04255221,-0.837621109999941],[120.04194819,-0.839612639999934],[120.04172378,-0.841541929999953],[120.04163374,-0.842663649999971],[120.04167811,-0.842977789999969],[120.04145493,-0.843246859999962],[120.04033928,-0.844278029999943],[120.04003729,-0.844770989999981],[120.0396249,-0.845444159999944],[120.0387324,-0.846251159999953],[120.03743838,-0.847282209999943],[120.03675479,-0.848003338999947],[120.0365128,-0.846050089999958],[120.03452805,-0.842410389999947],[120.03396697,-0.841317649999954],[120.03395875,-0.839573989999963],[120.0340582,-0.837053279999966],[120.0341521,-0.833330979999979],[120.03313447,-0.829726989999933],[120.03156169,-0.826349279999937],[120.02853384,-0.820912789999974],[120.02746292,-0.81780570999997],[120.02747986,-0.817246299999975],[120.02751845,-0.815972589999945],[120.027533751,-0.815467397999959],[120.02755926,-0.814625459999944],[120.02710138,-0.811788949999942],[120.02575208,-0.808627849999935],[120.02351593,-0.806018529999959],[120.0196014,-0.801242119999928],[120.01668574,-0.79602223999996],[120.01489944,-0.794505729999976],[120.01311713,-0.793865569999985],[120.01100371,-0.793776779999981],[120.009598138,-0.794114027999974],[120.009567512,-0.794112739999946],[120.009077741,-0.794230251999978],[120.007679002,-0.794565859999977],[120.004565202,-0.794595249999938],[119.998779922,-0.794102569999955],[119.996944401,-0.794281882999941],[119.99663481,-0.79489631999997],[119.99660911,-0.79489631999997],[119.99626351,-0.794896589999953],[119.995367399,-0.794897298999954],[119.995198612,-0.795232279999932],[119.995172912,-0.795232279999932],[119.994827312,-0.79523254999998],[119.993904912,-0.795233279999938],[119.992502912,-0.795505279999935],[119.992248351,-0.795505450999948],[119.99153711,-0.79658030999997],[119.99107011,-0.797385309999932],[119.99030511,-0.79873230999994],[119.98910411,-0.799871309999966],[119.98803611,-0.800739309999928],[119.98710211,-0.801481309999935],[119.98603511,-0.801951309999935],[119.98483411,-0.80269330999994],[119.98389911,-0.803028309999945],[119.983096329,-0.803137322999935],[119.982462912,-0.803364269999981],[119.980459911,-0.803636269999979],[119.979416841,-0.803637387999973],[119.978590911,-0.803638269999972],[119.977255912,-0.804371269999932],[119.976455912,-0.805790269999932],[119.975989912,-0.807064269999959],[119.974654912,-0.808068269999983],[119.974300459,-0.808275107999975],[119.974255912,-0.80830109999994],[119.974177151,-0.808469199999939],[119.973565842,-0.808541289999947],[119.972831842,-0.808614289999979],[119.972624642,-0.808600319999931],[119.971318222,-0.807882919999945],[119.969977191,-0.806474439999936],[119.968083462,-0.80583433999994],[119.965968452,-0.805420279999966],[119.964507671,-0.804622299999951],[119.964184572,-0.804445789999937],[119.960167822,-0.801638809999929],[119.955595012,-0.798841229999943],[119.953032642,-0.797876319999945],[119.950863752,-0.797850779999984],[119.950334571,-0.79795335199998],[119.949085841,-0.798195399999945],[119.947966899,-0.798755940999967],[119.947532492,-0.798973559999986],[119.945531651,-0.799209919999953],[119.943527312,-0.798678289999942],[119.943220521,-0.798733589999934],[119.941240741,-0.799090479999968],[119.938312641,-0.798902439999956],[119.938064727,-0.798803763999962],[119.935808982,-0.797905919999949],[119.934848626,-0.797618343999939],[119.933116552,-0.79709967999998],[119.932636172,-0.797141189999936],[119.932215812,-0.796668799999967],[119.930293232,-0.794508259999929],[119.92864828,-0.793730200999961],[119.927422028,-0.793150188999962],[119.925849232,-0.792406259999956],[119.920937559,-0.793036869999982],[119.919629968,-0.793204750999969],[119.919473189,-0.792994048999953],[119.919452591,-0.792976975999975],[119.91831525,-0.792034227999975]]],[[[119.8487933,-0.695151369999965],[119.848369094,-0.695112864999947],[119.846817803,-0.695514514999963],[119.846479858,-0.697291234999964],[119.845918756,-0.697631181999957],[119.845838153,-0.697667960999989],[119.845799796,-0.697672842999966],[119.845719898,-0.697683011999974],[119.845707809,-0.697681362999962],[119.845593103,-0.697665718999936],[119.845563258,-0.697661648999943],[119.845526026,-0.697656570999921],[119.845286669,-0.697541390999961],[119.845283069,-0.697401015999958],[119.84522368,-0.697285835999947],[119.845160691,-0.697140061999963],[119.845086904,-0.697055476999942],[119.84499332,-0.696929498999964],[119.84477016,-0.696951094999976],[119.844564996,-0.69697988999997],[119.844475012,-0.696922299999934],[119.844031063,-0.696540832999975],[119.843718194,-0.696750617999954],[119.843546247,-0.696859657999944],[119.843500498,-0.696702803999935],[119.843472571,-0.696697218999936],[119.841499271,-0.695440537999953],[119.841500826,-0.695429823999979],[119.84120971,-0.695481539999945],[119.841204699,-0.69548321999997],[119.84073915,-0.695510540999977],[119.84073014,-0.695509819999934],[119.840539467,-0.695494444999958],[119.84030317,-0.695475390999946],[119.84018403,-0.695465819999926],[119.84011205,-0.695446789999958],[119.83992882,-0.69539838099996],[119.839928763,-0.695398371999947],[119.8391364,-0.695277179999957],[119.83912697,-0.695273979999971],[119.838687517,-0.695124533999944],[119.83855432,-0.695079249999936],[119.838351458,-0.694921497999935],[119.83833005,-0.694904850999933],[119.83819608,-0.694837070999943],[119.83818325,-0.694830579999974],[119.83801695,-0.694773140999935],[119.83778152,-0.694653690999934],[119.83748408,-0.694463300999934],[119.83704337,-0.694181200999939],[119.836058389,-0.693286690999971],[119.835993043,-0.693229947999952],[119.835359389,-0.692679719999943],[119.8353528,-0.692656459999967],[119.83516286,-0.691986040999959],[119.835100459,-0.691910589999972],[119.83502005,-0.69181334999996],[119.8350204,-0.691812349999965],[119.835020609,-0.691811769999956],[119.835004101,-0.691806020999934],[119.835422683,-0.690638150999976],[119.835630432,-0.690058509999968],[119.83567185,-0.689985469999954],[119.83567705,-0.689976300999955],[119.83568414,-0.689963779999972],[119.835896099,-0.689322395999976],[119.835910408,-0.689279098999981],[119.8359338,-0.689208309999973],[119.83593381,-0.68920828099994],[119.836044627,-0.688872958999986],[119.836058129,-0.688832090999941],[119.836081059,-0.688669829999982],[119.836130277,-0.688321538999963],[119.8361433,-0.688229369999937],[119.83618662,-0.687922809999977],[119.83623939,-0.687549369999946],[119.83628199,-0.687247909999938],[119.836899731,-0.686738490999976],[119.83698538,-0.686667859999953],[119.837058229,-0.686607789999927],[119.837062249,-0.686604480999961],[119.83710583,-0.686568539999943],[119.83792964,-0.686115552999981],[119.83792981,-0.686115460999935],[119.83903629,-0.686385149999974],[119.839133689,-0.685632939999952],[119.83921056,-0.685039280999943],[119.839226875,-0.685041268999964],[119.840188939,-0.685158585999947],[119.84100115,-0.685236988999981],[119.841008945,-0.685237739999931],[119.841130559,-0.685249479999927],[119.841135749,-0.685249980999969],[119.84126275,-0.685262240999986],[119.841296,-0.685107820999979],[119.841300234,-0.685038280999957],[119.841301373,-0.685019599999988],[119.841308085,-0.684909369999962],[119.84131469,-0.684800979999984],[119.84131466,-0.68474711099999],[119.841321395,-0.684690855999979],[119.84133429,-0.684583250999942],[119.84135622,-0.684400169999956],[119.8414522,-0.68038082999994],[119.841457935,-0.680140684999975],[119.84145814,-0.680132109999925],[119.84145975,-0.680132029999935],[119.84150821,-0.680129679999944],[119.84169953,-0.68012039999997],[119.84189672,-0.680110829999931],[119.84236547,-0.680088079999959],[119.842449699,-0.680083989999956],[119.84245962,-0.680083509999981],[119.84255459,-0.680078899999958],[119.842962246,-0.680081305999985],[119.844607218,-0.680163042999938],[119.845104668,-0.680335237999938],[119.845147279,-0.680349987999939],[119.84529268,-0.679664526999942],[119.845230365,-0.678792118999979],[119.845176683,-0.677611123999963],[119.84552881,-0.676323210999956],[119.845533312,-0.676305301999945],[119.845621083,-0.675956220999978],[119.845622509,-0.675950549999929],[119.84567256,-0.675205430999937],[119.84568401,-0.675034899999963],[119.84573259,-0.674311440999936],[119.84584209,-0.673202579999959],[119.845925789,-0.672312570999963],[119.8459413,-0.672147649999951],[119.84594762,-0.672080369999948],[119.845964619,-0.671899419999931],[119.846066424,-0.671432993999924],[119.84615138,-0.671043759999981],[119.84614905,-0.671037110999973],[119.847284176,-0.668475336999962],[119.846925381,-0.66797486699995],[119.844016315,-0.664321395999934],[119.8447488,-0.662956239999971],[119.845144578,-0.662645992999961],[119.84805294,-0.66036613999995],[119.84809584,-0.660419959999966],[119.84812006,-0.660497010999967],[119.84813922,-0.660566399999937],[119.848296264,-0.660895649999935],[119.848911389,-0.660807451999973],[119.84973647,-0.660689150999926],[119.85106416,-0.660498785999952],[119.851301297,-0.661758572999933],[119.851579576,-0.663316938999974],[119.85189496,-0.66402655199994],[119.851989079,-0.664175456999942],[119.85268311,-0.663965570999946],[119.853792333,-0.663406457999947],[119.853855786,-0.663374472999975],[119.85469405,-0.662951939999977],[119.85504506,-0.662707139999956],[119.856099025,-0.661972087999968],[119.856842566,-0.661453530999947],[119.857495981,-0.661006457999969],[119.857674288,-0.660798433999956],[119.857963149,-0.660493150999964],[119.858138373,-0.660283276999966],[119.858246192,-0.660304701999962],[119.863967224,-0.661441573999982],[119.864082928,-0.661569232999965],[119.864227013,-0.661728204999981],[119.866642457,-0.664685040999935],[119.866606976,-0.664698218999941],[119.864674921,-0.665415839999989],[119.864572584,-0.665582646999962],[119.860811589,-0.67171302499998],[119.860046536,-0.672960051999954],[119.859782761,-0.67332969499996],[119.858605367,-0.67497964799998],[119.858298181,-0.675410126999975],[119.856001195,-0.678629030999964],[119.852461598,-0.686614716999944],[119.852021639,-0.687607306999951],[119.852014505,-0.687649623999957],[119.852008448,-0.687688310999932],[119.851589861,-0.690361944999955],[119.851588386,-0.690371366999955],[119.851573102,-0.69076837299998],[119.851573062,-0.690769797999973],[119.851568681,-0.690883694999969],[119.851568639,-0.690884288999939],[119.851534198,-0.691366465999982],[119.851514493,-0.691642334999926],[119.851524848,-0.691998547999965],[119.851526808,-0.692065990999932],[119.851561292,-0.692506888999967],[119.851620407,-0.692807388999946],[119.851651487,-0.693045672999978],[119.851654843,-0.693176548999931],[119.851656571,-0.693243942999973],[119.851531942,-0.693680146999951],[119.851527836,-0.693889556999979],[119.851522365,-0.694168550999972],[119.851439045,-0.69417081299998],[119.851413723,-0.694210752999937],[119.851114892,-0.694250722999932],[119.851157465,-0.694727991999966],[119.851170251,-0.69480916799996],[119.851183558,-0.69502051199993],[119.851204256,-0.695349245999982],[119.851205584,-0.695370334999949],[119.8487933,-0.695151369999965]]]]},"properties":{"gid":1027,"luas":null,"idkec":"7205091","kdkab":"05","kdkec":"091","nmkab":"DONGGALA","nmkec":"TANANTOVEA","kdprov":"72","nmprov":"SULAWESI TENGAH","sumber":null,"periode":"2025_1"}},{"id":1028,"type":"Feature","geometry":{"type":"MultiPolygon","coordinates":[[[[119.574952459,-1.01769774999998],[119.574491329,-1.01726758999997],[119.57337227,-1.01720228999994],[119.57199038,-1.01776634999993],[119.57090482,-1.01846267999997],[119.570684899,-1.01848838999996],[119.569193529,-1.01866276999994],[119.56810757,-1.01886231999993],[119.56675825,-1.01899586999997],[119.56586939,-1.01869852999994],[119.565045969,-1.01793752999993],[119.56402918,-1.01711597099995],[119.563530999,-1.01671343999994],[119.562510139,-1.01598567999997],[119.560944789,-1.01484272999995],[119.558935609,-1.01292356999995],[119.557419889,-1.01070593999998],[119.55685946,-1.00954730099994],[119.55710942,-1.00839981999997],[119.557220209,-1.00789118999996],[119.55767987,-1.00646679099998],[119.557547099,-1.00500974999995],[119.55777664,-1.00391673099996],[119.55803891,-1.00259183099997],[119.55839984,-1.00116751999997],[119.55886075,-0.99999147099993],[119.55893442,-0.999443249999961],[119.55902196,-0.998791789999935],[119.55905632,-0.998536080999941],[119.558854269,-0.996311890999952],[119.55879532,-0.993899389999972],[119.55836223,-0.991551300999963],[119.55830803,-0.991257449999976],[119.55833584,-0.990309629999962],[119.558819997,-0.989017116999949],[119.558999596,-0.988589701999953],[119.55928031,-0.987921710999962],[119.55953244,-0.987321749999983],[119.559873779,-0.985770549999935],[119.560044269,-0.984736459999967],[119.560023054,-0.984388676999974],[119.560001435,-0.984034252999949],[119.559974879,-0.983576608999964],[119.559955506,-0.983221781999931],[119.559905105,-0.982717694999964],[119.559818969,-0.981724365999977],[119.559785236,-0.981308607999948],[119.559755211,-0.980684816999949],[119.559686128,-0.979237118999948],[119.55961056,-0.977653490999961],[119.55931739,-0.976163485999961],[119.5592094,-0.975614620999988],[119.55875161,-0.974207649999938],[119.557951069,-0.97248501999996],[119.557652195,-0.972074179999944],[119.557192736,-0.971438541999934],[119.55652232,-0.970504370999951],[119.55646508,-0.970303369999951],[119.55620767,-0.969642969999947],[119.555937309,-0.96835859499993],[119.55556016,-0.966566961999949],[119.555281276,-0.96529582199997],[119.555032339,-0.964163309999955],[119.554888571,-0.96275611899995],[119.554803786,-0.961102879999942],[119.55477171,-0.959166080999982],[119.55531307,-0.957815759999957],[119.55536951,-0.956925369999968],[119.554854839,-0.955776940999961],[119.55465405,-0.95445592999994],[119.5543662,-0.951181960999976],[119.55450697,-0.948539510999981],[119.55464907,-0.947677789999947],[119.55487692,-0.946988310999938],[119.555275809,-0.945982769999947],[119.55552974,-0.944720309999987],[119.55550066,-0.943973590999977],[119.55530045,-0.943428049999972],[119.55347097,-0.939839260999976],[119.55321343,-0.938949110999948],[119.55315576,-0.938173689999938],[119.553281056,-0.937357329999944],[119.553367439,-0.936794503999988],[119.553548283,-0.935498569999943],[119.553724411,-0.934200602999961],[119.55395096,-0.932543799999973],[119.554035759,-0.931394899999928],[119.554259661,-0.930887035999951],[119.55449233,-0.93035934099993],[119.55506175,-0.929125179999978],[119.55577389,-0.927085479999956],[119.555916469,-0.926884329999956],[119.55868492,-0.926365340999951],[119.559093359,-0.925020750999979],[119.559717039,-0.92360606999996],[119.560168709,-0.922581539999955],[119.56070163,-0.921372750999977],[119.5617152,-0.919073670999979],[119.5620286,-0.918240530999989],[119.56214219,-0.91740755099994],[119.562284169,-0.91637349999997],[119.56241718,-0.916034280999962],[119.56276854,-0.915138159999975],[119.56322464,-0.914276209999972],[119.56333829,-0.913500639999935],[119.563309389,-0.913012429999985],[119.56307276,-0.912854559999978],[119.56281048,-0.91274869999996],[119.562626879,-0.912695719999927],[119.56233847,-0.912484219999956],[119.56204989,-0.912457529999927],[119.56178769,-0.912298869999972],[119.56168297,-0.912061150999928],[119.56160462,-0.911665030999926],[119.56176233,-0.911374759999948],[119.56197203,-0.911190446999972],[119.561971411,-0.91119020799994],[119.561929313,-0.911173910999933],[119.561887765,-0.911157827999953],[119.561851825,-0.911143915999967],[119.561824162,-0.911133207999969],[119.561776366,-0.911114705999991],[119.561729478,-0.911096555999971],[119.561670052,-0.911073579999941],[119.561636759,-0.911060774999961],[119.561602446,-0.911047576999978],[119.561576679,-0.911037666999966],[119.561554611,-0.911029178999971],[119.561518384,-0.911015245999977],[119.561488961,-0.911003928999954],[119.561472981,-0.91094320599996],[119.56145582,-0.91087799199995],[119.561435255,-0.910799846999973],[119.561415033,-0.910723000999962],[119.561395671,-0.91065108499993],[119.561367459,-0.910546296999946],[119.561349098,-0.910478099999978],[119.561330645,-0.910409560999937],[119.561321878,-0.910376997999954],[119.561311533,-0.910338573999983],[119.56132167,-0.910292955999976],[119.561330091,-0.910255063999959],[119.561339586,-0.910212334999931],[119.561346842,-0.910179682999966],[119.561357234,-0.91013292199995],[119.561370676,-0.910072431999937],[119.561388384,-0.910056807999982],[119.561407649,-0.910039808999958],[119.561421122,-0.910027920999942],[119.561435414,-0.910015309999955],[119.561458771,-0.909994700999964],[119.561485088,-0.909971479999975],[119.561516378,-0.909943870999941],[119.561544458,-0.90991909499997],[119.561576566,-0.909890763999955],[119.561622033,-0.909850645999948],[119.561669221,-0.909857905999965],[119.561697401,-0.909862240999926],[119.561752472,-0.909870713999963],[119.561784084,-0.909875577999978],[119.561814246,-0.909880217999958],[119.561843111,-0.909856163999958],[119.561870073,-0.909833694999974],[119.56190752,-0.909802488999956],[119.56193804,-0.909777055999941],[119.561963691,-0.909755679999942],[119.561991674,-0.909732360999958],[119.562012082,-0.90967793999994],[119.562022408,-0.909650403999937],[119.56203336,-0.909621197999976],[119.562045955,-0.909587611999947],[119.56205902,-0.909552773999961],[119.562071536,-0.909519396999944],[119.562080389,-0.909495789999935],[119.562094522,-0.909449855999978],[119.562106911,-0.909409592999972],[119.562116706,-0.90937775699997],[119.562131358,-0.90933013699993],[119.562139531,-0.909303575999957],[119.562141664,-0.90926944299998],[119.562143916,-0.909233415999954],[119.562146768,-0.909187788999935],[119.562149634,-0.909141925999969],[119.562152968,-0.90908859599995],[119.562154317,-0.909020218999961],[119.562154317,-0.908976435999932],[119.562154317,-0.90894217199997],[119.562154317,-0.908889576999963],[119.562156404,-0.908835318999934],[119.562159261,-0.908761042999974],[119.562162109,-0.908686986999953],[119.562164536,-0.908623895999935],[119.562165883,-0.90858887799993],[119.562166611,-0.908569943999966],[119.562167484,-0.908547244999978],[119.562168032,-0.908532988999987],[119.562169103,-0.908505149999946],[119.562163005,-0.908490243999949],[119.562153575,-0.908467191999937],[119.562144796,-0.908445733999941],[119.562136579,-0.908425646999954],[119.562125466,-0.908398481999944],[119.562117431,-0.90837883999996],[119.562104983,-0.908348412999942],[119.562099829,-0.908335811999965],[119.562091262,-0.908314872999946],[119.562085046,-0.908299677999937],[119.562077284,-0.908280702999949],[119.562067187,-0.908256020999939],[119.562057817,-0.908233116999956],[119.562050373,-0.908214919999978],[119.562042019,-0.908194499999981],[119.562036032,-0.90817986499997],[119.562056574,-0.908140446999937],[119.562074495,-0.908106057999937],[119.562087482,-0.908081134999982],[119.56209535,-0.908066038999945],[119.56209796,-0.908061029999947],[119.562104607,-0.908048274999943],[119.562115798,-0.908026799999964],[119.562126835,-0.908005619999936],[119.562135937,-0.90798815399996],[119.562130941,-0.907985913999939],[119.562123939,-0.90798277399995],[119.562117075,-0.907979695999926],[119.562109439,-0.907976272999979],[119.562095191,-0.907969883999955],[119.562086567,-0.907966015999943],[119.562076144,-0.90796134299996],[119.562065262,-0.907956463999947],[119.562058277,-0.907953331999981],[119.562046762,-0.907948167999966],[119.562040077,-0.907945170999945],[119.562033393,-0.907942173999968],[119.562027802,-0.907939666999937],[119.562020484,-0.907936384999976],[119.562010452,-0.90793188699997],[119.562002066,-0.907928125999948],[119.561991006,-0.907923166999975],[119.561981562,-0.907918932999961],[119.56197549,-0.907916209999942],[119.561972597,-0.907916207999969],[119.5619587,-0.907916126999969],[119.5619463,-0.907916182999948],[119.561938133,-0.907916174999975],[119.561919002,-0.907916156999928],[119.561909009,-0.907916147999975],[119.561897871,-0.907916404999975],[119.561879313,-0.907916119999924],[119.561851045,-0.907916618999933],[119.561835911,-0.90791607899997],[119.561797077,-0.907916042999946],[119.561767097,-0.907916014999954],[119.561745397,-0.907915993999948],[119.561724552,-0.907915974999992],[119.56171056,-0.907915961999953],[119.561684863,-0.907915936999932],[119.561665732,-0.907915918999949],[119.561648029,-0.907915902999952],[119.561639463,-0.907915894999978],[119.56163543,-0.907915890999963],[119.561635287,-0.907915890999963],[119.561634944,-0.907915890999963],[119.56163441,-0.90791588999997],[119.561634104,-0.90791600499995],[119.561633562,-0.907916208999949],[119.561632609,-0.907916567999969],[119.561631956,-0.90791681299993],[119.561630323,-0.907917426999979],[119.56162979,-0.907917628999946],[119.561629401,-0.90791777499994],[119.561628822,-0.907917991999971],[119.561628292,-0.907918190999962],[119.561627976,-0.907918309999962],[119.561627664,-0.907918427999963],[119.561627449,-0.90791850899996],[119.561627289,-0.907918568999944],[119.561626895,-0.90791871699997],[119.561626742,-0.907918774999931],[119.561626348,-0.907918922999957],[119.561625822,-0.907919120999965],[119.561625329,-0.907919305999946],[119.561624591,-0.907919583999955],[119.561624202,-0.907919729999946],[119.561623517,-0.907919987999949],[119.561622885,-0.907920225999931],[119.561622531,-0.907920358999949],[119.561622179,-0.907920490999981],[119.561621878,-0.907920604999964],[119.561621564,-0.90792072299997],[119.561621316,-0.907920815999947],[119.561620903,-0.907920970999953],[119.561620494,-0.90792112499998],[119.561620343,-0.90792118199995],[119.561619895,-0.907921350999965],[119.561619621,-0.907921453999966],[119.561619434,-0.90792152399997],[119.561619298,-0.907921574999932],[119.56161904,-0.907921671999932],[119.561618684,-0.90792180599994],[119.561618486,-0.90792188099994],[119.561618386,-0.907921917999947],[119.561617885,-0.90792210699994],[119.561617446,-0.907922271999955],[119.561617152,-0.907922382999977],[119.561616569,-0.907922601999933],[119.561616136,-0.907922764999976],[119.561615774,-0.907922900999946],[119.561615582,-0.90792297299993],[119.561615363,-0.907923054999972],[119.561615106,-0.907923151999974],[119.561614783,-0.907923273999931],[119.56161451,-0.907923375999936],[119.561614139,-0.907923515999923],[119.561613888,-0.907923610999954],[119.561613433,-0.907923781999955],[119.561612877,-0.90792399099997],[119.561612385,-0.907924175999947],[119.561611961,-0.907924334999972],[119.561611456,-0.90792452599994],[119.561610919,-0.907924727999956],[119.561610017,-0.907925066999948],[119.561609585,-0.907925228999947],[119.561608735,-0.90792554899997],[119.561608308,-0.907925709999978],[119.561607376,-0.907926060999965],[119.561606685,-0.90792631999995],[119.561606274,-0.907926474999958],[119.561605909,-0.907926611999928],[119.5616054,-0.907926803999941],[119.561604955,-0.907926970999941],[119.561604602,-0.907927103999962],[119.561604298,-0.907927217999945],[119.561603795,-0.907927407999981],[119.561603319,-0.907927586999961],[119.561602839,-0.90792776699994],[119.561602685,-0.907927824999948],[119.561602506,-0.907927892999968],[119.561602152,-0.907928025999977],[119.561601875,-0.907928129999971],[119.561601649,-0.907928214999971],[119.561601306,-0.907928343999978],[119.561601006,-0.907928456999971],[119.561600766,-0.907928546999936],[119.56160044,-0.907928669999935],[119.561600143,-0.907928781999949],[119.561599794,-0.907928912999988],[119.561599409,-0.907929057999985],[119.561599176,-0.907929144999979],[119.561598752,-0.907929304999927],[119.561598479,-0.907929407999981],[119.561598168,-0.907929524999928],[119.561597911,-0.907929620999942],[119.561597699,-0.907929700999955],[119.561597314,-0.907929845999954],[119.56159708,-0.907929933999987],[119.561596775,-0.907930048999963],[119.561596555,-0.907930130999943],[119.561596195,-0.907930266999923],[119.561595896,-0.90793037899994],[119.561595659,-0.907930468999953],[119.561595335,-0.907930589999984],[119.561595121,-0.907930670999972],[119.561594912,-0.907930749999942],[119.561594602,-0.907930865999957],[119.561594412,-0.907930937999945],[119.561594224,-0.907931007999947],[119.561594004,-0.907931090999966],[119.561593809,-0.907931164999986],[119.561593604,-0.907931241999971],[119.561593359,-0.907931333999952],[119.561593217,-0.907931386999967],[119.561592966,-0.907931480999941],[119.56159278,-0.907931551999982],[119.561592459,-0.90793167199997],[119.56159225,-0.907931750999987],[119.561592088,-0.907931811999957],[119.561591752,-0.907931937999935],[119.561591454,-0.907932049999949],[119.561591012,-0.907932216999945],[119.561590651,-0.907932352999982],[119.561590244,-0.907932505999956],[119.561589828,-0.907932661999954],[119.561589389,-0.907932826999965],[119.561589081,-0.907932942999934],[119.561588613,-0.907933118999952],[119.561588418,-0.907933192999967],[119.561588114,-0.907933306999956],[119.56158802,-0.907933341999985],[119.561587824,-0.907933415999942],[119.561587599,-0.907933500999951],[119.561587284,-0.907933618999951],[119.561587014,-0.907933720999961],[119.561586898,-0.907933763999953],[119.561586706,-0.907933836999976],[119.561586502,-0.907933912999972],[119.561586295,-0.90793399099994],[119.561586042,-0.907934085999956],[119.561585824,-0.907934167999948],[119.5615855,-0.90793428999996],[119.561585258,-0.907934380999966],[119.561584837,-0.907934539999928],[119.561584334,-0.907934728999975],[119.561584069,-0.907934828999944],[119.5615838,-0.907934929999964],[119.561583415,-0.907935074999962],[119.561583146,-0.907935175999976],[119.561582849,-0.907935287999977],[119.561582477,-0.907935427999979],[119.561582022,-0.907935598999931],[119.561581865,-0.907935657999933],[119.561581762,-0.907935696999974],[119.56158144,-0.90793581799995],[119.561581165,-0.907935920999938],[119.561580933,-0.907936008999968],[119.561580704,-0.907936094999967],[119.561580596,-0.907936134999949],[119.561580136,-0.907936308999991],[119.561579635,-0.907936496999979],[119.56157936,-0.907936600999955],[119.561579069,-0.907936709999947],[119.561578631,-0.907936874999958],[119.561578329,-0.907936987999968],[119.561578081,-0.907937080999945],[119.561577867,-0.907937161999948],[119.561577471,-0.907937310999962],[119.561577198,-0.907937413999947],[119.561576733,-0.907937588999973],[119.56157644,-0.907937698999953],[119.561576101,-0.907937825999969],[119.561575727,-0.907937966999951],[119.561575483,-0.90793805899995],[119.561575172,-0.90793817599996],[119.561574732,-0.907938340999974],[119.561574371,-0.907938476999961],[119.561574092,-0.907938581999933],[119.561573768,-0.907938703999954],[119.561573136,-0.907938941999928],[119.561572686,-0.907939110999962],[119.561572259,-0.907939271999969],[119.561571731,-0.907939470999961],[119.561571412,-0.907939590999953],[119.56157093,-0.907939771999963],[119.561570548,-0.907939914999936],[119.561570218,-0.90794003999997],[119.561569822,-0.907940188999928],[119.561569377,-0.907940355999928],[119.561568922,-0.907940526999939],[119.561568552,-0.907940666999941],[119.56156802,-0.907940866999977],[119.561567729,-0.907940975999964],[119.561567569,-0.907941035999958],[119.561567449,-0.907941080999934],[119.561566925,-0.907941278999946],[119.561566416,-0.907941469999975],[119.561565903,-0.907941662999978],[119.561565222,-0.907941918999936],[119.561564756,-0.90794209499995],[119.561564054,-0.907942358999945],[119.561563331,-0.907942630999975],[119.56156294,-0.907942777999947],[119.561562312,-0.907943013999959],[119.561561815,-0.90794320099997],[119.561561329,-0.907943383999964],[119.561560711,-0.907943615999967],[119.561559851,-0.90794393999994],[119.561559325,-0.907944137999956],[119.56155911,-0.907944218999956],[119.561558808,-0.907944331999948],[119.561558184,-0.90794456699996],[119.561557624,-0.907944777999945],[119.561557203,-0.907944935999975],[119.561556558,-0.907945178999967],[119.561555879,-0.907945433999948],[119.561555134,-0.907945713999938],[119.561554254,-0.907946044999971],[119.56155373,-0.907946242999967],[119.56155334,-0.907946388999961],[119.561552887,-0.907946559999977],[119.561552217,-0.907946811999978],[119.561551664,-0.907947019999934],[119.561551204,-0.907947192999938],[119.561550849,-0.907947326999933],[119.561550566,-0.907947432999947],[119.561550348,-0.907947514999938],[119.56154992,-0.907947675999936],[119.561547848,-0.907948455999927],[119.561545992,-0.907949153999941],[119.561544044,-0.907949886999977],[119.561541909,-0.907950689999951],[119.561538297,-0.907952048999957],[119.561534523,-0.907953468999956],[119.561531875,-0.907954464999928],[119.561531329,-0.907954661999954],[119.561530482,-0.907954988999968],[119.561530212,-0.907955090999971],[119.561530106,-0.907955129999947],[119.561529941,-0.907955191999974],[119.561529778,-0.90795525399995],[119.561529502,-0.907955357999933],[119.561529155,-0.907955487999974],[119.561529009,-0.907955542999959],[119.561528884,-0.907955589999971],[119.561528782,-0.907955627999967],[119.561528606,-0.90795568899995],[119.561528501,-0.907955733999925],[119.561527936,-0.907955946999957],[119.561527021,-0.907956290999947],[119.561526402,-0.907956523999925],[119.561525803,-0.907956748999937],[119.561525054,-0.907957022999937],[119.561524612,-0.907957189999934],[119.561519734,-0.907959031999951],[119.561517391,-0.907959913999951],[119.561515729,-0.907960538999936],[119.561514842,-0.907960872999982],[119.561514237,-0.907961099999972],[119.561513502,-0.907961376999941],[119.561512755,-0.907961657999988],[119.561512002,-0.907961940999939],[119.561510835,-0.907962380999949],[119.561509016,-0.907963064999939],[119.561507075,-0.907963794999943],[119.561506113,-0.907964156999978],[119.561505029,-0.907964564999932],[119.561501163,-0.907966018999956],[119.561498229,-0.907967122999939],[119.561494738,-0.907968435999983],[119.561491604,-0.907969614999964],[119.561488395,-0.907970822999969],[119.561483147,-0.907972796999961],[119.561477929,-0.907974759999942],[119.56147472,-0.907975967999963],[119.561470453,-0.907977572999931],[119.561467989,-0.907978499999958],[119.561465209,-0.907979545999977],[119.561463672,-0.907980123999953],[119.561453479,-0.907983958999984],[119.561441071,-0.907988626999953],[119.561432521,-0.907991843999986],[119.56142445,-0.907994879999931],[119.561419576,-0.907997326999981],[119.561412485,-0.908000885999974],[119.561406971,-0.908003522999946],[119.561385209,-0.908014553999975],[119.56137871,-0.908017847999932],[119.561375023,-0.908019688999961],[119.561369575,-0.908022423999972],[119.561365832,-0.908024302999942],[119.561363276,-0.908025585999949],[119.561359167,-0.908027647999969],[119.56135585,-0.908029312999928],[119.56134844,-0.908033032999926],[119.561347724,-0.908033391999936],[119.561347405,-0.90803355199995],[119.561346541,-0.908033985999972],[119.561345329,-0.908034593999959],[119.561344435,-0.908035042999928],[119.56134329,-0.90803561699994],[119.561342249,-0.908036139999985],[119.561341069,-0.908036731999969],[119.561340046,-0.908037245999937],[119.561338655,-0.90803794399995],[119.561335003,-0.908039776999947],[119.561330742,-0.908041915999949],[119.561327881,-0.908043351999943],[119.561325234,-0.908044680999988],[119.561321437,-0.908046585999954],[119.561319999,-0.908047307999942],[119.561317024,-0.908048800999951],[119.561310519,-0.908052066999978],[119.561304699,-0.908054987999948],[119.561298231,-0.90805823399995],[119.561294009,-0.908060353999936],[119.561288416,-0.90806316099998],[119.561280884,-0.908066940999964],[119.561274832,-0.908069979999935],[119.561274099,-0.90807034699998],[119.561273567,-0.908070613999934],[119.561273063,-0.908070867999926],[119.561272416,-0.908071191999961],[119.56127175,-0.908071525999957],[119.561271351,-0.908071726999933],[119.561270875,-0.908071964999974],[119.561270314,-0.908072246999949],[119.561269896,-0.908072456999956],[119.56126923,-0.90807279099994],[119.56126884,-0.908072986999976],[119.561268583,-0.908073115999968],[119.561268136,-0.908073339999931],[119.561267918,-0.908073449999962],[119.561267414,-0.908073702999958],[119.561267024,-0.908073898999939],[119.561266415,-0.908074203999952],[119.561265549,-0.908074638999949],[119.561264922,-0.908074953999976],[119.561264294,-0.908075268999934],[119.56126379,-0.908075521999932],[119.56126301,-0.908075912999957],[119.561262373,-0.908076232999981],[119.561261888,-0.90807647699996],[119.561261593,-0.908076624999987],[119.561261346,-0.908076748999978],[119.561260804,-0.908077020999945],[119.561260281,-0.908077282999954],[119.5612599,-0.908077473999925],[119.561259501,-0.908077674999961],[119.561259235,-0.90807780799997],[119.561258674,-0.908078089999948],[119.561258074,-0.908078390999955],[119.561257314,-0.908078772999944],[119.561256619,-0.908079120999964],[119.561256296,-0.908079283999942],[119.561256058,-0.908079402999941],[119.561255668,-0.908079598999968],[119.561255126,-0.908079870999936],[119.561254546,-0.908080161999979],[119.561254137,-0.908080366999967],[119.561253671,-0.908080600999944],[119.561253234,-0.908080820999942],[119.561252815,-0.908081030999941],[119.561252397,-0.908081240999935],[119.561251931,-0.908081474999968],[119.561251465,-0.908081708999931],[119.561250799,-0.908082042999975],[119.561250295,-0.908082295999982],[119.561249791,-0.908082548999978],[119.561248973,-0.908082958999952],[119.561248241,-0.908083326999925],[119.561247556,-0.908083670999932],[119.561246918,-0.908083989999971],[119.561246376,-0.90808426299998],[119.561245891,-0.908084505999971],[119.561245102,-0.908084901999931],[119.561244589,-0.908085159999935],[119.56124399,-0.908085460999934],[119.561243533,-0.908085689999948],[119.561243143,-0.908085884999936],[119.56124261,-0.908086152999945],[119.561242059,-0.908086429999972],[119.561241793,-0.908086562999931],[119.561241165,-0.908086877999957],[119.561240604,-0.908087159999979],[119.561240081,-0.908087422999932],[119.561239482,-0.908087722999941],[119.561238426,-0.908088252999964],[119.561237875,-0.90808852999993],[119.561237541,-0.908088696999929],[119.561235364,-0.908089789999962],[119.561232739,-0.908091106999957],[119.561229087,-0.90809294099995],[119.561226082,-0.908094448999978],[119.561223533,-0.908095728999974],[119.561220489,-0.908097255999961],[119.561217751,-0.908098630999973],[119.561215392,-0.90809981499996],[119.561213452,-0.908100788999951],[119.561210599,-0.908102219999933],[119.561209352,-0.908102845999962],[119.561208698,-0.908103174999947],[119.561208393,-0.90810332799993],[119.561208097,-0.908103476999937],[119.561207496,-0.908103777999946],[119.561206537,-0.908104258999979],[119.561205746,-0.908104656999974],[119.561204978,-0.908105041999936],[119.561204436,-0.908105313999952],[119.561203905,-0.908105580999977],[119.56120204,-0.908106516999969],[119.561199414,-0.908107834999958],[119.561195116,-0.908109991999945],[119.561191426,-0.908111843999962],[119.561188763,-0.908113180999974],[119.561187166,-0.908113982999969],[119.561184464,-0.908115338999955],[119.561181802,-0.908116674999974],[119.561179405,-0.908117877999929],[119.561178835,-0.908118163999969],[119.561178003,-0.908118581999929],[119.561177065,-0.908119052999955],[119.561176257,-0.90811945799994],[119.561175315,-0.908119930999933],[119.561174554,-0.90812031299993],[119.561173518,-0.908120832999947],[119.561172843,-0.908121171999943],[119.561172282,-0.908121453999969],[119.561171083,-0.908122054999985],[119.561169628,-0.908122785999983],[119.561167535,-0.908123835999962],[119.56116415,-0.908125535999953],[119.56116195,-0.908126639999983],[119.561161075,-0.908126913999989],[119.561158897,-0.908127596999983],[119.561155478,-0.90812866899996],[119.561152136,-0.90812971599996],[119.561150326,-0.908130282999936],[119.561149063,-0.908130678999962],[119.561147254,-0.908131245999922],[119.561138187,-0.908134087999941],[119.561125014,-0.908138216999938],[119.561111396,-0.908142485999978],[119.561095967,-0.908147321999938],[119.561085174,-0.908150704999965],[119.561053706,-0.90816056899996],[119.561040642,-0.908164663999978],[119.561031344,-0.908167577999965],[119.561024453,-0.908169737999978],[119.56101889,-0.908171481999949],[119.561017912,-0.908171787999946],[119.561016983,-0.908172079999929],[119.561016419,-0.90817225599994],[119.561015615,-0.908172507999961],[119.561014575,-0.908172833999968],[119.56101348,-0.908173176999977],[119.561012973,-0.908173335999952],[119.561011872,-0.908173680999939],[119.561010791,-0.908174019999939],[119.561009699,-0.908174362999942],[119.561009571,-0.908174402999985],[119.561008672,-0.908174684999958],[119.561007536,-0.90817504099994],[119.561006168,-0.908175468999956],[119.561005241,-0.908175759999947],[119.561004495,-0.908175993999985],[119.561002881,-0.908176499999978],[119.561001585,-0.908176905999946],[119.561001105,-0.908177055999939],[119.561000562,-0.908177226999954],[119.560997288,-0.908178252999964],[119.56099543,-0.908178834999943],[119.560990459,-0.908180392999959],[119.560987631,-0.908181279999958],[119.560985421,-0.908181971999971],[119.560983045,-0.908182716999931],[119.560982479,-0.90818289499993],[119.560981822,-0.908183099999975],[119.560981137,-0.908183314999974],[119.560980661,-0.908183464999983],[119.560980322,-0.908183570999948],[119.560979638,-0.908183784999951],[119.560979122,-0.90818394699994],[119.560978374,-0.908184180999967],[119.560977757,-0.908184374999957],[119.560977419,-0.908184480999983],[119.560977052,-0.908184595999963],[119.560976107,-0.908184891999947],[119.560975559,-0.908185063999957],[119.560975,-0.908185238999977],[119.560974046,-0.908185537999944],[119.560973647,-0.908185662999924],[119.56096802,-0.908187426999981],[119.560948385,-0.908193580999981],[119.560933102,-0.90819837199996],[119.560921946,-0.908201868999928],[119.56090436,-0.908207735999956],[119.560889308,-0.90821209899997],[119.560871841,-0.908217573999942],[119.560858057,-0.908221893999953],[119.560838034,-0.908228170999964],[119.560810643,-0.908236755999957],[119.560782818,-0.908245477999972],[119.56074204,-0.908258259999972],[119.56070447,-0.908255313999975],[119.560683399,-0.908253661999935],[119.560637399,-0.908250054999941],[119.560589329,-0.908246285999951],[119.560568221,-0.908244630999952],[119.560545281,-0.908242832999974],[119.560516898,-0.908240606999929],[119.560485095,-0.908238113999975],[119.56045732,-0.908235935999934],[119.560421585,-0.908233134999934],[119.560405713,-0.908231889999975],[119.560401,-0.908231519999964],[119.560387469,-0.908211055999972],[119.560372585,-0.908188545999968],[119.560337661,-0.908135728999982],[119.56029619,-0.908073009999958],[119.560253047,-0.907966706999961],[119.560229471,-0.90790861499995],[119.560188431,-0.90780749399994],[119.560099108,-0.907825008999962],[119.560054003,-0.90780419099997],[119.559968597,-0.907764772999948],[119.559906894,-0.907736294999948],[119.55983372,-0.907692390999959],[119.559759037,-0.907647580999933],[119.559708426,-0.907596969999927],[119.559667975,-0.907556518999978],[119.559596395,-0.90748493799992],[119.55959088,-0.90737464699993],[119.559588032,-0.907317681999931],[119.559585409,-0.907265226999923],[119.559581609,-0.907189224999972],[119.559619471,-0.907137594999939],[119.559657748,-0.907085397999944],[119.559691598,-0.907039238999975],[119.559683458,-0.90701739299993],[119.55968253,-0.907015402999955],[119.559679428,-0.907008753999952],[119.55967691,-0.907003354999982],[119.559672058,-0.906992953999983],[119.559669098,-0.906986606999972],[119.559666468,-0.906980968999965],[119.559662875,-0.90697326699996],[119.559660245,-0.90696762899996],[119.559658087,-0.906963001999943],[119.55965585,-0.906958207999933],[119.559653872,-0.906953965999948],[119.559651961,-0.906949869999951],[119.559650483,-0.906946701999975],[119.559647814,-0.906940979999951],[119.559644505,-0.906933884999948],[119.559642462,-0.906929505999931],[119.559640411,-0.90692510999998],[119.559635093,-0.906913708999983],[119.559626799,-0.906895928999974],[119.559618389,-0.906877898999941],[119.559612254,-0.906864746999936],[119.559606071,-0.906851489999961],[119.559599605,-0.90683762899994],[119.559595142,-0.906828061999939],[119.559590446,-0.906817993999944],[119.559585702,-0.906807822999956],[119.559579946,-0.906795483999937],[119.559574394,-0.906783581999956],[119.559568842,-0.90677167999996],[119.559562863,-0.906758860999962],[119.559556611,-0.906745458999984],[119.55955069,-0.906732764999965],[119.559545449,-0.906721529999971],[119.559541278,-0.906712587999957],[119.559534064,-0.906697121999972],[119.559527619,-0.906683306999984],[119.559522063,-0.906671393999943],[119.55951947,-0.906665835999949],[119.559516441,-0.906659341999962],[119.55951046,-0.906646519999931],[119.559509133,-0.906638912999937],[119.559506592,-0.906624344999967],[119.559503591,-0.906607138999965],[119.559500655,-0.906590305999943],[119.55949764,-0.906573015999931],[119.559495244,-0.906559279999959],[119.559492428,-0.906543133999955],[119.559490702,-0.906533241999975],[119.55948817,-0.906518722999981],[119.559485799,-0.906505131999947],[119.559483122,-0.906489781999937],[119.559481563,-0.906480842999946],[119.559480732,-0.906476080999942],[119.559479604,-0.906469613999957],[119.55947762,-0.906458239999946],[119.559475554,-0.906446394999934],[119.559474378,-0.906439647999954],[119.559472877,-0.906431044999983],[119.55947149,-0.906423091999965],[119.559470183,-0.906415597999971],[119.559468779,-0.906407548999933],[119.559467426,-0.906399789999972],[119.55946586,-0.906390812999978],[119.559464675,-0.906384016999939],[119.559462602,-0.906372136999954],[119.559461503,-0.906365834999979],[119.559459954,-0.906356954999978],[119.559459397,-0.906353760999935],[119.559458891,-0.90635085799995],[119.559457771,-0.906344435999934],[119.559456157,-0.906335181999961],[119.559455437,-0.906331055999946],[119.559454599,-0.906326253999964],[119.559454162,-0.906323745999942],[119.559452748,-0.906315640999937],[119.559451894,-0.906310740999965],[119.55945043,-0.906302346999959],[119.559449205,-0.906295326999957],[119.559447915,-0.906287928999969],[119.559446532,-0.90628000000001],[119.5594452,-0.906272360999946],[119.559442021,-0.906254134999936],[119.559440531,-0.906245595999967],[119.559438494,-0.906233916999958],[119.55943718,-0.906226380999951],[119.559435266,-0.906215408999978],[119.559434389,-0.906210379999953],[119.559433714,-0.906206509999954],[119.559433637,-0.906206070999938],[119.559433508,-0.906205327999949],[119.559433396,-0.906204689999929],[119.559433313,-0.906204213999959],[119.559433234,-0.906203757999954],[119.559433127,-0.906203146999932],[119.55943303,-0.906202586999949],[119.559432928,-0.906202006999933],[119.559432831,-0.90620144599996],[119.559432707,-0.906200737999941],[119.559432598,-0.906200113999945],[119.559432494,-0.906199516999948],[119.559432404,-0.906199000000009],[119.559432257,-0.906198158999924],[119.55943216,-0.906197599999933],[119.559432323,-0.906197108999948],[119.559433529,-0.90619348099995],[119.559434547,-0.906190417999945],[119.559436718,-0.906183883999979],[119.559442527,-0.906166404999969],[119.55944919,-0.906146353999934],[119.559458985,-0.90611687899997],[119.559467585,-0.906091000999943],[119.559475445,-0.906067349999948],[119.559483418,-0.906043358999973],[119.559486379,-0.906034446999965],[119.559492529,-0.906015940999965],[119.559498224,-0.905998803999977],[119.559505343,-0.905977382999945],[119.559511664,-0.905958362999968],[119.559517417,-0.905941050999955],[119.559524992,-0.905918258999973],[119.55953023,-0.905902494999968],[119.559534218,-0.905890495999927],[119.55953742,-0.905880859999965],[119.559548389,-0.905870760999963],[119.559559212,-0.905860795999956],[119.559575353,-0.905845934999942],[119.5596219,-0.905803079999948],[119.559583495,-0.905777917999965],[119.559537252,-0.90574762099993],[119.55951212,-0.905690176999946],[119.559483679,-0.905625168999968],[119.55945301,-0.905555066999968],[119.559409788,-0.905467914999972],[119.559368844,-0.905394214999952],[119.559329785,-0.905323907999955],[119.559285896,-0.905244907999934],[119.559238563,-0.905204856999952],[119.559203107,-0.905174855999985],[119.559156841,-0.905135707999929],[119.559149476,-0.905129475999956],[119.559146708,-0.905127132999949],[119.559142174,-0.905123297999986],[119.55913747,-0.905119316999967],[119.559133961,-0.90511634799998],[119.559129865,-0.905112881999972],[119.559125705,-0.90510936199997],[119.559121492,-0.905105796999974],[119.55911931,-0.905103950999945],[119.559118112,-0.905101555999982],[119.559114924,-0.905095178999944],[119.559110546,-0.905086421999959],[119.559106786,-0.905078902999942],[119.559104584,-0.905074499999964],[119.5591006,-0.905066529999938],[119.559078896,-0.905023122999976],[119.559037986,-0.904936756999978],[119.559002985,-0.904862866999966],[119.558972868,-0.90479928699995],[119.558945825,-0.904742194999932],[119.558951777,-0.904682671999985],[119.558956386,-0.904636590999928],[119.558960611,-0.904594337999933],[119.558994931,-0.904515890999964],[119.55902121,-0.90445582499996],[119.55906411,-0.904357766999974],[119.559081853,-0.904307226999949],[119.559132878,-0.904304907999975],[119.559196214,-0.904302028999955],[119.559248152,-0.904299667999969],[119.559321468,-0.904298624999971],[119.559384285,-0.904298624999971],[119.559475657,-0.904298624999971],[119.559558462,-0.904298624999971],[119.559625966,-0.904298624999971],[119.559711217,-0.904272575999923],[119.559782091,-0.904250919999926],[119.559888293,-0.904218468999949],[119.559961561,-0.904196081999938],[119.560017782,-0.904178902999949],[119.560085826,-0.904158111999952],[119.56015825,-0.904135981999958],[119.560201611,-0.904121527999963],[119.56025986,-0.904102111999971],[119.560322392,-0.904081267999976],[119.56034809,-0.904072701999951],[119.5604012,-0.904054998999935],[119.560435464,-0.904043576999926],[119.560495427,-0.904023589999957],[119.560503993,-0.904020733999981],[119.560570808,-0.903998462999941],[119.560601821,-0.903988124999966],[119.560638865,-0.904046336999963],[119.560658029,-0.904076451999972],[119.560705321,-0.90415076799997],[119.56074533,-0.904234119999961],[119.560771841,-0.90428935199999],[119.560808333,-0.904365376999983],[119.560858638,-0.90447017899993],[119.560882749,-0.904520409999982],[119.560879342,-0.90455334099994],[119.560874374,-0.904601367999934],[119.560867652,-0.904666344999957],[119.560859701,-0.904743207999953],[119.560850782,-0.904829422999966],[119.560842327,-0.904911156999968],[119.560841073,-0.904923274999929],[119.56083983,-0.904935289999968],[119.560838875,-0.904944525999964],[119.560838392,-0.904949193999927],[119.560837325,-0.904954793999937],[119.560836505,-0.904959101999971],[119.5608355,-0.90496437899998],[119.560834423,-0.904970029999964],[119.560832874,-0.904978164999937],[119.56083168,-0.904984429999959],[119.560830568,-0.904990270999969],[119.560811761,-0.905089003999937],[119.560797391,-0.905164448999932],[119.560779249,-0.905259693999939],[119.560770806,-0.905319732999946],[119.560758828,-0.905404912999929],[119.560750348,-0.905465210999986],[119.560764463,-0.905496264999961],[119.560806808,-0.905546308999939],[119.560863561,-0.905613379999981],[119.560927106,-0.905688477999947],[119.560989102,-0.905685214999949],[119.561085916,-0.905680119999951],[119.561208034,-0.905673692999926],[119.561357561,-0.905625315999942],[119.561496836,-0.905580256999937],[119.561610263,-0.905543558999975],[119.561710747,-0.905511049999984],[119.56180392,-0.905457295999962],[119.561947454,-0.905374487999951],[119.562095174,-0.905289264999968],[119.562201357,-0.905256311999954],[119.562334456,-0.905215004999941],[119.562446719,-0.905180164999933],[119.562523959,-0.905156193999973],[119.562597148,-0.90510883599996],[119.562663448,-0.905065935999981],[119.562775315,-0.904993550999963],[119.562871906,-0.904835493999944],[119.562937958,-0.904727408999979],[119.562899565,-0.904621090999973],[119.56284139,-0.904459990999958],[119.562789195,-0.904315449999965],[119.562745744,-0.904195124999945],[119.562685945,-0.904135325999962],[119.562604584,-0.904053964999955],[119.56252319,-0.90397257099995],[119.562502441,-0.903951821999954],[119.562464816,-0.903914196999945],[119.562446726,-0.903907010999952],[119.562436591,-0.90386984799995],[119.56242842,-0.903839888999931],[119.562423861,-0.903823169999963],[119.562420459,-0.903810696999931],[119.562397811,-0.903788048999961],[119.562321478,-0.903711715999986],[119.562243031,-0.903633268999955],[119.562166305,-0.90351522899994],[119.562105896,-0.90342229199996],[119.562050817,-0.903337555999936],[119.561997869,-0.903152237999956],[119.561962103,-0.903027055999934],[119.561943761,-0.902964691999962],[119.561910115,-0.902850295999943],[119.561888175,-0.90277569999995],[119.561864567,-0.902667103999939],[119.561851424,-0.902606646999973],[119.561836941,-0.902540024999953],[119.561814246,-0.902435628999977],[119.561814246,-0.902263338999946],[119.561814246,-0.90212512999995],[119.561799461,-0.901962487999932],[119.561848208,-0.901852805999964],[119.561888477,-0.901762199999952],[119.561917746,-0.901696344999957],[119.56198456,-0.901678762999959],[119.562059331,-0.901659085999943],[119.562130449,-0.901640370999933],[119.562198674,-0.90162241699994],[119.562295666,-0.901611005999944],[119.562363921,-0.901602975999942],[119.56245003,-0.901592845999974],[119.562542823,-0.901554636999953],[119.562587918,-0.901536068999972],[119.562620374,-0.901522703999949],[119.562690591,-0.901493790999956],[119.562701387,-0.901489345999956],[119.56270509,-0.901487931999961],[119.562712363,-0.901485154999934],[119.562707864,-0.901478500999931],[119.56270455,-0.901473598999925],[119.562701387,-0.901468921999943],[119.562701387,-0.901460603999964],[119.562701387,-0.901403687999965],[119.562701387,-0.901282345999964],[119.562704089,-0.90121749999998],[119.562706869,-0.901150791999962],[119.562710234,-0.90107003099997],[119.562713203,-0.900998770999943],[119.562716173,-0.900927489999956],[119.562673591,-0.900838455999981],[119.562635739,-0.900759310999952],[119.562590961,-0.900665684999985],[119.56255353,-0.90058741999997],[119.562460054,-0.900525102999948],[119.562384278,-0.900474584999932],[119.562342106,-0.900446469999959],[119.56231509,-0.900428459999948],[119.562243031,-0.900380419999981],[119.562165745,-0.900360257999977],[119.562112858,-0.900346461999959],[119.562031725,-0.900325296999938],[119.561986897,-0.900313602999976],[119.561953383,-0.900304859999956],[119.56190296,-0.900291705999963],[119.561860082,-0.90024882799998],[119.561814872,-0.900203617999978],[119.561769889,-0.900158634999966],[119.561749301,-0.900119745999978],[119.561706591,-0.900039071999972],[119.561636818,-0.899907277999941],[119.561587667,-0.899819898999969],[119.561561613,-0.899773580999979],[119.561503747,-0.899670707999972],[119.561482144,-0.899616700999959],[119.561444604,-0.899522850999976],[119.561407168,-0.899458673999959],[119.561361589,-0.899380538999941],[119.561292895,-0.899299749999956],[119.561263591,-0.899271988999943],[119.56121813,-0.899228920999971],[119.56118447,-0.899197032999953],[119.561150811,-0.899165143999933],[119.561103766,-0.899120575999974],[119.561060177,-0.899079280999968],[119.561019558,-0.899054423999932],[119.560996562,-0.899002681999949],[119.560976074,-0.898956583999971],[119.560971463,-0.898946208999977],[119.560950514,-0.898855431999945],[119.560937088,-0.89879724999998],[119.560927106,-0.898753995999925],[119.560927106,-0.89869611499996],[119.560927106,-0.898650428999938],[119.560927106,-0.898591352999982],[119.560970258,-0.89854340599993],[119.561006463,-0.898503178999931],[119.56102845,-0.898478747999946],[119.561041389,-0.898464370999931],[119.561060177,-0.898443495999971],[119.561070955,-0.898441422999961],[119.561081652,-0.898439365999938],[119.561115859,-0.898432787999986],[119.561124437,-0.898431137999984],[119.561174424,-0.89842152499995],[119.561206302,-0.898415394999974],[119.56123659,-0.89840957099995],[119.56127174,-0.898402810999933],[119.561240987,-0.898355163999955],[119.561221177,-0.898324470999974],[119.561200527,-0.898292476999938],[119.561178613,-0.898258524999969],[119.561209041,-0.898228096999958],[119.561243305,-0.898193832999947],[119.561281962,-0.898155175999932],[119.561321445,-0.898121332999952],[119.561348957,-0.898097751999958],[119.561385462,-0.898066461999979],[119.561415408,-0.898049824999938],[119.561465592,-0.898021944999932],[119.561518533,-0.897992532999982],[119.561561169,-0.898008850999931],[119.561594499,-0.898021606999979],[119.561635086,-0.898037139999936],[119.561659408,-0.898046447999947],[119.56169523,-0.898060157999969],[119.561706834,-0.898064598999959],[119.56170176,-0.898023429999967],[119.561693897,-0.897975673999951],[119.561688862,-0.89794509399997],[119.561682912,-0.897908953999945],[119.561674033,-0.897855024999965],[119.561725532,-0.897840979999957],[119.561779547,-0.897831976999957],[119.561842843,-0.897821427999938],[119.561991674,-0.897796622999979],[119.562039631,-0.897788629999986],[119.562111401,-0.897776668999939],[119.562169103,-0.897767051999956],[119.562249995,-0.897733742999955],[119.562302892,-0.897711961999961],[119.562324425,-0.897703095999931],[119.562370869,-0.897683971999927],[119.562393741,-0.897674552999954],[119.562420459,-0.89766355199993],[119.562425816,-0.897648818999926],[119.562438008,-0.897615293999935],[119.562450716,-0.897580345999935],[119.562479602,-0.89750090999996],[119.562487827,-0.897402206999972],[119.562494388,-0.897323480999949],[119.562487849,-0.897245010999946],[119.562479602,-0.897146052999976],[119.562474464,-0.897089536999942],[119.562472433,-0.897067198999942],[119.562469471,-0.897034613999951],[119.56246723,-0.897009958999948],[119.562464816,-0.896983410999957],[119.562458419,-0.896966779999956],[119.562450371,-0.896945853999969],[119.562437937,-0.896913523999962],[119.56242302,-0.896874739999928],[119.562390888,-0.896791196999973],[119.562346095,-0.89673744599998],[119.562282513,-0.896661146999986],[119.562243031,-0.896613768999944],[119.562225679,-0.896515439999982],[119.562198674,-0.896362411999974],[119.562193784,-0.896293959999985],[119.562183888,-0.89615541299997],[119.562183888,-0.896051912999958],[119.562183888,-0.895965730999932],[119.562183888,-0.895800556999979],[119.562210719,-0.895693233999965],[119.562228245,-0.895623127999953],[119.562240658,-0.895536237999983],[119.562255601,-0.895431636999953],[119.562272602,-0.895312628999938],[119.562311209,-0.895235414999947],[119.562350232,-0.89515736899995],[119.562372702,-0.895104285999931],[119.562376102,-0.895046486999944],[119.562396909,-0.894947655999943],[119.562414228,-0.894865390999938],[119.562435245,-0.894765558999952],[119.562467262,-0.894669506999945],[119.562499048,-0.894574148999935],[119.562581914,-0.894498815999951],[119.562642244,-0.894443970999935],[119.562688975,-0.894412816999934],[119.562721921,-0.894390852999948],[119.56274718,-0.894374012999949],[119.56279199,-0.894344139999937],[119.562819664,-0.894325689999966],[119.562864029,-0.894296113999933],[119.562902938,-0.894265851999932],[119.562940892,-0.894236331999943],[119.562972389,-0.894211833999979],[119.562997101,-0.894192613999969],[119.563042663,-0.894178225999953],[119.563090583,-0.894163092999974],[119.563136954,-0.894148449999939],[119.563180046,-0.89413484199998],[119.56320929,-0.894125606999977],[119.563232248,-0.894118356999967],[119.563242542,-0.89411510599996],[119.563261002,-0.894109276999928],[119.563278512,-0.894125035999932],[119.563299441,-0.894143871999973],[119.563313428,-0.894156460999973],[119.563329137,-0.894170597999966],[119.563331135,-0.894172395999928],[119.563337171,-0.894177828999951],[119.563344951,-0.894172991999938],[119.563351291,-0.894169050999945],[119.563352709,-0.894171124999965],[119.563356288,-0.894173051999929],[119.563362872,-0.894176596999956],[119.563381525,-0.894186640999981],[119.563410812,-0.894202410999991],[119.563456534,-0.894226837999956],[119.563495762,-0.894247483999955],[119.563510041,-0.894254998999946],[119.563537186,-0.894269286999933],[119.563571942,-0.894287578999985],[119.563610463,-0.894307852999936],[119.563651809,-0.894329613999969],[119.56368272,-0.89434588399996],[119.563705316,-0.894357775999939],[119.563721599,-0.894366345999973],[119.563766112,-0.894418277999931],[119.563787853,-0.894443641999947],[119.563815667,-0.894476091999934],[119.563835017,-0.894498665999957],[119.563851813,-0.894518261999961],[119.563866997,-0.894535975999935],[119.563899027,-0.894573344999974],[119.563926926,-0.89460589299995],[119.563946275,-0.894628466999969],[119.563965624,-0.894651041999967],[119.563989407,-0.894678788999956],[119.564011847,-0.894704968999976],[119.564035093,-0.894732088999941],[119.564062907,-0.894764538999942],[119.564082794,-0.89478773999997],[119.564116655,-0.894827244999937],[119.564138557,-0.894852797999934],[119.564165169,-0.894883844999927],[119.564182173,-0.894911475999949],[119.564197075,-0.894935691999935],[119.564214199,-0.89496351799995],[119.564233022,-0.894994105999964],[119.564254917,-0.895029684999943],[119.564267597,-0.895050289999981],[119.564283454,-0.895076057999979],[119.564332173,-0.895143514999972],[119.564345525,-0.895162001999947],[119.564391002,-0.895224970999952],[119.564437533,-0.895289398999985],[119.564457667,-0.895317276999945],[119.564468351,-0.895332069999939],[119.564475668,-0.895342200999954],[119.564491091,-0.895366249999941],[119.56450116,-0.895381949999946],[119.564517397,-0.895407269999966],[119.564539004,-0.895440961999951],[119.564550428,-0.895458774999962],[119.564555603,-0.895466843999939],[119.564561437,-0.895475941999961],[119.564567601,-0.895485552999959],[119.564567024,-0.895474913999981],[119.5645663,-0.895461576999939],[119.564565628,-0.895449188999977],[119.564564267,-0.89542410599996],[119.564562988,-0.895400532999925],[119.56456231,-0.895388043999962],[119.56456037,-0.895352286999989],[119.564597998,-0.895361693999971],[119.564634725,-0.895370875999961],[119.564697453,-0.895386557999931],[119.564716791,-0.895367219999972],[119.564741537,-0.89534247399996],[119.564776754,-0.895307257999947],[119.564793886,-0.895290125999964],[119.564830525,-0.895253486999937],[119.564843332,-0.895202256999945],[119.564847811,-0.895184340999955],[119.564858449,-0.89514179099996],[119.5648636,-0.895121187999962],[119.564874882,-0.895076057999979],[119.564887339,-0.895033704999945],[119.564899282,-0.894993098999975],[119.564907314,-0.894965788999972],[119.564918014,-0.894929408999928],[119.56492738,-0.894897562999969],[119.564938899,-0.89485840099997],[119.56494881,-0.894824701999945],[119.564955953,-0.894803273999975],[119.56496528,-0.89477529199997],[119.564969087,-0.894763870999951],[119.564977463,-0.894738742999945],[119.564986029,-0.894713044999947],[119.564993834,-0.894689630999952],[119.565005065,-0.894655937999974],[119.565020293,-0.894610252999942],[119.56502905,-0.894583982999968],[119.565037524,-0.89455855999995],[119.565033914,-0.894530881999972],[119.565030937,-0.89450806299993],[119.565027258,-0.894479856999964],[119.565023911,-0.894454189999981],[119.565017743,-0.894406908999947],[119.565013805,-0.894376716999949],[119.565008679,-0.894337410999924],[119.565002384,-0.89428915299993],[119.564996769,-0.89424610299994],[119.564993167,-0.894218488999977],[119.564989457,-0.894186953999972],[119.564985013,-0.894149181999983],[119.56498044,-0.894110304999966],[119.564976853,-0.894079821999987],[119.564972553,-0.894043263999953],[119.564968057,-0.894005049999983],[119.564963596,-0.89396713299994],[119.564951325,-0.893947703999971],[119.564935584,-0.893922780999959],[119.564922873,-0.89390265599997],[119.564898538,-0.893864123999955],[119.564883656,-0.893840561999981],[119.564877504,-0.89383082099994],[119.564852942,-0.893791931999952],[119.564837427,-0.893767366999951],[119.564823948,-0.893746023999944],[119.564811011,-0.893725540999983],[119.56479821,-0.893705272999967],[119.564786167,-0.893686204999936],[119.564765209,-0.893643356999978],[119.564753681,-0.893619787999976],[119.564762899,-0.89360259699993],[119.564772103,-0.89358543399993],[119.564790699,-0.893550753999945],[119.564786424,-0.89352509999998],[119.564783954,-0.893510282999966],[119.564780559,-0.893489909999981],[119.564776752,-0.893467066999969],[119.564771382,-0.893434847999976],[119.564768179,-0.893409222999939],[119.564764899,-0.893382983999971],[119.564762058,-0.893360257999983],[119.564759715,-0.893341514999972],[119.564756596,-0.893316562999926],[119.564755208,-0.893281859999946],[119.564754372,-0.893260953999973],[119.564752851,-0.893222942999963],[119.564751632,-0.893192458999981],[119.564750476,-0.893163570999944],[119.564749412,-0.893136962999967],[119.564748424,-0.893112256999928],[119.564747356,-0.893085572999953],[119.56474662,-0.893067175999938],[119.564746003,-0.893051743999936],[119.564745243,-0.893032738999974],[119.564743798,-0.89299662799994],[119.564743187,-0.892981347999974],[119.56474181,-0.892946920999979],[119.564751414,-0.892926111999941],[119.564757877,-0.892912109999939],[119.564770636,-0.892884465999941],[119.564780553,-0.892862978999977],[119.56478657,-0.892849941999946],[119.564798716,-0.892823625999945],[119.564805457,-0.892809019999964],[119.564814372,-0.892789705999981],[119.564830525,-0.892754706999937],[119.564848942,-0.892723539999973],[119.564860576,-0.892703850999973],[119.564878198,-0.892674028999979],[119.564892485,-0.892649850999936],[119.564904763,-0.892629071999987],[119.564918937,-0.892605086999948],[119.564937165,-0.892574238999945],[119.56494895,-0.892554293999986],[119.56496157,-0.892532937999933],[119.564974682,-0.892510747999952],[119.564985975,-0.892491635999936],[119.564995449,-0.892475602999976],[119.565011404,-0.892448602999932],[119.565022738,-0.892429421999961],[119.565060826,-0.892405045999971],[119.565090211,-0.892386238999965],[119.565113439,-0.892371372999955],[119.565139259,-0.892354847999968],[119.565158327,-0.892342644999934],[119.565201973,-0.892314710999936],[119.565232817,-0.892294970999961],[119.565274518,-0.892268281999972],[119.565307469,-0.892247193999934],[119.565332425,-0.89223122199997],[119.565355544,-0.892216425999953],[119.56539238,-0.892192850999949],[119.565412388,-0.89218784899992],[119.565450459,-0.892178330999968],[119.565478677,-0.892171276999937],[119.56552481,-0.892159743999967],[119.565546757,-0.892154256999967],[119.565570048,-0.892148434999967],[119.565592443,-0.892142835999951],[119.565628951,-0.892133708999951],[119.565656944,-0.892125475999934],[119.565686934,-0.892116654999938],[119.565705794,-0.892111107999948],[119.565750419,-0.892097982999933],[119.565780512,-0.892089131999971],[119.565815965,-0.892078704999963],[119.565846058,-0.892069853999948],[119.565857601,-0.892066458999982],[119.565880308,-0.892059779999953],[119.565910654,-0.892068998999943],[119.565919897,-0.892071806999986],[119.56594467,-0.892079332999977],[119.565977473,-0.892089298999969],[119.565996538,-0.892095090999935],[119.565997113,-0.892063247999948],[119.565997559,-0.892038543999954],[119.565998009,-0.89201366799995],[119.56599825,-0.89200031299993],[119.565998702,-0.891975293999963],[119.566009224,-0.891971651999939],[119.566049719,-0.891957633999939],[119.566069578,-0.89195075999993],[119.566098672,-0.891940688999969],[119.566127292,-0.891930781999976],[119.566154082,-0.891921507999939],[119.566187573,-0.891909914999937],[119.566283436,-0.891874424999968],[119.566403878,-0.891826977999932],[119.566517729,-0.891782127999934],[119.566582844,-0.891756476999945],[119.566663738,-0.891724608999933],[119.566723091,-0.891701227999942],[119.566775693,-0.891651016999964],[119.566810735,-0.891617567999964],[119.566845777,-0.891584117999969],[119.56688263,-0.891548939999949],[119.566919574,-0.891513675999927],[119.566956608,-0.891478324999981],[119.567001248,-0.891435713999962],[119.567020716,-0.891417130999978],[119.567048376,-0.891390727999987],[119.567062445,-0.891334449999932],[119.567072747,-0.891293243999942],[119.567080361,-0.891262786999963],[119.567089543,-0.89122605899996],[119.567096934,-0.891196497999953],[119.567109699,-0.891145436999978],[119.567124479,-0.891086314999941],[119.56713709,-0.891035871999973],[119.567133011,-0.890976721999951],[119.567128235,-0.890907472999978],[119.567124595,-0.89085468699994],[119.567119612,-0.890782431999987],[119.567115692,-0.890725594999943],[119.567111439,-0.890663923999976],[119.567107519,-0.890607086999986],[119.567055904,-0.890567760999949],[119.566999583,-0.890524850999957],[119.566961388,-0.890495748999975],[119.566883846,-0.890436669999927],[119.56679702,-0.890370516999954],[119.566714622,-0.890307133999957],[119.566604806,-0.890222659999957],[119.566554846,-0.890209033999951],[119.56652012,-0.890199562999958],[119.566507105,-0.890196013999972],[119.566494859,-0.89019267399994],[119.566498442,-0.890182353999942],[119.566485735,-0.890167528999938],[119.566473749,-0.890153545999961],[119.566456949,-0.890133945999942],[119.566422683,-0.890107587999984],[119.566363991,-0.890062439999957],[119.566264735,-0.889986088999942],[119.566278892,-0.889952112999942],[119.566304573,-0.889890477999936],[119.566338664,-0.889808660999965],[119.566397374,-0.88981588699994],[119.566449417,-0.889822291999967],[119.566486954,-0.889826911999933],[119.566480439,-0.889774789999933],[119.566471735,-0.889705160999938],[119.566543709,-0.889679455999959],[119.566590256,-0.889662831999948],[119.566678734,-0.889631232999934],[119.566687927,-0.889636449999964],[119.566705538,-0.889585713999973],[119.566729534,-0.889516581999946],[119.566763098,-0.889497002999985],[119.566793634,-0.889479189999972],[119.566869619,-0.88943486599994],[119.566939923,-0.88939385499998],[119.567021826,-0.889346078999951],[119.567077947,-0.889313340999929],[119.567114859,-0.889273072999979],[119.567178862,-0.889203251999965],[119.56724059,-0.889135912999968],[119.567263858,-0.889089376999945],[119.567297361,-0.889022371999952],[119.567327056,-0.888962979999981],[119.567358875,-0.888899341999952],[119.567354472,-0.888815689999946],[119.567350487,-0.888739957999978],[119.567346469,-0.888663625999931],[119.56734409,-0.888618413999958],[119.56735383,-0.888501530999978],[119.567359186,-0.888437255999974],[119.567365173,-0.88836541899997],[119.567369676,-0.888311377999969],[119.567371631,-0.888287920999965],[119.567373661,-0.888263557999949],[119.567364432,-0.888257327999961],[119.567352726,-0.888249425999968],[119.567365139,-0.888229112999972],[119.567379114,-0.888206244999941],[119.567391057,-0.888186702999973],[119.567403818,-0.888165820999974],[119.567418838,-0.888141242999952],[119.567430498,-0.888122162999945],[119.567443795,-0.88810040299996],[119.567456048,-0.888080352999967],[119.567466551,-0.888063166999933],[119.567478098,-0.888044270999963],[119.567486144,-0.888031103999941],[119.567498736,-0.888010499999955],[119.567506732,-0.887997414999978],[119.567536059,-0.887995689999972],[119.567558823,-0.887994350999974],[119.567577101,-0.887993275999977],[119.567598861,-0.887991995999932],[119.567619483,-0.887990782999971],[119.567643586,-0.887989364999958],[119.567661797,-0.887988293999971],[119.56768436,-0.887986966999971],[119.56770371,-0.887985828999945],[119.567724599,-0.887984599999929],[119.567758089,-0.887982629999954],[119.567776114,-0.887990948999978],[119.567787268,-0.887996096999937],[119.567797481,-0.888000810999936],[119.567808562,-0.888005925999961],[119.567817833,-0.888010203999957],[119.567827177,-0.888014516999935],[119.567840648,-0.888020733999953],[119.567853613,-0.888026717999935],[119.567868823,-0.888033737999934],[119.567893521,-0.888045136999957],[119.567923289,-0.888058875999953],[119.567935747,-0.888064625999971],[119.567950302,-0.888071343999967],[119.567952307,-0.88808137099994],[119.567954724,-0.888093451999964],[119.567957272,-0.888106190999969],[119.567961796,-0.888128813999974],[119.567967068,-0.888155170999944],[119.567974492,-0.888192290999937],[119.567979874,-0.888219200999968],[119.567974597,-0.888240767999947],[119.567969528,-0.888261483999945],[119.567964245,-0.888283076999935],[119.567956168,-0.88831608699997],[119.56794899,-0.888345423999969],[119.567944334,-0.888364451999968],[119.567948705,-0.888383685999937],[119.567957531,-0.888422521999933],[119.567965088,-0.88845577099995],[119.567961569,-0.888522630999944],[119.567958264,-0.888585424999983],[119.56795447,-0.888657510999972],[119.567950302,-0.888736698999944],[119.567950302,-0.888803152999968],[119.567950302,-0.888857404999961],[119.567950302,-0.888917367999963],[119.567950302,-0.88898805599997],[119.567962795,-0.889018037999965],[119.567985012,-0.889071360999946],[119.568012383,-0.889137050999972],[119.568033587,-0.889187939999952],[119.568047442,-0.889221190999942],[119.568058846,-0.88924856199998],[119.568086386,-0.889314656999949],[119.568115373,-0.889373514999934],[119.568129938,-0.88939940799998],[119.568145189,-0.889426520999963],[119.568165321,-0.889462309999945],[119.568187892,-0.889502437999962],[119.568209091,-0.889540124999947],[119.56823123,-0.889579482999974],[119.568253869,-0.889621527999968],[119.568277433,-0.88966528799995],[119.568287151,-0.889683336999953],[119.568302279,-0.889711431999961],[119.56833473,-0.889771696999957],[119.56835336,-0.889801969999955],[119.568383653,-0.889851197999983],[119.568405222,-0.889886245999947],[119.568436594,-0.889937225999979],[119.568453015,-0.889963910999945],[119.568481321,-0.889990038999943],[119.568506462,-0.890013246999952],[119.568554018,-0.890057143999976],[119.56859351,-0.890093597999964],[119.568645229,-0.890141338999976],[119.56871235,-0.890169599999983],[119.568772856,-0.890195076999935],[119.56883298,-0.890220391999947],[119.568926157,-0.890259623999964],[119.569005926,-0.890278031999971],[119.569060563,-0.890290640999986],[119.569138764,-0.890308686999962],[119.569187979,-0.890320043999963],[119.569233857,-0.890330631999974],[119.569260133,-0.89033669499998],[119.569284949,-0.890342421999954],[119.569310585,-0.890348337999964],[119.569413403,-0.89036302599994],[119.569500549,-0.890375474999934],[119.569561167,-0.890380472999942],[119.569652223,-0.890385828999968],[119.569714824,-0.890389511999964],[119.569768941,-0.890392694999946],[119.569800822,-0.890383838999983],[119.569847359,-0.890370911999982],[119.569892717,-0.890358312999982],[119.569950888,-0.890342153999944],[119.569983493,-0.890333096999942],[119.569994332,-0.890330086999942],[119.570005642,-0.890326944999975],[119.570019485,-0.890323099999941],[119.570035083,-0.890318766999946],[119.570040159,-0.890315946999977],[119.570052426,-0.890309131999975],[119.570058875,-0.890305548999956],[119.570071336,-0.890298626999936],[119.570082245,-0.890292565999981],[119.570101543,-0.890281844999949],[119.570143969,-0.890258273999966],[119.570194396,-0.890230259999953],[119.570267854,-0.890189448999943],[119.570301225,-0.890170909999949],[119.570339052,-0.890128879999962],[119.570381219,-0.890082026999951],[119.570434296,-0.890023052999938],[119.570437907,-0.889992362999984],[119.570446522,-0.889919136999933],[119.570453811,-0.889857176999964],[119.570463868,-0.889771696999957],[119.570453152,-0.889742611999964],[119.57042751,-0.889673010999966],[119.570408107,-0.889620346999949],[119.570381295,-0.889547570999985],[119.570360368,-0.88949076899996],[119.570333355,-0.889452950999954],[119.570292454,-0.889395689999961],[119.57025792,-0.889347340999966],[119.570230331,-0.889308716999957],[119.570212511,-0.889283768999982],[119.570188564,-0.889217915999959],[119.570171557,-0.889171145999967],[119.570153368,-0.889121126999954],[119.570137343,-0.889057027999973],[119.570129281,-0.889024779999948],[119.570119539,-0.888985811999927],[119.570109011,-0.888943698999983],[119.570089259,-0.888910778999967],[119.570064654,-0.888869769999925],[119.570062483,-0.888817651999949],[119.570061057,-0.888783446999982],[119.570059627,-0.888749123999955],[119.570056995,-0.888685939999964],[119.570054615,-0.888628812999975],[119.57003299,-0.88856352999995],[119.570048287,-0.888513672999989],[119.570064383,-0.888461211999934],[119.5701161,-0.88829265099998],[119.57013721,-0.887854940999949],[119.570096059,-0.887563099999964],[119.57011013,-0.887123089999934],[119.570200329,-0.886791959999934],[119.570366289,-0.88650030999998],[119.57049078,-0.886271139999966],[119.57063593,-0.886104529999959],[119.5707812,-0.885792009999929],[119.570926589,-0.885354420999931],[119.57109249,-0.88514613999997],[119.571196589,-0.884541759999933],[119.571196741,-0.88437902999993],[119.571196779,-0.884337571999934],[119.571205151,-0.884304086999975],[119.57121019,-0.884283931999964],[119.571217937,-0.884252942999981],[119.571232895,-0.884223027999953],[119.571245839,-0.884197138999993],[119.571266017,-0.884156782999987],[119.571278961,-0.884130894999941],[119.571296093,-0.884096630999973],[119.571314748,-0.884059320999941],[119.571334165,-0.88402048799998],[119.571349393,-0.88399003099994],[119.571365794,-0.88395722899997],[119.571392925,-0.883930097999957],[119.571425286,-0.883897736999925],[119.57144908,-0.883873942999967],[119.57147002,-0.883853002999955],[119.571487152,-0.883835870999972],[119.571513651,-0.883809371999973],[119.571513651,-0.883758467999943],[119.571513651,-0.883714685999963],[119.571513651,-0.883684227999942],[119.571513651,-0.883657578999935],[119.571513651,-0.88361760399994],[119.571513651,-0.883572800999964],[119.571482778,-0.883569993999977],[119.571452227,-0.883567216999956],[119.57142202,-0.883564470999943],[119.571400136,-0.883562481999945],[119.571374752,-0.883560173999971],[119.571357348,-0.883558591999935],[119.571319353,-0.883552739999974],[119.571298362,-0.883549240999979],[119.571273667,-0.883545125999951],[119.571240637,-0.88353961999996],[119.571215325,-0.883535401999961],[119.57117358,-0.883528443999984],[119.571163391,-0.883520605999941],[119.571150696,-0.883510840999975],[119.571142508,-0.883504542999956],[119.571133815,-0.883497854999976],[119.57111859,-0.883486143999961],[119.571103042,-0.883474184999959],[119.571078572,-0.883455360999963],[119.571063163,-0.883443507999977],[119.571039842,-0.88342556999993],[119.571017028,-0.883408019999939],[119.570998905,-0.883394078999976],[119.570993257,-0.88338973399994],[119.570983658,-0.88338235099997],[119.570981366,-0.883380587999963],[119.570980658,-0.883380711999969],[119.570975283,-0.883381651999965],[119.570970161,-0.883378337999951],[119.570949703,-0.883365099999948],[119.570936806,-0.883356754999968],[119.570922224,-0.883347319999936],[119.570902925,-0.883329036999961],[119.570879482,-0.883306826999957],[119.570850125,-0.883279015999962],[119.570821666,-0.88325205499997],[119.570805034,-0.883236297999932],[119.570780588,-0.883213137999977],[119.570761052,-0.883194630999986],[119.570738612,-0.883173371999928],[119.570725887,-0.883161316999972],[119.570710259,-0.883146510999962],[119.570680902,-0.883118698999968],[119.570641296,-0.883081177999938],[119.570630164,-0.883066620999957],[119.570617899,-0.883050581999956],[119.570603797,-0.883032139999954],[119.570592234,-0.883017019999958],[119.570582292,-0.883004018999939],[119.570570027,-0.882987979999942],[119.570558464,-0.882972859999944],[119.570544362,-0.882954417999947],[119.570529341,-0.882934775999961],[119.570520318,-0.88292297599997],[119.570507135,-0.882905735999945],[119.570495356,-0.882890332999978],[119.570480281,-0.882870619999948],[119.570457372,-0.882840660999932],[119.570449082,-0.882829820999979],[119.570432403,-0.882794239999956],[119.570425568,-0.882779656999962],[119.570416926,-0.882761221999941],[119.570404375,-0.882734446999958],[119.570379434,-0.882681238999973],[119.57036206,-0.88264417299996],[119.570351223,-0.882621055999959],[119.570340684,-0.882598572999947],[119.570326579,-0.882568481999956],[119.570309296,-0.882531610999928],[119.570286275,-0.882482498999941],[119.570267323,-0.882442068999981],[119.570254635,-0.882415000999974],[119.5702486,-0.882402125999929],[119.570242336,-0.882388762999945],[119.570227297,-0.882356679999935],[119.570218921,-0.882329458999951],[119.570206121,-0.882287857999927],[119.570199206,-0.88226538599998],[119.570192621,-0.88224398399996],[119.570183937,-0.882215759999961],[119.570174553,-0.882185260999968],[119.570167638,-0.882162788999956],[119.570156319,-0.88212600399994],[119.57015101,-0.882108747999952],[119.570144589,-0.882087880999963],[119.570135205,-0.88205738299997],[119.570126628,-0.882029505999985],[119.570124024,-0.882021045999983],[119.570120084,-0.882008237999981],[119.570115803,-0.881994325999929],[119.570111934,-0.881981751999948],[119.570109011,-0.881972251999973],[119.570109904,-0.881963768999932],[119.570110624,-0.881956931999986],[119.570111492,-0.881948681999971],[119.570112285,-0.88194115199997],[119.570112879,-0.881935502999969],[119.570113677,-0.881927922999985],[119.570114347,-0.881921555999953],[119.570115393,-0.88191162299995],[119.570116439,-0.881901688999958],[119.570117033,-0.88189604099995],[119.570118035,-0.88188652799994],[119.570118674,-0.881880458999943],[119.570119532,-0.881872308999967],[119.57012034,-0.881864628999959],[119.570121083,-0.881857568999975],[119.570121886,-0.881849938999951],[119.570122134,-0.881847585999935],[119.570123101,-0.881838394999933],[119.570123607,-0.881833588999943],[119.57012451,-0.88182501799997],[119.570124757,-0.881822664999968],[119.570125451,-0.881816074999965],[119.570125897,-0.881811838999967],[119.570126398,-0.881807082999951],[119.570127031,-0.88180106299995],[119.570127785,-0.881793903999954],[119.570128638,-0.881785802999954],[119.57012905,-0.881781888999972],[119.570129897,-0.881773837999966],[119.570130591,-0.881767248999953],[119.570131191,-0.881761550999958],[119.570131845,-0.881755332999946],[119.570132395,-0.88175010599997],[119.570132742,-0.881746811999968],[119.570133188,-0.88174257499998],[119.57013359,-0.88173875999997],[119.570133996,-0.881734895999961],[119.570134299,-0.881732021999936],[119.570134849,-0.881726794999968],[119.570135493,-0.881720676999976],[119.570136202,-0.881713937999968],[119.570136758,-0.881708661999937],[119.570137358,-0.881702963999943],[119.570138583,-0.881691323999983],[119.570145755,-0.88169160299998],[119.570155259,-0.881691973999982],[119.570166626,-0.881692416999951],[119.570178505,-0.881692878999962],[119.570189471,-0.881693306999978],[119.5702038,-0.881693864999935],[119.570211916,-0.881694180999937],[119.570213511,-0.881690711999965],[119.570217011,-0.881683098999927],[119.57026732,-0.881573659999965],[119.570275044,-0.881574075999942],[119.570281684,-0.88157443399996],[119.570287948,-0.88157477199997],[119.570297028,-0.881575260999973],[119.570313271,-0.881576136999971],[119.570328391,-0.881576951999933],[119.570333444,-0.881577223999952],[119.570330796,-0.881573038999937],[119.570335771,-0.881561429999975],[119.570356847,-0.881512253999975],[119.570366496,-0.881489738999972],[119.570379887,-0.881458494999952],[119.570396625,-0.881419438999967],[119.570407456,-0.881394166999936],[119.570420649,-0.881363381999966],[119.57043404,-0.881332136999965],[119.570463868,-0.881262538999977],[119.570539765,-0.881230581999943],[119.570608356,-0.881201701999945],[119.57065397,-0.881182495999952],[119.570744795,-0.881144253999945],[119.570801231,-0.881135342999932],[119.570881583,-0.881122655999948],[119.570932217,-0.881114660999978],[119.570977378,-0.881107529999963],[119.571025723,-0.881099896999959],[119.571120183,-0.881094339999949],[119.571192269,-0.881090099999946],[119.57127708,-0.881085110999949],[119.571316383,-0.881092046999923],[119.571376109,-0.881102586999935],[119.57142237,-0.881110749999948],[119.571528436,-0.881129467999933],[119.571567455,-0.881187183999948],[119.571613489,-0.881161055999944],[119.571641428,-0.88114519899995],[119.571676559,-0.881125259999986],[119.571708786,-0.881142321999968],[119.571758289,-0.881168528999983],[119.57182415,-0.881203396999991],[119.571902121,-0.881221389999954],[119.571968575,-0.88123672599994],[119.572016364,-0.881247753999958],[119.572126301,-0.881256667999935],[119.572202559,-0.881262850999976],[119.572251422,-0.881266812999971],[119.572334632,-0.881273559999954],[119.572403327,-0.881279128999959],[119.572480199,-0.881285361999972],[119.572563434,-0.881292110999943],[119.572634559,-0.881231146999938],[119.572697068,-0.881173261999955],[119.572733236,-0.881137093999938],[119.572775115,-0.88109521599996],[119.572844362,-0.88102596899996],[119.572903907,-0.880946574999934],[119.572931775,-0.880909417999939],[119.572977461,-0.880848502999932],[119.57302179,-0.880789397999932],[119.573041836,-0.880701194999969],[119.573055374,-0.880641626999937],[119.573070558,-0.880574818999949],[119.573095718,-0.880464112999959],[119.573095718,-0.880399810999968],[119.573095718,-0.880354124999947],[119.573095718,-0.880277981999948],[119.573095718,-0.880224682999937],[119.573095718,-0.880152346999981],[119.573095718,-0.88007968499995],[119.573099647,-0.879981467999931],[119.573101617,-0.879932205999981],[119.573104348,-0.879863938999961],[119.573106465,-0.879811027999953],[119.573108922,-0.879749602999935],[119.573110504,-0.879710042999941],[119.573085193,-0.87965098399997],[119.573077211,-0.879632359999969],[119.573069827,-0.879615128999943],[119.573056485,-0.879583998999979],[119.573048904,-0.879566308999934],[119.573039452,-0.879544253999938],[119.573031575,-0.87952587499996],[119.573023698,-0.879507495999982],[119.573016855,-0.87949152899995],[119.573011095,-0.879478088999981],[119.573004498,-0.879462695999965],[119.572995489,-0.879441674999951],[119.572986431,-0.87942053899997],[119.572977433,-0.879399543999977],[119.572970552,-0.87939036899997],[119.572956389,-0.879371485999972],[119.572946909,-0.879358845999942],[119.572935602,-0.879343769999935],[119.572925894,-0.879330824999956],[119.572916871,-0.87931879499996],[119.572906706,-0.87930524099994],[119.572898026,-0.879293667999947],[119.57288866,-0.879281179999963],[119.572877353,-0.87926610399995],[119.572862619,-0.879246458999947],[119.572844362,-0.879222115999944],[119.572812583,-0.879222115999944],[119.57278974,-0.879222115999944],[119.572758332,-0.879222115999944],[119.572737392,-0.879222115999944],[119.572723116,-0.879222115999944],[119.572696505,-0.879222115999944],[119.57267604,-0.879227962999949],[119.572663846,-0.879231446999937],[119.572637196,-0.879239060999963],[119.572611929,-0.879246280999953],[119.572584022,-0.87925425399994],[119.572562526,-0.879260395999949],[119.572541156,-0.879266500999966],[119.572518277,-0.879273037999958],[119.572489113,-0.879281370999941],[119.572460955,-0.879289415999951],[119.572434933,-0.879296850999937],[119.57240866,-0.879304356999971],[119.572379603,-0.87931367599993],[119.572356554,-0.879323919999941],[119.572335537,-0.879333260999954],[119.572313989,-0.879342837999956],[119.572299329,-0.879349352999953],[119.572284405,-0.87935598599996],[119.572264005,-0.879365051999975],[119.572242193,-0.879374746999937],[119.572227357,-0.879381340999945],[119.572206604,-0.879390563999956],[119.572194506,-0.879395940999926],[119.572180906,-0.879401985999953],[119.572161478,-0.879410619999931],[119.572138605,-0.879420785999968],[119.572123467,-0.879427513999938],[119.572114801,-0.879422880999925],[119.572094403,-0.879408103999942],[119.572055971,-0.879445574999982],[119.572031149,-0.87946977599995],[119.571917525,-0.87950565699993],[119.571864569,-0.87952237999997],[119.57184304,-0.879529178999983],[119.571788815,-0.87954630199994],[119.571772464,-0.879551465999951],[119.571750221,-0.879558489999965],[119.571720312,-0.879560106999984],[119.571646135,-0.879564115999926],[119.571586347,-0.879567347999973],[119.571532022,-0.879570283999963],[119.571471613,-0.879573549999978],[119.571441148,-0.879575195999961],[119.571381207,-0.879578435999977],[119.571310251,-0.879582271999943],[119.571250786,-0.879585485999939],[119.571203151,-0.879588060999931],[119.571178484,-0.879577782999947],[119.571142368,-0.879562734999978],[119.571082355,-0.879537729999933],[119.57106479,-0.879530410999965],[119.571017753,-0.879510811999985],[119.570960983,-0.87948715799996],[119.570902592,-0.879462828999983],[119.570848295,-0.879440204999977],[119.57081517,-0.879383892999949],[119.570784121,-0.879331108999963],[119.570746392,-0.879266969999952],[119.570715123,-0.87921381199994],[119.570681897,-0.879150219999929],[119.570654851,-0.879093873999977],[119.570637696,-0.879058135999972],[119.57061172,-0.879004017999933],[119.570586322,-0.878951105999937],[119.570560301,-0.878896895999962],[119.57052301,-0.878819205999944],[119.57052301,-0.878757192999961],[119.57052301,-0.878714362999977],[119.57052301,-0.878642978999957],[119.57052301,-0.878588727999964],[119.57052301,-0.878537330999963],[119.57052301,-0.87841999299997],[119.57053242,-0.878346591999963],[119.570539448,-0.878291776999967],[119.570547695,-0.87822745399996],[119.570553457,-0.878182506999972],[119.570560753,-0.878125602999951],[119.570568002,-0.878069059999982],[119.570574577,-0.878017773999946],[119.570580432,-0.87797210699995],[119.570585834,-0.87792996899998],[119.570591421,-0.877886390999948],[119.570596939,-0.877843351999955],[119.570621787,-0.877822053999981],[119.570652591,-0.877795649999941],[119.570688098,-0.877765214999952],[119.570717256,-0.877740221999948],[119.57074806,-0.877713817999967],[119.570768753,-0.877696081999953],[119.570789862,-0.877677988999953],[119.570803938,-0.877665922999939],[119.570823387,-0.877664778999937],[119.570844946,-0.877663510999986],[119.570872218,-0.87766190599996],[119.570891652,-0.877660762999936],[119.570893708,-0.877660641999972],[119.570896328,-0.877660487999953],[119.57089691,-0.877660453999968],[119.570899273,-0.877658445999946],[119.570901935,-0.87765618299995],[119.570904332,-0.877654145999938],[119.57090734,-0.877651588999924],[119.570910147,-0.877649202999977],[119.570912677,-0.877647052999981],[119.570914752,-0.877645288999929],[119.570917547,-0.877642912999939],[119.570920286,-0.87764058499994],[119.57092255,-0.87763866099993],[119.570924589,-0.877636927999956],[119.57092694,-0.877634929999946],[119.570929327,-0.87763290099997],[119.570930438,-0.877631956999958],[119.570936207,-0.877627053999961],[119.570941909,-0.877622206999947],[119.570959525,-0.877607233999924],[119.570975948,-0.87759327599997],[119.570983672,-0.877586709999949],[119.570990425,-0.877580969999942],[119.570998492,-0.877574112999983],[119.57100425,-0.877569219999942],[119.571011014,-0.87756347099998],[119.571021634,-0.877554443999948],[119.571034719,-0.87754332199996],[119.571049948,-0.877530377999957],[119.571062215,-0.877519951999947],[119.57107404,-0.877509900999941],[119.571082449,-0.877502753999986],[119.571119942,-0.877503012999971],[119.571158794,-0.87750328099998],[119.571192874,-0.877461897999985],[119.571214716,-0.877435375999945],[119.571240761,-0.877403748999936],[119.571271423,-0.877366517999975],[119.571298622,-0.877333489999955],[119.571323266,-0.877303564999979],[119.571365794,-0.877251923999957],[119.571409258,-0.87721514699996],[119.571445481,-0.877184495999927],[119.571471721,-0.877162293999966],[119.571495401,-0.877142256999945],[119.571519977,-0.877121461999933],[119.571558008,-0.877089281999927],[119.571581888,-0.87705793999994],[119.571608893,-0.877022495999937],[119.571634784,-0.876988513999946],[119.571655889,-0.876960812999932],[119.571682173,-0.876926314999945],[119.571698822,-0.876904463999949],[119.571731399,-0.87686170699993],[119.571764631,-0.87681808999998],[119.571794579,-0.876778782999965],[119.571819517,-0.876753844999945],[119.571853781,-0.876719580999983],[119.571883762,-0.87668959899998],[119.571900894,-0.876672466999936],[119.571938014,-0.876635347999988],[119.571970851,-0.876602510999933],[119.572006542,-0.876566818999949],[119.572043662,-0.876529698999945],[119.572075071,-0.876498289999978],[119.572119863,-0.876453497999938],[119.572136831,-0.87643384999996],[119.572149993,-0.87641861099997],[119.572184599,-0.876378540999952],[119.572217406,-0.876340552999983],[119.572252205,-0.876300259999938],[119.57229169,-0.876254540999984],[119.572320838,-0.876220789999938],[119.572349986,-0.876187039999938],[119.572380354,-0.876151876999935],[119.572400791,-0.876128212999964],[119.572429138,-0.876088054999972],[119.572450741,-0.876057450999953],[119.572470286,-0.876029760999932],[119.572488091,-0.87600453799996],[119.57250455,-0.875981219999968],[119.572519506,-0.875960031999972],[119.57254649,-0.875921804999971],[119.572578219,-0.875876855999937],[119.572589183,-0.875848837999969],[119.572609657,-0.875796514999938],[119.572621832,-0.875765400999967],[119.572638852,-0.875721905999972],[119.57266716,-0.875649562999965],[119.572693886,-0.87558126499994],[119.572711291,-0.875536785999942],[119.572711291,-0.875440414999953],[119.572711291,-0.875353897999968],[119.572711291,-0.875241071999945],[119.572711291,-0.875154022999937],[119.572711291,-0.875056940999968],[119.572711291,-0.87493057299998],[119.572643883,-0.874863164999966],[119.572592335,-0.874811617999973],[119.572584515,-0.874803797999958],[119.572533862,-0.874753144999952],[119.572437036,-0.874738620999948],[119.572374018,-0.874729167999936],[119.572298248,-0.874717802999959],[119.572238149,-0.874708787999968],[119.572150448,-0.874745714999963],[119.572069517,-0.874779790999983],[119.571957221,-0.874827072999955],[119.571765007,-0.874827072999955],[119.571513651,-0.874782715999972],[119.571345721,-0.874746209999951],[119.571272382,-0.874730266999958],[119.571230734,-0.874721212999931],[119.571191377,-0.874712656999973],[119.57117358,-0.874708787999968],[119.571125223,-0.874708787999968],[119.571079537,-0.874708787999968],[119.571066212,-0.874708787999968],[119.570803938,-0.874708787999968],[119.570691209,-0.874708787999968],[119.570681641,-0.874708522999932],[119.570669277,-0.874708179999971],[119.570656942,-0.874708404999982],[119.57061126,-0.874708787999968],[119.570594127,-0.874708787999968],[119.570576043,-0.874708787999968],[119.57055796,-0.874708787999968],[119.570537796,-0.874708787999968],[119.570515001,-0.874703902999954],[119.570500289,-0.874700749999931],[119.570403634,-0.874680038999941],[119.570332442,-0.874664783999956],[119.57033252,-0.874577252999923],[119.57033265,-0.874432719999968],[119.570339312,-0.87439271899996],[119.570358399,-0.87427811799995],[119.570377371,-0.874164209999957],[119.57039513,-0.874057579999945],[119.570395246,-0.873931937999947],[119.5703954,-0.873765769999973],[119.570432208,-0.873661124999955],[119.570454946,-0.873596479999945],[119.570389939,-0.873488969999932],[119.570439537,-0.873406305999938],[119.570476825,-0.873344159999933],[119.570526205,-0.873261858999966],[119.570567367,-0.873193255999987],[119.57062496,-0.873093777999948],[119.570661191,-0.873031196999931],[119.57073001,-0.872912327999928],[119.570755166,-0.872866208999943],[119.570802743,-0.872778983999986],[119.57084159,-0.872707763999925],[119.570907438,-0.872587042999953],[119.570955764,-0.872468422999934],[119.570991386,-0.87238098899996],[119.571028633,-0.87228956399997],[119.57107008,-0.872187829999973],[119.5710917,-0.872072521999935],[119.57110185,-0.872018388999954],[119.571114437,-0.871951258999963],[119.57117797,-0.871908619999954],[119.571215206,-0.871765723999948],[119.571257188,-0.871604617999935],[119.571297197,-0.87139752299993],[119.571306601,-0.871303724999971],[119.571315103,-0.871218916999966],[119.57133026,-0.871067729999938],[119.571342967,-0.871016778999947],[119.571379163,-0.870871644999972],[119.571405004,-0.870768030999961],[119.57141378,-0.870732838999978],[119.571423835,-0.870692522999957],[119.5714342,-0.870650959999989],[119.571435818,-0.870615837999939],[119.571438576,-0.870556001999943],[119.57144107,-0.870501864999943],[119.57144409,-0.870436331999945],[119.571448035,-0.870350720999962],[119.571450524,-0.870296715999932],[119.571453931,-0.870222764999937],[119.57145533,-0.870192409999959],[119.571456542,-0.870173181999977],[119.571457976,-0.870150429999973],[119.571459921,-0.870119570999983],[119.571462202,-0.87008338199997],[119.57146477,-0.87004263799997],[119.571466948,-0.870008083999958],[119.571468187,-0.869988421999955],[119.571473767,-0.869899896999925],[119.57147635,-0.869858919999954],[119.571485192,-0.869788266999936],[119.571495219,-0.869708142999971],[119.5715023,-0.869651563999985],[119.571510216,-0.869588307999953],[119.57151808,-0.869525469999937],[119.571531987,-0.86946160299994],[119.571544247,-0.869405300999974],[119.571558547,-0.869339632999929],[119.571568691,-0.869293046999922],[119.571584049,-0.869222519999942],[119.571596309,-0.869166217999972],[119.57161708,-0.869070829999939],[119.571623439,-0.869041629999974],[119.571644939,-0.86894289799995],[119.571657793,-0.868883868999955],[119.571674133,-0.868808835999977],[119.571690936,-0.868731669999933],[119.571706347,-0.868660900999943],[119.571714711,-0.868622493999968],[119.571725541,-0.868572761999929],[119.571736743,-0.868521317999981],[119.57174342,-0.868490656999939],[119.571755586,-0.868434785999977],[119.57176767,-0.868379289999948],[119.571779029,-0.868316718999951],[119.571786754,-0.86827416899996],[119.57179457,-0.868231114999969],[119.571800896,-0.868196270999932],[119.57181172,-0.868136649999942],[119.57182015,-0.868090231999932],[119.571829642,-0.868037963999941],[119.571836335,-0.868001108999983],[119.571841598,-0.867972127999968],[119.57185092,-0.867920799999974],[119.57185006,-0.867896850999961],[119.571848829,-0.867862562999966],[119.571847535,-0.867826509999937],[119.571846447,-0.867796227999981],[119.571844816,-0.867750805999958],[119.57184285,-0.867696039999939],[119.571842086,-0.867674761999975],[119.571840708,-0.867636397999948],[119.571838931,-0.867586900999932],[119.57183736,-0.86754317499999],[119.571836405,-0.867516558999969],[119.571834976,-0.867476771999976],[119.571832842,-0.867417359999938],[119.57183182,-0.867388910999983],[119.57183071,-0.867357989999965],[119.571830748,-0.867316021999955],[119.571837068,-0.867274307999941],[119.571843467,-0.867232071999983],[119.571849858,-0.86718989299994],[119.571853721,-0.867164395999968],[119.571870747,-0.867115019999982],[119.571889939,-0.867059363999941],[119.571908131,-0.867006606999948],[119.571934955,-0.866928817999969],[119.571960565,-0.866854547999941],[119.571987025,-0.866777814999977],[119.572006116,-0.866707476999978],[119.572021276,-0.866613483999973],[119.572039303,-0.866501716999955],[119.572054853,-0.866405300999931],[119.57206255,-0.866357583999962],[119.572068001,-0.866323787999929],[119.572075506,-0.866277254999939],[119.572073284,-0.866261148999963],[119.57206855,-0.866226827999984],[119.57206288,-0.866185717999942],[119.572058344,-0.866152828999939],[119.572053042,-0.866114392999976],[119.572043882,-0.866047980999959],[119.572036552,-0.865994837999951],[119.572025078,-0.865911646999959],[119.572016364,-0.865848470999944],[119.572001804,-0.86572228099994],[119.57198192,-0.865549958999963],[119.571972007,-0.865464042999986],[119.571934971,-0.865427006999939],[119.571890713,-0.865382748999938],[119.571832178,-0.865324213999943],[119.571796486,-0.865288521999955],[119.571774496,-0.865266531999965],[119.571736772,-0.865228807999927],[119.571712025,-0.865204060999925],[119.571691079,-0.865183114999987],[119.571652533,-0.865157417999972],[119.571611021,-0.865129742999953],[119.571582467,-0.865110706999931],[119.571545128,-0.86508581499993],[119.571513651,-0.865064829999942],[119.571407091,-0.865015648999924],[119.571275513,-0.864954919999953],[119.571177131,-0.864909512999928],[119.571129223,-0.864887401999973],[119.571024421,-0.864817533999944],[119.570937662,-0.864759694999976],[119.570863081,-0.864709973999945],[119.570733851,-0.86468228199994],[119.570690821,-0.864673060999967],[119.570609116,-0.864655552999975],[119.570543763,-0.864644281999979],[119.570478466,-0.86462755699996],[119.570449082,-0.864621259999977],[119.570361892,-0.864621259999977],[119.57031811,-0.864621259999977],[119.570271472,-0.864621259999977],[119.570138583,-0.864621259999977],[119.570049644,-0.864665728999978],[119.570008718,-0.864686192999958],[119.569952562,-0.864714269999984],[119.569903069,-0.864739015999934],[119.56986595,-0.864757575999933],[119.569797421,-0.864791839999962],[119.569724584,-0.864828258999977],[119.569691817,-0.864850599999951],[119.569640577,-0.864885536999972],[119.56956977,-0.864933813999933],[119.569494533,-0.864985111999942],[119.56944824,-0.865016674999935],[119.569399299,-0.865050043999926],[119.569255032,-0.865144130999969],[119.569127721,-0.865227158999972],[119.569059228,-0.865271828999943],[119.568984956,-0.86532841699994],[119.568899716,-0.865393361999962],[119.568855961,-0.865426698999959],[119.56882996,-0.865446508999986],[119.568786085,-0.865479937999962],[119.568748729,-0.865508399999954],[119.56869167,-0.865534076999955],[119.56861669,-0.865567816999948],[119.568589368,-0.865580111999983],[119.568453015,-0.865641470999949],[119.568227524,-0.86561641599997],[119.568053802,-0.865597113999968],[119.568009445,-0.865360542999955],[119.568020537,-0.865249624999944],[119.568032232,-0.865132677999949],[119.568038081,-0.865074193999934],[119.568038673,-0.865068267999967],[119.568053802,-0.865064829999942],[119.568105016,-0.865049766999966],[119.568153144,-0.865035611999925],[119.568194059,-0.865023577999976],[119.568242436,-0.865009349999979],[119.568305159,-0.864990901999937],[119.568338975,-0.864962721999972],[119.568349685,-0.86495379699995],[119.568360694,-0.864944622999938],[119.568374962,-0.864932732999929],[119.56839009,-0.864920125999966],[119.568404957,-0.864907736999949],[119.568421172,-0.864894224999947],[119.56845376,-0.864867067999973],[119.568482587,-0.864843044999929],[119.568509213,-0.864829731999975],[119.568551299,-0.864808688999981],[119.568586324,-0.864791175999926],[119.56862135,-0.864773662999939],[119.568649523,-0.864759576999975],[119.568689586,-0.864739544999965],[119.568737101,-0.864735500999929],[119.568747364,-0.864711951999938],[119.568750085,-0.864705709999962],[119.568757098,-0.864689617999945],[119.568760055,-0.864682832999973],[119.568766514,-0.864675786999961],[119.56877711,-0.864664227999931],[119.568783787,-0.864656943999942],[119.568789839,-0.864650340999968],[119.568812712,-0.864625388999971],[119.568911371,-0.864517759999964],[119.568980434,-0.864418001999984],[119.569044443,-0.864325545999976],[119.569058968,-0.864165766999982],[119.569074014,-0.864000260999943],[119.56908089,-0.863842113999976],[119.5690888,-0.863660190999947],[119.569070722,-0.863560765999989],[119.569051123,-0.863452972999944],[119.569040068,-0.863392164999941],[119.569029657,-0.863334905999984],[119.569012799,-0.86331415699994],[119.568969525,-0.863260896999983],[119.568933715,-0.863216823999949],[119.568899594,-0.863174828999944],[119.568860058,-0.863126168999941],[119.568837443,-0.863098334999961],[119.568822871,-0.863093780999979],[119.568784145,-0.863081678999948],[119.568600872,-0.863024405999968],[119.568346584,-0.863024405999968],[119.568311368,-0.863024405999968],[119.56829138,-0.863024405999968],[119.568255212,-0.863024405999968],[119.568216445,-0.863024405999968],[119.568196455,-0.863026904999975],[119.568169746,-0.863030242999975],[119.568122889,-0.863036100999983],[119.568066895,-0.863043099999971],[119.568010848,-0.86305121499993],[119.567906747,-0.86305210299998],[119.567599425,-0.863044222999975],[119.567570695,-0.863043485999923],[119.567483322,-0.86304451599995],[119.567441484,-0.863040172999947],[119.567403232,-0.86303919199998],[119.567340824,-0.863041591999954],[119.56730259,-0.86304306299997],[119.567218696,-0.863047633999941],[119.567168294,-0.863048227999977],[119.567073768,-0.86305186399995],[119.567018805,-0.863053977999928],[119.56698041,-0.863082773999967],[119.566946298,-0.863108357999976],[119.566917715,-0.86312979499997],[119.566873138,-0.86313219799997],[119.566828644,-0.863138873999953],[119.566796826,-0.863143647999947],[119.566748215,-0.863125684999944],[119.566711652,-0.863115712999955],[119.566658176,-0.863101128999978],[119.566634377,-0.863094637999952],[119.566613365,-0.863067621999962],[119.566593917,-0.86304261799996],[119.56655248,-0.862989341999945],[119.566530877,-0.862961566999952],[119.566279521,-0.862902424999963],[119.566220138,-0.862915620999957],[119.56615087,-0.862931013999973],[119.566013379,-0.862961566999952],[119.565982716,-0.862969232999954],[119.56591777,-0.862985468999975],[119.565865814,-0.862998457999938],[119.565812066,-0.863011894999945],[119.565776808,-0.863020709999953],[119.565692082,-0.863055227999955],[119.565641956,-0.863075649999932],[119.565589713,-0.863096933999945],[119.565522837,-0.863124179999942],[119.565377595,-0.86318335299996],[119.565170595,-0.863331208999964],[119.564958104,-0.863565666999935],[119.564760476,-0.863785253999942],[119.564579168,-0.863937421999933],[119.564525182,-0.863947543999936],[119.564483652,-0.863955330999945],[119.564404043,-0.863970257999939],[119.564259063,-0.864005645999954],[119.564150452,-0.864036677999938],[119.564032098,-0.864070492999934],[119.563898711,-0.864053281999932],[119.563853895,-0.864047498999983],[119.563697278,-0.864027289999971],[119.563573742,-0.86401134999995],[119.563392817,-0.863897080999955],[119.563292814,-0.863833921999974],[119.563163672,-0.863762893999935],[119.562997101,-0.86367127999995],[119.562849244,-0.863493851999976],[119.562783213,-0.863422318999937],[119.562671816,-0.863301637999941],[119.562569245,-0.863199066999927],[119.562479602,-0.863109423999964],[119.562405673,-0.862991138999978],[119.562315406,-0.86290087099997],[119.562243031,-0.86282849599997],[119.562188704,-0.862735363999958],[119.562139531,-0.862651067999942],[119.562021246,-0.862517996999943],[119.561976889,-0.862237068999951],[119.561967881,-0.862045656999963],[119.561962103,-0.861922873999954],[119.561987792,-0.861794431999953],[119.562017078,-0.861648002999981],[119.562036032,-0.861553231999948],[119.562065603,-0.861346231999971],[119.562124746,-0.861080089999972],[119.562155253,-0.860856374999965],[119.562169103,-0.860754804999944],[119.562169103,-0.86056927899995],[119.562169103,-0.86038516299994],[119.562243031,-0.860222520999973],[119.562337432,-0.86001273999995],[119.562376102,-0.859926806999964],[119.56250694,-0.85985204199995],[119.562686601,-0.859749378999935],[119.562838721,-0.859694062999956],[119.562916976,-0.859665606999953],[119.563011886,-0.859631093999951],[119.563174529,-0.859631093999951],[119.563425885,-0.859690235999952],[119.563560365,-0.859791095999979],[119.563662456,-0.859867663999983],[119.563795527,-0.859941592999978],[119.56395817,-0.860074663999973],[119.564109166,-0.860142351999966],[119.564312271,-0.86023339899998],[119.564386954,-0.860266877999954],[119.564667882,-0.860340805999956],[119.564789695,-0.86034797199995],[119.564919239,-0.860355591999967],[119.565155809,-0.860444305999982],[119.565238579,-0.860440166999982],[119.565276556,-0.860438268999929],[119.565341135,-0.860435039999966],[119.565451523,-0.860429519999971],[119.565544636,-0.860392274999931],[119.565673308,-0.860340805999956],[119.565776808,-0.860207734999958],[119.565821165,-0.860030306999927],[119.565821165,-0.859887528999942],[119.565821165,-0.859880066999946],[119.565821165,-0.859858974999953],[119.565821165,-0.859827756999959],[119.565821165,-0.85979935599994],[119.565821165,-0.859793872999945],[119.565821165,-0.859780319999982],[119.565821165,-0.859757476999969],[119.565820455,-0.859740859999931],[119.565818759,-0.859720505999981],[119.56581721,-0.859701916999949],[119.565814878,-0.859673938999947],[119.565812862,-0.859649740999944],[119.565810829,-0.859625353999957],[119.565808986,-0.859603235999937],[119.565807757,-0.859588490999964],[119.565807114,-0.859580770999973],[119.565806379,-0.859571950999969],[119.565808925,-0.859557946999934],[119.565811155,-0.859545684999948],[119.565825109,-0.859468938999953],[119.565865522,-0.85924666599994],[119.565880308,-0.859098808999934],[119.565954236,-0.858921380999965],[119.565979342,-0.858758190999941],[119.566037897,-0.858406191999967],[119.566071932,-0.85814422599998],[119.566087307,-0.857975097999945],[119.566060414,-0.857800293999958],[119.566057736,-0.857782883999968],[119.566046132,-0.857780707999961],[119.565998593,-0.857771794999963],[119.565936047,-0.857694814999956],[119.565815221,-0.857492080999985],[119.565688094,-0.857335616999935],[119.565510666,-0.857261688999932],[119.565109236,-0.857036251999949],[119.564862745,-0.856888883999947],[119.56471826,-0.856808774999935],[119.564549597,-0.856729403999963],[119.564460883,-0.856566761999946],[119.564357383,-0.85643369099995],[119.564327811,-0.856152762999953],[119.564327811,-0.855983956999978],[119.564327811,-0.855842263999944],[119.564460883,-0.855590906999968],[119.564593954,-0.855398692999922],[119.564728825,-0.855253446999945],[119.564883915,-0.855072224999961],[119.56505231,-0.854866408999961],[119.565190354,-0.854803661999937],[119.565377595,-0.854718551999953],[119.565584594,-0.854674194999986],[119.565730221,-0.854605213999952],[119.565865522,-0.854541123999987],[119.565853429,-0.854535351999971],[119.565841583,-0.85452969799997],[119.565833725,-0.854525947999948],[119.565822999,-0.854520828999973],[119.565808672,-0.854513990999985],[119.565795923,-0.854507906999972],[119.56578056,-0.854500573999931],[119.565765049,-0.854493170999944],[119.56575106,-0.854486494999946],[119.565740278,-0.854481348999971],[119.565728755,-0.854475848999926],[119.565706345,-0.854465152999982],[119.565696817,-0.854460605999981],[119.565689269,-0.854457003999933],[119.565678191,-0.854451715999977],[119.565665516,-0.854445666999945],[119.565672256,-0.854445104999979],[119.56568245,-0.85444425499998],[119.565696786,-0.854443060999937],[119.565762022,-0.854437623999959],[119.565762022,-0.854333441999925],[119.565762022,-0.854304552999963],[119.565673308,-0.854171481999977],[119.565649089,-0.854141208999972],[119.565630518,-0.854117993999984],[119.565612987,-0.854096079999987],[119.565590107,-0.854067479999974],[119.565555023,-0.854023624999967],[119.565538807,-0.85400092299995],[119.56552347,-0.853979451999987],[119.56551506,-0.853959089999937],[119.565514672,-0.853958149999924],[119.56549407,-0.853908269999977],[119.56537576,-0.853656499999944],[119.56525145,-0.853475449999964],[119.56522556,-0.853437739999958],[119.565155895,-0.85335580299994],[119.565123621,-0.853317843999957],[119.565107342,-0.853298696999958],[119.565096667,-0.853239984999959],[119.565065359,-0.853183061999971],[119.565023611,-0.853107156999964],[119.565004119,-0.853071715999939],[119.564963225,-0.852997363999978],[119.564934024,-0.852944270999966],[119.564794474,-0.852857051999934],[119.564787573,-0.852845758999938],[119.564777139,-0.85282868499997],[119.564766681,-0.852811571999957],[119.564754799,-0.852792129999955],[119.5647462,-0.852778057999966],[119.564730966,-0.852753129999939],[119.564720815,-0.852736518999966],[119.564712239,-0.852722485999949],[119.564704916,-0.852722892999962],[119.564690542,-0.852723690999934],[119.564683403,-0.85272408799995],[119.564678147,-0.852724379999934],[119.564668468,-0.852724917999981],[119.564658091,-0.852725493999978],[119.564654179,-0.852725711999936],[119.564629198,-0.852727098999939],[119.564599815,-0.85272873199995],[119.564588988,-0.852729332999959],[119.564562035,-0.852730829999934],[119.56455475,-0.85273123499996],[119.564521356,-0.852733089999957],[119.564501878,-0.85273417199994],[119.564493812,-0.852734619999986],[119.564484466,-0.852735139999939],[119.564475974,-0.852735610999963],[119.564468061,-0.852736050999974],[119.564458167,-0.852736599999956],[119.564446097,-0.852737270999971],[119.564440971,-0.852738552999938],[119.564420479,-0.852743675999931],[119.564401078,-0.852748684999946],[119.564392157,-0.852750987999974],[119.564354128,-0.852760263999929],[119.564312921,-0.85277056499997],[119.564281658,-0.85277838099995],[119.564235345,-0.852789958999956],[119.564209526,-0.852796413999954],[119.564179281,-0.852805486999957],[119.564149418,-0.85281444599997],[119.564131046,-0.852819957999942],[119.564105583,-0.852827596999929],[119.56406484,-0.852839819999929],[119.564056859,-0.852842213999965],[119.563913813,-0.852885127999969],[119.563795527,-0.853092127999964],[119.563730345,-0.853208007999973],[119.563662456,-0.853328698999975],[119.563565582,-0.853401354999967],[119.563465247,-0.853476605999957],[119.563451785,-0.853486701999947],[119.563441307,-0.853494559999948],[119.563425885,-0.853506126999955],[119.563416242,-0.853522519999963],[119.563412857,-0.853528273999934],[119.563406949,-0.853538317999959],[119.563377233,-0.853588835999971],[119.563339651,-0.853652724999961],[119.563307432,-0.853707496999966],[119.563288093,-0.85374037299994],[119.563278028,-0.853757482999923],[119.56327114,-0.853826358999935],[119.563259106,-0.853946702999966],[119.563253486,-0.854002902999979],[119.563251329,-0.854024480999962],[119.563249732,-0.854040445999941],[119.563248457,-0.854053196999927],[119.563248457,-0.854063178999989],[119.563248457,-0.854068718999939],[119.563248457,-0.854085012999978],[119.563248457,-0.854095383999957],[119.563248457,-0.854100089999985],[119.563248457,-0.854105129999942],[119.563248457,-0.854109774999938],[119.563248457,-0.854114876999977],[119.563248464,-0.854115113999972],[119.563248457,-0.85411694699997],[119.563248457,-0.854119278999975],[119.563248457,-0.854120896999978],[119.563248457,-0.854122062999986],[119.563248457,-0.854122414999949],[119.563248457,-0.854123299999976],[119.563248457,-0.854124327999951],[119.563248457,-0.854125764999941],[119.563248457,-0.854173059999943],[119.563248457,-0.85423062499996],[119.5633076,-0.854496766999952],[119.5633076,-0.854549604999931],[119.5633076,-0.854615848999971],[119.5633076,-0.854659409999962],[119.563309984,-0.854680866999968],[119.563312389,-0.854702511999961],[119.563316094,-0.854735856999986],[119.563320189,-0.854779519999971],[119.563324349,-0.854810151999967],[119.563327144,-0.854835306999975],[119.56332887,-0.854855176999943],[119.563337171,-0.854925551999945],[119.563334689,-0.854950376999971],[119.563331149,-0.854985771999964],[119.563327131,-0.85502595399993],[119.563323829,-0.855058974999969],[119.563321484,-0.855082420999969],[119.563320395,-0.855093313999929],[119.563308426,-0.855213006999983],[119.563292814,-0.855369121999957],[119.563200991,-0.855378303999944],[119.563115549,-0.855386847999973],[119.562997101,-0.855398692999922],[119.56276053,-0.855369121999957],[119.562653609,-0.855299938999969],[119.562584478,-0.855255206999971],[119.562538295,-0.855225323999948],[119.562509173,-0.855206479999937],[119.562425328,-0.855087698999971],[119.56240806,-0.855063235999977],[119.562331745,-0.854955122999976],[119.562317726,-0.854974445999974],[119.562288388,-0.855014884999946],[119.561936967,-0.85492702999995],[119.561653082,-0.854761430999924],[119.561463826,-0.854477545999938],[119.561534797,-0.854288288999956],[119.561611294,-0.854230915999948],[119.561818682,-0.854075374999987],[119.561848915,-0.854056339999945],[119.561848041,-0.853876615999979],[119.561984282,-0.853649547999972],[119.562055253,-0.853389319999965],[119.562065531,-0.853300243999973],[119.562074471,-0.85322276899996],[119.562077644,-0.853195261999939],[119.562087232,-0.853112171999963],[119.562103113,-0.85297453099997],[119.562106917,-0.852941561999953],[119.562115727,-0.852865213999965],[119.562126224,-0.852774235999958],[119.562030111,-0.852485895999969],[119.561960625,-0.852277436999941],[119.561812666,-0.852062223999953],[119.561700397,-0.851898923999964],[119.561546657,-0.851721531999944],[119.561501603,-0.851669545999929],[119.561392855,-0.851544066999962],[119.561361154,-0.851475380999951],[119.561349155,-0.851449383999973],[119.561335815,-0.851420479999957],[119.561302252,-0.851347761999934],[119.561267052,-0.851271494999942],[119.561250912,-0.851236524999938],[119.56122385,-0.851197435999953],[119.561187988,-0.851145633999973],[119.561125334,-0.851055134999966],[119.561100271,-0.851018932999983],[119.561092317,-0.851007442999958],[119.561063946,-0.850966462999967],[119.561046636,-0.850941459999956],[119.561032731,-0.85091610699994],[119.561002221,-0.850841526999938],[119.560973061,-0.850770247999954],[119.560964906,-0.850750312999941],[119.560867995,-0.850513416999949],[119.560825085,-0.85040852699996],[119.560825085,-0.850120964999976],[119.560779727,-0.849481915999948],[119.560688788,-0.848813934999953],[119.56075642,-0.848663454999959],[119.560847151,-0.848461580999921],[119.560960509,-0.848209359999941],[119.561078755,-0.848077646999965],[119.561264879,-0.847870322999945],[119.561470275,-0.847741275999974],[119.561672952,-0.847613936999948],[119.561973749,-0.847533657999975],[119.564608943,-0.846830356999937],[119.566135604,-0.846933847999931],[119.56765364,-0.847490112999944],[119.56868345,-0.848450008999983],[119.570757406,-0.849066523999969],[119.585162993,-0.846810641999984],[119.591749263,-0.84488653899996],[119.601205682,-0.83968149599997],[119.60420273,-0.836576973999977],[119.6063712,-0.835492853999939],[119.610929916,-0.835911717999982],[119.613889251,-0.834046456999943],[119.614587762,-0.832253519999945],[119.615695644,-0.831542756999973],[119.616954839,-0.829426339999947],[119.617424842,-0.827507142999931],[119.618207306,-0.825763846999958],[119.618830467,-0.82487095599993],[119.619157489,-0.824402385999984],[119.619803742,-0.82239277599996],[119.62008732,-0.819447022999956],[119.620165476,-0.817678547999947],[119.619651451,-0.810680639999939],[119.620617715,-0.805303704999975],[119.622697283,-0.800115797999986],[119.625087058,-0.799020799999939],[119.62730705,-0.797040849999975],[119.627483915,-0.796926215999977],[119.627915563,-0.796646444999968],[119.627918711,-0.796644404999942],[119.628722427,-0.796175838999953],[119.629994756,-0.795434073999961],[119.630236601,-0.795295107999948],[119.630236627,-0.795295091999948],[119.630410624,-0.795195115999941],[119.630788826,-0.794993314999952],[119.63088538,-0.794941799999947],[119.631375287,-0.794715581999977],[119.632007514,-0.794464702999958],[119.63211373,-0.794422542999938],[119.632339262,-0.794333059999932],[119.632378479,-0.794317497999944],[119.632391099,-0.794312030999946],[119.632527353,-0.794253007999953],[119.632633808,-0.794206874999938],[119.632708658,-0.794174445999945],[119.632711677,-0.794173135999924],[119.632713487,-0.79417235999995],[119.632718368,-0.794170407999957],[119.632722955,-0.794168575999953],[119.632778369,-0.794146438999975],[119.632778423,-0.794146415999934],[119.633191203,-0.793981512999955],[119.633208217,-0.793974717999956],[119.633212588,-0.793972942999972],[119.633231386,-0.793964732999937],[119.633678142,-0.793769619999989],[119.633804101,-0.793716052999977],[119.634204134,-0.79354809499995],[119.634904474,-0.79324593899998],[119.635842271,-0.792853976999936],[119.637165499,-0.792299139999965],[119.637379424,-0.792205300999967],[119.637705494,-0.792061061999963],[119.63865742,-0.791619989999964],[119.639128879,-0.791357590999958],[119.639573004,-0.791024012999978],[119.640028377,-0.790676656999949],[119.640344298,-0.790429632999981],[119.64068588,-0.790163629999949],[119.64117091,-0.789955450999975],[119.641710659,-0.789882810999925],[119.642252009,-0.789864353999977],[119.64279008,-0.789873002999974],[119.64333547,-0.789890799999972],[119.643871969,-0.789881419999973],[119.64440273,-0.789790709999983],[119.64492659,-0.789645770999929],[119.645420914,-0.789427712999959],[119.645421147,-0.789428214999933],[119.655767431,-0.781441464999946],[119.660347464,-0.779276320999942],[119.662434955,-0.777099217999938],[119.663014022,-0.776444209999971],[119.663271873,-0.776450575999942],[119.66344548,-0.776506060999966],[119.664093764,-0.776667723999939],[119.664451927,-0.776009363999953],[119.664706874,-0.775763488999933],[119.664968895,-0.775312272999938],[119.665149049,-0.775114977999981],[119.665273441,-0.774737546999972],[119.66524556,-0.774574565999962],[119.665286309,-0.774463052999981],[119.665490055,-0.774411584999939],[119.665656268,-0.774285059999956],[119.665813903,-0.774283987999985],[119.666039632,-0.774315082999981],[119.666054759,-0.774335232999938],[119.666055117,-0.77433457799998],[119.666297263,-0.774392551999942],[119.66659752,-0.774229570999979],[119.666653281,-0.773812465999926],[119.666558915,-0.773766359999975],[119.66647038,-0.773693434999927],[119.666399136,-0.773570137999966],[119.666304769,-0.772935366999953],[119.666115007,-0.772536416999974],[119.665970027,-0.772231559999972],[119.665669941,-0.771502842999953],[119.665341675,-0.771275426999987],[119.665026851,-0.771030492999955],[119.664687672,-0.770799448999984],[119.664293049,-0.770722245999934],[119.663842664,-0.770786580999926],[119.663482356,-0.771035342999937],[119.663160652,-0.771451374999973],[119.662838948,-0.771734448999953],[119.662491508,-0.77182880699997],[119.662307065,-0.771798783999942],[119.662221277,-0.771520000000001],[119.662397142,-0.771224058999961],[119.662607322,-0.771052499999942],[119.663087732,-0.77011320899993],[119.6633837,-0.769716477999967],[119.663845206,-0.769480907999942],[119.664093991,-0.76927503699994],[119.664733109,-0.768623108999985],[119.665264992,-0.768558773999935],[119.665599564,-0.768357190999952],[119.665809744,-0.768357190999952],[119.667076637,-0.76764754199997],[119.66863939,-0.76518998999996],[119.66917983,-0.76511163999993],[119.66941769,-0.764569239999959],[119.669801449,-0.764514779999962],[119.670057779,-0.76469536999998],[119.670586219,-0.764839630999979],[119.67113241,-0.764875440999957],[119.67165843,-0.76495645099993],[119.67189801,-0.765164160999977],[119.672862342,-0.766606692999976],[119.673045996,-0.766674559999957],[119.673237635,-0.766558787999949],[119.673225658,-0.764898062999979],[119.675006306,-0.764466913999977],[119.676531434,-0.765712457999948],[119.676715088,-0.766750409999928],[119.676930683,-0.767021873999971],[119.67758545,-0.766934047999949],[119.67965268,-0.76908149099996],[119.67993488,-0.769027090999948],[119.680226224,-0.76886526299996],[119.68115178,-0.767618320999924],[119.682202177,-0.765618764999947],[119.68158639,-0.763210910999933],[119.681169515,-0.762494707999965],[119.680836016,-0.760395361999947],[119.680206916,-0.758978111999976],[119.68044188,-0.756484663999974],[119.682295543,-0.754624712999942],[119.6826945,-0.754366809999971],[119.68319129,-0.754140570999933],[119.68363956,-0.75383301999995],[119.684040029,-0.753471280999974],[119.684266089,-0.750766219999954],[119.685094686,-0.750873135999942],[119.685156526,-0.750859000000006],[119.68517181,-0.750885910999962],[119.686961179,-0.75094208999997],[119.68801299,-0.75105487099995],[119.689023489,-0.751163219999974],[119.68924909,-0.751244169999949],[119.68970028,-0.751406069999971],[119.6912463,-0.752002770999988],[119.69276569,-0.752073119999987],[119.69308271,-0.752105169999948],[119.69364831,-0.752162350999926],[119.694207389,-0.751915699999934],[119.694368849,-0.751922100999937],[119.694660919,-0.75193367999999],[119.69877556,-0.752096799999947],[119.69903834,-0.752109710999948],[119.70060546,-0.752186730999936],[119.70270584,-0.752121520999944],[119.70302947,-0.752121318999978],[119.703714529,-0.752120889999964],[119.70421679,-0.75207460999997],[119.70476433,-0.752057609999954],[119.70499038,-0.752003329999979],[119.70559694,-0.751857679999942],[119.70672645,-0.751586459999941],[119.70873885,-0.75180397799994],[119.708739069,-0.751804000999929],[119.7088071,-0.751811079999927],[119.70902579,-0.75182847899993],[119.709257959,-0.751846949999956],[119.70965285,-0.751881990999953],[119.709898901,-0.751906595999967],[119.71002066,-0.751918769999979],[119.71002509,-0.751926950999972],[119.7100288,-0.751933810999963],[119.710039678,-0.751953902999966],[119.71011829,-0.751807909999966],[119.71118045,-0.754061009999926],[119.711184699,-0.754068869999969],[119.711607388,-0.755650334999931],[119.7120058,-0.757140970999958],[119.712048511,-0.757446709999949],[119.712058679,-0.757519490999926],[119.7122009,-0.758537409999971],[119.712223969,-0.758682109999942],[119.71225813,-0.758931319999938],[119.71225732,-0.758941269999992],[119.712263238,-0.75898362999994],[119.712278936,-0.759095987999966],[119.712277651,-0.759097114999977],[119.711108634,-0.759185294999964],[119.710564437,-0.759185294999964],[119.710302416,-0.759185294999964],[119.709959773,-0.75938684999994],[119.709738063,-0.759689181999939],[119.709496198,-0.759971357999974],[119.709334954,-0.760213222999947],[119.7091334,-0.760455088999946],[119.708810913,-0.760757420999947],[119.708327182,-0.761402394999946],[119.707944228,-0.762390011999972],[119.707924073,-0.762994675999955],[119.707850752,-0.764078422999942],[119.707336747,-0.771675865999954],[119.70737992,-0.771730118999936],[119.7077094,-0.771729910999968],[119.708180109,-0.771776989999974],[119.708296474,-0.771806616999924],[119.70929393,-0.772060570999939],[119.709178359,-0.772162449999946],[119.70856906,-0.77303259999997],[119.708534359,-0.773078259999975],[119.70849416,-0.773131149999927],[119.708465419,-0.773180604999944],[119.70837434,-0.773310679999963],[119.708161217,-0.773886218999974],[119.708029469,-0.774242],[119.707839452,-0.774755130999951],[119.707574339,-0.77547106999999],[119.707289414,-0.775805103999971],[119.70650317,-0.776726869999959],[119.70641377,-0.776831679999942],[119.706309455,-0.776953980999964],[119.702741952,-0.779702997999957],[119.697102803,-0.784048370999932],[119.69709534,-0.784054119999953],[119.697022498,-0.784106972999951],[119.696923421,-0.784178861999984],[119.696827929,-0.784248150999932],[119.695544938,-0.785179070999967],[119.692839563,-0.787142051999987],[119.692582744,-0.78732839499998],[119.690268077,-0.789007887999961],[119.689204189,-0.789779829999936],[119.689053701,-0.789818765999941],[119.68854998,-0.789949094999942],[119.688258141,-0.790024605999973],[119.68787731,-0.790123139999931],[119.69187236,-0.792291859999984],[119.69187238,-0.792291879999946],[119.69211365,-0.792429020999975],[119.69438012,-0.793717299999975],[119.70087685,-0.797642179999976],[119.70112845,-0.797794180999972],[119.701128549,-0.797794239999969],[119.70326824,-0.799097109999939],[119.70639048,-0.800837770999986],[119.706504219,-0.800902202999964],[119.707568719,-0.80150524299995],[119.70758788,-0.801516100999949],[119.707632883,-0.801540975999955],[119.70845966,-0.801998000999957],[119.708511269,-0.80200427099993],[119.70861645,-0.802078750999952],[119.708646758,-0.802095643999964],[119.709246888,-0.802430213999976],[119.710011189,-0.80285631099998],[119.71243596,-0.804389026999963],[119.71512132,-0.806086460999948],[119.719125,-0.808416170999978],[119.719188988,-0.808497421999969],[119.71960519,-0.809025920999953],[119.720477174,-0.810133153999972],[119.720488908,-0.810148052999977],[119.720544789,-0.810219009999976],[119.722092396,-0.812184144999952],[119.722129129,-0.812230790999933],[119.722875479,-0.812385700999932],[119.723015239,-0.812414707999951],[119.72365647,-0.812547799999958],[119.72620276,-0.812675518999935],[119.72886992,-0.812809299999975],[119.731818789,-0.812754280999977],[119.7328751,-0.812881150999946],[119.733341367,-0.812937151999967],[119.733794104,-0.812991530999966],[119.73670228,-0.813470719999943],[119.73771133,-0.81372392099997],[119.73772564,-0.81372752099998],[119.73774819,-0.813733169999979],[119.737751837,-0.813735386999958],[119.73792116,-0.813838320999939],[119.739765569,-0.814959559999979],[119.7403024,-0.815287549999942],[119.74157429,-0.816064659999941],[119.74443793,-0.817234899999964],[119.74456356,-0.817286240999977],[119.74685887,-0.818224230999937],[119.746973449,-0.81827105999998],[119.74731603,-0.818368430999958],[119.748939849,-0.818829980999973],[119.75125335,-0.819506140999981],[119.75145337,-0.819749629999939],[119.75357562,-0.822333050999934],[119.75535341,-0.825415189999954],[119.75671747,-0.827780029999936],[119.756757849,-0.827856439999959],[119.75789862,-0.830014819999981],[119.758498449,-0.831149699999979],[119.75881345,-0.831745690999987],[119.75947358,-0.832889773999965],[119.75951676,-0.832964609999972],[119.75980577,-0.833465499999937],[119.759824122,-0.833497308999943],[119.76000853,-0.833816919999946],[119.76004008,-0.833871600999942],[119.75997522,-0.83399574999993],[119.75961722,-0.834990749999969],[119.75970722,-0.836164749999969],[119.75981807,-0.836470799999969],[119.76006722,-0.837158749999957],[119.76051722,-0.838062759999966],[119.76090132,-0.83851312999997],[119.76159522,-0.839326759999947],[119.7622847,-0.840066399999965],[119.76294223,-0.840771759999936],[119.76384123,-0.841764759999934],[119.76509823,-0.842667759999929],[119.76565796,-0.843354799999927],[119.76590723,-0.84366076999993],[119.76609589,-0.843874099999934],[119.76642635,-0.844247759999978],[119.766450338,-0.844274879999945],[119.76596237,-0.844567838999975],[119.765925481,-0.844589980999958],[119.76555547,-0.844812118999929],[119.76532271,-0.844951858999932],[119.76503671,-0.845114858999982],[119.76489486,-0.845080238999972],[119.76484411,-0.845203138999974],[119.76484907,-0.845257398999937],[119.7648136,-0.845508068999948],[119.76467007,-0.846522398999991],[119.764492069,-0.847517398999967],[119.764430695,-0.847744185999942],[119.76422307,-0.848511398999966],[119.763864069,-0.849324399999955],[119.763310869,-0.850441398999976],[119.763032589,-0.851002409999979],[119.762968069,-0.851252948999964],[119.762968069,-0.851669638999969],[119.76299419,-0.851977358999936],[119.76323907,-0.853120408999925],[119.763868069,-0.854656408999971],[119.76467707,-0.855921409999954],[119.764929109,-0.856355769999938],[119.76524704,-0.85690368999997],[119.76529981,-0.856984088999985],[119.7653988,-0.857067528999948],[119.766384069,-0.857727418999961],[119.76656171,-0.857866368999963],[119.76719207,-0.858359419999942],[119.76764207,-0.858810419999947],[119.768271069,-0.860256418999944],[119.76839018,-0.860734188999974],[119.76845119,-0.861093978999985],[119.76845161,-0.861513198999944],[119.76845207,-0.861972418999922],[119.76836307,-0.862605428999931],[119.76809407,-0.863509429999971],[119.76791701,-0.864044539999953],[119.76784514,-0.864261758999925],[119.767843639,-0.864310158999955],[119.767878049,-0.864340278999972],[119.767982319,-0.864375428999954],[119.76805576,-0.864400178999972],[119.76808774,-0.864405688999972],[119.76813521,-0.864405278999922],[119.76854307,-0.864322428999977],[119.76873851,-0.864289429999927],[119.769019839,-0.864241928999952],[119.76907958,-0.864223118999975],[119.76914919,-0.864186258999947],[119.76956938,-0.86390352999996],[119.769620069,-0.863869428999978],[119.7697165,-0.863857208999947],[119.769871422,-0.863837570999979],[119.76972419,-0.864282539999982],[119.76965232,-0.864499759999941],[119.76965082,-0.864548159999971],[119.76968523,-0.864578279999939],[119.7697895,-0.864613429999971],[119.76986294,-0.86463817999994],[119.76989492,-0.864643689999976],[119.76994239,-0.86464327999994],[119.77035025,-0.864560429999931],[119.77054569,-0.864527429999951],[119.77082702,-0.864479929999963],[119.77088676,-0.864461119999931],[119.77095637,-0.864424259999965],[119.771340439,-0.864165832999962],[119.771527899,-0.864417408999939],[119.77161769,-0.864552590999955],[119.7718458,-0.864896029999956],[119.772483271,-0.865142720999929],[119.7714935,-0.866717589999947],[119.77078451,-0.867656769999943],[119.77011473,-0.868544009999935],[119.7679263,-0.870145119999962],[119.76790732,-0.870175309999979],[119.76710226,-0.871456049999954],[119.76704738,-0.872024559999945],[119.76667912,-0.875839149999943],[119.766562265,-0.881014498999948],[119.76653282,-0.882318559999936],[119.76863176,-0.886970869999973],[119.76845497,-0.892374589999975],[119.76842961,-0.893149619999974],[119.76842687,-0.893233429999961],[119.769852287,-0.893716987999931],[119.77098239,-0.893900209999979],[119.77201112,-0.893899419999975],[119.77271589,-0.894048809999965],[119.77409263,-0.894340629999933],[119.774950342,-0.894818066999967],[119.77571384,-0.895243059999933],[119.77599272,-0.895537529999956],[119.77645363,-0.896023239999987],[119.77700775,-0.896606599999937],[119.777826844,-0.896787561999933],[119.778930868,-0.897031472999968],[119.78007398,-0.89728401999997],[119.78140086,-0.897577169999982],[119.78126494,-0.898159649999969],[119.781118905,-0.898785496999955],[119.78104131,-0.899118038999972],[119.781039694,-0.899124963999946],[119.781029951,-0.89916671999993],[119.781466489,-0.900424199999976],[119.781799143,-0.901382434999966],[119.782095243,-0.90223537399993],[119.782447591,-0.903250339999945],[119.782915667,-0.903445104999949],[119.783142065,-0.90353930899994],[119.783775872,-0.903803033999965],[119.78455308,-0.904126427999931],[119.783795997,-0.904276397999979],[119.783150587,-0.90440424699995],[119.782436489,-0.904545702999942],[119.781351735,-0.904760581999944],[119.779805079,-0.905066958999961],[119.77892108,-0.905242071999975],[119.777286819,-0.905565806999955],[119.776978602,-0.905626862999956],[119.776325836,-0.905756170999952],[119.77483482,-0.906051528999978],[119.774182923,-0.906599178999961],[119.77333826,-0.907308768999947],[119.77273995,-0.907313486999951],[119.77206742,-0.907318788999934],[119.771286915,-0.907217706999976],[119.770447451,-0.907108985999978],[119.77033337,-0.907094208999979],[119.76917709,-0.906878218999963],[119.768316446,-0.907244977999946],[119.76756254,-0.907566249999947],[119.76663948,-0.908129328999965],[119.76606445,-0.908480108999932],[119.76525768,-0.908941598999953],[119.76441845,-0.908789208999968],[119.76282953,-0.908500678999938],[119.762000309,-0.908256280999981],[119.76134748,-0.908063869999979],[119.76016897,-0.907716528999971],[119.759931623,-0.907726710999961],[119.75861745,-0.907783078999963],[119.75716557,-0.907845349999942],[119.75381983,-0.90899558899997],[119.75290097,-0.909382798999965],[119.7516285,-0.909919028999986],[119.75153493,-0.910048179999939],[119.75088176,-0.910949799999967],[119.74892725,-0.913228578999967],[119.74869817,-0.913641709999984],[119.747092469,-0.916537468999946],[119.7468139,-0.917005228999922],[119.74560103,-0.919041828999983],[119.74482324,-0.918742788999965],[119.74386519,-0.918374439999991],[119.742242909,-0.917246088999949],[119.74061734,-0.915313449999928],[119.739574089,-0.91452803899995],[119.73910878,-0.913904048999946],[119.73864467,-0.913281669999942],[119.73833165,-0.91242987999994],[119.737476021,-0.910101579999949],[119.73631493,-0.908737888999957],[119.733762589,-0.906254678999976],[119.73271281,-0.90386972999995],[119.73181479,-0.902058408999952],[119.731046729,-0.900509238999973],[119.73056264,-0.900807828999969],[119.72791571,-0.903322098999984],[119.726466869,-0.905040982999941],[119.7237769,-0.90823231899998],[119.71784685,-0.916903348999938],[119.716944473,-0.918287221999951],[119.71686994,-0.918405276999977],[119.715958596,-0.919834166999973],[119.71336615,-0.923898845999929],[119.712814375,-0.924947063999975],[119.712129219,-0.926248665999941],[119.71183852,-0.926800924999954],[119.711660483,-0.927038710999973],[119.71159951,-0.927149888999966],[119.708822732,-0.930858609999973],[119.70781705,-0.93220181899995],[119.7060911,-0.933911179999945],[119.70540403,-0.935393798999936],[119.70402006,-0.935973258999989],[119.6950212,-0.939197478999971],[119.69375077,-0.939315948999934],[119.693749359,-0.939315622999973],[119.690105436,-0.938480694999953],[119.689355999,-0.938316234999941],[119.689355274,-0.938316382999979],[119.682048404,-0.939879891999967],[119.682048146,-0.939879954999988],[119.680117998,-0.940078645999969],[119.672478355,-0.940865103999957],[119.672478206,-0.940865125999955],[119.672478183,-0.940865137999934],[119.672472372,-0.940866271999942],[119.672459572,-0.940868770999945],[119.670152261,-0.943157030999951],[119.669413412,-0.943860890999929],[119.668367322,-0.944857441999941],[119.667574586,-0.945751577999951],[119.667329972,-0.946027480999938],[119.666769752,-0.946659371999943],[119.666683162,-0.946757041999945],[119.666671182,-0.946772319999985],[119.666632711,-0.946821360999936],[119.666629701,-0.946825200999974],[119.666629302,-0.946825710999983],[119.666328702,-0.947208961999933],[119.665591346,-0.948149075999943],[119.665591226,-0.948149214999939],[119.665590218,-0.948149547999948],[119.663706211,-0.948756190999977],[119.662614955,-0.949154673999949],[119.661904618,-0.950067638999943],[119.661890081,-0.950086318999981],[119.6615244,-0.950556318999933],[119.661163659,-0.950857936999971],[119.661151059,-0.950868469999934],[119.660929341,-0.951053848999948],[119.66090162,-0.951052018999979],[119.660897559,-0.951051750999963],[119.65795213,-0.950857329999962],[119.6554845,-0.95068268099993],[119.65548087,-0.950682426999954],[119.65517335,-0.950660659999928],[119.65428061,-0.951158418999971],[119.654250008,-0.95126135299995],[119.654017131,-0.952044670999953],[119.65400937,-0.952070779999933],[119.653871521,-0.952534458999943],[119.65368669,-0.953156169999941],[119.653506388,-0.955260788999964],[119.653501285,-0.955320327999971],[119.653500532,-0.955329119999936],[119.653496872,-0.955371849999953],[119.65349002,-0.955451848999934],[119.653154158,-0.955997237999956],[119.653128619,-0.956038708999924],[119.65301328,-0.956225998999975],[119.652994449,-0.956256579999946],[119.65081693,-0.956620568999938],[119.650758215,-0.956918390999933],[119.650737852,-0.957021689999976],[119.65041615,-0.958653538999966],[119.650326026,-0.960775824999936],[119.65022118,-0.963244769999956],[119.64932975,-0.965441587999978],[119.64798375,-0.969426867999977],[119.647943601,-0.969545728999953],[119.64822623,-0.97215916899995],[119.648327839,-0.973098719999941],[119.648343419,-0.973241778999987],[119.64837256,-0.973423978999962],[119.64874232,-0.975735828999977],[119.64963663,-0.977235358999972],[119.65003419,-0.978030349999929],[119.650519815,-0.979573929999964],[119.650532419,-0.979613998999988],[119.65063113,-0.979927758999972],[119.650541496,-0.981065839999926],[119.650535219,-0.981145519999935],[119.650465026,-0.982036739999953],[119.65043466,-0.982422278999942],[119.650327602,-0.983513109999931],[119.650320918,-0.983581267999969],[119.650297278,-0.983822127999926],[119.650290432,-0.983891858999931],[119.650288499,-0.983911589999942],[119.65023774,-0.984428768999978],[119.650544169,-0.985964279999965],[119.65055172,-0.986002118999978],[119.65063626,-0.986425749999977],[119.63171791,-0.974005019999942],[119.63124354,-0.975559869999933],[119.631185089,-0.976879419999937],[119.6316615,-0.977954530999975],[119.632732279,-0.978794189999971],[119.63326798,-0.979688499999958],[119.63326887,-0.980827240999933],[119.63353792,-0.982770130999943],[119.634253709,-0.985761029999934],[119.63383838,-0.986836840999952],[119.632887879,-0.987678100999976],[119.63063003,-0.989234389999989],[119.628669019,-0.990257210999977],[119.62811605,-0.990493112999966],[119.62629183,-0.991271339999978],[119.623796029,-0.992656100999974],[119.61981508,-0.995352540999933],[119.61767572,-0.996429750999944],[119.617033211,-0.996854760999955],[119.61577429,-0.99768752099994],[119.6145864,-0.999062219999933],[119.614111799,-1.00031886099993],[119.61375634,-1.00187364999994],[119.6132824,-1.00403407099998],[119.612819302,-1.00526007099996],[119.612807819,-1.00529046999999],[119.6128078,-1.00529051099995],[119.612463731,-1.00517864899996],[119.612226069,-1.00510138099998],[119.6122246,-1.00510072999992],[119.61219079,-1.00508574099997],[119.6102523,-1.00422630099996],[119.60884163,-1.00406680999993],[119.608706119,-1.00405147899995],[119.608502969,-1.00402849299997],[119.6077724,-1.00394584099996],[119.606506809,-1.00380271999996],[119.60636401,-1.00378656999994],[119.60361206,-1.00295729099997],[119.60292477,-1.00323571999997],[119.60206961,-1.00358214099992],[119.60085467,-1.00341139099993],[119.600754219,-1.00337687999996],[119.59988357,-1.00307776999995],[119.59960429,-1.00324883999997],[119.59923349,-1.00347595999996],[119.598927759,-1.00411821999996],[119.59874285,-1.00450667099995],[119.59861699,-1.00483294999998],[119.59825115,-1.00578140999995],[119.59771455,-1.00577585999998],[119.5974408,-1.00577302999994],[119.59566015,-1.00519602099996],[119.594246659,-1.00529564999994],[119.59371451,-1.00533314999996],[119.593466509,-1.00510869999995],[119.592826509,-1.00452947999997],[119.591533909,-1.00355440999994],[119.59055332,-1.00343362999996],[119.59007583,-1.00337482099996],[119.58987903,-1.00356768999995],[119.58918059,-1.00425221999996],[119.58917278,-1.00610274099995],[119.5891722,-1.00624058099994],[119.58884088,-1.00791288099993],[119.588563299,-1.00865530099998],[119.588512999,-1.00878981999994],[119.587782879,-1.00894405099996],[119.58745844,-1.00901662099995],[119.5853557,-1.00796085099995],[119.583243489,-1.00913748999994],[119.580808839,-1.00990767099996],[119.57934472,-1.01117417099994],[119.578966681,-1.01159404199996],[119.577634599,-1.01307353099998],[119.577550399,-1.01327540099994],[119.57724616,-1.01400476099997],[119.57528437,-1.01828713099997],[119.574952459,-1.01769774999998]],[[119.626624268,-0.917866315999956],[119.626424391,-0.917637886999964],[119.626272107,-0.917409457999956],[119.626043679,-0.917085851999961],[119.625824768,-0.916857423999946],[119.625558269,-0.916838388999968],[119.625329841,-0.916857423999946],[119.625206109,-0.916743209999933],[119.624958645,-0.91670513899993],[119.624739735,-0.916638512999957],[119.624482752,-0.916781281999925],[119.624282878,-0.916876459999972],[119.624168662,-0.916990673999986],[119.624121075,-0.917342833999958],[119.623959272,-0.917380905999951],[119.623740359,-0.917152475999961],[119.6236547,-0.916847904999952],[119.623464343,-0.916600441999956],[119.62317611,-0.916640256999932],[119.622947683,-0.916914371999948],[119.622871541,-0.917218941999981],[119.623054283,-0.917645341999968],[119.623374083,-0.918041283999971],[119.623434996,-0.918284940999969],[119.62329794,-0.918711339999964],[119.623221797,-0.919061596999949],[119.623404539,-0.919487995999942],[119.623891853,-0.919625052999951],[119.624409624,-0.91970119599995],[119.624851251,-0.919960081999933],[119.625094908,-0.920447394999936],[119.624957852,-0.920919481999936],[119.624698967,-0.921300193999979],[119.624409624,-0.92174182299993],[119.624211653,-0.922092079999969],[119.624150738,-0.923295133999946],[119.624394395,-0.923980418999975],[119.624622824,-0.924863674999925],[119.62497308,-0.925609873999977],[119.625216737,-0.926416987999973],[119.625094908,-0.927026128999954],[119.624805566,-0.927650500999961],[119.624287796,-0.928122583999943],[119.624211653,-0.928510912999971],[119.62420023,-0.929070561999934],[119.624154546,-0.929367518999926],[119.624291602,-0.929573104999981],[119.62458856,-0.92959594699994],[119.62483983,-0.929538838999971],[119.624954045,-0.929413203999955],[119.624965465,-0.929287569999929],[119.625102523,-0.929150511999988],[119.625319528,-0.929219040999959],[119.625787806,-0.929390360999956],[119.6260505,-0.929607369999924],[119.626815735,-0.929721582999949],[119.627935033,-0.929835795999973],[119.629305603,-0.929972852999935],[119.629876674,-0.929892902999949],[119.630607644,-0.929961432999956],[119.631110186,-0.930429710999937],[119.63146425,-0.930692402999964],[119.632103849,-0.930738087999947],[119.632880505,-0.930669560999945],[119.633531526,-0.930521082999977],[119.634114018,-0.930155595999965],[119.634342445,-0.929858638999984],[119.634353867,-0.929573104999981],[119.63421681,-0.929298989999953],[119.634114018,-0.929002032999967],[119.63396554,-0.928408119999971],[119.633862746,-0.928031212999935],[119.633554369,-0.927620041999951],[119.633154619,-0.927334507999954],[119.632937612,-0.927186029999972],[119.632720604,-0.926957601999959],[119.63275487,-0.926831965999962],[119.633020259,-0.926717910999971],[119.633629401,-0.926184910999952],[119.633933972,-0.925099876999983],[119.633914936,-0.924205199999963],[119.633743615,-0.923634127999952],[119.633458079,-0.923139200999965],[119.633210614,-0.922453916999936],[119.633001223,-0.92173055899997],[119.632791831,-0.920931059999933],[119.632753759,-0.920321917999953],[119.632867973,-0.919788919999981],[119.632639545,-0.919217847999963],[119.632277866,-0.918989419999948],[119.631135726,-0.918799064999975],[119.630545618,-0.918646778999974],[119.62890855,-0.918285099999947],[119.628185194,-0.918208956999934],[119.627699784,-0.918104261999929],[119.627128714,-0.918066188999944],[119.626624268,-0.917866315999956]]]]},"properties":{"gid":1028,"luas":null,"idkec":"7205081","kdkab":"05","kdkec":"081","nmkab":"DONGGALA","nmkec":"BANAWA SELATAN","kdprov":"72","nmprov":"SULAWESI TENGAH","sumber":null,"periode":"2025_1"}},{"id":1029,"type":"Feature","geometry":{"type":"MultiPolygon","coordinates":[[[[119.733150479,-0.731382608999977],[119.7331414,-0.731383269999994],[119.732820782,-0.730770049999934],[119.731226316,-0.727720404999965],[119.72929815,-0.724032509999972],[119.72926626,-0.72395513999994],[119.72918748,-0.72380872999997],[119.72916938,-0.72378446899996],[119.729168209,-0.723782899999942],[119.72914856,-0.723756570999968],[119.729147708,-0.723756252999983],[119.729093225,-0.72373607999998],[119.728628289,-0.723509960999933],[119.72812607,-0.723265710999955],[119.72752798,-0.722966020999939],[119.727518129,-0.722961351999975],[119.72750282,-0.722954099999935],[119.727225479,-0.722822689999935],[119.726889729,-0.722499919999962],[119.726881091,-0.722491617999943],[119.72679447,-0.722408348999978],[119.726771895,-0.722386640999964],[119.726763359,-0.722378430999929],[119.72687439,-0.722365280999957],[119.726872961,-0.722364545999937],[119.726664749,-0.722256820999973],[119.726616139,-0.722231909999955],[119.726396912,-0.721916178999957],[119.726395203,-0.721913718999935],[119.7263611,-0.721864599999952],[119.726360869,-0.721864279999977],[119.724588765,-0.719397860999945],[119.724597831,-0.719387145999979],[119.7245727,-0.719375500999947],[119.724449769,-0.719318531999943],[119.715885228,-0.715349597999928],[119.712963521,-0.713626000999961],[119.712931443,-0.713607077999945],[119.710719263,-0.714786906999967],[119.710062659,-0.715137096999979],[119.71002171,-0.715136910999939],[119.706551694,-0.715121135999938],[119.70554829,-0.715116574999973],[119.705213897,-0.714797381999984],[119.705201596,-0.714785639999951],[119.705206232,-0.714783329999932],[119.703602583,-0.711843306999934],[119.702679831,-0.710410462999962],[119.701002726,-0.707806261999972],[119.696760002,-0.70121818099995],[119.693721216,-0.69741438599994],[119.69321121,-0.697010630999956],[119.692467451,-0.69692562999996],[119.691404938,-0.696203121999932],[119.690236175,-0.694779355999973],[119.689322414,-0.692930582999964],[119.689508074,-0.692735401999925],[119.690151174,-0.692059322999971],[119.691596191,-0.691506815999969],[119.695251234,-0.689955548999931],[119.697121256,-0.689275540999979],[119.698438772,-0.68882928599993],[119.699777537,-0.68840427999994],[119.700393795,-0.688191777999981],[119.701158804,-0.687894274999963],[119.701966313,-0.687639270999965],[119.70254007,-0.687511769999963],[119.702986325,-0.687511769999963],[119.703517582,-0.687511769999963],[119.70426134,-0.687278015999945],[119.704813847,-0.687320516999939],[119.705153851,-0.687108014999983],[119.705589083,-0.687134392999949],[119.70570455,-0.687141389999962],[119.70570488,-0.687141340999981],[119.70619968,-0.687066339999946],[119.706280309,-0.687028669999963],[119.70637987,-0.686982160999945],[119.707481699,-0.686467380999942],[119.70795327,-0.685992139999942],[119.70835696,-0.685585290999938],[119.709928839,-0.684383830999934],[119.710329029,-0.68336042499994],[119.710563933,-0.682388468999938],[119.71109541,-0.681717627999944],[119.711095069,-0.68171742299995],[119.71123477,-0.68149406999993],[119.71146375,-0.681127990999926],[119.71241007,-0.679674569999974],[119.712627939,-0.679339959999942],[119.71375528,-0.677812619999952],[119.71388964,-0.677692029999954],[119.71493837,-0.676750710999957],[119.715633869,-0.67614413999997],[119.7156747,-0.676108530999953],[119.71589965,-0.675912349999985],[119.71669456,-0.675241639999964],[119.716945149,-0.674622589999959],[119.71706395,-0.674329129999936],[119.71759972,-0.673286209999955],[119.7179114,-0.672698140999963],[119.718320269,-0.671926670999938],[119.71878195,-0.67066036999996],[119.71886637,-0.670490159999931],[119.719379271,-0.669456079999981],[119.71955787,-0.669096000999969],[119.72002412,-0.668444189999953],[119.72013077,-0.66829509999997],[119.72055534,-0.667636760999924],[119.72085145,-0.667177599999946],[119.720927586,-0.667032635999927],[119.72143723,-0.66606225999994],[119.72151657,-0.665911189999979],[119.721709582,-0.665522055999925],[119.722218599,-0.664495820999953],[119.722421543,-0.664044304999951],[119.72245685,-0.663965750999981],[119.722754299,-0.663303959999955],[119.722919364,-0.662887880999961],[119.72328278,-0.661971810999954],[119.723309986,-0.661903228999967],[119.723456129,-0.661534840999935],[119.72349645,-0.66140428099994],[119.723725369,-0.660663019999966],[119.72388586,-0.660262820999944],[119.723973179,-0.660045099999934],[119.724190914,-0.659316576999979],[119.72421745,-0.659227789999935],[119.724587033,-0.657991246999926],[119.724612739,-0.657905240999981],[119.72483471,-0.65716255999997],[119.724886092,-0.656895476999985],[119.72488994,-0.656875469999939],[119.72502528,-0.656171940999977],[119.72534342,-0.655277040999988],[119.725384109,-0.655162569999955],[119.72543117,-0.654347140999956],[119.72567078,-0.65362910999994],[119.725749988,-0.653391758999935],[119.72607745,-0.652410499999978],[119.72639405,-0.649775539999956],[119.72641917,-0.649281509999979],[119.726517809,-0.647341370999933],[119.726707599,-0.646976800999939],[119.72736848,-0.645707269999943],[119.728699779,-0.645110769999977],[119.72971519,-0.644763649999964],[119.72979077,-0.644737820999984],[119.730659919,-0.644569789999937],[119.731096439,-0.644568329999974],[119.73109483,-0.644589489999938],[119.73109307,-0.64461272999995],[119.73112087,-0.644604099999924],[119.73112333,-0.644603340999938],[119.731469033,-0.644477149999939],[119.731581438,-0.644568478999932],[119.732418501,-0.644549454999947],[119.733084346,-0.644758719999971],[119.733521902,-0.644967985999923],[119.734111651,-0.645196275999984],[119.734397013,-0.645215299999967],[119.734587255,-0.645158228999954],[119.734967738,-0.645215299999967],[119.735062859,-0.645424565999983],[119.735880897,-0.645348468999944],[119.736794057,-0.645291396999949],[119.737155516,-0.645177252999931],[119.737688192,-0.645253347999932],[119.738125748,-0.645272372999955],[119.739240614,-0.645461332999961],[119.739248173,-0.645462613999947],[119.739343294,-0.645843096999959],[119.739438415,-0.646280653999949],[119.739438415,-0.646756256999937],[119.739343294,-0.647155763999929],[119.739229149,-0.647840634999966],[119.73909598,-0.648449406999938],[119.738962811,-0.64894403499994],[119.738677448,-0.649819146999965],[119.738373062,-0.650789378999951],[119.738468183,-0.651455223999966],[119.738459911,-0.651590324999971],[119.73841111,-0.652387406999934],[119.738468183,-0.653129349999975],[119.7386394,-0.653871290999978],[119.739115004,-0.65533139599996],[119.73955256,-0.655959192999955],[119.739780849,-0.65652991799994],[119.740085236,-0.656548941999969],[119.740028163,-0.656910399999961],[119.73987597,-0.657424052999939],[119.739818898,-0.658146970999961],[119.740161333,-0.658451357999983],[119.740803007,-0.659070115999959],[119.740827178,-0.659093421999952],[119.741531072,-0.660482185999971],[119.741607168,-0.660976813999991],[119.741618061,-0.661210995999978],[119.741645217,-0.661794853999947],[119.742349111,-0.661813876999932],[119.742368135,-0.663088494999965],[119.741738197,-0.663448459999927],[119.741702289,-0.663468978999958],[119.742065326,-0.663862267999953],[119.742101797,-0.663901777999976],[119.742137243,-0.664076054999956],[119.742150691,-0.664142171999973],[119.742227762,-0.664521106999931],[119.742309074,-0.664920890999956],[119.74232891,-0.664970729999939],[119.74242099,-0.665202119999946],[119.74243385,-0.665207829999935],[119.742547549,-0.665258389999962],[119.742564789,-0.665266030999935],[119.74256891,-0.665267859999979],[119.74262599,-0.665235590999945],[119.743389559,-0.664803820999964],[119.743829295,-0.664939365999952],[119.74409228,-0.665020429999979],[119.74414611,-0.665037019999948],[119.745257289,-0.665379549999963],[119.746088996,-0.666864175999941],[119.74607112,-0.666882497999951],[119.746124559,-0.666960875999965],[119.746136539,-0.666949039999964],[119.74616497,-0.666999790999972],[119.74624093,-0.667135379999931],[119.746516679,-0.667151309999958],[119.74675305,-0.66716496999994],[119.74688066,-0.667211889999976],[119.74701131,-0.667259919999935],[119.74714048,-0.667329180999956],[119.74725053,-0.667388180999975],[119.747333499,-0.667579979999974],[119.747410169,-0.667757229999951],[119.747491499,-0.667955759999931],[119.74752192,-0.668030020999942],[119.74746111,-0.668336979999933],[119.74744243,-0.668431299999963],[119.747437556,-0.668528038999967],[119.74741089,-0.669057259999939],[119.74755884,-0.669189429999965],[119.74772094,-0.669334250999963],[119.74772875,-0.669341200999949],[119.74773667,-0.669348259999946],[119.747938089,-0.669506750999984],[119.747980429,-0.669540064999976],[119.74799514,-0.669551639999961],[119.748047799,-0.669593079999976],[119.748096329,-0.669631270999955],[119.74812366,-0.669726369999977],[119.74816349,-0.66986497999995],[119.748182449,-0.669930949999982],[119.74844973,-0.669953219999975],[119.748511869,-0.66993970999994],[119.74889344,-0.669856740999933],[119.749204919,-0.670082189999967],[119.74927391,-0.670132119999951],[119.74947712,-0.670425729999986],[119.749986909,-0.670647399999956],[119.75027654,-0.670804179999951],[119.75035093,-0.670831364999973],[119.75052159,-0.670893729999939],[119.75060374,-0.670962569999976],[119.75078899,-0.671117790999979],[119.75103413,-0.671386700999961],[119.75119672,-0.671550189999948],[119.75130155,-0.671655600999944],[119.75140544,-0.671752609999951],[119.751613529,-0.671946899999962],[119.751970049,-0.672238170999946],[119.75225902,-0.672528730999946],[119.75225976,-0.67252946999998],[119.752330859,-0.672587570999954],[119.75261628,-0.672820740999959],[119.753031689,-0.673143790999977],[119.753338909,-0.673477980999966],[119.7533873,-0.673527770999956],[119.753646129,-0.673794089999939],[119.75395406,-0.674128279999943],[119.754332159,-0.674434069999967],[119.75462185,-0.674702960999981],[119.75465526,-0.674734160999946],[119.75493383,-0.674994249999943],[119.75529035,-0.675285520999978],[119.755624599,-0.675576799999934],[119.75568869,-0.675641247999975],[119.755688953,-0.675640898999975],[119.755914181,-0.675867941999977],[119.756283201,-0.676106490999934],[119.756334238,-0.67614743299993],[119.75668268,-0.676667389999983],[119.757078899,-0.67725840999998],[119.75931028,-0.679840750999978],[119.759568912,-0.680176644999958],[119.760111723,-0.679820423999963],[119.761389175,-0.681959896999967],[119.761212617,-0.682053368999965],[119.76082293,-0.68196865399995],[119.76086827,-0.682042289999969],[119.761303015,-0.683055077999942],[119.76161388,-0.683779269999949],[119.76167513,-0.683949249999961],[119.762132309,-0.685218140999953],[119.76208631,-0.68552337099993],[119.762049809,-0.685765509999953],[119.762012379,-0.686014020999957],[119.76195436,-0.686399180999954],[119.7616878,-0.686794530999987],[119.761550909,-0.686997560999945],[119.761473881,-0.687235975999953],[119.761291828,-0.687799463999979],[119.761544962,-0.687859023999978],[119.761783835,-0.68797326899994],[119.761794221,-0.688201755999956],[119.761679977,-0.688347155999965],[119.761482647,-0.688357542999946],[119.761358018,-0.688326384999931],[119.761137762,-0.688276326999924],[119.761117742,-0.688338290999981],[119.7608595,-0.688222525999944],[119.760745256,-0.688295227999957],[119.760745256,-0.688461400999925],[119.76073487,-0.688689886999953],[119.760547926,-0.689043003999935],[119.760444068,-0.689219562999951],[119.760495997,-0.689375348999931],[119.760558312,-0.689510364999943],[119.76046484,-0.689707694999934],[119.760184424,-0.68991540999997],[119.760111723,-0.690154283999968],[119.760059794,-0.690403541999954],[119.759955936,-0.69060087299994],[119.759727449,-0.691462892999943],[119.759644363,-0.691701764999958],[119.759457418,-0.691867937999975],[119.759395104,-0.69194063899995],[119.759187388,-0.692218457999968],[119.759155333,-0.692301801999979],[119.759135459,-0.692353473999965],[119.758990058,-0.692498875999949],[119.7588135,-0.692706589999941],[119.758740799,-0.69287276299997],[119.758605784,-0.69315317899999],[119.758522698,-0.693360895999951],[119.758501926,-0.693464753999935],[119.758366911,-0.693682854999967],[119.75822151,-0.693849027999942],[119.758044951,-0.694168390999957],[119.757982637,-0.694531893999969],[119.758003408,-0.694760379999944],[119.758013794,-0.694957709999937],[119.758044951,-0.695113496999977],[119.758065723,-0.695290055999973],[119.757909936,-0.695713276999932],[119.757909936,-0.696004078999976],[119.757909936,-0.696305265999974],[119.757910608,-0.696312997999937],[119.757930708,-0.696544139999959],[119.758003256,-0.696773876999941],[119.75798269,-0.696846500999924],[119.75811303,-0.698107609999966],[119.75814718,-0.698438110999976],[119.75822351,-0.698782940999944],[119.7584205,-0.699672890999979],[119.758420636,-0.699673687999972],[119.7584975,-0.700123429999963],[119.758584649,-0.700633299999936],[119.758458109,-0.700992979999967],[119.75828527,-0.701484220999943],[119.75827571,-0.701790639999958],[119.758356,-0.702144759999952],[119.75868703,-0.702212170999933],[119.75924835,-0.702307330999932],[119.759430109,-0.702459619999964],[119.75948563,-0.70250613999997],[119.75963601,-0.702824360999957],[119.759671299,-0.703205619999951],[119.759700499,-0.703244359999935],[119.75970697,-0.703252929999974],[119.75985773,-0.703452909999957],[119.75989447,-0.703493740999935],[119.76000803,-0.703619930999938],[119.76018992,-0.703747150999971],[119.7603876,-0.703818649999967],[119.760548389,-0.703986799999939],[119.76058535,-0.704025439999956],[119.7606562,-0.704023740999958],[119.76092527,-0.704017279999956],[119.760987999,-0.704013450999981],[119.76103598,-0.704010530999943],[119.76127789,-0.703995769999952],[119.761320509,-0.703993169999931],[119.761453009,-0.704001259999928],[119.76170788,-0.704016810999985],[119.761975559,-0.704156159999972],[119.76215071,-0.704247329999938],[119.7621833,-0.704316109999982],[119.762225368,-0.704404917999971],[119.76222986,-0.704414400999956],[119.7623722,-0.704552580999975],[119.76245925,-0.704637079999947],[119.762555889,-0.70478977099998],[119.76262541,-0.704899589999973],[119.762840436,-0.705192999999998],[119.76284693,-0.705201860999983],[119.76299214,-0.705333250999966],[119.763084219,-0.705416579999958],[119.76314719,-0.705476380999928],[119.76322659,-0.705551780999946],[119.76346254,-0.705545219999977],[119.763519079,-0.705543650999974],[119.76380367,-0.705543469999961],[119.76386909,-0.705574620999933],[119.76402836,-0.705650450999942],[119.76438903,-0.705611329999961],[119.76477591,-0.705569369999978],[119.76527169,-0.705511549999931],[119.765511769,-0.705239620999985],[119.765487909,-0.704536600999972],[119.765620139,-0.704086940999963],[119.76573307,-0.703605290999981],[119.765679149,-0.703220459999954],[119.765646749,-0.702989209999949],[119.76573235,-0.702383129999938],[119.76616281,-0.701898959999946],[119.76621856,-0.701836259999945],[119.766514687,-0.701736696999949],[119.76711801,-0.701533850999966],[119.76804523,-0.702109599999979],[119.76848175,-0.702685639999973],[119.76874738,-0.703056559999941],[119.768854632,-0.703206326999978],[119.76897286,-0.703371419999937],[119.76907313,-0.703737619999968],[119.76910222,-0.703843859999952],[119.76927338,-0.704468959999927],[119.769406489,-0.70497690099995],[119.769409999,-0.704990290999946],[119.76950154,-0.705209669999934],[119.7697649,-0.705840809999927],[119.77012621,-0.706234760999961],[119.77028748,-0.706410610999974],[119.77032284,-0.706746800999955],[119.77034562,-0.706963449999941],[119.77037603,-0.707119859999981],[119.77044741,-0.707486979999941],[119.770431369,-0.707996829999956],[119.770462169,-0.708520169999932],[119.770402329,-0.70910585999997],[119.77039389,-0.709188470999949],[119.770347259,-0.709713300999968],[119.77051215,-0.709989570999939],[119.77060767,-0.71014961999993],[119.77062036,-0.710201579999939],[119.77069455,-0.710505549999935],[119.77065245,-0.710791160999976],[119.77062263,-0.710993479999952],[119.77047699,-0.711383850999942],[119.770709979,-0.712055539999934],[119.77074748,-0.712374729999962],[119.77076809,-0.712550190999932],[119.77101415,-0.713146570999928],[119.771514409,-0.713880520999968],[119.7717877,-0.715005519999983],[119.77219711,-0.715828549999978],[119.772249282,-0.715883136999942],[119.77249706,-0.716142379999957],[119.77267818,-0.716331879999932],[119.772877389,-0.71645415999996],[119.77322014,-0.716664529999946],[119.77468374,-0.717245219999943],[119.77470601,-0.717254049999951],[119.77495749,-0.71758274999996],[119.77525166,-0.71796723099993],[119.77532358,-0.718086000999967],[119.7756337,-0.718598180999946],[119.77565003,-0.719240139999958],[119.775661619,-0.719695870999952],[119.77571655,-0.720108659999949],[119.77577117,-0.720519089999927],[119.77634419,-0.72139691099995],[119.77623562,-0.722192810999956],[119.77622577,-0.722217099999967],[119.77599064,-0.72279671099994],[119.77601626,-0.72312934999997],[119.776045599,-0.72351018099994],[119.77609451,-0.724426489999937],[119.77601717,-0.725142169999971],[119.7752299,-0.72514266099996],[119.77463196,-0.725143029999974],[119.775367335,-0.725156632999922],[119.77594943,-0.725167399999974],[119.775870679,-0.725535129999972],[119.775832833,-0.725745401999976],[119.776107797,-0.72587038499995],[119.77641937,-0.726223501999933],[119.776460913,-0.726514302999937],[119.776481685,-0.727178993999931],[119.776481685,-0.727719054999969],[119.776481685,-0.728404515999954],[119.776481685,-0.728882263999937],[119.776439751,-0.728947492999965],[119.776601649,-0.729227780999964],[119.77694116,-0.729695530999954],[119.777235235,-0.730181191999984],[119.777104832,-0.730751703999942],[119.77681403,-0.731187906999942],[119.776793259,-0.731624110999977],[119.776793259,-0.731831825999958],[119.77681403,-0.732143400999979],[119.777000974,-0.732600374999953],[119.777063354,-0.732687260999964],[119.777582578,-0.733410465999952],[119.77799801,-0.733555867999942],[119.778184954,-0.733825897999965],[119.778184954,-0.734199785999977],[119.778164183,-0.734490587999976],[119.777831837,-0.734490587999976],[119.777716288,-0.734583027999975],[119.777713784,-0.734619480999932],[119.777676051,-0.734677531999987],[119.777655279,-0.734760618999935],[119.777650086,-0.734838511999958],[119.777650086,-0.734952755999935],[119.777665665,-0.735092964999978],[119.777660472,-0.735227978999949],[119.777681243,-0.73529029399999],[119.777722787,-0.735425308999942],[119.777738365,-0.735492817999958],[119.777743558,-0.735581095999982],[119.777831837,-0.735788812999947],[119.777862995,-0.735908248999976],[119.777899345,-0.736017299999965],[119.777934941,-0.736059487999969],[119.778039553,-0.736183470999952],[119.778153797,-0.736230208999933],[119.778252462,-0.736235400999937],[119.778397863,-0.736204243999964],[119.778475756,-0.736167893999945],[119.778671788,-0.736334064999945],[119.778760067,-0.736458694999962],[119.778786032,-0.736541781999958],[119.778817189,-0.73661967499993],[119.778853539,-0.736692375999956],[119.778863925,-0.736765075999932],[119.778900275,-0.736853354999947],[119.778931433,-0.736920861999978],[119.779030098,-0.737116893999945],[119.779045676,-0.737189595999956],[119.779061255,-0.737267488999982],[119.779076834,-0.737350573999945],[119.779045676,-0.737402503999931],[119.779024905,-0.737485589999955],[119.778967783,-0.737563482999975],[119.778921047,-0.737636184999924],[119.778843153,-0.737745234999975],[119.778827575,-0.737864671999943],[119.778863925,-0.73811782499996],[119.778915854,-0.73823726199993],[119.778972976,-0.738283997999933],[119.779102798,-0.738309961999958],[119.779102798,-0.738367082999958],[119.779082027,-0.738455363999946],[119.779092412,-0.738616341999948],[119.779087219,-0.738751357999948],[119.779087219,-0.738839637999953],[119.779082027,-0.73890714399994],[119.779040483,-0.738995423999942],[119.779014519,-0.739057737999933],[119.778947011,-0.739151209999934],[119.778853539,-0.739229103999951],[119.778795648,-0.739260167999932],[119.77876893,-0.739395079999956],[119.77871883,-0.739635420999952],[119.778741486,-0.740085952999959],[119.778791224,-0.740171613999959],[119.778869118,-0.740311821999974],[119.778895082,-0.740405293999971],[119.778936626,-0.740611711999986],[119.778931433,-0.740725955999955],[119.778957397,-0.740835006999931],[119.778988554,-0.740944056999983],[119.778972976,-0.741047915999964],[119.779004133,-0.741260824999933],[119.779024905,-0.741385453999958],[119.779066448,-0.741546432999941],[119.779087219,-0.741629519999955],[119.779092412,-0.741717797999975],[119.779092412,-0.741800885999968],[119.779070498,-0.741905584999927],[119.77912094,-0.742108140999964],[119.77911635,-0.74214918899998],[119.779154727,-0.742174772999939],[119.779268971,-0.742242280999964],[119.779403986,-0.742242280999964],[119.779492265,-0.742263052999938],[119.779528615,-0.742289017999956],[119.779622088,-0.742765464999934],[119.779596123,-0.742801815999943],[119.779481879,-0.742848551999947],[119.779414372,-0.742905672999947],[119.779362443,-0.742988759999945],[119.779310514,-0.743030301999972],[119.779289404,-0.743102678999947],[119.779274164,-0.743154932999974],[119.779341671,-0.743371734999932],[119.779424758,-0.743491171999956],[119.779481879,-0.743527522999965],[119.779513037,-0.743589837999938],[119.779528615,-0.743641764999953],[119.779533808,-0.743750815999931],[119.779564966,-0.743870253999943],[119.779570159,-0.743942953999979],[119.779570159,-0.744057196999965],[119.779575351,-0.744181825999939],[119.779575351,-0.744270105999934],[119.77959093,-0.744389542999956],[119.779596123,-0.744493399999957],[119.779668824,-0.74462322299997],[119.779760997,-0.744732272999965],[119.779787775,-0.744732272999965],[119.77989082,-0.744732272999965],[119.779953135,-0.744680344999949],[119.780020642,-0.744602450999945],[119.780176429,-0.744597257999948],[119.780269901,-0.744659572999987],[119.780425688,-0.744923111999923],[119.780430881,-0.745089284999952],[119.780456845,-0.745203527999937],[119.780488003,-0.74528661599994],[119.780539932,-0.745421630999946],[119.780597053,-0.745504715999975],[119.780669754,-0.745581311999963],[119.78068014,-0.745679975999968],[119.780685333,-0.745820183999966],[119.780664561,-0.745924041999961],[119.780607439,-0.746069442999957],[119.780529546,-0.746173300999953],[119.78048281,-0.746271966999925],[119.780446459,-0.746381017999969],[119.780415302,-0.746479681999971],[119.780425688,-0.746567961999981],[119.780394531,-0.746682204999957],[119.780389338,-0.746760097999936],[119.780436074,-0.746843185999977],[119.780430881,-0.746973006999953],[119.780420213,-0.747044127999973],[119.780456119,-0.747109370999964],[119.78046796,-0.747351829999959],[119.781157439,-0.748425029999975],[119.78111197,-0.74844007999997],[119.781074219,-0.748452576999964],[119.781035616,-0.748465355999936],[119.781259147,-0.748864519999932],[119.781435447,-0.749051188999939],[119.781612264,-0.749238407999946],[119.781903066,-0.749716152999953],[119.781955183,-0.749791433999976],[119.78209001,-0.749986184999955],[119.782360041,-0.750422386999969],[119.782630071,-0.750920904999934],[119.782900102,-0.75096244799994],[119.783627107,-0.751149391999948],[119.783764058,-0.751196797999965],[119.784167168,-0.75133633599995],[119.78445797,-0.751564822999972],[119.784686457,-0.751814081999957],[119.784914945,-0.752167198999929],[119.785148992,-0.752284222999955],[119.78516347,-0.752291461999963],[119.785174502,-0.752280424999981],[119.785565926,-0.752494774999952],[119.785854603,-0.752764207999978],[119.786152903,-0.753062506999924],[119.786614786,-0.753495523999959],[119.786656574,-0.753620885999965],[119.786711012,-0.753784200999981],[119.78673007,-0.753943016999928],[119.786768748,-0.754265328999964],[119.78673988,-0.754765701999938],[119.786759125,-0.755140983999984],[119.78675952,-0.755154009999965],[119.786787993,-0.756093617999972],[119.786696347,-0.756625164999943],[119.786695885,-0.756627839999965],[119.786691767,-0.756651725999973],[119.786537806,-0.757257947999959],[119.786412712,-0.757623605999922],[119.786451203,-0.75821058299994],[119.786510386,-0.75835854099995],[119.786528183,-0.75840303499996],[119.786766088,-0.758477805999972],[119.786852636,-0.758565242999968],[119.786859882,-0.758547575999951],[119.787326301,-0.758841260999932],[119.787621192,-0.759015543999967],[119.788145401,-0.759246013999925],[119.788409219,-0.759477593999972],[119.788611649,-0.759593461999947],[119.788976002,-0.75985698299996],[119.78943659,-0.759989889999936],[119.789851049,-0.760312492999965],[119.789904473,-0.760611671999924],[119.78995742,-0.76064892999995],[119.79028515,-0.760945459999965],[119.79044909,-0.761209129999949],[119.79064587,-0.761604659999931],[119.790660131,-0.761633325999986],[119.790688688,-0.762009812999965],[119.79078531,-0.762358667999931],[119.790945528,-0.762914996999942],[119.7913348,-0.763318739999936],[119.79153165,-0.76381318999996],[119.791508137,-0.763855966999923],[119.791550996,-0.763852071999968],[119.791540547,-0.763878771999944],[119.791333673,-0.76440744999997],[119.791068057,-0.764914533999964],[119.790633413,-0.76544576599998],[119.790029741,-0.766097733999969],[119.78919605,-0.766593441999934],[119.789136305,-0.766628965999935],[119.788479723,-0.766957254999966],[119.788363604,-0.767015314999982],[119.78807997,-0.767298948999959],[119.788073894,-0.767305025999976],[119.787856519,-0.767522399999969],[119.787566756,-0.768174365999925],[119.787566276,-0.768183008999935],[119.787518462,-0.76904365499997],[119.787566756,-0.769309270999945],[119.787866658,-0.769593388999966],[119.788025547,-0.769743914999945],[119.788029559,-0.76974638499997],[119.788653367,-0.770130266999957],[119.788902641,-0.770429395999943],[119.789136305,-0.77070979199993],[119.789713628,-0.77123900499993],[119.789715831,-0.771241023999949],[119.790049793,-0.771605345999956],[119.790247063,-0.771820549999978],[119.790367797,-0.771675668999934],[119.790947323,-0.771651520999968],[119.790899029,-0.771965430999955],[119.790850735,-0.772231045999952],[119.790963117,-0.772552134999963],[119.790966712,-0.772558846999973],[119.790967795,-0.772565499999937],[119.790968716,-0.772571159999936],[119.791049947,-0.773070150999957],[119.791182755,-0.773323693999946],[119.791315563,-0.773589309999976],[119.791544959,-0.773903219999964],[119.791544959,-0.773999980999976],[119.791544959,-0.774229203999937],[119.79168984,-0.774482744999943],[119.791774354,-0.774857021999937],[119.791629473,-0.775207152999944],[119.792015823,-0.775412400999924],[119.79231766,-0.775678016999966],[119.792812671,-0.775364107999964],[119.793005847,-0.775617649999962],[119.79263157,-0.77590741299998],[119.792815029,-0.776083815999931],[119.792854291,-0.776121567999957],[119.793003453,-0.776025559999948],[119.793533128,-0.777282239999985],[119.793529892,-0.777290676999947],[119.79354389,-0.777287209999942],[119.79383343,-0.777626799999952],[119.793899219,-0.778055379999963],[119.7941617,-0.778747609999931],[119.79426014,-0.779011319999945],[119.79426025,-0.779176179999985],[119.794318458,-0.779426549999924],[119.794490179,-0.780165169999981],[119.79478529,-0.780659550999935],[119.794900446,-0.780968050999941],[119.79498216,-0.781186960999956],[119.795244549,-0.781714329999944],[119.795310339,-0.78214291999996],[119.79498315,-0.782670679999974],[119.794895915,-0.78295673999998],[119.79563625,-0.783352732999962],[119.795929593,-0.783473521999964],[119.795989367,-0.783498134999951],[119.796145154,-0.783747393999936],[119.796217854,-0.784100510999972],[119.796124382,-0.78443285499998],[119.796073927,-0.784620258999954],[119.79622917,-0.784747059999977],[119.79626226,-0.785241609999957],[119.79645898,-0.785538220999971],[119.79688496,-0.785801700999969],[119.79704888,-0.786032389999947],[119.797209569,-0.786328485999954],[119.797524337,-0.785915351999962],[119.797849962,-0.78623110799993],[119.797988106,-0.786586336999961],[119.798434608,-0.786754082999955],[119.798651691,-0.786961297999943],[119.79880957,-0.787217850999977],[119.798997051,-0.787513873999959],[119.798957581,-0.787686554999939],[119.79953976,-0.787992444999931],[119.800250214,-0.788248998999958],[119.800940934,-0.788633827999949],[119.801473776,-0.788929849999936],[119.801848738,-0.78924560799993],[119.802095424,-0.789561366999983],[119.802342109,-0.789768581999971],[119.802346911,-0.789794988999972],[119.80235629,-0.789789812999973],[119.802583011,-0.790071551999977],[119.80260963,-0.790104629999981],[119.80300467,-0.790581159999938],[119.803186792,-0.790733726999981],[119.803186792,-0.791545706999962],[119.803186792,-0.792092163999938],[119.803186792,-0.79282328899995],[119.803186792,-0.79352024899993],[119.803186792,-0.794009612999964],[119.803513223,-0.794916366999936],[119.803597443,-0.795150311999985],[119.803599842,-0.79522467799996],[119.803643071,-0.796564774999976],[119.803827346,-0.797071532999952],[119.803958633,-0.797432570999948],[119.804008094,-0.79756858899998],[119.804109041,-0.798376163999939],[119.804129651,-0.798541041999961],[119.804236233,-0.799393704999941],[119.804692512,-0.800260634999971],[119.804718272,-0.800329327999974],[119.805276115,-0.80082393199996],[119.806217624,-0.801658706999951],[119.806259412,-0.801695757999949],[119.805633079,-0.802398784999985],[119.805287613,-0.802786552999977],[119.80505224,-0.803072000000001],[119.804904809,-0.803394139999965],[119.803924981,-0.805652002999975],[119.803163219,-0.807593266999958],[119.802770052,-0.808846487999982],[119.80260322,-0.809257149999949],[119.802397995,-0.809762318999959],[119.802131155,-0.810419156999958],[119.801784062,-0.811113341999943],[119.80159055,-0.811500366999951],[119.801351201,-0.81177801199994],[119.801060902,-0.812114758999938],[119.800361902,-0.812925597999942],[119.799608211,-0.814014263999979],[119.79885582,-0.815626619999937],[119.798439187,-0.815938930999952],[119.798445212,-0.815997217999953],[119.797966929,-0.816292939999929],[119.79661625,-0.817305419999974],[119.796270217,-0.81742181299996],[119.791581,-0.818999099999936],[119.79117833,-0.819216769999966],[119.790188275,-0.819751963999977],[119.78993688,-0.819887859999941],[119.789259001,-0.820254307999967],[119.78923763,-0.820265859999956],[119.78605574,-0.819680719999962],[119.78320972,-0.820441779999956],[119.781776311,-0.820752257999967],[119.78086581,-0.820949469999969],[119.77818714,-0.821538719999978],[119.77458618,-0.823719069999928],[119.77056079,-0.826397080999928],[119.770140881,-0.825949468999968],[119.769730794,-0.825512325999967],[119.768432281,-0.824128139999977],[119.768241068,-0.823924311999981],[119.768218672,-0.823900438999948],[119.768218231,-0.823899967999989],[119.768024431,-0.82369337999995],[119.76621454,-0.82176406999997],[119.76610845,-0.821650980999955],[119.766101322,-0.821643745999949],[119.76359002,-0.819094720999952],[119.763208069,-0.818707029999928],[119.762402549,-0.815947469999975],[119.762387669,-0.815870079999969],[119.7623779,-0.815006330999957],[119.76237555,-0.814798590999938],[119.76237274,-0.814550729999947],[119.762343039,-0.814191119999972],[119.762289177,-0.813538997999954],[119.762243122,-0.812981420999972],[119.762240498,-0.812949630999921],[119.762216788,-0.812662582999971],[119.762211579,-0.812599519999943],[119.76220034,-0.81246336099998],[119.76169659,-0.810901749999975],[119.761470413,-0.810200588999979],[119.7608544,-0.808290899999978],[119.76035702,-0.80674900999998],[119.75995035,-0.805295548999945],[119.75938629,-0.80327956999997],[119.75898497,-0.80235132099995],[119.758959284,-0.802160519999972],[119.75887827,-0.801558739999968],[119.758824178,-0.801156980999962],[119.758809454,-0.801047607999982],[119.758803053,-0.801044922999957],[119.758262992,-0.798386161999934],[119.757851174,-0.795746199999948],[119.757794826,-0.79544524799997],[119.75777154,-0.795320880999956],[119.757148156,-0.792505888999932],[119.75672105,-0.790577199999982],[119.756639721,-0.790403530999921],[119.756457911,-0.790015289999936],[119.755735488,-0.788472601999965],[119.75532261,-0.787590930999958],[119.75420324,-0.78523886099992],[119.75339982,-0.783550679999967],[119.753097442,-0.783018819999937],[119.751749039,-0.780647049999968],[119.75130536,-0.779354779999949],[119.751037341,-0.778574150999925],[119.750981579,-0.77841173999997],[119.750710182,-0.77762127099994],[119.75025149,-0.776285290999966],[119.74998319,-0.775521649999978],[119.74990328,-0.77529421099997],[119.749626444,-0.772159038999984],[119.74937577,-0.769320100999954],[119.749144491,-0.76529130299997],[119.749071699,-0.76428235399994],[119.748657991,-0.758548072999932],[119.748576446,-0.757417795999976],[119.748785242,-0.757367192999941],[119.74872973,-0.757314915999938],[119.748348409,-0.757075350999976],[119.746265933,-0.751266428999947],[119.74587249,-0.750168940999973],[119.74583249,-0.750124259999953],[119.745326599,-0.749559129999962],[119.744576839,-0.748721581999982],[119.744300369,-0.748412739999941],[119.741242352,-0.744911227999984],[119.7380118,-0.741212150999956],[119.737441058,-0.740064850999944],[119.737437901,-0.740058499999969],[119.737137919,-0.739455480999945],[119.735832732,-0.736779347999976],[119.73490993,-0.734887239999984],[119.733941531,-0.732901628999974],[119.73389973,-0.732815919999951],[119.733622579,-0.732247649999988],[119.733153069,-0.731382419999932],[119.733150479,-0.731382608999977]]],[[[119.761316214,-0.699128268999978],[119.761439324,-0.699199039999938],[119.761536794,-0.699283037999982],[119.761576353,-0.699409497999968],[119.761590454,-0.699454549999928],[119.761529264,-0.699617227999972],[119.761515085,-0.69965493899997],[119.761336714,-0.699751758999978],[119.761288444,-0.699810137999978],[119.761268134,-0.69983469899996],[119.761227105,-0.700090337999949],[119.761165444,-0.70026998799994],[119.761069603,-0.700435608999955],[119.761069464,-0.70043584299999],[119.760925394,-0.700505007999945],[119.760879744,-0.700511607999941],[119.760784075,-0.700525417999931],[119.760718474,-0.700484837999966],[119.760650854,-0.70044299799997],[119.760538775,-0.700334818999978],[119.760534044,-0.700194367999934],[119.760616304,-0.700035427999975],[119.760622234,-0.700025617999928],[119.760712284,-0.699876477999972],[119.760691044,-0.69973099899995],[119.760842474,-0.699524077999976],[119.760945304,-0.699337498999967],[119.761018014,-0.699264207999929],[119.761075614,-0.699206159999964],[119.761316214,-0.699128268999978]]],[[[119.762976083,-0.698410577999947],[119.762972944,-0.698382308999958],[119.762969184,-0.69834840999994],[119.762996764,-0.698251537999962],[119.762914153,-0.698134277999942],[119.762910774,-0.698132008999955],[119.762907294,-0.698129677999925],[119.762917354,-0.698051668999945],[119.762920955,-0.698023747999964],[119.762953315,-0.697993639999944],[119.763010124,-0.697940787999921],[119.763060504,-0.697926667999984],[119.763133624,-0.697906177999933],[119.763284614,-0.697919909999936],[119.763382065,-0.697919848999968],[119.763414084,-0.697919827999959],[119.763471844,-0.698044237999965],[119.763455454,-0.698062028999975],[119.763408254,-0.698113268999983],[119.763374004,-0.698230727999944],[119.763371294,-0.698278378999929],[119.763367324,-0.698348297999925],[119.763271184,-0.698431127999922],[119.763198634,-0.698451458999962],[119.763147684,-0.698465739999963],[119.763084434,-0.698471849999977],[119.762976083,-0.698410577999947]]]]},"properties":{"gid":1029,"luas":null,"idkec":"7205080","kdkab":"05","kdkec":"080","nmkab":"DONGGALA","nmkec":"BANAWA","kdprov":"72","nmprov":"SULAWESI TENGAH","sumber":null,"periode":"2025_1"}},{"id":1030,"type":"Feature","geometry":{"type":"MultiPolygon","coordinates":[[[[119.892064456,0.132620948000062],[119.892063276,0.132623855000018],[119.892046862,0.132621448000066],[119.891504095,0.134518179000058],[119.891433562,0.134764660000022],[119.891152707,0.135746122000057],[119.891123366,0.135770550000064],[119.891091728,0.135796889000058],[119.891086714,0.135801063000033],[119.891086581,0.135801064000015],[119.890675995,0.13613418200004],[119.890410108,0.136349901000061],[119.89011966,0.136585548000029],[119.889997145,0.13668837200004],[119.883327414,0.136596250000021],[119.88300681,0.137063730000028],[119.882833944,0.137454567000011],[119.882560207,0.138073466000037],[119.882481441,0.138251551000049],[119.88243911,0.138347257000016],[119.88186375,0.139648104000052],[119.88064211,0.140633160000048],[119.880344011,0.140715453000027],[119.87926682,0.141012830000007],[119.87781343,0.140326289000019],[119.875109451,0.13831103900003],[119.87414049,0.137588880000065],[119.87260805,0.135013849000063],[119.871314609,0.132563140000056],[119.871066759,0.132325991000069],[119.87106668,0.132325920000035],[119.870018123,0.12960396900008],[119.869197381,0.127343370000063],[119.86886593,0.126430440000027],[119.868077539,0.123806160000073],[119.86762791,0.122528510000043],[119.867169129,0.121224830000077],[119.867046629,0.120876740000022],[119.865499999,0.118336881000055],[119.864742539,0.117092990000053],[119.864126192,0.115804683000019],[119.864126747,0.114559142000071],[119.863992932,0.11386776700004],[119.863929446,0.113010706000056],[119.863240274,0.113259260000051],[119.863090712,0.113313199000053],[119.860778895,0.112997952000053],[119.860773103,0.112997161000071],[119.860773067,0.112997129000058],[119.860655728,0.112888047000077],[119.85808862,0.111997841000047],[119.856655381,0.111997841000047],[119.856260721,0.112600217000012],[119.855928376,0.113451850000044],[119.855242914,0.114469659000073],[119.854640538,0.114802004000063],[119.852745132,0.115960018000068],[119.852267386,0.116416993000024],[119.851685781,0.117102456000052],[119.851187264,0.117995634000068],[119.85087569,0.118743409000032],[119.85048103,0.119657360000064],[119.850252543,0.120238964000052],[119.849857883,0.120924425000046],[119.849400908,0.121776060000064],[119.848985477,0.122357664000045],[119.848549274,0.122980811000044],[119.848261713,0.123454440000044],[119.848196157,0.123562416000026],[119.847884583,0.123873989000049],[119.847614553,0.124185563000016],[119.847344522,0.124476364000016],[119.84705372,0.124704852000032],[119.846679832,0.124891797000029],[119.846160542,0.125244914000059],[119.845703568,0.125514944000021],[119.844976562,0.125930375000045],[119.844124928,0.126283492000032],[119.843584867,0.126657380000047],[119.842712461,0.127114355000052],[119.841964684,0.127633645000059],[119.84098842,0.127924447000049],[119.840945977,0.127969247000072],[119.840614532,0.128319107000034],[119.839949841,0.128963025000074],[119.83913975,0.129876975000053],[119.83842313,0.130588401000071],[119.838132328,0.130899974000041],[119.837862298,0.131315406000055],[119.837779211,0.13173083700002],[119.837613039,0.132167041000057],[119.837571496,0.132437071000021],[119.837426095,0.132624016000016],[119.837280694,0.132977133000048],[119.836906805,0.133205619000024],[119.836699089,0.133517194000037],[119.836429059,0.133807996000024],[119.8361798,0.134036482000053],[119.835888998,0.134576544000028],[119.835722825,0.134950432000032],[119.83551511,0.135345092000011],[119.835245079,0.135802066000045],[119.835037363,0.135947468000041],[119.834705018,0.136072097000059],[119.834268815,0.136362900000051],[119.833832612,0.136612158000048],[119.833604125,0.136923731000025],[119.833225043,0.137121061000066],[119.833225043,0.137432635000026],[119.833100414,0.137723437000022],[119.833058871,0.138055783000023],[119.832892698,0.138450443000067],[119.832498038,0.138762017000026],[119.831687947,0.13890741700003],[119.831293287,0.139032046000053],[119.830836312,0.139302078000058],[119.831002485,0.139613650000054],[119.830794769,0.140880717000071],[119.830767074,0.141296149000034],[119.830732454,0.14181543800004],[119.831213985,0.14193217300004],[119.83117499,0.142330160000024],[119.83111671,0.142781970000035],[119.831056759,0.143174139000058],[119.83104902,0.143224749000063],[119.83097895,0.143676570000019],[119.83089542,0.14411936000004],[119.83078959,0.144562139000072],[119.830755899,0.144667599000047],[119.83065389,0.144986859000017],[119.83050368,0.145415570000072],[119.83050191,0.145420620000036],[119.83033942,0.145845340000042],[119.83016108,0.146270070000065],[119.82996198,0.146685760000022],[119.82987979,0.146825600000049],[119.8297389,0.147065310000076],[119.82962585,0.147225779000048],[119.82948426,0.147426789000065],[119.829159489,0.14771599000005],[119.829002319,0.147819799000039],[119.82877637,0.147969050000027],[119.82837543,0.14819500900006],[119.8281323,0.148357269000017],[119.82799624,0.148448069000039],[119.827650709,0.148737270000029],[119.82741633,0.148956749000032],[119.82732257,0.149044549000041],[119.82721788,0.149153960000035],[119.82701127,0.149369890000057],[119.82688289,0.149519960000016],[119.82671749,0.149713309000042],[119.82642863,0.150056720000063],[119.82613135,0.15040014000005],[119.825816119,0.150716449000063],[119.82549317,0.151032760000009],[119.82516914,0.151333610000049],[119.825162229,0.15134002900004],[119.824769569,0.151593890000067],[119.82454632,0.151937610000055],[119.82450975,0.15199644000006],[119.8244793,0.152045500000037],[119.82441234,0.15215339000002],[119.82409155,0.152153430000054],[119.82409085,0.152153440000063],[119.82371385,0.152371390000038],[119.82370001,0.152379389000021],[119.823682739,0.152388819000053],[119.823302299,0.152596319000057],[119.822904589,0.152804199000064],[119.822504629,0.15301208900006],[119.822097379,0.153201910000063],[119.82204471,0.153222409000021],[119.82167946,0.153364610000034],[119.82128565,0.153427320000042],[119.821225069,0.153436960000022],[119.82098875,0.153480640000055],[119.820784709,0.153518350000061],[119.820577399,0.153660429000067],[119.82042865,0.153762379000046],[119.82012632,0.154105800000022],[119.820081439,0.154156399000046],[119.819821749,0.154449209000057],[119.81964418,0.154578660000032],[119.81946219,0.154711320000046],[119.81904989,0.154901130000037],[119.81864334,0.155090949000045],[119.81829612,0.155380160000038],[119.817969669,0.155687429000071],[119.81776165,0.155826670000056],[119.81759159,0.155940499000048],[119.81740357,0.156004970000025],[119.817169749,0.156085139000025],[119.816723769,0.156130380000029],[119.816272739,0.156166590000049],[119.815834049,0.156247970000036],[119.815537699,0.156355650000024],[119.815411079,0.156401649000024],[119.814992189,0.156573389000073],[119.81456417,0.156699960000028],[119.81411145,0.156745199000065],[119.813848479,0.156794120000025],[119.813673889,0.156826590000038],[119.81348369,0.156932730000055],[119.813285149,0.157043520000058],[119.81295171,0.157280659000031],[119.81291661,0.157305620000045],[119.81253798,0.157558689000037],[119.81211221,0.157721400000065],[119.81198322,0.157789790000034],[119.8117201,0.157929290000029],[119.81148925,0.158147420000034],[119.811394909,0.15823656900004],[119.81108136,0.158561920000069],[119.81077695,0.158894899000072],[119.81077566,0.158896309000061],[119.81077315,0.158899069000028],[119.81047277,0.159230700000019],[119.81024141,0.159493130000039],[119.81017002,0.159574119000062],[119.80986208,0.159899470000019],[119.809806289,0.15995515000002],[119.809545159,0.160215789000052],[119.80931214,0.160399530000061],[119.8092013,0.160486920000036],[119.80885592,0.160570740000024],[119.808754209,0.160595420000045],[119.80838693,0.160848489000041],[119.80803242,0.161128669000044],[119.80763246,0.161345599000068],[119.80756075,0.16140356000005],[119.8072858,0.161625770000053],[119.80699413,0.161960159000041],[119.80687596,0.162114729000055],[119.806717749,0.162321650000009],[119.806597079,0.162439060000056],[119.80645252,0.162579680000016],[119.80637023,0.162675660000054],[119.806133839,0.162951350000065],[119.80626786,0.163364899000043],[119.806133929,0.163580690000066],[119.80585863,0.164005440000028],[119.80557215,0.164348859000027],[119.80517723,0.16452963900002],[119.80495972,0.164649469000042],[119.80478345,0.164746569000036],[119.804427809,0.165026749000044],[119.80436828,0.165074170000019],[119.80407611,0.165306930000038],[119.80386517,0.165476110000041],[119.80372679,0.165587110000042],[119.80351319,0.165758360000032],[119.803377319,0.165867290000045],[119.80323492,0.166472750000029],[119.80325804,0.166556699000063],[119.80335685,0.16691552000003],[119.803364769,0.167367329000063],[119.803160629,0.167773999000073],[119.80257484,0.168018070000067],[119.80258751,0.167795730000015],[119.80261191,0.167367440000022],[119.802275269,0.167033140000047],[119.80180289,0.166933809000057],[119.80137374,0.166988090000074],[119.80124459,0.167120580000065],[119.80107421,0.167295369000044],[119.800812279,0.167693010000047],[119.80050097,0.168027409000038],[119.80022494,0.168301329000025],[119.800163999,0.168361800000061],[119.80001823,0.168473639000073],[119.79981061,0.168632950000068],[119.799527279,0.168606530000035],[119.799423509,0.168596860000039],[119.7994062,0.168592460000061],[119.79899714,0.168488480000066],[119.79863285,0.168679109000027],[119.79858259,0.168705420000041],[119.79849485,0.168978700000029],[119.79844913,0.169121110000034],[119.7983503,0.169415349000076],[119.798309499,0.169536810000061],[119.797893969,0.169744710000033],[119.7978427,0.169817280000064],[119.79764494,0.170097169000024],[119.797509239,0.170549009000061],[119.79744767,0.170592920000049],[119.79716707,0.170793040000029],[119.79673302,0.170955759000038],[119.79668852,0.170987410000057],[119.79636448,0.171217879000046],[119.79609892,0.171408490000029],[119.7959993,0.171479989000031],[119.79584191,0.171546300000037],[119.79557016,0.171660779000031],[119.795474289,0.172067440000043],[119.79546318,0.172183509000037],[119.795430179,0.172528299000016],[119.7952648,0.172727770000049],[119.795137949,0.172880770000057],[119.795021599,0.173128820000033],[119.79495568,0.173269360000067],[119.794987869,0.173730220000036],[119.79485946,0.174182060000012],[119.794453839,0.174082720000053],[119.794284369,0.174069120000076],[119.79400448,0.174046639000036],[119.793807017,0.174478931000063],[119.79375267,0.174597909000056],[119.79393127,0.175004520000063],[119.794242099,0.175115439000027],[119.79436158,0.175158080000071],[119.79463457,0.175419839000019],[119.79468196,0.175465269000027],[119.79467645,0.175700250000025],[119.794671359,0.175917100000052],[119.79428375,0.176143070000018],[119.7938882,0.175872029000056],[119.79352636,0.175953410000025],[119.79337084,0.176122520000035],[119.793193879,0.176314919000047],[119.793045239,0.176548870000034],[119.79295271,0.176694490000037],[119.79276202,0.177028869000016],[119.792688389,0.177163060000045],[119.792543849,0.177426510000038],[119.7923275,0.177824150000048],[119.79228075,0.177909370000052],[119.792109329,0.178221790000068],[119.792047239,0.178330710000067],[119.791887789,0.178610389000023],[119.79174013,0.178862549000025],[119.79166022,0.178999000000002],[119.79152989,0.179212990000043],[119.79142354,0.179387600000039],[119.79117732,0.179758140000052],[119.79104692,0.179955119000052],[119.79092604,0.180137710000053],[119.79069368,0.180473790000063],[119.79066986,0.180508249000062],[119.790408489,0.180878780000055],[119.79014263,0.181240289000075],[119.79001047,0.181416740000023],[119.789871859,0.181601790000059],[119.78959646,0.181963289000061],[119.78931601,0.182315760000046],[119.789030519,0.182659189000053],[119.788809909,0.182918580000035],[119.788738429,0.183002630000029],[119.788440579,0.183337020000066],[119.78813825,0.183671419000066],[119.787832559,0.184005820000027],[119.78752363,0.184331190000024],[119.787497879,0.184358949000058],[119.787230975,0.184646695000024],[119.78721345,0.184665589000072],[119.78694489,0.184945770000072],[119.786901579,0.184990950000041],[119.78657456,0.185298250000063],[119.78629822,0.185541220000059],[119.78623534,0.18559651000003],[119.786155219,0.185665019000054],[119.7858971,0.185885729000071],[119.785639769,0.186131779000042],[119.78545285,0.186310520000052],[119.78535663,0.18640358900006],[119.785125829,0.18662685000004],[119.78478591,0.186916070000044],[119.78442536,0.187187230000068],[119.78405738,0.187449350000051],[119.78376597,0.187646169000054],[119.78368267,0.187702430000061],[119.78345529,0.187842319000023],[119.78330066,0.187937440000036],[119.78328812,0.187944710000068],[119.7829108,0.188163420000019],[119.78251322,0.188371320000038],[119.78223905,0.188478799000057],[119.7820981,0.18853404900005],[119.78192001,0.188590250000056],[119.781668379,0.188669670000019],[119.78123418,0.188796249000059],[119.78080504,0.18894090000003],[119.78039216,0.189103629000037],[119.779995,0.189311539000072],[119.77960626,0.189546550000033],[119.77945235,0.189645640000036],[119.779227189,0.189790600000037],[119.77902632,0.189933029000034],[119.778857529,0.190052720000042],[119.7784974,0.190314840000045],[119.77835704,0.190430639000058],[119.77814682,0.190604070000057],[119.77807358,0.19066648900002],[119.77780745,0.190893299000029],[119.777480569,0.191209629000061],[119.77717039,0.191534999999992],[119.776878159,0.191878440000041],[119.776744339,0.192047299000019],[119.77659883,0.192230909000043],[119.776520559,0.19233606000005],[119.776329739,0.19259242000004],[119.77621385,0.192757790000027],[119.77607006,0.192962959000051],[119.775854,0.193287890000014],[119.77581766,0.193342550000076],[119.775571999,0.193722119000032],[119.77533153,0.194101700000028],[119.77512687,0.194431479000055],[119.775095969,0.194481279000058],[119.775082819,0.194503389000037],[119.774864889,0.194869890000069],[119.77470765,0.195146699000015],[119.774665229,0.195221381000065],[119.774639009,0.195267540000024],[119.7744186,0.195656149000056],[119.7742146,0.196033800000062],[119.77420379,0.19605380000007],[119.773994599,0.196451449000041],[119.77389102,0.196663189000045],[119.773795649,0.196858130000062],[119.77378828,0.196875929000045],[119.77362349,0.197273850000041],[119.77346648,0.197698590000073],[119.77336643,0.197968500000059],[119.77330904,0.198123339000059],[119.77326728,0.198230209000026],[119.77314305,0.198548089000041],[119.773092659,0.198668660000071],[119.773060829,0.198744819000066],[119.77301463,0.198855360000035],[119.772904589,0.199117859000062],[119.77284037,0.199271079000024],[119.772720889,0.199570740000063],[119.772671009,0.199695829000064],[119.77263409,0.199797140000035],[119.77251624,0.200120580000023],[119.77243181,0.200380829000032],[119.77237845,0.200545320000057],[119.772335511,0.200690381000076],[119.772250049,0.200979100000035],[119.77213119,0.201421920000027],[119.77202144,0.20185569900002],[119.77192671,0.202298509000056],[119.771882309,0.202635910000022],[119.771879295,0.202658800000047],[119.771868429,0.20274131900004],[119.77181648,0.203193160000072],[119.77176596,0.203539270000021],[119.771730739,0.203780560000041],[119.77167135,0.204232400000023],[119.771627809,0.204675200000052],[119.771625823,0.204700653000029],[119.771593089,0.205119999000033],[119.77159254,0.205127039000047],[119.77156191,0.205578879000028],[119.771544949,0.205827779000068],[119.77153113,0.206030719000071],[119.77150162,0.206421260000066],[119.77149698,0.206482559000045],[119.77149233,0.206531480000017],[119.77145401,0.206934400000012],[119.77141392,0.207254449000056],[119.77139854,0.207377200000049],[119.771324009,0.207829050000042],[119.771211193,0.208253265000053],[119.77120865,0.208262829000038],[119.7711637,0.208395850000042],[119.77106511,0.208687579000069],[119.770916779,0.209120599000075],[119.770916509,0.209121370000036],[119.770787139,0.209555150000027],[119.77073719,0.209800210000028],[119.77069689,0.209997960000055],[119.77067931,0.210129079000063],[119.770637499,0.210440770000044],[119.77059789,0.21089261000003],[119.77057978,0.211163399000038],[119.77056768,0.211344450000073],[119.77054758,0.211644900000062],[119.77053746,0.211796289000057],[119.77052323,0.211960930000027],[119.770498409,0.21224812900004],[119.77047914,0.212476890000059],[119.77046034,0.212699969000025],[119.77106916,0.214061619000056],[119.77151646,0.215051849000027],[119.77162043,0.215281999000066],[119.771623699,0.215286869000063],[119.772254102,0.21622447200001],[119.7722567,0.216228350000045],[119.772612589,0.216779670000043],[119.772998409,0.217223410000028],[119.77349441,0.217500700000076],[119.77371485,0.217611609000073],[119.77399043,0.217944420000037],[119.77406094,0.218039019000054],[119.77432114,0.21838816000007],[119.77466633,0.21869693900004],[119.77481717,0.218831880000035],[119.775129949,0.219496120000027],[119.77544151,0.219821380000038],[119.775564889,0.219942730000069],[119.77576303,0.220137599000052],[119.77579172,0.220164730000011],[119.77608791,0.220444790000051],[119.77640822,0.220759819000027],[119.77640943,0.220761009000053],[119.77672212,0.221086270000052],[119.77702288,0.22142056900002],[119.777200299,0.221625390000047],[119.77732028,0.221763900000034],[119.77752767,0.221999690000067],[119.777614309,0.222098199000069],[119.77772424,0.222227740000044],[119.77790568,0.222441540000031],[119.778007909,0.222565940000034],[119.77819523,0.222793910000057],[119.77840471,0.223044240000039],[119.778482529,0.223137249000052],[119.77876886,0.223489620000069],[119.77905391,0.22383295900004],[119.7793199,0.224203410000024],[119.779414929,0.224340310000052],[119.77957706,0.224573859000027],[119.779719809,0.22476149900006],[119.77985202,0.224935270000053],[119.78016849,0.225242450000052],[119.780508519,0.225540589000051],[119.780863269,0.225820660000061],[119.78099145,0.225912450000062],[119.781229099,0.226082649000028],[119.78160446,0.22633560000002],[119.78198543,0.226579510000012],[119.78217474,0.226690429000039],[119.782370889,0.226805360000069],[119.78275985,0.227031190000052],[119.78312061,0.227238929000069],[119.78315204,0.227257030000019],[119.783371409,0.227377439000058],[119.78354703,0.227473830000056],[119.78394371,0.227681600000031],[119.78422562,0.227828629000034],[119.784342059,0.227889360000051],[119.78474154,0.22809712000003],[119.78489762,0.228178269000061],[119.78514116,0.228304889000064],[119.7855412,0.228503610000072],[119.78557074,0.228509019000054],[119.78598497,0.228584849000074],[119.78633902,0.228846850000023],[119.78669082,0.229135939000055],[119.78670778,0.22914874000003],[119.78705006,0.229406970000076],[119.78723396,0.229544269000024],[119.78741308,0.229677999999996],[119.78774558,0.229895680000022],[119.78778564,0.229921909000036],[119.788033239,0.230065720000027],[119.78817446,0.230147750000059],[119.788226059,0.230173270000016],[119.78857618,0.230346469000036],[119.78898702,0.230536160000051],[119.78910924,0.230589120000042],[119.78940388,0.230716799000042],[119.789628479,0.230798979000039],[119.78982354,0.230870340000019],[119.79024489,0.231014840000048],[119.79069649,0.231005720000031],[119.79113465,0.231086959000038],[119.79155936,0.231231460000056],[119.79176155,0.231314140000054],[119.791979029,0.231403069000064],[119.792398829,0.231574680000041],[119.792460499,0.231597090000027],[119.792821299,0.231728220000027],[119.79315594,0.231776520000036],[119.793258899,0.23179137900006],[119.79372564,0.23170093000004],[119.79400478,0.23179177000003],[119.79408638,0.231818329000024],[119.79434733,0.232197810000059],[119.79475409,0.232369420000056],[119.79517094,0.232522960000029],[119.79547911,0.232634470000052],[119.795595229,0.23267648900002],[119.796024989,0.232820990000045],[119.796337559,0.232919010000043],[119.796456989,0.232956449000031],[119.79660058,0.233001420000051],[119.79688955,0.233091910000043],[119.79707292,0.233149640000016],[119.79731986,0.233227370000063],[119.79756678,0.233294299000018],[119.79775298,0.233344759000017],[119.798194509,0.233435040000067],[119.798624259,0.233561459000035],[119.79887377,0.233658740000061],[119.79904126,0.233724030000077],[119.79943793,0.23394082900005],[119.79982226,0.234175700000033],[119.799986829,0.234276570000027],[119.80020547,0.234410569000024],[119.80042323,0.234536140000043],[119.800597089,0.234636400000053],[119.80100666,0.234808009000046],[119.801126019,0.234851260000018],[119.80143039,0.234961540000018],[119.801863509,0.235096999000059],[119.80206977,0.235148069000036],[119.80230111,0.235205350000056],[119.802739829,0.235286590000037],[119.803004309,0.23528121900005],[119.803189179,0.235277459000025],[119.80364191,0.235250259000052],[119.80408118,0.235313429000028],[119.804505889,0.235457930000043],[119.80480261,0.235571949000083],[119.80492891,0.235620489000032],[119.80535867,0.235755950000043],[119.80578968,0.235882379000028],[119.806056599,0.235960390000059],[119.806222229,0.236008800000026],[119.80665703,0.236117150000032],[119.807095189,0.236207419000037],[119.80754288,0.236288660000074],[119.807729819,0.236314639000051],[119.807997299,0.236351820000043],[119.80844835,0.236378840000031],[119.80888592,0.236360669000013],[119.80928307,0.236179870000057],[119.809446159,0.23605772000001],[119.8096572,0.235899660000026],[119.810042,0.23567368000004],[119.810075109,0.235653379000048],[119.81042553,0.235438649000052],[119.810667309,0.235290550000066],[119.81080921,0.235203629000066],[119.81119512,0.234968610000064],[119.81158441,0.234742620000017],[119.81197819,0.234525670000038],[119.81237645,0.234299679000056],[119.812712369,0.234151100000023],[119.81278524,0.234118870000029],[119.81303498,0.234044609000018],[119.813211009,0.233992270000036],[119.813229159,0.233989660000006],[119.81365194,0.23392892900005],[119.81391439,0.233907790000034],[119.81410185,0.233892689000062],[119.81455456,0.233874529000035],[119.8150056,0.233874439000025],[119.815132,0.233876959000036],[119.815453839,0.233883380000056],[119.815902079,0.233901370000076],[119.81634976,0.233946460000029],[119.81667754,0.233979500000031],[119.81679702,0.233991549000044],[119.81684207,0.233997020000066],[119.81724246,0.234045669000073],[119.81749393,0.234086540000007],[119.81768678,0.234117880000045],[119.8179017,0.234152889000022],[119.81812998,0.234190080000073],[119.81857262,0.234271309000064],[119.8187662,0.234302810000027],[119.81901638,0.234343510000023],[119.81926866,0.234374290000068],[119.819460129,0.234397640000044],[119.81961811,0.234410360000032],[119.81990781,0.234433700000069],[119.82036109,0.234433599000046],[119.82067603,0.234414610000038],[119.82081213,0.234406399000021],[119.82089923,0.234392069000014],[119.82125193,0.234334020000054],[119.82167586,0.234208469000056],[119.82167938,0.234207430000029],[119.822100649,0.234053729000032],[119.82251799,0.233881950000063],[119.82284278,0.233747909000032],[119.822934209,0.233710179000055],[119.82303538,0.233668639000031],[119.82335254,0.233538410000058],[119.823613699,0.233433729000065],[119.8237811,0.233366629000035],[119.82395428,0.233284650000024],[119.82422031,0.233158710000053],[119.824621939,0.232932720000067],[119.82483429,0.232796530000035],[119.824964149,0.232713239000015],[119.825074529,0.232468630000026],[119.82507524,0.232467080000053],[119.825011929,0.232138129000022],[119.82494174,0.231773450000043],[119.824963889,0.231393060000067],[119.825112,0.231233230000042],[119.82527499,0.231057360000014],[119.825591829,0.230929699000046],[119.82560836,0.230923030000039],[119.82607507,0.230699180000046],[119.82638618,0.230408229000032],[119.82649044,0.230349690000011],[119.826686679,0.23023950900006],[119.82709897,0.230049660000022],[119.827196099,0.230004569000069],[119.82750789,0.229859820000055],[119.82790896,0.229660939000045],[119.82808436,0.229562630000029],[119.82831213,0.229434960000047],[119.82845143,0.229299159000046],[119.82862734,0.229127659000031],[119.828827889,0.229000619000032],[119.829008579,0.228886149000063],[119.829111529,0.228704689000038],[119.82918633,0.228572850000025],[119.82916521,0.228509119000026],[119.82903065,0.228102990000017],[119.828808319,0.227722649000038],[119.828697099,0.227297530000041],[119.8285859,0.226917160000022],[119.82854794,0.226675449000027],[119.82851914,0.22649203000002],[119.82851911,0.226375460000034],[119.828519069,0.226178770000046],[119.828518999,0.225775999000055],[119.828546109,0.225488789000056],[119.828563359,0.225306099000021],[119.82860104,0.225106739000074],[119.82865217,0.224836190000068],[119.828763219,0.224411030000051],[119.82891874,0.224075360000031],[119.82911518,0.223762569000019],[119.82915081,0.223705829000043],[119.829249369,0.22360531900005],[119.82946098,0.22338951000006],[119.82950615,0.223250670000027],[119.829602119,0.222955740000026],[119.82981691,0.222558109000031],[119.829860319,0.222435389000045],[119.82996717,0.222133380000063],[119.83005662,0.221852060000055],[119.830099339,0.221717690000048],[119.8303938,0.221383290000058],[119.83072696,0.221066959000038],[119.83105845,0.220759659000062],[119.83110344,0.220730500000057],[119.83156047,0.220434259000052],[119.8319569,0.220208280000064],[119.83207262,0.220127330000015],[119.83231869,0.219955200000066],[119.83260744,0.21959949000006],[119.83271156,0.219407209000059],[119.83274075,0.219353329000056],[119.832874019,0.218928159000026],[119.8328072,0.218167400000027],[119.83287379,0.217652740000068],[119.8330293,0.217294699000022],[119.833251479,0.216847150000035],[119.8333759,0.216648740000039],[119.833518109,0.216421959000052],[119.833640879,0.216331290000029],[119.833851459,0.216175760000053],[119.83416519,0.216050410000037],[119.83423105,0.216024099000025],[119.83436282,0.216005710000042],[119.83468488,0.215960760000026],[119.83489045,0.215948669000048],[119.83514712,0.215933570000065],[119.835526949,0.215929869000038],[119.83558505,0.215929300000029],[119.835761869,0.215937840000036],[119.83604414,0.215951470000045],[119.836127679,0.215959889000029],[119.836491809,0.215996569000022],[119.83693444,0.216068769000049],[119.837166359,0.216116319000036],[119.837374829,0.216159050000034],[119.83765213,0.216215950000049],[119.83781479,0.216249330000045],[119.8380018,0.216287619000068],[119.83825574,0.216339609000033],[119.83838228,0.216357620000051],[119.838699489,0.216402779000018],[119.83914604,0.216438840000016],[119.839594829,0.21646586000003],[119.840044739,0.216474810000016],[119.84018111,0.21648303000005],[119.84049353,0.216501840000027],[119.84094063,0.21652886000004],[119.84127005,0.21656879000005],[119.84138718,0.216582989000067],[119.84183654,0.216655199000054],[119.84193997,0.216680770000037],[119.842274689,0.216763550000053],[119.84236916,0.216798920000031],[119.842684789,0.216917079000032],[119.84304233,0.217197140000043],[119.84309999,0.217242170000023],[119.843400849,0.217477190000053],[119.843830589,0.21762167900004],[119.84425018,0.217504130000052],[119.84455825,0.217460379000043],[119.84469614,0.217440799000035],[119.84513765,0.217513000000002],[119.845243789,0.217551779000072],[119.84555785,0.217666539000037],[119.84588591,0.217816220000036],[119.84597357,0.217856210000038],[119.846391529,0.218027819000043],[119.84682126,0.218109060000064],[119.84727227,0.218018619000019],[119.847675779,0.218199260000064],[119.848110559,0.218334719000031],[119.848386549,0.218378899000067],[119.8485616,0.218406920000059],[119.84888484,0.218345720000055],[119.84904953,0.218314529000055],[119.84918344,0.218098740000067],[119.8491835,0.218098733000028],[119.849860199,0.217987200000037],[119.85046474,0.217926219000047],[119.85077835,0.217909520000029],[119.85128539,0.217608050000016],[119.85158527,0.217318619000028],[119.85184742,0.217105100000026],[119.852265799,0.216933600000055],[119.85226643,0.216933340000032],[119.85269612,0.216806750000044],[119.85333476,0.21653824000003],[119.85360965,0.216273970000021],[119.85374703,0.215795849000079],[119.85405937,0.215305120000035],[119.854077959,0.215130120000022],[119.854096799,0.214952830000063],[119.85412719,0.214824219000025],[119.854159239,0.214688610000051],[119.85449661,0.214386589000065],[119.85503399,0.214386490000025],[119.8554964,0.214436729000057],[119.85571054,0.214448660000076],[119.85594631,0.214461800000034],[119.856151669,0.214490279000067],[119.856308739,0.214512059000064],[119.8566835,0.214587439000069],[119.85674616,0.214600050000055],[119.85698628,0.214530170000047],[119.857308509,0.214436379000059],[119.85767046,0.214446160000027],[119.857770909,0.214448880000019],[119.858033359,0.214499159000065],[119.85818336,0.214650100000027],[119.85834584,0.214725560000037],[119.8583571,0.214720230000069],[119.858371826,0.214713261000032],[119.85851385,0.214646049000061],[119.858620709,0.214373230000027],[119.858834549,0.21438452000006],[119.85909561,0.214398299000032],[119.85925202,0.21441217000006],[119.85952053,0.214435969000016],[119.859810619,0.214491160000029],[119.859982939,0.214523950000053],[119.860011383,0.21453094400004],[119.86020413,0.214578339000064],[119.860545349,0.21466224000004],[119.86077076,0.214754380000044],[119.86094529,0.214825719000029],[119.86113976,0.214878390000022],[119.86115683,0.21488301300007],[119.86127023,0.214913730000026],[119.861770159,0.215089779000031],[119.86198264,0.215228130000065],[119.86216691,0.21526122000006],[119.862332569,0.215290969000023],[119.86273251,0.215454450000038],[119.862852412,0.215477061000067],[119.863057339,0.215515710000032],[119.86313244,0.215529870000057],[119.86361986,0.215680750000043],[119.86382531,0.215831839000037],[119.86394483,0.215919729000054],[119.864040879,0.215963919000047],[119.864378313,0.216119130000038],[119.86438227,0.216120950000052],[119.86455062,0.216349659000046],[119.86463228,0.216460600000059],[119.86477428,0.216542260000042],[119.86489475,0.216611529000019],[119.86499222,0.216705349000041],[119.865176107,0.216882356000038],[119.865182239,0.21688826000007],[119.86537802,0.217108479000044],[119.865394729,0.217127270000043],[119.86564474,0.217466919000059],[119.865727834,0.21753262000003],[119.865819729,0.217605280000038],[119.866389159,0.217726430000022],[119.86646961,0.217743550000017],[119.866944539,0.217944760000029],[119.86703146,0.217983240000022],[119.867257,0.21808309000005],[119.86768191,0.218158500000065],[119.86796951,0.218114050000055],[119.868179629,0.218068360000063],[119.86834424,0.218032560000032],[119.86834815,0.218030980000038],[119.868594159,0.217931860000028],[119.86875655,0.217504060000073],[119.86871901,0.217277609000053],[119.86874458,0.217116560000009],[119.86876894,0.216963070000012],[119.86870633,0.216271110000036],[119.869132628,0.216717278000021],[119.869331309,0.216925220000061],[119.869655539,0.216983529000058],[119.869759899,0.217002290000042],[119.86978925,0.216935670000054],[119.869893639,0.216698639000065],[119.87060596,0.216610439000015],[119.87105583,0.216471960000038],[119.87152055,0.216527569000057],[119.87158072,0.216534769000006],[119.87200564,0.216622750000059],[119.87221483,0.216646110000042],[119.87234307,0.216660430000052],[119.872830439,0.216572269000032],[119.87301577,0.216530099000053],[119.873217839,0.216484129000043],[119.87329292,0.217025109000081],[119.87346789,0.217100560000067],[119.8736042,0.217010600000024],[119.87364033,0.21671814900002],[119.87365526,0.216597279000036],[119.87371825,0.216586690000041],[119.8738802,0.216559490000064],[119.873918169,0.21659919000006],[119.87400878,0.216693910000069],[119.87436285,0.216714100000039],[119.87451758,0.216722919000067],[119.87478099,0.216795190000021],[119.87493001,0.216836080000058],[119.87517624,0.216942259000064],[119.87545493,0.21706243900007],[119.87580486,0.217125280000054],[119.876204769,0.217175519000018],[119.876558789,0.216973889000035],[119.876871247,0.216861218000013],[119.87692654,0.216841280000041],[119.87694204,0.216835690000041],[119.87709193,0.216470810000035],[119.87709195,0.216470720000065],[119.87716706,0.21592992900002],[119.8771679,0.21593032000004],[119.87776314,0.216206430000052],[119.87778085,0.216214639000031],[119.87814161,0.216042849000069],[119.878603939,0.215753390000034],[119.87878031,0.21531086900005],[119.87921618,0.215136799000045],[119.879432799,0.215153969000016],[119.879691079,0.215174449000078],[119.88014741,0.215464220000057],[119.880453499,0.215387910000067],[119.88055341,0.215362999999998],[119.880710859,0.21517421900006],[119.88081579,0.215048419000028],[119.8809299,0.214990950000064],[119.88124065,0.214834460000015],[119.88148219,0.21456942000003],[119.8818654,0.214318520000063],[119.882097449,0.214264559000068],[119.88235276,0.214205190000027],[119.88274033,0.21409932000006],[119.88289174,0.213975220000057],[119.88310251,0.213802450000057],[119.88349908,0.213611250000027],[119.883821569,0.213303969000029],[119.88410865,0.213068190000057],[119.884164609,0.213022220000021],[119.88419144,0.212993129000034],[119.88448947,0.212669890000021],[119.8848268,0.212229490000028],[119.88500988,0.21207487900005],[119.885386749,0.211886159000077],[119.885406999,0.211876019000039],[119.88576316,0.211595839000044],[119.886114699,0.211412840000031],[119.88616252,0.211387939000067],[119.886302585,0.211338231000072],[119.88659555,0.211234260000014],[119.88706354,0.211008700000037],[119.88748842,0.210958300000074],[119.88796599,0.211056830000063],[119.887975819,0.211058850000024],[119.88843823,0.211146839000027],[119.888800339,0.211271750000033],[119.888875649,0.211297729000027],[119.88931308,0.211536690000058],[119.88950717,0.211690149000049],[119.88966305,0.211813400000026],[119.88990124,0.212061120000039],[119.89029368,0.212579340000043],[119.89036869,0.21262711000002],[119.89068082,0.212825939000029],[119.891178249,0.213147729000066],[119.89126733,0.213221560000013],[119.89148026,0.213398029000064],[119.89176453,0.213701980000052],[119.89205797,0.214030970000065],[119.892133838,0.214081944000045],[119.89229487,0.214190140000026],[119.89243442,0.214283899000058],[119.89276423,0.214442520000037],[119.892828809,0.214473580000055],[119.89348777,0.214953429000043],[119.893700279,0.215156030000058],[119.89382533,0.215275250000049],[119.89390032,0.215332959000025],[119.894106511,0.21549163900004],[119.89412734,0.215507670000021],[119.89453699,0.215629780000019],[119.89460697,0.215650640000031],[119.89481726,0.215715730000063],[119.89506883,0.215793609000054],[119.895512929,0.215936580000057],[119.8957906,0.215979530000024],[119.89597478,0.216008019000073],[119.89640112,0.216150999999994],[119.896666189,0.216288430000009],[119.89675443,0.216334179000055],[119.897191439,0.216442520000042],[119.89761891,0.216568940000062],[119.89783539,0.216664260000065],[119.89802914,0.216749570000047],[119.898101759,0.216794020000074],[119.89825208,0.216886019000067],[119.8983426,0.216941419000012],[119.898731941,0.217244546000073],[119.89876913,0.217273499000035],[119.89910296,0.217571609000059],[119.89942739,0.217887799000042],[119.89957495,0.218035769000027],[119.8997427,0.218203979000058],[119.89990377,0.21838037000004],[119.90004793,0.218538239000045],[119.90025908,0.218784789000028],[119.90034193,0.218881539000052],[119.90053569,0.219124269000007],[119.90062318,0.219233879000058],[119.90066832,0.219293950000064],[119.90089475,0.219595250000061],[119.90115846,0.21995662000005],[119.90133358,0.220207789000027],[119.90141671,0.220327030000014],[119.90152016,0.220477789000017],[119.90167089,0.220697440000031],[119.901828849,0.220935870000061],[119.90192227,0.221076890000063],[119.902071789,0.22130359000004],[119.90217253,0.221456340000026],[119.902214159,0.221517790000066],[119.90242349,0.221826750000046],[119.90264738,0.222215240000032],[119.90286064,0.222703119000069],[119.902982038,0.22297700800003],[119.90304485,0.22311872000006],[119.90304623,0.223119980000022],[119.90333958,0.223388350000053],[119.903379094,0.223475921000043],[119.903379094,0.223521081000048],[119.90343029,0.223589370000077],[119.90442942,0.225533069000052],[119.904429459,0.225749690000029],[119.9044295,0.225934550000021],[119.90453737,0.226322099000064],[119.904562519,0.226412460000051],[119.904733499,0.226737420000068],[119.90476128,0.226923669000022],[119.90479054,0.227119759000053],[119.90482864,0.227731519000034],[119.9049867,0.228208550000032],[119.90501866,0.228305010000038],[119.90514114,0.228565200000042],[119.90518964,0.228668209000033],[119.905322679,0.229241710000058],[119.90540827,0.229514370000049],[119.905436689,0.229604920000038],[119.905453985,0.229672020000062],[119.905446307,0.229668924000063],[119.905792417,0.230833680000042],[119.90585252,0.23163160000007],[119.90585252,0.231952840000011],[119.905962543,0.232447008000059],[119.905953442,0.232445097000031],[119.905952979,0.232444999000055],[119.905953469,0.232447529000064],[119.905765259,0.233119700000021],[119.90562035,0.233382429000067],[119.905494179,0.233588930000053],[119.905388469,0.233761940000013],[119.90534263,0.233845060000019],[119.90524356,0.234024669000068],[119.90513248,0.234170110000039],[119.904953699,0.234404190000024],[119.904692829,0.23475451000007],[119.904403009,0.235367540000026],[119.904146669,0.235677360000065],[119.90396822,0.235893040000052],[119.903897009,0.23592870000004],[119.9034941,0.23613050900002],[119.90316156,0.236398450000015],[119.903094576,0.236504331000043],[119.90298259,0.23668134900004],[119.902820589,0.237007690000038],[119.90277971,0.237090039000061],[119.90224811,0.23790263000007],[119.90206196,0.238357820000033],[119.90205513,0.238374509000028],[119.902029119,0.238410540000071],[119.901823249,0.238695639000065],[119.90156357,0.238973489000041],[119.90142967,0.239189270000053],[119.90140883,0.239368019000031],[119.90138852,0.239542220000028],[119.90127694,0.23974666000004],[119.901093449,0.240082889000059],[119.901071561,0.240171110000065],[119.90095588,0.240637359000056],[119.9009427,0.240690479000015],[119.900912169,0.240755820000064],[119.90070141,0.241206959000059],[119.90052045,0.241632290000028],[119.90032637,0.242135030000037],[119.90030934,0.242179134000022],[119.90008442,0.242519790000069],[119.90005549,0.24284088000007],[119.89992268,0.243242280000061],[119.89991062,0.243278740000046],[119.899765769,0.243862559000029],[119.899223459,0.244123560000048],[119.899041019,0.24432974000006],[119.898780149,0.244680070000068],[119.89857727,0.24503037900007],[119.898461369,0.24538068000004],[119.89837445,0.245672590000023],[119.898211139,0.245860870000052],[119.89821118,0.24607663000006],[119.89807738,0.246705939000041],[119.89805921,0.246999529000048],[119.89804731,0.247191990000026],[119.89811319,0.247250920000053],[119.898318929,0.247434960000012],[119.898361968,0.247514352000049],[119.898359789,0.24752198000004],[119.898233544,0.247963837000044],[119.898232256,0.247963150000032],[119.897941454,0.248378581000039],[119.897962226,0.249250988000032],[119.898079472,0.249626176000037],[119.897987589,0.250108290000063],[119.897927349,0.250594350000016],[119.89794212,0.250757509000037],[119.8979576,0.250928510000041],[119.897930529,0.251092210000009],[119.89786719,0.251475329000069],[119.89782609,0.251973240000036],[119.897806999,0.252204420000054],[119.89780711,0.252660090000063],[119.897716679,0.253115780000033],[119.897716689,0.253139029000075],[119.897716779,0.253541069000043],[119.89768669,0.253935990000052],[119.89777735,0.254543529000033],[119.897777369,0.254619890000064],[119.897777439,0.254938440000038],[119.89768702,0.255394130000074],[119.89783803,0.256032039000043],[119.89783808,0.256254720000072],[119.89783814,0.256518080000038],[119.89783826,0.257030940000044],[119.89783826,0.257034509000054],[119.8978447,0.257092720000055],[119.897898729,0.257581300000031],[119.89786405,0.257826119000071],[119.89783848,0.258006610000054],[119.89795929,0.258492630000036],[119.89793733,0.258825380000067],[119.89792922,0.258948300000043],[119.89795952,0.25952547900005],[119.897959559,0.259694769000016],[119.8979596,0.259859640000046],[119.89792949,0.260163420000015],[119.897929509,0.260219970000045],[119.89792958,0.260527960000036],[119.89791886,0.260668689000044],[119.89789949,0.260922879000011],[119.89789959,0.261338229000047],[119.8978996,0.261408929000026],[119.897867142,0.261572504000075],[119.89786631,0.26157670000003],[119.897809179,0.261864620000036],[119.89775355,0.262251310000068],[119.89775364,0.262636910000023],[119.89775365,0.262673089000024],[119.89775038,0.26269123000003],[119.89767757,0.263094899000067],[119.89763957,0.263478350000065],[119.897715859,0.263976800000028],[119.897715939,0.264295760000037],[119.89771597,0.264436930000045],[119.89783032,0.264820339000042],[119.89775758,0.265297049000012],[119.897754259,0.265318829000016],[119.89775428,0.265396139000065],[119.89775437,0.265778959000039],[119.8977544,0.265928849000025],[119.89775448,0.266277430000058],[119.897751061,0.266299841000036],[119.89767843,0.266775920000033],[119.897488129,0.267389470000067],[119.897107419,0.268118099000051],[119.89707221,0.268231630000057],[119.89691713,0.268731649000066],[119.89672678,0.26911514000005],[119.896269829,0.269537030000029],[119.895965199,0.269843860000031],[119.89580492,0.269879750000035],[119.89562242,0.269920630000057],[119.89535584,0.270035719000007],[119.8948607,0.270074190000059],[119.89444559,0.270170729000028],[119.89436559,0.270189340000048],[119.89419475,0.270318390000046],[119.89406094,0.270419480000049],[119.89409913,0.270841249000052],[119.89410704,0.270869109000043],[119.89417537,0.271109639000024],[119.89413552,0.271290380000028],[119.89409927,0.271454760000036],[119.89413743,0.271761499000033],[119.89413746,0.271875409000076],[119.894137489,0.271991569000009],[119.89416984,0.272321790000037],[119.89419048,0.272532469000052],[119.89417578,0.272819350000011],[119.894176229,0.27281990000005],[119.894347879,0.273025339000066],[119.89430982,0.273232850000061],[119.89427628,0.273286910000023],[119.89417593,0.273448639000044],[119.89421412,0.273870410000027],[119.894138069,0.27440724900003],[119.894184669,0.274579129000069],[119.89425243,0.274829010000078],[119.89421446,0.275327489000057],[119.894236069,0.275609320000052],[119.89425267,0.275825959000032],[119.894252729,0.276053980000029],[119.89425276,0.276171050000067],[119.89425279,0.276308660000046],[119.89425284,0.27651615000002],[119.89425296,0.277014619000057],[119.89421718,0.27726719900004],[119.89417692,0.27755146000004],[119.89413894,0.278011600000069],[119.89394862,0.278510120000018],[119.89399349,0.278690609000017],[119.894062999,0.278970220000082],[119.894025009,0.279392020000049],[119.89402512,0.279829559000055],[119.89402514,0.279890489000018],[119.893987159,0.280350629000049],[119.89394919,0.280810769000025],[119.89394932,0.281347590000037],[119.89398746,0.281577639000029],[119.89396319,0.281920939000033],[119.893949509,0.282114470000065],[119.89394075,0.282163030000049],[119.893873439,0.282536280000032],[119.893797359,0.282919740000059],[119.89368323,0.28349493000007],[119.8936072,0.284070109000016],[119.89351754,0.284522029000062],[119.89349308,0.284645300000024],[119.89341702,0.285105449000059],[119.89341709,0.28537385900005],[119.8933791,0.28579565900003],[119.89335691,0.286042129000064],[119.89334112,0.286217449000048],[119.89318883,0.286447560000043],[119.89315082,0.28675431900006],[119.893169169,0.286975380000052],[119.893189019,0.287214440000069],[119.89284633,0.287597970000044],[119.892579819,0.288019819000047],[119.89242752,0.288249930000053],[119.89236203,0.288370870000038],[119.8921991,0.28867176900008],[119.89201979,0.288888500000031],[119.89181834,0.289131999000059],[119.891323289,0.289515570000048],[119.891288129,0.289577549000054],[119.89117101,0.289784019000022],[119.890793359,0.290164399000042],[119.89079022,0.290167560000034],[119.890768909,0.290196180000056],[119.89056177,0.29047437000003],[119.890371389,0.290704490000049],[119.89001123,0.290976570000047],[119.8897621,0.291164780000036],[119.88962526,0.29130260900007],[119.889457469,0.291471610000021],[119.88935141,0.291645219000025],[119.88915289,0.291970170000073],[119.88883748,0.292252569000029],[119.88881018,0.292277009000032],[119.88876883,0.292334280000029],[119.888505579,0.292698880000035],[119.88844425,0.293100859000042],[119.88842953,0.293197369000038],[119.88854389,0.293580790000011],[119.888663805,0.293637425000042],[119.88864447,0.293690233000061],[119.88837444,0.293897948000047],[119.888187495,0.294126436000052],[119.888042094,0.294469168000036],[119.88778245,0.294604182000061],[119.887647434,0.294863827000031],[119.887616277,0.295216944000053],[119.887566539,0.295247815000033],[119.887367018,0.29537165700002],[119.887367018,0.295009229000067],[119.887325475,0.294718426000028],[119.887180074,0.294573024000039],[119.88699313,0.294614569000022],[119.886826957,0.294552254000052],[119.886910043,0.294406852000064],[119.887180074,0.294282222000053],[119.887512419,0.294095278000039],[119.887283932,0.29405373500003],[119.886785414,0.294199137000014],[119.886390754,0.294427624000034],[119.886141495,0.294884599000051],[119.886006746,0.295105097000031],[119.8859162,0.295115250000031],[119.88572583,0.295383709000012],[119.885535389,0.295383760000045],[119.88520923,0.295634990000049],[119.885126,0.295699098000062],[119.884957515,0.295653146000057],[119.884687485,0.295528517000038],[119.884313596,0.295383117000033],[119.883918937,0.295237716000037],[119.883669678,0.295113085000027],[119.883420419,0.29490537100002],[119.883108845,0.294531482000021],[119.883108251,0.294530591000067],[119.882734957,0.293970650000059],[119.882361068,0.293721391000016],[119.881945637,0.293451359000076],[119.881218632,0.293139787000021],[119.880470855,0.293056700000029],[119.880076195,0.292911299000027],[119.879764621,0.292578954000011],[119.879369961,0.292392009000031],[119.878996073,0.292329694000035],[119.878185982,0.292225837000046],[119.877438205,0.292288152000026],[119.877399568,0.292270765000068],[119.877022773,0.292101207000026],[119.876358083,0.292059665000066],[119.875818022,0.29181040600002],[119.875215646,0.291831177000063],[119.874862529,0.292101207000026],[119.874126595,0.292670516000042],[119.8741105,0.292677610000048],[119.87387965,0.292779350000046],[119.873460789,0.293201250000033],[119.87336407,0.293261200000071],[119.87331296,0.293292880000027],[119.87296571,0.293508140000019],[119.87285149,0.293699890000027],[119.87235644,0.294083469000036],[119.87201371,0.294351969000049],[119.87182738,0.29457718900005],[119.87182332,0.294582090000057],[119.87174593,0.294738029000026],[119.87151877,0.295195690000066],[119.871447859,0.295381459000056],[119.87132846,0.295694220000029],[119.871100039,0.296154419000049],[119.87071926,0.296576320000035],[119.87059972,0.296756940000021],[119.87041467,0.297036540000017],[119.86999588,0.297765200000067],[119.86995705,0.297856490000067],[119.86976749,0.298302089000051],[119.869539109,0.298877320000024],[119.86927259,0.299299189000065],[119.86917822,0.29960825900002],[119.86912037,0.299797710000056],[119.8688539,0.300372960000067],[119.86866356,0.300794810000068],[119.86851133,0.301254990000074],[119.86846719,0.301403230000059],[119.868397159,0.301638470000047],[119.86816873,0.30202197900006],[119.86794032,0.302482180000021],[119.86785695,0.302666960000058],[119.867749979,0.302904019000029],[119.86759771,0.303210829000026],[119.86756838,0.303250220000049],[119.867369259,0.303517650000055],[119.86723559,0.303760020000027],[119.8671789,0.303862800000039],[119.867121449,0.30403646000002],[119.86706473,0.304207940000017],[119.86691244,0.304476399000071],[119.86659072,0.304930089000035],[119.866531689,0.305013330000055],[119.86626524,0.305665270000019],[119.86597653,0.306159679000068],[119.86588453,0.306317240000058],[119.865770339,0.306624030000016],[119.86573011,0.30688775000004],[119.8656943,0.307122539000039],[119.86561825,0.307621040000069],[119.86550411,0.308081219000029],[119.86548034,0.30829711000007],[119.86546611,0.308426330000029],[119.8653675,0.308743400000027],[119.865360269,0.308766670000067],[119.86537832,0.308893670000027],[119.86541989,0.309186060000055],[119.864982892,0.309714223000068],[119.864339236,0.309860125000058],[119.862677809,0.312479990000049],[119.862788488,0.312780404000019],[119.8623657,0.313362260000012],[119.862365799,0.313721139000049],[119.86223221,0.314035190000024],[119.86192042,0.314528730000064],[119.86174234,0.315111960000019],[119.86165337,0.315650290000063],[119.86138614,0.316143819000047],[119.86116348,0.316637340000052],[119.86116356,0.316951359000032],[119.86110881,0.316934840000042],[119.860717929,0.316816900000053],[119.86027239,0.317041320000038],[119.86004969,0.317400260000051],[119.86000861,0.317731900000069],[119.86000523,0.317759149000043],[119.86000541,0.31843203900007],[119.85982395,0.31882814900007],[119.859784795,0.31891362300007],[119.85973822,0.319015290000033],[119.85929273,0.319419149000047],[119.85920376,0.319957490000024],[119.85902563,0.32036127900005],[119.858963018,0.32046219800002],[119.85888915,0.320581260000032],[119.85880293,0.32072021900007],[119.85866936,0.321123999999999],[119.85853578,0.32148290900005],[119.858446709,0.321662370000068],[119.85838935,0.321777950000066],[119.858385262,0.321786187000037],[119.85822403,0.322111030000031],[119.85809753,0.322493450000016],[119.85809047,0.322514809000027],[119.85804858,0.322556999000022],[119.85768954,0.322918660000023],[119.85751577,0.32322499900004],[119.857511389,0.323232725000016],[119.857506946,0.323240184000037],[119.85737777,0.32345706000007],[119.85734598,0.323585219000048],[119.85728875,0.323815959000055],[119.856887879,0.324444110000058],[119.85666507,0.324399320000051],[119.85648673,0.324040489000025],[119.856461989,0.323767409000013],[119.85644203,0.323547049000064],[119.85613009,0.323457419000024],[119.85578017,0.323739390000058],[119.855684589,0.323816420000078],[119.85548182,0.324057800000041],[119.85519459,0.324399740000041],[119.85479355,0.324399849000031],[119.85408063,0.324579490000079],[119.85372423,0.324848750000059],[119.8531896,0.32520778000002],[119.85238763,0.325611750000062],[119.85201872,0.325828530000017],[119.851853,0.325925920000028],[119.851839979,0.325939029000037],[119.85136297,0.326419520000051],[119.85114319,0.326600650000039],[119.85087292,0.326823399000034],[119.85053439,0.327121780000027],[119.85051653,0.327137520000053],[119.85029384,0.327541320000016],[119.85008447,0.327775660000036],[119.849892919,0.32799003900004],[119.84962432,0.328362080000037],[119.84953658,0.32848360000002],[119.849180209,0.328887440000078],[119.84909114,0.329066910000052],[119.84892977,0.329221240000033],[119.848618889,0.329674300000015],[119.848611751,0.329681541000067],[119.84835704,0.329939890000045],[119.84820023,0.33009895000004],[119.84806074,0.330239450000016],[119.84784385,0.330457929000022],[119.84767336,0.330715540000023],[119.84766568,0.330727139000025],[119.84730932,0.331175840000069],[119.8470421,0.331669380000056],[119.84703757,0.331701389000039],[119.846997629,0.331983419000037],[119.8469564,0.332212110000049],[119.84690865,0.332476900000068],[119.846596909,0.333105040000016],[119.84619599,0.33355375000002],[119.84616535,0.333630930000017],[119.84610694,0.333778080000044],[119.84561686,0.334092240000076],[119.84548593,0.334400030000045],[119.84548327,0.334406299000017],[119.84530517,0.33489981900004],[119.84526842,0.335048],[119.84521615,0.33525872000007],[119.8453945,0.335617549000058],[119.84566198,0.336021220000021],[119.845951079,0.336275730000061],[119.84601855,0.336335130000056],[119.846597839,0.336334959000059],[119.84668098,0.336530470000068],[119.84683079,0.336882740000013],[119.84698987,0.337047880000062],[119.84714406,0.337207950000046],[119.84744372,0.33755122900004],[119.84748953,0.337994520000055],[119.84759018,0.338264480000015],[119.84762332,0.338353360000044],[119.84771258,0.338846800000051],[119.84769826,0.339093280000044],[119.847668249,0.339609429000059],[119.847757449,0.339878570000057],[119.847724729,0.340026979000058],[119.84766844,0.340282329000051],[119.8476241,0.341000110000036],[119.84753505,0.34126928900003],[119.84756151,0.341362390000031],[119.84762427,0.341583289000021],[119.84762432,0.341761719000021],[119.84762437,0.341942169000042],[119.84753536,0.34230107000007],[119.84753546,0.342660969000064],[119.847535499,0.342794530000043],[119.84753564,0.343243129000028],[119.84757741,0.343578770000012],[119.847624969,0.343960869000057],[119.847625049,0.344240160000032],[119.847625139,0.344544050000017],[119.84762526,0.34494779000004],[119.8477145,0.345351500000036],[119.84773312,0.345538320000067],[119.8477592,0.345800090000063],[119.847759369,0.346383270000044],[119.84777305,0.346547960000065],[119.84780409,0.346921580000066],[119.847803329,0.347364409000023],[119.84778732,0.347514979000041],[119.847759789,0.347773930000071],[119.8478729,0.347913320000032],[119.847937899,0.347993410000067],[119.84793801,0.348043819000049],[119.84814231,0.348050133000068],[119.848335036,0.349370308000058],[119.848418123,0.349910369000039],[119.848615452,0.35041927200006],[119.848397351,0.350699690000053],[119.848584295,0.351343609000025],[119.848875097,0.351759040000038],[119.849082813,0.352257558000015],[119.849228214,0.352735304000014],[119.849456701,0.353067649000029],[119.849622874,0.353358451000022],[119.849851361,0.35362848100004],[119.849975991,0.353856969000042],[119.850142163,0.354313944000059],[119.850474509,0.354687832000021],[119.850952255,0.355103264000028],[119.851201514,0.355497924000024],[119.851243057,0.355851041000056],[119.851616945,0.356308014000031],[119.851907747,0.356328787000051],[119.852281636,0.356474187000047],[119.852510123,0.356848076000059],[119.852821697,0.357367365000073],[119.853216357,0.357886654000021],[119.853320214,0.358281315000064],[119.853507159,0.358655202000014],[119.853860275,0.358862919000047],[119.854400336,0.359361436000024],[119.854836539,0.359756097000046],[119.855750489,0.360545416000027],[119.856041291,0.360940077000055],[119.856830611,0.361313964000034],[119.857287585,0.361729396000046],[119.857806875,0.362165600000021],[119.858222306,0.362539488000031],[119.858824682,0.363017234000035],[119.859260885,0.363287265000039],[119.859904804,0.363910412000042],[119.86038255,0.364159670000044],[119.860611038,0.364429701000059],[119.861213413,0.36476204700005],[119.861587302,0.365239793000051],[119.861642365,0.365197856000057],[119.86185315,0.365522270000032],[119.86210565,0.365675680000033],[119.86222962,0.365750999999987],[119.8624326,0.365736329000069],[119.86262887,0.365722160000072],[119.862828519,0.365808219000038],[119.862908689,0.36592114000007],[119.86297118,0.366009150000012],[119.863096159,0.366134890000065],[119.8631994,0.366238760000035],[119.86299995,0.366813019000054],[119.86289837,0.366915350000055],[119.862857409,0.366956619000057],[119.862877479,0.367258280000033],[119.86288606,0.367387260000035],[119.863085799,0.367731720000051],[119.863342629,0.368248409000035],[119.86347087,0.368377430000054],[119.86357085,0.368478020000051],[119.863932079,0.368882970000067],[119.863982369,0.368995640000032],[119.86408442,0.369224309000051],[119.864281559,0.369400249000019],[119.86442062,0.369524370000023],[119.86443619,0.369588230000034],[119.86450432,0.369867710000055],[119.864671319,0.369861090000029],[119.86496403,0.369849479000037],[119.86521308,0.370210840000028],[119.865746829,0.370590169000019],[119.86557154,0.371069140000036],[119.86595434,0.371312980000029],[119.866249819,0.371464420000046],[119.86635958,0.371520670000049],[119.86668038,0.371663819000041],[119.86716524,0.371807210000035],[119.867348589,0.371856360000031],[119.867593049,0.371921910000021],[119.86816345,0.372007850000042],[119.868306189,0.372467160000039],[119.86861992,0.372581900000053],[119.868755679,0.372616020000061],[119.86907626,0.372696589000034],[119.86916079,0.373201340000034],[119.869186359,0.373354039000046],[119.869523709,0.373534640000054],[119.86974605,0.373962430000057],[119.869758479,0.373986360000058],[119.87005325,0.37432962900004],[119.870057319,0.374333840000025],[119.870367499,0.374654810000037],[119.87053352,0.374818840000044],[119.8706875,0.374970959000058],[119.870845199,0.375193770000055],[119.87085344,0.375317509000058],[119.87087386,0.37562440000004],[119.87172946,0.375796380000062],[119.87207181,0.376169489000058],[119.8722095,0.376308019000012],[119.87244266,0.376542599000064],[119.87255681,0.376772239000035],[119.872672509,0.376957529000034],[119.87283087,0.377211150000048],[119.872970029,0.377572110000076],[119.87298397,0.377608270000053],[119.872987009,0.377615620000026],[119.87304194,0.377748210000041],[119.87307099,0.377883530000005],[119.87311781,0.37810166900004],[119.8734745,0.378729580000015],[119.873489999,0.378838620000065],[119.873563819,0.379357580000026],[119.87358672,0.37961018000004],[119.87360854,0.379851010000041],[119.87387602,0.380209800000041],[119.87395652,0.380351500000061],[119.87405436,0.380523750000064],[119.87417815,0.380741660000054],[119.87423271,0.380837699000026],[119.8745002,0.381241339000042],[119.87481222,0.381555249000032],[119.87489109,0.381634589000036],[119.875035089,0.381779469000033],[119.875436,0.382234210000026],[119.87592648,0.382362340000039],[119.87634389,0.382302160000044],[119.87655029,0.382272409000043],[119.876631169,0.382370050000012],[119.87677317,0.382541489000061],[119.87685821,0.382579500000025],[119.87717427,0.382720790000061],[119.87739713,0.382900150000064],[119.877709099,0.383079480000046],[119.87784789,0.38314293000002],[119.87819933,0.383303600000031],[119.87873411,0.383482860000066],[119.87880994,0.383505730000027],[119.87917975,0.383617280000069],[119.8796254,0.38379657000007],[119.88003953,0.383838120000065],[119.88007101,0.383841279000014],[119.88038299,0.384020610000043],[119.88065047,0.384379380000033],[119.88100706,0.384738130000059],[119.88119268,0.384861950000062],[119.88130059,0.384933930000045],[119.881379199,0.384986560000069],[119.88167835,0.38518681000005],[119.882054439,0.385620709000026],[119.88212463,0.385701700000025],[119.88225803,0.385829720000062],[119.88244463,0.386008799000023],[119.882760699,0.386324950000068],[119.882788649,0.386378889000066],[119.882971339,0.386731490000046],[119.883241429,0.387092829000037],[119.88361907,0.38740894900007],[119.88378949,0.387447519000031],[119.88390435,0.387473520000076],[119.88390452,0.387972870000057],[119.88390454,0.388056690000035],[119.88395743,0.388357759000024],[119.884038479,0.388819240000027],[119.884083189,0.389267809000032],[119.884306139,0.389716320000038],[119.88452905,0.390030250000044],[119.884787529,0.390225280000034],[119.884885609,0.390299279000031],[119.8854206,0.391106550000074],[119.88561692,0.391070540000031],[119.88591072,0.391016660000036],[119.8866358,0.391067360000024],[119.88722571,0.391547559000062],[119.88752049,0.391817119000054],[119.88788143,0.392110869000017],[119.888114399,0.392300450000047],[119.888190639,0.392362490000035],[119.888183799,0.392630780000041],[119.888451259,0.392944689000041],[119.88845877,0.393004420000062],[119.88850196,0.393347639000061],[119.888421469,0.393652359000048],[119.88840696,0.393707300000068],[119.888438889,0.393899769000031],[119.888470919,0.39409282000002],[119.88868675,0.394124660000035],[119.88889727,0.394155710000056],[119.888958589,0.39634935000003],[119.88896494,0.396576770000015],[119.88898707,0.396576770000015],[119.888987219,0.396576770000015],[119.8890498,0.396808199000018],[119.889099039,0.396990260000043],[119.88904249,0.397149829000041],[119.88898775,0.397304309000046],[119.88885387,0.397520110000064],[119.88889518,0.397630890000064],[119.88898768,0.397878929000051],[119.88889871,0.39832755000002],[119.88887648,0.398507170000067],[119.88885428,0.398686430000053],[119.88885442,0.399090160000062],[119.88874374,0.399313200000044],[119.888676309,0.399449090000072],[119.888634549,0.399998180000053],[119.888631949,0.400032260000038],[119.88863208,0.400391130000057],[119.88863226,0.40091278000005],[119.888632279,0.400974290000017],[119.88862345,0.401041189000068],[119.888543399,0.401647199000024],[119.88852916,0.401776640000035],[119.888498979,0.402050939000045],[119.888438869,0.402354100000015],[119.88841002,0.402499550000075],[119.88841007,0.402645299000022],[119.88841015,0.402858420000032],[119.88854395,0.40321723900006],[119.88858864,0.403576090000057],[119.88855845,0.403850500000036],[119.88854422,0.403979829000025],[119.888602319,0.404184260000017],[119.888633449,0.404293810000072],[119.888662329,0.404424389000039],[119.88872271,0.404697510000058],[119.88875996,0.404959300000026],[119.88876739,0.405011499000064],[119.88877544,0.405068139000036],[119.888812059,0.405325489000061],[119.88872319,0.406043260000045],[119.88881244,0.406402089000028],[119.88877594,0.406512450000032],[119.88872341,0.406671280000071],[119.888626169,0.406965310000034],[119.88858988,0.407075049000071],[119.88854545,0.407433929000041],[119.88852381,0.407630640000029],[119.88850103,0.407837680000048],[119.888416269,0.408393660000058],[119.88841212,0.408420870000048],[119.888234079,0.408959230000051],[119.888234169,0.409212340000063],[119.88823424,0.409407820000066],[119.888214659,0.40946701000007],[119.8880562,0.409946179000028],[119.88816225,0.410101880000067],[119.88825456,0.410237399000035],[119.88819003,0.410393450000071],[119.88838865,0.410650880000044],[119.88834836,0.410748339000064],[119.888292829,0.410882630000059],[119.88796784,0.412054560000058],[119.88793227,0.41237783000002],[119.88787901,0.412862049000063],[119.88791609,0.413085530000041],[119.88792366,0.413131179000058],[119.88792374,0.413355469000057],[119.88790436,0.413551380000058],[119.88787935,0.413804079000038],[119.88787938,0.413881290000063],[119.88787951,0.414252659000057],[119.88787953,0.414318019000061],[119.88787954,0.414342379000059],[119.887855479,0.41458552000005],[119.88783515,0.414790980000026],[119.88781997,0.415052350000052],[119.887790859,0.415553590000049],[119.88781014,0.415930540000029],[119.88782312,0.416184399000036],[119.88779662,0.416264509000022],[119.88775357,0.41639470000006],[119.88772689,0.416529280000014],[119.887684079,0.416745180000022],[119.887722479,0.416899580000056],[119.8877538,0.417025520000029],[119.88783223,0.418242119000068],[119.887832449,0.418245629000076],[119.888039783,0.41823787900006],[119.89564285,0.417953629000066],[119.89920337,0.416931671000041],[119.89986159,0.417211139000066],[119.90023837,0.418241064000024],[119.900525389,0.418366842000075],[119.900621954,0.418409158000022],[119.900745151,0.418463144000043],[119.90108304,0.41861121000006],[119.901727579,0.418510890000046],[119.90247961,0.418393839000021],[119.902783061,0.418275232000036],[119.903153418,0.418130478000022],[119.903382069,0.418041110000041],[119.903545852,0.417832061000064],[119.904452318,0.41669557900001],[119.904609945,0.416494389000034],[119.906553684,0.415373248000031],[119.908911124,0.415395743000028],[119.911111484,0.415416737000035],[119.913801323,0.415866094000017],[119.915051034,0.416074867000018],[119.916688114,0.416074257000039],[119.918843504,0.416073452000023],[119.919177133,0.416073329000027],[119.920179824,0.416023406000019],[119.922834054,0.41589125700005],[119.923438694,0.415692324000016],[119.92584281,0.414901339000029],[119.925852118,0.414898278000053],[119.926367692,0.414619932000056],[119.928773364,0.413321169000025],[119.932113757,0.412825216000036],[119.935193176,0.413564896000016],[119.936231664,0.413522911000023],[119.936578135,0.413508904000021],[119.937938568,0.415547514000029],[119.9416934,0.414910860000017],[119.945442329,0.414275194000025],[119.94544252,0.414275160000047],[119.945442789,0.414275118000029],[119.94544382,0.414274940000035],[119.945479379,0.414269580000046],[119.9462186,0.414158130000037],[119.947997629,0.413889910000015],[119.95239833,0.413361349000062],[119.95443772,0.413181913000074],[119.95446096,0.413179870000014],[119.95350782,0.412901440000039],[119.95337661,0.412708539000043],[119.95316684,0.412400139000058],[119.95295477,0.41192618000002],[119.95269459,0.411344692000052],[119.952668099,0.410605760000059],[119.95287762,0.41007787000007],[119.9532678,0.409797080000034],[119.95342799,0.409681799000048],[119.953911449,0.409530406000044],[119.954416915,0.409372119000063],[119.95568228,0.409205929000042],[119.957359709,0.408387200000047],[119.957097189,0.407358060000029],[119.95717545,0.40630241000002],[119.956595379,0.406110279000071],[119.95584221,0.40586082000004],[119.95494694,0.405564290000029],[119.95491574,0.405566993000035],[119.95402945,0.405643800000063],[119.953477788,0.405958776000036],[119.95324317,0.406092730000064],[119.953140108,0.406238099000061],[119.95298116,0.406462300000047],[119.95281804,0.40644972700004],[119.95264036,0.406436030000066],[119.952482969,0.406145790000031],[119.95248283,0.405776320000034],[119.95271857,0.40524841900003],[119.952734383,0.404895419000069],[119.952744579,0.40466782000004],[119.952567908,0.404054240000043],[119.952455849,0.40366506900006],[119.951878834,0.402847169000037],[119.951621556,0.402562473000046],[119.95161658,0.402556970000035],[119.95140667,0.402002840000029],[119.95127541,0.40150146000002],[119.951298057,0.40133000800005],[119.951327699,0.401105580000032],[119.95209625,0.400932530000033],[119.95237607,0.400498209000035],[119.95255936,0.399891160000033],[119.95255914,0.399284170000041],[119.952351819,0.398658790000064],[119.95213663,0.398009649000073],[119.951965009,0.397491959000028],[119.951964147,0.397489350000063],[119.95195592,0.397464530000026],[119.9519561,0.397464259000058],[119.951955549,0.397463430000062],[119.95211276,0.397225860000038],[119.95232246,0.397172999000024],[119.952480709,0.397181330000019],[119.95282054,0.39719920900006],[119.95334491,0.397410150000028],[119.953588088,0.397899330000022],[119.95371218,0.398148954000018],[119.95421023,0.398069600000029],[119.954411126,0.397563469000035],[119.95441976,0.397541710000043],[119.954500175,0.397438606000035],[119.95470799,0.397172140000059],[119.954235869,0.396459760000025],[119.95407832,0.395694490000042],[119.953894156,0.39535488100006],[119.953763529,0.395114010000032],[119.953422018,0.394803163000058],[119.95321285,0.394612780000053],[119.95311168,0.394440559000031],[119.95287185,0.394032300000048],[119.95281917,0.393319769000057],[119.953448339,0.393372329000033],[119.95386244,0.393488897000054],[119.95410378,0.393556830000016],[119.95449379,0.39364591900005],[119.95468054,0.393688580000063],[119.95470411,0.393702129000076],[119.95523116,0.394005070000043],[119.955393495,0.394695381000019],[119.95541271,0.394777099000065],[119.955440707,0.394896151000072],[119.95557247,0.395456435000031],[119.955576102,0.395460088000048],[119.95580848,0.395693870000045],[119.95607059,0.395588210000017],[119.956133586,0.395369648000038],[119.95619596,0.395153240000063],[119.956226887,0.394992788000019],[119.95628,0.394717240000038],[119.956432799,0.394255220000036],[119.95651568,0.394004610000024],[119.956368675,0.393624461000053],[119.95633201,0.393529650000058],[119.956187081,0.393360829000069],[119.95583373,0.392949230000051],[119.955730538,0.39282146100003],[119.95549279,0.392527100000045],[119.955510559,0.392112270000038],[119.95551879,0.391920110000048],[119.955806999,0.391497749000049],[119.956275179,0.39137353900002],[119.95630503,0.391365620000039],[119.956829369,0.391497390000038],[119.956957838,0.392155739000028],[119.957091989,0.392843220000034],[119.957479648,0.393052111000031],[119.957826139,0.393238820000015],[119.95887484,0.393581520000054],[119.959080479,0.39351045900003],[119.95979224,0.393264500000045],[119.960061058,0.392553358000041],[119.96021128,0.392155950000073],[119.96024913,0.391901299000039],[119.960289739,0.391628110000049],[119.96047316,0.391390529000031],[119.961180959,0.391416670000067],[119.96136694,0.391440007000019],[119.96222958,0.39154825000002],[119.963239939,0.391592111000015],[119.96343547,0.391600599000074],[119.96364713,0.391555660000048],[119.96443154,0.391389119000049],[119.964614889,0.390966809000012],[119.96445712,0.389594560000025],[119.96445691,0.388987580000054],[119.964505686,0.388916107000054],[119.964745119,0.388565229000046],[119.96532184,0.388565030000042],[119.96598244,0.388786449000055],[119.966496348,0.388958701000027],[119.966501619,0.388960470000028],[119.96655574,0.388962721000033],[119.96713078,0.388986640000032],[119.96770747,0.388933650000062],[119.96802174,0.388062659000069],[119.968173089,0.387703169000024],[119.968388439,0.387191650000035],[119.96836197,0.386452730000019],[119.96846639,0.385212340000055],[119.968570959,0.38436781000007],[119.969042649,0.38389262000003],[119.969051212,0.383847710000054],[119.96917349,0.383206430000033],[119.96885875,0.382731510000037],[119.9690683,0.382256410000023],[119.96924905,0.382239018000064],[119.969618779,0.382203439000028],[119.970004668,0.382273933000019],[119.97019553,0.382308800000022],[119.97048906,0.382118691000067],[119.97056245,0.382071160000057],[119.970520019,0.381909060000046],[119.97043121,0.381569790000065],[119.97045725,0.381068359000028],[119.97140099,0.381147210000051],[119.971734359,0.381201882000032],[119.972095541,0.381261116000064],[119.97268556,0.381357880000052],[119.9735244,0.381331200000032],[119.974127225,0.381040700000019],[119.974452269,0.380344710000028],[119.974546339,0.380143290000029],[119.974472668,0.37983648000005],[119.97436258,0.379378029000065],[119.97441479,0.37871826000002],[119.974933137,0.378143847000042],[119.97493887,0.378137489000043],[119.97632792,0.377266140000064],[119.97679982,0.377397929000029],[119.97700983,0.378268729000066],[119.977046808,0.37889791900006],[119.97706256,0.379165979000035],[119.977144265,0.379281044000034],[119.97732483,0.37953535000002],[119.97774427,0.379587980000041],[119.97808676,0.378915569000072],[119.97841287,0.37827531900007],[119.97918872,0.376752079000024],[119.979898359,0.375358840000041],[119.980242441,0.374925680000046],[119.98073111,0.374310500000035],[119.981107325,0.373042298000032],[119.981259169,0.372530430000043],[119.98073012,0.371374130000045],[119.979827489,0.371031100000044],[119.97938019,0.370299419000052],[119.97994102,0.369178889000058],[119.98087733,0.368347360000023],[119.98129016,0.367935489000048],[119.98171983,0.367506819000026],[119.981719717,0.367438910000029],[119.981718412,0.366659539000064],[119.981717357,0.366031630000062],[119.98171686,0.365735960000038],[119.981752561,0.36543613900006],[119.98176958,0.365293230000014],[119.981672478,0.364807700000023],[119.981491329,0.363901940000052],[119.981245243,0.363517918000065],[119.980727249,0.362709569000063],[119.979471978,0.361722201000017],[119.97913131,0.361454240000052],[119.97762763,0.359313440000058],[119.976997479,0.358632957000047],[119.9770519,0.35865766900002],[119.97706276,0.358662599000065],[119.9770695,0.358653989000057],[119.97719772,0.358447320000043],[119.977670915,0.357885895000034],[119.978734129,0.357071477000037],[119.97885094,0.356981999000024],[119.979892079,0.356349209000031],[119.98008079,0.355529240000074],[119.98010003,0.355445650000032],[119.980516249,0.354180609000014],[119.97999189,0.35374740000003],[119.979335629,0.353205220000061],[119.97780373,0.352247999999996],[119.977478421,0.351411399000016],[119.97733302,0.351037460000046],[119.976906169,0.35044667900006],[119.976393209,0.349736719000024],[119.97498323,0.347595860000059],[119.974778013,0.346731669000064],[119.97460565,0.346005820000063],[119.975062277,0.345275538000073],[119.97530631,0.344885250000065],[119.975259409,0.344277209000035],[119.975236619,0.343981770000031],[119.975653219,0.343909360000056],[119.975806811,0.343831831000039],[119.976208439,0.343629100000032],[119.976401829,0.343499],[119.97662498,0.343348880000065],[119.97683008,0.342939220000061],[119.976833089,0.342933210000062],[119.976944149,0.342472390000059],[119.976976713,0.342343061000061],[119.97703743,0.342101919000068],[119.977036385,0.341451399000051],[119.977377363,0.340953602000061],[119.97745731,0.340836890000047],[119.977758059,0.340902021000018],[119.97808221,0.340972220000021],[119.978449608,0.341081400000057],[119.97856815,0.341116629000051],[119.979401239,0.340628480000012],[119.97966284,0.340128700000033],[119.9800256,0.339435660000055],[119.980719789,0.339155360000058],[119.98196942,0.338874889000061],[119.98231832,0.338944401000039],[119.983010829,0.339082370000028],[119.98313238,0.339095890000056],[119.983365679,0.339121840000076],[119.98403367,0.339196139000028],[119.984577608,0.339256642000056],[119.984954879,0.339298609000032],[119.987037539,0.338801040000017],[119.987590261,0.337800310000026],[119.98773129,0.337544970000072],[119.987956191,0.337426412000078],[119.988780761,0.336991750000035],[119.98918901,0.336776550000025],[119.989312539,0.336760077000055],[119.9895742,0.336725184000044],[119.98991981,0.336679101000066],[119.9903436,0.33662259900006],[119.99085542,0.337056109000051],[119.991336489,0.337143161000021],[119.99279936,0.337407869000062],[119.993720399,0.33770292200006],[119.99474353,0.338030679000039],[119.995623399,0.33791453200007],[119.99625287,0.337831439000064],[119.996580489,0.337886328000025],[119.99786767,0.338101980000026],[120.00029707,0.336637590000072],[120.001792009,0.336781461000032],[120.00201415,0.336802838000036],[120.002093808,0.336810503000033],[120.00244933,0.336844719000047],[120.003399199,0.337128709000076],[120.00383797,0.337259889000052],[120.00540521,0.33731039200006],[120.0060596,0.337331475000032],[120.00878787,0.33673625000005],[120.009252879,0.336634799000017],[120.015193946,0.338033334000041],[120.022100859,0.338126551000066],[120.022144399,0.338127140000035],[120.02675959,0.338189424000066],[120.02861867,0.338214513000024],[120.028900499,0.338218317000041],[120.02958699,0.338227580000027],[120.032924869,0.338744578000048],[120.034593169,0.339002980000027],[120.03644339,0.339086301000068],[120.03917513,0.339209319000021],[120.040584401,0.337835930000027],[120.04132659,0.337112640000035],[120.046836649,0.336460430000038],[120.05215071,0.336541580000078],[120.052530399,0.336547379000023],[120.05321263,0.336557800000036],[120.054545249,0.336580981000047],[120.0550015,0.336588917000026],[120.05535783,0.336595112000046],[120.05621325,0.336609991000037],[120.05670915,0.336618621000066],[120.0567832,0.336619909000041],[120.057572349,0.336638540000021],[120.05791052,0.336588369000021],[120.05773,0.336419999999997],[120.05697,0.335399999999997],[120.05665,0.334499999999992],[120.056601181,0.333700630000057],[120.05657,0.333189999999994],[120.056572162,0.33304877000005],[120.05661,0.330579999999986],[120.05686,0.329890000000004],[120.05802,0.328809999999988],[120.05856,0.328409999999999],[120.05895,0.327760000000003],[120.05924,0.326449999999997],[120.059248631,0.326367830000028],[120.05949,0.324069999999998],[120.059519001,0.323428310000051],[120.05957,0.3223],[120.05932,0.320049999999995],[120.05935,0.319649999999995],[120.05968,0.319140000000004],[120.06072,0.318159999999994],[120.06144,0.317219999999997],[120.06159,0.316899999999993],[120.06169,0.316059999999998],[120.061798282,0.312653950000021],[120.0618,0.312599999999986],[120.06179718,0.312501980000029],[120.061796152,0.312466400000068],[120.06173,0.310169999999995],[120.06159,0.308610000000001],[120.06159,0.307309999999998],[120.06177,0.306399999999998],[120.061777852,0.306323690000044],[120.06184,0.305719999999995],[120.06177,0.305209999999997],[120.061572359,0.30477079100007],[120.061444703,0.304487115000029],[120.06141,0.304410000000002],[120.05986,0.302889999999989],[120.05921,0.302490000000006],[120.05845,0.302380000000005],[120.057457873,0.301819819000057],[120.05698,0.301550000000002],[120.05546,0.300059999999996],[120.05507,0.299449999999997],[120.055,0.298179999999989],[120.05528,0.297419999999988],[120.05583773,0.296779439000027],[120.05629,0.29626],[120.05744,0.295469999999992],[120.05831,0.294779999999995],[120.058355097,0.294718434000048],[120.058356939,0.294715919000052],[120.05883,0.294069999999995],[120.05885,0.293399999999994],[120.05871,0.293040000000002],[120.05711907,0.290966351000064],[120.05637,0.289990000000009],[120.05568,0.288619999999988],[120.05471,0.286479999999996],[120.05464,0.286009999999985],[120.05493,0.285389999999988],[120.05586,0.284700000000006],[120.05792,0.28335999999999],[120.05966,0.282279999999999],[120.06124,0.280869999999993],[120.06225,0.279600000000004],[120.06283,0.278729999999994],[120.06352,0.277359999999993],[120.06409,0.276049999999993],[120.06485,0.274889999999997],[120.06524,0.27468],[120.06773,0.274309999999996],[120.07061,0.274459999999996],[120.07288,0.27468],[120.07353,0.274819999999987],[120.07400693,0.275100550000045],[120.07401839,0.27510054000004],[120.07506824,0.275017531000057],[120.07585252,0.274955520000048],[120.07631075,0.275162910000055],[120.07632319,0.275168540000045],[120.07671504,0.275345890000035],[120.07807,0.274970000000005],[120.07911,0.274319999999995],[120.07976,0.273590000000006],[120.079874072,0.27337706100007],[120.08006,0.273029999999995],[120.0806,0.271659999999992],[120.080634231,0.271606301000022],[120.08111,0.270859999999995],[120.0819,0.270029999999995],[120.08248,0.269049999999997],[120.08253994,0.268843539000042],[120.08266,0.268429999999989],[120.08258,0.26542],[120.08276,0.264409999999996],[120.08341,0.263069999999994],[120.08351838,0.262891590000035],[120.08471,0.260929999999999],[120.08792,0.256910000000004],[120.08821,0.256379999999993],[120.08984053,0.251064160000063],[120.089847157,0.251042555000023],[120.090169959,0.249990149000041],[120.09017,0.249989999999986],[120.09193,0.249809999999999],[120.09254,0.249529999999991],[120.09276,0.249030000000002],[120.09337,0.247869999999989],[120.0942,0.246419999999995],[120.09536,0.245480000000002],[120.09647,0.244369999999993],[120.09652,0.243699999999996],[120.09635,0.242659999999988],[120.095886759,0.241354489000056],[120.09558,0.240489999999997],[120.09553762,0.240430270000036],[120.095385207,0.24021546400007],[120.095293099,0.240085651000067],[120.095287609,0.240077921000021],[120.09365,0.237769999999997],[120.09282,0.236540000000002],[120.09271,0.236039999999993],[120.09293,0.235209999999997],[120.09337,0.234269999999995],[120.09437,0.232270000000004],[120.09498,0.230269999999997],[120.09542,0.228169999999993],[120.09591,0.227499999999989],[120.09685,0.226839999999991],[120.09735,0.226279999999988],[120.097350011,0.226279940000038],[120.09741791,0.225903420000055],[120.097567211,0.225890977000057],[120.09805496,0.225850330000063],[120.098524181,0.225448131000062],[120.09871148,0.225287590000043],[120.100587263,0.225287590000043],[120.1008322,0.225212230000067],[120.10083415,0.225211630000037],[120.100762007,0.225055543000049],[120.10058194,0.224665950000026],[120.09843924,0.222769263000037],[120.097136347,0.221032818000014],[120.09690756,0.22072790000004],[120.096323318,0.216622140000022],[120.096319262,0.216593660000059],[120.096313729,0.216554750000052],[120.0959036,0.213672540000059],[120.09584557,0.212553170000032],[120.095845499,0.212551801000072],[120.09566756,0.209119450000058],[120.09581718,0.206996420000042],[120.095082822,0.205709599000042],[120.094919739,0.205423821000062],[120.09413153,0.20404262000005],[120.093930516,0.203691919000038],[120.093908931,0.203654260000052],[120.0931737,0.202371510000032],[120.0922535,0.200248690000023],[120.092175482,0.199182680000027],[120.091554309,0.198673741000045],[120.09087467,0.198116910000068],[120.090175829,0.197863833000034],[120.089966052,0.197787867000046],[120.08858077,0.197286200000065],[120.088044764,0.19732074100006],[120.08783717,0.19733411900006],[120.087378553,0.197363669000021],[120.0872672,0.197370844000041],[120.085449804,0.197487948000059],[120.08506551,0.197512710000067],[120.08424384,0.197822920000016],[120.08376,0.197779999999995],[120.08256266,0.197779999999995],[120.08223798,0.197657790000045],[120.08158691,0.19765791100001],[120.080251,0.197658160000051],[120.07975602,0.197433392000046],[120.07925666,0.197206640000052],[120.07573766,0.194777100000073],[120.07367237,0.193630130000032],[120.07336328,0.19328591000003],[120.07244762,0.192266190000048],[120.07030604,0.191128260000021],[120.069715311,0.190646486000051],[120.069657881,0.190599650000029],[120.06946435,0.190441810000039],[120.06961608,0.189764210000019],[120.07006757,0.184912750000016],[120.070100758,0.183985650000071],[120.070105148,0.183862930000032],[120.07014097,0.182861960000026],[120.06956682,0.182184490000052],[120.068994662,0.181661089000037],[120.06882041,0.181501680000054],[120.06864854,0.181344460000045],[120.06696611,0.180658150000058],[120.06551435,0.180884250000009],[120.06398156,0.181405700000024],[120.06201,0.181570000000003],[120.06123613,0.181716140000038],[120.06070071,0.181716230000059],[120.05848368,0.181337160000043],[120.05721461,0.18130494100006],[120.0556559,0.181265370000053],[120.05358475,0.181213260000051],[120.052892942,0.181195854000066],[120.052831842,0.181194318000047],[120.05272955,0.181191743000052],[120.05244588,0.181184610000052],[120.052445129,0.180670040000039],[120.05244477,0.180425720000077],[120.05198406,0.178989330000036],[120.05119668,0.178184790000045],[120.0502899,0.177421440000043],[120.05007077,0.177236970000013],[120.0482342,0.17557494000004],[120.04670411,0.174581400000007],[120.045759229,0.173603140000064],[120.04502022,0.172838030000039],[120.04486144,0.172524030000027],[120.04473029,0.172264680000065],[120.044704887,0.172214446000046],[120.04400592,0.170832260000043],[120.0436406,0.170109850000073],[120.04356151,0.168284900000048],[120.04462384,0.162972470000054],[120.04470872,0.162376850000036],[120.0449264,0.160849330000082],[120.044932094,0.160635007000044],[120.04493285,0.160606560000073],[120.044933756,0.160572459000034],[120.044950469,0.159943670000063],[120.04496265,0.159485120000049],[120.04492272,0.159429531000065],[120.04457978,0.158952140000056],[120.043788131,0.157602949000017],[120.04373699,0.157515790000047],[120.0437118,0.157457429000028],[120.04350695,0.156982790000022],[120.04314033,0.156982841000056],[120.04297202,0.156982870000028],[120.04083433,0.158573250000076],[120.04049437,0.158657470000032],[120.0401226,0.157991530000053],[120.04008,0.157319999999996],[120.04057,0.155989999999997],[120.04097,0.154669999999998],[120.04241,0.152119999999998],[120.04412,0.150669999999989],[120.04539,0.149619999999996],[120.04587544,0.148862710000062],[120.04589,0.148839999999991],[120.046,0.147899999999987],[120.04595,0.147120000000001],[120.04556,0.146559999999993],[120.04551274,0.146518270000064],[120.04523698,0.14627478000005],[120.04462,0.145730000000001],[120.0428,0.144509999999992],[120.04175,0.143779999999997],[120.04092,0.142669999999996],[120.04014,0.141390000000003],[120.03909,0.140290000000004],[120.03887338,0.140176980000031],[120.03771,0.139569999999988],[120.03688,0.138900000000008],[120.03644,0.138289999999991],[120.03627,0.137349999999987],[120.03616,0.136459999999992],[120.03566,0.135789999999997],[120.03483,0.135119999999998],[120.03417,0.134509999999992],[120.03406,0.133790000000002],[120.03411,0.133239999999994],[120.03461,0.132790000000007],[120.037786079,0.129712864000049],[120.03782,0.129679999999997],[120.03798,0.129399999999991],[120.03798,0.129069999999998],[120.03776,0.128849999999992],[120.03715,0.128510000000006],[120.03633,0.128179999999999],[120.03494,0.127680000000006],[120.03356,0.127229999999999],[120.03355969,0.127229981000036],[120.033261186,0.127213481000062],[120.03223807,0.127156930000065],[120.03219211,0.127154390000037],[120.03212562,0.127150710000028],[120.03157,0.127120000000006],[120.02992,0.1269],[120.02739,0.126709999999989],[120.02479,0.126049999999999],[120.02148,0.125439999999995],[120.01883,0.125100000000008],[120.01512,0.124820000000006],[120.0128,0.124710000000005],[120.00943,0.12454999999999],[120.00761,0.124269999999991],[120.00634,0.123990000000008],[120.00473,0.123770000000002],[120.00313,0.123599999999999],[120.00312766,0.123599380000028],[120.001499041,0.123167690000065],[120.00153702,0.122746940000074],[120.00133902,0.11600967900005],[120.001236552,0.112523020000016],[120.001218223,0.111899330000021],[120.00121601,0.111823880000026],[120.00090881,0.110766840000057],[119.99983739,0.10977311000005],[119.99807894,0.109393830000032],[119.99697976,0.109393940000065],[119.99633,0.109099999999992],[119.99521,0.108890000000003],[119.99507918,0.10889287000003],[119.99387331,0.107948670000039],[119.99257368,0.107722930000018],[119.99165662,0.107876610000062],[119.99107425,0.107654370000034],[119.9909,0.107449999999992],[119.99058082,0.107391200000056],[119.9898968,0.106503480000065],[119.98874534,0.102943830000074],[119.9881323,0.10172417000006],[119.987913083,0.101187020000052],[119.98717365,0.099375180000034],[119.98656001,0.097785080000044],[119.98655867,0.09680028000003],[119.98640433,0.095815480000053],[119.98609788,0.09520113000002],[119.98606589,0.095197773000041],[119.98575226,0.095164860000072],[119.98507952,0.095901670000045],[119.98364491,0.097472910000014],[119.983630001,0.097110040000074],[119.98363,0.097110000000006],[119.98356026,0.096542060000037],[119.98356,0.096540000000002],[119.98352744,0.096499620000033],[119.98331,0.096229999999999],[119.98293452,0.096000890000025],[119.98158999,0.096412210000044],[119.97738701,0.096945650000053],[119.97608736,0.09671085000001],[119.97588679,0.096646550000068],[119.97554458,0.096688670000046],[119.97529,0.096719999999997],[119.97298,0.096649999999995],[119.972022515,0.096251047000058],[119.97154,0.09605],[119.97109408,0.095676320000052],[119.96989343,0.094670200000057],[119.9698929,0.094669580000066],[119.969892863,0.094669330000051],[119.96989269,0.094667940000023],[119.96989269,0.094576470000053],[119.96989267,0.094243440000075],[119.96947281,0.092554540000033],[119.96934646,0.092335680000072],[119.968535878,0.091910346000012],[119.965622371,0.09202958700006],[119.965496602,0.091994956000057],[119.96408031,0.091625140000075],[119.963500921,0.091667338000026],[119.963139688,0.091728312000045],[119.954323959,0.100069594000042],[119.953155246,0.101175408000065],[119.950682642,0.103198039000067],[119.950642009,0.103176294000032],[119.949514822,0.10412666700006],[119.947322921,0.107473229000052],[119.943359148,0.113011112000045],[119.94290039,0.113600749000056],[119.942394598,0.113934886000025],[119.94198389,0.114206210000017],[119.9395997,0.115495867000047],[119.939220719,0.115707533000035],[119.937615934,0.116294649000049],[119.934792979,0.117910006000054],[119.93411686,0.118300040000065],[119.934111132,0.118300174000062],[119.934093237,0.118310413000077],[119.931333792,0.118388697000051],[119.930971959,0.118443659000031],[119.929787719,0.118623543000063],[119.92901398,0.118536361000046],[119.928398211,0.118466978000068],[119.926603979,0.117525451000064],[119.926421586,0.117429740000024],[119.925504709,0.117175052000048],[119.924660238,0.116940476000015],[119.923502426,0.116824696000033],[119.922507479,0.116725201000066],[119.919317481,0.116529495000063],[119.918906175,0.116503966000031],[119.916479753,0.116353361000055],[119.913416503,0.11632303100003],[119.912526504,0.116314220000043],[119.91138764,0.116443636000043],[119.909943193,0.116607777000066],[119.90556788,0.118348250000055],[119.90510768,0.118517631000032],[119.905104999,0.118518616000069],[119.90144242,0.119866670000015],[119.898819317,0.120452041000011],[119.898080169,0.120616989000035],[119.897905653,0.12076497300007],[119.89746191,0.121141260000044],[119.89746182,0.121141330000045],[119.89741788,0.121178590000051],[119.896435639,0.122011510000054],[119.89529081,0.123020227000034],[119.894812576,0.123441602000062],[119.8942584,0.123929889000061],[119.894193602,0.123986983000062],[119.89407635,0.124090300000039],[119.893051388,0.124999448000046],[119.893040652,0.125008971000061],[119.892989769,0.125054108000015],[119.892982549,0.125060510000015],[119.891878271,0.126040029000019],[119.892471291,0.129166273000054],[119.89279291,0.130861763000042],[119.892706925,0.131089623000035],[119.892500613,0.131510496000024],[119.892397789,0.131832815000048],[119.892385237,0.131862497000031],[119.892065172,0.132619372000011],[119.89206514,0.132619264000025],[119.892064652,0.13262046700004],[119.892064456,0.132620948000062]]]]},"properties":{"gid":1030,"luas":null,"idkec":"7205140","kdkab":"05","kdkec":"140","nmkab":"DONGGALA","nmkec":"DAMPELAS","kdprov":"72","nmprov":"SULAWESI TENGAH","sumber":null,"periode":"2025_1"}},{"id":1031,"type":"Feature","geometry":{"type":"MultiPolygon","coordinates":[[[[119.837058229,-0.686607789999927],[119.83698538,-0.686667859999953],[119.836899731,-0.686738490999976],[119.83628199,-0.687247909999938],[119.83623939,-0.687549369999946],[119.83618662,-0.687922809999977],[119.8361433,-0.688229369999937],[119.836130277,-0.688321538999963],[119.836081059,-0.688669829999982],[119.836058129,-0.688832090999941],[119.836044627,-0.688872958999986],[119.83593381,-0.68920828099994],[119.8359338,-0.689208309999973],[119.835910408,-0.689279098999981],[119.835896099,-0.689322395999976],[119.83568414,-0.689963779999972],[119.83567705,-0.689976300999955],[119.83567185,-0.689985469999954],[119.835630432,-0.690058509999968],[119.835422683,-0.690638150999976],[119.835004101,-0.691806020999934],[119.834636809,-0.692830779999958],[119.832005735,-0.69187228699997],[119.831866105,-0.691821423999958],[119.831832909,-0.691809329999951],[119.83109595,-0.692671900999933],[119.83080264,-0.692414339999973],[119.8293906,-0.69117444999995],[119.82896847,-0.691023969999957],[119.828476309,-0.69084854099998],[119.82706623,-0.690697300999941],[119.82549343,-0.689969879999981],[119.824396969,-0.690141279999975],[119.82412102,-0.68985061099994],[119.82386789,-0.689583979999952],[119.82340838,-0.688896899999975],[119.823319689,-0.68876428099998],[119.823313929,-0.688761639999937],[119.82295043,-0.688594800999974],[119.82248838,-0.688382689999979],[119.822469229,-0.688373899999933],[119.82235648,-0.687972839999928],[119.82234364,-0.687284229999939],[119.822309799,-0.687163159999957],[119.82206857,-0.686299859999973],[119.82194678,-0.685880429999941],[119.82174173,-0.685174229999977],[119.82166523,-0.684675669999938],[119.82164817,-0.684564469999946],[119.821321409,-0.683579579999966],[119.821263329,-0.683278449999935],[119.821102747,-0.682445864999983],[119.821040969,-0.682125559999977],[119.82103534,-0.68211140999995],[119.820739849,-0.68136896299995],[119.82072016,-0.681078339999947],[119.82072015,-0.681078280999944],[119.82054926,-0.680585309999974],[119.82046797,-0.680350799999927],[119.82031608,-0.679924379999928],[119.82019139,-0.679574289999956],[119.820171399,-0.679529189999934],[119.81976039,-0.678601659999972],[119.81931337,-0.678013279999961],[119.81893963,-0.67772734999995],[119.818573919,-0.677310609999956],[119.81809435,-0.676607799999949],[119.81795591,-0.675945659999976],[119.817939289,-0.675869499999979],[119.81776862,-0.675087340999939],[119.817768479,-0.674852969999968],[119.81776833,-0.674588630999952],[119.81779262,-0.674457810999973],[119.817773233,-0.674338557999937],[119.817727809,-0.674059139999944],[119.8176779,-0.673825229999975],[119.81758764,-0.673402499999953],[119.81756214,-0.67331026999994],[119.817431874,-0.672839240999969],[119.81735417,-0.672558269999973],[119.81707423,-0.671948610999954],[119.81721832,-0.67170168999996],[119.817539749,-0.671150879999971],[119.81753972,-0.671086150999945],[119.81753948,-0.670681789999946],[119.81756087,-0.670476119999933],[119.817567339,-0.670413953999974],[119.817301768,-0.670399975999944],[119.817170136,-0.669350577999976],[119.817842921,-0.668414529999951],[119.817813669,-0.667419978999935],[119.817820809,-0.666507852999937],[119.817828295,-0.665551538999977],[119.816980002,-0.663533185999948],[119.816962648,-0.663509824999949],[119.816219463,-0.662509382999936],[119.815748522,-0.662028204999958],[119.815748513,-0.662028255999938],[119.815546678,-0.661822030999928],[119.812532347,-0.660401342999929],[119.812462328,-0.660368342999965],[119.811977995,-0.660140070999951],[119.811129701,-0.659423407999959],[119.810632425,-0.658955384999962],[119.810193653,-0.658677494999952],[119.809740255,-0.657814575999964],[119.809330733,-0.657010158999935],[119.808593842,-0.655634112999973],[119.808687539,-0.65555915599993],[119.80878635,-0.655677383999948],[119.808956457,-0.655651868999949],[119.809009105,-0.655635525999972],[119.812127231,-0.654667533999948],[119.813387733,-0.65427622299996],[119.813468463,-0.654260879999928],[119.813802095,-0.654197474999931],[119.81425349,-0.653992139999964],[119.81433736,-0.653953979999937],[119.81554192,-0.653525819999967],[119.81637605,-0.653362799999972],[119.816467079,-0.653345020999951],[119.81698133,-0.653244520999975],[119.81772214,-0.652952899999951],[119.81850975,-0.65271320999994],[119.81882563,-0.652662379999932],[119.822211129,-0.652117530999942],[119.82240105,-0.652086970999969],[119.822401849,-0.652086829999969],[119.82240214,-0.652086789999941],[119.822590477,-0.652064570999926],[119.825102511,-0.651080456999978],[119.825326743,-0.65099261199993],[119.827585253,-0.65010781799993],[119.827695823,-0.650052536999968],[119.827729844,-0.649899451999945],[119.827683065,-0.649270096999946],[119.829350109,-0.648534433999952],[119.829079265,-0.648006912999968],[119.828521548,-0.646920650999961],[119.828523716,-0.646919429999969],[119.829287028,-0.646489740999929],[119.831299956,-0.645333089999963],[119.832093786,-0.644890840999952],[119.832402866,-0.644763581999936],[119.832479361,-0.644732085999981],[119.833210819,-0.644635696999957],[119.83373248,-0.644567658999969],[119.833970629,-0.644391893999965],[119.836284078,-0.641511603999963],[119.836494059,-0.641226156999957],[119.837683926,-0.63960866199994],[119.838019165,-0.639152938999935],[119.839833635,-0.636726235999965],[119.84046303,-0.635932453999946],[119.840809163,-0.635649573999958],[119.841052733,-0.635450515999937],[119.841608414,-0.635376806999952],[119.842838852,-0.635201040999966],[119.84330948,-0.635138671999936],[119.842266159,-0.631260479999987],[119.841717578,-0.62893338999993],[119.841720629,-0.628921779999928],[119.84205967,-0.627631859999953],[119.842056009,-0.627613619999978],[119.84205335,-0.627600379999945],[119.842589199,-0.62576636999996],[119.843724899,-0.624433650999954],[119.844437009,-0.623584699999983],[119.847266869,-0.620214290999974],[119.84756791,-0.61988757999996],[119.85115903,-0.615990179999931],[119.85129084,-0.615740189999939],[119.85240468,-0.613583079999953],[119.85293998,-0.612546399999935],[119.85311646,-0.612189140999937],[119.85328113,-0.611662969999942],[119.853282551,-0.611658419999973],[119.85328995,-0.611634790999984],[119.85377875,-0.609521949999936],[119.85403471,-0.609180450999937],[119.85405768,-0.609104749999984],[119.85458827,-0.607369310999965],[119.854774088,-0.606761568999959],[119.854777263,-0.606751184999962],[119.85494898,-0.606189539999957],[119.85564545,-0.604745270999962],[119.855669768,-0.604695518999966],[119.85577458,-0.604481079999972],[119.856411019,-0.603210620999965],[119.858928449,-0.602084550999965],[119.85902531,-0.602030539999934],[119.8609948,-0.600919830999943],[119.862453359,-0.600097267999954],[119.862570519,-0.600031193999941],[119.86340252,-0.599561979999978],[119.86438976,-0.598841509999946],[119.86554199,-0.598000638999969],[119.86707725,-0.59688024099995],[119.86793566,-0.596253789999934],[119.86907131,-0.595124410999977],[119.870610689,-0.59359354099996],[119.87189508,-0.592316249999956],[119.87320114,-0.590587119999962],[119.874551619,-0.58879919099997],[119.876537929,-0.587741770999966],[119.880091449,-0.585850039999975],[119.88055213,-0.585604800999939],[119.880573849,-0.585593240999977],[119.88070978,-0.585474039999947],[119.88266033,-0.583763690999945],[119.88361807,-0.582923889999957],[119.88524404,-0.581498149999957],[119.88691497,-0.580033000999947],[119.88801553,-0.578954619999946],[119.8898883,-0.577338459999973],[119.89194262,-0.575905169999946],[119.89447109,-0.574144449999956],[119.89753891,-0.571956509999952],[119.89789785,-0.571700519999978],[119.90003784,-0.570142980999952],[119.902163529,-0.568595839999948],[119.902289979,-0.56850381099997],[119.90417122,-0.566972619999942],[119.90546194,-0.565922059999944],[119.90642355,-0.565146829999951],[119.906681919,-0.564938539999958],[119.90843204,-0.564076150999944],[119.90875775,-0.562217360999972],[119.909119249,-0.560154370999954],[119.91020161,-0.558391889999944],[119.910987819,-0.555554329999951],[119.91207071,-0.554867089999966],[119.91453218,-0.553600899999938],[119.915327769,-0.553384030999956],[119.915960069,-0.553211669999946],[119.91705036,-0.552924330999938],[119.91891415,-0.552433150999949],[119.92097702,-0.551734980999922],[119.92295129,-0.551066800999935],[119.92393587,-0.55067778999995],[119.92501629,-0.550733890999946],[119.92600419,-0.550785190999939],[119.92836846,-0.551868269999949],[119.92911157,-0.552242740999933],[119.930535839,-0.552960480999963],[119.93201298,-0.552959739999956],[119.93299774,-0.552670119999969],[119.93432983,-0.552050049999931],[119.93447454,-0.551982699999941],[119.93493868,-0.551627460999957],[119.93536052,-0.551304599999984],[119.93604998,-0.551403650999937],[119.936641099,-0.551701520999937],[119.938415439,-0.554347990999931],[119.939572869,-0.555416900999948],[119.939696399,-0.555530979999966],[119.939900949,-0.555576750999932],[119.94146935,-0.555927639999936],[119.944332719,-0.556578639999941],[119.94452268,-0.556621829999931],[119.94649208,-0.556141969999946],[119.947281149,-0.555979929999975],[119.95072639,-0.555272450999956],[119.95367994,-0.553608490999986],[119.95389128,-0.553332570999946],[119.95399758,-0.55319380099996],[119.95399842,-0.553192710999953],[119.954008097,-0.55318014599994],[119.953995702,-0.553149637999984],[119.9536212,-0.546667123999953],[119.95383667,-0.54666701999997],[119.95620859,-0.546725509999932],[119.95696202,-0.546824000000006],[119.95727785,-0.546865289999974],[119.95727813,-0.546865321999981],[119.95757251,-0.546903809999951],[119.95867047,-0.547297759999932],[119.95923312,-0.547499639999954],[119.96067815,-0.548508289999969],[119.96136854,-0.548990189999936],[119.9628514,-0.549884399999947],[119.96392596,-0.550370309999958],[119.96522383,-0.550957199999972],[119.96706252,-0.551970569999991],[119.9681302,-0.552626339999968],[119.96863656,-0.553033529999935],[119.96872137,-0.553101729999984],[119.96872176,-0.553102039999949],[119.9687234,-0.553103359999976],[119.96967273,-0.554296159999977],[119.969765633,-0.554425450999929],[119.97044414,-0.55536970999998],[119.97154071,-0.556827529999964],[119.971540781,-0.556827608999931],[119.97204645,-0.557335889999937],[119.97204652,-0.557335959999941],[119.97204827,-0.557337719999974],[119.972057159,-0.557354821999983],[119.972151768,-0.557522101999949],[119.97216005,-0.557535119999956],[119.97216094,-0.557536489999966],[119.9725141,-0.558157739999958],[119.97319888,-0.559362162999948],[119.97327855,-0.559502289999956],[119.97355625,-0.56000427999994],[119.97388438,-0.560584609999984],[119.97394395,-0.560689979999961],[119.97436774,-0.561439479999936],[119.97477735,-0.562148809999939],[119.97498908,-0.562538399999942],[119.97520304,-0.562916799999929],[119.97535796,-0.563175009999961],[119.975455885,-0.563349875999967],[119.975547,-0.563512579999961],[119.97579682,-0.563959589999966],[119.97594624,-0.564226939999971],[119.97599223,-0.564309239999945],[119.97599205,-0.564939569999986],[119.976070231,-0.566071814999931],[119.97611152,-0.566669769999976],[119.97623164,-0.567051829999966],[119.97646788,-0.567803189999958],[119.97696429,-0.568634699999961],[119.977096131,-0.56885553899997],[119.977234779,-0.569087770999952],[119.977261378,-0.569132330999938],[119.97753613,-0.569592559999939],[119.9786042,-0.571023919999962],[119.97865888,-0.571078879999958],[119.97907882,-0.571500979999948],[119.97946425,-0.571914859999945],[119.98021577,-0.572721829999984],[119.981230443,-0.573571718999972],[119.98128356,-0.573616209999958],[119.98330016,-0.574629429999965],[119.98366954,-0.574849409999956],[119.983669611,-0.574849457999955],[119.98376507,-0.574906309999966],[119.98438975,-0.574593969999969],[119.98488413,-0.574346779999935],[119.98488815,-0.57434476999993],[119.98571342,-0.574837299999963],[119.986487911,-0.575295408999986],[119.98677524,-0.575465359999961],[119.98690284,-0.575664009999969],[119.98714519,-0.576036409999978],[119.987258742,-0.576218098999968],[119.987508641,-0.576607138999985],[119.987716578,-0.576919049999958],[119.98789903,-0.577192729999981],[119.987921841,-0.577502609999956],[119.98796537,-0.577978129999971],[119.98798528,-0.578133439999937],[119.98802521,-0.578580629999986],[119.988069319,-0.579113819999983],[119.988070232,-0.579123819999959],[119.988070238,-0.579124949999944],[119.98807112,-0.579135639999949],[119.988071119,-0.579325659999937],[119.988084173,-0.58228810799995],[119.98808711,-0.582954619999956],[119.98808873,-0.583318379999983],[119.988089669,-0.583529399999982],[119.98808976,-0.583550439999952],[119.98809539,-0.584815809999949],[119.988099747,-0.584820419999972],[119.98932438,-0.586116179999986],[119.98963947,-0.586421848999975],[119.99032967,-0.587091409999977],[119.991299771,-0.587384259999966],[119.9927795,-0.587830949999954],[119.9946132,-0.588193418999933],[119.99508389,-0.588286460999949],[119.995592481,-0.588386997999982],[119.99597057,-0.588461729999957],[119.99618957,-0.588505020999951],[119.99756557,-0.588777019999953],[119.99923553,-0.589191719999977],[119.99958088,-0.589493389999981],[120.000282901,-0.590106619999981],[120.000935069,-0.590676300999977],[120.000962519,-0.590700280999957],[120.001131859,-0.590848201999969],[120.001466443,-0.591140476999955],[120.00146822,-0.591142029999961],[120.001515528,-0.591241220999965],[120.00186451,-0.591973010999942],[120.001642689,-0.592400549999979],[120.000215938,-0.595150590999931],[120.00019406,-0.59519275999998],[119.99993276,-0.595696409999969],[119.99665746,-0.598715849999967],[119.993720419,-0.60024436099997],[119.98990394,-0.601538230999948],[119.98968974,-0.601610849999927],[119.989604999,-0.601638549999965],[119.984456599,-0.603321350999978],[119.9801067,-0.604407949999938],[119.9772784,-0.604738549999984],[119.976301249,-0.604852759999971],[119.975853999,-0.605294559999954],[119.975817688,-0.605330429999923],[119.9752488,-0.605892369999936],[119.975044262,-0.606342710999977],[119.974998019,-0.606444530999968],[119.97434579,-0.60788058099997],[119.973376909,-0.608297339999985],[119.973327261,-0.608318693999939],[119.97236879,-0.608730970999941],[119.972259218,-0.608872958999943],[119.972167169,-0.608992240999951],[119.97056216,-0.611072060999966],[119.9710715,-0.612607739999934],[119.97105908,-0.613077829999949],[119.971057159,-0.613150539999933],[119.97101614,-0.614703900999935],[119.9703711,-0.614802269999929],[119.96988635,-0.614876199999965],[119.968769059,-0.615301249999967],[119.96762678,-0.615735800999972],[119.964779942,-0.617309254999951],[119.96467442,-0.617367579999958],[119.962374,-0.618639019999944],[119.95254545,-0.622963370999976],[119.951387039,-0.623506709999965],[119.950963969,-0.62370515999994],[119.95006102,-0.625810879999965],[119.94864856,-0.625865889999946],[119.94860961,-0.625854609999979],[119.946126229,-0.625135460999963],[119.944760549,-0.625069649999941],[119.94353145,-0.62501043099997],[119.94193671,-0.624711219999938],[119.94175499,-0.624677129999953],[119.94073523,-0.625089540999969],[119.939495389,-0.625590969999962],[119.93695279,-0.625529160999981],[119.93395904,-0.626732550999975],[119.9300027,-0.629255650999934],[119.92825396,-0.629636130999937],[119.92749935,-0.629958449999955],[119.927067789,-0.630142790999973],[119.926800182,-0.630560311999951],[119.92675892,-0.630624690999981],[119.92597864,-0.631842060999927],[119.92583896,-0.632836040999966],[119.92584281,-0.633692189999985],[119.92584313,-0.633763459999959],[119.925846649,-0.63454372999997],[119.925374592,-0.635542950999942],[119.924957662,-0.635822393999947],[119.926829401,-0.635718609999975],[119.92275794,-0.637917612999957],[119.915144832,-0.638295568999977],[119.905665131,-0.645096678999952],[119.890774103,-0.655780087999977],[119.890685698,-0.655843512999984],[119.873017765,-0.66103584699994],[119.872775352,-0.661245202999972],[119.872354825,-0.661608385999962],[119.869680627,-0.66391791999996],[119.869652076,-0.663925102999948],[119.868339093,-0.66425541299998],[119.866665827,-0.664676360999985],[119.866642457,-0.664685040999935],[119.864227013,-0.661728204999981],[119.864082928,-0.661569232999965],[119.863967224,-0.661441573999982],[119.858246192,-0.660304701999962],[119.858138373,-0.660283276999966],[119.857963149,-0.660493150999964],[119.857674288,-0.660798433999956],[119.857495981,-0.661006457999969],[119.856842566,-0.661453530999947],[119.856099025,-0.661972087999968],[119.85504506,-0.662707139999956],[119.85469405,-0.662951939999977],[119.853855786,-0.663374472999975],[119.853792333,-0.663406457999947],[119.85268311,-0.663965570999946],[119.851989079,-0.664175456999942],[119.85189496,-0.66402655199994],[119.851579576,-0.663316938999974],[119.851301297,-0.661758572999933],[119.85106416,-0.660498785999952],[119.84973647,-0.660689150999926],[119.848911389,-0.660807451999973],[119.848296264,-0.660895649999935],[119.84813922,-0.660566399999937],[119.84812006,-0.660497010999967],[119.84809584,-0.660419959999966],[119.84805294,-0.66036613999995],[119.845144578,-0.662645992999961],[119.8447488,-0.662956239999971],[119.844016315,-0.664321395999934],[119.846925381,-0.66797486699995],[119.847284176,-0.668475336999962],[119.84614905,-0.671037110999973],[119.84615138,-0.671043759999981],[119.846066424,-0.671432993999924],[119.845964619,-0.671899419999931],[119.84594762,-0.672080369999948],[119.8459413,-0.672147649999951],[119.845925789,-0.672312570999963],[119.84584209,-0.673202579999959],[119.84573259,-0.674311440999936],[119.84568401,-0.675034899999963],[119.84567256,-0.675205430999937],[119.845622509,-0.675950549999929],[119.845621083,-0.675956220999978],[119.845533312,-0.676305301999945],[119.84552881,-0.676323210999956],[119.845176683,-0.677611123999963],[119.845230365,-0.678792118999979],[119.84529268,-0.679664526999942],[119.845147279,-0.680349987999939],[119.845104668,-0.680335237999938],[119.844607218,-0.680163042999938],[119.842962246,-0.680081305999985],[119.84255459,-0.680078899999958],[119.84245962,-0.680083509999981],[119.842449699,-0.680083989999956],[119.84236547,-0.680088079999959],[119.84189672,-0.680110829999931],[119.84169953,-0.68012039999997],[119.84150821,-0.680129679999944],[119.84145975,-0.680132029999935],[119.84145814,-0.680132109999925],[119.841457935,-0.680140684999975],[119.8414522,-0.68038082999994],[119.84135622,-0.684400169999956],[119.84133429,-0.684583250999942],[119.841321395,-0.684690855999979],[119.84131466,-0.68474711099999],[119.84131469,-0.684800979999984],[119.841308085,-0.684909369999962],[119.841301373,-0.685019599999988],[119.841300234,-0.685038280999957],[119.841296,-0.685107820999979],[119.84126275,-0.685262240999986],[119.841135749,-0.685249980999969],[119.841130559,-0.685249479999927],[119.841008945,-0.685237739999931],[119.84100115,-0.685236988999981],[119.840188939,-0.685158585999947],[119.839226875,-0.685041268999964],[119.83921056,-0.685039280999943],[119.839133689,-0.685632939999952],[119.83903629,-0.686385149999974],[119.83792981,-0.686115460999935],[119.83792964,-0.686115552999981],[119.83710583,-0.686568539999943],[119.837062249,-0.686604480999961],[119.837058229,-0.686607789999927]]]]},"properties":{"gid":1031,"luas":null,"idkec":"7205090","kdkab":"05","kdkec":"090","nmkab":"DONGGALA","nmkec":"LABUAN","kdprov":"72","nmprov":"SULAWESI TENGAH","sumber":null,"periode":"2025_1"}},{"id":1032,"type":"Feature","geometry":{"type":"MultiPolygon","coordinates":[[[[119.76463728,-0.830347000000002],[119.76390083,-0.831000909999951],[119.763045,-0.831760809999941],[119.76243575,-0.832301769999962],[119.76226717,-0.83245145999996],[119.76199095,-0.832696719999953],[119.76183549,-0.832994499999932],[119.76180736,-0.833048379999984],[119.76098143,-0.834630379999964],[119.76074224,-0.835088529999957],[119.76004008,-0.833871600999942],[119.76000853,-0.833816919999946],[119.759824122,-0.833497308999943],[119.75980577,-0.833465499999937],[119.75951676,-0.832964609999972],[119.75947358,-0.832889773999965],[119.75881345,-0.831745690999987],[119.758498449,-0.831149699999979],[119.75789862,-0.830014819999981],[119.756757849,-0.827856439999959],[119.75671747,-0.827780029999936],[119.75535341,-0.825415189999954],[119.75357562,-0.822333050999934],[119.75145337,-0.819749629999939],[119.75125335,-0.819506140999981],[119.748939849,-0.818829980999973],[119.74731603,-0.818368430999958],[119.746973449,-0.81827105999998],[119.74685887,-0.818224230999937],[119.74456356,-0.817286240999977],[119.74443793,-0.817234899999964],[119.74157429,-0.816064659999941],[119.7403024,-0.815287549999942],[119.739765569,-0.814959559999979],[119.73792116,-0.813838320999939],[119.737751837,-0.813735386999958],[119.73774819,-0.813733169999979],[119.73772564,-0.81372752099998],[119.73771133,-0.81372392099997],[119.73670228,-0.813470719999943],[119.733794104,-0.812991530999966],[119.733341367,-0.812937151999967],[119.7328751,-0.812881150999946],[119.731818789,-0.812754280999977],[119.72886992,-0.812809299999975],[119.72620276,-0.812675518999935],[119.72365647,-0.812547799999958],[119.723015239,-0.812414707999951],[119.722875479,-0.812385700999932],[119.722129129,-0.812230790999933],[119.722092396,-0.812184144999952],[119.720544789,-0.810219009999976],[119.720488908,-0.810148052999977],[119.720477174,-0.810133153999972],[119.71960519,-0.809025920999953],[119.719188988,-0.808497421999969],[119.719125,-0.808416170999978],[119.71512132,-0.806086460999948],[119.71243596,-0.804389026999963],[119.710011189,-0.80285631099998],[119.709246888,-0.802430213999976],[119.708646758,-0.802095643999964],[119.70861645,-0.802078750999952],[119.708511269,-0.80200427099993],[119.70845966,-0.801998000999957],[119.707632883,-0.801540975999955],[119.70758788,-0.801516100999949],[119.707568719,-0.80150524299995],[119.706504219,-0.800902202999964],[119.70639048,-0.800837770999986],[119.70326824,-0.799097109999939],[119.701128549,-0.797794239999969],[119.70112845,-0.797794180999972],[119.70087685,-0.797642179999976],[119.69438012,-0.793717299999975],[119.69211365,-0.792429020999975],[119.69187238,-0.792291879999946],[119.69187236,-0.792291859999984],[119.68787731,-0.790123139999931],[119.688258141,-0.790024605999973],[119.68854998,-0.789949094999942],[119.689053701,-0.789818765999941],[119.689204189,-0.789779829999936],[119.690268077,-0.789007887999961],[119.692582744,-0.78732839499998],[119.692839563,-0.787142051999987],[119.695544938,-0.785179070999967],[119.696827929,-0.784248150999932],[119.696923421,-0.784178861999984],[119.697022498,-0.784106972999951],[119.69709534,-0.784054119999953],[119.697102803,-0.784048370999932],[119.702741952,-0.779702997999957],[119.706309455,-0.776953980999964],[119.70641377,-0.776831679999942],[119.70650317,-0.776726869999959],[119.707289414,-0.775805103999971],[119.707574339,-0.77547106999999],[119.707839452,-0.774755130999951],[119.708029469,-0.774242],[119.708161217,-0.773886218999974],[119.70837434,-0.773310679999963],[119.708465419,-0.773180604999944],[119.70849416,-0.773131149999927],[119.708534359,-0.773078259999975],[119.70856906,-0.77303259999997],[119.709178359,-0.772162449999946],[119.70929393,-0.772060570999939],[119.708296474,-0.771806616999924],[119.708180109,-0.771776989999974],[119.7077094,-0.771729910999968],[119.70737992,-0.771730118999936],[119.707336747,-0.771675865999954],[119.707850752,-0.764078422999942],[119.707924073,-0.762994675999955],[119.707944228,-0.762390011999972],[119.708327182,-0.761402394999946],[119.708810913,-0.760757420999947],[119.7091334,-0.760455088999946],[119.709334954,-0.760213222999947],[119.709496198,-0.759971357999974],[119.709738063,-0.759689181999939],[119.709959773,-0.75938684999994],[119.710302416,-0.759185294999964],[119.710564437,-0.759185294999964],[119.711108634,-0.759185294999964],[119.712277651,-0.759097114999977],[119.712278936,-0.759095987999966],[119.712263238,-0.75898362999994],[119.71225732,-0.758941269999992],[119.71225813,-0.758931319999938],[119.712223969,-0.758682109999942],[119.7122009,-0.758537409999971],[119.712058679,-0.757519490999926],[119.712048511,-0.757446709999949],[119.7120058,-0.757140970999958],[119.711607388,-0.755650334999931],[119.711184699,-0.754068869999969],[119.71118045,-0.754061009999926],[119.71011829,-0.751807909999966],[119.710039678,-0.751953902999966],[119.7100288,-0.751933810999963],[119.71002509,-0.751926950999972],[119.71002066,-0.751918769999979],[119.709898901,-0.751906595999967],[119.70965285,-0.751881990999953],[119.709257959,-0.751846949999956],[119.70902579,-0.75182847899993],[119.7088071,-0.751811079999927],[119.708739069,-0.751804000999929],[119.70873885,-0.75180397799994],[119.70672645,-0.751586459999941],[119.70559694,-0.751857679999942],[119.70499038,-0.752003329999979],[119.70476433,-0.752057609999954],[119.70421679,-0.75207460999997],[119.703714529,-0.752120889999964],[119.70302947,-0.752121318999978],[119.70270584,-0.752121520999944],[119.70060546,-0.752186730999936],[119.69903834,-0.752109710999948],[119.69877556,-0.752096799999947],[119.694660919,-0.75193367999999],[119.694368849,-0.751922100999937],[119.694207389,-0.751915699999934],[119.69364831,-0.752162350999926],[119.69308271,-0.752105169999948],[119.69276569,-0.752073119999987],[119.6912463,-0.752002770999988],[119.68970028,-0.751406069999971],[119.68924909,-0.751244169999949],[119.689023489,-0.751163219999974],[119.68801299,-0.75105487099995],[119.686961179,-0.75094208999997],[119.68517181,-0.750885910999962],[119.685156526,-0.750859000000006],[119.685094686,-0.750873135999942],[119.684266089,-0.750766219999954],[119.68316293,-0.750623875999962],[119.683848392,-0.749460668999982],[119.684243052,-0.748650575999941],[119.684533854,-0.747840484999923],[119.684700026,-0.747030392999941],[119.684803884,-0.746163179999945],[119.68487105,-0.745585556999976],[119.6850116,-0.744376824999964],[119.684980006,-0.743744941999984],[119.684970057,-0.743545961999928],[119.684872277,-0.742340003999982],[119.684845427,-0.742008865999939],[119.684284595,-0.740887199999972],[119.684076879,-0.740077107999977],[119.683910707,-0.739183930999963],[119.683474503,-0.737979179999978],[119.682830585,-0.737044458999954],[119.682435925,-0.736068193999923],[119.682261984,-0.735885768999937],[119.68220834,-0.735889400999954],[119.68202184,-0.735742079999973],[119.68183767,-0.735596590999931],[119.68170661,-0.735477990999927],[119.68157288,-0.735356989999961],[119.68152666,-0.735229270999989],[119.68146685,-0.735064009999976],[119.68142638,-0.73501878999998],[119.681228519,-0.734797750999984],[119.68114485,-0.73471363099998],[119.680963719,-0.734531510999951],[119.68085529,-0.734240969999975],[119.68080468,-0.734105360999934],[119.680683029,-0.733640829999956],[119.6805955,-0.73346206999997],[119.68048395,-0.733234269999971],[119.6804171,-0.733046149999948],[119.68033304,-0.732809599999946],[119.680262989,-0.732366809999979],[119.68025591,-0.732154599999953],[119.680247919,-0.731914959999931],[119.68022099,-0.731454069999934],[119.680158699,-0.731138649999937],[119.680140709,-0.731047550999966],[119.68013355,-0.731011289999972],[119.68001806,-0.73057756999998],[119.67988791,-0.730143860999931],[119.67975278,-0.729710139999961],[119.67960027,-0.729312589999955],[119.67932401,-0.728991829999933],[119.67930465,-0.728969350999939],[119.6790091,-0.728635150999943],[119.67890536,-0.728355399999946],[119.67875924,-0.728032299999946],[119.67874856,-0.727973389999927],[119.67870067,-0.727709139999948],[119.67858377,-0.72744478999994],[119.67837928,-0.727121719999962],[119.678203919,-0.726710499999967],[119.67797639,-0.72648785999996],[119.6779432,-0.726421139999957],[119.6778534,-0.726240619999942],[119.677736359,-0.725741220999964],[119.67770817,-0.725695280999964],[119.677669319,-0.72563198099994],[119.677444179,-0.725265149999937],[119.67735247,-0.724955037999966],[119.67731859,-0.724840469999956],[119.67721459,-0.72462240999994],[119.67712899,-0.724442939999961],[119.676882789,-0.724063509999954],[119.67668256,-0.723803409999972],[119.67660462,-0.723702180999961],[119.676320219,-0.723340860999938],[119.676055509,-0.722970479999959],[119.67581661,-0.722591059999958],[119.675721,-0.722429179999949],[119.675587169,-0.722202580999976],[119.67541272,-0.721906779999933],[119.67525151,-0.721633429999944],[119.675202068,-0.72156554599997],[119.67498176,-0.721263059999962],[119.674700789,-0.720901729999981],[119.6746938,-0.720896680999941],[119.67468769,-0.720892279999929],[119.67431868,-0.720836670999972],[119.67416067,-0.72075725099996],[119.67390995,-0.720631239999934],[119.67355965,-0.720513929999931],[119.67312185,-0.720514189999972],[119.67290626,-0.72046006099993],[119.672771559,-0.720426250999938],[119.67254598,-0.720413030999962],[119.67227538,-0.720397159999957],[119.671895969,-0.720426769999965],[119.671828009,-0.720495269999967],[119.67169179,-0.720632560999953],[119.67167798,-0.720642372999977],[119.671195819,-0.720985419999982],[119.670874939,-0.721279419999971],[119.67037888,-0.721455990999977],[119.66994099,-0.721309350999954],[119.66956155,-0.721280189999955],[119.66927442,-0.721280359999979],[119.66915294,-0.721280429999981],[119.668935149,-0.721292099999977],[119.66859841,-0.721310139999962],[119.668425469,-0.721310239999985],[119.668189799,-0.721310379999976],[119.66772546,-0.721135409999931],[119.66772271,-0.721134370999953],[119.667284859,-0.721046490999933],[119.66678859,-0.720870499999943],[119.666379989,-0.720900120999948],[119.66597147,-0.721047259999979],[119.66578316,-0.721142179999964],[119.66556298,-0.721253169999963],[119.66506677,-0.721194700999948],[119.66454124,-0.720901200999946],[119.66427844,-0.720695689999963],[119.663951869,-0.720626680999943],[119.66372382,-0.720578490999981],[119.66328582,-0.720226179999943],[119.663254789,-0.720188740999955],[119.66299375,-0.719873779999949],[119.66276009,-0.719580109999934],[119.66238061,-0.719492190999981],[119.662059449,-0.719316090999943],[119.66166168,-0.718866949999957],[119.66160799,-0.718458469999976],[119.66160229,-0.718415119999974],[119.66159759,-0.718384690999925],[119.66153104,-0.717954249999945],[119.661425649,-0.717511470999972],[119.661241099,-0.717377419999934],[119.6612352,-0.717375189999937],[119.66100756,-0.717289409999979],[119.66094948,-0.716994029999967],[119.66096774,-0.716957219999932],[119.66106371,-0.716763709999953],[119.66124227,-0.716641000999979],[119.66148288,-0.716475649999949],[119.66186401,-0.716321929999941],[119.662206899,-0.715976349999954],[119.662238879,-0.715947909999948],[119.66253077,-0.71568835099993],[119.66270304,-0.715514719999932],[119.66283556,-0.715381159999945],[119.66300546,-0.715241069999931],[119.6632547,-0.715035540999969],[119.6635404,-0.714670810999962],[119.663832109,-0.714392140999966],[119.66418257,-0.714111770999981],[119.66421176,-0.71408249999997],[119.66449822,-0.713795279999947],[119.66469473,-0.713451270999941],[119.66470996,-0.713424619999965],[119.664726419,-0.713309879999946],[119.66477737,-0.712954629999958],[119.66493026,-0.71266853999993],[119.664985109,-0.712565900999945],[119.665337789,-0.712249380999943],[119.66566949,-0.711987829999949],[119.6657163,-0.711950929999951],[119.6660196,-0.711634440999947],[119.665965879,-0.711380940999959],[119.66587996,-0.711251359999959],[119.66573218,-0.711028500999933],[119.665717399,-0.710481039999933],[119.66571634,-0.710441670999952],[119.666117959,-0.710224539999959],[119.66633506,-0.710065619999966],[119.666488629,-0.709953199999975],[119.666547869,-0.709858699999931],[119.66673234,-0.709564449999969],[119.66694447,-0.709194369999988],[119.66696035,-0.709166669999942],[119.66699853,-0.709114570999936],[119.6672254,-0.708805020999937],[119.6674461,-0.708692860999984],[119.667569069,-0.708630369999984],[119.66763488,-0.708596919999934],[119.66796114,-0.708307529999956],[119.66818698,-0.707936000000007],[119.66819196,-0.70792783099995],[119.66821285,-0.70789093099996],[119.66841211,-0.707539090999946],[119.668499039,-0.707375769999947],[119.668623829,-0.707141320999942],[119.66899866,-0.706825130999959],[119.66921538,-0.706461060999973],[119.66926109,-0.706384269999945],[119.66926869,-0.70635933999995],[119.669377619,-0.706002249999931],[119.66945143,-0.705778900999984],[119.66955243,-0.705473289999936],[119.66963488,-0.705286259999983],[119.66966903,-0.705208800999967],[119.66931856,-0.704797669999949],[119.66908478,-0.704298330999964],[119.66938235,-0.703778960999954],[119.669453279,-0.703582200999962],[119.669548519,-0.703317959999943],[119.66977428,-0.702920180999975],[119.67006863,-0.702639849999967],[119.67052303,-0.702606811999946],[119.670519312,-0.702601285999945],[119.670737413,-0.702607775999979],[119.671215159,-0.702540268999942],[119.67171887,-0.702587003999954],[119.67211353,-0.702747983999927],[119.673028778,-0.703121872999929],[119.673423437,-0.703163415999935],[119.673849255,-0.703225729999935],[119.674197179,-0.703339973999971],[119.674597032,-0.703500953999945],[119.675237056,-0.703700879999936],[119.675522665,-0.703872245999953],[119.676780643,-0.704189012999969],[119.677123374,-0.704344799999947],[119.677408984,-0.704542129999936],[119.677969816,-0.704614828999986],[119.678338512,-0.70471349499996],[119.678624121,-0.704848510999972],[119.679034359,-0.704749844999983],[119.679496527,-0.704677143999963],[119.679996454,-0.704775419999982],[119.68006088,-0.704757859999981],[119.68029994,-0.704677280999939],[119.6804906,-0.704613020999952],[119.680914689,-0.704441059999971],[119.68133036,-0.704260069999976],[119.681365679,-0.704242469999945],[119.681729669,-0.704061019999926],[119.6821122,-0.703816790999952],[119.682490169,-0.703572570999946],[119.68287881,-0.703346409999946],[119.683289989,-0.703174460999953],[119.683339959,-0.703160859999976],[119.683722599,-0.703056719999958],[119.68405709,-0.70298824099996],[119.68416525,-0.702966089999964],[119.68460627,-0.702857389999966],[119.685046669,-0.702748689999961],[119.68539547,-0.702654599999958],[119.685483129,-0.702630950999951],[119.68553237,-0.702603010999959],[119.685865669,-0.702413839999972],[119.686052639,-0.70223342099996],[119.686193659,-0.702097340999959],[119.68636398,-0.701972079999968],[119.6865503,-0.70183505099993],[119.68695024,-0.701626959999951],[119.68736535,-0.701455010999946],[119.687587,-0.701085149999935],[119.68767153,-0.701008469999984],[119.68899727,-0.692247815999968],[119.689508074,-0.692735401999925],[119.689322414,-0.692930582999964],[119.690236175,-0.694779355999973],[119.691404938,-0.696203121999932],[119.692467451,-0.69692562999996],[119.69321121,-0.697010630999956],[119.693721216,-0.69741438599994],[119.696760002,-0.70121818099995],[119.701002726,-0.707806261999972],[119.702679831,-0.710410462999962],[119.703602583,-0.711843306999934],[119.705206232,-0.714783329999932],[119.705201596,-0.714785639999951],[119.705213897,-0.714797381999984],[119.70554829,-0.715116574999973],[119.706551694,-0.715121135999938],[119.71002171,-0.715136910999939],[119.710062659,-0.715137096999979],[119.710719263,-0.714786906999967],[119.712931443,-0.713607077999945],[119.712963521,-0.713626000999961],[119.715885228,-0.715349597999928],[119.724449769,-0.719318531999943],[119.7245727,-0.719375500999947],[119.724597831,-0.719387145999979],[119.724588765,-0.719397860999945],[119.726360869,-0.721864279999977],[119.7263611,-0.721864599999952],[119.726395203,-0.721913718999935],[119.726396912,-0.721916178999957],[119.726616139,-0.722231909999955],[119.726664749,-0.722256820999973],[119.726872961,-0.722364545999937],[119.72687439,-0.722365280999957],[119.726763359,-0.722378430999929],[119.726771895,-0.722386640999964],[119.72679447,-0.722408348999978],[119.726881091,-0.722491617999943],[119.726889729,-0.722499919999962],[119.727225479,-0.722822689999935],[119.72750282,-0.722954099999935],[119.727518129,-0.722961351999975],[119.72752798,-0.722966020999939],[119.72812607,-0.723265710999955],[119.728628289,-0.723509960999933],[119.729093225,-0.72373607999998],[119.729147708,-0.723756252999983],[119.72914856,-0.723756570999968],[119.729168209,-0.723782899999942],[119.72916938,-0.72378446899996],[119.72918748,-0.72380872999997],[119.72926626,-0.72395513999994],[119.72929815,-0.724032509999972],[119.731226316,-0.727720404999965],[119.732820782,-0.730770049999934],[119.7331414,-0.731383269999994],[119.733150479,-0.731382608999977],[119.733153069,-0.731382419999932],[119.733622579,-0.732247649999988],[119.73389973,-0.732815919999951],[119.733941531,-0.732901628999974],[119.73490993,-0.734887239999984],[119.735832732,-0.736779347999976],[119.737137919,-0.739455480999945],[119.737437901,-0.740058499999969],[119.737441058,-0.740064850999944],[119.7380118,-0.741212150999956],[119.741242352,-0.744911227999984],[119.744300369,-0.748412739999941],[119.744576839,-0.748721581999982],[119.745326599,-0.749559129999962],[119.74583249,-0.750124259999953],[119.74587249,-0.750168940999973],[119.746265933,-0.751266428999947],[119.748348409,-0.757075350999976],[119.74872973,-0.757314915999938],[119.748785242,-0.757367192999941],[119.748576446,-0.757417795999976],[119.748657991,-0.758548072999932],[119.749071699,-0.76428235399994],[119.749144491,-0.76529130299997],[119.74937577,-0.769320100999954],[119.749626444,-0.772159038999984],[119.74990328,-0.77529421099997],[119.74998319,-0.775521649999978],[119.75025149,-0.776285290999966],[119.750710182,-0.77762127099994],[119.750981579,-0.77841173999997],[119.751037341,-0.778574150999925],[119.75130536,-0.779354779999949],[119.751749039,-0.780647049999968],[119.753097442,-0.783018819999937],[119.75339982,-0.783550679999967],[119.75420324,-0.78523886099992],[119.75532261,-0.787590930999958],[119.755735488,-0.788472601999965],[119.756457911,-0.790015289999936],[119.756639721,-0.790403530999921],[119.75672105,-0.790577199999982],[119.757148156,-0.792505888999932],[119.75777154,-0.795320880999956],[119.757794826,-0.79544524799997],[119.757851174,-0.795746199999948],[119.758262992,-0.798386161999934],[119.758803053,-0.801044922999957],[119.758809454,-0.801047607999982],[119.758824178,-0.801156980999962],[119.75887827,-0.801558739999968],[119.758959284,-0.802160519999972],[119.75898497,-0.80235132099995],[119.75938629,-0.80327956999997],[119.75995035,-0.805295548999945],[119.76035702,-0.80674900999998],[119.7608544,-0.808290899999978],[119.761470413,-0.810200588999979],[119.76169659,-0.810901749999975],[119.76220034,-0.81246336099998],[119.762211579,-0.812599519999943],[119.762216788,-0.812662582999971],[119.762240498,-0.812949630999921],[119.762243122,-0.812981420999972],[119.762289177,-0.813538997999954],[119.762343039,-0.814191119999972],[119.76237274,-0.814550729999947],[119.76237555,-0.814798590999938],[119.7623779,-0.815006330999957],[119.762387669,-0.815870079999969],[119.762402549,-0.815947469999975],[119.763208069,-0.818707029999928],[119.76359002,-0.819094720999952],[119.766101322,-0.821643745999949],[119.76610845,-0.821650980999955],[119.76621454,-0.82176406999997],[119.768024431,-0.82369337999995],[119.768218231,-0.823899967999989],[119.768218672,-0.823900438999948],[119.768241068,-0.823924311999981],[119.768432281,-0.824128139999977],[119.769730794,-0.825512325999967],[119.770140881,-0.825949468999968],[119.77056079,-0.826397080999928],[119.77059816,-0.826436919999937],[119.7690863,-0.827296819999959],[119.76789873,-0.828068079999982],[119.76685334,-0.828747019999986],[119.76590635,-0.829362039999976],[119.76531143,-0.829748409999984],[119.76463728,-0.830347000000002]]]]},"properties":{"gid":1032,"luas":null,"idkec":"7205082","kdkab":"05","kdkec":"082","nmkab":"DONGGALA","nmkec":"BANAWA TENGAH","kdprov":"72","nmprov":"SULAWESI TENGAH","sumber":null,"periode":"2025_1"}},{"id":1033,"type":"Feature","geometry":{"type":"MultiPolygon","coordinates":[[[[120.022100859,0.338126551000066],[120.015193946,0.338033334000041],[120.009252879,0.336634799000017],[120.00878787,0.33673625000005],[120.0060596,0.337331475000032],[120.00540521,0.33731039200006],[120.00383797,0.337259889000052],[120.003399199,0.337128709000076],[120.00244933,0.336844719000047],[120.002093808,0.336810503000033],[120.00201415,0.336802838000036],[120.001792009,0.336781461000032],[120.00029707,0.336637590000072],[119.99786767,0.338101980000026],[119.996580489,0.337886328000025],[119.99625287,0.337831439000064],[119.995623399,0.33791453200007],[119.99474353,0.338030679000039],[119.993720399,0.33770292200006],[119.99279936,0.337407869000062],[119.991336489,0.337143161000021],[119.99085542,0.337056109000051],[119.9903436,0.33662259900006],[119.98991981,0.336679101000066],[119.9895742,0.336725184000044],[119.989312539,0.336760077000055],[119.98918901,0.336776550000025],[119.988780761,0.336991750000035],[119.987956191,0.337426412000078],[119.98773129,0.337544970000072],[119.987590261,0.337800310000026],[119.987037539,0.338801040000017],[119.984954879,0.339298609000032],[119.984577608,0.339256642000056],[119.98403367,0.339196139000028],[119.983365679,0.339121840000076],[119.98313238,0.339095890000056],[119.983010829,0.339082370000028],[119.98231832,0.338944401000039],[119.98196942,0.338874889000061],[119.980719789,0.339155360000058],[119.9800256,0.339435660000055],[119.97966284,0.340128700000033],[119.979401239,0.340628480000012],[119.97856815,0.341116629000051],[119.978449608,0.341081400000057],[119.97808221,0.340972220000021],[119.977758059,0.340902021000018],[119.97745731,0.340836890000047],[119.977377363,0.340953602000061],[119.977036385,0.341451399000051],[119.97703743,0.342101919000068],[119.976976713,0.342343061000061],[119.976944149,0.342472390000059],[119.976833089,0.342933210000062],[119.97683008,0.342939220000061],[119.97662498,0.343348880000065],[119.976401829,0.343499],[119.976208439,0.343629100000032],[119.975806811,0.343831831000039],[119.975653219,0.343909360000056],[119.975236619,0.343981770000031],[119.975259409,0.344277209000035],[119.97530631,0.344885250000065],[119.975062277,0.345275538000073],[119.97460565,0.346005820000063],[119.974778013,0.346731669000064],[119.97498323,0.347595860000059],[119.976393209,0.349736719000024],[119.976906169,0.35044667900006],[119.97733302,0.351037460000046],[119.977478421,0.351411399000016],[119.97780373,0.352247999999996],[119.979335629,0.353205220000061],[119.97999189,0.35374740000003],[119.980516249,0.354180609000014],[119.98010003,0.355445650000032],[119.98008079,0.355529240000074],[119.979892079,0.356349209000031],[119.97885094,0.356981999000024],[119.978734129,0.357071477000037],[119.977670915,0.357885895000034],[119.97719772,0.358447320000043],[119.9770695,0.358653989000057],[119.97706276,0.358662599000065],[119.9770519,0.35865766900002],[119.976997479,0.358632957000047],[119.97762763,0.359313440000058],[119.97913131,0.361454240000052],[119.979471978,0.361722201000017],[119.980727249,0.362709569000063],[119.981245243,0.363517918000065],[119.981491329,0.363901940000052],[119.981672478,0.364807700000023],[119.98176958,0.365293230000014],[119.981752561,0.36543613900006],[119.98171686,0.365735960000038],[119.981717357,0.366031630000062],[119.981718412,0.366659539000064],[119.981719717,0.367438910000029],[119.98171983,0.367506819000026],[119.98129016,0.367935489000048],[119.98087733,0.368347360000023],[119.97994102,0.369178889000058],[119.97938019,0.370299419000052],[119.979827489,0.371031100000044],[119.98073012,0.371374130000045],[119.981259169,0.372530430000043],[119.981107325,0.373042298000032],[119.98073111,0.374310500000035],[119.980242441,0.374925680000046],[119.979898359,0.375358840000041],[119.97918872,0.376752079000024],[119.97841287,0.37827531900007],[119.97808676,0.378915569000072],[119.97774427,0.379587980000041],[119.97732483,0.37953535000002],[119.977144265,0.379281044000034],[119.97706256,0.379165979000035],[119.977046808,0.37889791900006],[119.97700983,0.378268729000066],[119.97679982,0.377397929000029],[119.97632792,0.377266140000064],[119.97493887,0.378137489000043],[119.974933137,0.378143847000042],[119.97441479,0.37871826000002],[119.97436258,0.379378029000065],[119.974472668,0.37983648000005],[119.974546339,0.380143290000029],[119.974452269,0.380344710000028],[119.974127225,0.381040700000019],[119.9735244,0.381331200000032],[119.97268556,0.381357880000052],[119.972095541,0.381261116000064],[119.971734359,0.381201882000032],[119.97140099,0.381147210000051],[119.97045725,0.381068359000028],[119.97043121,0.381569790000065],[119.970520019,0.381909060000046],[119.97056245,0.382071160000057],[119.97048906,0.382118691000067],[119.97019553,0.382308800000022],[119.970004668,0.382273933000019],[119.969618779,0.382203439000028],[119.96924905,0.382239018000064],[119.9690683,0.382256410000023],[119.96885875,0.382731510000037],[119.96917349,0.383206430000033],[119.969051212,0.383847710000054],[119.969042649,0.38389262000003],[119.968570959,0.38436781000007],[119.96846639,0.385212340000055],[119.96836197,0.386452730000019],[119.968388439,0.387191650000035],[119.968173089,0.387703169000024],[119.96802174,0.388062659000069],[119.96770747,0.388933650000062],[119.96713078,0.388986640000032],[119.96655574,0.388962721000033],[119.966501619,0.388960470000028],[119.966496348,0.388958701000027],[119.96598244,0.388786449000055],[119.96532184,0.388565030000042],[119.964745119,0.388565229000046],[119.964505686,0.388916107000054],[119.96445691,0.388987580000054],[119.96445712,0.389594560000025],[119.964614889,0.390966809000012],[119.96443154,0.391389119000049],[119.96364713,0.391555660000048],[119.96343547,0.391600599000074],[119.963239939,0.391592111000015],[119.96222958,0.39154825000002],[119.96136694,0.391440007000019],[119.961180959,0.391416670000067],[119.96047316,0.391390529000031],[119.960289739,0.391628110000049],[119.96024913,0.391901299000039],[119.96021128,0.392155950000073],[119.960061058,0.392553358000041],[119.95979224,0.393264500000045],[119.959080479,0.39351045900003],[119.95887484,0.393581520000054],[119.957826139,0.393238820000015],[119.957479648,0.393052111000031],[119.957091989,0.392843220000034],[119.956957838,0.392155739000028],[119.956829369,0.391497390000038],[119.95630503,0.391365620000039],[119.956275179,0.39137353900002],[119.955806999,0.391497749000049],[119.95551879,0.391920110000048],[119.955510559,0.392112270000038],[119.95549279,0.392527100000045],[119.955730538,0.39282146100003],[119.95583373,0.392949230000051],[119.956187081,0.393360829000069],[119.95633201,0.393529650000058],[119.956368675,0.393624461000053],[119.95651568,0.394004610000024],[119.956432799,0.394255220000036],[119.95628,0.394717240000038],[119.956226887,0.394992788000019],[119.95619596,0.395153240000063],[119.956133586,0.395369648000038],[119.95607059,0.395588210000017],[119.95580848,0.395693870000045],[119.955576102,0.395460088000048],[119.95557247,0.395456435000031],[119.955440707,0.394896151000072],[119.95541271,0.394777099000065],[119.955393495,0.394695381000019],[119.95523116,0.394005070000043],[119.95470411,0.393702129000076],[119.95468054,0.393688580000063],[119.95449379,0.39364591900005],[119.95410378,0.393556830000016],[119.95386244,0.393488897000054],[119.953448339,0.393372329000033],[119.95281917,0.393319769000057],[119.95287185,0.394032300000048],[119.95311168,0.394440559000031],[119.95321285,0.394612780000053],[119.953422018,0.394803163000058],[119.953763529,0.395114010000032],[119.953894156,0.39535488100006],[119.95407832,0.395694490000042],[119.954235869,0.396459760000025],[119.95470799,0.397172140000059],[119.954500175,0.397438606000035],[119.95441976,0.397541710000043],[119.954411126,0.397563469000035],[119.95421023,0.398069600000029],[119.95371218,0.398148954000018],[119.953588088,0.397899330000022],[119.95334491,0.397410150000028],[119.95282054,0.39719920900006],[119.952480709,0.397181330000019],[119.95232246,0.397172999000024],[119.95211276,0.397225860000038],[119.951955549,0.397463430000062],[119.9519561,0.397464259000058],[119.95195592,0.397464530000026],[119.951964147,0.397489350000063],[119.951965009,0.397491959000028],[119.95213663,0.398009649000073],[119.952351819,0.398658790000064],[119.95255914,0.399284170000041],[119.95255936,0.399891160000033],[119.95237607,0.400498209000035],[119.95209625,0.400932530000033],[119.951327699,0.401105580000032],[119.951298057,0.40133000800005],[119.95127541,0.40150146000002],[119.95140667,0.402002840000029],[119.95161658,0.402556970000035],[119.951621556,0.402562473000046],[119.951878834,0.402847169000037],[119.952455849,0.40366506900006],[119.952567908,0.404054240000043],[119.952744579,0.40466782000004],[119.952734383,0.404895419000069],[119.95271857,0.40524841900003],[119.95248283,0.405776320000034],[119.952482969,0.406145790000031],[119.95264036,0.406436030000066],[119.95281804,0.40644972700004],[119.95298116,0.406462300000047],[119.953140108,0.406238099000061],[119.95324317,0.406092730000064],[119.953477788,0.405958776000036],[119.95402945,0.405643800000063],[119.95491574,0.405566993000035],[119.95494694,0.405564290000029],[119.95584221,0.40586082000004],[119.956595379,0.406110279000071],[119.95717545,0.40630241000002],[119.957097189,0.407358060000029],[119.957359709,0.408387200000047],[119.95568228,0.409205929000042],[119.954416915,0.409372119000063],[119.953911449,0.409530406000044],[119.95342799,0.409681799000048],[119.9532678,0.409797080000034],[119.95287762,0.41007787000007],[119.952668099,0.410605760000059],[119.95269459,0.411344692000052],[119.95295477,0.41192618000002],[119.95316684,0.412400139000058],[119.95337661,0.412708539000043],[119.95350782,0.412901440000039],[119.95446096,0.413179870000014],[119.95443772,0.413181913000074],[119.95239833,0.413361349000062],[119.947997629,0.413889910000015],[119.9462186,0.414158130000037],[119.945479379,0.414269580000046],[119.94544382,0.414274940000035],[119.945442789,0.414275118000029],[119.94544252,0.414275160000047],[119.945442329,0.414275194000025],[119.9416934,0.414910860000017],[119.937938568,0.415547514000029],[119.936578135,0.413508904000021],[119.936231664,0.413522911000023],[119.935193176,0.413564896000016],[119.932113757,0.412825216000036],[119.928773364,0.413321169000025],[119.926367692,0.414619932000056],[119.925852118,0.414898278000053],[119.92584281,0.414901339000029],[119.923438694,0.415692324000016],[119.922834054,0.41589125700005],[119.920179824,0.416023406000019],[119.919177133,0.416073329000027],[119.918843504,0.416073452000023],[119.916688114,0.416074257000039],[119.915051034,0.416074867000018],[119.913801323,0.415866094000017],[119.911111484,0.415416737000035],[119.908911124,0.415395743000028],[119.906553684,0.415373248000031],[119.904609945,0.416494389000034],[119.904452318,0.41669557900001],[119.903545852,0.417832061000064],[119.903382069,0.418041110000041],[119.903153418,0.418130478000022],[119.902783061,0.418275232000036],[119.90247961,0.418393839000021],[119.901727579,0.418510890000046],[119.90108304,0.41861121000006],[119.900745151,0.418463144000043],[119.900621954,0.418409158000022],[119.900525389,0.418366842000075],[119.90023837,0.418241064000024],[119.89986159,0.417211139000066],[119.89920337,0.416931671000041],[119.89564285,0.417953629000066],[119.888039783,0.41823787900006],[119.888064064,0.418488378000048],[119.888121573,0.418940148000035],[119.886841594,0.421624238000042],[119.886719554,0.42194956700007],[119.886563344,0.422374308000029],[119.886543734,0.422427618000034],[119.886407134,0.422799048000066],[119.886330954,0.422994739000041],[119.886245305,0.423214759000068],[119.886127394,0.423499857000018],[119.886073384,0.423630459000033],[119.886034173,0.423716298000045],[119.885883505,0.424046178000026],[119.885672174,0.424443828000057],[119.885451433,0.424832457000023],[119.885338744,0.425038597000017],[119.885234065,0.425230108000049],[119.885053375,0.425575998000055],[119.884946074,0.425781399000064],[119.884710183,0.42617002800006],[119.884462514,0.426549618000018],[119.884134014,0.426784678000036],[119.883961854,0.426815288000046],[119.883624684,0.426875228000026],[119.883371954,0.427038678000021],[119.883247243,0.427119338000066],[119.882905303,0.427417649000058],[119.882569953,0.427715957000031],[119.882216784,0.427996199000058],[119.882041634,0.428110189000045],[119.881841735,0.428240308000048],[119.881705664,0.428323557000052],[119.881457554,0.428475378000027],[119.881074074,0.428710457000016],[119.880810224,0.428889009000051],[119.880700004,0.428963598000047],[119.880560584,0.429057838000056],[119.880325505,0.429216749000027],[119.880097219,0.42937100100005],[119.879950874,0.429469888000023],[119.879582544,0.429732067000035],[119.879224743,0.430003279000052],[119.879155574,0.430061897000025],[119.878883363,0.430292558000073],[119.878610744,0.430567828000042],[119.878570034,0.430608928000026],[119.878520004,0.430672938000041],[119.878287444,0.430970468000049],[119.878034723,0.431341038000029],[119.877852704,0.431756748000058],[119.877742834,0.432120649000063],[119.877721733,0.432190518000021],[119.877582984,0.432358249000054],[119.877437594,0.432533988000034],[119.877100004,0.432841338000055],[119.877013924,0.433293159000064],[119.877338964,0.433555077000056],[119.877499254,0.433709788000034],[119.877647753,0.433853137000024],[119.877667903,0.433902689000028],[119.877757953,0.434124177000061],[119.877751374,0.434539829000071],[119.877723334,0.434823358000076],[119.877708484,0.434973557000039],[119.877855484,0.435232327000052],[119.877934284,0.435371049000018],[119.877998544,0.435804748000057],[119.877935104,0.435978427000062],[119.877840094,0.436238528000049],[119.877499484,0.435976618000039],[119.877367354,0.435551989000032],[119.877248114,0.435100238000077],[119.876956724,0.434829278000055],[119.876800544,0.434996869000022],[119.876678734,0.435127568000034],[119.876569094,0.435588438000017],[119.876509394,0.436067359000048],[119.876518114,0.436492037000043],[119.876870734,0.436601538000056],[119.876954044,0.43662740900004],[119.876869634,0.437034048000041],[119.876856784,0.437177998000034],[119.876830114,0.437476827000063],[119.876857355,0.437937637000057],[119.876877784,0.438136138000064],[119.876904794,0.438398448000041],[119.876976904,0.438841178000068],[119.876996224,0.438904677000028],[119.877100614,0.439247737000076],[119.877134694,0.439273898000064],[119.877441935,0.439509649000059],[119.877520773,0.439961409000031],[119.877286023,0.440350038000018],[119.877207884,0.440590727000017],[119.877127593,0.440838038000029],[119.877120454,0.441073277000042],[119.877113884,0.44128983900003],[119.877109714,0.441750658000039],[119.877118914,0.442029588000025],[119.877124614,0.442202447000058],[119.877147093,0.442430028000054],[119.877169244,0.442654218000028],[119.877257063,0.443087908000039],[119.877325934,0.443272418000043],[119.877415564,0.443512528000044],[119.877540654,0.443766787000059],[119.877615564,0.443919069000061],[119.877665444,0.444022408000027],[119.877816134,0.444334627000037],[119.877938424,0.444647528000081],[119.877978554,0.444750218000019],[119.878026703,0.444951729000024],[119.878084334,0.445192927000048],[119.878156454,0.445635659000053],[119.878170483,0.445743758000058],[119.878215104,0.446087428000044],[119.878250104,0.446335007000059],[119.878277693,0.446530158000023],[119.878326854,0.446881888000061],[119.878340834,0.446981918000066],[119.878398514,0.447442728000058],[119.878466414,0.447675778000066],[119.878522234,0.447867359000043],[119.878764354,0.448234627000027],[119.878766404,0.448237727000034],[119.879026604,0.448527467000008],[119.879074654,0.448580968000033],[119.879356544,0.448942289000055],[119.879490095,0.449101784000056],[119.879637483,0.449066940000019],[119.879710313,0.448759217000029],[119.879746154,0.448607807000022],[119.880063664,0.448938147000021],[119.880085616,0.448960991000031],[119.8821223,0.448479475000052],[119.881811127,0.448650620000021],[119.880768839,0.449223879000032],[119.880240594,0.449514413000032],[119.880259674,0.449589837000073],[119.880262554,0.44960124800002],[119.880322054,0.449836448000043],[119.880373224,0.450044037000051],[119.880431194,0.450279169000044],[119.880485574,0.450495238000022],[119.880540334,0.450712838000071],[119.880649055,0.451155548000018],[119.880757644,0.451598257000053],[119.880866224,0.452040968000057],[119.880974803,0.452483678000017],[119.881055744,0.452820408000022],[119.881083394,0.452935429000031],[119.881095794,0.452985979000049],[119.881191974,0.453378138000067],[119.881300564,0.453820848000023],[119.881307494,0.45384909800004],[119.881409144,0.454263557000033],[119.881517734,0.454706268000049],[119.881543594,0.454809057000031],[119.881626874,0.455139948000074],[119.881716354,0.455501338000034],[119.881828294,0.455935018000045],[119.881939124,0.456377719000041],[119.882010534,0.45666439700005],[119.882047144,0.456811398000061],[119.882105133,0.457070588000015],[119.882146194,0.457254108000028],[119.882191804,0.457573547000039],[119.882200304,0.457633047000059],[119.882213274,0.457723948000013],[119.882228564,0.457795758000025],[119.882305594,0.45815762700004],[119.882657534,0.458347238000037],[119.883029014,0.458627188000034],[119.882835324,0.458869837000068],[119.882740404,0.458988738000071],[119.882830965,0.459121458000021],[119.882986954,0.459350068000048],[119.883217774,0.459548807000031],[119.883354094,0.459666178000017],[119.883779935,0.459810578000031],[119.884232074,0.459810389000033],[119.884240974,0.459815627000073],[119.884615454,0.460036128000072],[119.885010454,0.460225718000063],[119.885156664,0.460193317000063],[119.885459754,0.460126138000012],[119.885870374,0.460098868000034],[119.885910604,0.460118778000043],[119.886271694,0.460297488000035],[119.886658864,0.460559368000019],[119.887001324,0.460857407000043],[119.887308444,0.461182568000023],[119.887597064,0.461534849000029],[119.887864524,0.461891867000012],[119.887867744,0.461896168000058],[119.888121034,0.462275557000058],[119.888326084,0.462664018000044],[119.888366624,0.463016668000009],[119.888378014,0.463115778000029],[119.888454093,0.463234817000054],[119.888626264,0.463504217000028],[119.888828184,0.463551077000031],[119.889053764,0.463603429000036],[119.889242883,0.463693569000037],[119.889451574,0.463793018000053],[119.889639234,0.464172438000034],[119.889875194,0.464327968000013],[119.890009154,0.464416258000028],[119.890122384,0.464484298000061],[119.890399824,0.464651027000063],[119.890687004,0.464807008000023],[119.890798763,0.464867717000056],[119.891198394,0.465075378000054],[119.891623674,0.465219768000052],[119.891945424,0.465336618000031],[119.892046144,0.465373197000016],[119.892176624,0.465420378000027],[119.892470444,0.465526638000022],[119.892894594,0.465671028000023],[119.893317204,0.465824457000051],[119.893627953,0.465945088000054],[119.893735754,0.465986928000055],[119.893819164,0.46602352900004],[119.894147153,0.466167479000031],[119.894404304,0.466314418000018],[119.894542175,0.466393198000042],[119.894932845,0.466618928000056],[119.895278593,0.466773888000036],[119.895335694,0.466799478000036],[119.895791754,0.466799287000067],[119.895861964,0.466745647000034],[119.896146734,0.466528068000065],[119.896338844,0.466130418000034],[119.896376984,0.466025978000055],[119.896493924,0.465705678000057],[119.896872564,0.465678417000041],[119.897241354,0.465904158000054],[119.897361964,0.466001047000013],[119.897385444,0.466019908000022],[119.897434553,0.466059478000042],[119.897589264,0.466184118000057],[119.897833849,0.46640414700005],[119.897930604,0.466491189000059],[119.898260503,0.466776428000058],[119.898275293,0.466789219000006],[119.898317864,0.466828077000049],[119.898671065,0.467150488000076],[119.898682394,0.46721440700003],[119.898752734,0.467611267000045],[119.899063774,0.46790027800006],[119.899352804,0.468234479000045],[119.899512683,0.468328858000063],[119.899719903,0.468451178000058],[119.899832394,0.468530978000033],[119.900076364,0.468704027000053],[119.900186744,0.468862958000041],[119.900265394,0.468976208000069],[119.900333584,0.469074388000026],[119.900418434,0.469223838000048],[119.900559254,0.469471858000016],[119.900676424,0.46967555800005],[119.900787874,0.469869327000019],[119.900836435,0.469949095000056],[119.900896274,0.470047389000058],[119.900924267,0.470093375000028],[119.901024334,0.470257768000071],[119.901243424,0.470664279000063],[119.901419313,0.47107080700004],[119.901524013,0.471486798000054],[119.901528463,0.471504468000031],[119.901600023,0.471947188000047],[119.901621513,0.472147647000048],[119.901647473,0.47238991800002],[119.901675294,0.472850718000073],[119.901681914,0.473119738000032],[119.901686424,0.473302497000021],[119.901685174,0.473491307000068],[119.901683384,0.473763318000066],[119.901670254,0.474215098000059],[119.901648704,0.474666888000055],[119.901624414,0.47494866900006],[119.901609764,0.47511868700001],[119.901589104,0.475277937000039],[119.901552304,0.475561458000073],[119.901528314,0.475715578000061],[119.901481954,0.476013268000032],[119.901454844,0.476167888000013],[119.901404304,0.476456048000044],[119.901353494,0.476733789000036],[119.901323294,0.476898829000039],[119.901279545,0.47714979800003],[119.901244524,0.477350648000031],[119.901212834,0.477539558000041],[119.901170245,0.47779342800004],[119.901079134,0.478236209000039],[119.901059244,0.478321508000022],[119.900952724,0.478778397000036],[119.901132464,0.47883556700003],[119.901349944,0.47890472800003],[119.901505464,0.478863698000047],[119.901795864,0.478787078000033],[119.902130324,0.478641109000009],[119.902210334,0.478606188000068],[119.902331684,0.478613957000043],[119.902631073,0.478633117000065],[119.903005005,0.479075698000022],[119.903172584,0.479162268000033],[119.903389483,0.479274319000067],[119.903579934,0.479322548000028],[119.903816993,0.47938256700007],[119.904231763,0.479563098000017],[119.904903354,0.479842919000023],[119.904973424,0.479865098000053],[119.905331004,0.479978268000026],[119.905759074,0.480113618000077],[119.906187714,0.480248968000066],[119.906493714,0.48056508900003],[119.906704534,0.480713688000035],[119.906852414,0.480817928000021],[119.906977774,0.480738239000051],[119.907236434,0.480573798000013],[119.907552114,0.480248389000046],[119.907786855,0.479859758000033],[119.907860554,0.479732887000058],[119.908012624,0.479471128000043],[119.908025455,0.47945948700004],[119.908341634,0.479172808000042],[119.908720184,0.478919658000048],[119.908952634,0.47879073800004],[119.909111504,0.478702633000066],[119.909099383,0.478599189000019],[119.909060694,0.478268948000052],[119.908887754,0.477830968000032],[119.908885903,0.477826278000074],[119.908555394,0.477573427000045],[119.908161654,0.477709129000056],[119.908112183,0.477990537000043],[119.908080644,0.478169978000038],[119.907947464,0.478603737000073],[119.907636684,0.478704889000029],[119.907502684,0.478748498000072],[119.907405444,0.478932588000012],[119.907292624,0.47914615800004],[119.907156084,0.479607027000039],[119.906819164,0.479796917000042],[119.906531914,0.479750269000014],[119.906319734,0.479715813000038],[119.906161825,0.47938156700007],[119.906171564,0.479314668000016],[119.906231604,0.478902649000023],[119.906312614,0.478459867000021],[119.906343074,0.477854468000032],[119.906163444,0.477732378000033],[119.906024214,0.477637748000062],[119.905549094,0.477674097000033],[119.905448275,0.477815499000032],[119.905291344,0.478035628000034],[119.905131164,0.478324839000037],[119.904773024,0.478071998000063],[119.904388484,0.477746879000051],[119.904516274,0.477484787000034],[119.904709134,0.47721718900004],[119.904776834,0.477123258000055],[119.905041875,0.476752678000026],[119.905309154,0.47638210800004],[119.905425624,0.47622332800005],[119.905574344,0.476020568000025],[119.905783284,0.47565002700003],[119.906081423,0.475487438000078],[119.906098334,0.475478217000041],[119.906497994,0.475758148000068],[119.906503744,0.475972358000037],[119.906510104,0.476209917000061],[119.906578664,0.476479497000059],[119.906645663,0.476742968000044],[119.907085394,0.476580139000014],[119.907475164,0.476354078000046],[119.907721864,0.476219009000036],[119.907871534,0.476137058000064],[119.908294984,0.475938097000034],[119.908515474,0.475975389000034],[119.908721345,0.476010197000053],[119.909161684,0.476208688000043],[119.909161924,0.476208799000052],[119.909358843,0.47635283900007],[119.909507584,0.476461638000043],[119.909389473,0.476818058000039],[119.909294965,0.477103258000055],[119.909675404,0.47735608800001],[119.910118735,0.477437228000047],[119.910560184,0.477364748000066],[119.910670845,0.477295019000041],[119.910947564,0.477120628000015],[119.911250204,0.476777149000035],[119.911418543,0.476506218000051],[119.911486064,0.47639754800003],[119.911459934,0.475963858000057],[119.911422024,0.475503058000075],[119.911424204,0.475265758000029],[119.911426173,0.475051278000028],[119.911496724,0.474846979000056],[119.911572834,0.474626548000063],[119.911969315,0.474550948000053],[119.911975394,0.474549789000041],[119.912000254,0.474545048000038],[119.912166464,0.474589577000069],[119.912341014,0.474636338000026],[119.912437983,0.474662317000023],[119.912577593,0.474715718000021],[119.912862704,0.474824778000017],[119.913207944,0.475086667000021],[119.913411323,0.475502208000021],[119.913757564,0.47579119800002],[119.913916194,0.475896278000048],[119.914139264,0.476044038000061],[119.914445813,0.47635110700002],[119.914511294,0.476767668000034],[119.914516824,0.476802858000037],[119.914426274,0.477245638000047],[119.914421524,0.477488887000041],[119.914417623,0.477688379000019],[119.914502104,0.477904438000049],[119.914615444,0.478194289000044],[119.914738884,0.478347307000028],[119.914936054,0.478591718000078],[119.915241795,0.478880507000038],[119.915251585,0.478889749000066],[119.915388114,0.47888703700005],[119.915716054,0.478880518000032],[119.916062264,0.479106259000044],[119.916097194,0.479118187000039],[119.916405754,0.479223568000063],[119.916702234,0.478907197000072],[119.916749323,0.478604648000034],[119.916775374,0.478437319000022],[119.916793943,0.478317078000034],[119.916842364,0.478003587000043],[119.916995904,0.477915047000062],[119.917234384,0.477777537000063],[119.917757474,0.477452029000063],[119.918157353,0.477244048000035],[119.918173264,0.47724073800002],[119.918593604,0.477153499000059],[119.918958834,0.477160657000071],[119.919044754,0.477162348000038],[119.919493524,0.477162157000063],[119.919942284,0.477161959000065],[119.920391054,0.477161768000026],[119.920839814,0.477161577000062],[119.921289704,0.477152348000057],[119.921731764,0.477215408000067],[119.921959599,0.477267391000054],[119.922447027,0.476444181000027],[119.922532851,0.477269410000021],[119.922607435,0.477260209000064],[119.922880164,0.477209919000061],[119.922891074,0.477207909000058],[119.923049434,0.477178699000031],[119.923491424,0.477088158000062],[119.923933424,0.476997617000049],[119.924339464,0.476922828000061],[119.924375974,0.476916107000021],[119.924478004,0.476901568000078],[119.925075444,0.476816418000045],[119.925314864,0.476753558000046],[119.925523604,0.476698767000073],[119.925617465,0.476498358000063],[119.925705604,0.476310158000045],[119.925680494,0.476023717000028],[119.925666005,0.475858408000015],[119.925435464,0.475601928000061],[119.925365614,0.475524228000033],[119.925074194,0.475171968000045],[119.924884833,0.474756418000026],[119.924686485,0.474304728000056],[119.924694224,0.47429997900002],[119.924981333,0.474123898000069],[119.925238964,0.474226268000055],[119.925412923,0.474295388000032],[119.925423914,0.474537388000047],[119.925433444,0.47474714800006],[119.925792684,0.474954807000068],[119.926078334,0.475243818000031],[119.926133404,0.475613988000008],[119.926148224,0.475713637000067],[119.926129204,0.475818209000062],[119.926062744,0.476183519000073],[119.926078174,0.476535888000062],[119.926514244,0.476698337000076],[119.926972003,0.47676138800005],[119.927461154,0.476752148000055],[119.927761813,0.476752018000063],[119.927912724,0.476751949000056],[119.928102234,0.476736498000036],[119.928358104,0.476715618000057],[119.928794484,0.476625079000021],[119.928980294,0.476570368000065],[119.929224684,0.476498398000044],[119.929302334,0.476472089000029],[119.929651934,0.476353648000041],[119.929914924,0.476264459000043],[119.930078754,0.476208898000034],[119.930304254,0.476137579000067],[119.930507824,0.476073188000041],[119.930942514,0.475964578000053],[119.931392374,0.475910168000043],[119.931444195,0.475912258000046],[119.931836654,0.475928047000019],[119.932153074,0.476034778000044],[119.932264723,0.47607242700002],[119.932462024,0.476112708000069],[119.932706364,0.476162599000014],[119.932909614,0.476072028000031],[119.933112284,0.475981718000068],[119.933371334,0.475879818000059],[119.933526193,0.475818898000059],[119.933967634,0.475746428000028],[119.934410754,0.475692028000022],[119.934693495,0.475651749000069],[119.934856124,0.475628588000059],[119.935009515,0.475609898000067],[119.935302614,0.475574188000054],[119.935587184,0.475545308000058],[119.935749675,0.475528819000031],[119.936096919,0.475493667000022],[119.936197854,0.475483449000024],[119.936637524,0.475447757000038],[119.936645474,0.475447118000028],[119.936665114,0.475445128000046],[119.937093654,0.475401748000028],[119.937540714,0.475365407000018],[119.937988334,0.475338117000036],[119.938436524,0.475319848000014],[119.938885284,0.475310629000029],[119.939334594,0.475301398000058],[119.939537064,0.475297228000049],[119.939783353,0.475292167000013],[119.940396453,0.475273837000021],[119.940846334,0.475273639000016],[119.941295654,0.475264408000042],[119.941743844,0.475246147000059],[119.942189774,0.475209817000066],[119.942632335,0.475137347000045],[119.942811164,0.475100378000035],[119.943070393,0.47504680800005],[119.943507314,0.474929159000055],[119.94367141,0.474906360000027],[119.943671399,0.474904461000049],[119.943960247,0.475019999000038],[119.945011023,0.474903246000055],[119.945633705,0.47480595200005],[119.946139634,0.47468920000006],[119.946489893,0.474630824000022],[119.946511388,0.47460502900003],[119.94670919,0.474581269000048],[119.94689937,0.474558429000058],[119.94734473,0.474504029000062],[119.947790659,0.474449619000038],[119.9480482,0.474418200000054],[119.94823659,0.474395219000024],[119.94868252,0.474349850000064],[119.94912901,0.474304490000056],[119.9495755,0.474259120000048],[119.94981605,0.474244450000069],[119.950023119,0.474231820000056],[119.950473549,0.474213560000074],[119.950923979,0.474204329000019],[119.9510323,0.474210830000056],[119.95137218,0.474231240000045],[119.95181647,0.474276229000053],[119.95225852,0.474348320000048],[119.95263317,0.474424999999997],[119.95269903,0.474438480000063],[119.95313773,0.474537679000029],[119.95332577,0.474584310000069],[119.95357419,0.474645910000041],[119.95400855,0.474763180000019],[119.95443996,0.474889490000059],[119.95486913,0.475015799000062],[119.95529621,0.475160179000049],[119.95572202,0.475304560000036],[119.95584142,0.475345090000073],[119.956147279,0.475448940000036],[119.95639874,0.47553429000004],[119.95657267,0.475593320000035],[119.95680422,0.475671720000032],[119.95699905,0.475737700000017],[119.95717868,0.475794619000056],[119.95742612,0.475873039000018],[119.95785361,0.476008379000057],[119.95828054,0.476152760000045],[119.958707049,0.476288100000036],[119.95902854,0.476404389000044],[119.95913119,0.47644152000003],[119.95955322,0.476594930000025],[119.95997343,0.476748350000045],[119.96039266,0.476910799000055],[119.96056897,0.476979240000044],[119.96081118,0.477073249000052],[119.960959859,0.477131099000076],[119.96122873,0.477235699000061],[119.9614145,0.477312019000065],[119.96164614,0.477407189000068],[119.962062979,0.477569639000024],[119.96247997,0.477741130000026],[119.9627586,0.477849710000038],[119.96289682,0.477903580000027],[119.963263709,0.478054459000011],[119.96331381,0.478075070000035],[119.963423049,0.478117639000054],[119.96373065,0.478237520000049],[119.96397462,0.478337710000059],[119.964053424,0.47837007500003],[119.9641482,0.478408999999993],[119.96446602,0.478577070000022],[119.96452355,0.478607610000035],[119.96491588,0.478824280000034],[119.964918706,0.478825841000054],[119.96530806,0.479040950000075],[119.96558912,0.479202650000045],[119.96570039,0.479266660000066],[119.96609216,0.479483330000051],[119.96648435,0.479699999999996],[119.96687668,0.479925709000036],[119.96726942,0.480142379000029],[119.96766287,0.480359049000064],[119.968063459,0.480557649000041],[119.96819037,0.480573280000032],[119.968648129,0.480629670000044],[119.96909686,0.480593340000028],[119.969435409,0.480685010000065],[119.96952995,0.480710600000066],[119.96975624,0.480810210000064],[119.969940069,0.480891120000013],[119.970385049,0.480945139000023],[119.97099928,0.480981010000054],[119.97122696,0.480971720000066],[119.9714469,0.480962740000044],[119.97189507,0.480926410000051],[119.9723438,0.480908139000057],[119.97246103,0.480900959000053],[119.972789729,0.480880840000055],[119.973011529,0.480853680000052],[119.973233969,0.480826430000028],[119.973419429,0.480822609000024],[119.973682139,0.480817200000044],[119.97380958,0.480799030000064],[119.97412694,0.480753760000019],[119.97431933,0.480749809000031],[119.97457624,0.480744529000034],[119.975011,0.480852760000057],[119.97532375,0.48091013000003],[119.97590139,0.48096981900005],[119.976272699,0.481105930000067],[119.976319909,0.481123229000043],[119.976476333,0.481177686000031],[119.97673464,0.481267609000037],[119.97688685,0.481305160000025],[119.97717333,0.481375840000052],[119.97730197,0.481433330000062],[119.977577279,0.481556360000069],[119.97795167,0.48181820900003],[119.97838754,0.481890300000035],[119.978839669,0.481944309000032],[119.97884708,0.481944149000064],[119.979264989,0.481935090000036],[119.97963944,0.481672909000042],[119.98001668,0.481392660000033],[119.98011693,0.481243010000069],[119.98027236,0.481010960000042],[119.98047204,0.480681700000051],[119.98048382,0.480662290000049],[119.98080288,0.480555059000037],[119.98088772,0.480526550000035],[119.981044439,0.480601839000029],[119.9812413,0.480696430000027],[119.98130498,0.48105779900004],[119.981454419,0.481233609000072],[119.98151993,0.481310680000022],[119.9819666,0.481400829000049],[119.982113839,0.481428900000022],[119.9824395,0.48149097900005],[119.982846959,0.481680529000058],[119.98326996,0.481824899000058],[119.98370584,0.481924100000068],[119.98372066,0.481927440000044],[119.984584469,0.482122480000033],[119.984728056,0.48215498600006],[119.985678336,0.482271348000034],[119.986435954,0.482414681000021],[119.987398333,0.482414681000021],[119.988565473,0.482414681000021],[119.989187623,0.482494104000055],[119.989527853,0.48253753700004],[119.989998804,0.482517062000053],[119.990244518,0.482046110000047],[119.990342208,0.481953072000065],[119.990674517,0.481636587000025],[119.991391182,0.481390873000064],[119.991513979,0.481558324000042],[119.99161642,0.481698016000054],[119.991944038,0.482476108000075],[119.992560442,0.482976936000057],[119.992637879,0.482986260000072],[119.99308549,0.482995100000034],[119.99311729,0.483000270000043],[119.99352879,0.483067180000031],[119.993723449,0.483090639000066],[119.99397699,0.483121189000022],[119.99426211,0.483138310000071],[119.994425179,0.483148100000051],[119.99487053,0.483102730000036],[119.995312489,0.48300315000006],[119.995754459,0.482921640000015],[119.99619814,0.482912410000036],[119.996642409,0.482957380000065],[119.996873649,0.482994899000059],[119.99708669,0.483029459000018],[119.99753153,0.483101540000059],[119.99797651,0.483182660000056],[119.9984219,0.483236669000057],[119.99868543,0.483263219000039],[119.99886841,0.483281650000041],[119.999297009,0.48341698000006],[119.99971175,0.483588460000014],[119.99985516,0.483650810000027],[119.999981599,0.483705790000041],[120.00057349,0.483669390000042],[120.00070657,0.483699479000041],[120.001012169,0.483768570000045],[120.00121089,0.483817819000018],[120.001341342,0.483850147000043],[120.00144889,0.483876800000076],[120.001691159,0.483947990000055],[120.00187931,0.484003270000065],[120.00229964,0.484156500000046],[120.00251388,0.484234449000035],[120.00272124,0.484309900000031],[120.00308801,0.48444242900007],[120.003145779,0.48446330000008],[120.003238439,0.484506689000054],[120.00355056,0.484652850000027],[120.00395044,0.484851440000065],[120.00452328,0.485185470000027],[120.0049107,0.485420200000019],[120.00529797,0.485645899000079],[120.005685379,0.485871590000043],[120.00607265,0.486097290000032],[120.0063486,0.486264480000041],[120.00646006,0.486332020000018],[120.00684748,0.486557709000068],[120.00723489,0.486783409000049],[120.007622159,0.48700910000002],[120.0079112,0.487200369000042],[120.007926961,0.487210800000065],[120.008126989,0.487343160000021],[120.00838923,0.48754160000004],[120.00848497,0.487614039000051],[120.00876602,0.48783475900006],[120.00884141,0.487893960000058],[120.00888839,0.487929750000031],[120.00919701,0.48816484000002],[120.009459759,0.488371750000043],[120.00955247,0.488444759000056],[120.00990863,0.488715640000073],[120.01003048,0.488810220000052],[120.010211069,0.488950410000024],[120.0104076,0.489093039000068],[120.010571849,0.48921225000004],[120.01093292,0.489483129000063],[120.011292589,0.489754010000073],[120.011303149,0.489762329000033],[120.01164833,0.490033930000033],[120.01199832,0.49031384900008],[120.012105239,0.490404410000052],[120.012339489,0.490602800000021],[120.012669159,0.49090983000002],[120.012991119,0.491225899000031],[120.013310559,0.491541970000057],[120.01363154,0.491858040000068],[120.013688839,0.49191401900003],[120.013955049,0.492174109000073],[120.01423812,0.492470969000068],[120.01427366,0.492508250000064],[120.01430529,0.492537769000015],[120.01460263,0.492815279000069],[120.01500653,0.493146910000072],[120.0154063,0.49308474000002],[120.01550139,0.492800879000071],[120.01540704,0.493084620000041],[120.016602549,0.493744940000052],[120.01706692,0.49400105000006],[120.01910679,0.495126100000045],[120.01917196,0.495213080000046],[120.01937745,0.495487359000028],[120.019652319,0.495848620000064],[120.0197333,0.495948950000073],[120.01995117,0.496218899000044],[120.02019903,0.496482250000044],[120.020257149,0.496544010000037],[120.020332049,0.496626639000065],[120.02092834,0.49728453900002],[120.021362809,0.497754299000054],[120.021638979,0.498052899000063],[120.02173754,0.498159470000064],[120.02176436,0.49818847000006],[120.02177193,0.498196650000064],[120.02224262,0.498509420000057],[120.02275017,0.498846690000051],[120.02322348,0.499306259000026],[120.023382589,0.499460759000039],[120.02361293,0.499659410000037],[120.02374922,0.49978226000007],[120.02395355,0.499966429000029],[120.02429444,0.500273450000064],[120.024634769,0.500580469000065],[120.024781919,0.500720799000017],[120.024975659,0.500905560000025],[120.02512727,0.501042210000036],[120.025316279,0.501212569000071],[120.02565688,0.501501520000024],[120.025997769,0.501808539000021],[120.02617125,0.501955589000021],[120.026338649,0.502097490000039],[120.02646665,0.502205989000066],[120.02667953,0.502386439000014],[120.02702096,0.502639249000022],[120.02738104,0.502892050000066],[120.027381179,0.502892089000051],[120.028310291,0.503185006000011],[120.028700579,0.503308050000044],[120.02904071,0.503415280000062],[120.02906406,0.503429850000036],[120.029416905,0.503649999000058],[120.029815659,0.503848579000022],[120.030228019,0.504047140000066],[120.03064233,0.504227639000018],[120.031050189,0.504426210000019],[120.03145637,0.504606710000072],[120.031766669,0.504758090000056],[120.0318634,0.504805280000024],[120.03211203,0.504915500000037],[120.03222482,0.504965510000025],[120.032230049,0.504967826000032],[120.03227056,0.504985779000037],[120.032678139,0.505184350000034],[120.03308628,0.505364850000042],[120.03349443,0.505563409000044],[120.03390257,0.505743910000025],[120.0340043,0.505793460000055],[120.034310299,0.50594248000004],[120.034717869,0.506122979000047],[120.035034729,0.506269019000054],[120.035227,0.50635763900004],[120.0355089,0.506495729000052],[120.03563234,0.506556210000037],[120.03603797,0.506754769000055],[120.03619332,0.506830720000033],[120.036444149,0.506953340000057],[120.03684991,0.50713384000005],[120.036901519,0.507159110000035],[120.03725553,0.507332410000068],[120.03766088,0.507540010000062],[120.03776985,0.507593509000053],[120.03806538,0.507738580000031],[120.03825898,0.507833949000019],[120.038468469,0.50793714900004],[120.03887059,0.508135710000029],[120.03900716,0.508203459000068],[120.03927089,0.508334280000037],[120.03939964,0.50840454900002],[120.03966782,0.508550919000079],[120.03977316,0.508623050000045],[120.040037009,0.508803710000045],[120.04031778,0.509015159000048],[120.04094365,0.509453709000073],[120.040943729,0.509453770000056],[120.04124566,0.509656350000047],[120.041320489,0.509706549000041],[120.04139428,0.50975245000006],[120.0416978,0.509941270000074],[120.042024919,0.510162479000023],[120.042071619,0.510194060000054],[120.04244026,0.510464910000042],[120.04279936,0.510735779000078],[120.043146119,0.511006650000062],[120.043234929,0.511092719000026],[120.04346289,0.511313669000045],[120.04373369,0.511674920000069],[120.04384869,0.511847609000033],[120.04398628,0.512054239000072],[120.04426213,0.512415490000013],[120.04433619,0.512458670000056],[120.04450983,0.512559920000052],[120.044787666,0.512724669000023],[120.044905649,0.512794630000031],[120.04530174,0.512993190000026],[120.04553034,0.512920929000067],[120.04570244,0.512866520000037],[120.04627588,0.513010800000065],[120.0464335,0.51316288900006],[120.046553672,0.513278841000041],[120.046553672,0.513727259000052],[120.046739761,0.51402537400003],[120.0463029,0.51734731000005],[120.04634939,0.51778094000002],[120.046373599,0.517985360000064],[120.046402889,0.518232639000072],[120.046461299,0.518684329000057],[120.046521809,0.519136030000012],[120.046583159,0.519587720000061],[120.0466469,0.520039410000025],[120.04671582,0.520473030000059],[120.046794059,0.520950780000009],[120.046863769,0.521376399000074],[120.04714928,0.523147010000064],[120.04720811,0.523598700000035],[120.047263559,0.524041350000062],[120.0472647,0.524050400000019],[120.047268589,0.52408035000002],[120.047323389,0.524502089000068],[120.0473825,0.52495377900004],[120.04740292,0.525113570000034],[120.04744021,0.525405469000019],[120.047471917,0.52567793100007],[120.047517729,0.52607159000007],[120.047540399,0.526266330000055],[120.04754512,0.526308860000025],[120.04754513,0.526309000000003],[120.047555389,0.526408530000021],[120.04758908,0.526742489000076],[120.04761509,0.527065330000027],[120.04762547,0.527194200000052],[120.047652479,0.527645910000039],[120.04766223,0.527927350000031],[120.047662514,0.527935548000067],[120.047668119,0.528097619000043],[120.04763086,0.528699539000051],[120.04758423,0.529452819000031],[120.04750277,0.529873789000016],[120.04741289,0.530338279000027],[120.04734606,0.530639829000049],[120.04731677,0.530771979000062],[120.04729379,0.530884410000049],[120.04722444,0.53122374900005],[120.04712846,0.531657450000072],[120.047118668,0.531694672000073],[120.04710006,0.53176541000005],[120.04701682,0.532081889000036],[120.047009629,0.532109230000056],[120.04699555,0.532159960000054],[120.04688925,0.532542940000035],[120.04679702,0.532904370000045],[120.04675024,0.533089289000024],[120.0466873,0.533338080000012],[120.04664068,0.533526419000058],[120.046579959,0.533771779000058],[120.04651941,0.534027639000051],[120.04647305,0.534223559000053],[120.04636585,0.534657260000075],[120.04625739,0.535090970000043],[120.04614599,0.53552468000003],[120.04603108,0.535958389000034],[120.04591099,0.53641017000007],[120.045841569,0.536649970000043],[120.045785419,0.536843890000049],[120.04573866,0.536989719000077],[120.04565214,0.537259539000046],[120.045532999,0.537626749000024],[120.04551142,0.537693260000034],[120.0454279,0.537936890000019],[120.04536272,0.538126989000023],[120.045308369,0.538271300000019],[120.04520616,0.538542660000075],[120.04504245,0.538976390000067],[120.044871579,0.539392059000021],[120.04469356,0.539807739000025],[120.04455168,0.540112860000008],[120.04450867,0.540205349000071],[120.04431578,0.540621030000059],[120.04410845,0.541018650000065],[120.044096866,0.541039384000041],[120.04409073,0.541050370000056],[120.04388527,0.541416279000021],[120.043643429,0.541795850000025],[120.04338126,0.54217543000004],[120.04309537,0.54251888000004],[120.04297258,0.542648180000077],[120.042786339,0.54284428000006],[120.04246173,0.543151619000068],[120.04212969,0.543458960000059],[120.04199545,0.543583369000027],[120.04179808,0.543766300000059],[120.041501029,0.544049119000012],[120.04147529,0.544073629000015],[120.041228939,0.54434981900004],[120.041168929,0.544417099000039],[120.04115197,0.544437070000071],[120.04087729,0.544760560000044],[120.04059352,0.545122080000049],[120.04033064,0.545483589000071],[120.040102129,0.54588123000001],[120.03993109,0.546255289000047],[120.03992032,0.546278840000071],[120.0399009,0.54633888000006],[120.03978003,0.546712570000068],[120.03967599,0.547117100000037],[120.03966849,0.547146279000054],[120.0396642,0.547166240000012],[120.03957532,0.547579980000018],[120.039524749,0.547851810000055],[120.039491269,0.548031750000063],[120.039406239,0.548483520000053],[120.039329239,0.54883402000008],[120.03931097,0.54891722000002],[120.03927653,0.54906587900007],[120.03920631,0.549369000000003],[120.039075559,0.549802719000062],[120.038940739,0.550236450000061],[120.03890959,0.550336120000054],[120.03880522,0.550670169000051],[120.03872595,0.550925210000067],[120.0386704,0.551103900000048],[120.03853516,0.551519559000048],[120.03831771,0.55217014900006],[120.03822258,0.552603859000034],[120.038189289,0.552864580000066],[120.0381649,0.553055609000063],[120.0381197,0.553507359000037],[120.038104829,0.553642080000029],[120.038069859,0.55395911000005],[120.03804184,0.554160499000034],[120.03800699,0.55441087000002],[120.03793935,0.554844560000041],[120.03786568,0.555296320000024],[120.03781364,0.555581290000024],[120.03778318,0.555748090000062],[120.03768902,0.556181799000054],[120.03763521,0.556419210000056],[120.03759071,0.556615499000017],[120.037593852,0.556615946000026],[120.037430419,0.557365815000026],[120.037080487,0.560340236000048],[120.037022165,0.561778843000077],[120.037216572,0.564170045000022],[120.03744986,0.565919703000019],[120.038071961,0.567781146000067],[120.038130283,0.568442128000077],[120.038071961,0.569025348000018],[120.038484593,0.568922191000065],[120.038141341,0.569093816000019],[120.03811886,0.569534570000036],[120.038100559,0.569757670000059],[120.0380818,0.569986320000056],[120.03805984,0.570187690000071],[120.038032539,0.570438070000015],[120.03797191,0.570889829000064],[120.03790087,0.571337450000036],[120.037900219,0.57134158900003],[120.03781014,0.571775300000071],[120.0377562,0.571999410000042],[120.03770576,0.572209010000053],[120.037662609,0.572378290000076],[120.03759059,0.572660789000055],[120.037469379,0.573085480000035],[120.037346349,0.573519200000019],[120.03722486,0.573952930000063],[120.03709931,0.574386650000064],[120.03702316,0.574636040000026],[120.03696688,0.574820380000048],[120.03683095,0.575254110000051],[120.03669403,0.575669770000053],[120.03655908,0.576103499000057],[120.03640185,0.57657338000006],[120.036270829,0.577007100000054],[120.03621162,0.577284690000049],[120.03617446,0.577458879000062],[120.03613983,0.577660880000056],[120.036097009,0.577910649000036],[120.03608401,0.578515970000061],[120.03608841,0.578620029000033],[120.036414949,0.579254469000031],[120.03641493,0.579254549000035],[120.03615562,0.580006630000072],[120.036121359,0.580458369000029],[120.036116339,0.580657530000055],[120.036109969,0.580910100000034],[120.036099609,0.581158680000038],[120.036091139,0.581361840000044],[120.03607672,0.581532389000063],[120.03605296,0.581813589000027],[120.036016319,0.582265329000052],[120.03598689,0.58256467000006],[120.03597233,0.582712759000061],[120.035943189,0.582967210000037],[120.0359201,0.583168879000017],[120.03586874,0.583618920000056],[120.03586273,0.58367151900006],[120.03581787,0.584064570000061],[120.03573959,0.584506050000062],[120.03562764,0.584939759000064],[120.035535279,0.585239440000065],[120.03549396,0.585373490000042],[120.035432669,0.585561490000021],[120.03535256,0.585807229000059],[120.035217759,0.586240960000058],[120.03514657,0.58650150000005],[120.035079489,0.586746970000025],[120.03488044,0.587144599000043],[120.03481037,0.587244080000058],[120.034613089,0.587524190000067],[120.03455763,0.587677180000065],[120.03445585,0.58795794000002],[120.034434399,0.588274939000019],[120.034457107,0.588280470000022],[120.03429643,0.590305609000042],[120.03425027,0.590504878000045],[120.03415623,0.590910840000051],[120.03420402,0.591799730000039],[120.03420428,0.591804599000053],[120.03417336,0.592428699000038],[120.03414964,0.592907389000065],[120.03412539,0.593396909000031],[120.03413334,0.593609090000022],[120.034142319,0.593848630000025],[120.034150109,0.594058229000036],[120.03415911,0.594300349000027],[120.03416745,0.594524540000066],[120.03417591,0.594752060000071],[120.03419085,0.595149569000051],[120.03420764,0.595601290000051],[120.034217719,0.595872309000075],[120.034224429,0.596053009000049],[120.034236809,0.596378250000033],[120.03425333,0.596829960000034],[120.03426984,0.597281679000043],[120.03427192,0.597336130000033],[120.03428706,0.597733400000028],[120.03429804,0.597990279000035],[120.03430638,0.598185109000033],[120.034327939,0.598636830000033],[120.03436655,0.599233089000057],[120.034369465,0.599269508000023],[120.0344027,0.599684789000023],[120.03441643,0.59988405900002],[120.034435069,0.600154570000021],[120.03445551,0.600606289000029],[120.034454909,0.601039950000024],[120.03441979,0.601363920000039],[120.034405939,0.601491700000051],[120.03427671,0.601888130000009],[120.03426455,0.60192543900007],[120.03411123,0.602341110000042],[120.03402718,0.60261191000005],[120.03395417,0.602847129000048],[120.033910339,0.602936210000042],[120.0337585,0.603244760000042],[120.03355259,0.603660470000016],[120.03334906,0.604058100000027],[120.033159699,0.604473800000041],[120.03299615,0.604889480000048],[120.03286416,0.605323209000067],[120.032778099,0.605752260000029],[120.03277354,0.605774990000036],[120.03293253,0.606401999999998],[120.032988309,0.606853690000035],[120.033048139,0.607143989000065],[120.03308139,0.607305370000064],[120.03320153,0.607738959000062],[120.03331367,0.608172549000068],[120.03332599,0.608624270000064],[120.03330862,0.60888041900006],[120.03329414,0.609094090000048],[120.03319538,0.609527800000016],[120.033029579,0.609943490000034],[120.03284008,0.61034111000003],[120.032634459,0.610756820000061],[120.03247357,0.611052800000025],[120.03241831,0.611154459000035],[120.03219753,0.611552110000044],[120.03204848,0.611823139000008],[120.03197886,0.611949750000071],[120.031941919,0.612019200000012],[120.031767339,0.61234739900004],[120.03168912,0.612494509000046],[120.0316232,0.612618510000058],[120.03148294,0.612872090000051],[120.03140326,0.613016159000035],[120.03121235,0.613413789000037],[120.031088449,0.613780089000046],[120.03106564,0.613847530000036],[120.030937289,0.614281270000046],[120.03081919,0.614714990000032],[120.030738779,0.615017100000046],[120.03070374,0.615148720000029],[120.03067357,0.615257979000027],[120.030583949,0.615582440000035],[120.030431039,0.616214950000026],[120.030176299,0.61655841000003],[120.02984092,0.616818530000045],[120.02982658,0.616829650000051],[120.029754739,0.616944820000069],[120.02958981,0.617209239000023],[120.02951894,0.617387419000059],[120.02946043,0.617534559000034],[120.029451689,0.617620070000033],[120.02941427,0.617986309000058],[120.02937273,0.618438060000073],[120.02929263,0.618871769000063],[120.029155169,0.619305510000055],[120.02911172,0.61943384900007],[120.02900832,0.619739250000071],[120.028853469,0.620172999000029],[120.028687259,0.620588689000038],[120.0285066,0.621004389000059],[120.02830883,0.621420089000026],[120.02821429,0.621584830000073],[120.02809099,0.62179967000003],[120.02794808,0.622023479000058],[120.02784861,0.622179260000057],[120.02778083,0.622262130000013],[120.027567649,0.622522740000021],[120.027254,0.622848169000052],[120.02691917,0.623155540000023],[120.026574229,0.623444840000036],[120.02656362,0.623454339000037],[120.02623057,0.623752219000038],[120.025998269,0.623968000000001],[120.02589966,0.624059589000071],[120.02566926,0.624294619000068],[120.025462139,0.624507060000041],[120.02535197,0.624620050000034],[120.02503368,0.624927409000057],[120.02474446,0.625218399000058],[120.02471022,0.625252850000033],[120.02432791,0.625415690000061],[120.023952359,0.625397840000062],[120.02382831,0.625356690000051],[120.02351729,0.625253539000024],[120.02310553,0.625416399000077],[120.02299525,0.625596610000055],[120.022873249,0.625795990000034],[120.02276903,0.626247779000036],[120.022828739,0.626681410000056],[120.02285749,0.627376920000074],[120.02290736,0.627393609000022],[120.024197998,0.62710649400003],[120.024085542,0.627209674000023],[120.023530832,0.62772031500003],[120.023354101,0.628370916000046],[120.023237961,0.62880464500005],[120.023168811,0.629077936000042],[120.023123652,0.629256446000052],[120.02308471,0.629405096000021],[120.023010032,0.629690175000069],[120.022895722,0.630123906000047],[120.022886371,0.630158795000058],[120.02277957,0.630557635000054],[120.022661052,0.630991366000054],[120.022538461,0.631425104000069],[120.022410542,0.631858845000056],[120.022352741,0.632042555000054],[120.022274071,0.632292586000063],[120.022131002,0.632726334000035],[120.021984982,0.633142015000031],[120.021926712,0.633315636000013],[120.021839401,0.633575755000027],[120.021769861,0.633788874000052],[120.021697871,0.63400950600004],[120.021563512,0.634443245000058],[120.02154513,0.634508045000074],[120.021440502,0.63487698500006],[120.021385982,0.635140355000025],[120.021350721,0.63531070500005],[120.021321572,0.635511305000019],[120.021285072,0.635762474000039],[120.021206212,0.636255414000063],[120.021172322,0.63646724400007],[120.021131801,0.636706696000023],[120.021095881,0.636919015000049],[120.021051912,0.63717841500006],[120.021022372,0.637352725000036],[120.020966782,0.637671015000012],[120.020946622,0.637786435000066],[120.020937992,0.637837764000041],[120.020870741,0.638238215000048],[120.020793032,0.638689994000054],[120.020755752,0.638898445000042],[120.020715462,0.639123706000015],[120.020646602,0.63956377500006],[120.020644762,0.639575475000068],[120.020643742,0.639582416000049],[120.020578001,0.640027255000061],[120.020529672,0.640348186000026],[120.020509971,0.640479025000046],[120.020436192,0.640930805000041],[120.020352172,0.641364516000066],[120.020252861,0.64179823500006],[120.020198801,0.641995136000038],[120.020133781,0.64223197600006],[120.019976422,0.642665735000026],[120.019782992,0.643063376000037],[120.019642261,0.643327586000048],[120.019571201,0.64346102500002],[120.019501022,0.643598685000033],[120.019359272,0.643876745000054],[120.01921266,0.64417704600003],[120.019165152,0.644274385000073],[120.019020382,0.644677734000032],[120.01900946,0.644708146000026],[120.018953741,0.645096665000036],[120.018903726,0.645325464000044],[120.018902622,0.645330515000063],[120.018753381,0.645930665000041],[120.018753362,0.645930745000041],[120.018478211,0.646147745000064],[120.018175661,0.646491244000053],[120.017930201,0.646870845000021],[120.017700301,0.647250445000056],[120.019067561,0.64625059500003],[120.017494972,0.647666155000025],[120.017324001,0.648081855000045],[120.017288982,0.648285475000025],[120.017246292,0.64853363400005],[120.017210382,0.648985394000015],[120.0170868,0.649234264000026],[120.016826032,0.649759396000029],[120.016720101,0.649899275000042],[120.016379381,0.650206665000041],[120.016120852,0.650470664000073],[120.016060692,0.650532105000022],[120.015984112,0.650648594000078],[120.015811162,0.650911714000074],[120.015639222,0.651345484000038],[120.015634242,0.651514275000058],[120.015626431,0.651779155000035],[120.015692041,0.65221278500007],[120.015779982,0.65260845500007],[120.015792432,0.652664454000034],[120.015898302,0.653116125000049],[120.015976132,0.653548445000064],[120.015979622,0.65356781400003],[120.015993932,0.653789295000027],[120.016007641,0.654001465000016],[120.015988792,0.654264306000066],[120.015975242,0.65445321500004],[120.015966502,0.654517765000031],[120.015914092,0.654904985000027],[120.015866442,0.655300585000019],[120.01585967,0.655356755000067],[120.015836241,0.655808505000034],[120.015822492,0.656260245000054],[120.015819532,0.656421334000074],[120.015814212,0.656711985000069],[120.015808312,0.657163725000035],[120.015802412,0.65761546600003],[120.015794972,0.658067204000006],[120.015790961,0.658252016000066],[120.015785962,0.658482805000056],[120.015776422,0.658934545000017],[120.015767851,0.659386286000029],[120.015757132,0.65974768500007],[120.015733572,0.660199435000043],[120.015702862,0.660669255000079],[120.015672381,0.66109243500005],[120.015670322,0.661121015000045],[120.015590482,0.661873955000042],[120.015580301,0.662084059000042],[120.015577012,0.662151936000041],[120.015576061,0.662199985000023],[120.015568032,0.662603674000026],[120.015577141,0.663055405000018],[120.015608542,0.663507124000039],[120.015633852,0.663692596000026],[120.015667701,0.663940756000035],[120.015753932,0.664374365000073],[120.015794782,0.664537155000058],[120.015862732,0.664807965000013],[120.015949422,0.665103216000031],[120.015990042,0.665241546000069],[120.016131942,0.665675125000065],[120.016284221,0.666108695000049],[120.016867872,0.663853395000044],[120.016443071,0.666524196000064],[120.016613582,0.667067225000036],[120.016698142,0.667287434000062],[120.016710481,0.66731957400002],[120.016754192,0.667442886000057],[120.016864162,0.667753145000068],[120.017008442,0.668186716000028],[120.017177602,0.668710626000058],[120.017237422,0.66886763600007],[120.017342782,0.669144185000053],[120.01751524,0.669559676000059],[120.017667212,0.669957105000037],[120.017696572,0.670038104000073],[120.017824401,0.670390675000023],[120.017922362,0.670600735000038],[120.018009752,0.670788086000063],[120.018229592,0.671185475000075],[120.018458412,0.671582865000066],[120.018700692,0.671962164000043],[120.018960632,0.672341463000061],[120.019151182,0.672572806000055],[120.019243272,0.672684606000074],[120.019395062,0.672831025000037],[120.019561501,0.672991586000027],[120.019897761,0.673262255000047],[120.019920392,0.673280464000064],[120.019928881,0.673285676000038],[120.020302811,0.673515134000065],[120.020552262,0.673665886000041],[120.020691112,0.673749795000047],[120.021014881,0.673861265000032],[120.021110212,0.673894084000037],[120.021267041,0.673939245000044],[120.021548512,0.674020294000055],[120.02188709,0.674110424000053],[120.022146172,0.67422386500003],[120.022299201,0.674290864000054],[120.022408641,0.674345865000028],[120.022694211,0.674489374000075],[120.022876712,0.674598876000059],[120.023085322,0.674724035000047],[120.023267161,0.674825105000027],[120.023475022,0.674940625000033],[120.024069112,0.675283565000024],[120.024461331,0.675500155000073],[120.024853552,0.675716736000017],[120.025246052,0.675933326000057],[120.025414662,0.676026435000036],[120.025638272,0.676149905000031],[120.026164342,0.67649289500002],[120.026544231,0.676727556000062],[120.026924002,0.676980285000064],[120.027303892,0.677214944000065],[120.027391791,0.677269286000069],[120.027683502,0.677449605000044],[120.028095452,0.677705265000033],[120.028119782,0.677720365000023],[120.028517892,0.677936944000062],[120.028913471,0.678153525000017],[120.029295341,0.678406255000016],[120.029653082,0.678658995000036],[120.029973002,0.678965975000042],[120.030239102,0.679327185000037],[120.030460612,0.679714704000052],[120.030466241,0.679724565000062],[120.030673202,0.680140024000025],[120.030842482,0.680476964000037],[120.030872862,0.680537416000045],[120.031054292,0.68095289500008],[120.031223671,0.681368376000016],[120.031246,0.681424395000025],[120.031389262,0.681783865000063],[120.031544802,0.68248846500005],[120.031355891,0.682904174000044],[120.031310582,0.683100965000049],[120.03125604,0.683337895000012],[120.031237032,0.683519066000016],[120.031208642,0.683789656000041],[120.031188882,0.684053815000027],[120.031174851,0.68424140600006],[120.031128302,0.684693166000048],[120.031070032,0.684976035000031],[120.031038961,0.685126875000039],[120.0308011,0.685524556000071],[120.030659001,0.685985856000048],[120.030690522,0.686024616000058],[120.030824877,0.68615564400005],[120.031280842,0.686046945000036],[120.031665482,0.68581179600005],[120.032113242,0.685811514000023],[120.032236862,0.685836954000028],[120.032550812,0.685901575000056],[120.032867092,0.68598014400003],[120.032986152,0.686009716000053],[120.033106131,0.686044575000032],[120.033420531,0.686135916000066],[120.033855312,0.686244056000018],[120.034092181,0.686354625000028],[120.034241901,0.686424505000049],[120.034592371,0.686713386000067],[120.034830282,0.686933365000081],[120.034924352,0.687020344000065],[120.035255502,0.687345375000053],[120.035562631,0.687667585000038],[120.035565332,0.687670425000014],[120.035833121,0.688031635000071],[120.036034282,0.688401356000037],[120.036049322,0.688429015000051],[120.036214792,0.688862566000068],[120.036287391,0.68919898400002],[120.036312251,0.689314224000049],[120.036314712,0.689425906000059],[120.036321781,0.689747875000011],[120.036239661,0.690089265000037],[120.036217452,0.690181604000023],[120.036210992,0.69019675400006],[120.036032482,0.690615374000061],[120.03579293,0.690994985000029],[120.03574422,0.691037094000019],[120.035437362,0.691302384000028],[120.0351111,0.691609775000064],[120.035007452,0.692025426000047],[120.035171242,0.692458975000026],[120.035404432,0.692654625000039],[120.035515552,0.69274786500005],[120.035892662,0.693018653000012],[120.036128082,0.693340585000041],[120.036156802,0.693379863000074],[120.036192692,0.693452305000049],[120.03635366,0.693777255000049],[120.03655368,0.694122495000031],[120.03658389,0.694174625000068],[120.037015782,0.694062796000027],[120.037196452,0.693652863000053],[120.037739382,0.693880186000054],[120.038170322,0.69440778500007],[120.038186731,0.69441189500002],[120.038869374,0.694237779000039],[120.047179728,0.686780981000021],[120.052857349,0.682339978000077],[120.05494459,0.680707349000039],[120.058768699,0.679267609000021],[120.060046782,0.678732965000052],[120.061392604,0.679264381000056],[120.064996362,0.680687364000037],[120.064996461,0.680687406000051],[120.067668752,0.681390534000054],[120.069537281,0.68083076500005],[120.070902432,0.680421795000029],[120.075120602,0.67986799500004],[120.078354811,0.680435075000042],[120.07980453,0.681071166000039],[120.081870511,0.681977656000063],[120.088508543,0.680754028000018],[120.093821551,0.679774656000058],[120.093822829,0.679775828000047],[120.09382388,0.679776796000045],[120.099463347,0.684969665000043],[120.10106565,0.683595660000023],[120.1027522,0.681372210000063],[120.10402988,0.680796651000036],[120.10739145,0.679282360000056],[120.109226169,0.678378610000042],[120.110062219,0.677898668000068],[120.1100626,0.67789845000004],[120.116302847,0.665389180000039],[120.117501184,0.663390495000042],[120.12200698,0.655875360000035],[120.12439655,0.653371509000053],[120.127380561,0.651626344000018],[120.12748918,0.651562820000039],[120.12845144,0.651405584000032],[120.129230129,0.651278346000018],[120.129595699,0.651218611000036],[120.13170701,0.650873620000031],[120.145205149,0.651885950000062],[120.149001309,0.651892600000046],[120.150372355,0.651435690000023],[120.153899187,0.650260350000052],[120.15505707,0.649984571000054],[120.1580692,0.649267165000022],[120.16158418,0.649273990000037],[120.165827029,0.649937048000032],[120.169865549,0.650461110000028],[120.169865959,0.650461159000018],[120.170213355,0.649859285000049],[120.170661879,0.649082199000024],[120.170722859,0.648976550000047],[120.170743709,0.648940429000049],[120.1714255,0.647759199000057],[120.17166163,0.647231369000048],[120.17198738,0.646503210000052],[120.17240768,0.641200370000027],[120.17268296,0.640406799000051],[120.173071697,0.639286161000026],[120.17577911,0.631722320000044],[120.17621671,0.631204570000014],[120.176481889,0.630890820000038],[120.1798547,0.626155299000064],[120.1858987,0.618771220000027],[120.19203709,0.615168550000017],[120.19280234,0.614319999999996],[120.1928887,0.614107850000034],[120.19297725,0.614018810000061],[120.19310426,0.612538360000038],[120.19327271,0.611291670000061],[120.19323781,0.611021290000049],[120.19316266,0.610596630000038],[120.19316288,0.610186080000051],[120.19314791,0.60989716000005],[120.19310272,0.609669050000035],[120.19302735,0.609334500000042],[120.19292171,0.609091150000043],[120.19283118,0.608847810000037],[120.19274065,0.60860447000004],[120.19269544,0.608361150000065],[120.19263513,0.60811785000004],[120.19259006,0.607616030000038],[120.19260546,0.607053440000072],[120.19259059,0.60659727000006],[120.19260597,0.606080280000075],[120.19275726,0.605685020000055],[120.19290856,0.605289760000065],[120.19310511,0.605031350000047],[120.19325636,0.604712100000031],[120.19330181,0.604468860000046],[120.19334734,0.604088730000053],[120.1933929,0.603632580000071],[120.19348367,0.603389360000057],[120.19369534,0.603115740000009],[120.19389187,0.602872560000035],[120.19393728,0.602720520000045],[120.19392267,0.602209630000055],[120.19384735,0.601814250000061],[120.1938475,0.601510140000069],[120.19383258,0.601145200000072],[120.19380248,0.600901900000049],[120.19363641,0.600673720000023],[120.19340989,0.600415120000039],[120.19321356,0.600262960000062],[120.19294171,0.600080350000037],[120.19268497,0.599852120000041],[120.19271539,0.599426390000074],[120.19283657,0.598818220000058],[120.19286699,0.598438100000068],[120.19300312,0.598149270000012],[120.19303516,0.597715220000052],[120.19295979,0.597380650000037],[120.19295999,0.597000520000051],[120.19294507,0.596589950000063],[120.1929604,0.596179400000035],[120.19299089,0.595616820000032],[120.19302133,0.595175880000061],[120.19308202,0.594674130000036],[120.19317294,0.594172400000047],[120.1932336,0.593716250000049],[120.19327916,0.593275310000025],[120.19329449,0.592819140000065],[120.19332498,0.592286970000023],[120.19338567,0.591785220000022],[120.19344633,0.591298670000062],[120.19349211,0.590845090000067],[120.19356784,0.590464980000027],[120.19364357,0.590084880000053],[120.19373441,0.589750400000069],[120.19381014,0.589370300000028],[120.19385565,0.588974960000021],[120.19391629,0.588564440000025],[120.19399207,0.588123530000071],[120.19406785,0.58766740000004],[120.19412846,0.587272090000048],[120.19423442,0.58690719000003],[120.19435546,0.586527120000015],[120.19449164,0.586147060000023],[120.194658,0.585827820000018],[120.19479413,0.585493360000037],[120.19502096,0.58514375000004],[120.19524776,0.58476372000006],[120.19541412,0.584444500000067],[120.19562578,0.584155700000057],[120.19588279,0.583851690000073],[120.19616997,0.583593350000049],[120.19646407,0.583322590000023],[120.19672102,0.583109850000019],[120.19696287,0.582897100000032],[120.19720474,0.58265392000004],[120.19749192,0.582425980000038],[120.19780932,0.582182830000022],[120.19808139,0.581939680000052],[120.19838368,0.58171176000008],[120.19867084,0.581529420000031],[120.19894595,0.581366010000058],[120.19900333,0.581331920000014],[120.19935804,0.581146510000049],[120.19938116,0.581134420000066],[120.19960785,0.581012900000075],[120.19991009,0.580891420000049],[120.20015189,0.580769890000054],[120.2004088,0.580648360000058],[120.20066573,0.580481230000024],[120.2009378,0.580283690000034],[120.20122495,0.580101370000026],[120.20145166,0.579949430000052],[120.20166328,0.579767060000053],[120.20190513,0.57955431000004],[120.20213186,0.579341530000016],[120.20231325,0.579128750000052],[120.2024947,0.578885550000046],[120.20266105,0.578551090000073],[120.20285761,0.578247080000034],[120.20302401,0.577851820000032],[120.20312994,0.577486920000066],[120.20317547,0.577091610000023],[120.2031606,0.576605020000039],[120.20317588,0.576240080000049],[120.20316097,0.575829530000024],[120.20313101,0.575297290000041],[120.20310603,0.574933390000056],[120.202674187,0.574753041000062],[120.20008984,0.573673750000061],[120.19627338,0.57317289000002],[120.19549793,0.573071120000068],[120.19238731,0.57277477000002],[120.18957271,0.571294910000066],[120.18924821,0.570786730000065],[120.18917383,0.570747280000026],[120.18890194,0.57057989000003],[120.18861496,0.570412480000062],[120.18834309,0.570229880000057],[120.18807121,0.57007769000005],[120.18799281,0.570004320000058],[120.187987941,0.569999762000065],[120.18785021,0.56987086000003],[120.18763879,0.56967308000002],[120.1875029,0.569490550000075],[120.18733681,0.569262390000058],[120.18717072,0.569049430000057],[120.18701976,0.568790860000036],[120.18683858,0.568532270000049],[120.18667251,0.568273700000015],[120.18649134,0.56798470000007],[120.18635543,0.56784779000002],[120.18620442,0.567680450000067],[120.18606852,0.567528330000078],[120.18594773,0.567361010000065],[120.18579674,0.567148060000012],[120.18566089,0.566889500000052],[120.18558542,0.566737400000015],[120.18550994,0.566600510000051],[120.1854194,0.566387590000033],[120.18531374,0.566159460000047],[120.18513261,0.565809640000044],[120.18501183,0.565627120000032],[120.1848608,0.565490190000042],[120.18470981,0.565292450000068],[120.18457392,0.565109910000052],[120.18445315,0.564896970000056],[120.18430219,0.564638410000043],[120.18421166,0.564395080000048],[120.18415135,0.564136550000053],[120.18404991,0.563866710000067],[120.18394742,0.563634310000049],[120.18384953,0.563391330000049],[120.18369175,0.563125080000016],[120.18353318,0.562870220000034],[120.18340102,0.562691430000035],[120.1832424,0.562516430000066],[120.18312482,0.562341800000072],[120.18304938,0.56211368000003],[120.1829891,0.561794340000055],[120.18292884,0.561444580000054],[120.18288366,0.561140440000027],[120.18277802,0.560881900000034],[120.18268325,0.56060984000004],[120.18256249,0.560366500000037],[120.18245684,0.56013836000005],[120.18235119,0.559910230000065],[120.182295889,0.559774886000066],[120.18229489,0.559772440000074],[120.18224555,0.559651690000055],[120.18220032,0.559453990000057],[120.18212495,0.55910423000005],[120.18207794,0.55876167000002],[120.1820497,0.558465560000063],[120.18199682,0.558143960000043],[120.18192916,0.557781250000066],[120.18188396,0.557522740000024],[120.18182815,0.557267790000024],[120.18173312,0.557005680000028],[120.1816275,0.556716720000061],[120.18153695,0.556503800000025],[120.18146153,0.556230070000019],[120.18143146,0.555925940000064],[120.18140136,0.555667440000035],[120.18134108,0.555348090000045],[120.18126568,0.555043940000076],[120.18117517,0.554754990000047],[120.18102421,0.55448123000002],[120.18088832,0.554298690000052],[120.18069201,0.55408572000004],[120.18051083,0.553811930000045],[120.1803448,0.553477330000007],[120.18014854,0.553142720000031],[120.17999762,0.552808130000062],[120.17990709,0.552534390000051],[120.17984681,0.552215040000019],[120.17981536,0.551972560000015],[120.17981552,0.551638040000057],[120.17981562,0.55142516000007],[120.17981577,0.551105850000049],[120.17984615,0.550756140000029],[120.17987652,0.550436830000021],[120.17993707,0.550193580000041],[120.17995227,0.549995910000057],[120.18001293,0.549524570000071],[120.18004331,0.549159650000031],[120.18008884,0.548733920000072],[120.18016457,0.548323410000024],[120.18024037,0.547791260000043],[120.18030096,0.547441560000026],[120.18034644,0.54712226000003],[120.18033149,0.546787730000062],[120.18031653,0.546468410000044],[120.18025617,0.546301120000069],[120.18002965,0.546072930000029],[120.17983332,0.545890370000057],[120.17956147,0.54567737000001],[120.17935003,0.545494800000024],[120.1790933,0.545251400000048],[120.17882144,0.54505359000006],[120.17853447,0.544840580000025],[120.17826262,0.544627580000052],[120.17800588,0.544399370000066],[120.1777189,0.544216770000037],[120.17755278,0.544049440000036],[120.17734138,0.543806050000055],[120.17719038,0.543623520000033],[120.17700917,0.543425760000053],[120.17684305,0.543258420000024],[120.17671506,0.54309375000003],[120.17660944,0.542789590000047],[120.176590788,0.542720631000052],[120.17651894,0.542455030000031],[120.17642845,0.542120470000042],[120.17633795,0.541785910000039],[120.17626254,0.54151217000003],[120.17617204,0.541177610000028],[120.17611175,0.540873470000057],[120.17609775,0.540710550000025],[120.17521554,0.539788080000047],[120.17453107,0.539072370000039],[120.173949031,0.538719309000048],[120.171549641,0.537263839000044],[120.171545302,0.537261208000072],[120.1711238,0.537005520000028],[120.16870633,0.535915890000071],[120.168621,0.535890910000033],[120.16808254,0.53564976000006],[120.16475399,0.534786630000043],[120.16238387,0.533893550000067],[120.1611988,0.533306990000026],[120.16060613,0.533009190000031],[120.16054128,0.532752340000056],[120.1603884,0.532709180000039],[120.15995888,0.532474060000024],[120.15955889,0.532071150000033],[120.15905219,0.531695030000037],[120.15878554,0.531426420000066],[120.15862559,0.531157850000051],[120.15862571,0.530916210000038],[120.15875924,0.530594090000012],[120.15897294,0.529976670000044],[120.15918662,0.529412940000036],[120.15930224,0.529219210000055],[120.159507,0.52887611000005],[120.15974725,0.528527190000027],[120.15998756,0.528070870000015],[120.16028115,0.527775670000035],[120.16052138,0.527480440000035],[120.1607184,0.526924930000051],[120.16087883,0.526119540000024],[120.16093243,0.525582580000043],[120.16098604,0.525018780000044],[120.16103964,0.52448183000007],[120.161039642,0.524481760000072],[120.161066069,0.524164319000022],[120.16109328,0.523837480000049],[120.16109354,0.523246810000048],[120.16109385,0.522575590000028],[120.16101414,0.521850630000073],[120.161014029,0.521850240000035],[120.16095702,0.521654840000048],[120.16088096,0.521394140000031],[120.16069445,0.520857080000035],[120.16061464,0.520373760000042],[120.16053484,0.519836750000029],[120.1604551,0.519192340000069],[120.16037536,0.518547930000067],[120.16032223,0.518037780000046],[120.16026912,0.517473930000054],[120.16029609,0.516829570000019],[120.16040312,0.516104700000031],[120.16043008,0.515460340000062],[120.16048371,0.514842840000032],[120.16053736,0.514171640000023],[120.16059098,0.513580990000036],[120.16053785,0.513070840000071],[120.16048478,0.512426440000058],[120.16043168,0.511835740000028],[120.16045589,0.511330100000051],[120.16061627,0.510632100000056],[120.16072321,0.510095180000068],[120.16083016,0.509558240000051],[120.16091052,0.508806510000049],[120.16091076,0.508242690000026],[120.16091106,0.507571470000075],[120.16093797,0.507034500000037],[120.16109827,0.506497590000038],[120.16112513,0.506094870000019],[120.161117972,0.505927590000053],[120.16109872,0.505477340000035],[120.16104557,0.504994030000022],[120.161047719,0.504944910000066],[120.161048914,0.504917521000042],[120.16107252,0.504376520000041],[120.16107281,0.503705300000026],[120.16107309,0.503034080000017],[120.160999421,0.502662510000044],[120.16096662,0.502497050000035],[120.16083342,0.50206741000005],[120.16078031,0.501503570000054],[120.16080715,0.501127690000039],[120.1608607,0.500671280000069],[120.16086085,0.500322250000064],[120.16084263,0.500001100000021],[120.16083784,0.499964720000035],[120.160837742,0.499964429000032],[120.16082434,0.499921760000066],[120.16082292,0.499917220000043],[120.16082096,0.499914710000041],[120.16078747,0.499871740000059],[120.16078733,0.499871560000026],[120.160522558,0.499292862000053],[120.16052265,0.499292840000062],[120.1605204,0.49928815000004],[120.15948893,0.497137890000025],[120.158280648,0.493145360000025],[120.158155,0.492730190000023],[120.15824528,0.491831540000013],[120.15845086,0.489785140000031],[120.15919072,0.484644740000029],[120.159190439,0.482686830000039],[120.15919042,0.48256928000007],[120.15919034,0.481997940000036],[120.15933815,0.47993824000003],[120.15807847,0.475530490000028],[120.158048419,0.475426071000071],[120.157953399,0.475095991000033],[120.157944031,0.475063450000043],[120.157483999,0.473465311000038],[120.15718927,0.472441450000014],[120.15700783,0.47218093000003],[120.15666658,0.468396999000044],[120.15565463,0.46839687100004],[120.15563098,0.468396870000046],[120.15538572,0.468198261000045],[120.15505226,0.467928230000039],[120.155,0.467910000000004],[120.15432,0.467879999999992],[120.15305256,0.467879999999992],[120.153013372,0.467879999999992],[120.151,0.467879999999992],[120.15087699,0.467874382000047],[120.14859,0.467769999999997],[120.14463,0.467910000000004],[120.14403,0.467850000000004],[120.14363,0.467599999999988],[120.14310058,0.466858040000027],[120.14226,0.465679999999995],[120.14108,0.463689999999991],[120.14025,0.462779999999993],[120.13933799,0.462017650000072],[120.13930945,0.461993790000069],[120.139194017,0.461897301000021],[120.1383,0.461149999999999],[120.13668,0.460019999999997],[120.13485,0.459189999999994],[120.13312,0.458570000000005],[120.13142,0.458390000000001],[120.13048,0.458409999999985],[120.13047986,0.458409988000024],[120.130125881,0.45835006900005],[120.129945068,0.458132851000072],[120.12993217,0.458117360000069],[120.12914172,0.457015570000062],[120.12907,0.456700000000001],[120.12789,0.454709999999987],[120.12736231,0.453946350000012],[120.12637623,0.450900950000059],[120.12548718,0.447667250000052],[120.12444995,0.44516534000007],[120.12430383,0.44501458000002],[120.12403,0.444100000000003],[120.1227,0.442799999999997],[120.12036,0.440479999999993],[120.11891,0.439030000000001],[120.118873251,0.438988349000052],[120.11871426,0.438808153000026],[120.1176352,0.437064900000044],[120.11727927,0.436533330000025],[120.11674626,0.435737300000028],[120.11444977,0.430733500000037],[120.11420401,0.430186530000072],[120.11413,0.429979999999996],[120.11409567,0.429909050000042],[120.113866862,0.429436180000035],[120.11385726,0.429414800000061],[120.113857191,0.428946390000018],[120.11385689,0.426767880000052],[120.11563427,0.424418350000058],[120.116302941,0.42353443100006],[120.11741164,0.422068840000057],[120.117648771,0.421868340000047],[120.11948539,0.42031544000002],[120.12422534,0.418416440000043],[120.12494616,0.417941350000027],[120.12644711,0.416952080000038],[120.12866888,0.415487720000038],[120.129109351,0.414614480000059],[120.12926137,0.414313100000058],[120.12793174,0.412983960000015],[120.12794,0.412959999999994],[120.12812,0.412089999999991],[120.12772,0.410029999999999],[120.12771993,0.410029869000029],[120.12717334,0.408976210000041],[120.12689,0.408429999999997],[120.12661,0.407959999999997],[120.12242868,0.407772999999998],[120.122204728,0.407578464000037],[120.12215072,0.407531550000039],[120.12259496,0.405471670000056],[120.12111332,0.401352840000063],[120.1209022,0.401120510000047],[120.12079,0.400839999999993],[120.12029,0.399999999999994],[120.11871,0.398479999999991],[120.11586,0.396420000000002],[120.11381,0.395149999999998],[120.11078,0.393989999999998],[120.10898,0.393479999999995],[120.108979619,0.393479912000026],[120.10802824,0.393265390000071],[120.108014149,0.393262211000032],[120.10796,0.393249999999996],[120.10634,0.39304],[120.10565,0.392819999999988],[120.10295,0.391690000000003],[120.1,0.391330000000003],[120.09935,0.391369999999995],[120.09852,0.391619999999995],[120.0978,0.392420000000002],[120.09654,0.393070000000002],[120.09578,0.393139999999998],[120.09528,0.392960000000002],[120.09416,0.392089999999998],[120.09357,0.39192999999999],[120.09188,0.391709999999992],[120.09126,0.391529999999993],[120.08907,0.390079999999997],[120.08702,0.388559999999995],[120.08647,0.388189999999987],[120.08458604,0.387204871000049],[120.08385,0.386819999999994],[120.0828,0.385789999999988],[120.082427079,0.385353150000062],[120.08181713,0.384638640000042],[120.07911711,0.379786270000059],[120.07914349,0.379334920000016],[120.07917783,0.378747320000057],[120.07926514,0.377283750000054],[120.079265118,0.376500720000029],[120.07926511,0.376407440000038],[120.07877362,0.375568340000028],[120.07877001,0.375490240000032],[120.07877,0.375490000000004],[120.07855,0.374879999999997],[120.07822815,0.374535280000034],[120.07822811,0.37331812000001],[120.07941302,0.371113370000047],[120.0789686,0.36846651000008],[120.07875684,0.368172150000026],[120.078736141,0.368143379000057],[120.07839071,0.367663190000025],[120.07811216,0.366316860000036],[120.07681075,0.36474147000006],[120.07496138,0.363303070000015],[120.07404763,0.362693900000069],[120.073786871,0.361968780000038],[120.07363562,0.361548170000054],[120.07363555,0.358187120000021],[120.07363545,0.353462550000066],[120.07482045,0.351845030000046],[120.075339,0.349785060000053],[120.07548701,0.347878800000044],[120.07502988,0.346631320000015],[120.07502988,0.346110790000061],[120.07434493,0.345425840000072],[120.07364338,0.344851850000057],[120.07360551,0.344886560000013],[120.07282067,0.344049170000058],[120.07037161,0.343209300000063],[120.068859999,0.342519999000033],[120.0687505,0.342475840000018],[120.06519,0.341039999999992],[120.06468,0.340979999999996],[120.06381,0.34109],[120.06355768,0.341069460000028],[120.06230306,0.340493060000026],[120.06177767,0.339939090000034],[120.06140011,0.339240200000056],[120.0614,0.339239999999995],[120.06075,0.338700000000002],[120.06035402,0.33843802000006],[120.05877,0.337389999999994],[120.05791052,0.336588369000021],[120.057572349,0.336638540000021],[120.0567832,0.336619909000041],[120.05670915,0.336618621000066],[120.05621325,0.336609991000037],[120.05535783,0.336595112000046],[120.0550015,0.336588917000026],[120.054545249,0.336580981000047],[120.05321263,0.336557800000036],[120.052530399,0.336547379000023],[120.05215071,0.336541580000078],[120.046836649,0.336460430000038],[120.04132659,0.337112640000035],[120.040584401,0.337835930000027],[120.03917513,0.339209319000021],[120.03644339,0.339086301000068],[120.034593169,0.339002980000027],[120.032924869,0.338744578000048],[120.02958699,0.338227580000027],[120.028900499,0.338218317000041],[120.02861867,0.338214513000024],[120.02675959,0.338189424000066],[120.022144399,0.338127140000035],[120.022100859,0.338126551000066]]],[[[119.906269734,0.482516867000061],[119.906570254,0.482470748000021],[119.906526314,0.482046909000082],[119.906522944,0.482045218000054],[119.906131174,0.481848298000043],[119.905857304,0.481740278000074],[119.905696354,0.481676808000024],[119.905266444,0.481514347000025],[119.905021554,0.481431968000032],[119.904837244,0.481369967000025],[119.904527904,0.481108069000074],[119.904410854,0.481115009000065],[119.904067364,0.481135368000021],[119.903635924,0.481000019000008],[119.903190494,0.480955027000051],[119.902852353,0.481010058000034],[119.902745114,0.481027507000013],[119.902364873,0.481253557000061],[119.902211294,0.481421768000068],[119.902092514,0.481551858000036],[119.901853294,0.481949527000038],[119.901487074,0.48217556800005],[119.901122524,0.482211798000034],[119.901105135,0.482213528000041],[119.901030464,0.482220947000024],[119.900597344,0.482094638000033],[119.900166324,0.481941209000073],[119.899739994,0.481959468000067],[119.899500314,0.482070498000041],[119.899408104,0.482113218000056],[119.899288024,0.482177568000044],[119.899020004,0.482321198000024],[119.898760803,0.482583417000061],[119.898707254,0.482637588000042],[119.898398304,0.482962999000051],[119.898092854,0.483297448000025],[119.897933344,0.483473078000021],[119.897789094,0.483631897000061],[119.897486454,0.48396634800002],[119.897307825,0.484164028000058],[119.897184233,0.484300799000035],[119.896882154,0.484635248000076],[119.896824554,0.48469843800006],[119.896577264,0.484969708000038],[119.896275044,0.485304159000058],[119.895983064,0.485647639000033],[119.895706244,0.486000148000061],[119.895438954,0.486370729000043],[119.895311514,0.486546049000013],[119.895176153,0.486732269000067],[119.894917144,0.487102838000056],[119.894659394,0.487473418000036],[119.894527195,0.487663488000058],[119.894401655,0.487843988000059],[119.894337803,0.487934798000026],[119.894141094,0.488214568000044],[119.893960444,0.488461508000055],[119.893876614,0.488576107000027],[119.893605824,0.488937658000041],[119.893353814,0.489198479000038],[119.893291394,0.489263079000063],[119.893187504,0.489318607000029],[119.892902314,0.489471068000058],[119.892735654,0.489517547000041],[119.892480514,0.489588719000041],[119.892376284,0.489685049000056],[119.892147984,0.489896077000021],[119.891861624,0.490248587000046],[119.891676814,0.49066431900008],[119.891609833,0.491107098000042],[119.891598274,0.491331877000047],[119.891583824,0.491613108000013],[119.891852814,0.491938269000051],[119.892118344,0.492162347000039],[119.892195264,0.492227268000018],[119.892420543,0.492414908000045],[119.892542213,0.492516258000021],[119.892857874,0.492780578000059],[119.892887334,0.49280524800003],[119.892895385,0.492811188000068],[119.893254474,0.493076157000074],[119.893679724,0.493157298000026],[119.894125714,0.493202277000023],[119.894282583,0.493237739000047],[119.894564574,0.493301478000038],[119.895002734,0.493400679000048],[119.895439214,0.493508918000033],[119.895793704,0.493597128000027],[119.895874154,0.493617147000065],[119.896293274,0.493779608000058],[119.896739815,0.493806518000041],[119.896872914,0.493811798000024],[119.897190284,0.493824398000069],[119.897595429,0.493832320000027],[119.897641864,0.493833227000041],[119.897751784,0.493837577000023],[119.898093594,0.493851109000036],[119.898542384,0.493868977000036],[119.898773494,0.493887679000061],[119.898986683,0.493904928000055],[119.899081474,0.493935538000066],[119.899405784,0.494040277000061],[119.899697584,0.494188837000025],[119.899795884,0.494238887000041],[119.900229484,0.494175447000025],[119.900421934,0.494139547000029],[119.900666444,0.49409393700005],[119.901105504,0.49399434800006],[119.901546934,0.493885728000057],[119.901818033,0.493813557000068],[119.901988924,0.493768068000062],[119.902345994,0.493687518000046],[119.902430364,0.493668489000072],[119.902440504,0.493666618000013],[119.902874054,0.493586969000032],[119.903047424,0.493573117000032],[119.903328984,0.493550628000031],[119.903586124,0.493473398000037],[119.903750775,0.493423939000027],[119.903829874,0.493367629000026],[119.904119074,0.493161749000015],[119.904423694,0.492915328000032],[119.904476704,0.492872448000066],[119.904561814,0.492850388000016],[119.904895704,0.492763837000041],[119.905300124,0.492682338000066],[119.905500454,0.492417899000035],[119.905580863,0.492311758000034],[119.905755005,0.491896047000071],[119.905668164,0.491599218000024],[119.905622844,0.49144431900003],[119.905773335,0.491141557000048],[119.905842965,0.49100147800004],[119.905954604,0.490898367000055],[119.906165954,0.490703168000032],[119.906201844,0.490693798000051],[119.906616784,0.490585508000042],[119.907011625,0.490413659000057],[119.907206824,0.490074868000014],[119.907240744,0.490015988000043],[119.907275594,0.489830599000063],[119.907325684,0.489564168000065],[119.907338934,0.489127079000065],[119.907339924,0.489094317000019],[119.907258824,0.488678718000069],[119.906996344,0.488612858000073],[119.906827394,0.488570478000042],[119.907026784,0.488163788000062],[119.907232344,0.487766128000026],[119.907363563,0.487519688000018],[119.907444084,0.487368478000059],[119.907558324,0.487153918000049],[119.907655813,0.486970817000044],[119.907729844,0.486821508000041],[119.907857444,0.486564129000041],[119.908075494,0.486175498000029],[119.908327064,0.485795898000042],[119.908583124,0.485425328000017],[119.908646674,0.485252008000031],[119.908745473,0.484982518000032],[119.908726604,0.484868427000036],[119.908676724,0.484566908000037],[119.908547114,0.484352998000022],[119.908441374,0.484178477000054],[119.90833635,0.484026234000061],[119.908179664,0.483799097000023],[119.907898324,0.48344682800007],[119.907812454,0.483103849000025],[119.907787484,0.483004138000072],[119.907687864,0.482543369000042],[119.907412154,0.482489818000026],[119.906993434,0.482408497000047],[119.906640955,0.483176308000054],[119.906962665,0.483510488000023],[119.907287723,0.48379044900003],[119.906884984,0.483862908000054],[119.906451294,0.483718528000048],[119.906038204,0.483528957000034],[119.906034223,0.483526374000064],[119.905648644,0.483276127000062],[119.905322593,0.482969057000045],[119.905165604,0.482499269000074],[119.905365214,0.482282328000057],[119.905804133,0.482517068000049],[119.906062314,0.482851278000048],[119.906269734,0.482516867000061]]],[[[119.853953894,0.527023488000052],[119.853985264,0.527203098000026],[119.854031224,0.527466207000018],[119.854092884,0.52775826800007],[119.854124694,0.527908938000046],[119.854239054,0.528342607000065],[119.854305294,0.528556088000076],[119.854373613,0.528776278000069],[119.854527664,0.529209928000042],[119.854591854,0.529359598000041],[119.854702033,0.529616467000035],[119.854876744,0.529800328000021],[119.855011014,0.529941628000074],[119.855067464,0.530402438000069],[119.855143284,0.530646828000047],[119.855196404,0.53081802700007],[119.855392733,0.531041859000023],[119.855489534,0.531152228000048],[119.855836654,0.531459288000058],[119.856214594,0.531691038000016],[119.856219494,0.53169404800001],[119.856291143,0.531779908000029],[119.856505904,0.532037279000065],[119.856884824,0.532281079000027],[119.857085283,0.532374448000034],[119.857291774,0.532470639000052],[119.857726194,0.53262404800006],[119.857940284,0.532667528000043],[119.858170124,0.532714198000063],[119.858324374,0.532643098000044],[119.858542964,0.532542349000042],[119.858749344,0.532411518000056],[119.858846225,0.532350098000047],[119.858928114,0.532298187000024],[119.859253104,0.53218092700006],[119.859354395,0.532144378000051],[119.859793074,0.532117067000056],[119.859891123,0.532138888000027],[119.860238693,0.532216257000077],[119.860444394,0.532271727000014],[119.860673514,0.532333518000029],[119.861091384,0.532179719000051],[119.861512064,0.532062049000043],[119.861669004,0.531822968000029],[119.861761254,0.531682422000061],[119.861703534,0.53121257800006],[119.861747534,0.530814979000058],[119.862174204,0.53060694700002],[119.862614549,0.53052542800004],[119.863069504,0.530507138000068],[119.863525584,0.530488858000065],[119.863922134,0.530353127000067],[119.864084204,0.530188327000074],[119.864242174,0.530027689000054],[119.864477104,0.529994587000032],[119.864692614,0.529964228000032],[119.865137454,0.529909807000022],[119.865406624,0.52980556800003],[119.865557985,0.529746958000028],[119.865973595,0.529575089000046],[119.866412264,0.529529698000021],[119.866626414,0.529512308000048],[119.866859924,0.529493348000067],[119.867196794,0.529445228000045],[119.867304194,0.529429889000024],[119.867579404,0.529384869000059],[119.867747343,0.529357398000055],[119.868191604,0.529275868000055],[119.868286884,0.529256168000064],[119.868629554,0.52918530800001],[119.868689414,0.529153898000058],[119.869026074,0.528977298000019],[119.869449424,0.528841558000058],[119.869512924,0.528837859000021],[119.869919094,0.528814228000042],[119.870068783,0.528562608000069],[119.870123413,0.528470778000047],[119.870438984,0.528208589000025],[119.870864124,0.528018637000056],[119.871279584,0.52781964800005],[119.871420194,0.527692049000046],[119.871588423,0.527539399000023],[119.871612384,0.527388388000016],[119.871661564,0.527078528000054],[119.871903453,0.526698908000064],[119.872064614,0.526511829000057],[119.872199354,0.526355408000036],[119.872489644,0.526011918000052],[119.872614094,0.525870137000015],[119.872791154,0.525668408000049],[119.873139823,0.52539717800004],[119.873179784,0.525381707000063],[119.873560353,0.525234337000019],[119.873862574,0.525138728000054],[119.873989444,0.525098598000054],[119.874409964,0.524926718000065],[119.874817144,0.524727747000034],[119.874961335,0.524593097000029],[119.875136624,0.524429418000074],[119.875292234,0.524157168000041],[119.875363924,0.524031728000066],[119.875654774,0.52368823800004],[119.876025894,0.523435057000022],[119.876415674,0.523208988000019],[119.876790153,0.522955809000047],[119.877153973,0.522693599000035],[119.877507124,0.522413329000071],[119.877806674,0.522134908000045],[119.877837824,0.522105957000063],[119.877892344,0.522049467000041],[119.878160654,0.521771478000068],[119.878447434,0.521409918000081],[119.878550255,0.521167188000041],[119.878612044,0.521021298000042],[119.878589284,0.520865308000052],[119.878544794,0.520560508000065],[119.878405144,0.520225847000055],[119.878367614,0.52013590800005],[119.878116544,0.519756518000067],[119.877799304,0.519440407000043],[119.877405674,0.519214687000043],[119.877219524,0.519081509000037],[119.877039653,0.518952817000067],[119.876800363,0.518573428000027],[119.876588324,0.518417659000011],[119.876443884,0.518311549000028],[119.876387474,0.518292428000053],[119.876017894,0.518167168000043],[119.875833664,0.518104808000033],[119.875591344,0.518022788000047],[119.875165914,0.51787841800006],[119.874738383,0.517743067000016],[119.874629523,0.517706178000031],[119.874312384,0.517598688000017],[119.873894244,0.517436238000072],[119.873648624,0.517315369000071],[119.873490664,0.517237629000018],[119.873164993,0.517057269000006],[119.873099424,0.517020949000028],[119.872703694,0.516804269000032],[119.872432615,0.516671058000045],[119.872299554,0.516605669000045],[119.871889804,0.516416098000028],[119.871490434,0.516279977000058],[119.871466204,0.516271718000033],[119.871035163,0.516145407000058],[119.870975684,0.516125199000036],[119.870610294,0.51600102800006],[119.870187664,0.515847618000056],[119.869848644,0.515716077000024],[119.869768954,0.515685159000041],[119.869424005,0.515526378000058],[119.869357114,0.515495589000068],[119.868943444,0.515315058000053],[119.868516903,0.515206828000027],[119.868063074,0.51523413900002],[119.867825304,0.515195068000031],[119.867624354,0.515162047000043],[119.867192754,0.51502670700006],[119.866757244,0.514918469000061],[119.866756414,0.514918388000058],[119.866311234,0.514873498000039],[119.865861314,0.514855628000011],[119.865414074,0.514873897000023],[119.864969944,0.51494638800006],[119.864529044,0.515027918000046],[119.864176664,0.515100478000025],[119.864089274,0.515118468000024],[119.864008764,0.515135049000036],[119.863649503,0.515209028000072],[119.863284355,0.51527645800006],[119.863208033,0.515290559000043],[119.863121334,0.515304718000042],[119.862764323,0.515363038000027],[119.862318924,0.515417457000076],[119.861872405,0.515471878000022],[119.861735094,0.515483037000026],[119.861425314,0.515508229000029],[119.861199674,0.515526548000027],[119.860977665,0.515544568000049],[119.860522153,0.515580917000015],[119.860067754,0.515599199000057],[119.859628483,0.515554217000046],[119.859211464,0.515409828000025],[119.858839764,0.515178888000034],[119.858819084,0.515166038000068],[119.858462024,0.514886079000063],[119.858139035,0.51457900700006],[119.858025794,0.514450108000065],[119.857837495,0.514235778000056],[119.857589814,0.513945898000028],[119.857544224,0.513892537000052],[119.857485614,0.513823119000047],[119.857254454,0.513549298000039],[119.856975204,0.513197029000013],[119.856747144,0.512899398000061],[119.856698334,0.512835708000061],[119.856511984,0.512609377000044],[119.856415724,0.51249246700006],[119.856369475,0.512436557000044],[119.856124274,0.512140198000061],[119.855979323,0.511966898000027],[119.855837174,0.511796959000042],[119.855568164,0.511435638000018],[119.855334894,0.511047198000016],[119.855139354,0.510640658000047],[119.855074504,0.510467128000071],[119.854980684,0.510216039000054],[119.854841084,0.509782377000014],[119.854719244,0.50945042900002],[119.854685224,0.509357748000067],[119.854403034,0.509110878000058],[119.854365194,0.509077778000054],[119.854185924,0.508689307000052],[119.854038474,0.50825564800004],[119.853870274,0.507831028000052],[119.853619254,0.507472177000062],[119.853617524,0.507469698000024],[119.853310235,0.507135508000038],[119.853205254,0.507032538000033],[119.852987943,0.506819387000049],[119.852873973,0.506693828000045],[119.852684583,0.506485188000047],[119.852404914,0.506123877000041],[119.852117805,0.505771598000008],[119.851779824,0.505482587000075],[119.851687704,0.505466128000031],[119.851325943,0.505401469000047],[119.850992054,0.505549387000032],[119.850917624,0.505582368000022],[119.850590463,0.505812108000045],[119.850531354,0.50585361800006],[119.850427564,0.505984258000066],[119.850258445,0.506197109000035],[119.850100144,0.506612837000031],[119.850005113,0.507064687000029],[119.849935464,0.507516518000034],[119.849929774,0.507968328000055],[119.849930604,0.507991397000067],[119.849945963,0.508420118000055],[119.849938874,0.50864492800001],[119.849931715,0.508871928000075],[119.849920714,0.509131338000034],[119.849912553,0.509323738000032],[119.849899224,0.509629268000024],[119.849892844,0.509775548000043],[119.849887463,0.509929448000037],[119.849877054,0.510227358000065],[119.849872694,0.510510638000025],[119.849870094,0.510679168000016],[119.849874794,0.510952238000073],[119.849877874,0.511130958000016],[119.849899104,0.511582758000037],[119.849913264,0.511773279000072],[119.849932684,0.512034538000016],[119.849976924,0.512486328000016],[119.850029434,0.512938098000061],[119.850102844,0.513380837000058],[119.850192513,0.513823558000066],[119.850279944,0.514266287000055],[119.850318094,0.514520988000066],[119.850347604,0.514718057000035],[119.850404744,0.515160798000064],[119.850456284,0.515612578000057],[119.850496614,0.516019367000073],[119.850501074,0.516064359000029],[119.850537885,0.516516148000041],[119.850566974,0.516958898000029],[119.850588214,0.517410689000032],[119.850593924,0.517588438000068],[119.850602724,0.517862488000048],[119.850613164,0.51831428800006],[119.850621495,0.518766078000063],[119.850629274,0.519217877000068],[119.850626953,0.519678719000061],[119.850619065,0.519810758000064],[119.850599954,0.520130538000039],[119.850602853,0.520374168000047],[119.850605343,0.52058232700005],[119.850675464,0.520842737000059],[119.850719694,0.521006979000041],[119.850899554,0.52127959700005],[119.850975964,0.521395408000031],[119.851044464,0.521471459000043],[119.851276954,0.521729607000047],[119.851351514,0.521792318000056],[119.851620544,0.522018597000052],[119.851916084,0.522277367000064],[119.851960924,0.522316628000051],[119.852040143,0.52238718800003],[119.852295554,0.522614668000072],[119.852625694,0.522921739000025],[119.852964954,0.523228809000041],[119.853302953,0.523535878000068],[119.853576455,0.523879127000045],[119.853638314,0.524118418000051],[119.853688574,0.524312798000036],[119.853727203,0.524773617000047],[119.853747464,0.525000618000034],[119.853767523,0.525225398000038],[119.853798724,0.52567718900002],[119.853819054,0.525929568000034],[119.853835114,0.526128968000015],[119.853857384,0.526314258000067],[119.853888324,0.526571717000019],[119.853930133,0.526859748000046],[119.853953894,0.527023488000052]]],[[[119.791166694,0.579516888000064],[119.791146714,0.579662688000042],[119.791112035,0.579745149000076],[119.790979444,0.58006037800004],[119.790652093,0.580376818000049],[119.790555564,0.580608768000042],[119.790475304,0.580801628000071],[119.790460374,0.581007608000044],[119.790442564,0.581253467000055],[119.790632664,0.581650978000023],[119.791035154,0.58184053800005],[119.791252294,0.581823208000049],[119.791490694,0.581804168000077],[119.791707683,0.581738548000026],[119.791909724,0.581677448000049],[119.792347985,0.58129769900006],[119.792424104,0.581212128000059],[119.792717914,0.580881839000029],[119.793093023,0.580709958000062],[119.793377024,0.580774048000022],[119.793532494,0.580809137000069],[119.793610733,0.581044397000021],[119.793655684,0.581179567000046],[119.793533584,0.581893518000072],[119.794012124,0.58184809800002],[119.794031154,0.581835248000058],[119.794387184,0.581594888000026],[119.794753834,0.581332648000049],[119.795118364,0.581061368000053],[119.795284404,0.580895968000055],[119.795436033,0.580744938000065],[119.795738124,0.580410437000063],[119.795965174,0.580147338000071],[119.796034593,0.580066897000048],[119.796322653,0.579723368000029],[119.796599485,0.579361778000008],[119.796747194,0.579158868000034],[119.796862704,0.579000188000053],[119.797023374,0.578575389000035],[119.797207474,0.578168659000018],[119.797483744,0.57781609700003],[119.797745324,0.577515279000053],[119.797782464,0.577472568000073],[119.797814214,0.577435637000059],[119.798077814,0.57712903800007],[119.798342724,0.576767447000073],[119.798488014,0.576504308000036],[119.798562314,0.576369738000042],[119.798745843,0.57595396800002],[119.798796884,0.575811558000045],[119.798898094,0.575529178000065],[119.799018784,0.575095368000056],[119.798960493,0.574643578000059],[119.798681354,0.574291297000048],[119.798626264,0.574146938000075],[119.798519293,0.573866658000041],[119.798451364,0.573711298000032],[119.798373124,0.573532387000054],[119.798310584,0.573537119000041],[119.797892343,0.573568768000026],[119.797446344,0.573596098000047],[119.797265574,0.573649339000039],[119.797016095,0.573722819000061],[119.796568404,0.573732077000044],[119.796118314,0.573723258000034],[119.795670624,0.573732518000042],[119.795490394,0.573758229000013],[119.795225754,0.573795988000037],[119.794763464,0.573787189000024],[119.794602574,0.573790567000057],[119.794324184,0.573796438000042],[119.794032194,0.574130928000043],[119.793687444,0.574420267000045],[119.793260534,0.574492768000032],[119.792808864,0.574411668000042],[119.792367923,0.574457058000062],[119.791994544,0.574719308000052],[119.791965703,0.574937689000017],[119.791934874,0.575171158000051],[119.791668134,0.575514677000059],[119.791590824,0.57564805900006],[119.791448114,0.575894317000057],[119.791479704,0.57622730700007],[119.791490124,0.576337088000045],[119.791551904,0.576455028000048],[119.791703094,0.576743628000028],[119.791599154,0.576860448000048],[119.791429604,0.577050997000073],[119.791329494,0.57725443800007],[119.791256134,0.577403507000041],[119.791296644,0.577712178000075],[119.791317794,0.577873378000036],[119.791318714,0.578307127000063],[119.791253014,0.578758988000067],[119.791223984,0.579054468000031],[119.791208624,0.579210838000041],[119.791166694,0.579516888000064]]]]},"properties":{"gid":1033,"luas":null,"idkec":"7205160","kdkab":"05","kdkec":"160","nmkab":"DONGGALA","nmkec":"SOJOL","kdprov":"72","nmprov":"SULAWESI TENGAH","sumber":null,"periode":"2025_1"}},{"id":1034,"type":"Feature","geometry":{"type":"MultiPolygon","coordinates":[[[[120.03654135,0.699200820000042],[120.03650867,0.699159380000026],[120.036506839,0.699157140000067],[120.0362308,0.699353980000074],[120.036045529,0.699841009000065],[120.03616242,0.700183809000063],[120.03661508,0.700400340000046],[120.036829399,0.700003150000043],[120.03682834,0.69997559900003],[120.03680777,0.699550970000071],[120.03654135,0.699200820000042]]],[[[120.093822829,0.679775828000047],[120.093821551,0.679774656000058],[120.088508543,0.680754028000018],[120.081870511,0.681977656000063],[120.07980453,0.681071166000039],[120.078354811,0.680435075000042],[120.075120602,0.67986799500004],[120.070902432,0.680421795000029],[120.069537281,0.68083076500005],[120.067668752,0.681390534000054],[120.064996461,0.680687406000051],[120.064996362,0.680687364000037],[120.061392604,0.679264381000056],[120.060046782,0.678732965000052],[120.058768699,0.679267609000021],[120.05494459,0.680707349000039],[120.052857349,0.682339978000077],[120.047179728,0.686780981000021],[120.038869374,0.694237779000039],[120.03874639,0.694349959000019],[120.0389624,0.694693890000051],[120.03900981,0.695145580000022],[120.03893704,0.695597350000061],[120.03876454,0.696013050000029],[120.03851196,0.696044600000044],[120.03832832,0.69606753900006],[120.03795661,0.696338820000045],[120.03836768,0.696645730000052],[120.03881284,0.69675385000005],[120.039064779,0.696974410000042],[120.03914284,0.697042740000021],[120.03923524,0.697464140000011],[120.03923791,0.697476329000039],[120.03922051,0.697835929000049],[120.03921605,0.697928070000046],[120.039049869,0.698361840000073],[120.03888588,0.69856285000002],[120.03876964,0.698705329000058],[120.03863901,0.698853369000064],[120.038466539,0.699048840000042],[120.038197819,0.699428460000034],[120.037962899,0.699808060000071],[120.03796941,0.700193990000054],[120.03796961,0.700205579000061],[120.03806545,0.700434590000047],[120.03814348,0.700621050000053],[120.038136899,0.700889579000031],[120.03813242,0.701072779000071],[120.03812666,0.701140930000064],[120.03809428,0.701524529000033],[120.03804562,0.701925550000042],[120.03803946,0.701976299000015],[120.038095289,0.702427979000037],[120.03815844,0.702600289000022],[120.03824757,0.702843470000056],[120.03848901,0.703222760000075],[120.038505129,0.703245760000061],[120.03875485,0.703602040000015],[120.03891014,0.703828850000037],[120.03901452,0.703981310000066],[120.03912543,0.704170150000042],[120.03923731,0.704360620000047],[120.039293679,0.704794240000072],[120.03931893,0.705245939000062],[120.03946225,0.705679510000039],[120.03952462,0.705845849000059],[120.03961804,0.706094989000056],[120.03973253,0.70638044900005],[120.03979192,0.706528530000062],[120.03985475,0.706690130000024],[120.03996048,0.706962070000023],[120.04006059,0.70737759000002],[120.039841689,0.707793329000026],[120.039911819,0.707973720000038],[120.03998917,0.708172680000078],[120.04029259,0.708533860000044],[120.04048918,0.708949310000036],[120.040639509,0.709382869000022],[120.04065568,0.709595689000011],[120.04067246,0.709816500000038],[120.04054907,0.710250239000061],[120.040437139,0.710564690000065],[120.04039468,0.710683990000069],[120.04032343,0.711099629000045],[120.04049989,0.711311240000034],[120.040624599,0.711460810000049],[120.04072978,0.711894390000048],[120.04066781,0.71228211000004],[120.040657569,0.71234616000004],[120.04048564,0.712761870000059],[120.04027907,0.713159519000037],[120.04007488,0.713575240000065],[120.03989889,0.713990950000039],[120.03983668,0.714153740000028],[120.039733139,0.714424710000064],[120.039552099,0.714840420000025],[120.03954593,0.714850280000058],[120.039325719,0.715201950000049],[120.038895469,0.715364859000033],[120.038802079,0.71541392000006],[120.038482209,0.715581960000065],[120.0382383,0.715925430000024],[120.03824901,0.716062350000076],[120.038275069,0.716395200000022],[120.03833058,0.716852510000018],[120.03833428,0.716883030000012],[120.03841329,0.71738890900002],[120.03866452,0.717515220000052],[120.03875173,0.717340799000048],[120.03880009,0.717244100000076],[120.03889065,0.716774240000053],[120.0391399,0.716448830000048],[120.03940094,0.716386930000057],[120.039598379,0.71634010900003],[120.040041689,0.71641209000005],[120.04028506,0.716491450000041],[120.04048407,0.716556349000019],[120.04087189,0.716465740000045],[120.04121005,0.716140280000045],[120.041343849,0.71604121000006],[120.041576429,0.715868999000062],[120.04171648,0.715798810000014],[120.04197357,0.715669969000025],[120.04241692,0.715579330000014],[120.04243654,0.715566010000032],[120.0427899,0.715326120000047],[120.04316527,0.715072900000052],[120.043402569,0.714890720000031],[120.04351861,0.71480163000006],[120.043607439,0.714687699000012],[120.043800509,0.714440069000021],[120.04387075,0.713988299000052],[120.043617575,0.713681300000067],[120.043560149,0.713660700000046],[120.04316495,0.713518980000055],[120.04300975,0.713139630000054],[120.0433481,0.712904509000053],[120.043544829,0.712452659000054],[120.043923869,0.712235580000028],[120.04418016,0.712110660000058],[120.04433222,0.712036549000064],[120.04475364,0.711855580000023],[120.0451714,0.711674610000039],[120.04532493,0.711649469000056],[120.04561462,0.711602040000059],[120.045831769,0.71160190000006],[120.04606391,0.711601740000053],[120.0462593,0.71159226000003],[120.04644153,0.711583420000064],[120.04689193,0.711546990000043],[120.04694534,0.711544810000015],[120.04734177,0.711528619000032],[120.04778924,0.711528320000064],[120.0482321,0.711564160000027],[120.048661029,0.711726500000047],[120.04883724,0.711711219000044],[120.049080989,0.711690080000035],[120.04930025,0.711605500000066],[120.04950325,0.711527180000063],[120.04978799,0.711418159000063],[120.04992874,0.711364280000053],[120.05007026,0.711322620000025],[120.05035944,0.711237510000043],[120.05080002,0.711219150000033],[120.05117675,0.711264409000021],[120.05124865,0.711273050000032],[120.051423169,0.711301100000075],[120.051696579,0.71134503000008],[120.052132199,0.711453150000056],[120.052214219,0.711484660000053],[120.05255482,0.711615489000038],[120.05288303,0.711704850000048],[120.05295202,0.711723640000057],[120.05338316,0.711849829000074],[120.05379415,0.712030240000042],[120.05395572,0.712120040000055],[120.05418384,0.712246810000061],[120.054333529,0.712346640000026],[120.05456277,0.712499519000058],[120.05493566,0.712752230000027],[120.05516028,0.712940840000035],[120.05527969,0.713041099000067],[120.055437729,0.713258820000015],[120.055633659,0.713528720000053],[120.05565896,0.713563489000024],[120.05582834,0.713796340000037],[120.055860219,0.713840169000025],[120.05589641,0.713889920000028],[120.05615959,0.714269179000039],[120.05630221,0.714463790000022],[120.056335694,0.714509483000018],[120.056424289,0.714630379000024],[120.056689839,0.714991579000064],[120.0570511,0.715461120000039],[120.05714619,0.715912769000054],[120.057067949,0.716346469000017],[120.05705853,0.716513159000043],[120.05704037,0.716834350000044],[120.05724458,0.716855670000026],[120.05738424,0.716870250000051],[120.05766557,0.716768499000072],[120.05783468,0.716707329000016],[120.0578863,0.716590540000026],[120.057986459,0.716363920000045],[120.05832186,0.716179159000029],[120.05834769,0.71616492900005],[120.05880255,0.716110410000054],[120.059223329,0.716254680000026],[120.05947712,0.716378040000051],[120.059631669,0.716453159000019],[120.0600757,0.716561270000048],[120.06041354,0.716832080000071],[120.0605924,0.717064310000063],[120.06069171,0.717193260000033],[120.06076577,0.717303809000038],[120.060945779,0.717572529000058],[120.06107269,0.718006090000075],[120.061108889,0.718457780000046],[120.06106684,0.718909530000078],[120.06096907,0.719215940000021],[120.060928449,0.719343269000028],[120.060902099,0.719448299000021],[120.06081964,0.719776990000071],[120.060785589,0.72022872900004],[120.060792379,0.720410860000078],[120.06080243,0.720680430000067],[120.06079416,0.720914460000063],[120.06078647,0.721132159000026],[120.06076373,0.721350960000048],[120.06073952,0.721583900000039],[120.06068429,0.722035660000069],[120.060646069,0.722285070000056],[120.06061783,0.722469350000043],[120.06053638,0.722921120000029],[120.06052329,0.722977670000028],[120.06043599,0.723354829000071],[120.06036386,0.723612780000056],[120.0603147,0.723788560000058],[120.060176729,0.724222310000069],[120.06015234,0.724293810000057],[120.0600288,0.724656049000026],[120.05996932,0.724818409000017],[120.05987651,0.725071729000032],[120.059704459,0.725505499000059],[120.05950925,0.725903139000017],[120.05935453,0.726189720000028],[120.059294549,0.726300800000051],[120.05913611,0.72673456000006],[120.05923426,0.727150070000049],[120.05935141,0.727228860000022],[120.05960996,0.727402770000024],[120.059769739,0.72753617000005],[120.059955959,0.727691630000032],[120.06006947,0.727816760000053],[120.060267219,0.728034720000043],[120.060653,0.728269350000064],[120.06104298,0.728485909000027],[120.06117219,0.72862842000007],[120.06133768,0.728810940000066],[120.06161277,0.729172130000038],[120.06181832,0.729453190000062],[120.061876919,0.729533319000037],[120.06213491,0.729912580000075],[120.062392629,0.730291840000056],[120.062655659,0.730653040000046],[120.06309327,0.731221900000038],[120.06320461,0.731332749000046],[120.06332902,0.731456619000013],[120.06368295,0.731871959000042],[120.0639017,0.732421300000058],[120.06427277,0.733353170000041],[120.064744769,0.734364689000074],[120.06503788,0.734630300000045],[120.065063279,0.734653320000063],[120.06586508,0.735249270000058],[120.06627804,0.735845250000074],[120.06692677,0.736314580000054],[120.067575269,0.736856179000023],[120.06822408,0.737036420000036],[120.06884856,0.737393489000056],[120.06896185,0.737458259000054],[120.069515809,0.737643719000057],[120.070104839,0.737584010000034],[120.07013114,0.73758134000002],[120.0706851,0.737766800000027],[120.07093383,0.738016840000062],[120.071116159,0.738200120000044],[120.071585329,0.738696379000037],[120.07187362,0.739276369000026],[120.07199831,0.739527240000026],[120.07235204,0.740050980000036],[120.07263018,0.740306349000032],[120.07288299,0.740538460000035],[120.073101559,0.740605289000016],[120.073236719,0.740646619000066],[120.07360759,0.74064636000002],[120.07400334,0.740646080000033],[120.074651919,0.740898590000015],[120.07530047,0.74131371000005],[120.07567519,0.741616090000036],[120.075949229,0.741837229000055],[120.07618199,0.741953760000052],[120.07659567,0.742160859000021],[120.0773956,0.742098360000058],[120.0777883,0.742067670000032],[120.07819553,0.742035850000029],[120.07831795,0.74161577900003],[120.07850249,0.740982550000068],[120.078932729,0.74023889900006],[120.07960933,0.739804800000065],[120.080162899,0.739432740000035],[120.08063454,0.739322149000017],[120.0809178,0.739262950000062],[120.08118307,0.739207510000032],[120.081182659,0.739189280000056],[120.081182169,0.739167160000024],[120.08160962,0.739043900000072],[120.08171432,0.739013710000052],[120.082305209,0.738951750000064],[120.08271275,0.738951469000022],[120.08278773,0.738965390000023],[120.083263,0.739053649000032],[120.08350206,0.739053479000052],[120.08369092,0.73905335000005],[120.084098459,0.739053059000067],[120.08424637,0.739079230000071],[120.08444491,0.739114360000022],[120.084913349,0.738785830000034],[120.085280099,0.738724030000061],[120.08573918,0.738646679000047],[120.085769089,0.738641639000038],[120.08590198,0.73863547000002],[120.08621737,0.738620819000054],[120.086787879,0.738558879000033],[120.08721581,0.738579090000019],[120.08723617,0.738577940000024],[120.08758258,0.738558320000035],[120.08797539,0.738593990000021],[120.08803091,0.738599030000044],[120.08805054,0.738597440000039],[120.0885403,0.738557650000068],[120.08884598,0.738598459000058],[120.08893004,0.73860543000006],[120.088979399,0.738609519000019],[120.088985099,0.738615300000042],[120.08898863,0.738618879000055],[120.08931464,0.738577619000061],[120.08952159,0.738603520000028],[120.0896407,0.738618420000012],[120.08978642,0.738646259000067],[120.09006867,0.738700170000059],[120.090374032,0.738717036000013],[120.0904114,0.738719100000028],[120.09043547,0.738720430000058],[120.09062709,0.738784570000059],[120.09080234,0.738843240000043],[120.090924289,0.738886119000021],[120.09120997,0.738986539000049],[120.09136441,0.739040839000047],[120.09161761,0.739129850000032],[120.09202532,0.739375709000047],[120.092392239,0.739580579000068],[120.0927905,0.73963382000005],[120.09303203,0.739666099000037],[120.09341542,0.739900720000033],[120.09353775,0.739974849000017],[120.093802599,0.740135330000043],[120.094009219,0.740274090000069],[120.09417885,0.74038801900002],[120.094525109,0.740658800000049],[120.09482319,0.741001880000053],[120.095051169,0.741300280000073],[120.09509912,0.741363050000076],[120.0953927,0.74170613000006],[120.095715429,0.742013059000039],[120.09604322,0.74233805000006],[120.09635278,0.742663060000039],[120.096476689,0.742820669000014],[120.09662253,0.743006160000053],[120.09686034,0.743403489000045],[120.09709071,0.743782750000025],[120.09728697,0.744087630000031],[120.097346479,0.744180069000035],[120.09742389,0.744595579000023],[120.097351009,0.74504733000003],[120.09729114,0.745408950000066],[120.09727323,0.745517150000068],[120.09719223,0.745986980000049],[120.09730805,0.746384389000075],[120.09744735,0.746587700000017],[120.09755552,0.74674558000003],[120.09769543,0.746914239000037],[120.09784013,0.747088669000046],[120.098107819,0.747366189000038],[120.09815362,0.747413670000066],[120.098248929,0.747506650000046],[120.09848674,0.747738650000029],[120.098724719,0.747950429000067],[120.09883162,0.748045560000043],[120.099178889,0.748352469000055],[120.09949277,0.748597130000061],[120.09952627,0.748623240000029],[120.09988564,0.748857539000019],[120.10006506,0.748960360000067],[120.100295589,0.749092459000059],[120.1005058,0.749348110000024],[120.100582229,0.749441060000041],[120.10060958,0.749502899000037],[120.100715049,0.749741310000043],[120.10070203,0.750115640000039],[120.1006988,0.750208520000055],[120.10077476,0.750452619000042],[120.10078187,0.750475440000059],[120.101128729,0.750538969000047],[120.101163139,0.750525220000044],[120.10147801,0.75042488000003],[120.10197496,0.74997401000007],[120.10209998,0.749795440000064],[120.10217366,0.749690210000032],[120.102348359,0.749463780000028],[120.10240551,0.749389700000045],[120.10241726,0.749343209000069],[120.10249928,0.749018620000067],[120.10258743,0.748916950000024],[120.102781459,0.748693200000043],[120.102747159,0.748232400000064],[120.102746489,0.748223460000025],[120.10289316,0.747825860000024],[120.10300716,0.747696540000045],[120.10321192,0.747464269000022],[120.10340291,0.747084709000031],[120.103370059,0.746633039000077],[120.103277999,0.746380530000057],[120.10321201,0.746199519000075],[120.103061659,0.746018989000044],[120.10292628,0.74585643000005],[120.10281508,0.745743680000034],[120.10260578,0.745531440000029],[120.10231919,0.745170279000036],[120.10206009,0.744809110000055],[120.10195589,0.744584119000012],[120.10186769,0.744393680000021],[120.101826639,0.743936890000043],[120.10189022,0.743637159000055],[120.10199303,0.743357119000057],[120.10210246,0.743059050000047],[120.10217741,0.742888980000028],[120.10227231,0.742673629000012],[120.1023186,0.742486649000054],[120.10235712,0.742331079000047],[120.10251208,0.742096729000028],[120.10252706,0.742074090000077],[120.10273943,0.741688630000061],[120.10297324,0.741538619000034],[120.10317945,0.741446190000028],[120.10318885,0.741441980000044],[120.10335587,0.74136711000006],[120.10357188,0.74121338900004],[120.10371719,0.741109980000025],[120.10382707,0.741206640000024],[120.10388741,0.741259700000053],[120.10390411,0.741286080000056],[120.104036419,0.741495060000033],[120.10409169,0.741479119000067],[120.10418524,0.741452149000045],[120.104247229,0.74143507900004],[120.1044191,0.741387760000059],[120.10458346,0.74122207900007],[120.10469535,0.741109290000043],[120.10520567,0.741087529000022],[120.10558844,0.741108660000057],[120.105928659,0.741087019000024],[120.10611859,0.741139979000018],[120.10631149,0.741193770000045],[120.10665178,0.741279159000052],[120.10699209,0.741407350000021],[120.10725063,0.741444340000034],[120.107438689,0.741471249000019],[120.1078679,0.741489729000014],[120.107927779,0.741492310000062],[120.108058769,0.741469280000042],[120.108416789,0.741406340000029],[120.10884205,0.741363230000045],[120.10925559,0.741407260000069],[120.10969553,0.741497279000044],[120.110099479,0.741659610000058],[120.11033463,0.741858190000066],[120.11061623,0.742071479000056],[120.110692099,0.74212894900006],[120.11088368,0.742271260000057],[120.11105659,0.742399709000037],[120.1113717,0.742598850000033],[120.111479719,0.742667109000021],[120.11151182,0.742686089000074],[120.11184136,0.742880910000049],[120.11201982,0.742873659000056],[120.112119859,0.742869600000059],[120.1123572,0.742859970000044],[120.112539592,0.742852566000069],[120.112799859,0.742841999000067],[120.11392513,0.742729590000061],[120.114307719,0.74249385900003],[120.11466899,0.742172520000045],[120.11507278,0.741851150000049],[120.115495199,0.74168288900005],[120.11593277,0.741592239000054],[120.1160862,0.741554130000043],[120.11613412,0.741542230000043],[120.11637046,0.741483520000026],[120.116536784,0.741449107000049],[120.11680859,0.741392870000018],[120.11720648,0.74136167000005],[120.11726263,0.741357270000027],[120.117730419,0.741335530000063],[120.117956399,0.741323990000068],[120.11815569,0.741313819000016],[120.11853918,0.741263189000039],[120.11864472,0.741249260000063],[120.119069979,0.741227550000068],[120.11958029,0.741184380000047],[120.12000554,0.741141260000058],[120.120452,0.741033920000055],[120.12063638,0.74102402000004],[120.120856,0.74101223000003],[120.12136634,0.741011869000036],[120.12174912,0.741054410000055],[120.1221744,0.741054100000042],[120.122642169,0.741010960000037],[120.123107165,0.741074449000053],[120.12311002,0.741074840000064],[120.12317112,0.74108281900004],[120.12359914,0.741138710000022],[120.12392848,0.74117005000004],[120.12404571,0.741181210000034],[120.12451359,0.741287900000039],[120.124875119,0.741351860000067],[120.12536426,0.74145854000005],[120.1254981,0.741521820000056],[120.12572587,0.741629520000055],[120.12617238,0.741824569000072],[120.12666169,0.741928529000056],[120.12694107,0.741984570000053],[120.12708702,0.742013850000024],[120.12753367,0.742163369000023],[120.127696519,0.74223608900007],[120.127916539,0.742334339000029],[120.12819954,0.742419590000054],[120.12834191,0.742462469000025],[120.128675099,0.742576889000013],[120.1290834,0.742757270000019],[120.129169069,0.742799066000037],[120.129490179,0.74295573000006],[120.129727769,0.743071800000056],[120.12989639,0.743154179000042],[120.130087139,0.743247620000024],[120.130301479,0.743352630000058],[120.13034135,0.743370370000028],[120.130414,0.743402700000047],[120.13068959,0.743606740000074],[120.130703,0.74361666900006],[120.131107169,0.743851839000061],[120.13146884,0.744108440000042],[120.13189427,0.744322190000048],[120.132029849,0.744403949000062],[120.13221336,0.744514610000053],[120.13237234,0.744598689000042],[120.13261752,0.744728370000072],[120.132948879,0.744925159000054],[120.13308552,0.745006300000057],[120.13323098,0.745125099000059],[120.13342593,0.745284320000056],[120.13376624,0.74541250900006],[120.13404867,0.745636629000045],[120.13417048,0.745733300000032],[120.134553389,0.745968480000039],[120.13489057,0.746149790000055],[120.13523795,0.746438619000059],[120.135428469,0.746596760000048],[120.135585899,0.746727439000038],[120.13574789,0.746860630000061],[120.13593721,0.747016269000024],[120.136239099,0.747245470000051],[120.136293839,0.747287019000053],[120.136299409,0.747267828000018],[120.13653384,0.746460010000013],[120.13673667,0.746132809000077],[120.136746588,0.74610916300003],[120.136972059,0.745571599000069],[120.13718265,0.745069550000033],[120.13724,0.745030999999996],[120.13727794,0.744908220000062],[120.13732291,0.744762680000055],[120.137371013,0.744690147000034],[120.137541252,0.744433451000024],[120.13771447,0.744172270000034],[120.137733909,0.744042290000043],[120.13774731,0.743952660000052],[120.13786176,0.743779840000053],[120.137882619,0.74374203900004],[120.13790944,0.743693430000066],[120.13827186,0.743501400000069],[120.138318974,0.743332757000072],[120.13842105,0.743266186000022],[120.138543639,0.74328060800002],[120.138763492,0.743223872000039],[120.13878688,0.743270960000074],[120.138805209,0.743326301000019],[120.13880596,0.743328570000067],[120.13882216,0.743332642000037],[120.13888226,0.743347770000063],[120.13892041,0.743366970000058],[120.13910315,0.743341880000065],[120.13913023,0.743338160000061],[120.13917571,0.743319309000068],[120.13929237,0.743270950000059],[120.13934766,0.743085400000045],[120.13934959,0.743078920000073],[120.13920652,0.742848510000037],[120.138990104,0.742790421000052],[120.138920389,0.742771709000063],[120.138653339,0.742637299000024],[120.138534851,0.742555978000039],[120.138443509,0.742493290000018],[120.13834813,0.742301279000057],[120.138347761,0.742295730000029],[120.13834491,0.742252738000047],[120.138344754,0.742250369000037],[120.138338579,0.742157259000062],[120.138329132,0.742005129000052],[120.138439329,0.741801750000038],[120.138651579,0.741663479000056],[120.138988689,0.741657189000026],[120.13946938,0.741368090000028],[120.13968334,0.741129920000047],[120.139692544,0.740844680000065],[120.139696632,0.740782490000076],[120.139696636,0.740782454000047],[120.139818202,0.740121502000015],[120.139811472,0.740098677000039],[120.139704629,0.739736341000017],[120.139740685,0.739361363000059],[120.139805585,0.739108974000029],[120.140086819,0.73867630600005],[120.140238252,0.738366228000077],[120.140295028,0.738287616000036],[120.14069907,0.737728173000047],[120.140706975,0.737717227000074],[120.141053109,0.73739993800006],[120.141080328,0.737357165000047],[120.14139891,0.737357380000047],[120.141408619,0.737320630000054],[120.1414914,0.737007230000068],[120.14141087,0.736865160000027],[120.14139011,0.73648449200005],[120.14138671,0.73642214000006],[120.141623453,0.736184125000018],[120.14189889,0.735907209000062],[120.14190045,0.735905640000046],[120.14192455,0.735474090000016],[120.14192519,0.735462650000041],[120.142166003,0.735151381000033],[120.142257949,0.735032540000015],[120.142293592,0.734986462000047],[120.142305431,0.734971161000032],[120.142364019,0.734895440000053],[120.14243903,0.734798480000047],[120.142743611,0.734468710000044],[120.14275708,0.734454130000078],[120.14303703,0.734360390000069],[120.143101819,0.734197030000073],[120.14310434,0.734190660000019],[120.143148202,0.734093331000054],[120.14350983,0.733290963000063],[120.14360312,0.733183482000059],[120.14366499,0.733112200000055],[120.14364398,0.733087490000052],[120.143577693,0.733009540000065],[120.14379534,0.732826717000021],[120.143990881,0.732142322000067],[120.143996462,0.732085117000055],[120.14403754,0.732072740000025],[120.14403693,0.732064130000032],[120.1441024,0.731932080000031],[120.14418571,0.731764050000026],[120.14422006,0.731568271000067],[120.14427491,0.731255640000024],[120.144428129,0.730971330000045],[120.144590889,0.730669310000054],[120.144593113,0.730665180000063],[120.14498454,0.730271650000021],[120.14506944,0.730271700000053],[120.1454161,0.729732880000034],[120.1464273,0.729048160000051],[120.14642778,0.729041999999996],[120.146549599,0.728503999000043],[120.14655036,0.72850063000003],[120.14681939,0.728353140000014],[120.14765066,0.728329060000017],[120.147732171,0.728313722000049],[120.14804188,0.728255470000012],[120.14808011,0.728241249000064],[120.14861407,0.728042550000052],[120.14873122,0.727998960000042],[120.14909542,0.727720610000067],[120.149228131,0.727619179000044],[120.1492498,0.727602617000049],[120.149371171,0.727539271000069],[120.14970765,0.72736366100002],[120.149707008,0.727354283000071],[120.149758545,0.727328514000008],[120.149955875,0.726892312000072],[120.15107754,0.725781032000046],[120.151368342,0.725220199000042],[120.1514722,0.724599648000034],[120.151960906,0.724324751000044],[120.15212733,0.724221800000065],[120.152349672,0.724132435000054],[120.15272888,0.723966116000038],[120.153274794,0.723958426000025],[120.15347217,0.723951930000061],[120.1540346,0.723779999999996],[120.15498816,0.723682160000065],[120.15543309,0.723573870000041],[120.15579509,0.723485770000016],[120.156152477,0.723338860000059],[120.156301591,0.72327026800002],[120.156924739,0.722813293000056],[120.15754036,0.722239175000025],[120.15782528,0.721961140000077],[120.15811536,0.721797830000066],[120.15831727,0.721684170000056],[120.15844713,0.721611060000041],[120.15890507,0.72142305000005],[120.15939046,0.721223780000061],[120.159820042,0.721102982000051],[120.15991091,0.721077430000036],[120.16000179,0.721051880000053],[120.16056596,0.720960150000058],[120.16116485,0.720862773000017],[120.16120362,0.720856470000061],[120.16181118,0.720757680000017],[120.16259368,0.720536660000044],[120.16321292,0.720164440000071],[120.16338934,0.719967490000051],[120.16347425,0.719872700000059],[120.16369903,0.719805810000024],[120.1641345,0.719676220000061],[120.16452054,0.719636810000053],[120.16533257,0.719553910000049],[120.165537049,0.71942652000007],[120.16570043,0.719324730000036],[120.16618895,0.718471530000037],[120.16659916,0.718364431000053],[120.16662944,0.718358860000028],[120.16683197,0.718255240000072],[120.16731387,0.718029220000061],[120.167516929,0.717904799000054],[120.16773268,0.717772600000051],[120.168060738,0.717683230000029],[120.16815351,0.717657959000057],[120.16841434,0.717586900000068],[120.168433301,0.717571881000031],[120.168475482,0.717538469000029],[120.16922155,0.716947500000058],[120.16973535,0.716357130000055],[120.170325169,0.71596800900004],[120.17051803,0.715840770000059],[120.1707137,0.715717830000074],[120.17127608,0.715619740000022],[120.17132668,0.715625430000042],[120.17172913,0.715670690000027],[120.172149549,0.715245050000014],[120.17259415,0.71479492000002],[120.17391343,0.714558169000046],[120.17527243,0.714314290000057],[120.175602449,0.714200589000019],[120.17594685,0.713998250000029],[120.17600723,0.713978951000056],[120.17648483,0.713826300000055],[120.17659899,0.71381448000005],[120.17677651,0.713796100000023],[120.176834579,0.713776098000041],[120.176962259,0.713732109000027],[120.177122565,0.713676879000042],[120.178151981,0.713322231000055],[120.17829384,0.713273360000066],[120.178334682,0.71324187200002],[120.179407573,0.712414833000027],[120.17983546,0.712031690000059],[120.17986878,0.712008150000021],[120.180632241,0.711468900000051],[120.18171009,0.710157020000057],[120.181958898,0.709854191000031],[120.18261814,0.709051810000054],[120.18385338,0.707596610000041],[120.184896019,0.707448698000066],[120.18652562,0.707217520000016],[120.18653746,0.707211830000067],[120.18657251,0.707204011000041],[120.18706408,0.707094361000032],[120.18719768,0.707064560000049],[120.187487191,0.706928162000047],[120.18798028,0.706695860000018],[120.188323544,0.706659316000069],[120.188416989,0.706649368000064],[120.188579419,0.70659222200003],[120.18884882,0.706497440000018],[120.188859985,0.706481226000043],[120.18942342,0.705663020000031],[120.1901574,0.70482665000003],[120.19038673,0.704587030000025],[120.190582178,0.704276770000031],[120.191088962,0.703853278000051],[120.1914051,0.70352296000004],[120.191410531,0.703519851000059],[120.19165622,0.703379260000026],[120.19254214,0.702638960000049],[120.19257286,0.702613290000048],[120.192702967,0.702563790000049],[120.19507261,0.701662250000021],[120.19534265,0.70150713000004],[120.1962965,0.700966240000075],[120.19656564,0.700646440000069],[120.196579831,0.700211590000027],[120.196581488,0.700160780000035],[120.19659054,0.699883470000032],[120.196374431,0.69972787900002],[120.1962484,0.699637140000042],[120.19644439,0.698972720000022],[120.196685828,0.69831770100005],[120.19668928,0.698308340000046],[120.19692972,0.698044599000065],[120.19695839,0.698013150000056],[120.19686073,0.697791580000064],[120.19681232,0.696954730000069],[120.19691057,0.696191810000077],[120.19722897,0.695256730000029],[120.19779174,0.694518690000043],[120.19781697,0.693189630000051],[120.19791674,0.692711190000068],[120.19803764,0.692131430000078],[120.198081622,0.691717550000016],[120.19816057,0.690974720000038],[120.198259,0.689891830000027],[120.19840606,0.689276610000035],[120.19872408,0.688956840000063],[120.19896928,0.687750970000016],[120.19910971,0.686182770000066],[120.19911694,0.686102030000022],[120.199410721,0.683576470000041],[120.19929037,0.682164140000052],[120.19892424,0.681105590000073],[120.19894108,0.680366500000045],[120.198952611,0.679860110000048],[120.19896639,0.679255040000044],[120.19897524,0.678866460000042],[120.199067913,0.677721800000017],[120.19907292,0.67765994000007],[120.199194518,0.677215400000019],[120.19968544,0.675420560000024],[120.1998081,0.674706870000021],[120.19987083,0.673876520000023],[120.19990664,0.673402470000041],[120.199836489,0.673126381000027],[120.1996627,0.672442440000057],[120.199636532,0.672389689000045],[120.199400169,0.671913121000044],[120.19936964,0.671851570000046],[120.19932122,0.671014720000067],[120.19954171,0.670227250000035],[120.19939531,0.669710310000036],[120.19917556,0.669193320000025],[120.199175489,0.669191480000046],[120.19907914,0.66675663000006],[120.199113968,0.666605110000033],[120.19929973,0.665796870000054],[120.19908027,0.664763030000075],[120.19888501,0.664172220000066],[120.19888502,0.664154220000058],[120.19888521,0.663803030000057],[120.19837214,0.663162820000028],[120.19813582,0.662457800000021],[120.197914821,0.662248998000044],[120.1977615,0.662104130000039],[120.197768732,0.661960140000075],[120.19778623,0.661611900000016],[120.197548271,0.661287429000033],[120.19737091,0.661045580000062],[120.197360401,0.661008480000017],[120.1971757,0.66035632000006],[120.197151081,0.660320010000025],[120.196915511,0.659972550000014],[120.19617411,0.65887901000002],[120.19585672,0.658066620000061],[120.195815741,0.657077051000036],[120.19593088,0.656614530000064],[120.19610238,0.655974710000061],[120.196247522,0.655662061000035],[120.19644508,0.655236530000018],[120.19651878,0.654596650000024],[120.19622606,0.653390480000037],[120.195994259,0.652565131000077],[120.19581124,0.651913500000029],[120.19564081,0.650633560000074],[120.195641461,0.65062811000007],[120.19569105,0.650214080000055],[120.19578818,0.649403030000019],[120.19610704,0.647557280000056],[120.1961809,0.646622050000066],[120.19609491,0.646492050000058],[120.19593661,0.646252730000068],[120.19589242,0.645782300000061],[120.1953263,0.64457875000005],[120.195115,0.64327671000006],[120.19508263,0.643077260000045],[120.194794041,0.642405060000046],[120.1943745,0.641427840000071],[120.1939582,0.640090831000065],[120.19344706,0.63844924000006],[120.193449272,0.638433190000055],[120.19366797,0.636849560000022],[120.193453842,0.635399960000021],[120.193453731,0.635399170000021],[120.193424801,0.635190200000068],[120.19349866,0.633452970000059],[120.193356401,0.632871980000047],[120.1929953,0.631389560000049],[120.192989131,0.631372010000062],[120.192954779,0.631274221000056],[120.19264457,0.630425190000032],[120.192561972,0.627320920000048],[120.192520852,0.625906419000039],[120.192475631,0.625735330000056],[120.19242713,0.625551840000058],[120.192655602,0.624738041000052],[120.19269658,0.624592100000027],[120.19269703,0.623730670000035],[120.19294199,0.622844760000008],[120.192953249,0.622665],[120.19301596,0.621663410000042],[120.193014018,0.621591430000018],[120.192954739,0.619401230000051],[120.19294402,0.619005240000031],[120.19304262,0.617479330000036],[120.193058213,0.617153210000026],[120.19309206,0.616445640000048],[120.192799,0.615805560000075],[120.19281161,0.615804159000046],[120.192811891,0.61580412700004],[120.19275207,0.615385040000035],[120.192729366,0.615170833000033],[120.19272908,0.615168130000014],[120.19203709,0.615168550000017],[120.1858987,0.618771220000027],[120.1798547,0.626155299000064],[120.176481889,0.630890820000038],[120.17621671,0.631204570000014],[120.17577911,0.631722320000044],[120.173071697,0.639286161000026],[120.17268296,0.640406799000051],[120.17240768,0.641200370000027],[120.17198738,0.646503210000052],[120.17166163,0.647231369000048],[120.1714255,0.647759199000057],[120.170743709,0.648940429000049],[120.170722859,0.648976550000047],[120.170661879,0.649082199000024],[120.170213355,0.649859285000049],[120.169865959,0.650461159000018],[120.169865549,0.650461110000028],[120.165827029,0.649937048000032],[120.16158418,0.649273990000037],[120.1580692,0.649267165000022],[120.15505707,0.649984571000054],[120.153899187,0.650260350000052],[120.150372355,0.651435690000023],[120.149001309,0.651892600000046],[120.145205149,0.651885950000062],[120.13170701,0.650873620000031],[120.129595699,0.651218611000036],[120.129230129,0.651278346000018],[120.12845144,0.651405584000032],[120.12748918,0.651562820000039],[120.127380561,0.651626344000018],[120.12439655,0.653371509000053],[120.12200698,0.655875360000035],[120.117501184,0.663390495000042],[120.116302847,0.665389180000039],[120.1100626,0.67789845000004],[120.110062219,0.677898668000068],[120.109226169,0.678378610000042],[120.10739145,0.679282360000056],[120.10402988,0.680796651000036],[120.1027522,0.681372210000063],[120.10106565,0.683595660000023],[120.099463347,0.684969665000043],[120.09382388,0.679776796000045],[120.093822829,0.679775828000047]]],[[[120.05687829,0.73589502000004],[120.05686188,0.735902460000024],[120.05554407,0.736500520000052],[120.05550901,0.736516430000047],[120.05550958,0.737343720000065],[120.055520339,0.737345259000045],[120.05646113,0.737479870000062],[120.05729051,0.736963840000042],[120.05729237,0.736957980000057],[120.05750678,0.736281899000059],[120.05750974,0.736272580000037],[120.05687829,0.73589502000004]]],[[[120.07573796,0.745853729000031],[120.07575107,0.745658799000058],[120.075494029,0.745636390000066],[120.0752392,0.745614170000064],[120.07526491,0.746237750000029],[120.075713459,0.746217929000066],[120.07573796,0.745853729000031]]],[[[120.080075769,0.74727973900001],[120.07986499,0.746609460000053],[120.07977476,0.746654959000064],[120.079584679,0.746750799000045],[120.079113239,0.747131009000033],[120.07870886,0.747457130000041],[120.07860217,0.747816070000058],[120.078499039,0.748162989000033],[120.07877993,0.748833209000058],[120.079446089,0.749079739000019],[120.08000663,0.748655920000034],[120.080075769,0.74727973900001]]],[[[120.093433359,0.745834760000033],[120.09344877,0.746364920000075],[120.094216449,0.746697630000035],[120.09421613,0.746243190000033],[120.0940806,0.746106959000029],[120.093433359,0.745834760000033]]],[[[120.09287728,0.746819769000058],[120.093128459,0.746964360000041],[120.09349432,0.746940509000069],[120.09329847,0.746607400000077],[120.09293713,0.746334990000031],[120.09287728,0.746819769000058]]]]},"properties":{"gid":1034,"luas":null,"idkec":"7205161","kdkab":"05","kdkec":"161","nmkab":"DONGGALA","nmkec":"SOJOL UTARA","kdprov":"72","nmprov":"SULAWESI TENGAH","sumber":null,"periode":"2025_1"}}]}