{
"type": "FeatureCollection",
"name": "kdkab_03",
"crs": { "type": "name", "properties": { "name": "urn:ogc:def:crs:OGC:1.3:CRS84" } },
"xy_coordinate_resolution": 1e-15,
"features": [
{ "type": "Feature", "properties": { "fid": null, "gid": 239833.0, "kdprov": "72", "kdkab": "03", "kdkec": "020", "nmprov": "SULAWESI TENGAH", "nmkab": "MOROWALI", "nmkec": "BUNGKU SELATAN", "luas": 64238.753566599997, "sumber": null, "periode": "2025_1", "layer": null, "path": null, "idkec": "7203020" }, "geometry": { "type": "MultiPolygon", "coordinates": [ [ [ [ 122.393659700000057, -3.345087299999932 ], [ 122.393990700000018, -3.345025199999952 ], [ 122.394238900000119, -3.344921799999952 ], [ 122.394321700000091, -3.344818399999951 ], [ 122.394383700000049, -3.344425299999955 ], [ 122.394505800000047, -3.344211599999937 ], [ 122.394751200000087, -3.344244599999968 ], [ 122.395004300000096, -3.344425299999955 ], [ 122.39516970000011, -3.344611499999928 ], [ 122.39529390000007, -3.344777 ], [ 122.395459300000084, -3.344880399999965 ], [ 122.395686900000101, -3.344880399999965 ], [ 122.396017800000095, -3.344963099999973 ], [ 122.396224700000062, -3.345128599999953 ], [ 122.396261400000071, -3.345142399999929 ], [ 122.39622, -3.345177099999944 ], [ 122.396255700000097, -3.345221699999968 ], [ 122.396400500000027, -3.345242399999961 ], [ 122.396503900000084, -3.345325099999968 ], [ 122.396648700000014, -3.345407899999941 ], [ 122.396855600000094, -3.345573399999978 ], [ 122.396938300000102, -3.345676799999978 ], [ 122.397021000000109, -3.345842299999958 ], [ 122.397145200000068, -3.346007699999973 ], [ 122.397227900000075, -3.346276599999953 ], [ 122.397145200000068, -3.346545499999934 ], [ 122.397000400000024, -3.34666969999995 ], [ 122.396917600000052, -3.346711 ], [ 122.3967728, -3.346711 ], [ 122.396710800000051, -3.346711 ], [ 122.396628, -3.346835099999964 ], [ 122.396566, -3.346835099999964 ], [ 122.396441900000013, -3.346835099999964 ], [ 122.39631780000002, -3.346835099999964 ], [ 122.396255700000097, -3.346897199999944 ], [ 122.396276400000033, -3.34693859999993 ], [ 122.396276400000033, -3.346959199999958 ], [ 122.396297100000083, -3.347021299999938 ], [ 122.396338400000104, -3.347104 ], [ 122.396483200000034, -3.347269499999925 ], [ 122.396545300000071, -3.347476399999948 ], [ 122.396545300000071, -3.347683199999949 ], [ 122.396524600000021, -3.347724599999935 ], [ 122.396441900000013, -3.347828 ], [ 122.396400500000027, -3.34807619999998 ], [ 122.39631780000002, -3.348283099999946 ], [ 122.396255700000097, -3.348469199999954 ], [ 122.396131600000103, -3.348676099999977 ], [ 122.396069500000067, -3.348800199999971 ], [ 122.396053700000039, -3.348911 ], [ 122.396250400000099, -3.349036599999977 ], [ 122.39629780000007, -3.349138299999936 ], [ 122.396338400000104, -3.349151799999959 ], [ 122.396441900000013, -3.349172499999952 ], [ 122.396669400000064, -3.349255299999925 ], [ 122.396855600000094, -3.349358699999925 ], [ 122.397062400000095, -3.349544899999955 ], [ 122.397165800000039, -3.34971029999997 ], [ 122.397165800000039, -3.349793099999943 ], [ 122.397103800000082, -3.349917199999936 ], [ 122.396979700000088, -3.35004129999993 ], [ 122.396876300000031, -3.350248099999931 ], [ 122.396896900000115, -3.35033089999996 ], [ 122.397083100000032, -3.350517099999934 ], [ 122.397227900000075, -3.350599799999941 ], [ 122.397269300000062, -3.350599799999941 ], [ 122.397517500000049, -3.350661799999955 ], [ 122.397703600000114, -3.350723899999934 ], [ 122.397786400000086, -3.350972099999979 ], [ 122.397869100000094, -3.351179 ], [ 122.39788980000003, -3.351365099999953 ], [ 122.39788980000003, -3.351592699999969 ], [ 122.397765700000036, -3.351737499999956 ], [ 122.397600200000056, -3.35186159999995 ], [ 122.397538200000099, -3.351944299999957 ], [ 122.397414100000105, -3.352192499999944 ], [ 122.397434700000076, -3.352316599999938 ], [ 122.3975795, -3.352420099999961 ], [ 122.397703600000114, -3.352585499999975 ], [ 122.397807100000023, -3.352709699999934 ], [ 122.397765700000036, -3.352937199999928 ], [ 122.397683, -3.353144 ], [ 122.397703600000114, -3.353247499999952 ], [ 122.397662300000093, -3.353371599999946 ], [ 122.397496800000113, -3.353537099999926 ], [ 122.397476100000063, -3.353826599999934 ], [ 122.397476100000063, -3.354323099999931 ], [ 122.397414100000105, -3.354695399999969 ], [ 122.397207200000025, -3.354654 ], [ 122.397041700000045, -3.354447199999925 ], [ 122.396628, -3.354240299999958 ], [ 122.396379800000091, -3.354033499999957 ], [ 122.395924700000023, -3.353826599999934 ], [ 122.395573100000092, -3.353557699999953 ], [ 122.395428300000049, -3.353309499999966 ], [ 122.395345600000041, -3.353061299999979 ], [ 122.395014600000081, -3.352937199999928 ], [ 122.395014600000081, -3.352854499999978 ], [ 122.394952500000045, -3.352523499999961 ], [ 122.394725000000108, -3.352544199999954 ], [ 122.394704300000058, -3.352647599999955 ], [ 122.394725000000108, -3.352895799999942 ], [ 122.394725000000108, -3.353123399999959 ], [ 122.394663, -3.353454299999953 ], [ 122.394725000000108, -3.35359909999994 ], [ 122.394890500000088, -3.35378529999997 ], [ 122.394890500000088, -3.353909399999964 ], [ 122.394849100000101, -3.354116199999964 ], [ 122.39478710000003, -3.354240299999958 ], [ 122.394869800000038, -3.354385099999945 ], [ 122.395138700000075, -3.354654 ], [ 122.395262800000069, -3.354985 ], [ 122.395242100000019, -3.355109099999936 ], [ 122.394952500000045, -3.355295299999966 ], [ 122.394580200000064, -3.355378 ], [ 122.394497500000057, -3.355274599999973 ], [ 122.39445610000007, -3.355109099999936 ], [ 122.39412510000011, -3.354654 ], [ 122.393856200000073, -3.354261 ], [ 122.393649400000072, -3.354033499999957 ], [ 122.393401200000085, -3.354033499999957 ], [ 122.393132300000048, -3.354095499999971 ], [ 122.392759900000101, -3.354116199999964 ], [ 122.392222100000026, -3.354095499999971 ], [ 122.391663600000015, -3.35405419999995 ], [ 122.391167200000041, -3.353806 ], [ 122.39077420000001, -3.353268199999945 ], [ 122.3904639000001, -3.353144 ], [ 122.390215700000113, -3.353226799999959 ], [ 122.390050200000019, -3.353226799999959 ], [ 122.389884700000039, -3.352751 ], [ 122.389884700000039, -3.352461399999925 ], [ 122.389864100000068, -3.352254599999981 ], [ 122.389512400000058, -3.35213049999993 ], [ 122.389367600000014, -3.35190289999997 ], [ 122.389471, -3.351758199999949 ], [ 122.389725000000112, -3.351699499999938 ], [ 122.389946800000075, -3.351034199999958 ], [ 122.390153600000076, -3.350744599999928 ], [ 122.391316300000085, -3.350303599999961 ], [ 122.392071000000101, -3.350416799999948 ], [ 122.392242800000076, -3.350579099999948 ], [ 122.39253240000005, -3.350558399999954 ], [ 122.392801300000087, -3.349896499999943 ], [ 122.3925531000001, -3.349069099999952 ], [ 122.392077300000096, -3.348841599999957 ], [ 122.391746400000102, -3.34824169999996 ], [ 122.391663400000084, -3.348176399999943 ], [ 122.391063800000097, -3.347703899999942 ], [ 122.390827500000114, -3.347231399999941 ], [ 122.3904639000001, -3.34650419999997 ], [ 122.390050200000019, -3.345387199999948 ], [ 122.390277800000035, -3.344766599999957 ], [ 122.390420200000108, -3.34461 ], [ 122.390553200000113, -3.344527699999958 ], [ 122.390693, -3.344454699999972 ], [ 122.390808500000048, -3.344393899999943 ], [ 122.390893700000106, -3.34431479999995 ], [ 122.3909605, -3.344248 ], [ 122.391005900000096, -3.34421169999996 ], [ 122.391276700000049, -3.343848199999968 ], [ 122.391274700000054, -3.343904599999973 ], [ 122.391277100000025, -3.343847399999959 ], [ 122.391309500000034, -3.343078699999978 ], [ 122.391392800000062, -3.34307229999996 ], [ 122.392128, -3.343089799999973 ], [ 122.392231300000049, -3.343031899999971 ], [ 122.3923833, -3.343007599999964 ], [ 122.392517100000077, -3.342983299999958 ], [ 122.392657, -3.342983299999958 ], [ 122.392790700000091, -3.343038 ], [ 122.392921200000046, -3.343108599999937 ], [ 122.392945300000065, -3.343109199999958 ], [ 122.39294510000002, -3.343448699999954 ], [ 122.3922655, -3.343680799999959 ], [ 122.392117700000085, -3.343976399999974 ], [ 122.392119800000046, -3.343992899999932 ], [ 122.392198300000018, -3.344608 ], [ 122.392218500000013, -3.344629299999951 ], [ 122.392452800000115, -3.344876899999974 ], [ 122.39266930000008, -3.345105599999954 ], [ 122.392673100000025, -3.345109599999944 ], [ 122.392677100000014, -3.345106399999963 ], [ 122.392678200000091, -3.345105499999931 ], [ 122.392872300000022, -3.344951599999945 ], [ 122.39319260000002, -3.344697499999938 ], [ 122.393285700000092, -3.345104499999934 ], [ 122.39328660000001, -3.345108399999958 ], [ 122.393287400000077, -3.345107899999959 ], [ 122.393659700000057, -3.345087299999932 ] ] ], [ [ [ 122.385893800000076, -3.281058099999939 ], [ 122.385810800000058, -3.280968199999961 ], [ 122.386585500000024, -3.280084399999964 ], [ 122.387197, -3.279807 ], [ 122.387301300000104, -3.279598499999963 ], [ 122.387596700000017, -3.279251 ], [ 122.387909400000012, -3.278903499999956 ], [ 122.387958600000047, -3.278869 ], [ 122.388065800000049, -3.278625499999976 ], [ 122.38823960000002, -3.278330099999948 ], [ 122.38834380000003, -3.278208399999926 ], [ 122.388674, -3.278243199999963 ], [ 122.388760800000114, -3.278191099999958 ], [ 122.388830400000074, -3.277860899999951 ], [ 122.388934600000084, -3.277687199999946 ], [ 122.389042900000049, -3.277457 ], [ 122.389162900000088, -3.277433 ], [ 122.389299500000106, -3.277496 ], [ 122.389403700000116, -3.277478699999961 ], [ 122.389577500000087, -3.277252799999928 ], [ 122.389959800000042, -3.27733969999997 ], [ 122.390150900000094, -3.277496 ], [ 122.390376800000013, -3.277374399999928 ], [ 122.390515800000117, -3.277200599999958 ], [ 122.390602700000045, -3.276870499999973 ], [ 122.390741700000035, -3.276575099999945 ], [ 122.390985000000114, -3.276384 ], [ 122.391228200000114, -3.276436099999955 ], [ 122.3915584, -3.276766299999963 ], [ 122.391697400000112, -3.277061599999968 ], [ 122.391836400000102, -3.277270199999975 ], [ 122.392010100000107, -3.277391799999975 ], [ 122.392201300000011, -3.277513399999975 ], [ 122.392357600000082, -3.277669799999956 ], [ 122.392618300000095, -3.27758289999997 ], [ 122.392722500000104, -3.277374399999928 ], [ 122.39286160000006, -3.277270199999975 ], [ 122.393226400000117, -3.277374399999928 ], [ 122.39357120000011, -3.277581299999952 ], [ 122.393624400000022, -3.277953499999967 ], [ 122.393442200000095, -3.278101599999957 ], [ 122.393417600000021, -3.278121599999963 ], [ 122.393209100000036, -3.278312699999958 ], [ 122.393234400000097, -3.278452299999969 ], [ 122.393452300000035, -3.278573299999948 ], [ 122.393487100000016, -3.278886099999966 ], [ 122.393678200000068, -3.279042499999946 ], [ 122.393921500000033, -3.279285699999946 ], [ 122.3939041000001, -3.279511599999978 ], [ 122.393937400000027, -3.279622499999959 ], [ 122.393954100000087, -3.279678399999966 ], [ 122.393956200000048, -3.279685399999948 ], [ 122.394095200000038, -3.279841799999929 ], [ 122.394477500000107, -3.280206699999951 ], [ 122.394477500000107, -3.280397799999946 ], [ 122.394302500000094, -3.280529099999967 ], [ 122.394269, -3.280554199999926 ], [ 122.39404310000009, -3.280519399999946 ], [ 122.3938693, -3.280449899999951 ], [ 122.39376510000011, -3.280502099999978 ], [ 122.393799800000011, -3.280693199999973 ], [ 122.393852, -3.280901699999959 ], [ 122.393886200000111, -3.280920199999969 ], [ 122.393870400000083, -3.280929599999979 ], [ 122.393869700000096, -3.280943599999944 ], [ 122.393886700000053, -3.280953799999963 ], [ 122.394112600000085, -3.281075499999929 ], [ 122.394147400000065, -3.281127599999934 ], [ 122.394199500000013, -3.281266599999981 ], [ 122.39421690000006, -3.281353499999966 ], [ 122.394251600000075, -3.281631499999946 ], [ 122.394338500000117, -3.281753099999946 ], [ 122.394408000000112, -3.281822599999941 ], [ 122.394564400000036, -3.281961599999931 ], [ 122.394686, -3.282170099999973 ], [ 122.394686, -3.282222299999944 ], [ 122.394579200000067, -3.28239009999993 ], [ 122.394564400000036, -3.282413399999939 ], [ 122.394373200000018, -3.282500299999981 ], [ 122.394199500000013, -3.282465499999944 ], [ 122.393933600000082, -3.282339599999943 ], [ 122.393739200000027, -3.282096499999966 ], [ 122.393354400000021, -3.281662099999949 ], [ 122.393051100000093, -3.281345299999941 ], [ 122.392774100000111, -3.281245599999977 ], [ 122.392759400000045, -3.281256399999961 ], [ 122.392722500000104, -3.281231799999944 ], [ 122.392653000000109, -3.281231799999944 ], [ 122.3925488000001, -3.281249199999934 ], [ 122.392444500000011, -3.281301299999939 ], [ 122.392322900000067, -3.281423 ], [ 122.392236, -3.281562 ], [ 122.392183900000077, -3.281683599999951 ], [ 122.392079600000102, -3.281874799999969 ], [ 122.392062200000055, -3.282013799999959 ], [ 122.392079600000102, -3.282291799999939 ], [ 122.392091100000016, -3.282349299999964 ], [ 122.392014400000107, -3.282611199999963 ], [ 122.391930300000013, -3.283108699999957 ], [ 122.391890600000011, -3.283488599999941 ], [ 122.391867500000103, -3.283733199999972 ], [ 122.3918016, -3.283803499999976 ], [ 122.3915584, -3.283942499999966 ], [ 122.391228200000114, -3.283959899999957 ], [ 122.391054500000109, -3.283994599999971 ], [ 122.391191500000104, -3.284120199999961 ], [ 122.391263, -3.284185699999966 ], [ 122.3915584, -3.284237899999937 ], [ 122.391784200000075, -3.284463799999969 ], [ 122.391958, -3.284724399999959 ], [ 122.39192330000003, -3.285002399999939 ], [ 122.391992800000025, -3.285193499999934 ], [ 122.392044900000087, -3.285402 ], [ 122.392149100000097, -3.285697399999947 ], [ 122.392062200000055, -3.285940699999969 ], [ 122.392044900000087, -3.286218699999949 ], [ 122.39203980000002, -3.28623609999994 ], [ 122.392072300000109, -3.286401599999976 ], [ 122.392045, -3.286908199999971 ], [ 122.391855700000065, -3.287297099999932 ], [ 122.3917, -3.287622699999929 ], [ 122.391467300000045, -3.288165299999946 ], [ 122.391406, -3.288617599999952 ], [ 122.391354300000103, -3.289006599999936 ], [ 122.391186700000048, -3.289323099999933 ], [ 122.391009300000064, -3.289693899999975 ], [ 122.390943400000083, -3.289947199999972 ], [ 122.39083160000007, -3.290146099999959 ], [ 122.390735900000095, -3.290598399999965 ], [ 122.390562, -3.290987299999927 ], [ 122.390555800000016, -3.291051 ], [ 122.390367300000094, -3.29129469999998 ], [ 122.390142900000114, -3.291602199999943 ], [ 122.39005910000003, -3.292126799999949 ], [ 122.389788900000099, -3.292488499999934 ], [ 122.389209800000117, -3.292841 ], [ 122.388549900000044, -3.293229599999961 ], [ 122.387971600000014, -3.293672499999957 ], [ 122.387518800000066, -3.29407029999993 ], [ 122.386974100000089, -3.294440899999927 ], [ 122.386541900000111, -3.294675799999936 ], [ 122.386231300000077, -3.294675599999948 ], [ 122.386195300000054, -3.29461 ], [ 122.385893800000076, -3.294576499999948 ], [ 122.385876400000029, -3.294281099999978 ], [ 122.386015500000099, -3.294107299999951 ], [ 122.386189200000103, -3.293898799999965 ], [ 122.386328200000094, -3.293742499999951 ], [ 122.386415100000022, -3.293516599999975 ], [ 122.386449900000116, -3.293308099999933 ], [ 122.386415100000022, -3.293186399999968 ], [ 122.386310900000012, -3.293099599999948 ], [ 122.386206600000037, -3.292995299999973 ], [ 122.3859883, -3.292974499999957 ], [ 122.385738900000092, -3.293173599999932 ], [ 122.385408600000119, -3.293318199999931 ], [ 122.385168900000053, -3.293399399999942 ], [ 122.384995400000093, -3.293327 ], [ 122.384843300000057, -3.293127799999979 ], [ 122.384714600000052, -3.292964899999959 ], [ 122.384495300000026, -3.292874299999937 ], [ 122.384104600000114, -3.292819799999961 ], [ 122.384014800000045, -3.292758599999956 ], [ 122.383930400000054, -3.292786799999931 ], [ 122.383704500000022, -3.292717299999936 ], [ 122.383513300000118, -3.292560899999955 ], [ 122.383304800000019, -3.29235239999997 ], [ 122.383218, -3.29223079999997 ], [ 122.383183200000076, -3.292074399999933 ], [ 122.383270100000118, -3.291935399999943 ], [ 122.383322200000066, -3.291883199999972 ], [ 122.383339600000113, -3.29164 ], [ 122.383235300000024, -3.291466199999945 ], [ 122.383113700000081, -3.291309799999965 ], [ 122.383009400000105, -3.291084 ], [ 122.383026800000039, -3.290788599999928 ], [ 122.382887800000049, -3.29007619999993 ], [ 122.382714100000044, -3.289885 ], [ 122.382609800000068, -3.289728599999933 ], [ 122.382436, -3.289207399999952 ], [ 122.382383900000036, -3.288894599999935 ], [ 122.382331800000088, -3.288477599999965 ], [ 122.382227500000113, -3.288164799999947 ], [ 122.382262300000093, -3.286514099999977 ], [ 122.382328600000051, -3.286514099999977 ], [ 122.382314400000041, -3.28597549999995 ], [ 122.382661900000016, -3.284932899999944 ], [ 122.382609800000068, -3.284550599999932 ], [ 122.382835700000101, -3.283977199999924 ], [ 122.382870400000115, -3.283681799999954 ], [ 122.383165800000029, -3.283195299999932 ], [ 122.383426500000041, -3.282674 ], [ 122.384069400000044, -3.282482899999934 ], [ 122.384642800000051, -3.281787899999927 ], [ 122.385198800000012, -3.281544599999961 ], [ 122.385720100000071, -3.281492499999956 ], [ 122.385893800000076, -3.281301299999939 ], [ 122.385893800000076, -3.281058099999939 ] ] ], [ [ [ 122.397795267000106, -3.271445223999933 ], [ 122.397823995000067, -3.271391359999939 ], [ 122.397856313000034, -3.271326723999948 ], [ 122.397849131000044, -3.271312359999968 ], [ 122.397971222000024, -3.271283632999939 ], [ 122.398017904000085, -3.271258495999973 ], [ 122.398075359000018, -3.271204631999979 ], [ 122.398136405000059, -3.271143586999926 ], [ 122.398175905000016, -3.27111126899996 ], [ 122.398262087000035, -3.271093313999927 ], [ 122.39827286000002, -3.271147177999978 ], [ 122.39827286000002, -3.271197450999978 ], [ 122.398247723000054, -3.271269268999959 ], [ 122.398240541000064, -3.271301586999925 ], [ 122.398315951000086, -3.271351859999925 ], [ 122.39838058700002, -3.271376996999948 ], [ 122.398391360000119, -3.271412905999966 ], [ 122.398452406000047, -3.271412905999966 ], [ 122.398509860000104, -3.271391359999939 ], [ 122.398556542000051, -3.271387768999944 ], [ 122.39864990600006, -3.271380586999953 ], [ 122.398761225000044, -3.271405723999976 ], [ 122.398825861000091, -3.271427268999958 ], [ 122.398854588000063, -3.271466769999961 ], [ 122.3989192250001, -3.27150986099997 ], [ 122.398976680000033, -3.271563723999975 ], [ 122.399019771000098, -3.271588860999941 ], [ 122.399066453000046, -3.271585269999946 ], [ 122.399073635000036, -3.271556541999928 ], [ 122.399109544000112, -3.271491905999937 ], [ 122.399141862000079, -3.271477541999957 ], [ 122.399195726000016, -3.271441632999938 ], [ 122.399321408000105, -3.27145240599998 ], [ 122.399403999000015, -3.271477541999957 ], [ 122.399403999000015, -3.271563723999975 ], [ 122.399389635000034, -3.271815088999972 ], [ 122.399350135000077, -3.271965906999981 ], [ 122.399281908000034, -3.272181361999969 ], [ 122.399260362000064, -3.272249589999944 ], [ 122.399174180000045, -3.272278316999973 ], [ 122.399052089000065, -3.272307044999934 ], [ 122.398983862000023, -3.272357316999944 ], [ 122.398940771000071, -3.272461453999938 ], [ 122.39893358900008, -3.272551226999951 ], [ 122.39890127000001, -3.27257995399998 ], [ 122.398829452000086, -3.272615863999931 ], [ 122.398718134000092, -3.272662545999935 ], [ 122.398685815000022, -3.272741545999963 ], [ 122.398671452000031, -3.272849272999963 ], [ 122.398653497000055, -3.272921091999933 ], [ 122.398578088000022, -3.273003682999956 ], [ 122.398491906000118, -3.27305036499996 ], [ 122.398373405000029, -3.27309345599997 ], [ 122.398308769000096, -3.273086273999979 ], [ 122.398294405000115, -3.273053955999956 ], [ 122.398075359000018, -3.272583544999975 ], [ 122.398032268000065, -3.272486589999971 ], [ 122.397910177000085, -3.272357316999944 ], [ 122.39790658600009, -3.272170589999973 ], [ 122.39788144900001, -3.272120316999974 ], [ 122.397737813000049, -3.272070043999975 ], [ 122.397640858000045, -3.27202336199997 ], [ 122.397619312000074, -3.271994634999942 ], [ 122.397565449000012, -3.27201617999998 ], [ 122.39751517600007, -3.27201617999998 ], [ 122.397418221000066, -3.271991043999947 ], [ 122.397324857000058, -3.271962315999929 ], [ 122.397263811000016, -3.271915633999924 ], [ 122.397256630000015, -3.271825860999968 ], [ 122.397400266000091, -3.271675042999959 ], [ 122.397579812000117, -3.27161758799997 ], [ 122.397701904000087, -3.271675042999959 ], [ 122.397737813000049, -3.271825860999968 ], [ 122.39788504, -3.27174686099994 ], [ 122.397974813000019, -3.27168940599995 ], [ 122.397989177000113, -3.271588860999941 ], [ 122.39787426800001, -3.271574496999961 ], [ 122.397816813000077, -3.271534996999947 ], [ 122.397730631000059, -3.27150986099997 ], [ 122.397723449000068, -3.271463178999966 ], [ 122.397795267000106, -3.271445223999933 ] ] ], [ [ [ 122.395955, -3.269934299999932 ], [ 122.396006700000044, -3.269846399999949 ], [ 122.396014400000013, -3.269814799999949 ], [ 122.396068700000114, -3.269593199999974 ], [ 122.396244400000114, -3.269541499999946 ], [ 122.396378800000093, -3.269588 ], [ 122.396513200000072, -3.269753399999956 ], [ 122.396575200000029, -3.270022199999971 ], [ 122.396673400000054, -3.270135899999957 ], [ 122.396766500000012, -3.270244399999967 ], [ 122.396859500000119, -3.270353 ], [ 122.396911300000056, -3.270380599999953 ], [ 122.396962900000062, -3.270471799999939 ], [ 122.396871900000065, -3.270601 ], [ 122.396837300000016, -3.270607199999972 ], [ 122.396832300000028, -3.270643599999971 ], [ 122.396786500000076, -3.270688799999959 ], [ 122.396614600000021, -3.270661599999926 ], [ 122.396533800000043, -3.27085059999996 ], [ 122.396513200000072, -3.270859499999972 ], [ 122.396487400000069, -3.270900799999936 ], [ 122.39652870000009, -3.271004199999936 ], [ 122.396497700000054, -3.271112799999969 ], [ 122.396440900000016, -3.271169599999951 ], [ 122.396337500000072, -3.271185099999968 ], [ 122.396244400000114, -3.271164399999975 ], [ 122.39615660000004, -3.27141249999994 ], [ 122.396022200000061, -3.271624399999951 ], [ 122.396032500000047, -3.271800199999973 ], [ 122.396006700000044, -3.271908699999926 ], [ 122.395856800000047, -3.271944899999937 ], [ 122.39579480000009, -3.271877699999948 ], [ 122.395737900000086, -3.271795 ], [ 122.395701700000018, -3.271727799999951 ], [ 122.395613900000058, -3.27175879999993 ], [ 122.395546700000068, -3.271800199999973 ], [ 122.395541500000036, -3.271851899999945 ], [ 122.395519200000081, -3.271914399999957 ], [ 122.395541500000036, -3.272048299999938 ], [ 122.395484700000111, -3.272151599999972 ], [ 122.395433, -3.272208499999977 ], [ 122.395319300000097, -3.272270499999934 ], [ 122.395246900000075, -3.272296399999959 ], [ 122.395133200000032, -3.272172299999966 ], [ 122.3951197, -3.272129799999959 ], [ 122.395087300000114, -3.272099099999934 ], [ 122.395068, -3.272053199999959 ], [ 122.39508150000006, -3.271877699999948 ], [ 122.394993600000021, -3.271593399999972 ], [ 122.394916100000046, -3.271505599999955 ], [ 122.394792100000018, -3.271402199999955 ], [ 122.394693900000107, -3.271355699999958 ], [ 122.394595700000082, -3.271443499999975 ], [ 122.394487100000106, -3.271464199999969 ], [ 122.39441480000005, -3.271474599999976 ], [ 122.39434330000006, -3.271500499999945 ], [ 122.393930200000113, -3.271401199999957 ], [ 122.393895600000064, -3.271393199999977 ], [ 122.393888600000082, -3.271337699999947 ], [ 122.3938779, -3.271246699999949 ], [ 122.393948400000113, -3.271113 ], [ 122.39424, -3.270922599999949 ], [ 122.394423700000061, -3.270750799999973 ], [ 122.394430500000112, -3.270749899999942 ], [ 122.39443540000002, -3.270725099999936 ], [ 122.394507800000042, -3.270657899999946 ], [ 122.394606, -3.270632099999943 ], [ 122.394704200000092, -3.270642399999929 ], [ 122.394781700000067, -3.27067859999994 ], [ 122.395019500000103, -3.270745799999929 ], [ 122.395221100000072, -3.27078709999995 ], [ 122.395329600000082, -3.270756099999971 ], [ 122.395293400000014, -3.270694099999957 ], [ 122.395226200000025, -3.270626899999968 ], [ 122.3952107, -3.270544199999961 ], [ 122.395262400000092, -3.270466699999929 ], [ 122.395339900000067, -3.270425299999943 ], [ 122.395433, -3.270404699999972 ], [ 122.395479500000079, -3.270373599999971 ], [ 122.395572500000071, -3.270301299999971 ], [ 122.395582900000022, -3.27015659999995 ], [ 122.395520800000099, -3.270032499999957 ], [ 122.395422600000074, -3.269949799999949 ], [ 122.395308900000032, -3.269908499999929 ], [ 122.395071200000075, -3.269980799999928 ], [ 122.39490580000006, -3.270001499999978 ], [ 122.394812700000102, -3.269965299999967 ], [ 122.394800100000111, -3.26993159999995 ], [ 122.3948229, -3.26972319999993 ], [ 122.394900600000028, -3.269655199999931 ], [ 122.395040200000039, -3.269593199999974 ], [ 122.395489800000064, -3.26953629999997 ], [ 122.395753400000103, -3.269732699999963 ], [ 122.39583610000011, -3.269924 ], [ 122.395945500000039, -3.269933499999979 ], [ 122.395955, -3.269934299999932 ] ] ], [ [ [ 122.325614600000108, -3.238851899999929 ], [ 122.325387500000033, -3.239128799999946 ], [ 122.325038400000039, -3.239391099999978 ], [ 122.324902700000052, -3.239682799999969 ], [ 122.324873100000104, -3.239836099999934 ], [ 122.3247364, -3.23992869999995 ], [ 122.32464850000008, -3.240050499999938 ], [ 122.324426400000107, -3.240241599999933 ], [ 122.324267700000064, -3.240400799999975 ], [ 122.324057, -3.240757099999939 ], [ 122.323945900000012, -3.240804799999978 ], [ 122.323771500000021, -3.240820699999972 ], [ 122.323628700000086, -3.240964 ], [ 122.323485800000071, -3.241139199999964 ], [ 122.323374700000045, -3.241330299999959 ], [ 122.323374500000114, -3.24155339999993 ], [ 122.323390300000028, -3.241744599999947 ], [ 122.323406, -3.241983599999969 ], [ 122.32339, -3.242174899999952 ], [ 122.3233265, -3.242286399999955 ], [ 122.323215300000015, -3.242461599999956 ], [ 122.323167800000078, -3.242525299999954 ], [ 122.323104, -3.243003299999941 ], [ 122.323151500000108, -3.243146699999954 ], [ 122.323325700000055, -3.243369899999948 ], [ 122.3234208, -3.243465599999979 ], [ 122.32345250000003, -3.243625 ], [ 122.323468200000093, -3.243800199999953 ], [ 122.323468100000014, -3.243975499999976 ], [ 122.323420400000032, -3.244134799999927 ], [ 122.323388600000044, -3.24427819999994 ], [ 122.323293300000046, -3.244533199999978 ], [ 122.323148600000081, -3.245356 ], [ 122.32310080000002, -3.245690599999932 ], [ 122.323053100000038, -3.245897799999966 ], [ 122.322941900000046, -3.246152599999959 ], [ 122.322846600000048, -3.246359699999971 ], [ 122.32281480000006, -3.246519099999944 ], [ 122.322878200000105, -3.246646599999963 ], [ 122.322957400000064, -3.246774099999925 ], [ 122.323004900000115, -3.24688569999995 ], [ 122.323020600000063, -3.247013199999969 ], [ 122.323020500000098, -3.247284099999945 ], [ 122.323004400000059, -3.247555 ], [ 122.323004300000093, -3.247762099999932 ], [ 122.323004100000048, -3.248064899999974 ], [ 122.322940200000062, -3.248702199999968 ], [ 122.322860900000023, -3.248829599999965 ], [ 122.322718, -3.24906859999993 ], [ 122.322638500000039, -3.249323499999946 ], [ 122.322606700000051, -3.249530599999957 ], [ 122.322606600000086, -3.249689899999964 ], [ 122.322606400000041, -3.249897099999941 ], [ 122.322527, -3.250104199999953 ], [ 122.322239100000047, -3.250623899999937 ], [ 122.322143800000049, -3.250862899999959 ], [ 122.322080200000073, -3.251054 ], [ 122.322000800000069, -3.251213299999961 ], [ 122.321953100000087, -3.251452299999926 ], [ 122.321937100000014, -3.251707299999964 ], [ 122.321905, -3.25228089999996 ], [ 122.3216509, -3.252806599999928 ], [ 122.321634800000083, -3.25317309999997 ], [ 122.321587100000102, -3.253412099999935 ], [ 122.321555200000034, -3.25363509999994 ], [ 122.32147580000003, -3.253858199999968 ], [ 122.32139630000006, -3.254081199999973 ], [ 122.321253400000046, -3.254320099999973 ], [ 122.321110600000111, -3.254463399999963 ], [ 122.320967800000062, -3.25459079999996 ], [ 122.320761600000083, -3.254654399999936 ], [ 122.320587200000091, -3.254638299999954 ], [ 122.3204445, -3.254590499999949 ], [ 122.320238400000108, -3.254590299999961 ], [ 122.32001630000002, -3.254685799999947 ], [ 122.319857700000057, -3.25476539999994 ], [ 122.319635600000083, -3.25486079999996 ], [ 122.319476900000041, -3.254972199999941 ], [ 122.319429300000024, -3.255083799999966 ], [ 122.319121400000085, -3.255684499999973 ], [ 122.319057900000075, -3.255827799999963 ], [ 122.318883300000039, -3.256034799999952 ], [ 122.318740500000104, -3.256194099999959 ], [ 122.318581900000027, -3.256257699999935 ], [ 122.318407300000104, -3.256432899999936 ], [ 122.318296300000043, -3.256560299999933 ], [ 122.318216900000039, -3.25671959999994 ], [ 122.318169100000091, -3.256958599999962 ], [ 122.318089700000087, -3.257149799999979 ], [ 122.31791480000004, -3.257834799999955 ], [ 122.317803700000013, -3.257994099999962 ], [ 122.317660900000078, -3.258137399999953 ], [ 122.31756560000008, -3.258264799999949 ], [ 122.317422800000031, -3.25844 ], [ 122.317327500000033, -3.258631199999968 ], [ 122.317184400000087, -3.259188799999947 ], [ 122.3171843, -3.259348099999954 ], [ 122.317215800000099, -3.259666799999934 ], [ 122.31721570000002, -3.259858099999974 ], [ 122.317215600000054, -3.259985599999936 ], [ 122.317247200000111, -3.260272399999963 ], [ 122.317247, -3.26046359999998 ], [ 122.317278500000043, -3.26078229999996 ], [ 122.317215, -3.260893799999963 ], [ 122.317039, -3.261366 ], [ 122.317007200000035, -3.261493499999972 ], [ 122.317023, -3.26157319999993 ], [ 122.317086400000107, -3.261637 ], [ 122.317149700000073, -3.26179639999998 ], [ 122.317117900000085, -3.262003499999935 ], [ 122.316990900000064, -3.262210499999981 ], [ 122.316895600000066, -3.262385799999947 ], [ 122.316847900000084, -3.262608799999953 ], [ 122.316799800000013, -3.263325799999961 ], [ 122.316752100000031, -3.263628599999947 ], [ 122.316752, -3.263772 ], [ 122.316799300000071, -3.264122599999951 ], [ 122.316815, -3.264377499999966 ], [ 122.316783100000066, -3.264648399999942 ], [ 122.316751200000112, -3.264919299999974 ], [ 122.316751, -3.265142399999945 ], [ 122.316766700000016, -3.265429199999971 ], [ 122.316718900000069, -3.265779699999939 ], [ 122.316702900000109, -3.266002799999967 ], [ 122.31668680000007, -3.266273699999942 ], [ 122.316558900000018, -3.266824499999927 ], [ 122.316416000000117, -3.267079299999978 ], [ 122.316273100000103, -3.267334199999937 ], [ 122.316098400000101, -3.267716499999949 ], [ 122.315479400000072, -3.268433199999947 ], [ 122.31530470000007, -3.26881549999996 ], [ 122.315177700000049, -3.26915 ], [ 122.315018900000041, -3.269468599999925 ], [ 122.314955200000099, -3.269803199999956 ], [ 122.314828200000079, -3.270042099999955 ], [ 122.314717, -3.270265099999961 ], [ 122.314558200000079, -3.270647499999939 ], [ 122.314335800000094, -3.271157199999948 ], [ 122.314175300000102, -3.27182149999993 ], [ 122.314048800000023, -3.272091 ], [ 122.313938300000018, -3.27224949999993 ], [ 122.313812, -3.272297 ], [ 122.313638400000059, -3.272296899999958 ], [ 122.313370100000043, -3.272233299999925 ], [ 122.313354400000094, -3.27213809999995 ], [ 122.313244, -3.272027 ], [ 122.313038900000038, -3.272026899999958 ], [ 122.312912600000118, -3.272058499999957 ], [ 122.312707400000022, -3.272074199999963 ], [ 122.312454900000034, -3.272089899999969 ], [ 122.31193410000003, -3.272089599999958 ], [ 122.311886700000059, -3.272216399999934 ], [ 122.311791900000117, -3.27235909999996 ], [ 122.311581600000068, -3.272471899999971 ], [ 122.311439600000085, -3.272487599999977 ], [ 122.311297500000023, -3.272487499999954 ], [ 122.311171300000069, -3.272487399999932 ], [ 122.311013400000093, -3.27250319999996 ], [ 122.310918700000116, -3.272566499999925 ], [ 122.310823900000059, -3.272725099999946 ], [ 122.31076070000006, -3.27293119999996 ], [ 122.3107367, -3.272955199999956 ], [ 122.310725400000024, -3.272946 ], [ 122.310621100000049, -3.272860399999956 ], [ 122.310525400000074, -3.272781899999927 ], [ 122.309792400000106, -3.272084899999925 ], [ 122.308921700000042, -3.271387699999934 ], [ 122.307561300000089, -3.270041899999967 ], [ 122.307082400000013, -3.269568099999958 ], [ 122.306792500000029, -3.269368899999961 ], [ 122.30639670000005, -3.268979599999966 ], [ 122.305838200000039, -3.26842739999995 ], [ 122.30535, -3.267938599999979 ], [ 122.304778900000088, -3.267350099999931 ], [ 122.304160800000091, -3.266707399999973 ], [ 122.303371200000015, -3.265983199999937 ], [ 122.302789100000041, -3.265430899999956 ], [ 122.302019300000097, -3.264552899999956 ], [ 122.3013214, -3.263901099999941 ], [ 122.300527800000054, -3.26318219999996 ], [ 122.300042100000042, -3.262742299999957 ], [ 122.299668900000029, -3.262316799999951 ], [ 122.299446100000068, -3.262 ], [ 122.299117100000103, -3.261420799999939 ], [ 122.298741200000109, -3.260832599999958 ], [ 122.298458800000049, -3.260343899999953 ], [ 122.298153200000115, -3.259855099999925 ], [ 122.297837600000094, -3.259456899999975 ], [ 122.297531100000015, -3.258904799999925 ], [ 122.297308, -3.258524699999953 ], [ 122.296955700000012, -3.258008899999936 ], [ 122.296532300000081, -3.257284899999945 ], [ 122.296284, -3.256741899999952 ], [ 122.295880200000056, -3.25612209999997 ], [ 122.295831600000042, -3.256036 ], [ 122.295723300000077, -3.255791599999952 ], [ 122.295563300000026, -3.255266799999958 ], [ 122.295438600000011, -3.254588299999966 ], [ 122.29537090000008, -3.253728799999976 ], [ 122.295325600000069, -3.253023199999973 ], [ 122.295418600000062, -3.252317599999969 ], [ 122.295671200000015, -3.251494599999944 ], [ 122.295913, -3.250680599999953 ], [ 122.296189, -3.250002499999937 ], [ 122.296351700000059, -3.249531499999932 ], [ 122.296664, -3.248659199999963 ], [ 122.296763, -3.248383 ], [ 122.29692620000003, -3.247929299999953 ], [ 122.297196900000017, -3.247177599999929 ], [ 122.297353, -3.246743699999968 ], [ 122.297630400000116, -3.245972599999959 ], [ 122.297945800000093, -3.245221799999968 ], [ 122.298576300000036, -3.244155099999944 ], [ 122.298600100000044, -3.244116899999938 ], [ 122.299167200000056, -3.243206799999939 ], [ 122.299334200000089, -3.242971099999977 ], [ 122.299924600000054, -3.242138099999977 ], [ 122.3, -3.242031399999973 ], [ 122.300230700000043, -3.241705699999955 ], [ 122.300273400000037, -3.241634199999964 ], [ 122.3005548000001, -3.24116429999998 ], [ 122.300831800000083, -3.240701199999933 ], [ 122.3012946, -3.239927699999953 ], [ 122.301480400000059, -3.239446499999929 ], [ 122.301722700000028, -3.238819 ], [ 122.301750300000094, -3.238737699999945 ], [ 122.301962100000083, -3.238001299999951 ], [ 122.302043900000058, -3.23771469999997 ], [ 122.301979500000016, -3.237173 ], [ 122.301965600000017, -3.237042799999927 ], [ 122.301785000000109, -3.236549099999934 ], [ 122.30174020000004, -3.236427599999956 ], [ 122.301307100000031, -3.235259599999949 ], [ 122.301104900000041, -3.234690899999975 ], [ 122.3008575, -3.233993699999928 ], [ 122.300747800000067, -3.233684599999947 ], [ 122.300606800000082, -3.233333399999935 ], [ 122.300456200000099, -3.232958699999926 ], [ 122.300295400000095, -3.232558399999959 ], [ 122.3, -3.232174799999939 ], [ 122.299723500000027, -3.231815299999937 ], [ 122.298995800000057, -3.230707699999925 ], [ 122.29884190000007, -3.230473399999937 ], [ 122.298202900000092, -3.23009449999995 ], [ 122.297506700000099, -3.229681899999946 ], [ 122.296911, -3.228938699999958 ], [ 122.296648900000037, -3.228426799999966 ], [ 122.29629030000001, -3.227726099999927 ], [ 122.296077400000058, -3.227309399999967 ], [ 122.295553400000017, -3.226183099999957 ], [ 122.295506500000101, -3.22444059999998 ], [ 122.295459200000096, -3.222688699999935 ], [ 122.295432400000095, -3.221890499999972 ], [ 122.295389100000079, -3.220628399999953 ], [ 122.295509300000049, -3.219287 ], [ 122.295773900000086, -3.218713499999978 ], [ 122.296718300000066, -3.216666699999962 ], [ 122.2971334, -3.215766899999949 ], [ 122.297689300000116, -3.214361099999962 ], [ 122.298184700000093, -3.213108399999953 ], [ 122.298471300000074, -3.212533699999938 ], [ 122.298971800000118, -3.21192149999996 ], [ 122.299055900000099, -3.211818499999936 ], [ 122.299366100000043, -3.211507299999937 ], [ 122.299396600000023, -3.211484299999938 ], [ 122.3, -3.211027299999955 ], [ 122.300081800000044, -3.21095159999993 ], [ 122.300535400000058, -3.210621799999956 ], [ 122.300795200000039, -3.210407099999941 ], [ 122.301427200000035, -3.209885199999974 ], [ 122.302024700000061, -3.209391899999957 ], [ 122.302158400000053, -3.209281399999952 ], [ 122.302587800000083, -3.208874399999956 ], [ 122.302922100000046, -3.208204 ], [ 122.303278800000044, -3.207626 ], [ 122.303409500000043, -3.207414599999936 ], [ 122.303542900000025, -3.207198299999959 ], [ 122.303925100000015, -3.206527799999947 ], [ 122.304736800000114, -3.205163 ], [ 122.305447, -3.203913199999931 ], [ 122.305905600000074, -3.203106199999979 ], [ 122.306002400000011, -3.202936 ], [ 122.306333700000096, -3.202404399999978 ], [ 122.307315600000038, -3.200828799999954 ], [ 122.307743300000084, -3.200085799999954 ], [ 122.307792800000016, -3.2 ], [ 122.308086700000104, -3.199489599999936 ], [ 122.308988200000044, -3.198018 ], [ 122.309304400000087, -3.197502099999951 ], [ 122.309657100000095, -3.19685359999994 ], [ 122.310164100000065, -3.195921699999928 ], [ 122.310646600000041, -3.194848299999933 ], [ 122.310928600000011, -3.194221299999981 ], [ 122.310963900000047, -3.194105799999932 ], [ 122.31131090000008, -3.192975899999965 ], [ 122.311448400000018, -3.191974199999947 ], [ 122.3114786000001, -3.191754299999957 ], [ 122.311528600000088, -3.191514699999971 ], [ 122.311662400000046, -3.190874299999962 ], [ 122.311775100000091, -3.190342199999975 ], [ 122.311813500000085, -3.190149599999927 ], [ 122.311945100000116, -3.189715499999977 ], [ 122.312052600000015, -3.189359199999956 ], [ 122.312124500000095, -3.189003399999933 ], [ 122.31231850000006, -3.188045299999942 ], [ 122.312378300000091, -3.187768799999958 ], [ 122.3125099, -3.187159099999974 ], [ 122.313083900000038, -3.184716 ], [ 122.313256400000114, -3.183896 ], [ 122.313374700000054, -3.183333299999958 ], [ 122.313658200000077, -3.181985499999939 ], [ 122.313678400000072, -3.181891399999927 ], [ 122.313805900000034, -3.18130229999997 ], [ 122.313917100000026, -3.180787799999962 ], [ 122.314063900000065, -3.180108599999926 ], [ 122.314160600000037, -3.179662299999961 ], [ 122.314429100000098, -3.178576 ], [ 122.314782300000047, -3.177147299999945 ], [ 122.314979900000026, -3.176306199999942 ], [ 122.315001300000063, -3.176214699999946 ], [ 122.315215, -3.175273499999946 ], [ 122.315268200000105, -3.175039 ], [ 122.315360100000021, -3.174634099999935 ], [ 122.315363900000079, -3.17456 ], [ 122.315394900000115, -3.173956899999951 ], [ 122.315401300000076, -3.173831199999938 ], [ 122.315447600000084, -3.172926899999936 ], [ 122.315453200000093, -3.172817299999963 ], [ 122.315477000000101, -3.172353099999953 ], [ 122.315575700000068, -3.170428299999969 ], [ 122.315577500000018, -3.170394099999953 ], [ 122.315558500000066, -3.16950079999998 ], [ 122.3155312, -3.168214199999966 ], [ 122.315436500000033, -3.167208099999925 ], [ 122.315318900000079, -3.166841399999953 ], [ 122.315292600000021, -3.166759199999944 ], [ 122.315263, -3.166666699999951 ], [ 122.315144800000098, -3.166362 ], [ 122.315026000000103, -3.166055899999947 ], [ 122.314984900000013, -3.165958499999931 ], [ 122.31486510000002, -3.165674599999932 ], [ 122.314444, -3.164990199999977 ], [ 122.31412940000007, -3.164732299999969 ], [ 122.314052400000037, -3.164669099999969 ], [ 122.313315900000021, -3.16407739999994 ], [ 122.313245500000107, -3.164019799999949 ], [ 122.313054100000045, -3.16386319999998 ], [ 122.312724500000058, -3.163593599999956 ], [ 122.312361900000042, -3.163310499999966 ], [ 122.31215670000006, -3.16315039999995 ], [ 122.311747300000093, -3.16283089999996 ], [ 122.311677700000018, -3.162776699999938 ], [ 122.311630200000081, -3.162738399999967 ], [ 122.311185, -3.16238009999995 ], [ 122.311067600000115, -3.162285599999962 ], [ 122.310688100000107, -3.161980299999925 ], [ 122.310605200000055, -3.161913599999934 ], [ 122.31027830000005, -3.161775399999954 ], [ 122.310182900000086, -3.161727699999972 ], [ 122.309757800000057, -3.161554499999966 ], [ 122.309353000000101, -3.16138959999995 ], [ 122.308938900000044, -3.161220899999932 ], [ 122.308930500000088, -3.161218399999939 ], [ 122.308697700000039, -3.161121799999933 ], [ 122.308270100000072, -3.16100739999996 ], [ 122.307998200000043, -3.160934599999962 ], [ 122.307904700000108, -3.160909499999946 ], [ 122.307789, -3.160878499999967 ], [ 122.307239900000013, -3.16073149999994 ], [ 122.306853, -3.160628 ], [ 122.306837, -3.160623799999939 ], [ 122.306825100000083, -3.160620499999936 ], [ 122.306813900000066, -3.160617499999944 ], [ 122.306800200000112, -3.160610399999939 ], [ 122.306632800000102, -3.160522699999945 ], [ 122.306217900000092, -3.16030539999997 ], [ 122.305571300000111, -3.16012319999993 ], [ 122.305328500000087, -3.160054699999932 ], [ 122.304453600000102, -3.159808099999964 ], [ 122.304429500000083, -3.15980129999997 ], [ 122.304054300000075, -3.159640699999954 ], [ 122.303731300000095, -3.159501499999976 ], [ 122.303403600000024, -3.159351699999945 ], [ 122.303327, -3.159329299999968 ], [ 122.303308900000047, -3.159321599999942 ], [ 122.302507200000036, -3.159070199999974 ], [ 122.302045400000111, -3.15892539999993 ], [ 122.301981900000101, -3.158902799999964 ], [ 122.301880200000028, -3.158871799999929 ], [ 122.301854800000115, -3.15886409999996 ], [ 122.30183640000007, -3.158858499999951 ], [ 122.301755200000116, -3.158827199999962 ], [ 122.301309300000071, -3.158655099999976 ], [ 122.301289900000029, -3.158648899999946 ], [ 122.301285600000028, -3.158647099999939 ], [ 122.30126, -3.158636099999967 ], [ 122.301218700000049, -3.158618399999966 ], [ 122.300651600000037, -3.158397899999954 ], [ 122.300410600000077, -3.158304199999975 ], [ 122.300002100000029, -3.158121699999981 ], [ 122.298869300000092, -3.157615799999974 ], [ 122.297900200000072, -3.156845499999974 ], [ 122.297881300000086, -3.156830499999955 ], [ 122.297466900000018, -3.156493299999966 ], [ 122.2974216, -3.156456499999933 ], [ 122.297110100000054, -3.156203399999924 ], [ 122.296940900000095, -3.156079099999943 ], [ 122.2964134, -3.155691699999977 ], [ 122.296382600000015, -3.155669099999955 ], [ 122.296308400000044, -3.155597599999965 ], [ 122.296245800000065, -3.155537399999957 ], [ 122.295411800000011, -3.154734699999949 ], [ 122.295388300000013, -3.154712099999927 ], [ 122.295218700000078, -3.154539 ], [ 122.295129700000075, -3.154448599999967 ], [ 122.295098200000098, -3.154380599999968 ], [ 122.294972700000017, -3.15410989999998 ], [ 122.294962300000066, -3.154088599999966 ], [ 122.2949622000001, -3.154088299999955 ], [ 122.294948500000032, -3.154063099999973 ], [ 122.294773700000064, -3.153742699999952 ], [ 122.294602, -3.153428 ], [ 122.29442860000006, -3.153110099999935 ], [ 122.294250300000044, -3.152783399999976 ], [ 122.294074500000079, -3.152461099999925 ], [ 122.293902000000116, -3.15214409999993 ], [ 122.293758100000105, -3.151854599999979 ], [ 122.293704, -3.151745799999958 ], [ 122.29366570000002, -3.151669199999958 ], [ 122.293597800000043, -3.151534 ], [ 122.293595300000106, -3.15152919999997 ], [ 122.293448800000078, -3.151238099999944 ], [ 122.293440700000019, -3.151221899999939 ], [ 122.293290300000081, -3.150923199999966 ], [ 122.293135700000107, -3.150616199999945 ], [ 122.292989900000066, -3.150326599999971 ], [ 122.292974700000059, -3.150296399999945 ], [ 122.292825600000015, -3.150000099999943 ], [ 122.292815300000029, -3.149979599999938 ], [ 122.292765500000087, -3.149880499999938 ], [ 122.292662200000109, -3.149677399999973 ], [ 122.29266210000003, -3.149677199999928 ], [ 122.292661900000098, -3.149676799999952 ], [ 122.29250920000004, -3.149377799999968 ], [ 122.292502400000103, -3.149364499999933 ], [ 122.292380300000104, -3.149126099999933 ], [ 122.292343, -3.149054 ], [ 122.292182500000081, -3.148743399999944 ], [ 122.292023600000107, -3.148436199999935 ], [ 122.291877600000021, -3.148153799999932 ], [ 122.291856700000039, -3.148113399999943 ], [ 122.291755400000056, -3.147917499999949 ], [ 122.291701900000021, -3.147815499999979 ], [ 122.29170160000001, -3.147815 ], [ 122.291694700000107, -3.147802299999967 ], [ 122.291623700000059, -3.147672799999953 ], [ 122.291532800000027, -3.147495399999968 ], [ 122.291297200000031, -3.147035799999969 ], [ 122.291113500000051, -3.146703799999955 ], [ 122.290426900000057, -3.145463 ], [ 122.290055100000018, -3.144791099999964 ], [ 122.289770700000076, -3.144160499999941 ], [ 122.289762500000052, -3.144141599999955 ], [ 122.289758900000038, -3.14413339999993 ], [ 122.289746800000103, -3.144105699999955 ], [ 122.289745900000071, -3.14410369999996 ], [ 122.289732600000093, -3.144073099999957 ], [ 122.289732, -3.144071699999927 ], [ 122.289718500000049, -3.144040799999971 ], [ 122.289708500000074, -3.144017799999972 ], [ 122.28970460000005, -3.14400889999996 ], [ 122.289690700000051, -3.143976899999927 ], [ 122.2896766, -3.143944699999963 ], [ 122.289662600000042, -3.143912399999977 ], [ 122.289648700000043, -3.143880599999932 ], [ 122.289632100000063, -3.143842499999948 ], [ 122.289615300000037, -3.143803899999966 ], [ 122.28959860000009, -3.14376569999996 ], [ 122.289581800000065, -3.143727299999966 ], [ 122.289565300000049, -3.143689299999949 ], [ 122.289548300000092, -3.143650299999933 ], [ 122.289531500000066, -3.143611799999974 ], [ 122.28951440000003, -3.143572699999936 ], [ 122.289497600000118, -3.143534099999954 ], [ 122.289481200000068, -3.143496499999969 ], [ 122.289464700000053, -3.14345869999994 ], [ 122.289448300000117, -3.143421 ], [ 122.289431800000102, -3.14338319999996 ], [ 122.289415800000029, -3.143346299999962 ], [ 122.289399200000048, -3.143308499999932 ], [ 122.289377800000011, -3.143259399999977 ], [ 122.289367, -3.143234599999971 ], [ 122.289333400000032, -3.143219899999963 ], [ 122.289235600000097, -3.143177 ], [ 122.289132600000016, -3.143131899999958 ], [ 122.289030600000046, -3.143087299999934 ], [ 122.288941100000102, -3.143048 ], [ 122.288838400000031, -3.143003 ], [ 122.288738600000102, -3.142959299999973 ], [ 122.288657900000089, -3.142924099999959 ], [ 122.288655500000118, -3.142923 ], [ 122.288214400000015, -3.142711 ], [ 122.28812210000001, -3.142675699999927 ], [ 122.286591200000089, -3.142091199999925 ], [ 122.28652000000011, -3.142064 ], [ 122.286270700000046, -3.141968799999972 ], [ 122.285247700000014, -3.141578299999935 ], [ 122.284922200000096, -3.141454 ], [ 122.284910500000024, -3.141452899999933 ], [ 122.284875100000022, -3.141439399999967 ], [ 122.284627600000022, -3.141418499999929 ], [ 122.284268900000029, -3.141388199999938 ], [ 122.284243900000092, -3.141386 ], [ 122.283950200000049, -3.141361399999937 ], [ 122.283931, -3.14135959999993 ], [ 122.283813200000054, -3.14134839999997 ], [ 122.283370500000046, -3.141306199999974 ], [ 122.283333900000116, -3.141302699999926 ], [ 122.282612200000017, -3.141234 ], [ 122.282408100000112, -3.141214499999933 ], [ 122.28065730000003, -3.140975099999935 ], [ 122.280555200000094, -3.140985599999965 ], [ 122.280012700000043, -3.141041199999961 ], [ 122.279518800000119, -3.141091899999935 ], [ 122.278906400000096, -3.141154699999959 ], [ 122.27886460000002, -3.141165099999967 ], [ 122.278192700000091, -3.14133309999994 ], [ 122.277701500000035, -3.141455899999926 ], [ 122.27758950000009, -3.141483899999969 ], [ 122.277265900000089, -3.141553 ], [ 122.277052800000092, -3.141598399999964 ], [ 122.275963, -3.141831 ], [ 122.275135300000102, -3.142007699999965 ], [ 122.274599600000101, -3.142267899999979 ], [ 122.274087800000075, -3.142516499999942 ], [ 122.274040100000093, -3.142546299999935 ], [ 122.273074900000097, -3.143149499999936 ], [ 122.27302270000007, -3.143182199999956 ], [ 122.272986, -3.143205099999932 ], [ 122.272890600000096, -3.143264699999975 ], [ 122.272689200000059, -3.143398599999955 ], [ 122.272674200000097, -3.143408499999964 ], [ 122.272350200000119, -3.143619599999965 ], [ 122.272023900000022, -3.143832299999929 ], [ 122.271957900000075, -3.143875299999934 ], [ 122.271570000000111, -3.144128199999955 ], [ 122.271171100000061, -3.14438819999998 ], [ 122.27111350000007, -3.144425699999942 ], [ 122.270674400000075, -3.144499 ], [ 122.270541100000059, -3.144521199999929 ], [ 122.27029610000011, -3.144579 ], [ 122.27012220000006, -3.144611499999939 ], [ 122.2694173000001, -3.144787699999938 ], [ 122.269395900000063, -3.144793099999958 ], [ 122.268828800000051, -3.144927299999949 ], [ 122.268173800000113, -3.145079099999975 ], [ 122.268107400000076, -3.145083 ], [ 122.266914900000074, -3.145152499999938 ], [ 122.266500300000075, -3.145176699999979 ], [ 122.26643700000011, -3.14517879999994 ], [ 122.266436800000065, -3.145178899999962 ], [ 122.266415500000107, -3.145172099999968 ], [ 122.265168800000083, -3.144776099999945 ], [ 122.264705800000115, -3.144508199999962 ], [ 122.264120300000059, -3.144150799999977 ], [ 122.263827900000024, -3.143968 ], [ 122.263797100000033, -3.143948799999976 ], [ 122.263567600000101, -3.143774699999938 ], [ 122.263086700000031, -3.143409799999972 ], [ 122.262443400000052, -3.142917399999931 ], [ 122.262420800000086, -3.142900099999963 ], [ 122.262393100000054, -3.142872099999977 ], [ 122.262049, -3.142523799999935 ], [ 122.26202760000001, -3.142502199999967 ], [ 122.261901400000056, -3.142322299999933 ], [ 122.261784600000055, -3.142156 ], [ 122.261760700000082, -3.14212109999994 ], [ 122.261748700000112, -3.142101899999943 ], [ 122.261727, -3.142067499999939 ], [ 122.261439500000051, -3.141728699999931 ], [ 122.261302200000046, -3.141561699999954 ], [ 122.261212700000101, -3.141453 ], [ 122.261014100000011, -3.141201499999966 ], [ 122.260991700000091, -3.141173099999946 ], [ 122.260597900000107, -3.140674299999944 ], [ 122.260197200000107, -3.140166799999975 ], [ 122.259986200000071, -3.139880199999936 ], [ 122.2599844, -3.139877699999943 ], [ 122.259747900000093, -3.139555499999972 ], [ 122.259509600000115, -3.13923079999995 ], [ 122.259271400000102, -3.138909699999942 ], [ 122.259158, -3.138757699999928 ], [ 122.259024900000099, -3.138604399999963 ], [ 122.258838800000035, -3.138356299999941 ], [ 122.258801900000094, -3.138327899999979 ], [ 122.257843900000012, -3.137590599999953 ], [ 122.257797700000083, -3.137555099999929 ], [ 122.257357300000081, -3.137174099999925 ], [ 122.257087800000022, -3.136958499999935 ], [ 122.256964400000015, -3.136859699999945 ], [ 122.256828500000097, -3.13674519999995 ], [ 122.256814400000053, -3.136733399999969 ], [ 122.2567146, -3.136661199999935 ], [ 122.256599900000083, -3.136580199999969 ], [ 122.256357800000046, -3.136409199999946 ], [ 122.256293100000107, -3.136363499999959 ], [ 122.2559357, -3.136111599999936 ], [ 122.255447300000014, -3.13576519999998 ], [ 122.25507170000003, -3.135498699999971 ], [ 122.255066, -3.135495599999956 ], [ 122.255063200000109, -3.135493599999961 ], [ 122.254999800000064, -3.135475199999973 ], [ 122.254902900000047, -3.135447 ], [ 122.254671500000086, -3.135381699999925 ], [ 122.254419, -3.13531039999998 ], [ 122.253906400000119, -3.135163 ], [ 122.2537608, -3.135121099999935 ], [ 122.253359800000112, -3.135006399999952 ], [ 122.253358100000014, -3.13500629999993 ], [ 122.253242000000114, -3.134994899999981 ], [ 122.253241300000013, -3.134994799999959 ], [ 122.252753, -3.134946899999932 ], [ 122.25226930000008, -3.134899399999938 ], [ 122.252170300000103, -3.134890599999949 ], [ 122.252114600000027, -3.134885599999961 ], [ 122.252021600000035, -3.134886299999948 ], [ 122.251705800000082, -3.134888699999976 ], [ 122.251476100000104, -3.134890399999961 ], [ 122.25118950000001, -3.134893 ], [ 122.250693200000114, -3.134897599999931 ], [ 122.250001000000111, -3.134904 ], [ 122.249411100000088, -3.135094 ], [ 122.249233000000117, -3.13515179999996 ], [ 122.248932200000013, -3.135249599999952 ], [ 122.248452500000099, -3.135405399999968 ], [ 122.248265300000071, -3.135465799999963 ], [ 122.247941700000069, -3.135543 ], [ 122.247764500000017, -3.13558519999998 ], [ 122.247262200000023, -3.135704699999962 ], [ 122.247068300000024, -3.135750799999926 ], [ 122.246792800000094, -3.135816599999941 ], [ 122.246330100000023, -3.135962499999948 ], [ 122.246202200000084, -3.136002099999928 ], [ 122.246024900000066, -3.13605709999996 ], [ 122.245905300000118, -3.13609409999998 ], [ 122.245368, -3.13626279999994 ], [ 122.245249, -3.136300199999937 ], [ 122.245248600000082, -3.136300299999959 ], [ 122.244825200000037, -3.136433199999942 ], [ 122.244562500000029, -3.136515599999939 ], [ 122.244310500000097, -3.136635799999965 ], [ 122.243799800000033, -3.136879199999953 ], [ 122.243666300000086, -3.136943699999961 ], [ 122.243353300000081, -3.137095 ], [ 122.243209600000114, -3.137163599999951 ], [ 122.242722800000024, -3.137396099999933 ], [ 122.242196900000067, -3.137647299999969 ], [ 122.242093200000113, -3.13769689999998 ], [ 122.241887600000041, -3.137793899999963 ], [ 122.241645100000028, -3.137907899999959 ], [ 122.241638700000067, -3.137910599999941 ], [ 122.240666, -3.138320499999963 ], [ 122.240493900000047, -3.138393 ], [ 122.240250900000092, -3.138495199999966 ], [ 122.239643700000101, -3.138750399999935 ], [ 122.239562300000102, -3.138784599999951 ], [ 122.239455600000042, -3.138825399999973 ], [ 122.239286500000048, -3.138890099999969 ], [ 122.239273200000071, -3.138895199999979 ], [ 122.2392076000001, -3.138919099999953 ], [ 122.239087800000107, -3.138962899999967 ], [ 122.2390454, -3.138978399999928 ], [ 122.238624100000038, -3.139132199999949 ], [ 122.238228900000081, -3.139276499999937 ], [ 122.236801600000035, -3.139782699999955 ], [ 122.236731300000088, -3.139807699999949 ], [ 122.236618100000101, -3.139847799999927 ], [ 122.236448400000086, -3.139904599999966 ], [ 122.2360701, -3.140035499999954 ], [ 122.235957800000051, -3.140074399999946 ], [ 122.23510490000001, -3.140369599999929 ], [ 122.234882200000015, -3.140447299999948 ], [ 122.234496300000046, -3.14058 ], [ 122.233414, -3.140618 ], [ 122.233299200000033, -3.140622099999973 ], [ 122.232535900000016, -3.140649199999928 ], [ 122.232008800000017, -3.140626699999927 ], [ 122.231867600000101, -3.140620699999943 ], [ 122.231248100000016, -3.140593599999931 ], [ 122.230859900000041, -3.140578 ], [ 122.229254200000014, -3.140054099999929 ], [ 122.229208400000061, -3.140039199999933 ], [ 122.228708300000108, -3.13987839999993 ], [ 122.22816970000008, -3.139565799999957 ], [ 122.227644600000076, -3.139261099999942 ], [ 122.227277100000038, -3.13904789999998 ], [ 122.226883, -3.138819199999944 ], [ 122.226814700000091, -3.138760299999944 ], [ 122.226241, -3.138266099999953 ], [ 122.22586380000007, -3.137941099999978 ], [ 122.225615500000117, -3.137726699999973 ], [ 122.224992300000054, -3.137188299999934 ], [ 122.224687900000049, -3.136925299999973 ], [ 122.224438300000088, -3.136713699999973 ], [ 122.224339800000052, -3.136630199999956 ], [ 122.224114500000042, -3.136449 ], [ 122.223902800000019, -3.136273099999926 ], [ 122.223389600000019, -3.135846899999933 ], [ 122.222772500000019, -3.135334299999954 ], [ 122.222207900000058, -3.134865299999944 ], [ 122.222124, -3.134761399999945 ], [ 122.221648300000084, -3.134172399999954 ], [ 122.221346600000061, -3.133798699999943 ], [ 122.220728100000088, -3.133032899999932 ], [ 122.220501200000058, -3.13275189999996 ], [ 122.220198, -3.132376399999941 ], [ 122.219900500000108, -3.132008 ], [ 122.219788200000039, -3.131868899999972 ], [ 122.219441600000096, -3.13143969999993 ], [ 122.219124400000055, -3.131046899999944 ], [ 122.2189399, -3.130818399999953 ], [ 122.21869090000007, -3.130510099999981 ], [ 122.218581600000107, -3.130321699999968 ], [ 122.217947600000116, -3.12922889999993 ], [ 122.21727420000002, -3.128068199999973 ], [ 122.21691, -3.127440399999955 ], [ 122.216651800000022, -3.126995299999976 ], [ 122.2164768, -3.126693699999976 ], [ 122.216447, -3.12664239999998 ], [ 122.216250100000025, -3.126302899999928 ], [ 122.216064, -3.125982199999953 ], [ 122.215869500000053, -3.125654599999962 ], [ 122.215449600000056, -3.124947799999973 ], [ 122.214157800000066, -3.122772899999973 ], [ 122.211728300000118, -3.118682599999943 ], [ 122.211574800000108, -3.11842009999998 ], [ 122.211354400000118, -3.118154899999979 ], [ 122.210968100000059, -3.117689899999959 ], [ 122.210936600000082, -3.11765209999993 ], [ 122.210502100000099, -3.117129 ], [ 122.210074100000043, -3.116613899999948 ], [ 122.21007330000009, -3.116616 ], [ 122.209663400000068, -3.116119499999968 ], [ 122.209661900000015, -3.116120499999965 ], [ 122.209344400000077, -3.115738199999953 ], [ 122.208649, -3.114900699999964 ], [ 122.208027700000116, -3.114152399999966 ], [ 122.207976500000086, -3.114099 ], [ 122.206088400000112, -3.112130599999944 ], [ 122.205590900000061, -3.111611899999957 ], [ 122.203862600000093, -3.110108299999979 ], [ 122.203047400000059, -3.109383199999968 ], [ 122.202973500000098, -3.109317399999952 ], [ 122.2029377, -3.109285599999964 ], [ 122.202871, -3.109226199999966 ], [ 122.202784700000052, -3.109149599999967 ], [ 122.202601300000083, -3.108986399999935 ], [ 122.202489300000025, -3.108886799999937 ], [ 122.202389900000071, -3.108798399999955 ], [ 122.202318900000023, -3.108735199999956 ], [ 122.202246900000091, -3.108671199999947 ], [ 122.202143, -3.108578799999975 ], [ 122.200961700000107, -3.107393099999967 ], [ 122.20028620000005, -3.106709499999965 ], [ 122.199541900000099, -3.105960499999981 ], [ 122.198772700000063, -3.10518639999998 ], [ 122.197998900000016, -3.10441389999994 ], [ 122.1972091, -3.10363469999993 ], [ 122.1964891, -3.102924299999927 ], [ 122.195704300000102, -3.10215 ], [ 122.195254300000101, -3.101704799999936 ], [ 122.194737500000087, -3.101181899999972 ], [ 122.193640200000118, -3.100347699999929 ], [ 122.191820700000108, -3.098964499999965 ], [ 122.191782300000114, -3.098935199999971 ], [ 122.19070940000006, -3.098211699999979 ], [ 122.189181300000087, -3.097181099999943 ], [ 122.188386300000047, -3.096636699999976 ], [ 122.187280200000032, -3.095997199999942 ], [ 122.184048400000052, -3.094104799999968 ], [ 122.18389860000002, -3.094024399999967 ], [ 122.182831400000055, -3.093451099999925 ], [ 122.182673, -3.093366 ], [ 122.181945200000087, -3.092971 ], [ 122.181904300000042, -3.092948799999931 ], [ 122.179935300000011, -3.091793499999937 ], [ 122.178083100000094, -3.090752699999939 ], [ 122.176919200000043, -3.08996209999998 ], [ 122.175644, -3.089026899999965 ], [ 122.175601500000084, -3.088995799999964 ], [ 122.174876800000106, -3.088315 ], [ 122.174219400000084, -3.087708099999929 ], [ 122.174020300000052, -3.08752439999995 ], [ 122.173895400000106, -3.087356599999964 ], [ 122.173251700000037, -3.086492199999952 ], [ 122.172774600000025, -3.085822699999937 ], [ 122.17199990000006, -3.084383899999978 ], [ 122.17182420000006, -3.083988599999941 ], [ 122.171406900000079, -3.08203409999993 ], [ 122.171503, -3.080482899999936 ], [ 122.171557700000108, -3.079600299999925 ], [ 122.1715607000001, -3.079552499999977 ], [ 122.17243910000002, -3.076939099999947 ], [ 122.172796100000028, -3.07522849999998 ], [ 122.172847300000058, -3.074898299999973 ], [ 122.172878300000093, -3.074743 ], [ 122.173102200000017, -3.072489799999971 ], [ 122.173228400000085, -3.071318899999937 ], [ 122.173351100000104, -3.070802799999967 ], [ 122.173361200000045, -3.070760599999971 ], [ 122.173603, -3.069801799999937 ], [ 122.1744427000001, -3.067680099999961 ], [ 122.175136700000053, -3.066114199999959 ], [ 122.175136800000018, -3.066114099999936 ], [ 122.175844900000016, -3.064591099999973 ], [ 122.175977100000068, -3.06431159999994 ], [ 122.176018800000065, -3.064223599999934 ], [ 122.176373300000023, -3.062777 ], [ 122.176388, -3.062716799999976 ], [ 122.176588400000014, -3.061986899999965 ], [ 122.176667900000098, -3.061580699999979 ], [ 122.176666200000113, -3.061581199999978 ], [ 122.176674100000014, -3.061549099999979 ], [ 122.176831300000117, -3.060907499999928 ], [ 122.17689560000008, -3.060546599999952 ], [ 122.17740230000004, -3.05770119999994 ], [ 122.177522600000088, -3.057107799999926 ], [ 122.177754300000061, -3.055964699999947 ], [ 122.17809340000008, -3.054399499999931 ], [ 122.1781036000001, -3.054352799999947 ], [ 122.178435300000046, -3.052834399999938 ], [ 122.178767600000015, -3.051275499999974 ], [ 122.178769100000068, -3.051268399999969 ], [ 122.179055100000028, -3.049911099999974 ], [ 122.179125900000031, -3.049587799999927 ], [ 122.179686300000071, -3.047028099999977 ], [ 122.179749600000036, -3.046473899999967 ], [ 122.179752500000063, -3.046448699999928 ], [ 122.179888000000119, -3.045494699999949 ], [ 122.179888000000119, -3.045494299999973 ], [ 122.179888800000072, -3.045488399999954 ], [ 122.179891700000098, -3.045467899999949 ], [ 122.180022700000109, -3.044540799999936 ], [ 122.180164000000104, -3.043540899999925 ], [ 122.180307800000037, -3.042522899999938 ], [ 122.180446300000085, -3.041542799999945 ], [ 122.180518300000017, -3.041033499999969 ], [ 122.1805802, -3.040147599999955 ], [ 122.180644800000096, -3.039222199999926 ], [ 122.180714500000022, -3.038224699999944 ], [ 122.180716500000017, -3.038195199999961 ], [ 122.180783500000075, -3.03721029999997 ], [ 122.180789000000118, -3.037159199999962 ], [ 122.180872200000067, -3.036377 ], [ 122.180872200000067, -3.035980299999949 ], [ 122.180872200000067, -3.035937699999977 ], [ 122.180860300000063, -3.035932099999968 ], [ 122.180790500000057, -3.03589889999995 ], [ 122.18084470000008, -3.035864 ], [ 122.180648500000075, -3.035006899999928 ], [ 122.180453600000078, -3.03415519999993 ], [ 122.180153400000108, -3.033713699999964 ], [ 122.179679, -3.03301579999993 ], [ 122.179546600000094, -3.032820899999933 ], [ 122.17859640000006, -3.031728099999953 ], [ 122.178569500000094, -3.03169719999994 ], [ 122.178232200000025, -3.031430499999942 ], [ 122.177809900000057, -3.031096499999933 ], [ 122.177714500000093, -3.031021099999975 ], [ 122.177665100000013, -3.030979599999966 ], [ 122.177573800000118, -3.03090839999993 ], [ 122.177462700000092, -3.030809399999953 ], [ 122.1774282, -3.030778599999962 ], [ 122.17713880000008, -3.030513299999939 ], [ 122.17654610000011, -3.030011099999967 ], [ 122.17650070000002, -3.029994899999963 ], [ 122.176357400000029, -3.029943 ], [ 122.175790400000096, -3.029737399999931 ], [ 122.175790300000017, -3.029737399999931 ], [ 122.175309, -3.029560099999969 ], [ 122.175143, -3.029502699999966 ], [ 122.174797800000078, -3.029383299999949 ], [ 122.174711400000092, -3.029353399999934 ], [ 122.17471670000009, -3.029349699999955 ], [ 122.172852200000079, -3.028708399999971 ], [ 122.171967400000085, -3.028399599999943 ], [ 122.170753300000115, -3.028109399999948 ], [ 122.170752900000025, -3.028109299999926 ], [ 122.169722300000103, -3.027861899999948 ], [ 122.169005, -3.027687699999944 ], [ 122.168405100000086, -3.027528399999937 ], [ 122.1683418, -3.027511499999946 ], [ 122.166594900000064, -3.027042 ], [ 122.166605400000094, -3.027003 ], [ 122.164748700000018, -3.026595499999928 ], [ 122.161472500000059, -3.025861199999952 ], [ 122.160512600000061, -3.025667399999975 ], [ 122.157969700000081, -3.025154199999974 ], [ 122.157886800000028, -3.025138 ], [ 122.15778320000004, -3.025117699999953 ], [ 122.157783000000109, -3.025117699999953 ], [ 122.155771300000083, -3.024730699999964 ], [ 122.15352160000009, -3.024284399999942 ], [ 122.153356600000052, -3.024252099999956 ], [ 122.151088300000083, -3.023808499999973 ], [ 122.151019100000099, -3.023795 ], [ 122.150757700000099, -3.023732299999949 ], [ 122.150757500000054, -3.023732199999927 ], [ 122.149229200000036, -3.023361499999965 ], [ 122.148223700000017, -3.023102199999926 ], [ 122.1480884, -3.023078 ], [ 122.14600960000007, -3.022704899999951 ], [ 122.145432300000039, -3.022597499999961 ], [ 122.144850500000075, -3.022489699999937 ], [ 122.144850400000109, -3.022489599999972 ], [ 122.14201, -3.021957099999952 ], [ 122.141660400000092, -3.021935399999961 ], [ 122.141606200000069, -3.021932099999958 ], [ 122.140124700000115, -3.021821299999942 ], [ 122.139695600000096, -3.021830099999931 ], [ 122.139029300000061, -3.021843799999942 ], [ 122.139029100000016, -3.021843799999942 ], [ 122.13684180000007, -3.021888799999942 ], [ 122.136704800000075, -3.021895499999971 ], [ 122.136504900000091, -3.02190539999998 ], [ 122.13471190000007, -3.021994199999938 ], [ 122.134711800000105, -3.021994199999938 ], [ 122.133442500000115, -3.022061299999962 ], [ 122.133242500000051, -3.022072599999944 ], [ 122.13164590000008, -3.022163 ], [ 122.131603200000086, -3.022165399999949 ], [ 122.131385800000089, -3.022149599999977 ], [ 122.130686300000093, -3.022098799999981 ], [ 122.130625400000099, -3.022094399999958 ], [ 122.12804170000004, -3.02125 ], [ 122.125946900000031, -3.020546599999932 ], [ 122.125882100000013, -3.020521899999949 ], [ 122.124440100000015, -3.019959 ], [ 122.124355600000058, -3.019926099999964 ], [ 122.123945300000059, -3.01976609999997 ], [ 122.123782300000016, -3.019702499999937 ], [ 122.123601600000029, -3.019625299999973 ], [ 122.12308320000011, -3.019402799999966 ], [ 122.123021700000095, -3.019377599999927 ], [ 122.121534600000018, -3.018742199999963 ], [ 122.121534100000076, -3.018742 ], [ 122.120176400000105, -3.018199699999968 ], [ 122.120169900000064, -3.018197099999952 ], [ 122.120003900000029, -3.018131 ], [ 122.119008400000098, -3.017734599999926 ], [ 122.119006200000058, -3.017734599999926 ], [ 122.118475900000021, -3.017522499999927 ], [ 122.117614600000024, -3.017197199999941 ], [ 122.117121600000019, -3.017012199999954 ], [ 122.117103200000088, -3.017004 ], [ 122.1167527, -3.016846199999975 ], [ 122.1156267, -3.016435499999943 ], [ 122.115125700000021, -3.016252799999961 ], [ 122.114019800000051, -3.015849399999979 ], [ 122.113591500000098, -3.015693099999964 ], [ 122.112585500000023, -3.015320799999927 ], [ 122.112086400000067, -3.015136699999971 ], [ 122.11208570000008, -3.01513639999996 ], [ 122.112084700000082, -3.01513609999995 ], [ 122.110535600000048, -3.014563899999928 ], [ 122.109328700000106, -3.014118099999962 ], [ 122.109010600000033, -3.014000599999974 ], [ 122.108072000000107, -3.013653899999952 ], [ 122.107762100000059, -3.013489599999957 ], [ 122.107705800000076, -3.013459299999965 ], [ 122.107605400000011, -3.013405199999966 ], [ 122.106326, -3.012716299999965 ], [ 122.105565100000035, -3.012306599999931 ], [ 122.104907700000012, -3.011952599999972 ], [ 122.104713900000093, -3.01184829999994 ], [ 122.104645700000106, -3.01181159999993 ], [ 122.103315400000042, -3.011070099999927 ], [ 122.103315, -3.011069899999939 ], [ 122.103314200000113, -3.01106939999994 ], [ 122.10290590000011, -3.010842299999979 ], [ 122.102064700000028, -3.01030529999997 ], [ 122.100869300000113, -3.009542099999976 ], [ 122.100115600000095, -3.009060899999952 ], [ 122.100043800000094, -3.009015099999942 ], [ 122.09972950000008, -3.008782599999961 ], [ 122.09879710000007, -3.008092699999963 ], [ 122.098747100000082, -3.008055699999943 ], [ 122.098299600000018, -3.00772459999996 ], [ 122.098277400000029, -3.007708199999968 ], [ 122.0982179, -3.007663699999966 ], [ 122.098204900000042, -3.007651099999975 ], [ 122.097911, -3.007367 ], [ 122.097504500000014, -3.006974 ], [ 122.097433300000034, -3.006902199999956 ], [ 122.097213800000077, -3.006657899999936 ], [ 122.096955600000115, -3.006370599999968 ], [ 122.096933800000102, -3.006348199999934 ], [ 122.096909800000049, -3.006319699999949 ], [ 122.096567200000095, -3.005912899999942 ], [ 122.095969900000114, -3.005203699999925 ], [ 122.09553690000007, -3.004652499999963 ], [ 122.095036800000116, -3.004016099999944 ], [ 122.094251, -3.003055599999925 ], [ 122.093603600000051, -3.002264399999945 ], [ 122.093546900000092, -3.002195099999938 ], [ 122.093509900000072, -3.002149899999949 ], [ 122.092803700000104, -3.001478099999929 ], [ 122.092640500000016, -3.001322799999969 ], [ 122.092222900000024, -3.000917899999934 ], [ 122.091940600000044, -3.000644199999954 ], [ 122.091838100000018, -3.000522399999966 ], [ 122.09177980000004, -3.000448099999971 ], [ 122.091482900000074, -3.000034699999958 ], [ 122.091457000000105, -2.999998699999935 ], [ 122.091379900000106, -2.99986389999998 ], [ 122.090969800000039, -2.999147299999947 ], [ 122.090954500000066, -2.999120599999969 ], [ 122.090923400000065, -2.999066199999959 ], [ 122.090836300000092, -2.99890849999997 ], [ 122.090725800000087, -2.998691399999927 ], [ 122.090424, -2.998193599999979 ], [ 122.090397400000029, -2.998149799999965 ], [ 122.0903925, -2.998141799999928 ], [ 122.0898836, -2.997484399999962 ], [ 122.089395800000034, -2.996826899999974 ], [ 122.088672, -2.995667599999933 ], [ 122.087847700000111, -2.994494199999963 ], [ 122.087474500000098, -2.993833 ], [ 122.087125300000025, -2.993214499999965 ], [ 122.086981600000058, -2.99295989999996 ], [ 122.086861900000031, -2.992768099999978 ], [ 122.08682930000009, -2.992715899999951 ], [ 122.086792700000046, -2.99265719999994 ], [ 122.086711600000058, -2.992527399999972 ], [ 122.086636800000065, -2.992407599999979 ], [ 122.086392700000033, -2.991874 ], [ 122.08630740000001, -2.991689599999972 ], [ 122.086072800000011, -2.991182 ], [ 122.08594770000002, -2.990911399999959 ], [ 122.08562720000009, -2.990200099999925 ], [ 122.085538400000019, -2.990004599999963 ], [ 122.085449, -2.989832499999977 ], [ 122.085307600000078, -2.989564799999926 ], [ 122.085290800000053, -2.989533 ], [ 122.085247100000061, -2.989450199999965 ], [ 122.085071, -2.989116499999966 ], [ 122.085043800000108, -2.989065 ], [ 122.085027500000024, -2.989034099999969 ], [ 122.084603100000095, -2.988132099999973 ], [ 122.08437, -2.987632699999949 ], [ 122.084127800000033, -2.987113699999952 ], [ 122.083613300000025, -2.98601119999995 ], [ 122.083335100000113, -2.98538549999995 ], [ 122.083264500000041, -2.985226799999964 ], [ 122.083105200000091, -2.984868699999936 ], [ 122.083037900000022, -2.984717299999943 ], [ 122.08295360000011, -2.984472899999957 ], [ 122.082737900000097, -2.983847899999944 ], [ 122.082466, -2.983090699999934 ], [ 122.082395400000109, -2.982893899999965 ], [ 122.082284700000059, -2.982569699999942 ], [ 122.082241100000033, -2.982441 ], [ 122.082222500000057, -2.982386199999951 ], [ 122.082099800000037, -2.982165799999962 ], [ 122.081684800000062, -2.981418899999937 ], [ 122.081402900000057, -2.980899399999942 ], [ 122.081387100000029, -2.980870299999935 ], [ 122.081288400000062, -2.98068829999994 ], [ 122.081264900000065, -2.980645099999947 ], [ 122.08115650000002, -2.980445299999928 ], [ 122.081156600000099, -2.980340199999944 ], [ 122.081156600000099, -2.980310199999963 ], [ 122.081157, -2.979880399999956 ], [ 122.081157100000041, -2.979684899999938 ], [ 122.081157500000018, -2.97921539999993 ], [ 122.081157700000063, -2.979196499999944 ], [ 122.081167600000072, -2.978080099999943 ], [ 122.081191100000069, -2.978035599999941 ], [ 122.081394, -2.97765279999993 ], [ 122.0819179, -2.976679199999978 ], [ 122.081970900000101, -2.976580199999944 ], [ 122.082470900000089, -2.975647 ], [ 122.083011, -2.974626099999966 ], [ 122.083012100000019, -2.974624199999937 ], [ 122.083087400000068, -2.974480899999946 ], [ 122.083517100000108, -2.973664099999951 ], [ 122.083526600000027, -2.973646 ], [ 122.083908400000041, -2.972920299999942 ], [ 122.084036500000025, -2.97268269999995 ], [ 122.084857500000112, -2.97142109999993 ], [ 122.085082, -2.97053109999996 ], [ 122.085134800000105, -2.970321499999955 ], [ 122.085134900000071, -2.970321199999944 ], [ 122.085406700000021, -2.969322199999965 ], [ 122.085417900000039, -2.969281099999932 ], [ 122.085486100000026, -2.969030299999929 ], [ 122.085472200000027, -2.968983599999945 ], [ 122.085453700000016, -2.968921599999931 ], [ 122.085425200000032, -2.968827699999963 ], [ 122.085231200000067, -2.968189 ], [ 122.085172700000044, -2.968001699999945 ], [ 122.085162, -2.967962199999931 ], [ 122.084967400000096, -2.967239499999948 ], [ 122.0849, -2.966988899999933 ], [ 122.084310500000015, -2.966481899999962 ], [ 122.083808400000066, -2.966050199999927 ], [ 122.0835657, -2.965838 ], [ 122.083394400000088, -2.965688 ], [ 122.08330280000007, -2.965607699999964 ], [ 122.083103200000096, -2.96544369999998 ], [ 122.082779300000084, -2.965165099999979 ], [ 122.080739000000108, -2.963513399999954 ], [ 122.080107200000043, -2.963002 ], [ 122.080027400000063, -2.962943199999927 ], [ 122.0798459, -2.962801899999931 ], [ 122.079321300000061, -2.962376099999972 ], [ 122.079016, -2.962128399999926 ], [ 122.078970700000013, -2.962083799999959 ], [ 122.078858300000093, -2.961973299999954 ], [ 122.078816500000016, -2.961932199999978 ], [ 122.078736, -2.961853099999928 ], [ 122.078643500000112, -2.961762199999953 ], [ 122.078579300000115, -2.961699099999976 ], [ 122.078439800000069, -2.961562 ], [ 122.078375600000072, -2.961498899999981 ], [ 122.07832540000004, -2.96144959999998 ], [ 122.0782752, -2.961400199999957 ], [ 122.078253, -2.961378299999978 ], [ 122.078092600000105, -2.961220599999933 ], [ 122.077602, -2.960696599999949 ], [ 122.077159400000028, -2.96022389999996 ], [ 122.075887, -2.958357699999965 ], [ 122.075579100000027, -2.957960399999934 ], [ 122.075006, -2.957220799999959 ], [ 122.074448, -2.956500799999958 ], [ 122.0741905000001, -2.956131 ], [ 122.073914800000011, -2.955812899999955 ], [ 122.073433900000055, -2.955250499999977 ], [ 122.073023300000045, -2.954770499999938 ], [ 122.072786600000086, -2.954493699999944 ], [ 122.072536400000104, -2.954201099999977 ], [ 122.072509300000092, -2.954182199999934 ], [ 122.072220900000048, -2.953980299999955 ], [ 122.071688100000074, -2.953607399999953 ], [ 122.070689100000095, -2.952908099999945 ], [ 122.070524800000044, -2.952793 ], [ 122.070203600000013, -2.952568199999973 ], [ 122.070099100000107, -2.952499099999955 ], [ 122.068918500000109, -2.951718399999947 ], [ 122.068888800000082, -2.951698699999952 ], [ 122.068271800000048, -2.95142379999993 ], [ 122.067511, -2.951084899999955 ], [ 122.066746900000112, -2.950744399999962 ], [ 122.066605900000013, -2.950694299999952 ], [ 122.065355700000055, -2.950249499999927 ], [ 122.064541400000053, -2.949959799999931 ], [ 122.063240200000109, -2.949498099999971 ], [ 122.063226500000042, -2.949493199999949 ], [ 122.062463100000059, -2.949302399999965 ], [ 122.061647600000015, -2.949182 ], [ 122.0611695, -2.949111499999958 ], [ 122.060465900000054, -2.949215299999935 ], [ 122.059876900000063, -2.949302199999977 ], [ 122.058582200000046, -2.949493199999949 ], [ 122.058175500000061, -2.949556799999925 ], [ 122.058032700000012, -2.949579099999937 ], [ 122.057882800000016, -2.949602499999969 ], [ 122.05701810000005, -2.949737599999935 ], [ 122.056967200000031, -2.949745599999972 ], [ 122.056546400000116, -2.949811299999965 ], [ 122.055975500000045, -2.949901499999953 ], [ 122.055465600000048, -2.949982 ], [ 122.054934700000103, -2.950065799999948 ], [ 122.05421750000005, -2.950374499999953 ], [ 122.054134700000077, -2.950410099999942 ], [ 122.053259300000036, -2.950786799999946 ], [ 122.052665800000113, -2.951005499999951 ], [ 122.051260500000012, -2.95152319999994 ], [ 122.050788500000067, -2.951697199999956 ], [ 122.050563700000112, -2.95178 ], [ 122.050438800000052, -2.951826 ], [ 122.049949800000036, -2.952231499999925 ], [ 122.048918200000116, -2.95308689999996 ], [ 122.0486998, -2.953268 ], [ 122.048411400000077, -2.953518299999928 ], [ 122.047111700000073, -2.954646 ], [ 122.046453, -2.955217599999969 ], [ 122.045794800000067, -2.955788699999971 ], [ 122.044874600000071, -2.956359799999973 ], [ 122.044615, -2.95652089999993 ], [ 122.044368, -2.956674199999952 ], [ 122.044083700000101, -2.956850699999961 ], [ 122.043398100000104, -2.957276099999945 ], [ 122.043005200000039, -2.957543699999974 ], [ 122.042401400000017, -2.957954799999925 ], [ 122.040764400000057, -2.958642099999963 ], [ 122.040158600000041, -2.95889649999998 ], [ 122.0396713, -2.959101099999941 ], [ 122.038563, -2.959566499999937 ], [ 122.038547300000118, -2.959561399999927 ], [ 122.037394, -2.959184199999925 ], [ 122.036697300000014, -2.958976299999961 ], [ 122.036187800000107, -2.958824199999981 ], [ 122.035975300000018, -2.958762 ], [ 122.035318300000085, -2.958569799999964 ], [ 122.033855, -2.958315299999924 ], [ 122.03186160000007, -2.957997199999966 ], [ 122.030864900000097, -2.958463699999925 ], [ 122.030642900000089, -2.958544399999937 ], [ 122.030584800000042, -2.958565599999929 ], [ 122.029816400000072, -2.958845 ], [ 122.028998700000102, -2.959142299999939 ], [ 122.028947500000072, -2.959145799999931 ], [ 122.028405800000087, -2.959182899999973 ], [ 122.026934, -2.95928349999997 ], [ 122.025950800000032, -2.959350799999925 ], [ 122.025823100000025, -2.959359499999948 ], [ 122.024036300000034, -2.959481699999969 ], [ 122.023543300000028, -2.959354399999938 ], [ 122.022267300000067, -2.959025099999963 ], [ 122.021406600000091, -2.958803 ], [ 122.019976800000109, -2.958310399999959 ], [ 122.019311400000106, -2.958081099999958 ], [ 122.018883, -2.957933599999933 ], [ 122.016083700000081, -2.957361 ], [ 122.015666200000055, -2.957330699999943 ], [ 122.014134500000068, -2.957219499999951 ], [ 122.013454, -2.957170099999928 ], [ 122.012708500000031, -2.957164299999931 ], [ 122.0120382, -2.957159099999956 ], [ 122.011183700000061, -2.95715249999995 ], [ 122.010887, -2.957174399999928 ], [ 122.010721100000069, -2.957186599999943 ], [ 122.009216700000025, -2.95729769999997 ], [ 122.008012700000108, -2.957416899999942 ], [ 122.007877, -2.957430399999964 ], [ 122.007257500000037, -2.957491699999935 ], [ 122.00705210000001, -2.957512099999974 ], [ 122.006222500000035, -2.95759419999996 ], [ 122.005528, -2.957821699999954 ], [ 122.002532500000029, -2.958803 ], [ 122.001985500000046, -2.95898539999996 ], [ 122.001150400000029, -2.959263699999951 ], [ 122.000672700000109, -2.959423 ], [ 122.000114900000085, -2.959608899999978 ], [ 121.999072800000022, -2.959909499999981 ], [ 121.996806600000014, -2.960563199999967 ], [ 121.996738100000016, -2.960585099999946 ], [ 121.996356100000071, -2.960706899999934 ], [ 121.995185000000106, -2.96108049999998 ], [ 121.994695400000069, -2.96123659999995 ], [ 121.994346600000085, -2.961347899999964 ], [ 121.992968200000064, -2.961772 ], [ 121.99260860000004, -2.961941199999956 ], [ 121.992239200000085, -2.962115099999949 ], [ 121.99153600000011, -2.962446 ], [ 121.991189, -2.96260929999994 ], [ 121.990805100000102, -2.962789899999962 ], [ 121.989817400000106, -2.963283799999942 ], [ 121.988894, -2.963745499999959 ], [ 121.987454400000047, -2.964465299999972 ], [ 121.986407400000076, -2.964813799999945 ], [ 121.986350900000048, -2.964832599999966 ], [ 121.985895200000073, -2.964984299999969 ], [ 121.985363800000073, -2.965161199999955 ], [ 121.984950800000092, -2.965298599999926 ], [ 121.984510900000032, -2.965412199999946 ], [ 121.982886300000018, -2.965831399999956 ], [ 121.982394000000113, -2.965931599999976 ], [ 121.981952800000045, -2.966021299999966 ], [ 121.981913500000019, -2.966029299999946 ], [ 121.981781200000114, -2.966056199999969 ], [ 121.981262, -2.966161799999952 ], [ 121.981201100000021, -2.966195099999936 ], [ 121.980095600000027, -2.966798 ], [ 121.979803400000037, -2.966972599999963 ], [ 121.979654500000038, -2.967061599999965 ], [ 121.979541800000106, -2.967128899999977 ], [ 121.978462700000023, -2.967773499999964 ], [ 121.977375100000017, -2.968452299999967 ], [ 121.976636, -2.968913499999928 ], [ 121.97647870000003, -2.969011699999953 ], [ 121.976009100000056, -2.969304799999975 ], [ 121.975642200000038, -2.969533699999943 ], [ 121.974844100000041, -2.970037399999967 ], [ 121.973055, -2.971166599999947 ], [ 121.972690700000044, -2.97133969999993 ], [ 121.970913100000075, -2.972184599999935 ], [ 121.969743600000015, -2.972729299999969 ], [ 121.969680200000084, -2.972758799999951 ], [ 121.969365, -2.972905599999933 ], [ 121.968389500000058, -2.973350899999957 ], [ 121.967498800000044, -2.973753899999963 ], [ 121.966271100000085, -2.974268699999925 ], [ 121.966193400000066, -2.974301299999979 ], [ 121.966183900000033, -2.974305299999969 ], [ 121.965663600000084, -2.974501299999929 ], [ 121.964720700000044, -2.974856599999953 ], [ 121.9639922, -2.97513129999993 ], [ 121.963427100000104, -2.975344399999926 ], [ 121.963101400000028, -2.975411399999928 ], [ 121.961427500000013, -2.975755799999945 ], [ 121.96101340000007, -2.975841 ], [ 121.960235, -2.976001099999962 ], [ 121.959876200000053, -2.976074899999958 ], [ 121.958994800000028, -2.976256299999932 ], [ 121.95822140000007, -2.976301499999977 ], [ 121.95765270000004, -2.976334699999938 ], [ 121.957513, -2.976342899999963 ], [ 121.957041400000094, -2.976370399999951 ], [ 121.95658370000001, -2.976397199999951 ], [ 121.95643270000005, -2.976406 ], [ 121.955728900000054, -2.976447099999973 ], [ 121.954312400000049, -2.976488099999926 ], [ 121.953270300000099, -2.976518299999952 ], [ 121.949133600000096, -2.976638 ], [ 121.948920900000076, -2.976701899999966 ], [ 121.94794760000002, -2.976994399999967 ], [ 121.947842600000058, -2.977025899999944 ], [ 121.944616600000018, -2.977995299999975 ], [ 121.9444813, -2.978030699999977 ], [ 121.94343, -2.978306199999963 ], [ 121.942843, -2.97846009999995 ], [ 121.94154160000005, -2.978801099999941 ], [ 121.939208800000074, -2.979543399999955 ], [ 121.938713900000039, -2.979857799999934 ], [ 121.937173, -2.980837 ], [ 121.93554, -2.981515599999966 ], [ 121.934525800000074, -2.981886199999963 ], [ 121.933496800000057, -2.982262099999957 ], [ 121.932749500000114, -2.982535199999973 ], [ 121.932231700000102, -2.982724399999938 ], [ 121.93056480000007, -2.98331589999998 ], [ 121.930259500000034, -2.983424199999945 ], [ 121.929665100000079, -2.983584499999949 ], [ 121.929232100000036, -2.98370129999995 ], [ 121.928446100000087, -2.983913199999961 ], [ 121.928372100000047, -2.983933199999967 ], [ 121.9283699, -2.983935499999973 ], [ 121.927994700000113, -2.984326599999974 ], [ 121.927510700000084, -2.984831299999939 ], [ 121.926982200000111, -2.985382199999947 ], [ 121.92597180000007, -2.986435599999936 ], [ 121.925134400000047, -2.987308699999971 ], [ 121.924859400000059, -2.987595399999975 ], [ 121.924539300000106, -2.987929099999974 ], [ 121.923740100000032, -2.988762299999962 ], [ 121.923388500000101, -2.989128899999969 ], [ 121.923167700000022, -2.989288 ], [ 121.922476600000095, -2.989786299999935 ], [ 121.922019400000067, -2.98985319999997 ], [ 121.921884200000022, -2.989873 ], [ 121.920737600000052, -2.990040699999952 ], [ 121.919555200000104, -2.989803199999926 ], [ 121.919252100000108, -2.989712199999929 ], [ 121.91917, -2.989687599999968 ], [ 121.918822600000112, -2.98958319999997 ], [ 121.918661600000064, -2.989534899999967 ], [ 121.917560700000081, -2.989204399999949 ], [ 121.917238500000053, -2.989107599999954 ], [ 121.916275500000097, -2.988755 ], [ 121.915732800000114, -2.988556299999971 ], [ 121.915292800000088, -2.988433199999974 ], [ 121.914211600000044, -2.988130799999965 ], [ 121.914025200000083, -2.98807869999996 ], [ 121.913022700000056, -2.987798299999952 ], [ 121.9127535, -2.987648899999954 ], [ 121.910908100000029, -2.986625 ], [ 121.910643200000095, -2.986478 ], [ 121.908925400000044, -2.985735799999929 ], [ 121.9082462, -2.985541699999942 ], [ 121.907734400000095, -2.985395499999925 ], [ 121.907129900000086, -2.985222799999974 ], [ 121.907005200000071, -2.985187099999962 ], [ 121.906550200000083, -2.985057099999949 ], [ 121.905507300000068, -2.984806399999968 ], [ 121.905320700000061, -2.984761599999956 ], [ 121.904591300000106, -2.984586199999967 ], [ 121.904425400000036, -2.984546399999942 ], [ 121.902487900000096, -2.98408059999997 ], [ 121.902139200000079, -2.983996799999943 ], [ 121.901036400000066, -2.983712699999955 ], [ 121.900995500000022, -2.983702199999925 ], [ 121.900960900000086, -2.98369329999997 ], [ 121.899339900000086, -2.983275799999944 ], [ 121.899196500000016, -2.983204399999977 ], [ 121.898455900000044, -2.982836199999952 ], [ 121.897998, -2.982608399999947 ], [ 121.8975828, -2.982402 ], [ 121.89689890000011, -2.982061899999962 ], [ 121.896266200000014, -2.981747199999973 ], [ 121.8958321, -2.981531399999938 ], [ 121.89541660000009, -2.981324699999959 ], [ 121.8950843, -2.981160699999975 ], [ 121.894945800000073, -2.981092299999943 ], [ 121.894540800000073, -2.980892399999959 ], [ 121.893816700000116, -2.980534899999952 ], [ 121.892905, -2.980084799999929 ], [ 121.89142030000005, -2.979351899999926 ], [ 121.890774800000031, -2.979033199999947 ], [ 121.890390600000046, -2.978843499999925 ], [ 121.889622600000052, -2.978446699999949 ], [ 121.889052600000014, -2.978152199999954 ], [ 121.88869580000005, -2.977967899999953 ], [ 121.88864500000011, -2.977941599999951 ], [ 121.888602100000071, -2.977919399999962 ], [ 121.888404, -2.977817099999925 ], [ 121.887612600000011, -2.977408199999957 ], [ 121.886573400000088, -2.976871299999971 ], [ 121.884753500000102, -2.976113799999951 ], [ 121.883825700000102, -2.975727599999971 ], [ 121.882395600000109, -2.975132299999927 ], [ 121.880682200000024, -2.974584 ], [ 121.880574200000069, -2.974549499999966 ], [ 121.879762700000015, -2.974289799999951 ], [ 121.879214600000068, -2.974114399999962 ], [ 121.877107600000045, -2.973490499999969 ], [ 121.876876, -2.973422 ], [ 121.876086100000066, -2.973188099999959 ], [ 121.875820600000111, -2.973109499999964 ], [ 121.875418600000103, -2.972990399999958 ], [ 121.87491620000003, -2.972823 ], [ 121.873255500000027, -2.972269399999959 ], [ 121.872803500000032, -2.972182499999974 ], [ 121.872543, -2.972132399999964 ], [ 121.872532500000034, -2.972130399999969 ], [ 121.872152700000015, -2.97205729999996 ], [ 121.871819800000026, -2.971946399999979 ], [ 121.871645200000103, -2.971888199999967 ], [ 121.870870900000114, -2.97163009999997 ], [ 121.870435, -2.971484699999962 ], [ 121.869551000000115, -2.970767399999943 ], [ 121.869035600000075, -2.97034919999993 ], [ 121.869015000000104, -2.970332499999927 ], [ 121.868769900000075, -2.97013359999994 ], [ 121.867847700000084, -2.969385299999942 ], [ 121.866808600000013, -2.968579399999953 ], [ 121.866433700000016, -2.968229 ], [ 121.866218200000048, -2.968027499999948 ], [ 121.865833100000032, -2.967667499999948 ], [ 121.865595400000075, -2.967514699999981 ], [ 121.86538680000001, -2.967380699999978 ], [ 121.865239300000098, -2.967285799999956 ], [ 121.864527200000111, -2.967056799999966 ], [ 121.864094100000102, -2.966946499999949 ], [ 121.863203400000089, -2.966904099999965 ], [ 121.862954900000091, -2.966899299999966 ], [ 121.862631, -2.966893 ], [ 121.862409200000116, -2.966835199999935 ], [ 121.8622759000001, -2.966800399999954 ], [ 121.86218550000001, -2.966776799999934 ], [ 121.86215, -2.966754899999955 ], [ 121.86174010000002, -2.966501099999959 ], [ 121.861536200000046, -2.966291 ], [ 121.861288, -2.96603529999993 ], [ 121.861040300000013, -2.965780099999961 ], [ 121.860747300000071, -2.965557399999966 ], [ 121.860491700000011, -2.965409 ], [ 121.860433100000023, -2.965375 ], [ 121.860165, -2.965219399999967 ], [ 121.859767900000065, -2.96503789999997 ], [ 121.859488700000043, -2.964888499999972 ], [ 121.859309100000019, -2.96479249999993 ], [ 121.858856, -2.96455009999994 ], [ 121.858135, -2.964274399999965 ], [ 121.857833500000083, -2.96410359999993 ], [ 121.857726600000092, -2.964043 ], [ 121.85749880000003, -2.963913899999966 ], [ 121.857395500000052, -2.964017099999978 ], [ 121.857223100000056, -2.964189599999941 ], [ 121.856955600000106, -2.964362599999959 ], [ 121.8567921, -2.96446839999993 ], [ 121.856607600000075, -2.964587799999947 ], [ 121.856502, -2.964656099999956 ], [ 121.856388100000117, -2.964705799999933 ], [ 121.856184, -2.96479469999997 ], [ 121.855819500000052, -2.964953599999944 ], [ 121.855675, -2.965016599999956 ], [ 121.855235100000073, -2.964969499999938 ], [ 121.855060600000115, -2.964950699999974 ], [ 121.854857, -2.964892499999962 ], [ 121.854724600000054, -2.964854599999967 ], [ 121.854396900000097, -2.964760899999931 ], [ 121.853947300000073, -2.964632199999926 ], [ 121.853511900000058, -2.964507699999956 ], [ 121.853338500000064, -2.964507699999956 ], [ 121.853172600000107, -2.964507699999956 ], [ 121.85313050000002, -2.964544499999931 ], [ 121.853033200000027, -2.964629599999967 ], [ 121.852833300000043, -2.964804599999979 ], [ 121.852721400000064, -2.964993299999946 ], [ 121.852651300000048, -2.965111699999966 ], [ 121.852493900000013, -2.965377199999978 ], [ 121.852368100000035, -2.965621 ], [ 121.852154600000063, -2.966034599999944 ], [ 121.851981600000045, -2.966296899999975 ], [ 121.851978, -2.966302299999938 ], [ 121.851686800000039, -2.966743899999926 ], [ 121.85149720000004, -2.967031299999974 ], [ 121.851157900000089, -2.967285799999956 ], [ 121.851127500000075, -2.967289099999959 ], [ 121.850182400000108, -2.967391799999973 ], [ 121.848867600000062, -2.967434199999957 ], [ 121.848546100000021, -2.967463499999951 ], [ 121.848315300000081, -2.967484399999933 ], [ 121.848156400000107, -2.967498899999953 ], [ 121.848084, -2.967505499999959 ], [ 121.847701200000074, -2.967540299999939 ], [ 121.847049600000105, -2.967673199999979 ], [ 121.846947600000021, -2.96769409999996 ], [ 121.84693940000011, -2.967695699999979 ], [ 121.846662100000117, -2.967752299999972 ], [ 121.846465100000046, -2.967816199999959 ], [ 121.846237100000053, -2.967890199999943 ], [ 121.846153600000093, -2.967917199999931 ], [ 121.845877400000063, -2.968006799999955 ], [ 121.845641700000101, -2.968216299999938 ], [ 121.845113900000115, -2.96868539999997 ], [ 121.844706400000064, -2.969108699999936 ], [ 121.844562600000017, -2.969258 ], [ 121.843820800000117, -2.969978599999934 ], [ 121.843820300000061, -2.969979099999932 ], [ 121.843544600000087, -2.970254699999941 ], [ 121.843099300000063, -2.970424399999956 ], [ 121.842825400000038, -2.970520499999964 ], [ 121.842460800000026, -2.970648299999937 ], [ 121.842303100000095, -2.970703599999979 ], [ 121.841466400000058, -2.970997 ], [ 121.8406668, -2.971064599999977 ], [ 121.8399607, -2.971124199999963 ], [ 121.839250500000048, -2.971085499999958 ], [ 121.838794300000018, -2.97106059999993 ], [ 121.837996700000076, -2.97115759999997 ], [ 121.8378523, -2.971175199999948 ], [ 121.837706700000012, -2.971192899999949 ], [ 121.837225000000103, -2.971251499999937 ], [ 121.836737200000016, -2.971145399999955 ], [ 121.836155600000097, -2.970923899999946 ], [ 121.835846500000116, -2.970806099999947 ], [ 121.835709700000052, -2.970737699999972 ], [ 121.835549700000115, -2.970657699999947 ], [ 121.835269500000095, -2.970747699999947 ], [ 121.834955900000068, -2.970848499999931 ], [ 121.834753100000057, -2.971118899999965 ], [ 121.834526900000014, -2.971420499999965 ], [ 121.834465600000044, -2.971502199999975 ], [ 121.834426300000018, -2.971554599999934 ], [ 121.834242600000039, -2.97179959999994 ], [ 121.834001600000079, -2.972120899999936 ], [ 121.833771200000115, -2.972155499999928 ], [ 121.833577400000081, -2.972184599999935 ], [ 121.833351100000073, -2.972149899999977 ], [ 121.833281, -2.972139199999958 ], [ 121.833208800000079, -2.97205729999996 ], [ 121.83283520000009, -2.971633199999928 ], [ 121.832566700000029, -2.971272399999975 ], [ 121.832327300000088, -2.970950799999969 ], [ 121.832271800000058, -2.970904499999961 ], [ 121.832100100000048, -2.970761399999958 ], [ 121.832027100000118, -2.97070059999993 ], [ 121.8318332, -2.970665299999951 ], [ 121.831628200000068, -2.970628 ], [ 121.831196500000033, -2.970549499999947 ], [ 121.830651000000103, -2.970450399999947 ], [ 121.829700300000013, -2.970375299999944 ], [ 121.829575500000033, -2.970345399999928 ], [ 121.829391400000077, -2.970301199999938 ], [ 121.829074800000058, -2.970225199999959 ], [ 121.828906700000061, -2.970124299999952 ], [ 121.828824600000075, -2.970075099999974 ], [ 121.828706600000032, -2.969888899999944 ], [ 121.828594900000098, -2.969712399999935 ], [ 121.828349200000048, -2.969324499999971 ], [ 121.827948900000024, -2.968974199999934 ], [ 121.827794500000095, -2.968932099999961 ], [ 121.827673600000026, -2.968899099999931 ], [ 121.827223300000014, -2.968924199999947 ], [ 121.826873, -2.969049299999938 ], [ 121.826699500000018, -2.969132799999954 ], [ 121.826251600000091, -2.969348499999967 ], [ 121.826197500000035, -2.969374499999958 ], [ 121.82592980000004, -2.969315 ], [ 121.825874700000099, -2.96930279999998 ], [ 121.825747100000058, -2.969274399999961 ], [ 121.825346800000034, -2.968924199999947 ], [ 121.825115600000117, -2.968435099999965 ], [ 121.82510810000008, -2.968419199999971 ], [ 121.825088300000061, -2.968377399999952 ], [ 121.824696300000028, -2.967548099999931 ], [ 121.824602, -2.966793299999949 ], [ 121.8245462000001, -2.96634709999995 ], [ 121.824369300000058, -2.965895099999955 ], [ 121.824321, -2.965771699999948 ], [ 121.824061100000108, -2.965479799999969 ], [ 121.824017700000013, -2.965431 ], [ 121.823839600000042, -2.965231 ], [ 121.823791800000095, -2.965177299999937 ], [ 121.823165700000118, -2.964686899999947 ], [ 121.823145100000033, -2.964670799999965 ], [ 121.82286170000009, -2.964400299999966 ], [ 121.822594600000116, -2.96414539999995 ], [ 121.822584, -2.964126599999929 ], [ 121.822431500000107, -2.963856699999951 ], [ 121.822269400000096, -2.963569899999925 ], [ 121.822260700000015, -2.963177899999948 ], [ 121.822255500000097, -2.962943499999938 ], [ 121.822251700000038, -2.962776199999951 ], [ 121.822244400000045, -2.962444 ], [ 121.822140600000012, -2.962358599999959 ], [ 121.8218581000001, -2.962125899999933 ], [ 121.821819000000119, -2.962093799999934 ], [ 121.821626400000014, -2.962085 ], [ 121.821268600000053, -2.962068699999975 ], [ 121.820681600000057, -2.961926 ], [ 121.820342900000014, -2.961843599999952 ], [ 121.820303100000046, -2.961812 ], [ 121.819636800000012, -2.961283599999945 ], [ 121.819617300000118, -2.961268099999927 ], [ 121.819594800000118, -2.961237 ], [ 121.819272400000045, -2.960791899999947 ], [ 121.819217500000036, -2.960716 ], [ 121.819091900000103, -2.960542499999974 ], [ 121.819103, -2.960470399999963 ], [ 121.819141900000091, -2.960217299999954 ], [ 121.819177200000013, -2.960120299999971 ], [ 121.819303900000023, -2.959772499999929 ], [ 121.819308200000023, -2.959760599999925 ], [ 121.819307600000116, -2.959748299999944 ], [ 121.819301400000086, -2.959626299999968 ], [ 121.819292, -2.959441699999957 ], [ 121.8192649, -2.959397599999932 ], [ 121.819246400000111, -2.95936759999995 ], [ 121.819091900000103, -2.959116399999971 ], [ 121.81896370000004, -2.959081499999968 ], [ 121.818541400000072, -2.958966299999929 ], [ 121.818175200000042, -2.958889599999964 ], [ 121.818021300000055, -2.958857399999943 ], [ 121.81798660000004, -2.958850199999972 ], [ 121.817465600000105, -2.958741099999941 ], [ 121.816861400000107, -2.958555199999978 ], [ 121.816815100000099, -2.958540899999946 ], [ 121.816732000000115, -2.958482499999946 ], [ 121.816469100000063, -2.958297499999958 ], [ 121.816288400000076, -2.958170299999949 ], [ 121.816139500000077, -2.958065599999941 ], [ 121.815674100000024, -2.957617399999947 ], [ 121.815649900000039, -2.957594099999937 ], [ 121.815464, -2.957415099999935 ], [ 121.815357500000118, -2.957408 ], [ 121.815088700000047, -2.95739 ], [ 121.814353600000118, -2.95717819999993 ], [ 121.814251200000058, -2.957148699999948 ], [ 121.813892200000055, -2.957045299999947 ], [ 121.81361250000009, -2.956964699999958 ], [ 121.813325400000053, -2.956872799999928 ], [ 121.8132673, -2.956854199999952 ], [ 121.812744900000098, -2.956687099999954 ], [ 121.812361500000065, -2.956564399999934 ], [ 121.812213200000087, -2.956528399999968 ], [ 121.812016, -2.956480599999963 ], [ 121.811535900000081, -2.956364199999939 ], [ 121.8114706, -2.956364199999939 ], [ 121.811060500000053, -2.956364199999939 ], [ 121.810871300000031, -2.956260199999974 ], [ 121.810753800000043, -2.956195499999978 ], [ 121.810480100000063, -2.956045 ], [ 121.810059700000011, -2.95581379999993 ], [ 121.809671200000025, -2.955722399999956 ], [ 121.809643700000038, -2.955715899999973 ], [ 121.809364900000105, -2.955650299999945 ], [ 121.809209, -2.955613599999936 ], [ 121.808985600000028, -2.95548789999998 ], [ 121.808729700000072, -2.955344 ], [ 121.808679200000029, -2.955315599999949 ], [ 121.80832, -2.955113499999925 ], [ 121.808086100000082, -2.954982 ], [ 121.808010200000012, -2.954939299999978 ], [ 121.807699500000012, -2.954764499999953 ], [ 121.807591400000092, -2.954703699999925 ], [ 121.807312700000011, -2.954546899999968 ], [ 121.806807100000015, -2.954262599999936 ], [ 121.806256700000063, -2.954037399999947 ], [ 121.805639800000108, -2.953738299999941 ], [ 121.805431100000078, -2.95363709999998 ], [ 121.804133800000045, -2.952988499999947 ], [ 121.8041300000001, -2.952986599999974 ], [ 121.80412380000007, -2.952981699999953 ], [ 121.803493100000082, -2.952494399999978 ], [ 121.803082900000049, -2.952177399999925 ], [ 121.803029200000083, -2.952135899999973 ], [ 121.802952600000026, -2.952033799999981 ], [ 121.802696900000115, -2.951692899999955 ], [ 121.802428700000064, -2.95133519999996 ], [ 121.802363400000104, -2.951275499999952 ], [ 121.802183900000045, -2.951110899999946 ], [ 121.801828200000045, -2.950784799999951 ], [ 121.801456, -2.950525599999935 ], [ 121.801013700000112, -2.950217599999974 ], [ 121.800589100000025, -2.949921899999936 ], [ 121.800427100000093, -2.949809 ], [ 121.799858800000038, -2.949552399999959 ], [ 121.799315900000011, -2.949307199999964 ], [ 121.799069200000076, -2.949195799999927 ], [ 121.798875900000098, -2.949108499999966 ], [ 121.798538400000098, -2.948848399999974 ], [ 121.798536800000079, -2.948847099999966 ], [ 121.798167400000011, -2.948562299999935 ], [ 121.797969800000033, -2.94841 ], [ 121.797674900000061, -2.948182799999927 ], [ 121.797532, -2.948039799999947 ], [ 121.79722460000005, -2.94773239999995 ], [ 121.797015100000067, -2.947603 ], [ 121.796890900000108, -2.947526299999936 ], [ 121.796373900000049, -2.947207 ], [ 121.795958800000108, -2.946941799999934 ], [ 121.79547320000006, -2.946631499999967 ], [ 121.795231600000079, -2.94648159999997 ], [ 121.794747600000051, -2.946181199999955 ], [ 121.794630400000074, -2.946158599999933 ], [ 121.793885900000078, -2.946015199999977 ], [ 121.793798300000049, -2.945979399999942 ], [ 121.792946200000074, -2.945630699999981 ], [ 121.792359200000078, -2.945316299999945 ], [ 121.792245600000115, -2.945255399999951 ], [ 121.791997900000069, -2.945021499999939 ], [ 121.79168130000005, -2.944722499999955 ], [ 121.791344900000013, -2.944404799999973 ], [ 121.790844500000048, -2.944229599999971 ], [ 121.79060190000007, -2.944242399999951 ], [ 121.7903692000001, -2.944254599999965 ], [ 121.790021600000046, -2.944295499999953 ], [ 121.789518500000099, -2.944354699999963 ], [ 121.788882, -2.944372399999963 ], [ 121.788617800000111, -2.944379699999956 ], [ 121.788185200000044, -2.944383599999981 ], [ 121.788127500000087, -2.944384099999979 ], [ 121.787602600000014, -2.944388699999934 ], [ 121.787224700000024, -2.944290899999942 ], [ 121.787154800000053, -2.944272799999965 ], [ 121.786891400000059, -2.944204599999978 ], [ 121.786426100000085, -2.944327099999953 ], [ 121.786416, -2.944329699999969 ], [ 121.785940600000117, -2.944655 ], [ 121.785696100000109, -2.944855099999927 ], [ 121.785390200000052, -2.945105299999966 ], [ 121.78527930000007, -2.945183 ], [ 121.785143800000014, -2.945277799999928 ], [ 121.784889800000087, -2.945455599999946 ], [ 121.784557, -2.94543479999993 ], [ 121.784201100000018, -2.945412599999941 ], [ 121.784089200000039, -2.945405599999958 ], [ 121.784065600000076, -2.945388699999967 ], [ 121.78378930000008, -2.945191299999976 ], [ 121.783563800000024, -2.945030299999928 ], [ 121.78343110000003, -2.944660699999929 ], [ 121.78340280000009, -2.944581899999946 ], [ 121.78338210000004, -2.944524099999967 ], [ 121.783213500000102, -2.944054499999936 ], [ 121.7829087, -2.943860499999971 ], [ 121.782663, -2.943704199999956 ], [ 121.782331000000113, -2.943630399999961 ], [ 121.782212700000059, -2.943604099999959 ], [ 121.782077, -2.943658399999947 ], [ 121.781712300000095, -2.943804299999954 ], [ 121.781473300000016, -2.944061699999963 ], [ 121.781387000000109, -2.944154599999933 ], [ 121.78083730000003, -2.94450889999996 ], [ 121.780672900000013, -2.944614799999954 ], [ 121.780261200000041, -2.944880099999978 ], [ 121.779907500000036, -2.945152199999939 ], [ 121.779610600000069, -2.945380499999942 ], [ 121.779189400000064, -2.945610299999942 ], [ 121.779060200000117, -2.945680799999934 ], [ 121.77879740000003, -2.945708399999944 ], [ 121.778635300000019, -2.94572549999998 ], [ 121.778109500000028, -2.945780899999932 ], [ 121.777704200000016, -2.945598699999948 ], [ 121.777690100000086, -2.945592399999953 ], [ 121.777677200000085, -2.945577599999979 ], [ 121.777496900000074, -2.945369899999946 ], [ 121.777456100000109, -2.945322799999929 ], [ 121.777183700000023, -2.945009 ], [ 121.776155300000028, -2.943824199999938 ], [ 121.776067200000057, -2.943722699999967 ], [ 121.776007800000116, -2.943654199999969 ], [ 121.775965500000098, -2.943619199999944 ], [ 121.775733200000104, -2.943427399999962 ], [ 121.775500100000045, -2.943234799999971 ], [ 121.775432300000034, -2.943178799999941 ], [ 121.775357700000086, -2.94315389999997 ], [ 121.775007900000105, -2.943037299999958 ], [ 121.774606700000049, -2.942903599999966 ], [ 121.773706, -2.942828499999962 ], [ 121.7727552, -2.942828499999962 ], [ 121.772251700000083, -2.942904799999951 ], [ 121.771929600000021, -2.942953599999953 ], [ 121.771660000000111, -2.942935399999953 ], [ 121.771486600000117, -2.942923699999938 ], [ 121.771194700000024, -2.942904099999964 ], [ 121.771145600000068, -2.942900699999939 ], [ 121.770953800000029, -2.942828499999962 ], [ 121.770910300000082, -2.942788099999973 ], [ 121.770603500000107, -2.942503299999942 ], [ 121.770306700000106, -2.942155 ], [ 121.770202, -2.942032199999971 ], [ 121.770102, -2.94191479999995 ], [ 121.770037900000034, -2.941796299999965 ], [ 121.769965300000081, -2.941662299999962 ], [ 121.769702800000118, -2.94117719999997 ], [ 121.769252400000028, -2.940426599999967 ], [ 121.7689272, -2.939375799999937 ], [ 121.768924800000036, -2.93933039999996 ], [ 121.76890220000007, -2.938900399999966 ], [ 121.768861600000037, -2.938668299999961 ], [ 121.768849, -2.938596299999972 ], [ 121.768822000000114, -2.938442299999963 ], [ 121.768761300000051, -2.938095099999941 ], [ 121.768702100000041, -2.937756499999978 ], [ 121.768543800000089, -2.936710599999969 ], [ 121.768526900000097, -2.936598599999968 ], [ 121.76805150000007, -2.935622799999976 ], [ 121.767687, -2.935076099999947 ], [ 121.767501100000118, -2.934797199999934 ], [ 121.767310200000111, -2.934520199999952 ], [ 121.767212300000097, -2.934378 ], [ 121.76699520000011, -2.934062899999958 ], [ 121.766768200000115, -2.933733299999972 ], [ 121.766725400000041, -2.933671299999958 ], [ 121.766616400000089, -2.933548199999962 ], [ 121.766525900000033, -2.933446 ], [ 121.765949800000044, -2.932795599999963 ], [ 121.7656846000001, -2.932534499999974 ], [ 121.765394900000047, -2.932249299999967 ], [ 121.764596, -2.931462899999929 ], [ 121.764580600000045, -2.931447699999978 ], [ 121.764348600000062, -2.931219299999952 ], [ 121.763824500000055, -2.930854599999975 ], [ 121.763814100000104, -2.930847399999948 ], [ 121.763691300000119, -2.930761899999936 ], [ 121.762665700000071, -2.930048199999931 ], [ 121.762047700000039, -2.929394699999932 ], [ 121.761814200000117, -2.929147899999975 ], [ 121.76159640000003, -2.928917499999955 ], [ 121.761355800000047, -2.928726499999925 ], [ 121.760983800000076, -2.928431099999955 ], [ 121.760742800000116, -2.928239699999949 ], [ 121.7605876, -2.928116399999965 ], [ 121.760357000000113, -2.92793329999995 ], [ 121.76018410000006, -2.927796 ], [ 121.759895, -2.927566499999955 ], [ 121.759591800000067, -2.927373 ], [ 121.759307100000115, -2.927191599999958 ], [ 121.759038, -2.927019899999948 ], [ 121.758436400000051, -2.926636299999927 ], [ 121.758168700000056, -2.926465599999972 ], [ 121.757748500000048, -2.926220099999966 ], [ 121.756203600000049, -2.925317399999926 ], [ 121.756101, -2.92525749999993 ], [ 121.755941900000039, -2.925164499999937 ], [ 121.755563800000118, -2.92499209999994 ], [ 121.754874400000062, -2.924677799999927 ], [ 121.754801, -2.924644299999954 ], [ 121.754267900000059, -2.924401199999977 ], [ 121.754103900000018, -2.924326399999927 ], [ 121.753235400000108, -2.923930399999961 ], [ 121.753098300000033, -2.923867899999948 ], [ 121.752859400000034, -2.923758899999939 ], [ 121.752814400000034, -2.923738399999934 ], [ 121.751906700000063, -2.923506199999963 ], [ 121.751738600000067, -2.923463199999958 ], [ 121.751621100000079, -2.923465499999963 ], [ 121.751044100000058, -2.923476799999946 ], [ 121.750462600000105, -2.923488199999952 ], [ 121.75031510000008, -2.923511799999972 ], [ 121.749211600000081, -2.923688399999946 ], [ 121.748150100000089, -2.923853799999961 ], [ 121.747285100000113, -2.923988599999973 ], [ 121.745984, -2.924238799999955 ], [ 121.745259600000054, -2.92422 ], [ 121.744057500000054, -2.924188799999968 ], [ 121.742865800000118, -2.924212099999977 ], [ 121.742615000000114, -2.924217099999964 ], [ 121.741505500000017, -2.924238799999955 ], [ 121.740504700000088, -2.923813499999937 ], [ 121.740075900000079, -2.922700299999974 ], [ 121.739996200000064, -2.922493399999951 ], [ 121.739943800000106, -2.922357199999965 ], [ 121.739866200000051, -2.922155799999928 ], [ 121.739830200000029, -2.922062299999936 ], [ 121.739412200000061, -2.920977199999925 ], [ 121.739203700000076, -2.92043579999995 ], [ 121.738953500000093, -2.919259899999929 ], [ 121.738277900000071, -2.918759499999965 ], [ 121.736226300000112, -2.918459199999972 ], [ 121.73583890000009, -2.918383799999958 ], [ 121.734299800000031, -2.918084 ], [ 121.732636100000036, -2.917975499999955 ], [ 121.7326064, -2.917953499999953 ], [ 121.7323947000001, -2.917796399999929 ], [ 121.731973, -2.917483499999946 ], [ 121.731954500000029, -2.917441799999949 ], [ 121.731397500000071, -2.916182399999968 ], [ 121.731211300000041, -2.916137 ], [ 121.730371700000092, -2.915932199999929 ], [ 121.728995600000076, -2.916307499999959 ], [ 121.728019800000084, -2.917258299999958 ], [ 121.727997300000084, -2.917257599999971 ], [ 121.726493600000026, -2.91720829999997 ], [ 121.725823200000036, -2.917043199999966 ], [ 121.724908700000015, -2.916818099999944 ], [ 121.724867300000028, -2.916807899999981 ], [ 121.723466200000075, -2.917708699999935 ], [ 121.722546600000101, -2.918577199999959 ], [ 121.721664800000099, -2.91941 ], [ 121.720230300000026, -2.919498499999975 ], [ 121.718138100000033, -2.919627599999956 ], [ 121.718077300000118, -2.919656299999929 ], [ 121.7178642, -2.919756699999937 ], [ 121.717735100000027, -2.919817499999965 ], [ 121.717560200000094, -2.919899899999962 ], [ 121.717318300000102, -2.920013799999936 ], [ 121.71711670000002, -2.92010879999998 ], [ 121.716996900000026, -2.920165199999929 ], [ 121.716912100000059, -2.920205199999941 ], [ 121.715791400000057, -2.92073309999995 ], [ 121.715785200000028, -2.920736 ], [ 121.71418390000008, -2.920360799999969 ], [ 121.71388730000001, -2.920168799999942 ], [ 121.7137586, -2.920085499999971 ], [ 121.712582600000019, -2.919510099999968 ], [ 121.712561700000037, -2.91942789999996 ], [ 121.712282400000049, -2.918334099999925 ], [ 121.712082200000054, -2.916082399999937 ], [ 121.710731200000055, -2.913805599999932 ], [ 121.709139600000071, -2.91288469999995 ], [ 121.70865450000008, -2.912479499999961 ], [ 121.707883800000104, -2.912428099999943 ], [ 121.707009500000026, -2.912369899999931 ], [ 121.706027400000039, -2.912304399999925 ], [ 121.705696100000068, -2.912304399999925 ], [ 121.705552100000091, -2.912304399999925 ], [ 121.704470700000115, -2.912068399999953 ], [ 121.703925900000058, -2.911949599999957 ], [ 121.702895400000102, -2.911724699999979 ], [ 121.700409500000092, -2.909686799999974 ], [ 121.700398, -2.909677299999942 ], [ 121.699463300000048, -2.90825719999998 ], [ 121.699097, -2.907700699999964 ], [ 121.699088900000106, -2.90769169999993 ], [ 121.697425600000088, -2.905825 ], [ 121.696789, -2.905110499999978 ], [ 121.69561920000001, -2.903797699999927 ], [ 121.694680700000049, -2.902913599999977 ], [ 121.693892800000071, -2.902171399999929 ], [ 121.691941300000053, -2.901395799999932 ], [ 121.690709100000049, -2.901395799999932 ], [ 121.689714500000036, -2.901395799999932 ], [ 121.685536200000115, -2.900770299999976 ], [ 121.68554180000001, -2.900756199999933 ], [ 121.688463500000012, -2.893289299999935 ], [ 121.688675400000079, -2.89278969999998 ], [ 121.689410800000019, -2.891054899999972 ], [ 121.690203800000063, -2.889223199999947 ], [ 121.690232300000048, -2.889157399999931 ], [ 121.690426700000103, -2.888708 ], [ 121.690721600000074, -2.887284499999964 ], [ 121.691095300000029, -2.885480399999949 ], [ 121.691243200000031, -2.884766399999933 ], [ 121.691240000000107, -2.88476129999998 ], [ 121.69124080000006, -2.884757599999944 ], [ 121.69126580000011, -2.882330699999955 ], [ 121.691198200000031, -2.882185399999969 ], [ 121.691119900000103, -2.882017 ], [ 121.69104510000011, -2.881856199999959 ], [ 121.69094240000004, -2.881832799999927 ], [ 121.690851300000077, -2.881812 ], [ 121.690767600000072, -2.881631199999958 ], [ 121.690388800000051, -2.880813099999955 ], [ 121.690081400000054, -2.880149499999959 ], [ 121.69006550000006, -2.880115199999977 ], [ 121.690035700000067, -2.88005069999997 ], [ 121.690003600000068, -2.879981499999928 ], [ 121.689959200000089, -2.879930799999954 ], [ 121.689935200000036, -2.879903399999932 ], [ 121.689899900000114, -2.879863099999966 ], [ 121.689784700000018, -2.879731599999957 ], [ 121.689629900000114, -2.879555 ], [ 121.689487100000065, -2.879392099999961 ], [ 121.689353, -2.879239 ], [ 121.689271600000097, -2.879146099999957 ], [ 121.68920890000004, -2.879074599999967 ], [ 121.68888220000008, -2.878701699999965 ], [ 121.688565600000061, -2.878340399999956 ], [ 121.688181500000042, -2.877902099999972 ], [ 121.687976500000104, -2.877668099999937 ], [ 121.687067900000102, -2.87711349999995 ], [ 121.686256900000103, -2.876618399999927 ], [ 121.685661300000106, -2.87625479999997 ], [ 121.684235500000113, -2.875384399999973 ], [ 121.684036300000116, -2.875262799999973 ], [ 121.683899800000063, -2.875179499999945 ], [ 121.683712400000104, -2.875065099999972 ], [ 121.68358760000001, -2.874988899999948 ], [ 121.683476400000018, -2.874925 ], [ 121.68335860000002, -2.87486569999993 ], [ 121.683238800000026, -2.874805399999957 ], [ 121.683175600000027, -2.874773499999947 ], [ 121.683100100000047, -2.874735499999929 ], [ 121.683033600000044, -2.874702 ], [ 121.682006800000067, -2.874184699999944 ], [ 121.681294300000104, -2.873825799999963 ], [ 121.680913700000019, -2.873634 ], [ 121.679952100000037, -2.873149599999977 ], [ 121.679735600000072, -2.873040499999945 ], [ 121.678519300000062, -2.872427799999969 ], [ 121.677834, -2.872082599999942 ], [ 121.676830400000085, -2.871728399999938 ], [ 121.676128400000039, -2.871480599999927 ], [ 121.675128700000073, -2.871127799999954 ], [ 121.675109200000065, -2.871117199999958 ], [ 121.674336800000106, -2.870698199999936 ], [ 121.673683300000107, -2.870343799999944 ], [ 121.673526600000059, -2.870258699999965 ], [ 121.673370700000078, -2.870174199999951 ], [ 121.673311600000034, -2.870092299999953 ], [ 121.673218500000075, -2.869963299999938 ], [ 121.67317520000006, -2.869903499999964 ], [ 121.672979600000076, -2.869632599999932 ], [ 121.672800500000108, -2.869384599999933 ], [ 121.672634, -2.869154 ], [ 121.672493500000087, -2.868959399999937 ], [ 121.672380400000065, -2.868802899999935 ], [ 121.67228990000001, -2.868677499999933 ], [ 121.672220200000083, -2.868325099999936 ], [ 121.672168, -2.868061499999953 ], [ 121.67211640000005, -2.867800599999953 ], [ 121.672064600000112, -2.867538699999955 ], [ 121.67202670000006, -2.867347399999971 ], [ 121.671984800000018, -2.867135799999971 ], [ 121.671951300000046, -2.866966399999967 ], [ 121.671909800000094, -2.866756599999974 ], [ 121.671820900000057, -2.866307099999972 ], [ 121.671766, -2.866029699999956 ], [ 121.671751800000038, -2.865957899999955 ], [ 121.671742400000085, -2.865876499999956 ], [ 121.671682900000064, -2.865356499999962 ], [ 121.671636100000114, -2.864948699999957 ], [ 121.671591700000022, -2.864560799999936 ], [ 121.671562700000095, -2.864307499999938 ], [ 121.671534900000097, -2.864064799999937 ], [ 121.671498700000029, -2.863749399999961 ], [ 121.67148080000004, -2.863593299999934 ], [ 121.671446300000071, -2.863291899999979 ], [ 121.671406500000103, -2.862944699999957 ], [ 121.671358400000031, -2.862525099999971 ], [ 121.671318300000053, -2.86217419999997 ], [ 121.671285400000102, -2.861887099999933 ], [ 121.67127, -2.861753399999941 ], [ 121.671233100000109, -2.861431099999947 ], [ 121.671200800000065, -2.861148699999944 ], [ 121.671178, -2.860949799999958 ], [ 121.671139500000095, -2.860614 ], [ 121.671118100000058, -2.860427499999957 ], [ 121.671109500000057, -2.860352599999942 ], [ 121.671081900000104, -2.860111399999937 ], [ 121.671096200000079, -2.859927599999935 ], [ 121.671147, -2.859274399999947 ], [ 121.671180700000036, -2.858840599999951 ], [ 121.671206, -2.858514899999932 ], [ 121.671245900000031, -2.858001499999943 ], [ 121.671269900000084, -2.857692199999974 ], [ 121.671301600000106, -2.857284199999981 ], [ 121.671329100000094, -2.856930899999952 ], [ 121.671338000000105, -2.856816799999933 ], [ 121.671356600000081, -2.856577099999924 ], [ 121.671382900000026, -2.856393199999957 ], [ 121.671436900000117, -2.856016799999963 ], [ 121.671537900000089, -2.855312599999934 ], [ 121.671587300000056, -2.85496749999993 ], [ 121.671650500000055, -2.85452719999995 ], [ 121.671705700000075, -2.854142099999933 ], [ 121.671744900000022, -2.853868899999952 ], [ 121.671765800000117, -2.853722599999969 ], [ 121.671704700000078, -2.853455199999928 ], [ 121.671689800000081, -2.85338969999998 ], [ 121.671623200000113, -2.853098399999965 ], [ 121.671529, -2.852686299999959 ], [ 121.671474000000103, -2.852445399999965 ], [ 121.671346900000117, -2.851889299999925 ], [ 121.671239100000093, -2.851417399999946 ], [ 121.671138800000108, -2.850978599999962 ], [ 121.6710524, -2.850600199999974 ], [ 121.670981600000118, -2.850290499999971 ], [ 121.670958, -2.850187099999971 ], [ 121.67086780000011, -2.849986399999977 ], [ 121.670795800000064, -2.849825899999928 ], [ 121.670757, -2.849739499999941 ], [ 121.670610500000066, -2.849413399999946 ], [ 121.670365900000093, -2.848868899999957 ], [ 121.670146900000077, -2.848381399999937 ], [ 121.669935900000041, -2.847911699999941 ], [ 121.669714100000078, -2.84741779999996 ], [ 121.669574, -2.847105899999974 ], [ 121.669510400000036, -2.846964199999945 ], [ 121.669510700000046, -2.846664799999928 ], [ 121.669510800000012, -2.84658769999993 ], [ 121.669511200000102, -2.846274599999958 ], [ 121.669511500000112, -2.845974799999965 ], [ 121.6695118, -2.845703499999956 ], [ 121.66951210000002, -2.845437 ], [ 121.66951250000011, -2.845108599999946 ], [ 121.6695128, -2.844861199999968 ], [ 121.669513, -2.84465309999996 ], [ 121.669513300000062, -2.844442399999934 ], [ 121.669513600000073, -2.844204499999933 ], [ 121.669514100000015, -2.843776099999957 ], [ 121.669514400000025, -2.843514499999969 ], [ 121.669514700000036, -2.843247899999938 ], [ 121.669514800000115, -2.843145099999958 ], [ 121.669514900000081, -2.843014699999969 ], [ 121.669515200000092, -2.842802499999948 ], [ 121.669515600000068, -2.842450399999962 ], [ 121.669515700000034, -2.842342 ], [ 121.6696564, -2.842098599999929 ], [ 121.66978250000011, -2.841880299999957 ], [ 121.669941000000108, -2.841605899999934 ], [ 121.670080800000051, -2.841364 ], [ 121.670202400000107, -2.841153399999939 ], [ 121.67028270000003, -2.841014499999972 ], [ 121.670392600000014, -2.840824199999929 ], [ 121.670515500000079, -2.840611599999932 ], [ 121.670636200000104, -2.84040269999997 ], [ 121.670743400000106, -2.840217 ], [ 121.670826600000055, -2.840073099999927 ], [ 121.670896400000061, -2.839952399999959 ], [ 121.671007100000111, -2.839760699999943 ], [ 121.671090900000081, -2.839646199999947 ], [ 121.671242500000062, -2.839438899999948 ], [ 121.6712635, -2.83941029999994 ], [ 121.671330800000078, -2.839318299999945 ], [ 121.671392800000035, -2.839233599999943 ], [ 121.671503500000085, -2.83908219999995 ], [ 121.671621500000015, -2.838921 ], [ 121.671768200000088, -2.838720499999965 ], [ 121.671889400000055, -2.83855479999994 ], [ 121.6719839000001, -2.838425599999937 ], [ 121.672111400000063, -2.838251399999933 ], [ 121.672214500000109, -2.838110499999971 ], [ 121.672329600000012, -2.837953099999936 ], [ 121.672368400000096, -2.837765799999943 ], [ 121.6724296000001, -2.837469599999963 ], [ 121.672504900000035, -2.837383299999942 ], [ 121.6727135000001, -2.837144699999953 ], [ 121.672905, -2.836925599999972 ], [ 121.673080900000059, -2.836724299999958 ], [ 121.67328150000003, -2.836494799999969 ], [ 121.6735337, -2.836206199999936 ], [ 121.673710200000073, -2.836004299999956 ], [ 121.673839500000099, -2.835856399999955 ], [ 121.67398860000003, -2.835685699999942 ], [ 121.674051400000053, -2.835587199999964 ], [ 121.67413010000007, -2.835463499999946 ], [ 121.674335600000063, -2.835140899999942 ], [ 121.674445200000036, -2.834968799999956 ], [ 121.674647, -2.834652 ], [ 121.674774600000092, -2.834451599999966 ], [ 121.674907600000097, -2.834242899999936 ], [ 121.675071700000103, -2.833985199999972 ], [ 121.675298200000043, -2.833629599999938 ], [ 121.675552500000094, -2.833230299999968 ], [ 121.675695400000109, -2.833005899999932 ], [ 121.675885400000084, -2.832707599999935 ], [ 121.676060300000017, -2.832433 ], [ 121.676184600000056, -2.832237799999973 ], [ 121.676305200000115, -2.832048499999928 ], [ 121.676384, -2.831924699999945 ], [ 121.676412300000038, -2.831880399999932 ], [ 121.676506400000108, -2.831732599999953 ], [ 121.676645200000053, -2.831514599999934 ], [ 121.676727600000049, -2.831385299999965 ], [ 121.676816600000052, -2.831245599999932 ], [ 121.676901300000054, -2.831112599999926 ], [ 121.677002300000026, -2.830954 ], [ 121.67713480000009, -2.830745899999954 ], [ 121.677221700000018, -2.830609599999946 ], [ 121.677315400000111, -2.830462399999931 ], [ 121.677405800000088, -2.830320499999971 ], [ 121.677513700000077, -2.830151199999932 ], [ 121.677590900000041, -2.830029899999943 ], [ 121.677707400000031, -2.829847 ], [ 121.677785800000038, -2.829723899999976 ], [ 121.67783970000005, -2.829639199999974 ], [ 121.677897800000096, -2.829548099999954 ], [ 121.67798520000008, -2.829410799999948 ], [ 121.678055300000096, -2.829300799999942 ], [ 121.67811, -2.829232699999977 ], [ 121.678241800000023, -2.829068899999925 ], [ 121.67836520000003, -2.828915499999937 ], [ 121.678515700000048, -2.828728499999954 ], [ 121.678689100000042, -2.828513 ], [ 121.678796200000079, -2.828379799999936 ], [ 121.67883960000006, -2.828326 ], [ 121.678906200000029, -2.828243099999952 ], [ 121.6789817, -2.82814929999995 ], [ 121.679054300000075, -2.828059099999962 ], [ 121.679236400000036, -2.827832699999931 ], [ 121.679356200000029, -2.827683699999966 ], [ 121.679412500000012, -2.827613799999938 ], [ 121.679442600000016, -2.827576399999941 ], [ 121.679544800000031, -2.827610499999935 ], [ 121.67962220000004, -2.827512199999944 ], [ 121.679750100000092, -2.827349599999934 ], [ 121.679867, -2.827201099999968 ], [ 121.679957800000011, -2.827085799999963 ], [ 121.680035500000031, -2.826987 ], [ 121.680173, -2.826812299999972 ], [ 121.680238500000087, -2.826729 ], [ 121.68047880000006, -2.826423699999964 ], [ 121.680764900000099, -2.82606009999995 ], [ 121.681095700000014, -2.825639899999942 ], [ 121.681362600000057, -2.825300599999935 ], [ 121.681407, -2.825244199999929 ], [ 121.68145770000001, -2.825179799999944 ], [ 121.68149290000008, -2.825135199999977 ], [ 121.681505300000026, -2.825121399999944 ], [ 121.68155820000004, -2.825062599999967 ], [ 121.681608500000038, -2.82500669999996 ], [ 121.681620800000019, -2.824993 ], [ 121.681646800000067, -2.824964099999931 ], [ 121.681675200000086, -2.824932599999954 ], [ 121.681691800000067, -2.824914199999967 ], [ 121.681704200000013, -2.824900399999933 ], [ 121.68172340000001, -2.824879 ], [ 121.681840400000056, -2.824749 ], [ 121.681887300000085, -2.824696899999935 ], [ 121.681959400000096, -2.824616799999944 ], [ 121.682125, -2.824465 ], [ 121.682235500000047, -2.824363699999935 ], [ 121.682362500000067, -2.824247399999933 ], [ 121.682514200000014, -2.824108299999978 ], [ 121.68264350000004, -2.823989799999936 ], [ 121.682782100000054, -2.823862799999972 ], [ 121.6828868, -2.82376679999993 ], [ 121.682961600000112, -2.823698199999967 ], [ 121.683129100000087, -2.823544799999979 ], [ 121.683240500000011, -2.82344269999993 ], [ 121.683408400000076, -2.823288799999943 ], [ 121.683576700000117, -2.823134499999981 ], [ 121.683759500000065, -2.822967 ], [ 121.683902300000113, -2.822836099999961 ], [ 121.68407650000006, -2.822676499999943 ], [ 121.684188300000073, -2.822574 ], [ 121.684311, -2.82246159999994 ], [ 121.684409900000105, -2.822370899999953 ], [ 121.684518400000115, -2.822271399999977 ], [ 121.684686600000077, -2.822127299999977 ], [ 121.684793900000045, -2.822035299999925 ], [ 121.684943700000076, -2.821906899999931 ], [ 121.685030700000084, -2.821832399999948 ], [ 121.68514980000009, -2.821730199999934 ], [ 121.68526380000003, -2.821632499999964 ], [ 121.685401800000022, -2.821514199999967 ], [ 121.685493900000097, -2.821435299999962 ], [ 121.685570300000109, -2.821369799999957 ], [ 121.685744500000055, -2.82123919999998 ], [ 121.685846500000025, -2.821162699999945 ], [ 121.685892800000033, -2.821127899999965 ], [ 121.685953900000072, -2.821082099999956 ], [ 121.686058800000069, -2.821003399999938 ], [ 121.686220200000093, -2.820882399999959 ], [ 121.686262700000043, -2.820850499999949 ], [ 121.686362600000052, -2.820775599999934 ], [ 121.686507300000017, -2.82066709999998 ], [ 121.68662, -2.820582599999966 ], [ 121.6867631, -2.820475199999976 ], [ 121.686917700000095, -2.82035929999995 ], [ 121.686939, -2.820343299999934 ], [ 121.686975900000107, -2.820315599999958 ], [ 121.687004500000057, -2.820294099999956 ], [ 121.687004600000023, -2.820294099999956 ], [ 121.687027700000044, -2.820281399999942 ], [ 121.687069800000017, -2.820258299999978 ], [ 121.687102100000061, -2.820240499999954 ], [ 121.687125100000117, -2.820227899999963 ], [ 121.687133800000083, -2.820223099999964 ], [ 121.687152, -2.820213099999933 ], [ 121.6871959, -2.820189 ], [ 121.687382800000023, -2.820086299999957 ], [ 121.68776610000009, -2.819875599999932 ], [ 121.688206100000116, -2.819633799999963 ], [ 121.688466900000094, -2.819490599999938 ], [ 121.688679900000011, -2.819373499999926 ], [ 121.688840700000014, -2.819285099999945 ], [ 121.688937200000055, -2.819232099999965 ], [ 121.689079900000024, -2.819153699999958 ], [ 121.68931160000011, -2.819026399999927 ], [ 121.689551400000028, -2.818894599999965 ], [ 121.6895723, -2.818883099999937 ], [ 121.689694800000098, -2.818815799999925 ], [ 121.68983860000003, -2.818736799999954 ], [ 121.689892100000066, -2.818707399999937 ], [ 121.68991840000001, -2.818692899999974 ], [ 121.689985200000024, -2.818656199999964 ], [ 121.690381000000116, -2.818438799999967 ], [ 121.69090170000004, -2.818121099999928 ], [ 121.691749800000025, -2.81760369999995 ], [ 121.692548800000054, -2.817116399999975 ], [ 121.693073300000037, -2.81679639999993 ], [ 121.693495300000109, -2.816539 ], [ 121.69426390000001, -2.81617069999993 ], [ 121.694909, -2.815861599999948 ], [ 121.6954531, -2.815600899999936 ], [ 121.696323, -2.815184099999954 ], [ 121.696609100000046, -2.815047 ], [ 121.697161300000062, -2.814768399999934 ], [ 121.697161400000027, -2.814768399999934 ], [ 121.697663200000079, -2.81451519999996 ], [ 121.698370200000113, -2.814158499999962 ], [ 121.698423600000069, -2.814131599999939 ], [ 121.698571900000047, -2.814183499999956 ], [ 121.698745700000018, -2.81424439999995 ], [ 121.698973600000045, -2.814324299999953 ], [ 121.699039600000106, -2.814318 ], [ 121.699189200000092, -2.81430389999997 ], [ 121.699295500000062, -2.814293899999939 ], [ 121.699401200000011, -2.814284 ], [ 121.699513300000035, -2.814273399999934 ], [ 121.699642500000095, -2.814261199999976 ], [ 121.699751900000024, -2.814250899999934 ], [ 121.699827500000083, -2.814243799999929 ], [ 121.699852300000089, -2.814242799999931 ], [ 121.699983400000065, -2.814237699999978 ], [ 121.700135800000112, -2.814231699999937 ], [ 121.700304800000026, -2.814225 ], [ 121.700435600000105, -2.814219899999955 ], [ 121.700543800000105, -2.814215699999977 ], [ 121.700599900000043, -2.814213499999937 ], [ 121.700627200000099, -2.814212399999974 ], [ 121.701349400000026, -2.814184099999977 ], [ 121.701803200000086, -2.814166299999954 ], [ 121.702678300000116, -2.814132 ], [ 121.7027577, -2.814128899999957 ], [ 121.702857600000016, -2.814124899999968 ], [ 121.702943800000071, -2.814165 ], [ 121.703019800000106, -2.814200199999959 ], [ 121.703090100000054, -2.814232899999979 ], [ 121.703146200000106, -2.814259 ], [ 121.704002800000012, -2.814656699999944 ], [ 121.704866100000118, -2.815057399999944 ], [ 121.705784900000026, -2.815650299999959 ], [ 121.705987, -2.815802899999937 ], [ 121.705992900000069, -2.81580729999996 ], [ 121.705994600000054, -2.815808599999968 ], [ 121.706369100000074, -2.81609149999997 ], [ 121.706573, -2.81624549999998 ], [ 121.706620900000075, -2.816281599999968 ], [ 121.707119100000114, -2.816616199999942 ], [ 121.707837800000107, -2.817098699999974 ], [ 121.708061600000065, -2.817248899999925 ], [ 121.708360800000037, -2.817449799999963 ], [ 121.708597900000086, -2.817609 ], [ 121.708789100000104, -2.817737399999942 ], [ 121.709004400000026, -2.817881899999975 ], [ 121.709022800000071, -2.817894299999978 ], [ 121.709043100000031, -2.817907899999966 ], [ 121.709046, -2.817909899999961 ], [ 121.709054700000024, -2.817915699999958 ], [ 121.709057100000109, -2.817916 ], [ 121.709060600000043, -2.817916299999979 ], [ 121.709062600000038, -2.817916499999967 ], [ 121.709063900000046, -2.817916599999933 ], [ 121.709065100000089, -2.817916799999978 ], [ 121.709073200000034, -2.81791759999993 ], [ 121.709087300000078, -2.817919 ], [ 121.709099900000069, -2.817920299999969 ], [ 121.7091147000001, -2.817921799999965 ], [ 121.7091239, -2.81792269999994 ], [ 121.709145600000056, -2.81792489999998 ], [ 121.709207300000116, -2.817967899999928 ], [ 121.709306100000049, -2.818036799999959 ], [ 121.709383600000024, -2.818090799999936 ], [ 121.709428500000058, -2.818122099999925 ], [ 121.709456900000077, -2.818141899999944 ], [ 121.709593, -2.818137399999955 ], [ 121.710409600000048, -2.818110099999956 ], [ 121.710676300000046, -2.818101299999967 ], [ 121.710951400000113, -2.818092099999944 ], [ 121.711193900000012, -2.818084 ], [ 121.71142210000005, -2.818076399999939 ], [ 121.711608800000022, -2.818070199999966 ], [ 121.711761, -2.818013299999961 ], [ 121.711823800000047, -2.817989799999964 ], [ 121.711860900000033, -2.817976 ], [ 121.7118752, -2.817970599999967 ], [ 121.71188230000007, -2.817967899999928 ], [ 121.711892900000066, -2.817964 ], [ 121.711903200000052, -2.817960199999959 ], [ 121.711912400000074, -2.817956699999968 ], [ 121.711920300000088, -2.817953799999941 ], [ 121.711927700000047, -2.817951 ], [ 121.711932900000079, -2.817949099999964 ], [ 121.711936500000093, -2.817947699999934 ], [ 121.71193930000004, -2.817946599999971 ], [ 121.711944800000083, -2.817944599999976 ], [ 121.711949200000049, -2.817942899999935 ], [ 121.71198, -2.817931399999964 ], [ 121.712008100000048, -2.817920899999933 ], [ 121.712013400000046, -2.817920499999957 ], [ 121.712022200000092, -2.81791979999997 ], [ 121.712027700000021, -2.817919299999971 ], [ 121.712031600000046, -2.817919 ], [ 121.712034, -2.817918099999929 ], [ 121.712060800000017, -2.817908 ], [ 121.712109600000076, -2.817889699999967 ], [ 121.712145400000054, -2.817876299999966 ], [ 121.712206100000117, -2.817853499999956 ], [ 121.712258600000041, -2.81783379999996 ], [ 121.712294300000053, -2.817820299999937 ], [ 121.7123477, -2.817800299999931 ], [ 121.712371600000097, -2.817791299999953 ], [ 121.7123851, -2.817786199999944 ], [ 121.713394600000015, -2.817407199999934 ], [ 121.71421220000002, -2.81710019999997 ], [ 121.714863, -2.816855799999928 ], [ 121.715022, -2.816796099999976 ], [ 121.715166400000044, -2.816741899999954 ], [ 121.715236700000105, -2.81671549999993 ], [ 121.715280500000063, -2.816699 ], [ 121.71534470000006, -2.816655399999945 ], [ 121.715406600000051, -2.816613299999972 ], [ 121.715450900000064, -2.816585099999941 ], [ 121.715925500000026, -2.816282899999976 ], [ 121.716346, -2.816015299999947 ], [ 121.716488300000037, -2.81592459999996 ], [ 121.716809, -2.815720399999975 ], [ 121.717447400000083, -2.815313899999978 ], [ 121.717766500000039, -2.815110799999957 ], [ 121.717840600000045, -2.815063599999974 ], [ 121.717933, -2.81500479999994 ], [ 121.718066800000088, -2.814919599999939 ], [ 121.718194600000061, -2.81483819999994 ], [ 121.71830250000005, -2.814769499999954 ], [ 121.718419900000072, -2.814694799999927 ], [ 121.718507900000077, -2.814638699999932 ], [ 121.71876270000007, -2.814476499999955 ], [ 121.719013500000074, -2.814316899999938 ], [ 121.7192923, -2.814139299999965 ], [ 121.719427500000052, -2.814053199999933 ], [ 121.719619900000112, -2.813764599999956 ], [ 121.719891700000062, -2.813357 ], [ 121.720188100000087, -2.812912399999959 ], [ 121.720380200000022, -2.812624299999925 ], [ 121.720503200000053, -2.812439799999936 ], [ 121.720704700000056, -2.812137499999949 ], [ 121.720844100000022, -2.811928399999942 ], [ 121.720981100000017, -2.811722799999927 ], [ 121.7213762, -2.81113019999998 ], [ 121.72191840000005, -2.810317 ], [ 121.721954200000027, -2.810263199999952 ], [ 121.7221009000001, -2.810048299999949 ], [ 121.722582700000089, -2.809342399999935 ], [ 121.723269200000118, -2.808336699999927 ], [ 121.723622100000057, -2.807819699999925 ], [ 121.723679600000082, -2.807735399999956 ], [ 121.723708400000078, -2.80762029999994 ], [ 121.723767600000087, -2.807383799999968 ], [ 121.723846200000025, -2.807069299999966 ], [ 121.723972200000048, -2.806565 ], [ 121.724071900000013, -2.806166399999938 ], [ 121.724174400000038, -2.80575609999994 ], [ 121.72422460000007, -2.805555399999946 ], [ 121.724251300000105, -2.805448499999954 ], [ 121.724264200000107, -2.805396899999948 ], [ 121.724294300000111, -2.805276499999934 ], [ 121.724312, -2.805205699999931 ], [ 121.724333700000102, -2.805118799999946 ], [ 121.724350100000038, -2.805053399999963 ], [ 121.724359100000015, -2.805017199999952 ], [ 121.724356600000078, -2.804926899999941 ], [ 121.724354, -2.804835899999944 ], [ 121.724351700000057, -2.804752299999961 ], [ 121.724349400000051, -2.80467219999997 ], [ 121.724346700000069, -2.804577399999971 ], [ 121.724344700000074, -2.804505 ], [ 121.724342500000034, -2.804424899999958 ], [ 121.724339800000052, -2.804329899999971 ], [ 121.724336100000073, -2.804200199999968 ], [ 121.724333800000068, -2.804116499999964 ], [ 121.724331, -2.804017899999963 ], [ 121.724328600000035, -2.803934099999935 ], [ 121.724325800000088, -2.803835399999969 ], [ 121.724323800000093, -2.803762799999959 ], [ 121.724321300000042, -2.803675 ], [ 121.724318800000106, -2.803587499999935 ], [ 121.724315300000058, -2.803461499999969 ], [ 121.724312600000076, -2.803366499999925 ], [ 121.724310700000046, -2.803297599999951 ], [ 121.724308300000075, -2.80321379999998 ], [ 121.724305300000083, -2.803107 ], [ 121.724302, -2.802989499999967 ], [ 121.7242999, -2.802917 ], [ 121.724297500000034, -2.80282909999994 ], [ 121.724295300000108, -2.802753399999972 ], [ 121.724293300000113, -2.802681399999926 ], [ 121.724290600000018, -2.802587 ], [ 121.724287600000025, -2.80248 ], [ 121.72428570000011, -2.802412 ], [ 121.72428380000008, -2.80234489999998 ], [ 121.724281200000064, -2.802253499999949 ], [ 121.724278500000082, -2.802157899999941 ], [ 121.724276, -2.802065899999945 ], [ 121.724272600000063, -2.801948399999958 ], [ 121.724270500000102, -2.801872199999934 ], [ 121.724267900000086, -2.801781199999937 ], [ 121.724264900000094, -2.801674399999968 ], [ 121.724263200000109, -2.801613499999974 ], [ 121.72426130000008, -2.801545099999942 ], [ 121.724257700000067, -2.801418399999932 ], [ 121.724255900000117, -2.801355 ], [ 121.724252200000024, -2.801222199999927 ], [ 121.724250200000029, -2.801153 ], [ 121.724248500000044, -2.801091699999972 ], [ 121.724245900000028, -2.801000399999964 ], [ 121.724243900000033, -2.800927499999943 ], [ 121.724241500000062, -2.800844499999926 ], [ 121.724239600000033, -2.800775899999962 ], [ 121.724237200000061, -2.800691899999947 ], [ 121.724235100000101, -2.800616099999957 ], [ 121.724233100000106, -2.800547499999936 ], [ 121.724231500000087, -2.800490399999944 ], [ 121.724228800000105, -2.80039469999997 ], [ 121.724225300000057, -2.800338599999975 ], [ 121.724220600000081, -2.800262499999974 ], [ 121.724216700000056, -2.800200399999937 ], [ 121.724209900000119, -2.80009089999993 ], [ 121.72420390000002, -2.799995399999943 ], [ 121.724198700000102, -2.799911899999927 ], [ 121.7241917, -2.799799399999927 ], [ 121.724185700000021, -2.799704599999927 ], [ 121.724181600000065, -2.79963749999996 ], [ 121.724176500000112, -2.79955689999997 ], [ 121.724172, -2.799484099999972 ], [ 121.724166700000069, -2.79939909999996 ], [ 121.724157300000115, -2.799249599999939 ], [ 121.724150500000064, -2.799140299999976 ], [ 121.724145500000077, -2.799059499999942 ], [ 121.724135, -2.798891899999944 ], [ 121.72413030000007, -2.798816299999942 ], [ 121.724124400000051, -2.798722199999929 ], [ 121.724116700000081, -2.798599199999956 ], [ 121.724110900000028, -2.798506 ], [ 121.724108400000091, -2.798465299999975 ], [ 121.724101800000085, -2.798360299999956 ], [ 121.7240964, -2.798273299999948 ], [ 121.7240878, -2.798135799999955 ], [ 121.724081800000022, -2.798040799999967 ], [ 121.724074500000029, -2.797922699999958 ], [ 121.724067600000012, -2.797812 ], [ 121.724059900000043, -2.79769 ], [ 121.724052400000119, -2.797569799999962 ], [ 121.724043200000096, -2.797422599999948 ], [ 121.724037300000077, -2.797327299999949 ], [ 121.724031200000013, -2.797229699999946 ], [ 121.724024, -2.797114699999952 ], [ 121.724016800000072, -2.79699979999998 ], [ 121.724011200000064, -2.796909 ], [ 121.72400360000006, -2.796787199999926 ], [ 121.723999100000015, -2.796715099999972 ], [ 121.723994800000014, -2.796647499999949 ], [ 121.723991, -2.79658569999998 ], [ 121.723985, -2.796490199999937 ], [ 121.72397710000007, -2.796364199999971 ], [ 121.723952200000099, -2.795964799999979 ], [ 121.723935600000118, -2.79569859999998 ], [ 121.723923300000024, -2.795502599999963 ], [ 121.723911700000031, -2.795316299999968 ], [ 121.72389510000005, -2.795050599999968 ], [ 121.723876700000119, -2.794755699999939 ], [ 121.723867500000097, -2.794607799999937 ], [ 121.723857900000098, -2.794455199999959 ], [ 121.723847800000044, -2.794292399999961 ], [ 121.723844900000017, -2.79424709999995 ], [ 121.723839500000054, -2.794159599999944 ], [ 121.723834200000056, -2.794075 ], [ 121.72382980000009, -2.794004599999937 ], [ 121.723818700000038, -2.793901299999959 ], [ 121.723809900000106, -2.793819299999939 ], [ 121.7238, -2.793726899999967 ], [ 121.723792800000069, -2.793659599999955 ], [ 121.723781700000018, -2.793555599999934 ], [ 121.723775200000091, -2.793495099999973 ], [ 121.723764700000061, -2.793397199999959 ], [ 121.723750000000109, -2.793259699999965 ], [ 121.723739100000103, -2.793158199999937 ], [ 121.723728200000096, -2.793056599999943 ], [ 121.7237182, -2.792963 ], [ 121.723705700000096, -2.79284679999995 ], [ 121.723696400000108, -2.792759799999942 ], [ 121.723684100000014, -2.792644799999948 ], [ 121.723675100000037, -2.792561199999966 ], [ 121.723664, -2.792457599999977 ], [ 121.723654800000077, -2.792372 ], [ 121.723645100000113, -2.792281599999967 ], [ 121.723633300000074, -2.79217129999995 ], [ 121.723621500000036, -2.792060899999967 ], [ 121.723610200000053, -2.791955499999972 ], [ 121.723595800000112, -2.791821199999958 ], [ 121.723584, -2.791711 ], [ 121.72357240000008, -2.791603 ], [ 121.723561400000108, -2.791500299999939 ], [ 121.723550200000091, -2.791395399999942 ], [ 121.723537300000089, -2.791275299999938 ], [ 121.723526300000117, -2.791172899999935 ], [ 121.723515800000087, -2.791075 ], [ 121.723506600000064, -2.790988599999935 ], [ 121.7234969000001, -2.790898 ], [ 121.723486200000025, -2.790798399999971 ], [ 121.723473300000023, -2.790678499999956 ], [ 121.723462800000107, -2.790580599999942 ], [ 121.723457400000029, -2.790529399999969 ], [ 121.723444300000097, -2.790407799999969 ], [ 121.723428800000079, -2.790262699999971 ], [ 121.723420300000043, -2.790183299999967 ], [ 121.723409100000026, -2.790078799999947 ], [ 121.723396800000046, -2.789964299999951 ], [ 121.723383500000068, -2.789840099999935 ], [ 121.723371600000064, -2.789728799999978 ], [ 121.723359600000094, -2.789616799999976 ], [ 121.723348900000019, -2.789517299999943 ], [ 121.723336200000062, -2.789398499999947 ], [ 121.723325100000011, -2.789295399999958 ], [ 121.723312300000089, -2.789175899999975 ], [ 121.723301000000106, -2.78907049999998 ], [ 121.723290300000031, -2.788971 ], [ 121.723278700000037, -2.788862299999948 ], [ 121.723269300000084, -2.788774899999964 ], [ 121.72325950000004, -2.788682899999969 ], [ 121.723248, -2.788576299999932 ], [ 121.723237400000016, -2.788476899999978 ], [ 121.723227700000052, -2.788386499999945 ], [ 121.723217800000043, -2.788293799999963 ], [ 121.723212200000034, -2.788241899999946 ], [ 121.72320470000011, -2.78817209999994 ], [ 121.723197, -2.788099799999941 ], [ 121.7231911, -2.788045099999977 ], [ 121.723184800000013, -2.787986399999966 ], [ 121.7231819000001, -2.787959499999943 ], [ 121.723171300000104, -2.787860699999953 ], [ 121.723159200000055, -2.787747699999954 ], [ 121.723150900000064, -2.787669599999958 ], [ 121.723138100000028, -2.78755069999994 ], [ 121.723126400000069, -2.787441699999931 ], [ 121.723113500000068, -2.787320799999975 ], [ 121.723100800000111, -2.787202499999978 ], [ 121.723089400000049, -2.787096299999973 ], [ 121.723076500000047, -2.786975899999959 ], [ 121.723062500000083, -2.786844699999961 ], [ 121.723050100000023, -2.786729799999932 ], [ 121.723039700000072, -2.786632699999927 ], [ 121.723024200000054, -2.786487499999964 ], [ 121.723012800000106, -2.786380899999926 ], [ 121.7230025, -2.786285 ], [ 121.722990400000072, -2.786172399999941 ], [ 121.722976900000049, -2.78604619999993 ], [ 121.722958700000049, -2.785877 ], [ 121.7229489, -2.785785399999952 ], [ 121.722937500000057, -2.785678799999971 ], [ 121.722927900000059, -2.785588799999971 ], [ 121.722919400000023, -2.785480699999937 ], [ 121.722911700000054, -2.785381099999938 ], [ 121.722903300000098, -2.785274 ], [ 121.722892000000115, -2.785129 ], [ 121.722884400000112, -2.785031199999935 ], [ 121.722877800000106, -2.784946799999943 ], [ 121.722870400000033, -2.784851 ], [ 121.722865400000046, -2.784787699999924 ], [ 121.722861100000046, -2.784732499999961 ], [ 121.722858400000064, -2.784697199999925 ], [ 121.722855200000026, -2.784656199999972 ], [ 121.722851500000047, -2.784608699999978 ], [ 121.722839500000077, -2.784455 ], [ 121.722834300000045, -2.784388 ], [ 121.722829100000013, -2.784321099999943 ], [ 121.722823200000107, -2.784246 ], [ 121.722817900000109, -2.784177199999931 ], [ 121.722811600000114, -2.784097199999962 ], [ 121.722804900000028, -2.784011 ], [ 121.722799200000054, -2.783938 ], [ 121.722797100000093, -2.783911499999931 ], [ 121.722790600000053, -2.783827899999949 ], [ 121.722786900000074, -2.783780199999967 ], [ 121.722780200000102, -2.783694299999979 ], [ 121.722772300000088, -2.783592699999929 ], [ 121.722766700000079, -2.783520199999941 ], [ 121.722760000000108, -2.783435199999928 ], [ 121.722757000000115, -2.783396799999935 ], [ 121.722753900000043, -2.783356 ], [ 121.722748700000011, -2.783289599999932 ], [ 121.722741, -2.783191 ], [ 121.722734800000012, -2.783111499999961 ], [ 121.722725400000058, -2.782991299999935 ], [ 121.722718100000066, -2.782897199999979 ], [ 121.722715700000094, -2.782865799999968 ], [ 121.722709400000099, -2.782786099999953 ], [ 121.722702200000072, -2.782692599999962 ], [ 121.722694500000102, -2.782593899999938 ], [ 121.722688900000094, -2.782522299999926 ], [ 121.722681700000066, -2.782429699999966 ], [ 121.722676200000024, -2.78235959999995 ], [ 121.722667300000012, -2.782245499999931 ], [ 121.722662, -2.782177399999966 ], [ 121.722666900000036, -2.78205719999994 ], [ 121.722670300000118, -2.781973499999935 ], [ 121.722674, -2.781882499999938 ], [ 121.722677, -2.781810299999961 ], [ 121.722679400000061, -2.781749399999967 ], [ 121.7226822, -2.781681 ], [ 121.722685700000056, -2.781594499999926 ], [ 121.722691, -2.781465099999934 ], [ 121.722697, -2.781317399999978 ], [ 121.722702300000037, -2.781188099999952 ], [ 121.722706100000096, -2.781093599999963 ], [ 121.722710700000107, -2.780982299999948 ], [ 121.722714700000097, -2.780882499999962 ], [ 121.722718400000076, -2.780791799999975 ], [ 121.722721400000069, -2.780719499999975 ], [ 121.722724600000106, -2.780639699999938 ], [ 121.722726600000101, -2.78058969999995 ], [ 121.722729100000038, -2.78052839999998 ], [ 121.7227315, -2.780470599999944 ], [ 121.722737, -2.780335399999956 ], [ 121.722740700000031, -2.780244 ], [ 121.72274630000004, -2.780106799999942 ], [ 121.722748900000056, -2.780041799999935 ], [ 121.722752700000115, -2.779950199999973 ], [ 121.722755900000038, -2.779870099999926 ], [ 121.72275860000002, -2.779804599999977 ], [ 121.7227630000001, -2.779697799999951 ], [ 121.722765400000071, -2.779637 ], [ 121.722768400000064, -2.779565 ], [ 121.722771, -2.779501 ], [ 121.722775, -2.779401699999937 ], [ 121.722777700000051, -2.779336599999965 ], [ 121.72278110000002, -2.779252 ], [ 121.722786300000053, -2.779123399999946 ], [ 121.722790800000098, -2.779012699999953 ], [ 121.722794400000112, -2.778925 ], [ 121.722798100000091, -2.778834099999926 ], [ 121.722799900000041, -2.778791099999978 ], [ 121.7228, -2.778672299999926 ], [ 121.722800200000052, -2.77850849999993 ], [ 121.722800300000017, -2.778413399999977 ], [ 121.722800400000096, -2.778310599999941 ], [ 121.722800500000062, -2.778207799999961 ], [ 121.722800600000028, -2.778105 ], [ 121.722800700000107, -2.778002199999946 ], [ 121.722800800000073, -2.777910799999972 ], [ 121.722800900000038, -2.777811799999938 ], [ 121.722801000000118, -2.777701499999978 ], [ 121.722801100000083, -2.777621499999952 ], [ 121.722801200000049, -2.777537699999925 ], [ 121.722801300000015, -2.777423499999941 ], [ 121.722801400000094, -2.777343599999938 ], [ 121.72280150000006, -2.777271199999973 ], [ 121.722801600000025, -2.77719129999997 ], [ 121.722801700000105, -2.777084699999932 ], [ 121.72280180000007, -2.776951399999973 ], [ 121.722801900000036, -2.776863899999967 ], [ 121.722802000000115, -2.776761099999931 ], [ 121.722802100000081, -2.776681099999962 ], [ 121.722802200000046, -2.776601199999959 ], [ 121.722802300000012, -2.776532699999962 ], [ 121.722802400000091, -2.776414599999953 ], [ 121.722802500000057, -2.776323199999979 ], [ 121.722802600000023, -2.776239499999974 ], [ 121.722802700000102, -2.776121499999931 ], [ 121.722802800000068, -2.776072099999965 ], [ 121.722778100000028, -2.775972499999966 ], [ 121.722759400000086, -2.775896799999941 ], [ 121.722741700000029, -2.775825499999939 ], [ 121.722710700000107, -2.775700499999971 ], [ 121.72267880000004, -2.775571399999933 ], [ 121.722655500000087, -2.775477299999977 ], [ 121.722629300000108, -2.775371599999971 ], [ 121.72259530000008, -2.775234299999966 ], [ 121.722553800000014, -2.775066899999956 ], [ 121.722518300000047, -2.774923399999977 ], [ 121.722483400000101, -2.774782699999946 ], [ 121.72246030000008, -2.774689499999965 ], [ 121.722439, -2.774603399999933 ], [ 121.722421, -2.77453079999998 ], [ 121.72239860000002, -2.774440299999981 ], [ 121.722342100000105, -2.774335899999926 ], [ 121.722281300000077, -2.774223699999936 ], [ 121.722222700000088, -2.774115499999937 ], [ 121.722156500000096, -2.77399319999995 ], [ 121.722062700000038, -2.77382 ], [ 121.722009100000037, -2.773720899999944 ], [ 121.72194490000004, -2.773602299999936 ], [ 121.721877400000039, -2.773477799999966 ], [ 121.721850700000118, -2.773428399999943 ], [ 121.72182, -2.773371699999927 ], [ 121.721777300000099, -2.773292799999979 ], [ 121.721712800000091, -2.773173699999973 ], [ 121.7216552000001, -2.773067399999945 ], [ 121.721588400000087, -2.772944 ], [ 121.721578300000033, -2.77285749999993 ], [ 121.721568100000013, -2.772769299999936 ], [ 121.721552700000075, -2.772636099999943 ], [ 121.721539600000028, -2.772523699999965 ], [ 121.721521500000108, -2.772367499999973 ], [ 121.72150750000003, -2.772247299999947 ], [ 121.721488500000078, -2.772083099999975 ], [ 121.721465700000067, -2.77188689999997 ], [ 121.721443200000067, -2.77169269999996 ], [ 121.721425400000044, -2.771539399999938 ], [ 121.721402600000033, -2.771342299999958 ], [ 121.721381100000031, -2.771157399999936 ], [ 121.721361100000081, -2.770984799999951 ], [ 121.72134410000001, -2.770838599999934 ], [ 121.721328200000016, -2.770700899999952 ], [ 121.721320200000036, -2.770632499999977 ], [ 121.721344800000111, -2.770515699999976 ], [ 121.721369700000082, -2.770397699999933 ], [ 121.72138730000006, -2.770314199999973 ], [ 121.721397300000035, -2.770266599999957 ], [ 121.721423100000038, -2.770144199999947 ], [ 121.721445900000049, -2.770036 ], [ 121.721459300000106, -2.769972499999938 ], [ 121.721475300000066, -2.769896499999959 ], [ 121.721500200000037, -2.769777899999951 ], [ 121.721537900000044, -2.769599299999925 ], [ 121.721567300000061, -2.76945939999996 ], [ 121.721591900000021, -2.769342599999959 ], [ 121.721621, -2.769204399999978 ], [ 121.721657300000061, -2.76903249999998 ], [ 121.721688700000072, -2.768883399999936 ], [ 121.721715900000049, -2.768754099999967 ], [ 121.721740300000079, -2.768638399999929 ], [ 121.721755700000017, -2.768565099999932 ], [ 121.721763300000021, -2.768529299999955 ], [ 121.721789500000114, -2.768404499999974 ], [ 121.721805700000118, -2.768327799999952 ], [ 121.721822800000041, -2.768246799999929 ], [ 121.721835300000066, -2.768187499999954 ], [ 121.721848800000089, -2.768123099999968 ], [ 121.721864200000027, -2.76805 ], [ 121.72190640000008, -2.767996499999924 ], [ 121.721990100000085, -2.767890199999954 ], [ 121.722081200000048, -2.767774499999973 ], [ 121.722144400000047, -2.767694199999937 ], [ 121.722197300000062, -2.767627 ], [ 121.7222418, -2.767570599999942 ], [ 121.722286600000075, -2.767513599999972 ], [ 121.722361700000079, -2.767418299999974 ], [ 121.722432100000105, -2.767328899999939 ], [ 121.722516300000052, -2.767221899999925 ], [ 121.722590300000093, -2.767128 ], [ 121.722618600000033, -2.767092099999957 ], [ 121.722677700000077, -2.767017 ], [ 121.722752100000093, -2.76692259999993 ], [ 121.722813100000053, -2.766845099999955 ], [ 121.722853700000087, -2.766793599999971 ], [ 121.722908800000027, -2.766723499999955 ], [ 121.723087300000088, -2.766496899999936 ], [ 121.723221600000102, -2.766326399999969 ], [ 121.723274800000013, -2.766258799999946 ], [ 121.723319600000082, -2.766201899999942 ], [ 121.723356400000057, -2.766155099999935 ], [ 121.72341890000007, -2.766075799999953 ], [ 121.723485100000062, -2.765991699999972 ], [ 121.723589200000106, -2.765859499999976 ], [ 121.723696700000119, -2.765723099999946 ], [ 121.723767800000019, -2.765632699999969 ], [ 121.72384240000008, -2.765538 ], [ 121.723896600000103, -2.765469199999927 ], [ 121.724033700000064, -2.765396799999962 ], [ 121.724186900000063, -2.765316 ], [ 121.724334800000065, -2.765238 ], [ 121.724442900000099, -2.765181 ], [ 121.724510600000031, -2.765145299999972 ], [ 121.724671900000089, -2.765060199999937 ], [ 121.724768600000061, -2.765009199999952 ], [ 121.724837500000035, -2.764972899999975 ], [ 121.725006400000098, -2.76488379999995 ], [ 121.725043400000118, -2.764864299999942 ], [ 121.725157, -2.764804399999946 ], [ 121.725191000000109, -2.764786399999934 ], [ 121.725321300000019, -2.764717699999949 ], [ 121.725527700000043, -2.764608799999962 ], [ 121.72564100000011, -2.764549099999954 ], [ 121.725741500000026, -2.764496099999974 ], [ 121.725917600000116, -2.764403199999947 ], [ 121.726084600000036, -2.764315099999976 ], [ 121.726273200000037, -2.764215599999943 ], [ 121.726509800000031, -2.764090799999963 ], [ 121.726701500000104, -2.763989699999968 ], [ 121.7268563, -2.763908099999981 ], [ 121.727012500000114, -2.763825699999927 ], [ 121.727117, -2.76377059999993 ], [ 121.727268600000116, -2.763690599999961 ], [ 121.727492, -2.763572799999963 ], [ 121.727642700000047, -2.763493299999936 ], [ 121.727782100000013, -2.763419799999951 ], [ 121.727830700000027, -2.763394099999971 ], [ 121.727891500000055, -2.763362099999938 ], [ 121.727961100000016, -2.763325299999963 ], [ 121.728055600000062, -2.763275499999963 ], [ 121.728093100000024, -2.763255699999945 ], [ 121.728111100000092, -2.763246199999969 ], [ 121.728171400000065, -2.763214399999924 ], [ 121.728258500000038, -2.763168499999949 ], [ 121.72848040000008, -2.763051399999938 ], [ 121.728583700000058, -2.762996899999962 ], [ 121.728738200000066, -2.762915499999963 ], [ 121.728853300000083, -2.762854799999957 ], [ 121.728961800000093, -2.762797499999976 ], [ 121.729041200000097, -2.762755599999934 ], [ 121.729092100000116, -2.762728899999956 ], [ 121.729207, -2.762668399999939 ], [ 121.729403400000024, -2.762565099999961 ], [ 121.729572800000028, -2.76247589999997 ], [ 121.729627400000027, -2.76244719999994 ], [ 121.729736400000093, -2.762389799999937 ], [ 121.729868800000077, -2.762320199999976 ], [ 121.729983600000082, -2.762259799999924 ], [ 121.730117, -2.762189599999942 ], [ 121.73019330000011, -2.762149499999964 ], [ 121.730287400000066, -2.762099899999953 ], [ 121.730354900000066, -2.762064399999929 ], [ 121.730473400000051, -2.762002099999961 ], [ 121.730625600000053, -2.761922 ], [ 121.730804700000022, -2.761827799999935 ], [ 121.73088220000011, -2.761787 ], [ 121.731002800000056, -2.761723599999925 ], [ 121.731209900000067, -2.761614599999973 ], [ 121.731333900000095, -2.761549299999956 ], [ 121.731508900000108, -2.761457299999961 ], [ 121.731657700000028, -2.761379 ], [ 121.731820300000095, -2.761293399999943 ], [ 121.732023600000048, -2.761186499999951 ], [ 121.732120100000088, -2.761135699999954 ], [ 121.732223400000066, -2.761081299999944 ], [ 121.732342100000096, -2.761018899999954 ], [ 121.732519600000046, -2.760925499999928 ], [ 121.732692800000109, -2.760834399999965 ], [ 121.732815200000118, -2.76077 ], [ 121.732941400000072, -2.760703599999943 ], [ 121.733120700000086, -2.760609199999976 ], [ 121.733424500000069, -2.76044939999997 ], [ 121.733614400000079, -2.760349499999961 ], [ 121.733730500000092, -2.760288399999979 ], [ 121.733879900000034, -2.760209799999927 ], [ 121.734050600000046, -2.76012 ], [ 121.734159500000032, -2.760062699999935 ], [ 121.734276300000033, -2.760001199999977 ], [ 121.734456500000078, -2.759906399999977 ], [ 121.734542200000078, -2.759856599999978 ], [ 121.734715600000072, -2.759755799999937 ], [ 121.734879600000113, -2.759660499999939 ], [ 121.735015100000055, -2.759581699999956 ], [ 121.7352810000001, -2.759427099999925 ], [ 121.735409200000049, -2.759352599999943 ], [ 121.735672300000033, -2.759199599999931 ], [ 121.735941500000081, -2.759043099999928 ], [ 121.736228, -2.758876599999951 ], [ 121.736314100000072, -2.758826499999941 ], [ 121.73651, -2.758712599999967 ], [ 121.736645600000088, -2.758633799999927 ], [ 121.73676880000005, -2.758562199999972 ], [ 121.736935100000096, -2.758465499999943 ], [ 121.737151700000027, -2.758339599999942 ], [ 121.737362500000017, -2.758217 ], [ 121.737556200000085, -2.758104399999979 ], [ 121.737734400000022, -2.758000899999956 ], [ 121.737898300000097, -2.757905499999936 ], [ 121.738030600000116, -2.757828699999948 ], [ 121.738244300000019, -2.757704399999966 ], [ 121.738436700000079, -2.75759249999993 ], [ 121.738615800000048, -2.757488399999943 ], [ 121.738893400000052, -2.757327 ], [ 121.739044600000057, -2.757239199999958 ], [ 121.739215200000103, -2.75714 ], [ 121.739408, -2.757027899999969 ], [ 121.739631700000018, -2.756897899999956 ], [ 121.739786600000116, -2.756807799999933 ], [ 121.739998, -2.756684899999925 ], [ 121.740074400000026, -2.756640499999946 ], [ 121.740140100000076, -2.75660229999994 ], [ 121.74019050000004, -2.756573 ], [ 121.740312300000028, -2.756502099999977 ], [ 121.740401600000041, -2.756450199999961 ], [ 121.7404457, -2.756424599999946 ], [ 121.740500100000077, -2.756393 ], [ 121.740582600000039, -2.756345 ], [ 121.740611, -2.756328499999938 ], [ 121.740821400000073, -2.756206199999951 ], [ 121.741226100000063, -2.755970899999966 ], [ 121.741330900000094, -2.755504099999939 ], [ 121.741473300000052, -2.754869399999961 ], [ 121.741649, -2.754086199999961 ], [ 121.741755300000023, -2.753612799999928 ], [ 121.741858100000059, -2.753154599999959 ], [ 121.742038400000069, -2.752351099999942 ], [ 121.742165000000114, -2.751787099999945 ], [ 121.742276300000071, -2.751291 ], [ 121.742339600000037, -2.751009 ], [ 121.742441900000017, -2.750553199999956 ], [ 121.742550400000027, -2.750069599999961 ], [ 121.742719500000021, -2.749316 ], [ 121.743104600000038, -2.7488 ], [ 121.7435259, -2.748235699999952 ], [ 121.7438505, -2.747800799999936 ], [ 121.74416640000004, -2.747377699999959 ], [ 121.744513600000118, -2.746912599999973 ], [ 121.744691500000044, -2.746519099999944 ], [ 121.744855800000096, -2.746155699999974 ], [ 121.745119800000111, -2.745801599999936 ], [ 121.74551340000005, -2.745273599999962 ], [ 121.745826700000066, -2.744861199999946 ], [ 121.745891200000074, -2.744776199999933 ], [ 121.74608830000011, -2.744516899999951 ], [ 121.746302600000035, -2.744234799999958 ], [ 121.746388400000114, -2.744121899999925 ], [ 121.746608200000082, -2.743832599999962 ], [ 121.746795800000086, -2.743585799999948 ], [ 121.746861800000033, -2.743498899999963 ], [ 121.747063800000092, -2.743233 ], [ 121.747184, -2.743074799999931 ], [ 121.74754750000011, -2.742598699999974 ], [ 121.747807600000101, -2.742257799999948 ], [ 121.74802980000004, -2.741966799999943 ], [ 121.748107200000049, -2.741865399999938 ], [ 121.748274600000059, -2.741646099999969 ], [ 121.748441, -2.741428 ], [ 121.748654400000078, -2.741173299999957 ], [ 121.748825700000111, -2.740990499999953 ], [ 121.748923900000023, -2.740885699999978 ], [ 121.749127700000031, -2.740668299999925 ], [ 121.749206100000038, -2.740584699999943 ], [ 121.749377500000037, -2.740432799999951 ], [ 121.749706200000105, -2.740141599999959 ], [ 121.749809800000094, -2.740006299999948 ], [ 121.749962200000027, -2.73980709999995 ], [ 121.750260300000036, -2.739417899999978 ], [ 121.750418400000058, -2.739223299999935 ], [ 121.750698500000112, -2.738878399999976 ], [ 121.750836700000036, -2.738708299999928 ], [ 121.751011100000028, -2.73849359999997 ], [ 121.75111650000008, -2.738350599999933 ], [ 121.751276400000052, -2.738133599999969 ], [ 121.751440300000013, -2.737911099999963 ], [ 121.751591300000086, -2.737706199999934 ], [ 121.751735200000098, -2.737531199999978 ], [ 121.752008700000033, -2.737198599999942 ], [ 121.752302100000065, -2.736841799999979 ], [ 121.75236910000001, -2.73676039999998 ], [ 121.752434000000108, -2.736681499999975 ], [ 121.752543600000081, -2.736548299999924 ], [ 121.752717400000051, -2.736336899999969 ], [ 121.752793400000087, -2.736235299999976 ], [ 121.752842200000032, -2.73617 ], [ 121.752891400000067, -2.736104199999943 ], [ 121.752959800000099, -2.736012599999981 ], [ 121.753084500000114, -2.735845799999936 ], [ 121.753127, -2.735789099999977 ], [ 121.753150900000037, -2.735739 ], [ 121.75320540000007, -2.735625 ], [ 121.753235600000039, -2.735561899999936 ], [ 121.753268800000114, -2.735492299999976 ], [ 121.753319, -2.735387299999957 ], [ 121.753436800000031, -2.735140799999954 ], [ 121.753589300000044, -2.734953799999971 ], [ 121.753747200000021, -2.73476009999996 ], [ 121.753848800000014, -2.734635599999933 ], [ 121.753957, -2.734502899999939 ], [ 121.754114400000049, -2.734309899999971 ], [ 121.754137, -2.734134799999936 ], [ 121.754200500000024, -2.733834499999944 ], [ 121.75427, -2.733505199999968 ], [ 121.754344500000116, -2.733152399999938 ], [ 121.754427300000089, -2.732760499999927 ], [ 121.754488900000069, -2.73246869999997 ], [ 121.754559200000017, -2.73213579999998 ], [ 121.754580300000043, -2.732019299999934 ], [ 121.754596500000048, -2.73195329999993 ], [ 121.754646300000104, -2.731676499999935 ], [ 121.754717300000038, -2.731282399999941 ], [ 121.75476910000009, -2.73099469999994 ], [ 121.754781, -2.73092859999997 ], [ 121.754807, -2.730784399999948 ], [ 121.754839400000037, -2.730604299999925 ], [ 121.754894400000012, -2.730299299999956 ], [ 121.754905, -2.730240399999957 ], [ 121.754922900000111, -2.730121299999951 ], [ 121.754957800000057, -2.729888599999924 ], [ 121.754984100000115, -2.729713799999956 ], [ 121.755006800000046, -2.729562099999953 ], [ 121.755031900000063, -2.729395299999965 ], [ 121.755054400000063, -2.729245399999968 ], [ 121.755078300000037, -2.729086 ], [ 121.755112500000109, -2.72877479999994 ], [ 121.755134700000099, -2.728573099999949 ], [ 121.755157100000019, -2.728368899999964 ], [ 121.755175, -2.728205899999978 ], [ 121.755196900000101, -2.728006299999947 ], [ 121.755214300000034, -2.727848 ], [ 121.755232400000068, -2.727683399999933 ], [ 121.755252200000086, -2.727503299999967 ], [ 121.755266600000027, -2.727371599999969 ], [ 121.755277400000068, -2.727273399999945 ], [ 121.755305600000042, -2.727017199999977 ], [ 121.75531310000008, -2.726948299999947 ], [ 121.755329600000096, -2.726815099999953 ], [ 121.755357900000035, -2.726587199999926 ], [ 121.755379100000027, -2.726416099999938 ], [ 121.755387900000073, -2.726345399999957 ], [ 121.755387300000052, -2.726264799999967 ], [ 121.755384100000015, -2.725827099999947 ], [ 121.755381900000089, -2.725522599999977 ], [ 121.755380400000035, -2.72531319999996 ], [ 121.755378900000096, -2.725099 ], [ 121.755377400000043, -2.724884599999939 ], [ 121.755376400000046, -2.724746799999934 ], [ 121.755375200000117, -2.724580099999969 ], [ 121.7553742, -2.724442099999976 ], [ 121.75537230000009, -2.724180399999966 ], [ 121.755370900000116, -2.723989899999935 ], [ 121.75536980000004, -2.723828099999935 ], [ 121.755368400000066, -2.723637799999949 ], [ 121.75536790000001, -2.723566499999947 ], [ 121.755367300000103, -2.723485899999957 ], [ 121.755366600000116, -2.72338579999996 ], [ 121.755365, -2.72316189999998 ], [ 121.75536360000001, -2.72297169999996 ], [ 121.755362200000036, -2.72277639999993 ], [ 121.755361300000118, -2.722657399999946 ], [ 121.755360600000017, -2.722552899999926 ], [ 121.755359700000099, -2.722433799999976 ], [ 121.755359000000112, -2.722338599999944 ], [ 121.755358400000091, -2.722247899999957 ], [ 121.755358000000115, -2.722199599999954 ], [ 121.755346600000053, -2.721774899999957 ], [ 121.75533530000007, -2.721358 ], [ 121.755317300000115, -2.720691199999976 ], [ 121.755299400000013, -2.72002539999994 ], [ 121.75529240000003, -2.719766899999968 ], [ 121.755309200000056, -2.71943529999993 ], [ 121.755327200000011, -2.719081699999947 ], [ 121.755342500000097, -2.718921699999953 ], [ 121.75535960000002, -2.718742599999928 ], [ 121.755388700000026, -2.718439 ], [ 121.755417600000101, -2.718137199999944 ], [ 121.755465, -2.717642799999965 ], [ 121.755567800000108, -2.717026199999964 ], [ 121.755635700000084, -2.716457699999978 ], [ 121.755685100000051, -2.716044799999963 ], [ 121.755739700000049, -2.715587299999925 ], [ 121.755758900000046, -2.715284 ], [ 121.755776, -2.715013799999952 ], [ 121.755796100000111, -2.714695099999972 ], [ 121.755809000000113, -2.714491 ], [ 121.75583, -2.714289099999974 ], [ 121.75586850000002, -2.713918299999932 ], [ 121.755915800000025, -2.713462399999969 ], [ 121.7559496, -2.713136299999974 ], [ 121.755978400000117, -2.712859 ], [ 121.756018500000096, -2.712472899999966 ], [ 121.756084200000032, -2.712014299999964 ], [ 121.756138300000089, -2.711635899999976 ], [ 121.756190100000026, -2.711273899999981 ], [ 121.7562292, -2.710923499999979 ], [ 121.756262100000072, -2.710628899999961 ], [ 121.756297800000084, -2.710309199999926 ], [ 121.756327700000043, -2.710040599999957 ], [ 121.756341200000065, -2.709788699999933 ], [ 121.756362500000023, -2.709389699999974 ], [ 121.756440700000098, -2.708959899999968 ], [ 121.756499600000097, -2.708636 ], [ 121.756568600000037, -2.708319199999949 ], [ 121.756657200000063, -2.707912399999941 ], [ 121.756757300000118, -2.707453299999941 ], [ 121.756767500000024, -2.707406299999946 ], [ 121.756900300000098, -2.706796699999927 ], [ 121.75699510000004, -2.706361699999945 ], [ 121.757000500000117, -2.706336799999974 ], [ 121.757012200000077, -2.706283199999973 ], [ 121.757029500000044, -2.706203799999969 ], [ 121.757041300000083, -2.706149599999947 ], [ 121.757065, -2.706040599999938 ], [ 121.757081700000072, -2.705964199999926 ], [ 121.757107100000098, -2.705876899999964 ], [ 121.757144100000119, -2.705749899999944 ], [ 121.757156500000065, -2.705707399999937 ], [ 121.757305500000029, -2.705195699999933 ], [ 121.757321100000013, -2.705142099999932 ], [ 121.757353400000056, -2.705023299999937 ], [ 121.757386500000052, -2.70490209999997 ], [ 121.757404, -2.70483779999995 ], [ 121.757446500000015, -2.704783 ], [ 121.7575041, -2.704683499999931 ], [ 121.757744500000058, -2.704268199999944 ], [ 121.758118100000047, -2.703622899999971 ], [ 121.758370100000093, -2.703187399999933 ], [ 121.75850580000008, -2.702926299999945 ], [ 121.7586238, -2.702699 ], [ 121.758863600000041, -2.702237499999967 ], [ 121.758974, -2.702025 ], [ 121.759054900000024, -2.701869399999964 ], [ 121.759314900000049, -2.701368899999977 ], [ 121.759507100000064, -2.700999 ], [ 121.759732100000065, -2.700565899999958 ], [ 121.760086800000067, -2.700108399999976 ], [ 121.760492200000044, -2.699623499999973 ], [ 121.760974, -2.699047099999973 ], [ 121.761478900000043, -2.698418299999958 ], [ 121.761963600000058, -2.697814699999981 ], [ 121.76252020000004, -2.697272399999974 ], [ 121.762941900000101, -2.696861499999955 ], [ 121.763351300000068, -2.696450699999957 ], [ 121.763976, -2.69589179999997 ], [ 121.764225800000077, -2.695668199999943 ], [ 121.76461340000003, -2.695321299999932 ], [ 121.765241200000105, -2.694894799999929 ], [ 121.765670700000101, -2.69460289999995 ], [ 121.765951800000039, -2.694395499999928 ], [ 121.766181600000095, -2.694226 ], [ 121.766368500000112, -2.694088199999953 ], [ 121.766676500000017, -2.693861 ], [ 121.766830300000038, -2.693747499999972 ], [ 121.767211100000054, -2.693535399999973 ], [ 121.767371100000105, -2.693446199999926 ], [ 121.767456500000094, -2.693398599999966 ], [ 121.767751, -2.69323449999996 ], [ 121.767930600000113, -2.693107299999951 ], [ 121.768174, -2.692935 ], [ 121.768460100000084, -2.692732399999954 ], [ 121.768676, -2.692579499999965 ], [ 121.768884200000116, -2.692432099999962 ], [ 121.769155700000056, -2.692239899999947 ], [ 121.769353600000045, -2.692099699999972 ], [ 121.769428, -2.692047 ], [ 121.769490400000109, -2.692002799999955 ], [ 121.769517800000017, -2.691977599999973 ], [ 121.769549700000084, -2.691948199999956 ], [ 121.769568700000036, -2.691930699999943 ], [ 121.76959690000001, -2.69190459999993 ], [ 121.769722500000057, -2.691788899999949 ], [ 121.7699364, -2.691591699999947 ], [ 121.770087300000114, -2.691452499999968 ], [ 121.77025470000001, -2.691298199999949 ], [ 121.770416700000055, -2.691148799999951 ], [ 121.770570500000076, -2.691007099999979 ], [ 121.770664700000111, -2.690920199999937 ], [ 121.770677100000057, -2.690908799999931 ], [ 121.770710800000074, -2.690877799999953 ], [ 121.770752600000037, -2.690839199999971 ], [ 121.770777400000043, -2.690829199999939 ], [ 121.770838600000047, -2.690804699999944 ], [ 121.770852800000057, -2.690799 ], [ 121.770905500000026, -2.690777899999944 ], [ 121.770939400000088, -2.690764299999955 ], [ 121.771060200000079, -2.69071589999993 ], [ 121.771367300000065, -2.690592699999968 ], [ 121.771659900000031, -2.690475399999968 ], [ 121.772018200000048, -2.690331699999945 ], [ 121.772363400000017, -2.690193299999976 ], [ 121.7724574, -2.690155699999934 ], [ 121.772599700000114, -2.690041399999927 ], [ 121.772697000000107, -2.689963299999931 ], [ 121.772926100000063, -2.689860099999976 ], [ 121.773105300000111, -2.689779399999964 ], [ 121.773298200000113, -2.689624599999945 ], [ 121.7733263, -2.689602 ], [ 121.773387500000013, -2.689552899999967 ], [ 121.773446400000012, -2.689505699999927 ], [ 121.7735063, -2.68947559999998 ], [ 121.773578500000099, -2.689439399999969 ], [ 121.773613800000021, -2.689421699999968 ], [ 121.773703200000114, -2.689376899999957 ], [ 121.773785500000031, -2.689335599999936 ], [ 121.773951300000022, -2.689252499999952 ], [ 121.77397730000007, -2.689239499999928 ], [ 121.774029800000108, -2.689213099999961 ], [ 121.774060100000042, -2.689197899999954 ], [ 121.774101700000074, -2.68916459999997 ], [ 121.77414060000001, -2.68913329999998 ], [ 121.774165900000071, -2.689113099999929 ], [ 121.774248200000102, -2.689047 ], [ 121.774293700000044, -2.689010499999938 ], [ 121.774397, -2.688927499999977 ], [ 121.774461, -2.688876099999959 ], [ 121.774526900000069, -2.688823299999967 ], [ 121.774587200000042, -2.688774899999942 ], [ 121.774642300000096, -2.688730699999951 ], [ 121.774700300000063, -2.688684099999932 ], [ 121.774742300000071, -2.688650399999972 ], [ 121.774798900000064, -2.68861359999994 ], [ 121.774828, -2.688594599999931 ], [ 121.774880200000098, -2.68856059999996 ], [ 121.774942900000042, -2.688519799999938 ], [ 121.774983600000041, -2.688493299999948 ], [ 121.775039000000106, -2.688457199999959 ], [ 121.775103600000079, -2.688415199999952 ], [ 121.775149700000043, -2.688385099999948 ], [ 121.775199300000054, -2.688352799999961 ], [ 121.775249800000097, -2.68832 ], [ 121.775309100000072, -2.688281299999971 ], [ 121.77535690000002, -2.68825019999997 ], [ 121.775405600000113, -2.688218499999948 ], [ 121.775457900000106, -2.688184499999977 ], [ 121.775531300000011, -2.688136699999973 ], [ 121.775600200000099, -2.688091799999938 ], [ 121.775628400000073, -2.688073399999951 ], [ 121.775725800000032, -2.68801 ], [ 121.775812600000108, -2.687953499999935 ], [ 121.775910700000054, -2.687889599999949 ], [ 121.775965500000098, -2.687854 ], [ 121.776039, -2.687806099999932 ], [ 121.776141800000119, -2.687739099999931 ], [ 121.776232, -2.687680399999977 ], [ 121.776304600000117, -2.687633099999971 ], [ 121.776355900000112, -2.68759979999993 ], [ 121.776425800000084, -2.687554199999965 ], [ 121.776488500000028, -2.687513399999943 ], [ 121.776557600000046, -2.687468399999943 ], [ 121.776603600000044, -2.687438499999928 ], [ 121.776686200000086, -2.687384599999973 ], [ 121.776722200000108, -2.687355799999978 ], [ 121.776767200000108, -2.687319699999932 ], [ 121.776832600000034, -2.687267199999951 ], [ 121.776856800000019, -2.687247799999966 ], [ 121.776873300000034, -2.687227199999938 ], [ 121.776890800000047, -2.687205499999948 ], [ 121.77691070000003, -2.687180799999965 ], [ 121.776954300000057, -2.687126699999965 ], [ 121.776988500000016, -2.687084099999936 ], [ 121.777032900000108, -2.687029 ], [ 121.777067300000112, -2.686986299999944 ], [ 121.777090300000054, -2.686957699999937 ], [ 121.777156700000091, -2.68687529999994 ], [ 121.777209200000016, -2.68681 ], [ 121.777299500000026, -2.686697799999934 ], [ 121.777369600000043, -2.686610799999926 ], [ 121.777431500000034, -2.686533899999972 ], [ 121.777471800000058, -2.686483899999928 ], [ 121.777526600000101, -2.686415799999963 ], [ 121.77759780000008, -2.686327399999925 ], [ 121.777666400000044, -2.686242199999981 ], [ 121.777717100000018, -2.68617919999997 ], [ 121.777786900000024, -2.686092499999972 ], [ 121.777836100000059, -2.686031399999933 ], [ 121.777864600000044, -2.685995899999966 ], [ 121.777889400000049, -2.685965199999941 ], [ 121.777953100000104, -2.685886 ], [ 121.77799, -2.685840199999973 ], [ 121.778001600000039, -2.685753499999976 ], [ 121.778023500000018, -2.685590399999967 ], [ 121.778042500000083, -2.685447899999929 ], [ 121.778061200000025, -2.68530839999994 ], [ 121.778085800000099, -2.68512469999996 ], [ 121.77820070000007, -2.684986299999935 ], [ 121.778427, -2.684713899999963 ], [ 121.778542700000116, -2.684520599999928 ], [ 121.778642700000091, -2.684353299999941 ], [ 121.77871110000001, -2.684239 ], [ 121.778769900000043, -2.684140699999944 ], [ 121.77885040000001, -2.684006099999976 ], [ 121.778906700000107, -2.683912 ], [ 121.778985600000055, -2.68378 ], [ 121.779040900000041, -2.683687599999928 ], [ 121.779104300000085, -2.683581699999934 ], [ 121.779142, -2.683518699999979 ], [ 121.779215900000054, -2.683395099999927 ], [ 121.779272200000037, -2.683301 ], [ 121.779338, -2.683191 ], [ 121.779373700000065, -2.683131199999934 ], [ 121.77945120000004, -2.683001799999943 ], [ 121.779526900000064, -2.682878399999936 ], [ 121.779574400000115, -2.682800899999961 ], [ 121.77969690000009, -2.682601199999965 ], [ 121.779724200000032, -2.682556599999941 ], [ 121.779781200000116, -2.682474599999978 ], [ 121.77985440000009, -2.682368899999972 ], [ 121.779916600000092, -2.682279299999948 ], [ 121.779976900000065, -2.68219229999994 ], [ 121.780085, -2.682036499999924 ], [ 121.78015860000005, -2.681930199999954 ], [ 121.78021810000007, -2.681844499999954 ], [ 121.780345900000043, -2.681660099999931 ], [ 121.780452100000048, -2.681507 ], [ 121.780536100000063, -2.681385899999952 ], [ 121.780560700000024, -2.681350399999928 ], [ 121.780680500000017, -2.681177599999955 ], [ 121.780737700000032, -2.681095099999936 ], [ 121.780816400000049, -2.680981699999961 ], [ 121.780872300000055, -2.680886899999962 ], [ 121.780960800000116, -2.680736699999954 ], [ 121.781093700000042, -2.680511199999955 ], [ 121.781205300000011, -2.680321799999945 ], [ 121.781278500000099, -2.680197499999963 ], [ 121.78135670000006, -2.680060199999957 ], [ 121.781437400000073, -2.679918699999973 ], [ 121.781503300000054, -2.679803 ], [ 121.781551700000023, -2.679718099999945 ], [ 121.781614200000035, -2.679587499999968 ], [ 121.78166710000005, -2.679477 ], [ 121.781700900000033, -2.67940619999996 ], [ 121.781771900000081, -2.679257899999925 ], [ 121.781830500000069, -2.679135499999973 ], [ 121.781885500000044, -2.679020599999944 ], [ 121.781961500000079, -2.678861899999958 ], [ 121.782069300000103, -2.678717699999936 ], [ 121.782175900000084, -2.678575 ], [ 121.782268600000066, -2.678451099999961 ], [ 121.782357800000113, -2.67831549999994 ], [ 121.7824405, -2.678189799999927 ], [ 121.782496200000082, -2.678105099999925 ], [ 121.782586800000104, -2.677967499999966 ], [ 121.782711200000108, -2.677778299999943 ], [ 121.782773100000099, -2.677684299999953 ], [ 121.78290190000007, -2.677488499999924 ], [ 121.783017600000107, -2.677312599999937 ], [ 121.783074300000067, -2.677226499999961 ], [ 121.783154300000092, -2.677104899999961 ], [ 121.7831701, -2.677080899999964 ], [ 121.783241400000065, -2.676972499999977 ], [ 121.783299600000078, -2.676884099999938 ], [ 121.783395, -2.676739 ], [ 121.78343980000011, -2.676643199999944 ], [ 121.783489600000053, -2.676536699999929 ], [ 121.783539, -2.676431 ], [ 121.783584400000109, -2.676333799999952 ], [ 121.783645600000114, -2.676202899999964 ], [ 121.783695900000112, -2.676095299999929 ], [ 121.783743400000048, -2.675993799999958 ], [ 121.783802900000069, -2.675866599999949 ], [ 121.783856900000046, -2.675750899999969 ], [ 121.78390730000001, -2.675643099999945 ], [ 121.783993400000099, -2.675500899999975 ], [ 121.784058800000025, -2.675392799999941 ], [ 121.784121200000072, -2.675289699999951 ], [ 121.784187700000075, -2.675179899999932 ], [ 121.784244400000034, -2.67508609999993 ], [ 121.784327600000097, -2.674948799999925 ], [ 121.784418900000105, -2.674798 ], [ 121.784528400000113, -2.674616899999933 ], [ 121.784590800000046, -2.674514 ], [ 121.784651100000019, -2.674414299999967 ], [ 121.784720000000107, -2.674300399999936 ], [ 121.78477840000005, -2.674204 ], [ 121.784892100000093, -2.674016199999926 ], [ 121.784984400000099, -2.673863599999947 ], [ 121.785037500000044, -2.67377579999993 ], [ 121.785154700000021, -2.673582299999964 ], [ 121.7852014, -2.673505199999965 ], [ 121.7853043, -2.673335 ], [ 121.785375900000076, -2.673216799999977 ], [ 121.7854307, -2.673126299999979 ], [ 121.7855062000001, -2.673001499999941 ], [ 121.785599500000103, -2.672847399999966 ], [ 121.785648300000048, -2.672766799999977 ], [ 121.785748700000113, -2.672587499999963 ], [ 121.785780500000101, -2.672530599999959 ], [ 121.785814800000026, -2.672469399999954 ], [ 121.785887200000047, -2.67234 ], [ 121.785947100000044, -2.672233099999971 ], [ 121.786046500000111, -2.672055499999942 ], [ 121.786131700000055, -2.671903499999928 ], [ 121.786202200000048, -2.671777599999928 ], [ 121.786263100000042, -2.671668799999964 ], [ 121.786315100000024, -2.671575899999937 ], [ 121.786374500000079, -2.671469799999954 ], [ 121.786429200000043, -2.671372099999928 ], [ 121.786478300000113, -2.671284499999956 ], [ 121.786534700000061, -2.671183799999937 ], [ 121.786603500000069, -2.671060799999964 ], [ 121.786655800000062, -2.670967399999938 ], [ 121.7867089, -2.670872699999961 ], [ 121.786771200000089, -2.670761399999947 ], [ 121.786826500000075, -2.670662599999957 ], [ 121.78688150000005, -2.670564299999967 ], [ 121.786944600000083, -2.670451699999944 ], [ 121.787008, -2.670338399999935 ], [ 121.787048, -2.670267 ], [ 121.787128300000063, -2.670131699999956 ], [ 121.787224700000024, -2.669969 ], [ 121.787312500000098, -2.669820799999968 ], [ 121.787374500000055, -2.669716199999925 ], [ 121.787428400000067, -2.66962529999995 ], [ 121.787470400000075, -2.669554499999947 ], [ 121.787543200000073, -2.669431699999961 ], [ 121.787604700000088, -2.669327899999928 ], [ 121.78766870000004, -2.669219899999973 ], [ 121.787722300000041, -2.669129599999962 ], [ 121.787765600000057, -2.669056499999954 ], [ 121.787799100000029, -2.669 ], [ 121.787849200000096, -2.668931399999963 ], [ 121.787984700000038, -2.668746 ], [ 121.788072700000043, -2.668625599999928 ], [ 121.788142100000073, -2.668530699999963 ], [ 121.788174500000082, -2.668486399999949 ], [ 121.78823090000003, -2.668393399999957 ], [ 121.788308100000108, -2.668266299999971 ], [ 121.788368000000105, -2.668167499999925 ], [ 121.788441300000045, -2.668046799999956 ], [ 121.788471200000117, -2.667997499999956 ], [ 121.788540300000022, -2.667883599999925 ], [ 121.788607900000102, -2.667772299999967 ], [ 121.78866220000009, -2.667682699999943 ], [ 121.788729800000056, -2.667571399999929 ], [ 121.788796400000024, -2.667461699999933 ], [ 121.788877600000092, -2.667327799999953 ], [ 121.78891370000008, -2.667268399999955 ], [ 121.788959400000067, -2.667192899999975 ], [ 121.789039200000047, -2.667061499999932 ], [ 121.7891221000001, -2.666925 ], [ 121.789182600000117, -2.666825299999971 ], [ 121.789258600000039, -2.6667 ], [ 121.789274, -2.666469499999948 ], [ 121.789288300000067, -2.666256499999974 ], [ 121.78929810000011, -2.666110499999945 ], [ 121.789303, -2.666036599999927 ], [ 121.789310800000067, -2.665921399999945 ], [ 121.789319600000113, -2.66578949999996 ], [ 121.789331400000037, -2.665613299999961 ], [ 121.789338600000065, -2.665505199999927 ], [ 121.789345400000116, -2.665404399999943 ], [ 121.789359300000115, -2.665196699999967 ], [ 121.789370700000063, -2.665027099999975 ], [ 121.789418, -2.664899699999978 ], [ 121.789445400000091, -2.664826099999971 ], [ 121.789493500000049, -2.664696499999934 ], [ 121.789536100000078, -2.664582 ], [ 121.789588700000081, -2.664440299999967 ], [ 121.789620400000103, -2.664355099999966 ], [ 121.78968610000004, -2.664178399999969 ], [ 121.789756400000101, -2.663955099999953 ], [ 121.789789500000097, -2.663850199999956 ], [ 121.789814500000034, -2.663770899999975 ], [ 121.789854600000012, -2.663643799999932 ], [ 121.789891200000056, -2.663527599999952 ], [ 121.789891300000022, -2.663419899999951 ], [ 121.789891400000101, -2.663322 ], [ 121.789901700000087, -2.663153899999941 ], [ 121.789911600000096, -2.66299209999994 ], [ 121.789920900000084, -2.662839799999972 ], [ 121.789932600000043, -2.662649599999952 ], [ 121.789944800000058, -2.662450499999977 ], [ 121.789960700000051, -2.662191399999926 ], [ 121.78998480000007, -2.661898299999962 ], [ 121.789993400000071, -2.661795099999949 ], [ 121.790012500000103, -2.661562699999934 ], [ 121.790027500000065, -2.661380799999961 ], [ 121.790043900000114, -2.66118229999995 ], [ 121.790058, -2.661011299999927 ], [ 121.790072400000099, -2.660837299999969 ], [ 121.790090300000088, -2.660620599999959 ], [ 121.790109, -2.660393699999929 ], [ 121.790133100000048, -2.660101499999939 ], [ 121.790133300000093, -2.659936499999958 ], [ 121.790133400000059, -2.659793699999966 ], [ 121.790133600000104, -2.659622399999932 ], [ 121.790133800000035, -2.659393899999941 ], [ 121.790133900000114, -2.659222599999964 ], [ 121.790134200000011, -2.659013199999947 ], [ 121.790134300000091, -2.658833799999968 ], [ 121.7900585000001, -2.658615199999929 ], [ 121.789996200000019, -2.658435699999927 ], [ 121.789926200000082, -2.658234099999959 ], [ 121.789896400000089, -2.658148299999937 ], [ 121.789858200000026, -2.65801689999995 ], [ 121.78980480000007, -2.657833699999969 ], [ 121.789755100000093, -2.657663 ], [ 121.789680600000111, -2.657407199999966 ], [ 121.789600900000096, -2.657133699999974 ], [ 121.78954490000001, -2.656941499999959 ], [ 121.789508800000021, -2.656817399999966 ], [ 121.789503400000058, -2.656614 ], [ 121.789498600000115, -2.656433499999935 ], [ 121.789493800000059, -2.656252799999947 ], [ 121.789489500000059, -2.656092099999967 ], [ 121.789433200000076, -2.655993899999942 ], [ 121.789386, -2.655911599999968 ], [ 121.789256400000113, -2.65568559999997 ], [ 121.78907120000008, -2.655362599999933 ], [ 121.789037900000039, -2.655304699999931 ], [ 121.788927300000068, -2.655111699999964 ], [ 121.7887981, -2.654886399999953 ], [ 121.7887167, -2.65474439999997 ], [ 121.7886492, -2.65462679999996 ], [ 121.788604900000109, -2.654549399999951 ], [ 121.788538600000038, -2.654444399999932 ], [ 121.788467, -2.654331099999979 ], [ 121.788410900000031, -2.654242299999964 ], [ 121.788366700000097, -2.654172299999971 ], [ 121.788307600000053, -2.654130899999927 ], [ 121.787928, -2.653864899999974 ], [ 121.787511000000109, -2.653572599999961 ], [ 121.787153100000069, -2.653321799999958 ], [ 121.786919100000091, -2.653157799999974 ], [ 121.7868, -2.653074299999957 ], [ 121.786735900000053, -2.653028199999937 ], [ 121.786735800000088, -2.653028099999972 ], [ 121.786537800000019, -2.652885699999956 ], [ 121.786323200000083, -2.652731199999948 ], [ 121.786272600000075, -2.652696599999956 ], [ 121.78613740000003, -2.652604199999928 ], [ 121.785886000000119, -2.652432399999952 ], [ 121.785759800000051, -2.652346 ], [ 121.785657400000105, -2.652276 ], [ 121.785548300000073, -2.652201499999933 ], [ 121.785369600000081, -2.652079299999968 ], [ 121.785234600000081, -2.651963699999953 ], [ 121.785137300000088, -2.651880399999925 ], [ 121.785027600000035, -2.651786399999935 ], [ 121.784911500000021, -2.651687 ], [ 121.784806100000083, -2.651596799999936 ], [ 121.784688600000095, -2.65149619999994 ], [ 121.784630700000093, -2.651467 ], [ 121.784177800000066, -2.651238799999931 ], [ 121.783825, -2.651061 ], [ 121.783159, -2.650725399999942 ], [ 121.782970500000033, -2.650630399999955 ], [ 121.782678100000112, -2.650483099999974 ], [ 121.782631800000104, -2.650459699999942 ], [ 121.782514000000106, -2.650375599999961 ], [ 121.782108300000118, -2.650095499999964 ], [ 121.781626600000095, -2.649767899999972 ], [ 121.781294400000093, -2.649542 ], [ 121.780899800000043, -2.649273599999958 ], [ 121.780695500000093, -2.649134699999934 ], [ 121.780545800000027, -2.649032899999952 ], [ 121.7803106, -2.648872899999958 ], [ 121.780200300000047, -2.648629199999959 ], [ 121.780045500000028, -2.648287099999948 ], [ 121.779907500000036, -2.647982199999944 ], [ 121.779804800000079, -2.64775549999996 ], [ 121.779684100000054, -2.647488799999962 ], [ 121.779672900000037, -2.647464099999979 ], [ 121.77965770000003, -2.647430399999962 ], [ 121.779637600000115, -2.647386099999949 ], [ 121.779619600000046, -2.647371 ], [ 121.779583400000092, -2.647340799999938 ], [ 121.7795489, -2.647311799999954 ], [ 121.7794953, -2.647267 ], [ 121.779452100000071, -2.647230799999932 ], [ 121.779386400000021, -2.647175799999957 ], [ 121.779350900000054, -2.647146099999929 ], [ 121.779317000000106, -2.647117699999967 ], [ 121.779295300000058, -2.647099599999933 ], [ 121.7792756, -2.647083099999975 ], [ 121.779250900000079, -2.647062399999925 ], [ 121.779233200000021, -2.647047599999951 ], [ 121.779223500000057, -2.647039399999926 ], [ 121.7791492, -2.646977199999981 ], [ 121.778980600000068, -2.646836099999973 ], [ 121.778884100000028, -2.646583299999975 ], [ 121.778812700000117, -2.646395899999959 ], [ 121.778704900000093, -2.646113499999956 ], [ 121.778642800000057, -2.645950399999947 ], [ 121.778508800000054, -2.645599299999958 ], [ 121.778466500000036, -2.645488499999942 ], [ 121.778346700000043, -2.645174299999951 ], [ 121.77821270000004, -2.644822899999951 ], [ 121.77813070000002, -2.644608199999936 ], [ 121.77812890000007, -2.644361899999979 ], [ 121.778128100000117, -2.644245699999942 ], [ 121.778126600000064, -2.644055399999957 ], [ 121.778123900000082, -2.643682699999943 ], [ 121.778006000000119, -2.643395899999973 ], [ 121.777979800000026, -2.643141599999979 ], [ 121.777949500000091, -2.642847399999937 ], [ 121.777911900000049, -2.642481699999962 ], [ 121.777894400000037, -2.642312299999958 ], [ 121.778121500000111, -2.642003799999941 ], [ 121.778208100000029, -2.641576 ], [ 121.778284700000086, -2.641198299999928 ], [ 121.778349400000025, -2.641013399999963 ], [ 121.778423400000065, -2.640802099999974 ], [ 121.778545200000053, -2.640454499999976 ], [ 121.778667400000018, -2.640105799999958 ], [ 121.778737600000113, -2.639552499999979 ], [ 121.778809700000011, -2.638984799999946 ], [ 121.778812400000106, -2.638963499999932 ], [ 121.778812400000106, -2.638963399999966 ], [ 121.778856800000085, -2.63861309999993 ], [ 121.778926200000114, -2.638066799999933 ], [ 121.778932400000031, -2.638017899999966 ], [ 121.77896480000004, -2.63776189999993 ], [ 121.779024600000071, -2.63729109999997 ], [ 121.779115700000034, -2.636880899999937 ], [ 121.779224000000113, -2.636393099999964 ], [ 121.779251, -2.636271399999941 ], [ 121.779301300000043, -2.636044899999945 ], [ 121.779332, -2.635906599999942 ], [ 121.779333600000086, -2.635895499999947 ], [ 121.779347600000051, -2.635836199999972 ], [ 121.779354800000078, -2.635776 ], [ 121.77939050000009, -2.63547879999993 ], [ 121.779424300000073, -2.63523159999994 ], [ 121.779435, -2.63515289999998 ], [ 121.77944, -2.635078899999939 ], [ 121.779446900000039, -2.63497689999997 ], [ 121.779468400000042, -2.634656899999925 ], [ 121.779469600000084, -2.634639 ], [ 121.77946820000011, -2.63465709999997 ], [ 121.779454700000088, -2.634670299999925 ], [ 121.779454700000088, -2.634285499999976 ], [ 121.779456300000106, -2.634235599999954 ], [ 121.779464, -2.633995699999957 ], [ 121.77948, -2.633920399999965 ], [ 121.7794857, -2.63375069999995 ], [ 121.77950270000008, -2.633246799999938 ], [ 121.779508, -2.633088099999952 ], [ 121.779519100000016, -2.63275909999993 ], [ 121.779526100000112, -2.632551 ], [ 121.779538500000058, -2.632185 ], [ 121.779544700000088, -2.632000499999947 ], [ 121.779550800000038, -2.631817699999942 ], [ 121.779560800000013, -2.631522199999949 ], [ 121.779571200000078, -2.631213799999955 ], [ 121.779572300000041, -2.631181799999979 ], [ 121.779585200000042, -2.630796699999962 ], [ 121.77959240000007, -2.630671 ], [ 121.779600500000015, -2.630528099999935 ], [ 121.779607100000021, -2.63041149999998 ], [ 121.779441100000099, -2.630209 ], [ 121.779200100000025, -2.629915099999948 ], [ 121.778844, -2.629480699999931 ], [ 121.778644700000086, -2.629237499999931 ], [ 121.778590300000019, -2.629171099999951 ], [ 121.778553100000067, -2.62912579999994 ], [ 121.778432800000019, -2.628950699999962 ], [ 121.778282900000022, -2.628732599999978 ], [ 121.77816990000008, -2.628568199999961 ], [ 121.778109200000017, -2.628479899999945 ], [ 121.778036300000053, -2.628373799999963 ], [ 121.778014, -2.628341199999966 ], [ 121.777940500000113, -2.628234299999974 ], [ 121.777872000000116, -2.62815379999995 ], [ 121.777729800000088, -2.627986799999974 ], [ 121.777565300000106, -2.627793399999973 ], [ 121.777519500000039, -2.627739499999961 ], [ 121.777416900000048, -2.627619 ], [ 121.777293800000052, -2.62747429999996 ], [ 121.777124400000048, -2.627275299999951 ], [ 121.776973600000019, -2.627098 ], [ 121.776793400000088, -2.626886199999944 ], [ 121.77671840000005, -2.626798099999974 ], [ 121.776648100000102, -2.626715399999966 ], [ 121.77659, -2.626647099999957 ], [ 121.776532800000041, -2.626579899999967 ], [ 121.776488800000038, -2.626528199999939 ], [ 121.776418400000011, -2.626445399999966 ], [ 121.776348300000109, -2.626363099999935 ], [ 121.776306500000032, -2.626314 ], [ 121.776239, -2.626236699999936 ], [ 121.776108900000054, -2.626087799999937 ], [ 121.77607850000004, -2.626053 ], [ 121.776020300000027, -2.625986399999931 ], [ 121.77595430000008, -2.625910799999929 ], [ 121.775916400000028, -2.625867299999925 ], [ 121.77588030000004, -2.625826 ], [ 121.775833300000045, -2.625772299999937 ], [ 121.775791600000048, -2.625724499999933 ], [ 121.775774800000022, -2.625705299999936 ], [ 121.775655500000084, -2.625568699999974 ], [ 121.775492900000017, -2.625382599999966 ], [ 121.7754513000001, -2.625297499999931 ], [ 121.77534270000001, -2.625075 ], [ 121.775255300000026, -2.624895899999956 ], [ 121.775153500000101, -2.624687499999936 ], [ 121.775084000000106, -2.624545099999978 ], [ 121.775067500000091, -2.62451139999996 ], [ 121.775051900000108, -2.624479399999927 ], [ 121.775022700000022, -2.624419499999931 ], [ 121.774982, -2.624336299999925 ], [ 121.774888800000099, -2.624274899999932 ], [ 121.774789, -2.624209099999973 ], [ 121.774617100000114, -2.624095899999929 ], [ 121.774389500000098, -2.623946 ], [ 121.774294900000086, -2.623883699999965 ], [ 121.774107100000037, -2.62376 ], [ 121.773885600000085, -2.623614099999941 ], [ 121.773743600000103, -2.623520599999949 ], [ 121.773683800000072, -2.623476 ], [ 121.773569, -2.623390399999948 ], [ 121.773414200000047, -2.623275099999944 ], [ 121.77329920000011, -2.623189399999944 ], [ 121.773193900000024, -2.623110899999972 ], [ 121.773107300000106, -2.623046399999964 ], [ 121.772983700000054, -2.622954299999947 ], [ 121.772848200000112, -2.622853299999974 ], [ 121.772660900000119, -2.622713699999963 ], [ 121.772511200000054, -2.62260219999996 ], [ 121.772355500000117, -2.622486099999946 ], [ 121.772278100000108, -2.622428399999933 ], [ 121.772233800000095, -2.622395399999959 ], [ 121.771163700000102, -2.621392499999956 ], [ 121.770530200000053, -2.620968399999924 ], [ 121.77006, -2.620653699999934 ], [ 121.769744, -2.620442099999934 ], [ 121.769368500000041, -2.620190699999966 ], [ 121.76919, -2.620071199999927 ], [ 121.768972900000108, -2.619894399999964 ], [ 121.768761700000027, -2.619722399999944 ], [ 121.768512800000053, -2.619519699999955 ], [ 121.768282500000055, -2.619332199999974 ], [ 121.768189700000107, -2.619256599999972 ], [ 121.767589500000099, -2.618767799999944 ], [ 121.7672751, -2.618601 ], [ 121.767197700000111, -2.61855989999998 ], [ 121.767056300000036, -2.618484899999942 ], [ 121.766891900000019, -2.618397699999946 ], [ 121.766744200000062, -2.618319299999939 ], [ 121.766661400000089, -2.618275299999937 ], [ 121.766570900000033, -2.618227299999944 ], [ 121.766433, -2.618154199999935 ], [ 121.766215400000078, -2.618038699999943 ], [ 121.765874300000064, -2.617857699999945 ], [ 121.765053900000112, -2.617422399999953 ], [ 121.76434960000006, -2.617048699999941 ], [ 121.76405370000009, -2.61689169999994 ], [ 121.763815400000112, -2.616765199999975 ], [ 121.763117400000056, -2.616394899999932 ], [ 121.762908400000015, -2.616284 ], [ 121.762721400000032, -2.61615489999997 ], [ 121.762591300000054, -2.616065 ], [ 121.76219350000008, -2.61579039999998 ], [ 121.761702900000046, -2.615451699999937 ], [ 121.761317700000063, -2.615185699999927 ], [ 121.761092800000029, -2.615030499999932 ], [ 121.760931400000118, -2.614948399999946 ], [ 121.760840100000109, -2.614902 ], [ 121.760575500000073, -2.614767499999971 ], [ 121.76053730000001, -2.614748099999929 ], [ 121.760502700000075, -2.614730499999951 ], [ 121.760469400000034, -2.614713499999937 ], [ 121.760449000000108, -2.614703199999951 ], [ 121.760439100000099, -2.61469459999995 ], [ 121.760381, -2.614644 ], [ 121.760321100000056, -2.614592 ], [ 121.760251600000061, -2.614531499999941 ], [ 121.76015910000001, -2.61445109999994 ], [ 121.760125200000061, -2.614421599999957 ], [ 121.759867100000065, -2.614197199999978 ], [ 121.759568300000069, -2.613937499999963 ], [ 121.759301500000106, -2.61370549999998 ], [ 121.759023400000046, -2.613463599999932 ], [ 121.758846300000073, -2.61330959999998 ], [ 121.758706, -2.613187699999969 ], [ 121.758462, -2.612975499999948 ], [ 121.758123100000034, -2.612680799999964 ], [ 121.758039500000109, -2.612608099999932 ], [ 121.757778900000062, -2.612381499999969 ], [ 121.75751020000007, -2.612147799999946 ], [ 121.757307800000035, -2.611971899999958 ], [ 121.757216200000016, -2.611892199999943 ], [ 121.757077400000071, -2.611771499999975 ], [ 121.756857700000069, -2.611580499999945 ], [ 121.756593700000053, -2.611350899999934 ], [ 121.756367700000055, -2.611154499999941 ], [ 121.756011500000113, -2.610847299999932 ], [ 121.755724400000076, -2.610599699999966 ], [ 121.755465900000104, -2.610376799999926 ], [ 121.755417100000045, -2.610334699999953 ], [ 121.755365900000015, -2.610290499999962 ], [ 121.7553190000001, -2.610250099999973 ], [ 121.7553, -2.610233699999981 ], [ 121.755271400000083, -2.610209099999963 ], [ 121.755220400000098, -2.610156699999948 ], [ 121.755197400000043, -2.610133099999928 ], [ 121.755183300000112, -2.610118599999964 ], [ 121.755165, -2.610099799999944 ], [ 121.755130700000109, -2.610064699999953 ], [ 121.755122200000073, -2.610056 ], [ 121.755113300000062, -2.610046799999964 ], [ 121.755095900000015, -2.610029 ], [ 121.755080400000111, -2.610013099999946 ], [ 121.755072700000028, -2.610005099999967 ], [ 121.755060600000093, -2.609992699999964 ], [ 121.755047600000012, -2.609979399999929 ], [ 121.755020500000114, -2.609951599999931 ], [ 121.754984200000081, -2.609914299999957 ], [ 121.754954600000019, -2.609883899999943 ], [ 121.754922100000044, -2.609850599999959 ], [ 121.754899900000055, -2.609827899999971 ], [ 121.75489170000003, -2.609819399999935 ], [ 121.754863200000045, -2.609790099999941 ], [ 121.754858500000068, -2.609785299999942 ], [ 121.75485470000001, -2.60978149999994 ], [ 121.754850300000044, -2.609776899999929 ], [ 121.754846200000088, -2.609772699999951 ], [ 121.754841100000021, -2.609767499999975 ], [ 121.754837100000032, -2.609763399999963 ], [ 121.754833, -2.609759199999928 ], [ 121.754830300000094, -2.609756399999981 ], [ 121.754812700000116, -2.609738299999947 ], [ 121.75479160000009, -2.609716699999979 ], [ 121.754785600000105, -2.609710599999971 ], [ 121.754756500000099, -2.609680699999956 ], [ 121.7547528, -2.609676899999954 ], [ 121.754748300000074, -2.609672199999977 ], [ 121.754745800000023, -2.609669699999927 ], [ 121.754739400000062, -2.609663199999943 ], [ 121.754732900000022, -2.609656499999971 ], [ 121.75471790000006, -2.609641 ], [ 121.754716600000052, -2.609639699999946 ], [ 121.754694200000017, -2.609616799999969 ], [ 121.754679700000111, -2.609601899999973 ], [ 121.754659400000037, -2.609581099999957 ], [ 121.7546446, -2.609565799999928 ], [ 121.754633100000092, -2.609554099999968 ], [ 121.754615300000069, -2.609535799999946 ], [ 121.754604, -2.609524199999953 ], [ 121.754592200000047, -2.609512 ], [ 121.754569700000047, -2.60948819999993 ], [ 121.754565500000012, -2.609484699999939 ], [ 121.754549000000111, -2.609467699999925 ], [ 121.754511900000011, -2.609429599999942 ], [ 121.754455500000063, -2.609371799999963 ], [ 121.754405200000065, -2.609320199999956 ], [ 121.754378400000064, -2.609292699999969 ], [ 121.754364800000076, -2.609278699999948 ], [ 121.754337, -2.609250199999963 ], [ 121.754310700000019, -2.609223199999974 ], [ 121.754276000000118, -2.609187599999927 ], [ 121.754262800000106, -2.609174099999962 ], [ 121.75424170000008, -2.609152399999971 ], [ 121.75419670000008, -2.609106199999928 ], [ 121.754187800000068, -2.609097099999929 ], [ 121.754173, -2.609081899999978 ], [ 121.754168500000105, -2.609077299999967 ], [ 121.754162800000017, -2.60907149999997 ], [ 121.754156700000067, -2.609065199999975 ], [ 121.75414400000011, -2.609052099999928 ], [ 121.754130300000043, -2.609038099999964 ], [ 121.754117400000041, -2.609024799999929 ], [ 121.754100300000118, -2.609007299999973 ], [ 121.754100100000073, -2.609007099999928 ], [ 121.754100000000108, -2.609007 ], [ 121.754099900000028, -2.60900689999994 ], [ 121.754099800000063, -2.609006799999975 ], [ 121.754099600000018, -2.60900659999993 ], [ 121.754099400000086, -2.609006399999942 ], [ 121.7540993, -2.609006299999976 ], [ 121.75409900000011, -2.609006 ], [ 121.7540987000001, -2.609005699999955 ], [ 121.75409830000001, -2.609005199999956 ], [ 121.754097700000102, -2.609004699999957 ], [ 121.754097200000047, -2.609004199999958 ], [ 121.75409650000006, -2.609003399999949 ], [ 121.754095800000073, -2.609002699999962 ], [ 121.754095600000028, -2.609002499999974 ], [ 121.754095400000097, -2.609002299999929 ], [ 121.754095100000086, -2.609002 ], [ 121.754095, -2.609001899999953 ], [ 121.754094900000041, -2.60900179999993 ], [ 121.754094800000075, -2.609001699999965 ], [ 121.75409460000003, -2.609001499999977 ], [ 121.75409460000003, -2.609001399999954 ], [ 121.754094400000099, -2.609001199999966 ], [ 121.75409430000002, -2.609001099999944 ], [ 121.754094100000088, -2.609000899999955 ], [ 121.754093900000044, -2.609000799999933 ], [ 121.754090100000099, -2.608996899999966 ], [ 121.754087900000059, -2.60899459999996 ], [ 121.754085700000019, -2.608992299999954 ], [ 121.754082600000061, -2.60898919999994 ], [ 121.754080400000021, -2.608986899999934 ], [ 121.75407830000006, -2.608984699999951 ], [ 121.754077500000108, -2.608983899999942 ], [ 121.754073600000083, -2.60898 ], [ 121.754068, -2.608974199999977 ], [ 121.75405980000005, -2.608965799999964 ], [ 121.754051200000049, -2.608957 ], [ 121.754039, -2.608944399999928 ], [ 121.754029500000115, -2.608934699999963 ], [ 121.75402530000008, -2.608930399999963 ], [ 121.754001800000083, -2.608906299999944 ], [ 121.754000400000109, -2.608904799999948 ], [ 121.753997200000072, -2.608901499999945 ], [ 121.753991700000029, -2.608895899999936 ], [ 121.753990800000111, -2.608894899999939 ], [ 121.75398830000006, -2.608892399999945 ], [ 121.7539858, -2.608889799999929 ], [ 121.753981100000033, -2.608885 ], [ 121.7539782, -2.60888209999996 ], [ 121.753976800000032, -2.608880599999964 ], [ 121.753973500000029, -2.608877199999938 ], [ 121.75396760000001, -2.608871199999953 ], [ 121.753960400000096, -2.608863799999938 ], [ 121.753953300000035, -2.608856399999979 ], [ 121.753947400000015, -2.608850399999938 ], [ 121.753944500000102, -2.608847499999968 ], [ 121.753943900000081, -2.608846899999946 ], [ 121.753907400000116, -2.608809399999927 ], [ 121.753896300000065, -2.608798 ], [ 121.753889100000038, -2.608790599999963 ], [ 121.7538823000001, -2.608783599999924 ], [ 121.75388010000006, -2.608781399999941 ], [ 121.753879300000108, -2.608780499999966 ], [ 121.753878800000052, -2.60878 ], [ 121.753877300000113, -2.608778499999971 ], [ 121.753875500000049, -2.608776699999964 ], [ 121.753874800000062, -2.608775899999955 ], [ 121.75387360000002, -2.608774699999969 ], [ 121.753872300000012, -2.608773399999961 ], [ 121.753871700000104, -2.60877279999994 ], [ 121.753868900000043, -2.60876989999997 ], [ 121.753867400000104, -2.608768299999952 ], [ 121.753866500000072, -2.608767399999977 ], [ 121.753865300000029, -2.608766099999968 ], [ 121.753862, -2.608762799999965 ], [ 121.753858100000116, -2.608758799999976 ], [ 121.753851, -2.608751499999926 ], [ 121.75384530000008, -2.608745699999929 ], [ 121.753838100000053, -2.60873829999997 ], [ 121.753823800000077, -2.608723599999962 ], [ 121.753802400000041, -2.608701599999961 ], [ 121.753793200000018, -2.60869219999995 ], [ 121.753777900000046, -2.608676499999945 ], [ 121.753767900000071, -2.608666199999959 ], [ 121.753738800000065, -2.608636399999966 ], [ 121.7537158, -2.608612799999946 ], [ 121.753705400000058, -2.608602099999928 ], [ 121.753679100000113, -2.608575099999939 ], [ 121.753656100000057, -2.608551499999976 ], [ 121.753616, -2.608510399999943 ], [ 121.753576, -2.608469299999967 ], [ 121.753533700000048, -2.608425899999929 ], [ 121.753503200000068, -2.60839459999994 ], [ 121.753371900000047, -2.608259799999928 ], [ 121.753304900000103, -2.608191099999942 ], [ 121.753232600000047, -2.608117 ], [ 121.753111500000045, -2.607992699999954 ], [ 121.752904500000113, -2.607780299999945 ], [ 121.752856, -2.607734599999958 ], [ 121.752102700000023, -2.607026399999938 ], [ 121.752006900000083, -2.606936399999938 ], [ 121.749646700000085, -2.604509 ], [ 121.748752200000013, -2.603589099999965 ], [ 121.747734800000103, -2.602542799999981 ], [ 121.747457300000065, -2.602257399999928 ], [ 121.74586690000001, -2.600621799999942 ], [ 121.745867100000055, -2.600613499999952 ], [ 121.745833400000038, -2.600577499999929 ], [ 121.745832700000051, -2.600576299999943 ], [ 121.745436800000107, -2.600148199999978 ], [ 121.745279800000048, -2.599978399999941 ], [ 121.744072100000039, -2.598672399999941 ], [ 121.743921900000032, -2.598509899999954 ], [ 121.742729700000041, -2.597220599999957 ], [ 121.742629900000111, -2.597116799999981 ], [ 121.7412835, -2.595715599999949 ], [ 121.74096, -2.59536989999998 ], [ 121.7402174, -2.594576299999972 ], [ 121.738908700000025, -2.593243799999925 ], [ 121.738397100000043, -2.59268469999995 ], [ 121.7376, -2.591709099999946 ], [ 121.737040800000045, -2.591019 ], [ 121.736731500000019, -2.590643099999966 ], [ 121.736267500000054, -2.590079199999934 ], [ 121.734764800000107, -2.587555299999963 ], [ 121.7333863, -2.585240099999965 ], [ 121.733186100000012, -2.58490379999995 ], [ 121.732537100000059, -2.583767299999977 ], [ 121.731697700000041, -2.582297199999971 ], [ 121.730842300000063, -2.580799299999967 ], [ 121.730644700000084, -2.580457499999966 ], [ 121.729699100000062, -2.578821599999969 ], [ 121.728332, -2.576456699999937 ], [ 121.728017200000068, -2.575869699999942 ], [ 121.727273100000048, -2.574481799999944 ], [ 121.726059600000099, -2.572102299999926 ], [ 121.72532620000004, -2.57097349999998 ], [ 121.724557200000049, -2.569770199999937 ], [ 121.724025100000063, -2.56893759999997 ], [ 121.723096, -2.56747189999993 ], [ 121.722429100000113, -2.566419699999926 ], [ 121.721510400000057, -2.564970499999959 ], [ 121.720420300000114, -2.563250699999969 ], [ 121.719837300000108, -2.562346499999933 ], [ 121.71956160000002, -2.561882699999956 ], [ 121.718371800000114, -2.560002899999972 ], [ 121.717503900000111, -2.558633499999928 ], [ 121.7162303, -2.556624099999965 ], [ 121.715094100000101, -2.554891 ], [ 121.713242700000023, -2.552067 ], [ 121.7124708, -2.550889599999948 ], [ 121.711848900000064, -2.549941 ], [ 121.711164500000109, -2.548897099999976 ], [ 121.710715400000026, -2.548212099999944 ], [ 121.709889100000055, -2.546951599999943 ], [ 121.709082900000112, -2.545740699999953 ], [ 121.708036700000093, -2.544169199999942 ], [ 121.70734850000008, -2.543135499999948 ], [ 121.706998000000112, -2.542609099999936 ], [ 121.705655800000045, -2.54055169999998 ], [ 121.704095100000018, -2.538159499999949 ], [ 121.703810200000021, -2.537898599999949 ], [ 121.703082600000016, -2.537232099999926 ], [ 121.7024427, -2.536646099999928 ], [ 121.7019911000001, -2.53623239999996 ], [ 121.700133300000061, -2.53453079999997 ], [ 121.69991170000003, -2.534286899999927 ], [ 121.699142600000073, -2.533440199999973 ], [ 121.69846270000005, -2.53269169999993 ], [ 121.698430900000062, -2.532686699999942 ], [ 121.697590200000036, -2.532555299999956 ], [ 121.697204700000043, -2.532495 ], [ 121.697055, -2.532471699999974 ], [ 121.696831100000054, -2.532436699999948 ], [ 121.696377600000119, -2.532305899999926 ], [ 121.695935900000109, -2.532178599999952 ], [ 121.695418800000084, -2.532029499999965 ], [ 121.695002300000056, -2.531909399999961 ], [ 121.6946517, -2.531808299999966 ], [ 121.694370700000036, -2.531727299999943 ], [ 121.693818800000031, -2.531568199999924 ], [ 121.691523, -2.531638 ], [ 121.6894416, -2.532501299999979 ], [ 121.688850800000068, -2.533028099999967 ], [ 121.688459100000046, -2.533377299999927 ], [ 121.688149100000032, -2.533653799999968 ], [ 121.687286800000038, -2.535023099999933 ], [ 121.68714250000005, -2.535888299999954 ], [ 121.686851600000068, -2.539782099999968 ], [ 121.686572500000011, -2.540930299999957 ], [ 121.686321, -2.54119739999993 ], [ 121.685406400000033, -2.542162599999926 ], [ 121.68362030000003, -2.542663399999981 ], [ 121.682902800000079, -2.542734699999926 ], [ 121.680482200000029, -2.542103299999951 ], [ 121.678979500000082, -2.541497299999946 ], [ 121.676896600000077, -2.540657299999964 ], [ 121.676367600000049, -2.540436 ], [ 121.675140500000111, -2.539922499999932 ], [ 121.673372300000096, -2.539182499999924 ], [ 121.672748200000115, -2.538921399999936 ], [ 121.672313500000087, -2.538739499999963 ], [ 121.671893200000113, -2.538563599999975 ], [ 121.671246400000086, -2.538293 ], [ 121.6701647000001, -2.537840299999971 ], [ 121.669295200000079, -2.537476499999968 ], [ 121.668219600000043, -2.537042699999972 ], [ 121.666569700000082, -2.536824599999932 ], [ 121.666087900000093, -2.536854399999925 ], [ 121.6657298, -2.536876499999948 ], [ 121.665421800000104, -2.53689559999998 ], [ 121.664417, -2.537255099999925 ], [ 121.663744600000086, -2.537687399999925 ], [ 121.661617300000103, -2.539055 ], [ 121.661472300000014, -2.539108299999953 ], [ 121.659464200000116, -2.539846 ], [ 121.6581605, -2.539885599999934 ], [ 121.65487260000009, -2.539985399999978 ], [ 121.654644, -2.539962199999934 ], [ 121.654454400000077, -2.539943 ], [ 121.65415530000007, -2.53991259999998 ], [ 121.653223100000105, -2.539478899999949 ], [ 121.651717700000063, -2.538323499999933 ], [ 121.65162470000007, -2.538183 ], [ 121.651451, -2.53792059999995 ], [ 121.650017800000114, -2.535754699999927 ], [ 121.64899580000008, -2.534210299999927 ], [ 121.648347100000024, -2.53271559999996 ], [ 121.645024600000056, -2.52560479999994 ], [ 121.644629400000099, -2.524758899999938 ], [ 121.643698900000118, -2.522738799999956 ], [ 121.643057000000113, -2.520832599999949 ], [ 121.642411600000059, -2.518915499999935 ], [ 121.641768, -2.516895699999964 ], [ 121.641173900000013, -2.515047799999934 ], [ 121.641062600000055, -2.514701799999955 ], [ 121.639478200000099, -2.509773699999926 ], [ 121.639193600000112, -2.508888499999955 ], [ 121.63798, -2.505952099999945 ], [ 121.637498900000082, -2.504788099999928 ], [ 121.636652600000048, -2.502740299999971 ], [ 121.636331300000052, -2.501962799999944 ], [ 121.634707500000104, -2.500005899999962 ], [ 121.63363680000009, -2.498084799999958 ], [ 121.63194580000004, -2.49535069999996 ], [ 121.630985200000055, -2.49400449999996 ], [ 121.629502100000082, -2.492426499999965 ], [ 121.629432800000018, -2.492371699999978 ], [ 121.627861100000018, -2.491130599999963 ], [ 121.627654800000073, -2.490986499999963 ], [ 121.626293900000064, -2.490036 ], [ 121.624893600000064, -2.489277899999934 ], [ 121.622678300000075, -2.488035499999967 ], [ 121.621152600000073, -2.487256199999933 ], [ 121.620906000000105, -2.487154 ], [ 121.619271400000116, -2.486476499999981 ], [ 121.617627500000026, -2.485840499999938 ], [ 121.617473700000119, -2.485781 ], [ 121.615578400000118, -2.485347 ], [ 121.614451500000087, -2.485126899999955 ], [ 121.613259700000071, -2.48495749999995 ], [ 121.612824800000112, -2.484904299999926 ], [ 121.612047, -2.48480909999995 ], [ 121.611524300000042, -2.484808499999929 ], [ 121.610039300000039, -2.485038199999963 ], [ 121.607780600000069, -2.48533 ], [ 121.606860400000073, -2.485497199999941 ], [ 121.606447200000048, -2.485603 ], [ 121.605960900000014, -2.485727499999939 ], [ 121.603910900000074, -2.48646089999994 ], [ 121.601948000000107, -2.487178899999947 ], [ 121.601137300000119, -2.48747549999996 ], [ 121.600972500000012, -2.487535799999932 ], [ 121.599466300000017, -2.488080599999932 ], [ 121.597813600000109, -2.488772499999925 ], [ 121.595386900000108, -2.489673699999969 ], [ 121.593095100000028, -2.490431 ], [ 121.591275500000052, -2.490765299999964 ], [ 121.590043800000103, -2.490972799999952 ], [ 121.58953960000008, -2.491057699999942 ], [ 121.589280300000041, -2.491106 ], [ 121.588305600000012, -2.491287599999964 ], [ 121.586778700000082, -2.491601199999934 ], [ 121.585816600000044, -2.491831299999944 ], [ 121.584101900000064, -2.491829499999938 ], [ 121.582884600000057, -2.491828199999929 ], [ 121.580986200000098, -2.491826099999969 ], [ 121.578651200000081, -2.491608399999961 ], [ 121.576769400000103, -2.49139619999994 ], [ 121.574553200000082, -2.491099499999962 ], [ 121.574012900000071, -2.49105069999996 ], [ 121.573612300000036, -2.491014399999926 ], [ 121.57242030000009, -2.491076199999952 ], [ 121.571062400000073, -2.491186699999957 ], [ 121.566682100000094, -2.491503199999954 ], [ 121.566227300000037, -2.491536 ], [ 121.565493100000026, -2.491624699999932 ], [ 121.564964800000098, -2.491688499999952 ], [ 121.563077500000077, -2.491705199999956 ], [ 121.562574, -2.491498699999966 ], [ 121.561493700000028, -2.491579599999966 ], [ 121.560741, -2.491452599999946 ], [ 121.55977960000007, -2.491073299999925 ], [ 121.559006300000078, -2.490673099999981 ], [ 121.55856760000006, -2.490273199999933 ], [ 121.558292900000083, -2.489996499999961 ], [ 121.557753, -2.489452599999936 ], [ 121.557502500000055, -2.48899 ], [ 121.557442400000014, -2.488675699999931 ], [ 121.557253, -2.487686599999961 ], [ 121.556940600000075, -2.48653029999997 ], [ 121.55681560000005, -2.486130799999955 ], [ 121.556042800000114, -2.485289199999954 ], [ 121.555945, -2.485209099999963 ], [ 121.555430000000115, -2.484787599999947 ], [ 121.554705700000113, -2.484194799999955 ], [ 121.553640100000052, -2.483437 ], [ 121.552191100000073, -2.482391 ], [ 121.551564300000109, -2.481948899999963 ], [ 121.5513, -2.481674899999973 ], [ 121.550854100000038, -2.48121249999997 ], [ 121.550771400000031, -2.481137799999942 ], [ 121.550263700000073, -2.480678699999942 ], [ 121.55003940000006, -2.480476 ], [ 121.549600600000076, -2.48018129999997 ], [ 121.549482500000067, -2.480004299999962 ], [ 121.54878640000004, -2.47896129999998 ], [ 121.548165, -2.477723 ], [ 121.547868400000084, -2.477131799999938 ], [ 121.547684900000036, -2.476171399999942 ], [ 121.547346100000027, -2.475707399999976 ], [ 121.547222300000044, -2.475197399999956 ], [ 121.546776100000102, -2.473832099999925 ], [ 121.546597, -2.473284099999944 ], [ 121.546263700000054, -2.472811799999931 ], [ 121.545928900000035, -2.472337599999946 ], [ 121.545683600000075, -2.472114 ], [ 121.545490300000097, -2.471937699999955 ], [ 121.544926, -2.471663899999953 ], [ 121.543595400000072, -2.471081 ], [ 121.542090600000051, -2.470448799999929 ], [ 121.541066400000091, -2.470069299999977 ], [ 121.539624300000014, -2.469353099999978 ], [ 121.538746600000081, -2.46893179999995 ], [ 121.538102400000071, -2.468734 ], [ 121.537785, -2.468636499999945 ], [ 121.53678160000004, -2.46844619999996 ], [ 121.53513, -2.468108099999938 ], [ 121.53310220000003, -2.467664499999955 ], [ 121.531764200000111, -2.467431799999929 ], [ 121.5308238, -2.466968399999928 ], [ 121.530176, -2.466589399999975 ], [ 121.530002200000013, -2.466364299999952 ], [ 121.529883700000028, -2.466210699999976 ], [ 121.529763000000116, -2.465990699999963 ], [ 121.529552700000067, -2.465607099999943 ], [ 121.5294454000001, -2.465411599999925 ], [ 121.528551900000025, -2.463608099999931 ], [ 121.528055800000061, -2.462781299999961 ], [ 121.528042600000049, -2.462759299999959 ], [ 121.527913500000068, -2.462544099999946 ], [ 121.527446700000041, -2.461974899999973 ], [ 121.527343300000098, -2.461914099999944 ], [ 121.527149300000019, -2.461677499999951 ], [ 121.526854300000082, -2.461504 ], [ 121.526178300000083, -2.46137589999995 ], [ 121.526067200000057, -2.461354799999981 ], [ 121.525230900000111, -2.461279699999977 ], [ 121.524517600000081, -2.46118 ], [ 121.524301100000116, -2.461203399999931 ], [ 121.523778100000072, -2.461585899999932 ], [ 121.523517, -2.461612199999934 ], [ 121.522699200000034, -2.46167289999994 ], [ 121.522281, -2.461672399999941 ], [ 121.522028100000057, -2.461487099999943 ], [ 121.521740300000033, -2.461276199999929 ], [ 121.520843500000069, -2.460396599999967 ], [ 121.520805500000051, -2.460359299999936 ], [ 121.520560800000112, -2.460112699999968 ], [ 121.52055740000003, -2.460111499999925 ], [ 121.519490900000051, -2.459732 ], [ 121.518826800000056, -2.45960759999997 ], [ 121.518663600000082, -2.459622499999966 ], [ 121.517522800000052, -2.459878199999935 ], [ 121.516784600000051, -2.46002569999996 ], [ 121.516317200000117, -2.460074599999928 ], [ 121.515972900000065, -2.459925899999973 ], [ 121.515896100000077, -2.459878299999957 ], [ 121.515422500000113, -2.459568099999956 ], [ 121.51514080000004, -2.459371699999963 ], [ 121.514916, -2.459182899999973 ], [ 121.514894100000106, -2.45911689999997 ], [ 121.514695300000085, -2.458515099999943 ], [ 121.514614700000038, -2.458275799999967 ], [ 121.514253900000085, -2.457204099999956 ], [ 121.514054200000032, -2.456849499999976 ], [ 121.513738400000079, -2.456288599999937 ], [ 121.512878800000067, -2.454977099999951 ], [ 121.512675800000011, -2.454823699999963 ], [ 121.512190600000054, -2.454457099999956 ], [ 121.511133400000062, -2.453912 ], [ 121.509338600000092, -2.453019799999936 ], [ 121.50818310000011, -2.452474499999937 ], [ 121.508050900000057, -2.452396499999963 ], [ 121.50717510000004, -2.45188 ], [ 121.506609600000047, -2.451632099999927 ], [ 121.506129700000088, -2.451792299999966 ], [ 121.505888700000014, -2.451884499999949 ], [ 121.505814500000042, -2.45191589999996 ], [ 121.505736, -2.451950099999976 ], [ 121.505366400000071, -2.451994299999967 ], [ 121.5045669000001, -2.452470499999947 ], [ 121.50390260000006, -2.45256859999995 ], [ 121.503328, -2.452237799999978 ], [ 121.502430700000104, -2.452345 ], [ 121.501998500000013, -2.452396699999952 ], [ 121.501344300000028, -2.45256569999998 ], [ 121.5010598, -2.452265 ], [ 121.500612300000057, -2.451791699999944 ], [ 121.50041520000002, -2.451583399999947 ], [ 121.500065900000095, -2.45063179999994 ], [ 121.499977400000034, -2.450390899999945 ], [ 121.499958300000117, -2.450358299999948 ], [ 121.499942800000099, -2.450296499999979 ], [ 121.499583700000017, -2.448924 ], [ 121.498794400000065, -2.447959399999945 ], [ 121.498125800000025, -2.447142399999962 ], [ 121.497867500000098, -2.446826699999974 ], [ 121.497627100000045, -2.446392299999957 ], [ 121.497489200000018, -2.445867599999929 ], [ 121.497401500000024, -2.445060599999977 ], [ 121.497374200000081, -2.444809299999974 ], [ 121.497385800000075, -2.444311899999946 ], [ 121.497282900000073, -2.443859599999939 ], [ 121.497019100000102, -2.443325699999946 ], [ 121.496806300000117, -2.443055099999981 ], [ 121.496172200000046, -2.442248499999948 ], [ 121.495703, -2.441488299999946 ], [ 121.495581400000106, -2.441059499999938 ], [ 121.495389500000101, -2.440382899999975 ], [ 121.495157900000095, -2.439566299999967 ], [ 121.494797300000073, -2.438294699999972 ], [ 121.494648100000063, -2.437453399999924 ], [ 121.494144, -2.436476099999936 ], [ 121.493436, -2.435259 ], [ 121.493228300000055, -2.434901899999943 ], [ 121.493050600000061, -2.434596399999975 ], [ 121.492912200000092, -2.434358299999928 ], [ 121.492720900000108, -2.434029599999974 ], [ 121.492555700000025, -2.433745399999964 ], [ 121.492383800000084, -2.43345 ], [ 121.492199600000049, -2.433133199999929 ], [ 121.491454100000055, -2.431851599999959 ], [ 121.490343800000119, -2.430222399999934 ], [ 121.490176800000086, -2.430116399999974 ], [ 121.490001500000062, -2.430005 ], [ 121.488765700000044, -2.429533299999946 ], [ 121.487575200000038, -2.429054199999939 ], [ 121.487184200000115, -2.428896799999961 ], [ 121.485768600000029, -2.428327099999933 ], [ 121.484807800000112, -2.427937099999951 ], [ 121.483234400000015, -2.427320499999951 ], [ 121.483007900000075, -2.427231699999936 ], [ 121.4827563, -2.427133099999935 ], [ 121.482152700000029, -2.426896599999964 ], [ 121.481764400000088, -2.426744399999961 ], [ 121.48135190000005, -2.426582699999926 ], [ 121.480692300000101, -2.426324199999954 ], [ 121.479972500000031, -2.426042199999927 ], [ 121.479423800000063, -2.425827099999935 ], [ 121.478781, -2.425575199999969 ], [ 121.478402300000084, -2.425426799999968 ], [ 121.477923800000099, -2.42523929999993 ], [ 121.477450200000021, -2.425053699999978 ], [ 121.476854600000024, -2.424820299999965 ], [ 121.476297900000077, -2.424602099999959 ], [ 121.475771200000054, -2.424395699999934 ], [ 121.475431900000103, -2.424262699999929 ], [ 121.475086600000054, -2.424127399999975 ], [ 121.474641900000051, -2.423953099999949 ], [ 121.47438360000001, -2.423851899999931 ], [ 121.473950200000104, -2.423682 ], [ 121.473444800000038, -2.423484 ], [ 121.472771, -2.423219899999935 ], [ 121.472344300000032, -2.423052699999971 ], [ 121.471882900000082, -2.422871799999939 ], [ 121.471309400000109, -2.422647099999949 ], [ 121.470041900000069, -2.422150399999964 ], [ 121.468783700000017, -2.421642499999962 ], [ 121.468027800000073, -2.421522099999947 ], [ 121.467354300000011, -2.42141479999998 ], [ 121.466267200000061, -2.421184 ], [ 121.461783300000093, -2.420232 ], [ 121.4610523, -2.420014599999945 ], [ 121.460378400000081, -2.41980239999998 ], [ 121.460274800000093, -2.419769799999926 ], [ 121.458339900000055, -2.418674199999941 ], [ 121.456943100000103, -2.417883399999937 ], [ 121.45570280000004, -2.41711609999993 ], [ 121.455107100000077, -2.416742899999974 ], [ 121.453974400000106, -2.416033499999969 ], [ 121.453591300000085, -2.415793599999972 ], [ 121.453243200000088, -2.415575499999932 ], [ 121.452482300000042, -2.415099 ], [ 121.452080600000045, -2.414847399999928 ], [ 121.451736200000028, -2.414631699999973 ], [ 121.451344400000039, -2.414386299999933 ], [ 121.450906900000064, -2.414112299999942 ], [ 121.450743700000089, -2.41401 ], [ 121.450305, -2.413735299999928 ], [ 121.449794800000063, -2.413415799999939 ], [ 121.449327200000084, -2.413122899999962 ], [ 121.447874400000046, -2.412213 ], [ 121.447028, -2.411615099999949 ], [ 121.446652100000051, -2.41126909999997 ], [ 121.445552400000111, -2.410256899999979 ], [ 121.445513600000027, -2.410197499999924 ], [ 121.444495, -2.408640099999957 ], [ 121.44350390000011, -2.407124599999975 ], [ 121.443038400000091, -2.406412899999964 ], [ 121.442835700000046, -2.406102899999951 ], [ 121.442546100000072, -2.405660199999943 ], [ 121.442138900000032, -2.405037499999935 ], [ 121.442080600000054, -2.405105699999979 ], [ 121.441935200000103, -2.405275599999925 ], [ 121.441820300000018, -2.40541 ], [ 121.44181978600011, -2.405410556999925 ], [ 121.441721710000024, -2.405525099999977 ], [ 121.44161105, -2.405654339999955 ], [ 121.441569260000051, -2.40570315399998 ], [ 121.441558405000023, -2.405693803999952 ], [ 121.441348705000109, -2.405104693999931 ], [ 121.441055, -2.401358104999929 ], [ 121.441704886000025, -2.39756265099993 ], [ 121.439423249000015, -2.395162437999943 ], [ 121.437534698000036, -2.396508896999933 ], [ 121.437534660000097, -2.396508919999974 ], [ 121.437984626000116, -2.394810799999959 ], [ 121.438183005000042, -2.394062109999936 ], [ 121.444585, -2.391692699999965 ], [ 121.445344902000102, -2.391460716999973 ], [ 121.446253260000049, -2.391183379999973 ], [ 121.446042852000119, -2.389254974999972 ], [ 121.445788900000025, -2.386927899999932 ], [ 121.446601766000072, -2.382723339999927 ], [ 121.446937780000098, -2.380985179999925 ], [ 121.447788298000091, -2.375341798999955 ], [ 121.44778830000007, -2.375341769999977 ], [ 121.449148919000095, -2.373868438999978 ], [ 121.451566900000103, -2.371250099999941 ], [ 121.453305700000101, -2.370602699999949 ], [ 121.453109500000096, -2.368404699999928 ], [ 121.45505, -2.36496029999995 ], [ 121.456193962000043, -2.36336315099993 ], [ 121.455649860000108, -2.361414479999951 ], [ 121.457092495000097, -2.35911837499998 ], [ 121.456795702000022, -2.358069088999969 ], [ 121.4562056420001, -2.357898789999979 ], [ 121.455405710000036, -2.357667929999934 ], [ 121.455405711000026, -2.357667902999935 ], [ 121.45650240000009, -2.353823 ], [ 121.45706967700005, -2.352396419999934 ], [ 121.458385870000029, -2.349086369999952 ], [ 121.459539970000037, -2.346183929999938 ], [ 121.458426424000095, -2.345388668999931 ], [ 121.457158200000094, -2.344483 ], [ 121.457667428000036, -2.342723174999946 ], [ 121.458155170000055, -2.34103749999997 ], [ 121.459098891000053, -2.337826629999938 ], [ 121.459098902000051, -2.337826599999971 ], [ 121.461242800000036, -2.332899 ], [ 121.46092051100004, -2.331502549999925 ], [ 121.460920501000032, -2.331502499999942 ], [ 121.460306880000076, -2.325954819999936 ], [ 121.460021748000031, -2.323822130999929 ], [ 121.459912804000055, -2.323007306999955 ], [ 121.461107100000049, -2.321142899999927 ], [ 121.461475984000117, -2.319820486999959 ], [ 121.461854370000083, -2.318463939999958 ], [ 121.461854399000117, -2.318463910999981 ], [ 121.463743100000102, -2.316817599999979 ], [ 121.465607106000107, -2.31634014399998 ], [ 121.465878991000068, -2.316270500999963 ], [ 121.466625560000011, -2.31467288999994 ], [ 121.46637958000008, -2.312524749999966 ], [ 121.466379598000117, -2.312524698999937 ], [ 121.466877805000081, -2.310976809999943 ], [ 121.467326006, -2.309778493999943 ], [ 121.46682149600008, -2.309614759999931 ], [ 121.465936095000075, -2.30932740999998 ], [ 121.464347500000031, -2.308926094999947 ], [ 121.462247400000024, -2.308478499999978 ], [ 121.461833482000088, -2.308376143999965 ], [ 121.461418440000102, -2.308273549999967 ], [ 121.461418412000057, -2.308273502999953 ], [ 121.46107298000004, -2.307322639999938 ], [ 121.460612260000062, -2.306054469999935 ], [ 121.460329211000044, -2.305275329999972 ], [ 121.460329199000057, -2.305275299999948 ], [ 121.459338650000063, -2.302876629999957 ], [ 121.459338697000021, -2.302876595999976 ], [ 121.459935060000021, -2.302377779999972 ], [ 121.462368301000083, -2.302330469999958 ], [ 121.462521200000083, -2.298634299999947 ], [ 121.463516171000038, -2.29693704999994 ], [ 121.463516201000061, -2.296937 ], [ 121.464560710000114, -2.295289804999925 ], [ 121.466896600000041, -2.293394199999966 ], [ 121.466700160000073, -2.291346009999927 ], [ 121.466706900000077, -2.291341806999981 ], [ 121.467157610000072, -2.291484669999932 ], [ 121.467234550000057, -2.291509059999953 ], [ 121.467686497000045, -2.291652306999936 ], [ 121.468384800000081, -2.291873599999974 ], [ 121.469638100000111, -2.291602099999977 ], [ 121.470453300000031, -2.291494299999954 ], [ 121.471697260000042, -2.291329806999954 ], [ 121.472502490000011, -2.290698494999958 ], [ 121.472586543000034, -2.290159337999967 ], [ 121.472769300000095, -2.288986899999941 ], [ 121.472417710000059, -2.286983699999951 ], [ 121.472183100000052, -2.285647299999937 ], [ 121.472314309000012, -2.284732503999976 ], [ 121.472379990000036, -2.284274469999957 ], [ 121.472502123000027, -2.283422768999969 ], [ 121.472672910000028, -2.282231699999954 ], [ 121.476729703000046, -2.278024501999937 ], [ 121.478591, -2.274300299999936 ], [ 121.478739105000045, -2.273766899999941 ], [ 121.478818880000063, -2.272971119999966 ], [ 121.47876859500002, -2.271321594999961 ], [ 121.478526896000062, -2.263393239999971 ], [ 121.47852689900003, -2.263393199999939 ], [ 121.478640700000028, -2.262769299999945 ], [ 121.478721870000072, -2.262541246999945 ], [ 121.478766160000077, -2.262416749999943 ], [ 121.478766200000109, -2.26241669999996 ], [ 121.47890308, -2.262245059999941 ], [ 121.479091198000106, -2.262080812999955 ], [ 121.479234100000099, -2.261956 ], [ 121.479988800000115, -2.261567899999932 ], [ 121.482525574000078, -2.260090365999929 ], [ 121.48499512, -2.258651959999952 ], [ 121.487085260000072, -2.25737855999995 ], [ 121.489365719000034, -2.255989203999945 ], [ 121.490937600000052, -2.255031499999973 ], [ 121.491134222000028, -2.254807792999941 ], [ 121.491326670000035, -2.254588769999941 ], [ 121.491532801000062, -2.254314852999926 ], [ 121.491680300000098, -2.254118799999958 ], [ 121.491866603000062, -2.253834420999965 ], [ 121.491999970000052, -2.253630809999947 ], [ 121.492263384000012, -2.252943730999959 ], [ 121.492263395, -2.252943697999967 ], [ 121.492627670000047, -2.251723169999934 ], [ 121.492427281000118, -2.250858524999956 ], [ 121.492166400000087, -2.249733 ], [ 121.492587202000095, -2.247870399999954 ], [ 121.492587204000074, -2.24787036999993 ], [ 121.492567702000088, -2.247589 ], [ 121.492567699, -2.247588959999973 ], [ 121.492566600000032, -2.247573599999953 ], [ 121.492564494000021, -2.247542733999978 ], [ 121.492563380000092, -2.247526669999957 ], [ 121.492654660000085, -2.247065519999978 ], [ 121.49268698800006, -2.247009952999974 ], [ 121.492723, -2.246948 ], [ 121.492859800000019, -2.246740099999954 ], [ 121.493134197000018, -2.246577600999956 ], [ 121.493362890000071, -2.246234199999947 ], [ 121.49346490500011, -2.245981101999973 ], [ 121.493453301000045, -2.245727829999964 ], [ 121.493338598000037, -2.245555900999932 ], [ 121.493338581000103, -2.245555878999937 ], [ 121.493166870000096, -2.245374819999938 ], [ 121.492880495, -2.245148404999952 ], [ 121.492708060000041, -2.244786479999959 ], [ 121.49257087, -2.244605449999938 ], [ 121.492364270000053, -2.244433399999934 ], [ 121.492080145000045, -2.244253655999955 ], [ 121.491906048000033, -2.244143523999981 ], [ 121.491906004000043, -2.244143494999946 ], [ 121.491699400000016, -2.243989599999964 ], [ 121.491447905000086, -2.243781294999962 ], [ 121.491309695000041, -2.243546 ], [ 121.491274905000068, -2.243184199999973 ], [ 121.491262700000107, -2.242695799999979 ], [ 121.491262305000078, -2.242325 ], [ 121.49128436, -2.241945179999959 ], [ 121.4913638700001, -2.241393579999965 ], [ 121.491443470000036, -2.241004759999953 ], [ 121.491438470000048, -2.240521509999951 ], [ 121.491436705000069, -2.240351399999952 ], [ 121.491102400000045, -2.240223898999943 ], [ 121.49110235, -2.240223879999974 ], [ 121.490021900000102, -2.239812 ], [ 121.490058069000042, -2.239608608999959 ], [ 121.490074180000079, -2.239517929999977 ], [ 121.490103771, -2.239351367999973 ], [ 121.490184400000089, -2.238897299999962 ], [ 121.490260103000082, -2.238471195999978 ], [ 121.489927700000067, -2.238226699999927 ], [ 121.48973240600003, -2.237765226999954 ], [ 121.489526796000064, -2.237529902999938 ], [ 121.489526760000103, -2.237529869999946 ], [ 121.48946606700008, -2.237331649999931 ], [ 121.489399300000059, -2.237113699999952 ], [ 121.489036705000103, -2.235946897999952 ], [ 121.489036696000085, -2.235946870999953 ], [ 121.488974770000027, -2.235747629999935 ], [ 121.488915770000062, -2.235241099999939 ], [ 121.488852350000116, -2.234883799999977 ], [ 121.488788900000031, -2.234526499999959 ], [ 121.488352795000083, -2.233838699999978 ], [ 121.487917280000033, -2.233322739999949 ], [ 121.487849300000107, -2.232983469999965 ], [ 121.487766800000031, -2.232571899999925 ], [ 121.487766795000084, -2.232301 ], [ 121.487766795000084, -2.232300959999975 ], [ 121.487766700000066, -2.231893599999978 ], [ 121.487786259000018, -2.231544633999931 ], [ 121.48781077000001, -2.231106849999946 ], [ 121.48787879200006, -2.230519049999941 ], [ 121.487878798000111, -2.230519 ], [ 121.487946800000032, -2.229913199999942 ], [ 121.48804860000007, -2.229569604999938 ], [ 121.488105790000077, -2.229226 ], [ 121.48813920300006, -2.228882399999975 ], [ 121.48813920300006, -2.228882360999933 ], [ 121.488104600000042, -2.228421099999935 ], [ 121.488076700000079, -2.228189309999948 ], [ 121.488045780000107, -2.227932639999949 ], [ 121.487953970000035, -2.227335639999978 ], [ 121.487928940000074, -2.226918337999962 ], [ 121.487906200000111, -2.226539699999933 ], [ 121.487963100000115, -2.226132794999955 ], [ 121.487973650000072, -2.225671559999967 ], [ 121.487873905000015, -2.225435295999944 ], [ 121.487778804000072, -2.225210094999966 ], [ 121.487297495, -2.224775499999964 ], [ 121.486884307000082, -2.224413307999953 ], [ 121.486677880000116, -2.224069429999929 ], [ 121.486539811000057, -2.223608038999942 ], [ 121.486539803000028, -2.223607998999967 ], [ 121.486505105000106, -2.223255294999944 ], [ 121.486527160000037, -2.222785029999955 ], [ 121.486629506000099, -2.222215400999971 ], [ 121.486629515000118, -2.222215358999961 ], [ 121.486669250000091, -2.221957649999979 ], [ 121.486708980000117, -2.221699939999951 ], [ 121.486673560000099, -2.221157259999927 ], [ 121.486603360000117, -2.220524099999977 ], [ 121.486548590000098, -2.220137210999951 ], [ 121.486499600000116, -2.219791399999963 ], [ 121.486417886000027, -2.219211252999969 ], [ 121.486372190000111, -2.218886899999973 ], [ 121.486256260000118, -2.217955249999932 ], [ 121.48609543300006, -2.217322227999944 ], [ 121.486049405000017, -2.217141089999927 ], [ 121.486032059000081, -2.217025378999949 ], [ 121.485986660000094, -2.216722659999959 ], [ 121.485863580000114, -2.215901859999974 ], [ 121.485816590000013, -2.21517829499993 ], [ 121.485723205000113, -2.214156208999952 ], [ 121.48561867, -2.212817599999937 ], [ 121.485491603000014, -2.212057798999979 ], [ 121.485491599000056, -2.212057769999944 ], [ 121.485397770000077, -2.210610629999962 ], [ 121.485128160000045, -2.206965619999949 ], [ 121.485022960000038, -2.205382819999954 ], [ 121.485013255000013, -2.204953040999953 ], [ 121.485010905000081, -2.20484920499996 ], [ 121.485055070000044, -2.203673529999946 ], [ 121.485076460000073, -2.203058559999931 ], [ 121.485109570000077, -2.20223558999993 ], [ 121.48510848, -2.201711039999964 ], [ 121.485062005000032, -2.201258787999961 ], [ 121.484889301000067, -2.20064360899994 ], [ 121.484785400000078, -2.200218399999926 ], [ 121.484693900000025, -2.199856599999976 ], [ 121.484626714000115, -2.199459935999926 ], [ 121.484612697000102, -2.19937718999995 ], [ 121.484646270000098, -2.198970229999929 ], [ 121.484645828000112, -2.198683336999977 ], [ 121.484645200000045, -2.198301 ], [ 121.484673982000118, -2.197860429999935 ], [ 121.484690080000064, -2.197613679999961 ], [ 121.484713328000112, -2.197017130999939 ], [ 121.484723205000023, -2.19676359999994 ], [ 121.484723208000105, -2.196763568999927 ], [ 121.484881400000063, -2.195868399999938 ], [ 121.484905774000026, -2.195630817999927 ], [ 121.484925670000052, -2.195436589999929 ], [ 121.484951042000034, -2.195188953999946 ], [ 121.484972200000016, -2.19498219999997 ], [ 121.484981761000085, -2.194313615999931 ], [ 121.484981900000093, -2.194303899999966 ], [ 121.484981900000093, -2.194303869999942 ], [ 121.484980160000077, -2.193263799999954 ], [ 121.485059370000045, -2.192458969999961 ], [ 121.48506967000003, -2.191952509999965 ], [ 121.485206807000054, -2.191382889999943 ], [ 121.485445500000083, -2.190876699999933 ], [ 121.485833900000102, -2.190198699999939 ], [ 121.486176795, -2.189828299999931 ], [ 121.486690710000062, -2.18915955999995 ], [ 121.486828463000052, -2.189028765999979 ], [ 121.487090300000091, -2.188780099999974 ], [ 121.487424889000067, -2.188450626999952 ], [ 121.48753497000007, -2.188342209999973 ], [ 121.487614171000018, -2.188264210999932 ], [ 121.487695800000097, -2.188183799999933 ], [ 121.489147300000013, -2.186846798999966 ], [ 121.489147320000029, -2.18684677899995 ], [ 121.489490098000033, -2.186485397999945 ], [ 121.489490120000028, -2.186485369999957 ], [ 121.489707100000032, -2.186141899999939 ], [ 121.490049200000044, -2.185653899999977 ], [ 121.490300402000116, -2.18529240099997 ], [ 121.490300417000071, -2.185292377999929 ], [ 121.49043749000009, -2.185057369999925 ], [ 121.490564420000055, -2.18486046299995 ], [ 121.49073460000011, -2.184596399999975 ], [ 121.491031606000092, -2.184280194999928 ], [ 121.491385895, -2.184027304999972 ], [ 121.491899800000056, -2.183629894999967 ], [ 121.492193500000099, -2.183349499999963 ], [ 121.492448712000055, -2.183105894999926 ], [ 121.492871500000092, -2.182844 ], [ 121.493226800000116, -2.182708699999978 ], [ 121.493545991000019, -2.182636704999936 ], [ 121.493878670000072, -2.182582779999962 ], [ 121.494358605000116, -2.182529 ], [ 121.494804720000047, -2.182511359999978 ], [ 121.495212153000011, -2.182505692999939 ], [ 121.495411600000011, -2.182502899999974 ], [ 121.495706909000091, -2.182465271999945 ], [ 121.496326690000046, -2.182386269999938 ], [ 121.496670300000119, -2.18237758999993 ], [ 121.496979300000021, -2.182423101999973 ], [ 121.496979341000042, -2.182423106999977 ], [ 121.497425380000095, -2.182468769999957 ], [ 121.497613849000118, -2.182448464999936 ], [ 121.497758100000055, -2.182432899999981 ], [ 121.498009848000038, -2.182360823999943 ], [ 121.498009902000035, -2.182360804999973 ], [ 121.498294802000032, -2.182252603999927 ], [ 121.498294848000114, -2.182252584999958 ], [ 121.500000000000114, -2.181548899999939 ], [ 121.500051919000043, -2.181522520999977 ], [ 121.500055690000067, -2.181520594999938 ], [ 121.500474652000094, -2.181307906999962 ], [ 121.500784895000038, -2.18115040999993 ], [ 121.50088276300005, -2.181100737999941 ], [ 121.501046210000027, -2.181017769999926 ], [ 121.501488181000013, -2.180637654999941 ], [ 121.501608002000012, -2.180534600999977 ], [ 121.501889500000061, -2.179688299999953 ], [ 121.502492600000096, -2.177995799999962 ], [ 121.504157880000093, -2.174859438999931 ], [ 121.504157901000099, -2.174859399999946 ], [ 121.504885182000066, -2.173578637999981 ], [ 121.50488520600004, -2.173578604999932 ], [ 121.504899404000071, -2.17355360199997 ], [ 121.504899417000047, -2.17355357799994 ], [ 121.50562570000011, -2.172274499999958 ], [ 121.505914483000083, -2.171782123999947 ], [ 121.506027370000083, -2.171589609999955 ], [ 121.506027399000118, -2.171589602999973 ], [ 121.506548700000053, -2.171469198999944 ], [ 121.506548741000074, -2.17146919299995 ], [ 121.507310600000096, -2.17138929999993 ], [ 121.507527236000101, -2.171316967999928 ], [ 121.507912260000012, -2.171188359999974 ], [ 121.507963525000036, -2.17115750399995 ], [ 121.507995191000077, -2.171138405999955 ], [ 121.50847258500005, -2.170851106999976 ], [ 121.508714650000115, -2.170705409999925 ], [ 121.509103311000104, -2.170337699999948 ], [ 121.510293523000087, -2.170360566999932 ], [ 121.510295165000116, -2.170360315999972 ], [ 121.510297600000058, -2.170359899999937 ], [ 121.510297647000016, -2.170359892999954 ], [ 121.510370200000011, -2.170348799999942 ], [ 121.511249576000068, -2.170207656999935 ], [ 121.512054884, -2.170078366999974 ], [ 121.512288725000076, -2.169908953999936 ], [ 121.51232040900004, -2.169885995999948 ], [ 121.512592598000083, -2.169688801999939 ], [ 121.51318050000009, -2.168965 ], [ 121.513520296000024, -2.168546803999959 ], [ 121.515012673000115, -2.166222511999933 ], [ 121.515009746000032, -2.166222398999935 ], [ 121.515003900000011, -2.166222199999936 ], [ 121.515005236000093, -2.166220911999972 ], [ 121.51500666000004, -2.166219514999966 ], [ 121.516112073000045, -2.16513562199998 ], [ 121.516112098, -2.16513559699996 ], [ 121.518496700000014, -2.162797399999931 ], [ 121.518496730000038, -2.162797369999964 ], [ 121.518665579000071, -2.162712978999934 ], [ 121.518947, -2.162572299999965 ], [ 121.519328621000113, -2.162460867999926 ], [ 121.519629150000014, -2.16237308999996 ], [ 121.520184508000057, -2.162210891999962 ], [ 121.520324800000026, -2.161948699999925 ], [ 121.521968300000026, -2.160665799999947 ], [ 121.521998898000106, -2.160641958999975 ], [ 121.522032550000063, -2.160615689999929 ], [ 121.523859298000048, -2.159189696999931 ], [ 121.523859342000037, -2.15918966199996 ], [ 121.529577700000118, -2.154725699999972 ], [ 121.530476070000077, -2.154662005999967 ], [ 121.530476100000101, -2.154662003999931 ], [ 121.531063, -2.154638 ], [ 121.53122706900001, -2.154687701999933 ], [ 121.531277902000056, -2.154703093999956 ], [ 121.531277939, -2.154703103999964 ], [ 121.531959403000087, -2.154865005999966 ], [ 121.532360600000061, -2.154583199999934 ], [ 121.532857596000099, -2.153942074999975 ], [ 121.53320369000005, -2.153495569999961 ], [ 121.534447880000016, -2.152206759999956 ], [ 121.535169870000118, -2.151925269999936 ], [ 121.535336789000098, -2.151939417999927 ], [ 121.535651, -2.151966 ], [ 121.536252405000027, -2.151966609999931 ], [ 121.5365332, -2.151805599999932 ], [ 121.536733912000045, -2.151503625999965 ], [ 121.536854460000086, -2.151322199999925 ], [ 121.536854500000118, -2.151322195999967 ], [ 121.537536200000091, -2.151201904999937 ], [ 121.538338, -2.151283302999957 ], [ 121.538338040000099, -2.151283303999946 ], [ 121.539180091000048, -2.151243802999943 ], [ 121.539287400000035, -2.151216799999929 ], [ 121.53931909500011, -2.151208794999945 ], [ 121.540043400000059, -2.151026299999955 ], [ 121.540043451000088, -2.15102626099997 ], [ 121.540845900000022, -2.150462599999969 ], [ 121.541132096000069, -2.150309540999956 ], [ 121.541281200000071, -2.150229799999977 ], [ 121.541427000000112, -2.149835399999972 ], [ 121.54147479300002, -2.149820636999948 ], [ 121.541598900000054, -2.14978229999997 ], [ 121.541681525000058, -2.149799049999956 ], [ 121.541731100000106, -2.14980909999997 ], [ 121.541942471000084, -2.149982177999959 ], [ 121.541942499000015, -2.149982200999943 ], [ 121.542066802000022, -2.150088197999935 ], [ 121.542066829000078, -2.150088220999976 ], [ 121.542282305000072, -2.150266594999948 ], [ 121.542393900000093, -2.150359 ], [ 121.542616169000098, -2.150463793999961 ], [ 121.542725196000106, -2.150515206999955 ], [ 121.542799620000096, -2.150523600999975 ], [ 121.543007800000055, -2.150547099999926 ], [ 121.543007814000021, -2.150547072999927 ], [ 121.543165003000013, -2.15034190199998 ], [ 121.543165033000037, -2.150341855999955 ], [ 121.543203605000031, -2.150269604999949 ], [ 121.543267100000094, -2.150150699999926 ], [ 121.5433387060001, -2.150016471999947 ], [ 121.543401006000067, -2.149899700999924 ], [ 121.543464, -2.14966279999993 ], [ 121.543442674000062, -2.149534795999955 ], [ 121.543419100000051, -2.149393299999929 ], [ 121.543394813000077, -2.149247929999945 ], [ 121.543384410000044, -2.149185581999973 ], [ 121.543516705000116, -2.14909259999996 ], [ 121.543807599000047, -2.149039693999953 ], [ 121.543807641000058, -2.149039684999934 ], [ 121.544032451000021, -2.149000003999959 ], [ 121.544032500000071, -2.149 ], [ 121.544217700000104, -2.148893799999939 ], [ 121.544357913000113, -2.148726564999947 ], [ 121.544429400000013, -2.148641299999952 ], [ 121.544446029000028, -2.148517049999953 ], [ 121.544456100000048, -2.148441799999944 ], [ 121.544796600000041, -2.148790799999972 ], [ 121.545253900000034, -2.149550199999965 ], [ 121.545575500000041, -2.150337099999945 ], [ 121.547108700000081, -2.154088699999932 ], [ 121.547214500000109, -2.154347599999937 ], [ 121.548752, -2.158441799999935 ], [ 121.549467200000095, -2.16034639999998 ], [ 121.549814300000094, -2.161270699999932 ], [ 121.549817800000028, -2.161280099999942 ], [ 121.551108000000113, -2.163334199999952 ], [ 121.551461, -2.163896199999954 ], [ 121.55171160000009, -2.164295299999935 ], [ 121.552418400000079, -2.165420499999925 ], [ 121.5519686, -2.166236599999934 ], [ 121.551808300000062, -2.166527299999927 ], [ 121.551821, -2.166538 ], [ 121.552542800000083, -2.167142899999931 ], [ 121.5534953, -2.167941299999939 ], [ 121.553747700000031, -2.16816259999996 ], [ 121.555424, -2.169632299999932 ], [ 121.557648100000051, -2.171582399999977 ], [ 121.560931900000014, -2.173517699999934 ], [ 121.562305700000024, -2.173829799999965 ], [ 121.562551500000041, -2.173885599999949 ], [ 121.564745300000027, -2.174384 ], [ 121.56592790000002, -2.174713899999972 ], [ 121.566788, -2.17465169999997 ], [ 121.567656400000033, -2.174509499999942 ], [ 121.568020700000034, -2.174154599999952 ], [ 121.568034, -2.173729199999968 ], [ 121.568396700000108, -2.173426 ], [ 121.568832200000088, -2.173061899999936 ], [ 121.569211100000075, -2.17282309999996 ], [ 121.569455300000072, -2.172669199999973 ], [ 121.569951300000071, -2.172625899999957 ], [ 121.57013720000009, -2.172609699999953 ], [ 121.570682900000065, -2.172746299999972 ], [ 121.570761400000038, -2.173295099999962 ], [ 121.570717900000091, -2.17407959999997 ], [ 121.570794100000057, -2.174932399999932 ], [ 121.570793200000026, -2.175901499999952 ], [ 121.571139200000061, -2.176754599999924 ], [ 121.571639900000037, -2.176948899999957 ], [ 121.5718405, -2.176718699999981 ], [ 121.572673500000064, -2.175762899999938 ], [ 121.573452100000054, -2.17503679999993 ], [ 121.575302400000055, -2.174329199999931 ], [ 121.575925900000016, -2.174309 ], [ 121.576466200000027, -2.17455149999995 ], [ 121.576939800000105, -2.174974299999974 ], [ 121.577368300000103, -2.174817099999927 ], [ 121.5777577, -2.174561799999935 ], [ 121.578303400000095, -2.174678899999947 ], [ 121.579375600000049, -2.175226599999974 ], [ 121.580506, -2.175480199999924 ], [ 121.582882700000027, -2.178064099999972 ], [ 121.584609000000114, -2.177916399999958 ], [ 121.584786, -2.178736399999934 ], [ 121.586210200000096, -2.178556499999956 ], [ 121.586710100000118, -2.178647299999966 ], [ 121.587126100000091, -2.17832089999996 ], [ 121.587639200000012, -2.178189599999939 ], [ 121.588071700000114, -2.178276099999948 ], [ 121.588547200000107, -2.178079899999943 ], [ 121.588652100000104, -2.178117399999962 ], [ 121.58881990000009, -2.178177499999947 ], [ 121.589152800000079, -2.178296699999976 ], [ 121.589607200000046, -2.178644199999951 ], [ 121.590255800000023, -2.178687099999934 ], [ 121.591401500000075, -2.178490099999976 ], [ 121.592504, -2.178423699999939 ], [ 121.593174700000077, -2.178836199999978 ], [ 121.595078500000113, -2.180064499999958 ], [ 121.595597800000064, -2.18039959999993 ], [ 121.596373500000027, -2.180895599999928 ], [ 121.596942, -2.181259099999977 ], [ 121.597204, -2.181251299999929 ], [ 121.597235, -2.181250399999954 ], [ 121.598561100000097, -2.181657899999948 ], [ 121.599079900000106, -2.181635599999936 ], [ 121.599512100000084, -2.18141769999994 ], [ 121.599900700000035, -2.180917 ], [ 121.600160200000118, -2.180960199999959 ], [ 121.60056540000005, -2.181237399999929 ], [ 121.600822600000015, -2.181413299999974 ], [ 121.601761500000066, -2.182055499999933 ], [ 121.603081, -2.182958099999951 ], [ 121.603597200000081, -2.183362199999976 ], [ 121.6041629, -2.183805199999938 ], [ 121.604465600000026, -2.183804799999962 ], [ 121.605569100000025, -2.184630099999936 ], [ 121.606412800000044, -2.185086 ], [ 121.606974800000103, -2.185173 ], [ 121.608640300000047, -2.185714299999972 ], [ 121.609807900000078, -2.185843599999941 ], [ 121.61045660000002, -2.185929899999962 ], [ 121.610510600000111, -2.185939 ], [ 121.610521800000015, -2.185940899999935 ], [ 121.613994300000059, -2.186529 ], [ 121.616704, -2.184939699999973 ], [ 121.617411400000037, -2.184345399999927 ], [ 121.61906220000003, -2.183186199999966 ], [ 121.621422500000108, -2.183539799999949 ], [ 121.623115900000016, -2.184173899999962 ], [ 121.625081300000033, -2.184366799999964 ], [ 121.627244500000074, -2.184112499999969 ], [ 121.62909250000007, -2.183679799999936 ], [ 121.631009500000118, -2.183262299999967 ], [ 121.632336200000054, -2.183923399999969 ], [ 121.633403500000099, -2.184846899999968 ], [ 121.637411500000098, -2.184532699999977 ], [ 121.639736500000026, -2.184915099999955 ], [ 121.642450500000109, -2.185815799999943 ], [ 121.644414500000039, -2.18805569999995 ], [ 121.644959400000062, -2.187217799999928 ], [ 121.645530500000064, -2.188173 ], [ 121.647050100000115, -2.187693399999944 ], [ 121.648188300000015, -2.185971699999925 ], [ 121.649613600000066, -2.186065799999938 ], [ 121.650287, -2.184582199999966 ], [ 121.651968500000066, -2.184926299999972 ], [ 121.654668800000081, -2.185275399999966 ], [ 121.657024100000058, -2.185866399999952 ], [ 121.658448600000042, -2.18529129999996 ], [ 121.659066100000018, -2.182856199999947 ], [ 121.659870900000101, -2.182709099999954 ], [ 121.660566300000028, -2.183055699999954 ], [ 121.660158, -2.184620399999972 ], [ 121.661394900000118, -2.186243799999943 ], [ 121.663298200000099, -2.189109099999939 ], [ 121.665960400000017, -2.190826499999957 ], [ 121.665008900000089, -2.189585 ], [ 121.663487100000111, -2.188057499999957 ], [ 121.662630100000115, -2.186338 ], [ 121.662438700000052, -2.185095699999977 ], [ 121.665168300000119, -2.184961899999962 ], [ 121.666168800000037, -2.185413499999925 ], [ 121.670118000000116, -2.184805499999925 ], [ 121.674122900000043, -2.183362299999942 ], [ 121.678015200000118, -2.18068169999998 ], [ 121.68029480000007, -2.180105699999956 ], [ 121.680185700000038, -2.178594099999941 ], [ 121.677930500000116, -2.176838799999928 ], [ 121.677384700000061, -2.176218499999948 ], [ 121.676876100000072, -2.175486599999942 ], [ 121.676516300000117, -2.174791899999946 ], [ 121.676286800000071, -2.174047599999938 ], [ 121.675834100000088, -2.17358859999996 ], [ 121.675437100000067, -2.173216399999944 ], [ 121.675263400000063, -2.173142 ], [ 121.675207600000022, -2.172807099999943 ], [ 121.675561900000048, -2.172385599999927 ], [ 121.675554100000113, -2.172375599999953 ], [ 121.675973100000078, -2.172039499999926 ], [ 121.678067, -2.172808199999963 ], [ 121.679389600000036, -2.17335769999994 ], [ 121.680606300000022, -2.175236499999926 ], [ 121.681492400000025, -2.177005599999973 ], [ 121.682788800000026, -2.178288899999927 ], [ 121.68337130000009, -2.179436 ], [ 121.685062, -2.183594099999937 ], [ 121.686192300000016, -2.18444779999993 ], [ 121.686775, -2.185159 ], [ 121.68700600000011, -2.185568299999943 ], [ 121.687989700000116, -2.185523599999954 ], [ 121.690512700000113, -2.188339 ], [ 121.690569100000062, -2.188390599999934 ], [ 121.69345, -2.191026499999964 ], [ 121.694772400000033, -2.191581 ], [ 121.695403100000021, -2.191696799999931 ], [ 121.695978100000048, -2.191413599999976 ], [ 121.697852900000044, -2.190490199999942 ], [ 121.697865100000058, -2.190532799999971 ], [ 121.698029600000041, -2.191129899999964 ], [ 121.698029600000041, -2.191130099999953 ], [ 121.698039000000108, -2.191137199999957 ], [ 121.698036200000047, -2.191127199999926 ], [ 121.698040000000105, -2.191124799999955 ], [ 121.698038700000097, -2.191124 ], [ 121.6978620000001, -2.19049629999995 ], [ 121.699467600000048, -2.189859499999955 ], [ 121.699470100000099, -2.189867699999979 ], [ 121.699472600000036, -2.189876099999935 ], [ 121.699472300000025, -2.189876199999958 ], [ 121.699475500000062, -2.189885799999956 ], [ 121.699548600000071, -2.190131399999927 ], [ 121.699551600000063, -2.190141299999937 ], [ 121.699560400000109, -2.190147199999956 ], [ 121.699554, -2.19013 ], [ 121.699551600000063, -2.190129099999979 ], [ 121.69946630000004, -2.189854899999943 ], [ 121.700552100000095, -2.18949589999994 ], [ 121.700590600000055, -2.189483199999927 ], [ 121.700604000000112, -2.189484299999947 ], [ 121.702031100000113, -2.189107699999965 ], [ 121.703645600000073, -2.188681599999938 ], [ 121.704989700000056, -2.188377899999978 ], [ 121.705771800000093, -2.188734099999976 ], [ 121.706578400000012, -2.189045 ], [ 121.707274200000029, -2.189447 ], [ 121.708168500000056, -2.190132 ], [ 121.7087232, -2.190825199999949 ], [ 121.709084800000028, -2.191627599999947 ], [ 121.7095111000001, -2.192228 ], [ 121.710497800000098, -2.193407699999966 ], [ 121.711071900000093, -2.194075199999929 ], [ 121.711436400000025, -2.194306399999959 ], [ 121.7120969, -2.194725299999959 ], [ 121.713458500000115, -2.194744399999934 ], [ 121.713900600000102, -2.194700299999965 ], [ 121.715781700000093, -2.194644199999971 ], [ 121.7196255, -2.195472099999961 ], [ 121.721048500000052, -2.196559599999944 ], [ 121.722385900000063, -2.196975399999928 ], [ 121.723809, -2.198062899999968 ], [ 121.725233500000058, -2.199654499999951 ], [ 121.726408200000037, -2.201414799999952 ], [ 121.726410100000066, -2.201419099999953 ], [ 121.726414400000067, -2.201416699999925 ], [ 121.727353500000049, -2.203524399999935 ], [ 121.727341, -2.203547 ], [ 121.727757000000111, -2.205442699999935 ], [ 121.728431700000101, -2.207540699999925 ], [ 121.728607500000066, -2.210312299999941 ], [ 121.729117300000098, -2.213082799999938 ], [ 121.729204200000027, -2.213342199999943 ], [ 121.729204300000106, -2.213342799999964 ], [ 121.729600300000016, -2.214525 ], [ 121.729601200000047, -2.214523299999939 ], [ 121.729601800000069, -2.214525399999957 ], [ 121.729614300000094, -2.214567 ], [ 121.729876000000104, -2.215348499999948 ], [ 121.730313, -2.215837399999941 ], [ 121.73081, -2.216259899999955 ], [ 121.731096400000069, -2.216455699999926 ], [ 121.731252, -2.216562 ], [ 121.73183680000011, -2.21649489999993 ], [ 121.732068500000082, -2.216573699999969 ], [ 121.732304200000044, -2.216975799999943 ], [ 121.732342100000096, -2.217040399999973 ], [ 121.732639200000108, -2.217358499999932 ], [ 121.732919600000059, -2.217658799999924 ], [ 121.733268700000053, -2.217888199999948 ], [ 121.7335250000001, -2.218056699999977 ], [ 121.733750100000066, -2.218204599999979 ], [ 121.733894400000054, -2.218422799999928 ], [ 121.734180300000048, -2.218686099999957 ], [ 121.73432, -2.218920699999956 ], [ 121.73470210000005, -2.219188799999927 ], [ 121.735357900000054, -2.219578099999978 ], [ 121.735616100000016, -2.219695099999967 ], [ 121.735774500000048, -2.219766799999945 ], [ 121.736383800000112, -2.21990379999994 ], [ 121.736835500000097, -2.220075399999928 ], [ 121.737483000000111, -2.220238799999947 ], [ 121.738119700000084, -2.220517199999961 ], [ 121.738795400000072, -2.220999899999924 ], [ 121.739550400000098, -2.221597699999961 ], [ 121.740209500000105, -2.222241399999973 ], [ 121.740209600000071, -2.222241499999939 ], [ 121.74080820000006, -2.222939599999961 ], [ 121.740754800000104, -2.222970399999951 ], [ 121.741039400000091, -2.223176899999942 ], [ 121.742149900000072, -2.225120199999935 ], [ 121.74276860000009, -2.226666899999941 ], [ 121.742843500000049, -2.228672299999971 ], [ 121.743399100000033, -2.231483599999933 ], [ 121.743541400000026, -2.232191399999977 ], [ 121.74532750000003, -2.234468899999968 ], [ 121.745711700000015, -2.235108399999945 ], [ 121.7461598000001, -2.235811699999942 ], [ 121.746861800000033, -2.236272499999927 ], [ 121.747582100000045, -2.236892199999943 ], [ 121.748330500000066, -2.237406499999963 ], [ 121.7490745, -2.238312399999927 ], [ 121.749638100000084, -2.238494499999945 ], [ 121.7498716, -2.23857 ], [ 121.750977100000114, -2.238560599999971 ], [ 121.751900200000023, -2.238552799999979 ], [ 121.753686300000027, -2.239119 ], [ 121.75451970000006, -2.23977009999993 ], [ 121.755158800000117, -2.240283199999965 ], [ 121.755672000000118, -2.242209599999967 ], [ 121.75593630000003, -2.243425599999966 ], [ 121.755936600000041, -2.243427299999951 ], [ 121.755993000000103, -2.243686599999933 ], [ 121.756059500000106, -2.245870599999932 ], [ 121.756260000000111, -2.247241899999949 ], [ 121.756284800000117, -2.247411899999975 ], [ 121.756862100000035, -2.249595199999931 ], [ 121.758090500000094, -2.250866599999938 ], [ 121.758408600000053, -2.250946899999974 ], [ 121.75846, -2.250910099999942 ], [ 121.75938670000005, -2.251519199999962 ], [ 121.760600400000044, -2.251935299999957 ], [ 121.76114318000009, -2.252201137999975 ], [ 121.761974100000089, -2.252608099999975 ], [ 121.763077700000053, -2.253152399999976 ], [ 121.763922800000046, -2.253569199999959 ], [ 121.764298, -2.253734699999939 ], [ 121.764721400000099, -2.253921499999933 ], [ 121.765296600000056, -2.254274099999975 ], [ 121.7660955, -2.254915499999925 ], [ 121.766665800000055, -2.254965599999935 ], [ 121.76672837600006, -2.254990593999935 ], [ 121.766636817000062, -2.253646329999981 ], [ 121.76703047400008, -2.253830035999954 ], [ 121.767266668000048, -2.254144960999952 ], [ 121.767712811000024, -2.254696079999974 ], [ 121.768027736000022, -2.254407398999945 ], [ 121.768867537, -2.254013741999927 ], [ 121.770205968000027, -2.254512373999944 ], [ 121.770757087000106, -2.254013741999927 ], [ 121.771491912000101, -2.252859016999935 ], [ 121.772567906000063, -2.251966728999946 ], [ 121.774431213000071, -2.253462622999962 ], [ 121.776898126000106, -2.253567597999961 ], [ 121.777449244000081, -2.256191973999933 ], [ 121.775271013000065, -2.25823898699997 ], [ 121.77595335, -2.259262492999937 ], [ 121.776609444000087, -2.259866098999964 ], [ 121.777921632000016, -2.261257017999981 ], [ 121.777554219000081, -2.263067837999927 ], [ 121.777842901000099, -2.263723930999959 ], [ 121.779811182000117, -2.265036118999944 ], [ 121.779548745000056, -2.267896687999951 ], [ 121.777547048000088, -2.266974871999935 ], [ 121.777476900000011, -2.268937899999969 ], [ 121.777551926000115, -2.269161146999977 ], [ 121.777878400000077, -2.270132599999954 ], [ 121.778294600000095, -2.270950299999924 ], [ 121.7782701000001, -2.270972299999926 ], [ 121.778359900000055, -2.271151599999939 ], [ 121.778361800000084, -2.27115219999996 ], [ 121.779549800000041, -2.271561599999927 ], [ 121.780452500000024, -2.272340499999927 ], [ 121.780495900000119, -2.272373099999925 ], [ 121.781148, -2.27286179999993 ], [ 121.781273100000021, -2.272955499999966 ], [ 121.7819091, -2.273283499999934 ], [ 121.782426792000024, -2.273340977999965 ], [ 121.782832300000109, -2.273386 ], [ 121.782837600000107, -2.273393899999974 ], [ 121.783460300000115, -2.274309799999969 ], [ 121.783570900000086, -2.274472499999945 ], [ 121.7840427000001, -2.275968899999953 ], [ 121.784640800000034, -2.27660179999998 ], [ 121.785089, -2.277075899999943 ], [ 121.785581400000069, -2.277280899999937 ], [ 121.786073800000054, -2.277342399999952 ], [ 121.786402, -2.277342399999952 ], [ 121.78651590000004, -2.277404099999956 ], [ 121.7865342, -2.277413899999942 ], [ 121.786894400000051, -2.277608899999962 ], [ 121.787211600000091, -2.277909199999954 ], [ 121.787266600000066, -2.27791469999994 ], [ 121.787586500000089, -2.278325699999925 ], [ 121.787700700000073, -2.278850699999964 ], [ 121.789277200000015, -2.280745599999932 ], [ 121.789505700000063, -2.281270699999936 ], [ 121.790191100000015, -2.282412199999953 ], [ 121.791356400000041, -2.283005699999933 ], [ 121.794395100000088, -2.287366199999951 ], [ 121.795103400000016, -2.288073899999972 ], [ 121.795560400000113, -2.288302199999976 ], [ 121.797045500000081, -2.28928389999993 ], [ 121.799599900000089, -2.289758199999937 ], [ 121.799600500000111, -2.289757799999961 ], [ 121.799601400000029, -2.289758499999948 ], [ 121.799627300000111, -2.289763299999947 ], [ 121.799616100000094, -2.289770899999951 ], [ 121.799619100000086, -2.289773399999945 ], [ 121.799624000000108, -2.289769299999932 ], [ 121.801641400000108, -2.289589799999931 ], [ 121.8026, -2.290166699999929 ], [ 121.804771800000026, -2.290742099999932 ], [ 121.806240600000024, -2.290868699999976 ], [ 121.807166900000084, -2.291156599999965 ], [ 121.807845400000019, -2.291428599999961 ], [ 121.807878, -2.291475199999979 ], [ 121.80787620000001, -2.29143449999998 ], [ 121.807875200000012, -2.291410799999937 ], [ 121.807877700000063, -2.291412099999945 ], [ 121.807944500000076, -2.291447399999925 ], [ 121.80820390000008, -2.291496699999925 ], [ 121.808503200000018, -2.291383199999927 ], [ 121.809976800000072, -2.291442 ], [ 121.810972000000106, -2.291524199999969 ], [ 121.811509500000057, -2.291568599999948 ], [ 121.811609500000031, -2.291593599999942 ], [ 121.812659200000098, -2.291856099999961 ], [ 121.813744900000074, -2.291919 ], [ 121.814575000000104, -2.29191789999993 ], [ 121.81506800000011, -2.291917299999966 ], [ 121.815692400000103, -2.291916499999957 ], [ 121.816841300000078, -2.291497499999934 ], [ 121.81750860000011, -2.291409199999975 ], [ 121.817589200000043, -2.291420099999925 ], [ 121.81815030000007, -2.291495899999973 ], [ 121.819127300000105, -2.291794699999969 ], [ 121.820081600000094, -2.292086499999925 ], [ 121.820546300000046, -2.292616899999928 ], [ 121.821345300000075, -2.293290299999967 ], [ 121.822399200000064, -2.293513799999971 ], [ 121.82325220000007, -2.293512699999951 ], [ 121.823377800000117, -2.293512499999963 ], [ 121.823388900000054, -2.293512499999963 ], [ 121.824155300000029, -2.293575699999963 ], [ 121.824762300000089, -2.293896099999927 ], [ 121.825050300000044, -2.294409599999938 ], [ 121.825113500000043, -2.295045699999946 ], [ 121.825184400000012, -2.295757899999955 ], [ 121.825247600000012, -2.296393899999941 ], [ 121.825309, -2.29701069999993 ], [ 121.825807900000086, -2.298343599999953 ], [ 121.826151300000106, -2.298755299999925 ], [ 121.826895300000047, -2.299157599999944 ], [ 121.827209500000095, -2.299630299999933 ], [ 121.827641500000027, -2.300260699999967 ], [ 121.827799400000117, -2.301206799999932 ], [ 121.827772200000027, -2.302109199999961 ], [ 121.8277984, -2.302628299999981 ], [ 121.828232700000058, -2.302822799999944 ], [ 121.828233200000113, -2.303217099999927 ], [ 121.82827420000001, -2.304676 ], [ 121.828353800000059, -2.305622199999959 ], [ 121.828864100000033, -2.306134099999952 ], [ 121.82921680000004, -2.306094199999961 ], [ 121.829369700000029, -2.306568599999935 ], [ 121.829492800000025, -2.307355599999937 ], [ 121.82985640000004, -2.307795899999974 ], [ 121.830317100000116, -2.308222 ], [ 121.830176700000038, -2.308598399999937 ], [ 121.83012210000004, -2.309050299999967 ], [ 121.83027340000001, -2.309336899999948 ], [ 121.830581100000018, -2.309534399999961 ], [ 121.831142100000079, -2.309719299999927 ], [ 121.831652900000108, -2.310664899999949 ], [ 121.831850300000042, -2.311768699999959 ], [ 121.831969200000117, -2.312754299999938 ], [ 121.831892200000084, -2.313858399999958 ], [ 121.832010900000114, -2.314686299999948 ], [ 121.83250492500008, -2.315602804999969 ], [ 121.832796700000017, -2.316144099999974 ], [ 121.83345010000005, -2.316880699999956 ], [ 121.834099900000069, -2.317555499999969 ], [ 121.834681400000022, -2.318665199999941 ], [ 121.834639800000105, -2.320861299999933 ], [ 121.834284400000115, -2.322834399999977 ], [ 121.83427620000009, -2.322879899999975 ], [ 121.834220500000015, -2.323189 ], [ 121.834360300000071, -2.32433629999997 ], [ 121.834775800000102, -2.32492689999998 ], [ 121.835295, -2.325413 ], [ 121.83588050000003, -2.325705899999946 ], [ 121.836264, -2.326350499999933 ], [ 121.836576300000047, -2.327219399999933 ], [ 121.836589295000067, -2.327253858999939 ], [ 121.836864600000013, -2.327983899999936 ], [ 121.836867, -2.328666 ], [ 121.836715300000037, -2.329886399999964 ], [ 121.83668380000006, -2.33014 ], [ 121.836744034000048, -2.330785600999945 ], [ 121.8367938, -2.331319 ], [ 121.836859000000118, -2.332017399999927 ], [ 121.836881872000049, -2.332154292999974 ], [ 121.83697450000011, -2.332708699999955 ], [ 121.836965600000099, -2.332708799999978 ], [ 121.837003900000013, -2.332889799999975 ], [ 121.837010400000054, -2.332920699999931 ], [ 121.837000000000103, -2.332941499999947 ], [ 121.837057200000118, -2.333203799999978 ], [ 121.837122300000033, -2.333502299999964 ], [ 121.837304172000017, -2.333735470999954 ], [ 121.837681400000065, -2.334219099999927 ], [ 121.837726100000054, -2.334276399999965 ], [ 121.838417900000081, -2.334623199999953 ], [ 121.83878940000011, -2.334995799999945 ], [ 121.838957200000095, -2.335689899999977 ], [ 121.8390061, -2.335914899999977 ], [ 121.839061300000026, -2.336168699999973 ], [ 121.839245000000119, -2.337179399999968 ], [ 121.83953560000009, -2.33716469999996 ], [ 121.839538300000072, -2.337863899999945 ], [ 121.839718900000094, -2.338825699999973 ], [ 121.840078700000049, -2.339667099999929 ], [ 121.840259200000105, -2.340568799999971 ], [ 121.840259700000047, -2.340929499999959 ], [ 121.840141500000072, -2.342012 ], [ 121.840262300000063, -2.342973899999947 ], [ 121.840263300000061, -2.343695499999967 ], [ 121.840204800000038, -2.344657599999948 ], [ 121.840385400000059, -2.345619499999941 ], [ 121.840924500000028, -2.346460499999978 ], [ 121.841164300000059, -2.347061499999938 ], [ 121.841882600000076, -2.347782099999961 ], [ 121.841778200000022, -2.348147299999937 ], [ 121.841943, -2.348167499999931 ], [ 121.842387500000086, -2.348646099999939 ], [ 121.842386600000054, -2.348906499999941 ], [ 121.842389200000071, -2.34890669999993 ], [ 121.842815800000039, -2.348948899999925 ], [ 121.843265300000098, -2.349108899999976 ], [ 121.843268600000101, -2.349110099999962 ], [ 121.843509200000085, -2.349099399999943 ], [ 121.843741, -2.349365699999964 ], [ 121.844436300000098, -2.34944669999993 ], [ 121.845178, -2.349956199999951 ], [ 121.84536920000005, -2.350138399999935 ], [ 121.845676300000036, -2.350430899999935 ], [ 121.846278900000016, -2.350627799999927 ], [ 121.847032100000092, -2.350824599999953 ], [ 121.847657900000058, -2.351299399999959 ], [ 121.847881900000061, -2.35170839999995 ], [ 121.848305700000083, -2.351982199999952 ], [ 121.848430600000029, -2.352140799999972 ], [ 121.848561500000073, -2.352307099999962 ], [ 121.849523700000077, -2.352630899999951 ], [ 121.849917700000105, -2.352630899999951 ], [ 121.850508700000091, -2.352642499999945 ], [ 121.851319900000021, -2.352793 ], [ 121.852247, -2.352897199999973 ], [ 121.853035, -2.353302499999927 ], [ 121.853376300000036, -2.353778199999965 ], [ 121.853397800000039, -2.353781599999934 ], [ 121.853540200000111, -2.353892799999926 ], [ 121.853881600000022, -2.35415949999998 ], [ 121.854010900000048, -2.35431449999993 ], [ 121.854212300000086, -2.354555799999957 ], [ 121.854620100000034, -2.355044299999975 ], [ 121.854822700000113, -2.355383599999925 ], [ 121.854936600000087, -2.355763699999954 ], [ 121.855014400000073, -2.356023099999959 ], [ 121.855130748000079, -2.35641144899995 ], [ 121.855148200000031, -2.356469699999934 ], [ 121.855366500000059, -2.357198 ], [ 121.855483100000015, -2.357587199999955 ], [ 121.855649500000027, -2.357744199999956 ], [ 121.855927900000097, -2.358737599999927 ], [ 121.856113, -2.359398299999953 ], [ 121.856124100000102, -2.360247399999935 ], [ 121.856135100000074, -2.360633399999926 ], [ 121.856333800000016, -2.361085499999945 ], [ 121.856488300000024, -2.361989799999947 ], [ 121.856686900000113, -2.362695499999973 ], [ 121.856984900000043, -2.363246899999979 ], [ 121.857415400000036, -2.363665899999944 ], [ 121.857513800000106, -2.363794799999937 ], [ 121.857618070000058, -2.363931450999928 ], [ 121.858088600000087, -2.364548099999979 ], [ 121.8581517, -2.364890199999934 ], [ 121.858858300000065, -2.365244399999938 ], [ 121.859759100000019, -2.365591499999937 ], [ 121.860106300000098, -2.366322499999967 ], [ 121.860557500000027, -2.367053399999975 ], [ 121.86087, -2.367679899999928 ], [ 121.862256500000058, -2.368757799999969 ], [ 121.862776600000075, -2.369244799999933 ], [ 121.8634925, -2.369806199999971 ], [ 121.864476700000068, -2.371715499999937 ], [ 121.864621200000101, -2.372963899999945 ], [ 121.86461810000003, -2.373874899999976 ], [ 121.864896300000055, -2.374710499999935 ], [ 121.865415300000109, -2.375039099999981 ], [ 121.866039700000101, -2.375196599999924 ], [ 121.866605900000081, -2.375643199999956 ], [ 121.866876843000114, -2.375998120999952 ], [ 121.867039119000083, -2.376210693999951 ], [ 121.867114700000116, -2.376309699999979 ], [ 121.867565800000079, -2.377005699999927 ], [ 121.867947700000059, -2.377771499999938 ], [ 121.868398100000036, -2.377945 ], [ 121.868849800000021, -2.379024199999947 ], [ 121.868919800000072, -2.379206 ], [ 121.869267200000081, -2.380451699999981 ], [ 121.869473900000116, -2.38093989999993 ], [ 121.870135100000084, -2.38205279999994 ], [ 121.870621200000073, -2.383027399999946 ], [ 121.870726300000115, -2.383898099999954 ], [ 121.870381800000018, -2.38522219999993 ], [ 121.870244800000023, -2.386336899999947 ], [ 121.870211300000051, -2.387207799999942 ], [ 121.8699358, -2.388322799999969 ], [ 121.87011050000001, -2.389472 ], [ 121.87028440000006, -2.389994199999933 ], [ 121.870180900000037, -2.39030779999996 ], [ 121.870320000000106, -2.390725599999939 ], [ 121.870563100000027, -2.391282599999954 ], [ 121.870656500000109, -2.391383499999961 ], [ 121.870647900000108, -2.391392399999972 ], [ 121.870749, -2.39148339999997 ], [ 121.871079100000088, -2.391780499999925 ], [ 121.8710886, -2.391788299999973 ], [ 121.873277900000062, -2.393591199999946 ], [ 121.873622800000021, -2.394151699999952 ], [ 121.8739246, -2.394496599999968 ], [ 121.871883700000012, -2.395371299999965 ], [ 121.871809800000051, -2.395403 ], [ 121.873650200000043, -2.395040199999926 ], [ 121.875345, -2.393574899999976 ], [ 121.875431800000115, -2.393540499999972 ], [ 121.875919600000088, -2.393313199999966 ], [ 121.876108400000021, -2.394106 ], [ 121.875808800000073, -2.394672899999932 ], [ 121.875428, -2.396004 ], [ 121.874986800000102, -2.397581899999977 ], [ 121.874763100000109, -2.398752899999977 ], [ 121.8745781, -2.400754699999936 ], [ 121.874655, -2.402038599999969 ], [ 121.874718466000104, -2.402256403999957 ], [ 121.874919, -2.402944599999955 ], [ 121.875417900000116, -2.403620099999955 ], [ 121.875671300000022, -2.403963199999964 ], [ 121.876170600000023, -2.404697499999941 ], [ 121.876235600000086, -2.404793199999972 ], [ 121.876526700000113, -2.40501009999997 ], [ 121.877551, -2.405773299999964 ], [ 121.878039200000103, -2.405848099999957 ], [ 121.878134800000112, -2.405944 ], [ 121.878452800000105, -2.406263 ], [ 121.878582493000067, -2.406369665999932 ], [ 121.880014862000053, -2.406901991999973 ], [ 121.880829551000033, -2.407587070999966 ], [ 121.881773850000059, -2.408568400999968 ], [ 121.881986200000028, -2.409317 ], [ 121.882830800000079, -2.410320899999931 ], [ 121.883619600000088, -2.411291 ], [ 121.884208600000079, -2.411686499999973 ], [ 121.884796100000017, -2.412080899999978 ], [ 121.886118500000066, -2.412417699999935 ], [ 121.886290800000097, -2.412461599999972 ], [ 121.887326200000075, -2.412718799999936 ], [ 121.88832160000004, -2.413011199999971 ], [ 121.888335100000063, -2.413219099999935 ], [ 121.888388100000043, -2.414037699999938 ], [ 121.888384300000098, -2.414158399999963 ], [ 121.888363200000072, -2.414819199999954 ], [ 121.888532600000076, -2.41547879999996 ], [ 121.888588842000104, -2.41565869599998 ], [ 121.888748100000043, -2.416168099999936 ], [ 121.889089800000079, -2.417115499999966 ], [ 121.889857300000017, -2.417095199999949 ], [ 121.889989700000115, -2.417181099999937 ], [ 121.890776100000039, -2.417691399999967 ], [ 121.890866500000016, -2.417750099999978 ], [ 121.891864300000066, -2.418657899999971 ], [ 121.892709300000092, -2.419240399999978 ], [ 121.893088700000021, -2.419343399999946 ], [ 121.893630500000086, -2.419490599999961 ], [ 121.893966300000102, -2.419657899999947 ], [ 121.894189434000054, -2.41976912299998 ], [ 121.894711600000051, -2.420029399999976 ], [ 121.894768500000055, -2.420905699999935 ], [ 121.894817100000068, -2.421013099999925 ], [ 121.895033800000078, -2.421492499999943 ], [ 121.895373900000095, -2.422984 ], [ 121.895511600000077, -2.423588 ], [ 121.89609310000003, -2.424436199999946 ], [ 121.89722190000009, -2.425293 ], [ 121.897627700000044, -2.425441699999965 ], [ 121.89835770000002, -2.425709199999972 ], [ 121.898677500000076, -2.425868599999944 ], [ 121.899195, -2.426126499999953 ], [ 121.900131700000088, -2.426234799999975 ], [ 121.900566300000037, -2.426384499999926 ], [ 121.902170800000022, -2.426937099999975 ], [ 121.902811300000053, -2.427990199999954 ], [ 121.90357640000002, -2.428508399999942 ], [ 121.904886900000065, -2.429413099999977 ], [ 121.905405400000063, -2.429840499999955 ], [ 121.905687700000044, -2.430073199999924 ], [ 121.906124100000056, -2.430855099999974 ], [ 121.906295000000114, -2.431187899999941 ], [ 121.906487800000036, -2.431563599999947 ], [ 121.907555100000081, -2.43290769999993 ], [ 121.907749200000012, -2.433420699999942 ], [ 121.908180500000071, -2.43456029999993 ], [ 121.9086115, -2.435333299999968 ], [ 121.909484300000031, -2.435874599999977 ], [ 121.909517600000072, -2.43589529999997 ], [ 121.909770600000115, -2.436323899999934 ], [ 121.910062700000026, -2.436818599999981 ], [ 121.910416900000087, -2.437062 ], [ 121.9111994000001, -2.438089199999979 ], [ 121.911486100000047, -2.43887 ], [ 121.911562100000083, -2.439305499999932 ], [ 121.91176530000007, -2.439869099999953 ], [ 121.911891600000104, -2.441201 ], [ 121.91192060000003, -2.442276599999957 ], [ 121.911737300000027, -2.44314739999993 ], [ 121.911287100000095, -2.444391399999972 ], [ 121.911850100000038, -2.446235499999943 ], [ 121.911893900000109, -2.446379099999945 ], [ 121.91209230000004, -2.447988599999974 ], [ 121.912948500000084, -2.448773899999935 ], [ 121.913099300000113, -2.449323599999957 ], [ 121.914371500000016, -2.450818799999979 ], [ 121.916014100000098, -2.453381599999943 ], [ 121.916257800000039, -2.453747899999939 ], [ 121.916840500000035, -2.454624199999955 ], [ 121.917570800000021, -2.455722099999946 ], [ 121.917677700000013, -2.45585669999997 ], [ 121.91864970000006, -2.457080099999928 ], [ 121.9189503, -2.45745839999995 ], [ 121.920456400000035, -2.458439399999975 ], [ 121.921566100000064, -2.459162299999946 ], [ 121.921792500000038, -2.459309799999971 ], [ 121.922959100000071, -2.459905299999946 ], [ 121.923859500000049, -2.461223 ], [ 121.924257800000078, -2.461273299999959 ], [ 121.9252404, -2.461397199999965 ], [ 121.926277700000014, -2.462342899999953 ], [ 121.926963200000046, -2.463292499999966 ], [ 121.927520700000059, -2.463422399999956 ], [ 121.927803900000072, -2.46324379999993 ], [ 121.927985700000022, -2.463129099999946 ], [ 121.928035400000113, -2.463422799999933 ], [ 121.928504500000031, -2.463973799999962 ], [ 121.928867500000024, -2.464400199999943 ], [ 121.929365600000096, -2.464985299999967 ], [ 121.929599, -2.465672 ], [ 121.929790400000115, -2.466235099999949 ], [ 121.929920100000118, -2.466616699999975 ], [ 121.930562500000065, -2.467399099999966 ], [ 121.930566000000113, -2.467406899999958 ], [ 121.930689, -2.467682399999944 ], [ 121.930990700000052, -2.468731399999967 ], [ 121.931344600000102, -2.469703799999934 ], [ 121.931378600000016, -2.469936899999936 ], [ 121.931461100000092, -2.470500499999957 ], [ 121.931955800000082, -2.47122029999997 ], [ 121.932772200000045, -2.472210799999971 ], [ 121.9337637000001, -2.473413599999958 ], [ 121.933817700000077, -2.473479099999963 ], [ 121.934116900000049, -2.474454699999967 ], [ 121.934060500000101, -2.475355599999943 ], [ 121.934574600000019, -2.475772399999926 ], [ 121.934831500000087, -2.476448799999957 ], [ 121.935794100000066, -2.476589499999932 ], [ 121.936385500000029, -2.476986699999941 ], [ 121.936977100000036, -2.477086399999962 ], [ 121.937474200000111, -2.476883599999951 ], [ 121.938188, -2.477561699999967 ], [ 121.938942000000111, -2.477244699999972 ], [ 121.939574500000049, -2.477516199999968 ], [ 121.94004910000001, -2.477946899999949 ], [ 121.940105800000083, -2.478072599999962 ], [ 121.940378, -2.478676099999973 ], [ 121.940892, -2.478985799999975 ], [ 121.941337800000042, -2.479639899999938 ], [ 121.941610500000024, -2.480532899999957 ], [ 121.941943100000117, -2.482327 ], [ 121.941501300000027, -2.485595199999977 ], [ 121.941329400000086, -2.487625899999955 ], [ 121.9413293, -2.487628 ], [ 121.941298943000106, -2.487986717999945 ], [ 121.941272600000048, -2.488298 ], [ 121.941549400000099, -2.489531299999953 ], [ 121.941883800000028, -2.489820099999974 ], [ 121.94188650000001, -2.489820499999951 ], [ 121.9419464, -2.489871799999946 ], [ 121.942142868000019, -2.490040223999927 ], [ 121.942681300000118, -2.490501799999947 ], [ 121.942675800000075, -2.490505799999937 ], [ 121.94273730000009, -2.490527199999974 ], [ 121.942772200000036, -2.490501799999947 ], [ 121.942748500000107, -2.490487499999972 ], [ 121.942952600000012, -2.490573299999937 ], [ 121.942777700000079, -2.491224099999954 ], [ 121.942918300000088, -2.492048799999964 ], [ 121.943236100000036, -2.492718399999944 ], [ 121.943294700000024, -2.492842 ], [ 121.943505200000118, -2.493150499999956 ], [ 121.943932400000108, -2.493212199999959 ], [ 121.944442700000081, -2.493285799999967 ], [ 121.944738600000051, -2.493328599999927 ], [ 121.94487150000009, -2.494048 ], [ 121.94492436500002, -2.49414272599995 ], [ 121.94516120000003, -2.494567099999927 ], [ 121.9460788, -2.494716 ], [ 121.946371200000044, -2.494763499999976 ], [ 121.947405700000104, -2.495189399999958 ], [ 121.947799500000087, -2.495620599999938 ], [ 121.948296200000073, -2.496017399999971 ], [ 121.949133500000016, -2.497314199999948 ], [ 121.949232700000039, -2.498547699999961 ], [ 121.949439200000029, -2.499140299999965 ], [ 121.94956470000011, -2.499500499999954 ], [ 121.949743500000068, -2.500002699999925 ], [ 121.950200600000016, -2.500587499999938 ], [ 121.950466, -2.500927099999956 ], [ 121.950498300000049, -2.501335 ], [ 121.950560900000028, -2.502127199999961 ], [ 121.951462800000058, -2.503227 ], [ 121.95165760000009, -2.503464599999973 ], [ 121.9520185, -2.503904699999964 ], [ 121.952376500000014, -2.504381199999955 ], [ 121.952580900000044, -2.504754699999978 ], [ 121.953066900000067, -2.505167 ], [ 121.953406400000063, -2.505651299999954 ], [ 121.953643900000088, -2.505990099999963 ], [ 121.953833900000063, -2.506377599999951 ], [ 121.953936000000112, -2.506648 ], [ 121.954012700000021, -2.506854 ], [ 121.954014900000061, -2.506854499999974 ], [ 121.954297100000076, -2.50692209999994 ], [ 121.954774200000088, -2.507893399999944 ], [ 121.954994500000112, -2.508341899999948 ], [ 121.955136300000049, -2.508795 ], [ 121.955214, -2.509043199999951 ], [ 121.955738600000018, -2.509185199999934 ], [ 121.955778200000054, -2.509476 ], [ 121.955819600000041, -2.509779499999979 ], [ 121.955548100000101, -2.51000629999993 ], [ 121.955328100000088, -2.510330499999952 ], [ 121.955503, -2.510474599999952 ], [ 121.955750200000011, -2.510678299999938 ], [ 121.956410800000072, -2.510809399999971 ], [ 121.956662700000038, -2.511475 ], [ 121.957185100000061, -2.512855299999956 ], [ 121.95720029600011, -2.512928617999933 ], [ 121.957418017, -2.51397906099993 ], [ 121.9575029, -2.514388599999961 ], [ 121.95751220000011, -2.514804599999934 ], [ 121.95751370000005, -2.514809399999933 ], [ 121.957612900000072, -2.515120699999954 ], [ 121.957699800000114, -2.515614 ], [ 121.957819100000052, -2.516354499999977 ], [ 121.958194200000094, -2.516887 ], [ 121.958195300000057, -2.516888499999936 ], [ 121.958468900000071, -2.517302 ], [ 121.959204100000079, -2.518439 ], [ 121.959574700000076, -2.518891099999962 ], [ 121.95983590000003, -2.519209599999954 ], [ 121.960230400000114, -2.519627899999932 ], [ 121.960792400000059, -2.519566199999929 ], [ 121.961127179000073, -2.519828694999944 ], [ 121.961630700000114, -2.520223499999929 ], [ 121.962281500000017, -2.521079 ], [ 121.962488800000074, -2.52135149999998 ], [ 121.963135900000111, -2.52204329999995 ], [ 121.962932900000055, -2.522626 ], [ 121.963309300000105, -2.522901799999943 ], [ 121.963510800000108, -2.523075799999958 ], [ 121.963840400000095, -2.523100299999953 ], [ 121.963909, -2.523105399999963 ], [ 121.964231500000096, -2.523129299999937 ], [ 121.964250415000038, -2.523130708999929 ], [ 121.964567000000102, -2.523154299999931 ], [ 121.965063900000018, -2.523611699999947 ], [ 121.965263400000026, -2.523795299999961 ], [ 121.965944400000012, -2.524694599999975 ], [ 121.966421700000069, -2.52558259999995 ], [ 121.966714600000046, -2.52612739999995 ], [ 121.966833300000076, -2.526348299999938 ], [ 121.967201900000077, -2.526977699999975 ], [ 121.967359876000046, -2.52724732799993 ], [ 121.967448800000057, -2.527399099999968 ], [ 121.96780780000006, -2.52801919999996 ], [ 121.967811600000118, -2.528022499999963 ], [ 121.968167100000073, -2.528329499999927 ], [ 121.968453300000078, -2.529192 ], [ 121.96876, -2.530116599999928 ], [ 121.968765753000071, -2.530133939999928 ], [ 121.968972500000064, -2.53075709999996 ], [ 121.969045400000027, -2.531004799999948 ], [ 121.969044500000109, -2.531011199999966 ], [ 121.968973500000061, -2.531511199999954 ], [ 121.968953720000059, -2.531650587999934 ], [ 121.968841100000077, -2.532444199999929 ], [ 121.968881600000032, -2.532891399999926 ], [ 121.968930300000011, -2.533428699999945 ], [ 121.968939952000028, -2.533535172999962 ], [ 121.968968400000108, -2.533849 ], [ 121.969299700000079, -2.534359599999959 ], [ 121.969303300000092, -2.534358599999962 ], [ 121.969407800000113, -2.534505 ], [ 121.969397900000104, -2.534532599999977 ], [ 121.969377300000019, -2.534993899999961 ], [ 121.969308100000035, -2.535362799999973 ], [ 121.969299, -2.535572099999968 ], [ 121.969291100000078, -2.535751399999981 ], [ 121.969307900000103, -2.536268 ], [ 121.969411900000068, -2.537207899999942 ], [ 121.969598100000098, -2.537249699999961 ], [ 121.969770700000026, -2.537736199999927 ], [ 121.969854, -2.538403499999959 ], [ 121.969912100000101, -2.538767899999925 ], [ 121.969939200000113, -2.53893729999993 ], [ 121.969963900000039, -2.539049699999964 ], [ 121.970075600000087, -2.539557299999956 ], [ 121.97012746900009, -2.539749084999926 ], [ 121.970229300000028, -2.540125599999953 ], [ 121.970478500000013, -2.540595399999972 ], [ 121.970619200000101, -2.540854499999966 ], [ 121.970722500000079, -2.541044799999952 ], [ 121.970793700000058, -2.541175899999928 ], [ 121.970814779000079, -2.541369894999946 ], [ 121.970915800000057, -2.542299599999978 ], [ 121.970718, -2.542473399999949 ], [ 121.970850300000052, -2.542484399999978 ], [ 121.970927900000106, -2.542490899999962 ], [ 121.97114810000005, -2.542509199999927 ], [ 121.971172700000011, -2.542510299999947 ], [ 121.971411500000045, -2.542502299999967 ], [ 121.971984800000087, -2.542483199999936 ], [ 121.972250300000042, -2.542509499999937 ], [ 121.972457300000087, -2.542822299999955 ], [ 121.972729100000038, -2.543089599999973 ], [ 121.973039600000106, -2.543966399999931 ], [ 121.973132100000043, -2.544179299999939 ], [ 121.973160600000028, -2.544244899999967 ], [ 121.973417800000107, -2.544836499999974 ], [ 121.9734926000001, -2.545123199999978 ], [ 121.973623100000054, -2.545623699999965 ], [ 121.973837100000083, -2.545889 ], [ 121.97391540000001, -2.546312199999932 ], [ 121.974099900000056, -2.546742399999971 ], [ 121.974313800000118, -2.547098799999958 ], [ 121.974453500000095, -2.547579399999961 ], [ 121.974461400000109, -2.547919099999945 ], [ 121.974467700000105, -2.54793559999996 ], [ 121.974683400000117, -2.548507399999949 ], [ 121.974930200000017, -2.548814099999959 ], [ 121.974996, -2.549004699999955 ], [ 121.975010100000077, -2.549258299999963 ], [ 121.975024100000041, -2.549345699999947 ], [ 121.975095700000111, -2.549766499999976 ], [ 121.975280600000019, -2.549930899999936 ], [ 121.975430600000095, -2.550064199999952 ], [ 121.975643500000047, -2.55025349999994 ], [ 121.975985900000069, -2.550418899999954 ], [ 121.976428, -2.550632499999949 ], [ 121.976952700000083, -2.550804699999958 ], [ 121.97704930000009, -2.55097109999997 ], [ 121.977178200000026, -2.551193199999943 ], [ 121.977272800000037, -2.551339799999937 ], [ 121.977220500000044, -2.551567299999931 ], [ 121.977308200000039, -2.552188499999943 ], [ 121.977198200000089, -2.552869299999941 ], [ 121.977445500000044, -2.553309699999943 ], [ 121.977583, -2.553646399999934 ], [ 121.977615700000115, -2.554100799999958 ], [ 121.977649, -2.554563199999961 ], [ 121.977729200000113, -2.555159599999968 ], [ 121.977837200000067, -2.555962499999964 ], [ 121.977941900000019, -2.556372 ], [ 121.977984000000106, -2.556536799999947 ], [ 121.978135, -2.557127399999956 ], [ 121.978221800000028, -2.557808799999975 ], [ 121.9782206000001, -2.55792 ], [ 121.978214, -2.558504699999958 ], [ 121.978453800000011, -2.559171499999934 ], [ 121.978737600000045, -2.559442799999943 ], [ 121.978868600000055, -2.559706499999947 ], [ 121.978829800000085, -2.560093399999971 ], [ 121.978712500000029, -2.56025829999993 ], [ 121.979016600000023, -2.560847799999976 ], [ 121.979321200000072, -2.561036599999966 ], [ 121.97955520000005, -2.561390299999971 ], [ 121.979625100000021, -2.561885299999972 ], [ 121.979976700000066, -2.561885599999925 ], [ 121.980063357000063, -2.562448819999929 ], [ 121.98013990000004, -2.562946299999965 ], [ 121.980373400000076, -2.56396 ], [ 121.980402700000013, -2.563993499999981 ], [ 121.980888500000106, -2.564549599999964 ], [ 121.981215500000076, -2.566011199999934 ], [ 121.981297200000085, -2.566183699999954 ], [ 121.98162160000004, -2.566868199999931 ], [ 121.981729900000119, -2.567449299999964 ], [ 121.981745400000023, -2.567545199999927 ], [ 121.981772300000102, -2.567711799999927 ], [ 121.982151300000055, -2.568038899999976 ], [ 121.982549400000039, -2.56834559999993 ], [ 121.982722200000012, -2.569020799999976 ], [ 121.982861200000116, -2.569564 ], [ 121.982872200000088, -2.56960719999995 ], [ 121.983040900000105, -2.570266299999957 ], [ 121.983155800000077, -2.570715399999926 ], [ 121.983132900000101, -2.57136289999994 ], [ 121.983788900000036, -2.57157559999996 ], [ 121.983951800000114, -2.571749299999965 ], [ 121.984187, -2.572000099999968 ], [ 121.9843495, -2.57258319999994 ], [ 121.984303300000079, -2.573131599999954 ], [ 121.984373100000084, -2.573697299999935 ], [ 121.984653700000081, -2.574569599999961 ], [ 121.984656100000052, -2.574623499999973 ], [ 121.984676700000023, -2.575088099999959 ], [ 121.984723500000086, -2.575214 ], [ 121.984887200000117, -2.575653899999963 ], [ 121.985402500000077, -2.576007899999979 ], [ 121.985774900000024, -2.576087 ], [ 121.985847700000022, -2.576102499999934 ], [ 121.986175500000058, -2.576479899999924 ], [ 121.986506500000019, -2.577334599999972 ], [ 121.986525, -2.578954899999928 ], [ 121.986431200000084, -2.579096299999946 ], [ 121.986314100000072, -2.579099199999973 ], [ 121.985766900000044, -2.580086499999936 ], [ 121.985904100000084, -2.580683299999976 ], [ 121.986237900000106, -2.581454599999972 ], [ 121.985851, -2.582432 ], [ 121.985944300000028, -2.584344 ], [ 121.986322300000097, -2.585043199999973 ], [ 121.986682700000074, -2.585380899999961 ], [ 121.987143, -2.586155899999937 ], [ 121.987184400000046, -2.586225599999977 ], [ 121.987531300000114, -2.586729199999979 ], [ 121.988072700000089, -2.587515 ], [ 121.988259, -2.588184099999978 ], [ 121.988362500000108, -2.588555699999972 ], [ 121.988372800000093, -2.588592499999947 ], [ 121.987409100000036, -2.588865899999973 ], [ 121.987336600000049, -2.589507399999945 ], [ 121.987309, -2.589751899999953 ], [ 121.98728, -2.590008599999976 ], [ 121.987280300000066, -2.590196699999979 ], [ 121.987280300000066, -2.590198 ], [ 121.987281300000063, -2.590823899999975 ], [ 121.987318100000039, -2.591052599999955 ], [ 121.987405400000057, -2.59159429999994 ], [ 121.987352000000101, -2.592231699999957 ], [ 121.987524600000029, -2.592666399999928 ], [ 121.987539900000115, -2.592733 ], [ 121.987539900000115, -2.592733199999941 ], [ 121.987543500000015, -2.592748899999947 ], [ 121.98768, -2.593343699999934 ], [ 121.987955100000022, -2.593737699999963 ], [ 121.988348300000098, -2.594294699999978 ], [ 121.988617800000043, -2.594676399999969 ], [ 121.988881800000058, -2.594915699999945 ], [ 121.98900290000006, -2.595238 ], [ 121.989037100000019, -2.595785699999965 ], [ 121.989077021000071, -2.596425178999937 ], [ 121.989138700000012, -2.597413199999949 ], [ 121.989142600000037, -2.597475699999961 ], [ 121.989203800000041, -2.598053099999959 ], [ 121.989236600000027, -2.598362499999951 ], [ 121.989305800000011, -2.599015299999962 ], [ 121.989619600000083, -2.600148 ], [ 121.989854600000058, -2.600826499999926 ], [ 121.989905200000067, -2.600972799999965 ], [ 121.989943800000106, -2.60108409999998 ], [ 121.990505900000016, -2.601189599999941 ], [ 121.990842500000099, -2.602216599999963 ], [ 121.991239800000017, -2.602384799999925 ], [ 121.991553400000043, -2.603444599999932 ], [ 121.992355500000031, -2.603914799999927 ], [ 121.993114000000105, -2.605284499999925 ], [ 121.993447600000081, -2.606324599999937 ], [ 121.99415590000001, -2.606889799999976 ], [ 121.994819, -2.60792859999998 ], [ 121.994773800000075, -2.608402099999978 ], [ 121.994987400000014, -2.608939 ], [ 121.995165800000109, -2.609639399999935 ], [ 121.995165400000019, -2.610105399999952 ], [ 121.995231500000045, -2.610260799999935 ], [ 121.9953858, -2.610482799999943 ], [ 121.995407500000056, -2.610882299999957 ], [ 121.995473500000116, -2.611148599999979 ], [ 121.995671800000082, -2.611481599999934 ], [ 121.996179500000039, -2.61132669999995 ], [ 121.99652970000011, -2.611425599999961 ], [ 121.996857200000022, -2.611518 ], [ 121.996802600000024, -2.61182679999996 ], [ 121.99662, -2.612347799999952 ], [ 121.996355000000108, -2.61256949999995 ], [ 121.99646650000011, -2.612819499999944 ], [ 121.996553400000039, -2.612813799999969 ], [ 121.99661930000002, -2.613235499999973 ], [ 121.99690570000007, -2.613790499999936 ], [ 121.997081900000012, -2.614145699999938 ], [ 121.997293700000114, -2.614447 ], [ 121.997360200000116, -2.614888099999973 ], [ 121.997632900000099, -2.615033799999935 ], [ 121.998007900000061, -2.615078499999925 ], [ 121.998405100000014, -2.615167499999927 ], [ 121.998890800000027, -2.615208699999926 ], [ 121.999283400000081, -2.615241899999944 ], [ 121.999615700000049, -2.61527 ], [ 121.999795, -2.615390599999955 ], [ 121.999861100000089, -2.615568099999962 ], [ 121.999860600000034, -2.616189499999962 ], [ 121.999573400000031, -2.61654429999993 ], [ 121.999529, -2.616943699999979 ], [ 121.999948100000097, -2.617121599999962 ], [ 122.000699200000099, -2.617066699999953 ], [ 122.00125, -2.617167 ], [ 122.001845400000093, -2.617544699999939 ], [ 122.001867200000106, -2.617899799999975 ], [ 122.002087500000016, -2.618366 ], [ 122.002364, -2.618879399999969 ], [ 122.002969800000074, -2.618877099999963 ], [ 122.003345400000057, -2.619253899999933 ], [ 122.003690500000062, -2.619600199999979 ], [ 122.003961700000104, -2.62012059999995 ], [ 122.004334700000072, -2.620565099999965 ], [ 122.004537600000049, -2.620806899999934 ], [ 122.004763800000092, -2.62094559999997 ], [ 122.005207400000018, -2.621217599999966 ], [ 122.005055700000071, -2.621477399999947 ], [ 122.004953500000056, -2.621652599999948 ], [ 122.004843100000016, -2.621955299999968 ], [ 122.004070100000035, -2.622583899999938 ], [ 122.003915400000096, -2.622894499999973 ], [ 122.002635400000031, -2.623071 ], [ 122.002260100000058, -2.623314799999946 ], [ 122.00196870000002, -2.623607399999969 ], [ 122.001465100000019, -2.624113 ], [ 122.001177100000064, -2.624266199999965 ], [ 122.001032900000041, -2.624343 ], [ 122.000877900000091, -2.624477299999967 ], [ 122.000859700000092, -2.624493099999938 ], [ 122.000738700000056, -2.624651299999925 ], [ 122.000778400000058, -2.624874499999976 ], [ 122.000786400000038, -2.624879599999929 ], [ 122.000824500000022, -2.625000099999966 ], [ 122.00084650000008, -2.62508889999998 ], [ 122.000823900000114, -2.625732399999947 ], [ 122.000949400000081, -2.62626709999995 ], [ 122.00095680000004, -2.626290599999948 ], [ 122.001132, -2.626842199999942 ], [ 122.001330200000098, -2.627352799999926 ], [ 122.001440300000013, -2.627574799999934 ], [ 122.001677400000062, -2.627776899999958 ], [ 122.002122800000052, -2.627966799999967 ], [ 122.002202700000112, -2.628096299999925 ], [ 122.002278300000057, -2.628219 ], [ 122.002918, -2.628485799999964 ], [ 122.00393280000003, -2.628752899999938 ], [ 122.004594800000064, -2.628753499999959 ], [ 122.00563180000006, -2.62886519999995 ], [ 122.006624800000054, -2.628910399999938 ], [ 122.008663, -2.629321899999979 ], [ 122.009630200000061, -2.63046769999994 ], [ 122.0101773, -2.631857099999934 ], [ 122.010785, -2.633367399999941 ], [ 122.011392700000101, -2.634877599999925 ], [ 122.011999200000105, -2.636085299999934 ], [ 122.012807900000098, -2.637372599999935 ], [ 122.012960800000087, -2.638165299999969 ], [ 122.013186300000029, -2.639011699999969 ], [ 122.013191600000027, -2.639031299999942 ], [ 122.013410200000067, -2.639285699999959 ], [ 122.013666600000079, -2.639584099999979 ], [ 122.014043, -2.640022099999953 ], [ 122.014189900000019, -2.640193 ], [ 122.01419820000001, -2.64020069999998 ], [ 122.014358500000071, -2.640827899999977 ], [ 122.014597900000012, -2.641764199999955 ], [ 122.014945, -2.642340199999978 ], [ 122.015107027000113, -2.642687251999973 ], [ 122.015178900000024, -2.642841199999964 ], [ 122.015270300000111, -2.643228499999964 ], [ 122.015302600000041, -2.643365599999925 ], [ 122.015400597000053, -2.64378103599995 ], [ 122.0154334, -2.643920099999946 ], [ 122.01568850000001, -2.644279899999958 ], [ 122.01605440000003, -2.644641 ], [ 122.016145200000096, -2.644849699999952 ], [ 122.016266962000032, -2.645129425999926 ], [ 122.016309, -2.645226 ], [ 122.016551600000071, -2.645783399999971 ], [ 122.01656550000007, -2.645815399999947 ], [ 122.016852, -2.646167499999933 ], [ 122.017145800000094, -2.646528599999954 ], [ 122.017678500000102, -2.646849699999962 ], [ 122.018265600000063, -2.647184099999947 ], [ 122.018845600000077, -2.647120699999959 ], [ 122.019316200000048, -2.647069299999941 ], [ 122.019900200000052, -2.647005599999943 ], [ 122.020155800000111, -2.646723299999962 ], [ 122.020283800000016, -2.646261099999947 ], [ 122.020692900000086, -2.645747799999981 ], [ 122.020573800000079, -2.64529959999993 ], [ 122.021155400000112, -2.645384699999966 ], [ 122.021714800000041, -2.645183599999939 ], [ 122.022483500000021, -2.645261399999924 ], [ 122.022966400000087, -2.645310299999949 ], [ 122.023481091, -2.645362433999935 ], [ 122.023764100000108, -2.645391099999927 ], [ 122.023949500000072, -2.645354699999928 ], [ 122.024013100000047, -2.645442199999934 ], [ 122.0246002, -2.645750899999939 ], [ 122.024986100000092, -2.64635329999993 ], [ 122.025477100000103, -2.64712 ], [ 122.025824900000089, -2.647888399999943 ], [ 122.026641, -2.648654599999929 ], [ 122.027413300000035, -2.649250399999971 ], [ 122.028044400000113, -2.650171 ], [ 122.028886400000033, -2.651147599999945 ], [ 122.029064800000015, -2.651738399999942 ], [ 122.029634000000101, -2.652471199999979 ], [ 122.030764800000043, -2.653746299999966 ], [ 122.031024100000081, -2.654038699999944 ], [ 122.031744100000083, -2.654539899999975 ], [ 122.033014, -2.655119599999978 ], [ 122.033879800000022, -2.655681499999957 ], [ 122.033972100000028, -2.655741499999976 ], [ 122.034260200000062, -2.655928499999959 ], [ 122.034941700000104, -2.656615899999963 ], [ 122.035240900000076, -2.657111 ], [ 122.035725200000115, -2.658344099999965 ], [ 122.035864300000071, -2.659723299999939 ], [ 122.035866100000021, -2.660168699999929 ], [ 122.036001200000101, -2.660702599999979 ], [ 122.036136200000101, -2.661236599999938 ], [ 122.03644840000004, -2.661769799999945 ], [ 122.036715600000093, -2.662125 ], [ 122.036498, -2.663061299999924 ], [ 122.036545500000102, -2.66386289999997 ], [ 122.0367715000001, -2.664975499999969 ], [ 122.03704110000001, -2.665909799999952 ], [ 122.037224800000104, -2.66751249999993 ], [ 122.037272200000075, -2.668269599999974 ], [ 122.037273600000049, -2.668625899999938 ], [ 122.037010800000076, -2.669339599999944 ], [ 122.036836400000084, -2.670008499999938 ], [ 122.036838200000034, -2.670453899999927 ], [ 122.036353100000042, -2.670990399999937 ], [ 122.035645500000101, -2.671260599999925 ], [ 122.035026200000061, -2.671441299999969 ], [ 122.034628100000077, -2.67157659999998 ], [ 122.033878200000117, -2.672336899999948 ], [ 122.033393800000113, -2.67300709999995 ], [ 122.0327324000001, -2.673767 ], [ 122.032246500000042, -2.674080799999956 ], [ 122.031184400000029, -2.674307899999974 ], [ 122.029988300000014, -2.674268299999937 ], [ 122.028520500000013, -2.67275989999996 ], [ 122.027544, -2.672274 ], [ 122.025988700000084, -2.671033199999954 ], [ 122.02541, -2.670322899999974 ], [ 122.024481700000024, -2.670772099999965 ], [ 122.023328800000058, -2.670465099999944 ], [ 122.022706500000027, -2.66993309999998 ], [ 122.021865500000104, -2.670070199999941 ], [ 122.020312300000114, -2.669363899999951 ], [ 122.019913100000053, -2.669231899999943 ], [ 122.019450800000072, -2.669571499999961 ], [ 122.018632400000115, -2.670172599999944 ], [ 122.017879600000015, -2.670220299999926 ], [ 122.017525300000102, -2.670221699999956 ], [ 122.016745200000059, -2.670648299999925 ], [ 122.016376200000082, -2.67085 ], [ 122.01553720000004, -2.671477099999947 ], [ 122.014917100000048, -2.671479699999963 ], [ 122.014636400000086, -2.671622199999945 ], [ 122.014121400000022, -2.671883799999932 ], [ 122.013140400000111, -2.672547399999928 ], [ 122.012928700000089, -2.672690499999931 ], [ 122.012231900000074, -2.673220599999979 ], [ 122.011868900000081, -2.67349669999993 ], [ 122.011206200000061, -2.673900299999957 ], [ 122.010474800000111, -2.674119599999926 ], [ 122.010096, -2.675054499999931 ], [ 122.00923061900005, -2.678237929999966 ], [ 122.009230600000024, -2.678238 ], [ 122.009231000000113, -2.678237899999942 ], [ 122.0089977, -2.679120699999942 ], [ 122.0089891, -2.679126399999973 ], [ 122.008848100000023, -2.679645 ], [ 122.008792700000072, -2.679865599999971 ], [ 122.008620180000094, -2.680551819999948 ], [ 122.008502200000066, -2.681021099999953 ], [ 122.008485277000091, -2.681088414999977 ], [ 122.008173, -2.682330599999943 ], [ 122.008100300000024, -2.682620099999951 ], [ 122.007937300000094, -2.684064299999932 ], [ 122.007690600000046, -2.685678699999926 ], [ 122.007442500000025, -2.686953399999936 ], [ 122.007072200000039, -2.689750799999956 ], [ 122.006828, -2.691596499999946 ], [ 122.006702200000063, -2.694920599999932 ], [ 122.007024500000057, -2.696992099999932 ], [ 122.007032800000047, -2.697045799999955 ], [ 122.007214500000032, -2.699073399999975 ], [ 122.007616100000064, -2.700990599999955 ], [ 122.007357800000023, -2.703054699999939 ], [ 122.007247300000017, -2.703718099999946 ], [ 122.006688, -2.706114699999944 ], [ 122.006874700000026, -2.707626599999969 ], [ 122.007925800000066, -2.710889299999963 ], [ 122.008144300000026, -2.711859499999946 ], [ 122.00846510000008, -2.713282799999945 ], [ 122.008669600000076, -2.714190699999961 ], [ 122.008745700000077, -2.71437549999996 ], [ 122.009499500000061, -2.716206599999964 ], [ 122.010062, -2.718116399999928 ], [ 122.011304700000096, -2.719510899999932 ], [ 122.011494200000016, -2.71972349999993 ], [ 122.01242, -2.719846199999949 ], [ 122.012565700000096, -2.719861899999955 ], [ 122.0153289000001, -2.720161099999928 ], [ 122.017205100000069, -2.721432499999935 ], [ 122.017737300000022, -2.721679499999937 ], [ 122.018574300000068, -2.722347199999945 ], [ 122.019370600000116, -2.722424199999978 ], [ 122.02000750000002, -2.721563199999935 ], [ 122.020225, -2.721269099999972 ], [ 122.021705800000063, -2.72182209999994 ], [ 122.0224081, -2.72216119999996 ], [ 122.02244810000002, -2.722119 ], [ 122.022577600000091, -2.722243099999957 ], [ 122.023528500000111, -2.72270229999998 ], [ 122.025504700000056, -2.723355499999968 ], [ 122.02569, -2.723416699999973 ], [ 122.02762650000011, -2.724328599999978 ], [ 122.029173100000094, -2.724788799999942 ], [ 122.030676300000096, -2.725807399999951 ], [ 122.031029400000079, -2.726735599999927 ], [ 122.032423300000119, -2.727789599999937 ], [ 122.033555800000045, -2.728926099999967 ], [ 122.034828800000014, -2.729527899999937 ], [ 122.036712600000101, -2.731115199999977 ], [ 122.03673850000007, -2.731137 ], [ 122.038802800000099, -2.732737499999928 ], [ 122.038894700000014, -2.732808899999952 ], [ 122.038893200000075, -2.732915099999957 ], [ 122.039206900000067, -2.733182099999965 ], [ 122.04005020000011, -2.734190299999966 ], [ 122.040260600000011, -2.734378199999981 ], [ 122.044519600000058, -2.738181099999963 ], [ 122.044932, -2.738549399999954 ], [ 122.04548090000003, -2.739039399999967 ], [ 122.045975700000099, -2.739481199999943 ], [ 122.046406700000034, -2.739866099999972 ], [ 122.046973900000012, -2.740372599999944 ], [ 122.047639300000014, -2.740757499999972 ], [ 122.048102700000072, -2.74093709999994 ], [ 122.048530100000107, -2.741475199999968 ], [ 122.048993400000086, -2.741726599999936 ], [ 122.04968580000002, -2.742224699999952 ], [ 122.050259700000083, -2.742637699999932 ], [ 122.05085680000002, -2.743067199999928 ], [ 122.051418800000079, -2.743471599999964 ], [ 122.051986700000043, -2.743880099999956 ], [ 122.052841700000045, -2.744669599999952 ], [ 122.053554100000042, -2.745530599999938 ], [ 122.05466, -2.746009399999934 ], [ 122.05549330000008, -2.746623499999941 ], [ 122.056339, -2.747246699999948 ], [ 122.05722460000004, -2.748007399999949 ], [ 122.057972800000016, -2.748725 ], [ 122.05885550000005, -2.749101099999962 ], [ 122.059933200000046, -2.74951539999995 ], [ 122.060147400000119, -2.750137199999926 ], [ 122.060427300000015, -2.750949699999978 ], [ 122.060252200000036, -2.751953599999979 ], [ 122.060144500000092, -2.752814 ], [ 122.060429100000079, -2.753638799999976 ], [ 122.060927400000082, -2.754822399999966 ], [ 122.06124740000007, -2.755862399999955 ], [ 122.062138000000118, -2.757567799999947 ], [ 122.062824800000044, -2.759125299999937 ], [ 122.063204500000097, -2.760955099999933 ], [ 122.063169550000111, -2.761714462999976 ], [ 122.063168200000064, -2.761743799999977 ], [ 122.063809300000116, -2.762640599999941 ], [ 122.064735200000086, -2.764075499999933 ], [ 122.065626, -2.764757399999951 ], [ 122.065927000000102, -2.764714399999946 ], [ 122.066374900000028, -2.764650399999937 ], [ 122.066946200000075, -2.763503599999979 ], [ 122.067438200000083, -2.763701199999957 ], [ 122.067765800000075, -2.76418549999994 ], [ 122.067943600000035, -2.764795099999958 ], [ 122.068419, -2.764975099999958 ], [ 122.068848900000035, -2.765198299999952 ], [ 122.06908390000001, -2.765584799999942 ], [ 122.06933360000005, -2.765585399999964 ], [ 122.069476, -2.765800199999944 ], [ 122.069903, -2.766876099999934 ], [ 122.070401200000106, -2.768167199999937 ], [ 122.070614600000113, -2.768812699999955 ], [ 122.071186700000112, -2.768955799999958 ], [ 122.071398300000055, -2.769709699999964 ], [ 122.071871000000101, -2.770405399999959 ], [ 122.072369900000012, -2.771462299999939 ], [ 122.072746, -2.772258799999975 ], [ 122.072777200000019, -2.772701099999949 ], [ 122.072821700000077, -2.773332 ], [ 122.072999500000037, -2.773977499999944 ], [ 122.07326420000004, -2.774522599999955 ], [ 122.073220500000048, -2.774619899999948 ], [ 122.073604900000078, -2.774874299999965 ], [ 122.073993700000074, -2.775192899999979 ], [ 122.074371900000074, -2.77550279999997 ], [ 122.074994700000047, -2.775843399999928 ], [ 122.075458300000037, -2.775772099999926 ], [ 122.076176200000077, -2.776157499999954 ], [ 122.07667, -2.776490099999933 ], [ 122.076916700000083, -2.776607 ], [ 122.077617500000088, -2.777472099999954 ], [ 122.078115400000115, -2.778679299999965 ], [ 122.079324200000087, -2.780223899999953 ], [ 122.080221600000073, -2.781025899999975 ], [ 122.080471100000068, -2.781397399999946 ], [ 122.0808197, -2.781247499999949 ], [ 122.081178300000033, -2.781300699999974 ], [ 122.081571500000109, -2.781692599999928 ], [ 122.081864100000075, -2.782549899999935 ], [ 122.08226250000007, -2.782800099999974 ], [ 122.082759700000111, -2.783251399999926 ], [ 122.083314600000108, -2.783461099999954 ], [ 122.083336800000097, -2.783826899999951 ], [ 122.083381, -2.784553499999959 ], [ 122.083753800000068, -2.785329699999977 ], [ 122.083849700000087, -2.785623 ], [ 122.08370350000007, -2.786055499999975 ], [ 122.083972700000118, -2.786508799999979 ], [ 122.083976600000028, -2.78690679999994 ], [ 122.084379, -2.787269 ], [ 122.085618300000078, -2.788720399999931 ], [ 122.087008900000114, -2.789520299999936 ], [ 122.087514400000032, -2.789670399999977 ], [ 122.087644800000021, -2.789709099999925 ], [ 122.087934800000085, -2.789795199999958 ], [ 122.088481500000057, -2.78951619999998 ], [ 122.088818700000047, -2.789344099999937 ], [ 122.089327500000081, -2.789361799999938 ], [ 122.090261900000087, -2.789385299999935 ], [ 122.090290861000085, -2.789385299999935 ], [ 122.091232300000115, -2.789385299999935 ], [ 122.091733100000056, -2.789354 ], [ 122.0922653, -2.789291399999968 ], [ 122.092766200000028, -2.789354 ], [ 122.09318410000003, -2.78935789999997 ], [ 122.09403640000005, -2.789365699999962 ], [ 122.094913485, -2.78898503299996 ], [ 122.096128500000077, -2.788457699999981 ], [ 122.096310100000096, -2.788675 ], [ 122.096474100000023, -2.788972399999977 ], [ 122.096947000000114, -2.788979299999937 ], [ 122.097479100000101, -2.788887299999942 ], [ 122.097573300000022, -2.788926499999945 ], [ 122.09754190000001, -2.788394099999948 ], [ 122.098900200000116, -2.787856699999963 ], [ 122.099181245000068, -2.787847151999927 ], [ 122.0999481, -2.787821099999974 ], [ 122.100501164000093, -2.787690225999938 ], [ 122.101549300000102, -2.78744219999993 ], [ 122.10241967200011, -2.787351803999968 ], [ 122.104353100000026, -2.787151 ], [ 122.104937587000109, -2.787228908999964 ], [ 122.105915800000048, -2.787359299999935 ], [ 122.106604600000082, -2.787451099999942 ], [ 122.108638600000063, -2.787349199999937 ], [ 122.110027100000025, -2.787684099999979 ], [ 122.111299300000042, -2.787603599999954 ], [ 122.112309500000038, -2.788015 ], [ 122.113924761000021, -2.788131141999941 ], [ 122.114251, -2.788154599999928 ], [ 122.114644945, -2.788377950999973 ], [ 122.115673500000071, -2.788961099999938 ], [ 122.117671400000063, -2.789195899999925 ], [ 122.118062500000065, -2.789237799999967 ], [ 122.118415, -2.789275599999939 ], [ 122.118680300000051, -2.789304 ], [ 122.1189174000001, -2.789323399999944 ], [ 122.118994200000088, -2.789305899999931 ], [ 122.1194713000001, -2.789197299999955 ], [ 122.120138400000087, -2.789147199999945 ], [ 122.120440500000086, -2.789147399999933 ], [ 122.120783, -2.788990299999966 ], [ 122.120841200000086, -2.788978899999961 ], [ 122.120846200000074, -2.788984199999959 ], [ 122.120845900000063, -2.788978 ], [ 122.121055800000022, -2.788936799999931 ], [ 122.1213093, -2.788819 ], [ 122.121687, -2.788705399999969 ], [ 122.1220244000001, -2.788661499999932 ], [ 122.122416200000089, -2.78861059999997 ], [ 122.122920500000077, -2.78865559999997 ], [ 122.123499100000117, -2.788592899999969 ], [ 122.123502600000052, -2.788588199999936 ], [ 122.123519300000112, -2.788588199999936 ], [ 122.123519300000112, -2.788595799999939 ], [ 122.123768700000028, -2.78856559999997 ], [ 122.123768700000028, -2.788565399999925 ], [ 122.123974100000055, -2.788557799999978 ], [ 122.1239792, -2.788556299999925 ], [ 122.124000200000069, -2.78855 ], [ 122.124016800000049, -2.788545 ], [ 122.12402888500003, -2.788541370999951 ], [ 122.12405010000009, -2.788535 ], [ 122.124065300000098, -2.788540099999977 ], [ 122.124305200000094, -2.788428899999928 ], [ 122.124343200000112, -2.788175799999976 ], [ 122.124479400000041, -2.787953 ], [ 122.124759700000027, -2.787747399999944 ], [ 122.124947600000041, -2.787821799999961 ], [ 122.125072, -2.787721699999963 ], [ 122.126103500000113, -2.787664399999926 ], [ 122.126256700000113, -2.787797499999954 ], [ 122.1267851, -2.788097199999925 ], [ 122.126804400000083, -2.788094 ], [ 122.126803100000075, -2.788106199999959 ], [ 122.127240800000095, -2.788313899999935 ], [ 122.127276100000017, -2.78831589999993 ], [ 122.127277800000115, -2.78833149999997 ], [ 122.127280800000108, -2.788359699999944 ], [ 122.127301000000102, -2.788342499999942 ], [ 122.12756730000001, -2.788378399999942 ], [ 122.127678500000115, -2.788393399999961 ], [ 122.127983100000051, -2.788419 ], [ 122.128116100000057, -2.788385799999958 ], [ 122.128365600000052, -2.788364499999943 ], [ 122.128438300000084, -2.78834269999993 ], [ 122.128579500000114, -2.788300199999981 ], [ 122.128921700000092, -2.788207299999954 ], [ 122.129135500000075, -2.788178799999969 ], [ 122.129306500000098, -2.788214699999969 ], [ 122.129555900000014, -2.788358199999948 ], [ 122.1297839, -2.788508899999954 ], [ 122.12995490000003, -2.788616599999955 ], [ 122.130075900000065, -2.788831699999946 ], [ 122.130165300000044, -2.78889 ], [ 122.130229900000018, -2.788932099999954 ], [ 122.130324900000119, -2.788920799999971 ], [ 122.130446400000096, -2.788889299999937 ], [ 122.13052, -2.788802 ], [ 122.130524900000069, -2.788796199999979 ], [ 122.130638800000042, -2.788570899999968 ], [ 122.130767600000013, -2.788316099999975 ], [ 122.131237700000042, -2.788163 ], [ 122.131519600000047, -2.788225799999964 ], [ 122.131901, -2.788311299999975 ], [ 122.132192940000095, -2.788142236999931 ], [ 122.132452200000102, -2.78799209999994 ], [ 122.132960900000057, -2.787736799999948 ], [ 122.133421160000012, -2.787928649999969 ], [ 122.133575300000075, -2.787992899999949 ], [ 122.134262694000086, -2.788664161999975 ], [ 122.134274100000084, -2.788675299999966 ], [ 122.134769300000016, -2.788819099999955 ], [ 122.135481800000093, -2.78895319999998 ], [ 122.13621020000005, -2.788701399999979 ], [ 122.136585590000095, -2.788708950999933 ], [ 122.137134900000092, -2.78872 ], [ 122.138315300000045, -2.78907769999995 ], [ 122.13893, -2.788892899999951 ], [ 122.139656500000115, -2.788871099999938 ], [ 122.140270700000087, -2.789425499999936 ], [ 122.14099090000002, -2.789767 ], [ 122.141955810000013, -2.790440982999939 ], [ 122.142426055000101, -2.790562335999937 ], [ 122.14386740100008, -2.791680420999967 ], [ 122.144822787000066, -2.792200608999963 ], [ 122.145732938000037, -2.792807375999928 ], [ 122.145911176000027, -2.792981821999945 ], [ 122.146096999000065, -2.79300457599993 ], [ 122.14689356800011, -2.793394230999979 ], [ 122.147782068000083, -2.793691730999967 ], [ 122.148404400000118, -2.794609399999956 ], [ 122.148927039000114, -2.794927313999949 ], [ 122.149121, -2.7953 ], [ 122.149201900000094, -2.795368399999973 ], [ 122.149738400000047, -2.795974099999967 ], [ 122.150032500000066, -2.796271099999956 ], [ 122.150479400000108, -2.796954899999946 ], [ 122.150742771000068, -2.797346918999949 ], [ 122.152051068000105, -2.79929427999997 ], [ 122.152127200000109, -2.799407599999938 ], [ 122.152523300000098, -2.799903099999938 ], [ 122.152711200000113, -2.80046649999997 ], [ 122.152899, -2.80103 ], [ 122.153038748000085, -2.801349424999955 ], [ 122.153118100000029, -2.801530799999966 ], [ 122.15357890000007, -2.801918799999953 ], [ 122.154343900000072, -2.802745 ], [ 122.155287500000099, -2.803569899999957 ], [ 122.156172, -2.804343299999971 ], [ 122.156184400000029, -2.804430899999943 ], [ 122.156095600000071, -2.804475499999967 ], [ 122.156228600000077, -2.804732199999933 ], [ 122.155984400000079, -2.804865899999925 ], [ 122.155520900000056, -2.804701699999953 ], [ 122.156103978000033, -2.806118976999926 ], [ 122.156559290000018, -2.807225695999932 ], [ 122.156597100000113, -2.807317599999976 ], [ 122.156894500000021, -2.80820319999998 ], [ 122.157087657000034, -2.808778175999976 ], [ 122.157258964000107, -2.809288109999954 ], [ 122.157491800000116, -2.809981199999925 ], [ 122.157503900000052, -2.81001729999997 ], [ 122.157506, -2.809996299999966 ], [ 122.157761700000037, -2.807414699999924 ], [ 122.158973200000105, -2.806885699999953 ], [ 122.161362100000019, -2.807022199999949 ], [ 122.161407200000099, -2.807017 ], [ 122.166932100000054, -2.808767699999976 ], [ 122.1682062000001, -2.809404699999959 ], [ 122.169139, -2.810428499999944 ], [ 122.171379900000034, -2.813022099999955 ], [ 122.170310600000107, -2.818675699999972 ], [ 122.170428149000031, -2.819724656999938 ], [ 122.170599700000025, -2.82125549999995 ], [ 122.170763865000026, -2.822720324999977 ], [ 122.170765700000061, -2.82273669999995 ], [ 122.170775, -2.822725399999968 ], [ 122.170909472000062, -2.822561672999939 ], [ 122.171584, -2.821740399999953 ], [ 122.172273495000013, -2.820901041999946 ], [ 122.173118198000111, -2.819872739999937 ], [ 122.173382, -2.819551599999954 ], [ 122.173696, -2.81933429999998 ], [ 122.17404590000001, -2.819091899999933 ], [ 122.173983, -2.818995899999948 ], [ 122.173812400000088, -2.81868929999996 ], [ 122.173703200000091, -2.818523499999969 ], [ 122.174293429000045, -2.818165320999981 ], [ 122.174792600000046, -2.817862399999967 ], [ 122.175054200000091, -2.818248599999947 ], [ 122.17511490000004, -2.818331699999931 ], [ 122.175124900000014, -2.818344499999967 ], [ 122.180284800000095, -2.814770299999964 ], [ 122.182070700000054, -2.813962699999934 ], [ 122.182821500000045, -2.813723799999934 ], [ 122.184459600000082, -2.813917199999935 ], [ 122.184630200000015, -2.814815799999963 ], [ 122.184630200000015, -2.81540739999997 ], [ 122.184414100000026, -2.815998899999954 ], [ 122.184243400000014, -2.816215 ], [ 122.183890800000086, -2.816294699999958 ], [ 122.183196900000098, -2.816351499999939 ], [ 122.181934200000114, -2.816317399999946 ], [ 122.180375800000093, -2.816453899999942 ], [ 122.181795771000111, -2.822626285999945 ], [ 122.181814800000097, -2.822709 ], [ 122.181715600000075, -2.822796799999935 ], [ 122.181715200000099, -2.822797099999946 ], [ 122.181715300000064, -2.822797699999967 ], [ 122.181715100000019, -2.822798599999942 ], [ 122.181814800000097, -2.822710899999947 ], [ 122.18232850000004, -2.822921199999939 ], [ 122.182970800000021, -2.822873199999947 ], [ 122.18375750000007, -2.823051299999975 ], [ 122.184303200000045, -2.823439199999939 ], [ 122.184800800000062, -2.823794799999973 ], [ 122.185044100000027, -2.824179499999957 ], [ 122.185138800000118, -2.824853 ], [ 122.185846076000075, -2.827564935999931 ], [ 122.186532, -2.830195 ], [ 122.186845038000115, -2.830996046999928 ], [ 122.188166500000079, -2.834377599999925 ], [ 122.188526991000117, -2.834708082999953 ], [ 122.18979833100002, -2.835873591999928 ], [ 122.190301200000022, -2.83633459999993 ], [ 122.191116141000066, -2.838596768999935 ], [ 122.191915790000053, -2.840816489999952 ], [ 122.192023400000039, -2.841115199999933 ], [ 122.194937284000048, -2.84025222799994 ], [ 122.195639578000055, -2.840044237999962 ], [ 122.197313722000104, -2.839657896999938 ], [ 122.199729363000074, -2.839934695999943 ], [ 122.199998680000022, -2.841460830999949 ], [ 122.199998680000022, -2.843525600999953 ], [ 122.199759287, -2.845171432999962 ], [ 122.199190727000087, -2.846727491999957 ], [ 122.197874061000107, -2.849061580999944 ], [ 122.196916487000067, -2.850288472999978 ], [ 122.19494148900003, -2.85172483499997 ], [ 122.192996415000039, -2.852682409999943 ], [ 122.191204314000061, -2.853647452999951 ], [ 122.189632578000101, -2.854849368999965 ], [ 122.188661750000051, -2.855941550999944 ], [ 122.188569409000024, -2.856429637999952 ], [ 122.188237013000048, -2.858186590999935 ], [ 122.18800094300002, -2.859721044999958 ], [ 122.187872952000021, -2.86055298499997 ], [ 122.187144831000069, -2.862919378999948 ], [ 122.186933630000112, -2.863506047999977 ], [ 122.186598740000022, -2.86443629799993 ], [ 122.186295356000073, -2.866256600999975 ], [ 122.186562446000039, -2.866897617999939 ], [ 122.186750985000117, -2.867350108999972 ], [ 122.186902124000085, -2.867712842999936 ], [ 122.187814050000043, -2.868707670999925 ], [ 122.188237013000048, -2.869169084999953 ], [ 122.18843012800005, -2.869510749999961 ], [ 122.189600406000068, -2.87158124399997 ], [ 122.18979214400008, -2.871920472999932 ], [ 122.189814608, -2.87196021699998 ], [ 122.191816942000059, -2.874629993999974 ], [ 122.192484386000046, -2.875782852999976 ], [ 122.19369792100008, -2.876571650999949 ], [ 122.193394700000113, -2.878052 ], [ 122.193547600000102, -2.878058299999964 ], [ 122.195158800000058, -2.880464299999971 ], [ 122.198469300000056, -2.882661399999961 ], [ 122.201139800000078, -2.882350699999961 ], [ 122.201152100000058, -2.882349199999965 ], [ 122.201168300000063, -2.882347299999935 ], [ 122.201888, -2.883231399999943 ], [ 122.203272200000015, -2.88314209999993 ], [ 122.20447050000007, -2.882734399999947 ], [ 122.205177100000014, -2.884138899999925 ], [ 122.206446300000039, -2.885695 ], [ 122.20704360000002, -2.887635099999954 ], [ 122.207007100000055, -2.890666799999963 ], [ 122.207053, -2.891589199999942 ], [ 122.20720950000009, -2.892528299999981 ], [ 122.207422300000076, -2.893983399999968 ], [ 122.207527400000117, -2.895089 ], [ 122.207501200000024, -2.89511559999994 ], [ 122.207509900000105, -2.895181199999968 ], [ 122.206691700000079, -2.895937099999969 ], [ 122.206326700000091, -2.896307399999955 ], [ 122.206348600000069, -2.896254 ], [ 122.206069900000102, -2.896511399999952 ], [ 122.205975600000102, -2.896598599999948 ], [ 122.205827200000044, -2.896735699999965 ], [ 122.20543680000003, -2.897210399999949 ], [ 122.205863400000112, -2.898068899999942 ], [ 122.206176500000083, -2.898914099999956 ], [ 122.206614700000046, -2.899477499999932 ], [ 122.207010900000114, -2.899819699999966 ], [ 122.207303400000114, -2.900072299999977 ], [ 122.208053300000074, -2.900717899999961 ], [ 122.208056100000022, -2.900716299999942 ], [ 122.209838900000022, -2.899696699999936 ], [ 122.212151500000118, -2.90019609999996 ], [ 122.212188500000025, -2.900189699999942 ], [ 122.213335400000119, -2.899993699999925 ], [ 122.213669500000037, -2.899962399999936 ], [ 122.213787100000104, -2.899668299999973 ], [ 122.214002200000095, -2.899429299999952 ], [ 122.214516100000083, -2.899023 ], [ 122.21518530000003, -2.898927399999934 ], [ 122.215627400000017, -2.898915399999964 ], [ 122.216424, -2.899127299999975 ], [ 122.216756800000098, -2.898350599999958 ], [ 122.217637400000058, -2.896952799999951 ], [ 122.219452300000057, -2.895863099999929 ], [ 122.21983160000002, -2.895635299999981 ], [ 122.222010800000021, -2.895326299999965 ], [ 122.222030500000074, -2.895323499999961 ], [ 122.222053300000084, -2.895319599999937 ], [ 122.222050900000113, -2.89529779999998 ], [ 122.224200900000028, -2.89260059999998 ], [ 122.224312400000031, -2.889142 ], [ 122.224312600000076, -2.88913679999996 ], [ 122.224305100000038, -2.889132599999925 ], [ 122.224282700000117, -2.889126199999964 ], [ 122.225786400000061, -2.887366499999928 ], [ 122.226064800000017, -2.887056199999961 ], [ 122.227430900000059, -2.885776499999963 ], [ 122.230223900000055, -2.887065799999959 ], [ 122.230198200000018, -2.88712849999996 ], [ 122.23019510000006, -2.887136199999929 ], [ 122.230195600000116, -2.887137099999961 ], [ 122.230197, -2.887135 ], [ 122.230200800000034, -2.887129199999947 ], [ 122.231321300000104, -2.887419399999942 ], [ 122.231321900000012, -2.88741959999993 ], [ 122.231329900000105, -2.887421699999948 ], [ 122.231329800000026, -2.887421599999925 ], [ 122.231339, -2.887424 ], [ 122.231466800000021, -2.886958199999981 ], [ 122.232084200000031, -2.88650709999996 ], [ 122.232644100000016, -2.88599679999993 ], [ 122.232687300000066, -2.885977599999933 ], [ 122.233421600000042, -2.885617599999932 ], [ 122.234491700000035, -2.885150499999952 ], [ 122.23729440000011, -2.884643399999959 ], [ 122.237825500000099, -2.884816199999932 ], [ 122.238594100000114, -2.885324899999944 ], [ 122.238659700000085, -2.886159899999939 ], [ 122.239936200000102, -2.886222299999929 ], [ 122.24025620000009, -2.885329699999943 ], [ 122.239929800000027, -2.884161899999981 ], [ 122.239344300000084, -2.883838799999978 ], [ 122.239098, -2.88313809999994 ], [ 122.239859400000114, -2.882557499999962 ], [ 122.2412, -2.882682199999977 ], [ 122.241935800000078, -2.883246899999961 ], [ 122.242354100000057, -2.883573299999966 ], [ 122.24285, -2.882712599999934 ], [ 122.24333630000001, -2.882226299999957 ], [ 122.243502700000022, -2.881381699999963 ], [ 122.243873800000074, -2.880850599999974 ], [ 122.244449700000018, -2.880146799999977 ], [ 122.244968, -2.879634899999928 ], [ 122.245825400000058, -2.879289299999925 ], [ 122.2459086, -2.879270099999928 ], [ 122.246842800000081, -2.879142199999933 ], [ 122.247178800000029, -2.878793099999939 ], [ 122.247178900000108, -2.878783799999951 ], [ 122.2477953, -2.878128899999979 ], [ 122.247826900000064, -2.878119799999979 ], [ 122.247828200000072, -2.878118399999948 ], [ 122.247828200000072, -2.878119399999946 ], [ 122.248845900000106, -2.877824799999928 ], [ 122.250297100000012, -2.877570299999945 ], [ 122.251398900000027, -2.877819699999975 ], [ 122.25245110000003, -2.878270599999951 ], [ 122.253662500000019, -2.878946399999961 ], [ 122.254027700000051, -2.880090699999926 ], [ 122.254120900000089, -2.880783899999926 ], [ 122.253974, -2.881448099999943 ], [ 122.253528500000016, -2.882415299999934 ], [ 122.253202300000112, -2.883231099999932 ], [ 122.252811900000097, -2.883554799999956 ], [ 122.252486700000077, -2.88416929999994 ], [ 122.252369400000021, -2.884742899999935 ], [ 122.252613200000042, -2.885586199999977 ], [ 122.25285580000002, -2.886158099999932 ], [ 122.252677900000094, -2.88661129999997 ], [ 122.251452700000073, -2.887612199999978 ], [ 122.251279700000055, -2.889121 ], [ 122.252121100000068, -2.889448799999968 ], [ 122.252845800000046, -2.890501 ], [ 122.253089300000056, -2.891253899999981 ], [ 122.253656400000068, -2.890648 ], [ 122.253862700000013, -2.889862899999969 ], [ 122.254160900000102, -2.889469499999961 ], [ 122.254730800000061, -2.88946679999998 ], [ 122.254815600000029, -2.888350599999967 ], [ 122.254992400000106, -2.887656099999958 ], [ 122.255708900000059, -2.887467099999981 ], [ 122.25637160000008, -2.887529 ], [ 122.257184100000018, -2.888098199999945 ], [ 122.257571400000074, -2.887523399999964 ], [ 122.25822960000005, -2.887158499999941 ], [ 122.2591599000001, -2.887244599999974 ], [ 122.259943600000042, -2.888085399999966 ], [ 122.260904800000048, -2.888382499999977 ], [ 122.261361800000032, -2.888694399999963 ], [ 122.261958, -2.889101399999959 ], [ 122.263190400000099, -2.889668599999936 ], [ 122.264588200000048, -2.889822699999968 ], [ 122.267188500000088, -2.888408199999958 ], [ 122.268738700000085, -2.887599799999975 ], [ 122.270089, -2.886942799999929 ], [ 122.271839600000021, -2.886234599999966 ], [ 122.273691900000017, -2.886281199999928 ], [ 122.275144300000079, -2.886630599999933 ], [ 122.276792500000056, -2.886570499999948 ], [ 122.278282900000022, -2.886355199999969 ], [ 122.278947800000083, -2.886810299999979 ], [ 122.279300700000022, -2.887427499999944 ], [ 122.280604400000016, -2.888481899999931 ], [ 122.28227430000004, -2.889460499999927 ], [ 122.283312300000034, -2.889955499999928 ], [ 122.284599200000116, -2.890532599999972 ], [ 122.286215700000071, -2.890886399999943 ], [ 122.287468200000035, -2.89138719999994 ], [ 122.288095000000112, -2.891632899999934 ], [ 122.288815200000045, -2.89172 ], [ 122.289253200000076, -2.891382 ], [ 122.289562700000033, -2.891203799999971 ], [ 122.290132800000038, -2.891261499999928 ], [ 122.290611500000068, -2.891596 ], [ 122.291786100000081, -2.892037799999969 ], [ 122.292477500000018, -2.893138599999929 ], [ 122.294335, -2.895752 ], [ 122.296684100000107, -2.896280699999977 ], [ 122.298957, -2.897267699999929 ], [ 122.300421700000015, -2.898871899999961 ], [ 122.300403600000095, -2.90051 ], [ 122.300393900000017, -2.901392399999963 ], [ 122.300393900000017, -2.901394399999958 ], [ 122.300477216000104, -2.901486261999935 ], [ 122.300626900000111, -2.901651299999969 ], [ 122.300838200000044, -2.901884099999961 ], [ 122.300966300000027, -2.902032599999927 ], [ 122.300967400000104, -2.902026499999977 ], [ 122.300975000000108, -2.902034799999967 ], [ 122.301580500000114, -2.902029299999981 ], [ 122.301930900000116, -2.90178979999996 ], [ 122.302321500000062, -2.901522899999975 ], [ 122.302920100000051, -2.901609099999973 ], [ 122.303465, -2.901866499999926 ], [ 122.303883200000087, -2.902484199999947 ], [ 122.304919800000107, -2.904015499999957 ], [ 122.307045700000117, -2.906837699999926 ], [ 122.308141200000023, -2.90681 ], [ 122.308862200000021, -2.906975199999977 ], [ 122.309411700000055, -2.907826099999966 ], [ 122.309415600000079, -2.908659099999966 ], [ 122.310496600000079, -2.909487 ], [ 122.312076, -2.910604099999944 ], [ 122.312864600000012, -2.910933599999964 ], [ 122.313360800000055, -2.910722899999939 ], [ 122.313571400000114, -2.909953499999972 ], [ 122.314144100000021, -2.909927899999957 ], [ 122.314601800000105, -2.910342199999945 ], [ 122.314855800000032, -2.91150719999996 ], [ 122.315359100000023, -2.91297579999997 ], [ 122.315653800000064, -2.913835899999981 ], [ 122.31690540000011, -2.915704199999936 ], [ 122.318110700000034, -2.916531499999962 ], [ 122.318237700000054, -2.917114 ], [ 122.318326, -2.918279699999971 ], [ 122.318785100000014, -2.918985599999928 ], [ 122.319869400000016, -2.92052149999995 ], [ 122.320658800000047, -2.921017499999948 ], [ 122.320045500000106, -2.922728099999972 ], [ 122.319806200000016, -2.924686799999961 ], [ 122.318991300000107, -2.927564599999926 ], [ 122.318211500000075, -2.929109399999959 ], [ 122.316728, -2.930782499999964 ], [ 122.314256500000056, -2.933751599999937 ], [ 122.312699700000053, -2.937424299999975 ], [ 122.312314300000025, -2.937720699999943 ], [ 122.312267500000075, -2.937692399999946 ], [ 122.31147030000011, -2.938489599999969 ], [ 122.3093444000001, -2.94285949999994 ], [ 122.308931, -2.944394899999963 ], [ 122.30775, -2.94610739999996 ], [ 122.307868100000064, -2.947524699999974 ], [ 122.30775, -2.948646699999927 ], [ 122.308517700000039, -2.94959149999994 ], [ 122.307572800000116, -2.952485099999933 ], [ 122.307566900000097, -2.952485099999933 ], [ 122.307343, -2.952879199999927 ], [ 122.307185000000118, -2.953861299999971 ], [ 122.307149700000082, -2.955152599999963 ], [ 122.307019800000035, -2.956193199999973 ], [ 122.306496400000015, -2.957155099999966 ], [ 122.305875, -2.957158 ], [ 122.305586600000083, -2.957492599999966 ], [ 122.305547400000023, -2.957951 ], [ 122.305674200000112, -2.958491899999956 ], [ 122.30407, -2.959388399999966 ], [ 122.303507400000058, -2.959868099999937 ], [ 122.303491800000074, -2.959881499999938 ], [ 122.300967200000059, -2.962034299999971 ], [ 122.300540100000035, -2.962398599999972 ], [ 122.30046880000009, -2.962555899999927 ], [ 122.300450205000061, -2.962596914999949 ], [ 122.299975900000049, -2.963643099999956 ], [ 122.299134700000081, -2.965498899999943 ], [ 122.29913190000002, -2.965505099999973 ], [ 122.298014700000067, -2.967969599999947 ], [ 122.296445600000084, -2.969282499999963 ], [ 122.295541400000047, -2.970786299999929 ], [ 122.295231100000024, -2.971086299999968 ], [ 122.294675300000108, -2.97162359999993 ], [ 122.29417090000004, -2.972275199999956 ], [ 122.293604800000026, -2.973003299999959 ], [ 122.293319800000063, -2.973676299999966 ], [ 122.293055500000037, -2.97430049999997 ], [ 122.292975700000056, -2.974429899999961 ], [ 122.292433300000084, -2.975308199999972 ], [ 122.292168100000026, -2.975737599999945 ], [ 122.291673600000081, -2.976538299999959 ], [ 122.2914776, -2.976855599999965 ], [ 122.291019900000038, -2.977596799999958 ], [ 122.289864600000101, -2.979269199999976 ], [ 122.288689600000112, -2.98046729999993 ], [ 122.287834100000055, -2.981339599999956 ], [ 122.287320500000078, -2.981863399999952 ], [ 122.286694, -2.982502199999942 ], [ 122.285757600000011, -2.983457099999953 ], [ 122.285157, -2.984147199999938 ], [ 122.283138400000098, -2.986467 ], [ 122.280591200000117, -2.989394 ], [ 122.280424200000084, -2.99090469999993 ], [ 122.279875600000082, -2.992335399999945 ], [ 122.279441600000041, -2.993695099999968 ], [ 122.279244300000073, -2.994313399999953 ], [ 122.279139100000066, -2.994755199999929 ], [ 122.279581, -2.995575899999949 ], [ 122.279573800000094, -2.995613699999979 ], [ 122.279470100000026, -2.996156 ], [ 122.279356600000028, -2.996669699999927 ], [ 122.278456200000051, -2.999582099999941 ], [ 122.27726640000003, -3.001425499999925 ], [ 122.275755600000025, -3.002212799999938 ], [ 122.275351200000046, -3.002266799999973 ], [ 122.274431, -3.002325699999972 ], [ 122.273253100000034, -3.002401099999929 ], [ 122.273245700000075, -3.002401099999929 ], [ 122.271658400000092, -3.002409099999966 ], [ 122.270238800000016, -3.001757199999929 ], [ 122.269688100000053, -3.001504299999965 ], [ 122.269294100000025, -3.000861199999974 ], [ 122.26928840000005, -3.000851799999964 ], [ 122.266339300000027, -3.002517399999931 ], [ 122.266300000000115, -3.002539599999977 ], [ 122.266325800000118, -3.002570899999967 ], [ 122.266285400000015, -3.002577599999938 ], [ 122.26632450000011, -3.003016599999967 ], [ 122.265565200000083, -3.003579199999933 ], [ 122.26500180000005, -3.00438639999993 ], [ 122.263517200000024, -3.005380599999967 ], [ 122.263473600000111, -3.005522299999939 ], [ 122.261765100000048, -3.007618299999933 ], [ 122.260513, -3.007974599999955 ], [ 122.25919070000009, -3.008350699999937 ], [ 122.257335500000067, -3.009727599999962 ], [ 122.25526160000004, -3.010313599999961 ], [ 122.255035200000066, -3.010273299999938 ], [ 122.254473300000086, -3.010173399999928 ], [ 122.254001300000027, -3.01018629999993 ], [ 122.253601800000069, -3.010456899999951 ], [ 122.253512600000022, -3.011070599999925 ], [ 122.252251700000102, -3.01210169999996 ], [ 122.253202400000077, -3.020655599999941 ], [ 122.253774500000077, -3.021928699999933 ], [ 122.254773900000032, -3.023467299999936 ], [ 122.25657620000004, -3.029158099999961 ], [ 122.258744300000103, -3.033222599999931 ], [ 122.257767500000114, -3.03445 ], [ 122.258286600000019, -3.035197799999935 ], [ 122.258286600000019, -3.035786899999948 ], [ 122.258686400000101, -3.036502399999961 ], [ 122.260832700000037, -3.038269899999932 ], [ 122.26218920000008, -3.038709599999947 ], [ 122.262840100000062, -3.038705399999969 ], [ 122.263898300000051, -3.039062699999931 ], [ 122.265135200000032, -3.039502499999969 ], [ 122.265781100000027, -3.039749899999947 ], [ 122.267086600000084, -3.040423299999929 ], [ 122.268364800000086, -3.04188 ], [ 122.268888700000048, -3.042950299999973 ], [ 122.269464200000016, -3.043542899999977 ], [ 122.269972700000039, -3.044010199999946 ], [ 122.270549900000105, -3.044518699999969 ], [ 122.271374500000093, -3.045205799999962 ], [ 122.271471800000086, -3.045766199999946 ], [ 122.271525600000018, -3.046717599999965 ], [ 122.272611300000108, -3.047693299999935 ], [ 122.273628300000041, -3.048380499999951 ], [ 122.273861500000066, -3.048559599999976 ], [ 122.274274200000036, -3.049026399999946 ], [ 122.274859300000116, -3.049326099999973 ], [ 122.275222500000041, -3.049562399999957 ], [ 122.275554100000022, -3.049562399999957 ], [ 122.276047100000028, -3.049562399999957 ], [ 122.276515900000049, -3.049406099999942 ], [ 122.276528100000064, -3.04908359999996 ], [ 122.276632200000108, -3.049068299999931 ], [ 122.276730200000088, -3.049043899999958 ], [ 122.27692310000009, -3.049019399999963 ], [ 122.277060900000038, -3.049034699999936 ], [ 122.277290500000049, -3.049114199999963 ], [ 122.277477300000101, -3.049202899999955 ], [ 122.277535200000102, -3.049236199999939 ], [ 122.27772420000008, -3.049237599999969 ], [ 122.278711200000089, -3.049102 ], [ 122.278913300000113, -3.049080599999968 ], [ 122.278986800000098, -3.049129499999935 ], [ 122.278919700000074, -3.049251199999958 ], [ 122.278925500000014, -3.049253199999953 ], [ 122.279340700000034, -3.04939829999995 ], [ 122.280046300000095, -3.049644799999953 ], [ 122.280829600000061, -3.050139599999966 ], [ 122.281173200000012, -3.051060399999926 ], [ 122.282003600000053, -3.051666499999953 ], [ 122.281999500000097, -3.051682699999958 ], [ 122.282245100000068, -3.05185739999996 ], [ 122.282904800000097, -3.052049799999963 ], [ 122.283839300000068, -3.052324699999929 ], [ 122.284856300000115, -3.051981099999978 ], [ 122.285470700000019, -3.051906699999961 ], [ 122.2862407, -3.051813399999958 ], [ 122.287055200000054, -3.051843699999949 ], [ 122.287508700000103, -3.05183 ], [ 122.287936, -3.051608099999953 ], [ 122.28885, -3.052202199999954 ], [ 122.291947600000071, -3.053968399999974 ], [ 122.297859500000072, -3.058057399999939 ], [ 122.30029890000003, -3.058895799999959 ], [ 122.301351100000034, -3.059398599999952 ], [ 122.302857300000028, -3.060165799999936 ], [ 122.305128600000103, -3.06072469999998 ], [ 122.3057119, -3.064 ], [ 122.306717, -3.066560599999946 ], [ 122.308446300000014, -3.069236799999942 ], [ 122.312146700000085, -3.072604499999954 ], [ 122.315350900000112, -3.07430729999993 ], [ 122.319150400000012, -3.076689 ], [ 122.323148300000071, -3.078392299999962 ], [ 122.325048, -3.080103299999962 ], [ 122.326531500000101, -3.081419399999959 ], [ 122.326650100000052, -3.081524599999966 ], [ 122.327156500000115, -3.081869599999948 ], [ 122.328129600000011, -3.082532399999934 ], [ 122.329191100000116, -3.083255399999928 ], [ 122.329747500000053, -3.083634399999937 ], [ 122.332186300000103, -3.084676599999966 ], [ 122.335594600000036, -3.085799599999973 ], [ 122.336315200000058, -3.08903319999996 ], [ 122.336609900000099, -3.090355299999942 ], [ 122.336471200000119, -3.091277799999943 ], [ 122.33712770000011, -3.091393599999947 ], [ 122.339508200000068, -3.09405419999996 ], [ 122.340517, -3.094517699999926 ], [ 122.341007800000057, -3.095253799999966 ], [ 122.344306700000061, -3.099302499999965 ], [ 122.345956200000046, -3.102451499999972 ], [ 122.348257500000045, -3.103399099999933 ], [ 122.348318200000108, -3.103358499999956 ], [ 122.348837800000069, -3.103551399999958 ], [ 122.350319900000045, -3.110525 ], [ 122.351419600000099, -3.113451 ], [ 122.351851600000032, -3.11560309999993 ], [ 122.353243600000042, -3.118379 ], [ 122.353818, -3.119619799999953 ], [ 122.354087400000026, -3.120201699999939 ], [ 122.354582300000061, -3.120069099999967 ], [ 122.354620600000089, -3.120203599999968 ], [ 122.354224900000077, -3.12049879999995 ], [ 122.354542800000104, -3.121185499999967 ], [ 122.3545722, -3.121266299999945 ], [ 122.354779600000029, -3.121837299999925 ], [ 122.355088, -3.122686199999976 ], [ 122.355156800000032, -3.122875699999952 ], [ 122.355209, -3.123019199999931 ], [ 122.358521400000086, -3.128786 ], [ 122.36271760000011, -3.131801099999961 ], [ 122.363570900000013, -3.132457199999976 ], [ 122.365106448, -3.130169728999931 ], [ 122.365514147000113, -3.130577427999981 ], [ 122.366440735000083, -3.131392824999978 ], [ 122.368256848000101, -3.132319412999948 ], [ 122.369294626000055, -3.134543224999959 ], [ 122.370777167000028, -3.135655129999975 ], [ 122.371889073000034, -3.13787894099994 ], [ 122.373038042000076, -3.138620211999978 ], [ 122.373260423000033, -3.140658705999954 ], [ 122.374557646000085, -3.141029340999978 ], [ 122.376855585000044, -3.14028806999994 ], [ 122.37704090200009, -3.14284545299995 ], [ 122.377633918000015, -3.142474817999926 ], [ 122.379005269000118, -3.142289500999937 ], [ 122.380339556000081, -3.144068549999929 ], [ 122.380710191000048, -3.143660850999936 ], [ 122.381440781000038, -3.143723472999966 ], [ 122.3820074140001, -3.143772040999977 ], [ 122.3820074140001, -3.144958073999931 ], [ 122.383675272000119, -3.144995137999956 ], [ 122.384750115000088, -3.143846167999925 ], [ 122.386010274000114, -3.143030770999928 ], [ 122.388255300000083, -3.14143839999997 ], [ 122.389622, -3.14015059999997 ], [ 122.391688300000055, -3.140049199999964 ], [ 122.39225650000003, -3.140225699999974 ], [ 122.392816400000015, -3.140399599999967 ], [ 122.394640900000013, -3.140671299999951 ], [ 122.395617200000061, -3.140655299999935 ], [ 122.395744800000102, -3.140664 ], [ 122.396321400000033, -3.140703299999927 ], [ 122.397009500000081, -3.140703299999927 ], [ 122.397729700000014, -3.140511499999945 ], [ 122.398089300000038, -3.140285399999925 ], [ 122.398161800000025, -3.140239799999961 ], [ 122.3982234, -3.140211799999975 ], [ 122.398386600000094, -3.140137399999958 ], [ 122.398898, -3.139904299999955 ], [ 122.399618200000077, -3.13968049999994 ], [ 122.399992200000042, -3.139404899999931 ], [ 122.400290400000017, -3.139185099999963 ], [ 122.400434400000108, -3.138785599999949 ], [ 122.400694600000065, -3.138272699999959 ], [ 122.401058600000056, -3.137555199999952 ], [ 122.401202600000033, -3.136580399999957 ], [ 122.401666800000044, -3.135589599999946 ], [ 122.402627, -3.134239299999933 ], [ 122.40358690000005, -3.132608699999935 ], [ 122.4074266, -3.130431199999975 ], [ 122.417616400000043, -3.128056499999957 ], [ 122.422219500000097, -3.126266299999941 ], [ 122.424377600000071, -3.126573699999938 ], [ 122.426585300000056, -3.126888199999939 ], [ 122.427687100000071, -3.128621199999941 ], [ 122.428395900000055, -3.130926799999941 ], [ 122.427397900000074, -3.132618699999966 ], [ 122.425837100000081, -3.133638899999937 ], [ 122.426332400000092, -3.134467599999937 ], [ 122.426838800000041, -3.135025299999938 ], [ 122.428426200000104, -3.136773799999958 ], [ 122.430433400000084, -3.137159099999963 ], [ 122.430956600000059, -3.138294499999972 ], [ 122.4312337, -3.138895599999955 ], [ 122.432176, -3.139899899999932 ], [ 122.43225480000001, -3.139983899999947 ], [ 122.432808500000078, -3.140574099999981 ], [ 122.433217100000093, -3.140695 ], [ 122.435049200000094, -3.141237 ], [ 122.4353992, -3.141209499999945 ], [ 122.437093000000118, -3.141076699999928 ], [ 122.438378400000033, -3.142156899999975 ], [ 122.438418500000012, -3.142149 ], [ 122.44209740000008, -3.141424899999947 ], [ 122.443666400000097, -3.14197889999997 ], [ 122.443940400000088, -3.145709599999975 ], [ 122.445746400000075, -3.148828399999957 ], [ 122.445772500000089, -3.152116499999977 ], [ 122.445434800000044, -3.155403899999953 ], [ 122.443968500000096, -3.157708499999956 ], [ 122.443482500000073, -3.159682099999941 ], [ 122.445287, -3.162143399999934 ], [ 122.446718500000088, -3.162229899999943 ], [ 122.447903700000097, -3.162301499999955 ], [ 122.450687, -3.163774199999978 ], [ 122.453630800000042, -3.163931599999955 ], [ 122.456409800000074, -3.163596199999972 ], [ 122.459678300000064, -3.162766599999941 ], [ 122.459670900000106, -3.159643699999947 ], [ 122.458355, -3.156359399999928 ], [ 122.457859, -3.15405949999996 ], [ 122.455952, -3.153019699999959 ], [ 122.45589120000011, -3.152986599999963 ], [ 122.454257, -3.152095599999939 ], [ 122.4537798, -3.150808599999948 ], [ 122.454644, -3.150630099999944 ], [ 122.454981, -3.150389899999936 ], [ 122.45518, -3.150248099999942 ], [ 122.455616700000064, -3.150126099999966 ], [ 122.456172800000104, -3.149970799999949 ], [ 122.456506800000057, -3.15004829999998 ], [ 122.45660840000005, -3.150071899999944 ], [ 122.45724210000003, -3.149778399999946 ], [ 122.459056500000088, -3.149778899999944 ], [ 122.459192200000075, -3.149778899999944 ], [ 122.460628800000109, -3.149779299999977 ], [ 122.464389700000083, -3.149770399999966 ], [ 122.465637100000095, -3.150858399999947 ], [ 122.466522700000041, -3.152888299999972 ], [ 122.465426900000011, -3.153445599999941 ], [ 122.464962600000035, -3.155599299999949 ], [ 122.46494650000011, -3.156450499999949 ], [ 122.46532220000006, -3.158740099999932 ], [ 122.4655275, -3.159947599999953 ], [ 122.466805100000101, -3.16029709999998 ], [ 122.469051700000023, -3.162084199999924 ], [ 122.471639700000082, -3.164993799999934 ], [ 122.473560800000087, -3.168694 ], [ 122.474006100000111, -3.168324799999937 ], [ 122.474233300000037, -3.168765199999939 ], [ 122.474388700000077, -3.168869499999971 ], [ 122.474621900000102, -3.168973799999947 ], [ 122.47498470000005, -3.169195399999978 ], [ 122.4754646, -3.169520899999952 ], [ 122.475800700000036, -3.169993299999931 ], [ 122.475800700000036, -3.170068499999957 ], [ 122.475865400000089, -3.170250899999928 ], [ 122.476150500000017, -3.170251 ], [ 122.47652620000008, -3.170472699999948 ], [ 122.476837100000012, -3.170668199999966 ], [ 122.4772388, -3.170876799999974 ], [ 122.477420100000018, -3.17112439999994 ], [ 122.477588400000059, -3.171411 ], [ 122.477730900000097, -3.171593399999949 ], [ 122.4777567000001, -3.171762799999954 ], [ 122.478137100000026, -3.171808099999964 ], [ 122.478422200000068, -3.17180819999993 ], [ 122.478551800000105, -3.171821299999976 ], [ 122.47870730000011, -3.171912599999928 ], [ 122.478823900000066, -3.172016799999938 ], [ 122.479108900000028, -3.17217329999994 ], [ 122.479212500000017, -3.172355699999969 ], [ 122.479303100000038, -3.17262919999996 ], [ 122.479380700000092, -3.172928899999931 ], [ 122.480002500000069, -3.17328079999993 ], [ 122.480404300000032, -3.173333099999979 ], [ 122.480857800000081, -3.173515699999939 ], [ 122.481116900000075, -3.173711199999957 ], [ 122.481414800000039, -3.173984899999937 ], [ 122.481570100000113, -3.174284599999964 ], [ 122.481725400000073, -3.174753599999974 ], [ 122.481971300000055, -3.175535199999956 ], [ 122.482015300000057, -3.17562369999996 ], [ 122.482139600000096, -3.175873899999942 ], [ 122.482320900000104, -3.17606939999996 ], [ 122.482554100000016, -3.176264899999978 ], [ 122.48281320000001, -3.176408299999935 ], [ 122.482890900000029, -3.176551599999925 ], [ 122.483046300000069, -3.176773099999934 ], [ 122.483331400000111, -3.176864399999943 ], [ 122.483694200000059, -3.176890699999944 ], [ 122.483746500000052, -3.176874299999952 ], [ 122.484051200000067, -3.177020499999969 ], [ 122.484510500000056, -3.177291899999943 ], [ 122.484656600000108, -3.177396299999941 ], [ 122.485011500000041, -3.177479799999958 ], [ 122.48557750000009, -3.177762799999925 ], [ 122.485721200000057, -3.177834699999948 ], [ 122.486117800000102, -3.178961899999933 ], [ 122.486431, -3.179755199999931 ], [ 122.48674410000001, -3.179963899999962 ], [ 122.487057200000095, -3.180047399999978 ], [ 122.48666060000005, -3.180235299999936 ], [ 122.486264, -3.180318799999952 ], [ 122.486205400000017, -3.180399399999942 ], [ 122.486097, -3.180548499999929 ], [ 122.485742100000039, -3.180799 ], [ 122.485577600000056, -3.180928899999969 ], [ 122.484872900000028, -3.181485799999962 ], [ 122.484234300000026, -3.181990499999927 ], [ 122.48354960000006, -3.182531499999925 ], [ 122.482756900000027, -3.183157899999969 ], [ 122.481796700000018, -3.183366599999943 ], [ 122.480354700000021, -3.183160599999951 ], [ 122.480253100000027, -3.183186199999966 ], [ 122.47876610000003, -3.183370899999943 ], [ 122.478709500000036, -3.183378 ], [ 122.478333300000031, -3.184048 ], [ 122.477544900000112, -3.184561199999962 ], [ 122.476662200000078, -3.18520209999997 ], [ 122.475779000000102, -3.185747599999956 ], [ 122.474960600000031, -3.186579 ], [ 122.474678600000061, -3.187121299999944 ], [ 122.474012900000048, -3.186902199999963 ], [ 122.473947300000077, -3.18645719999995 ], [ 122.472747300000037, -3.18694069999998 ], [ 122.470854600000052, -3.188096 ], [ 122.469212600000105, -3.188772799999981 ], [ 122.467123100000094, -3.188625 ], [ 122.465690800000061, -3.189102899999966 ], [ 122.46567, -3.189109899999949 ], [ 122.465628200000083, -3.189113799999973 ], [ 122.465854800000102, -3.189478399999928 ], [ 122.464339000000109, -3.18997829999995 ], [ 122.463508600000068, -3.190083099999924 ], [ 122.462396, -3.190010599999937 ], [ 122.461501100000078, -3.190155699999934 ], [ 122.460719, -3.190018599999974 ], [ 122.459485500000028, -3.189575199999979 ], [ 122.458925, -3.189483 ], [ 122.45884860000001, -3.189470399999948 ], [ 122.458474, -3.18938339999994 ], [ 122.45813140000007, -3.18930389999997 ], [ 122.457945600000016, -3.189260799999943 ], [ 122.457835600000067, -3.18926 ], [ 122.457004400000073, -3.189254 ], [ 122.456824900000015, -3.18925269999994 ], [ 122.456587200000058, -3.18924839999994 ], [ 122.456333600000107, -3.189243799999929 ], [ 122.456327100000067, -3.189243699999963 ], [ 122.456101100000069, -3.189239599999951 ], [ 122.455061300000011, -3.189220699999964 ], [ 122.454156300000022, -3.189204299999972 ], [ 122.453496100000052, -3.188993099999948 ], [ 122.453350000000114, -3.188946299999941 ], [ 122.452477900000076, -3.18882009999993 ], [ 122.452281800000037, -3.188831499999935 ], [ 122.450732, -3.188998799999979 ], [ 122.447692500000016, -3.188760599999966 ], [ 122.446300400000041, -3.188831599999958 ], [ 122.444463400000018, -3.188555099999974 ], [ 122.442786400000045, -3.188627699999927 ], [ 122.442024900000092, -3.18825 ], [ 122.441245600000116, -3.188140399999952 ], [ 122.441087700000026, -3.188046899999961 ], [ 122.440846100000044, -3.188009399999942 ], [ 122.440511400000105, -3.188055899999938 ], [ 122.440279, -3.188139899999953 ], [ 122.440130200000112, -3.188298599999939 ], [ 122.439804800000047, -3.188419899999928 ], [ 122.439535300000102, -3.188410399999952 ], [ 122.439275, -3.188382199999978 ], [ 122.438395200000059, -3.188252399999953 ], [ 122.438190700000064, -3.188280299999974 ], [ 122.437865300000112, -3.188364199999967 ], [ 122.437493600000039, -3.188354599999968 ], [ 122.437233400000082, -3.188261099999977 ], [ 122.436982500000113, -3.188074099999938 ], [ 122.43673160000003, -3.187905799999953 ], [ 122.436387700000068, -3.187905599999965 ], [ 122.436183200000073, -3.188064299999951 ], [ 122.436034300000074, -3.188400499999943 ], [ 122.435857500000111, -3.18869 ], [ 122.435764500000118, -3.188895499999944 ], [ 122.4356156, -3.189185 ], [ 122.434913400000028, -3.189588399999934 ], [ 122.434764500000028, -3.189756399999965 ], [ 122.434522800000082, -3.189980499999933 ], [ 122.43426240000008, -3.190092499999935 ], [ 122.433807000000115, -3.190101599999934 ], [ 122.433016700000053, -3.190474799999947 ], [ 122.432644900000014, -3.190633399999967 ], [ 122.432375300000103, -3.190726599999948 ], [ 122.431910500000072, -3.190894499999956 ], [ 122.431640800000082, -3.190997099999947 ], [ 122.431371200000058, -3.19109039999995 ], [ 122.430857300000071, -3.191458799999964 ], [ 122.430578400000059, -3.191580099999953 ], [ 122.430411100000015, -3.19164539999997 ], [ 122.430206500000054, -3.19176669999996 ], [ 122.429918200000088, -3.192028099999959 ], [ 122.429555600000072, -3.192261499999972 ], [ 122.429276700000059, -3.192336099999977 ], [ 122.42890490000002, -3.192391899999961 ], [ 122.42863530000011, -3.192485199999965 ], [ 122.428514300000074, -3.192793399999971 ], [ 122.428514100000029, -3.193092299999932 ], [ 122.428523200000086, -3.193494 ], [ 122.428788700000041, -3.194311299999924 ], [ 122.428894400000104, -3.194568499999946 ], [ 122.429014100000018, -3.196545299999968 ], [ 122.428986100000088, -3.196769499999959 ], [ 122.429097500000012, -3.19709649999993 ], [ 122.42909730000008, -3.197395399999948 ], [ 122.429022800000098, -3.197675599999968 ], [ 122.429004100000043, -3.197937199999956 ], [ 122.429161900000054, -3.198264199999926 ], [ 122.429236100000026, -3.198581899999965 ], [ 122.429301, -3.198899499999925 ], [ 122.429412100000036, -3.199600199999963 ], [ 122.429365500000017, -3.199945799999966 ], [ 122.4293282000001, -3.20017 ], [ 122.429132800000048, -3.200478199999964 ], [ 122.428505200000018, -3.200994299999934 ], [ 122.428402900000037, -3.201097 ], [ 122.428114700000037, -3.201208899999926 ], [ 122.428021700000045, -3.201274199999943 ], [ 122.427640700000097, -3.201311399999952 ], [ 122.427473400000054, -3.201273899999933 ], [ 122.427287600000113, -3.201077699999928 ], [ 122.427185400000099, -3.200881399999957 ], [ 122.42683240000008, -3.200647699999934 ], [ 122.426627900000085, -3.200600899999927 ], [ 122.42642340000009, -3.200675499999932 ], [ 122.426389, -3.200734599999976 ], [ 122.42638050000005, -3.200749199999962 ], [ 122.426375700000108, -3.200757499999952 ], [ 122.426458300000036, -3.203104599999961 ], [ 122.424918200000093, -3.203131399999961 ], [ 122.424208500000077, -3.203143699999941 ], [ 122.423577900000055, -3.203154599999948 ], [ 122.423576600000047, -3.203155899999956 ], [ 122.423530300000039, -3.203200099999947 ], [ 122.4234662, -3.203261399999974 ], [ 122.4234394, -3.203378899999962 ], [ 122.423373300000094, -3.203669099999956 ], [ 122.423401100000092, -3.203865299999961 ], [ 122.423373200000015, -3.204014699999959 ], [ 122.423215100000107, -3.204126699999961 ], [ 122.423103500000025, -3.204229399999974 ], [ 122.423159100000021, -3.204453699999931 ], [ 122.423177600000031, -3.204752599999949 ], [ 122.423010100000056, -3.205079499999954 ], [ 122.42290770000011, -3.205191499999955 ], [ 122.422814700000117, -3.205284899999981 ], [ 122.422870500000045, -3.205359599999952 ], [ 122.422982, -3.205406399999958 ], [ 122.423140000000103, -3.205406499999981 ], [ 122.423270100000082, -3.205406599999947 ], [ 122.423679100000072, -3.205416199999945 ], [ 122.423679000000106, -3.20564029999997 ], [ 122.423846200000071, -3.205696499999931 ], [ 122.423846400000116, -3.20546289999993 ], [ 122.424218200000041, -3.205500499999971 ], [ 122.424255300000027, -3.205565899999954 ], [ 122.424283100000025, -3.205659399999945 ], [ 122.424283, -3.205846199999939 ], [ 122.424385200000074, -3.206014399999958 ], [ 122.424422200000095, -3.206238599999949 ], [ 122.424394200000052, -3.206481499999938 ], [ 122.424301200000059, -3.206574799999942 ], [ 122.424198900000079, -3.206705599999964 ], [ 122.424226700000077, -3.20687369999996 ], [ 122.42429160000006, -3.207116699999972 ], [ 122.424328700000046, -3.20727549999998 ], [ 122.424544, -3.207618 ], [ 122.424655500000085, -3.207739499999946 ], [ 122.424748400000112, -3.207832899999971 ], [ 122.424887700000113, -3.208029199999942 ], [ 122.424943300000109, -3.208216099999959 ], [ 122.424999, -3.208431 ], [ 122.425045100000034, -3.20911289999998 ], [ 122.425147300000049, -3.209215699999959 ], [ 122.425277400000027, -3.209262499999966 ], [ 122.425565600000027, -3.209216 ], [ 122.425667800000042, -3.20915059999993 ], [ 122.425872400000117, -3.209057299999927 ], [ 122.426002500000095, -3.209113499999944 ], [ 122.426113900000018, -3.209272299999952 ], [ 122.426197400000092, -3.209571299999936 ], [ 122.426178700000037, -3.209739399999933 ], [ 122.42612280000003, -3.209898199999941 ], [ 122.425974100000076, -3.209972899999968 ], [ 122.425843900000018, -3.210010199999942 ], [ 122.425658000000112, -3.210094099999935 ], [ 122.425546300000065, -3.210402299999942 ], [ 122.425509, -3.210598499999946 ], [ 122.425573900000018, -3.210981499999946 ], [ 122.425648, -3.211303099999952 ], [ 122.425657200000046, -3.211480599999959 ], [ 122.425685, -3.211770199999933 ], [ 122.425675500000011, -3.212041099999965 ], [ 122.425638200000094, -3.212330699999939 ], [ 122.425563700000112, -3.212554799999964 ], [ 122.42547060000004, -3.212741599999958 ], [ 122.425349700000083, -3.212881699999969 ], [ 122.425349700000083, -3.212984399999925 ], [ 122.425414300000057, -3.213647699999967 ], [ 122.425451400000043, -3.213834599999927 ], [ 122.425395600000115, -3.21399329999997 ], [ 122.425293300000021, -3.214077399999951 ], [ 122.425125900000012, -3.214161299999944 ], [ 122.424995700000068, -3.214320099999952 ], [ 122.424791800000094, -3.21521249999995 ], [ 122.424726700000065, -3.21539 ], [ 122.424670800000058, -3.215483399999925 ], [ 122.424596400000041, -3.215670199999977 ], [ 122.424605500000098, -3.215922399999954 ], [ 122.424689, -3.216277399999967 ], [ 122.424781800000119, -3.216567099999963 ], [ 122.424874600000066, -3.216763299999968 ], [ 122.425116200000048, -3.21694089999994 ], [ 122.425450700000056, -3.217109199999925 ], [ 122.425878100000091, -3.217483099999924 ], [ 122.426036, -3.217558 ], [ 122.426407800000106, -3.217558199999928 ], [ 122.426677400000017, -3.217614399999945 ], [ 122.426835300000107, -3.21773589999998 ], [ 122.426890900000103, -3.218006799999955 ], [ 122.426872200000048, -3.218203 ], [ 122.426788500000043, -3.218371099999956 ], [ 122.426760500000114, -3.218501899999978 ], [ 122.426788300000112, -3.218688699999973 ], [ 122.427243600000111, -3.219077 ], [ 122.427438700000039, -3.219273299999941 ], [ 122.427559400000064, -3.21952559999994 ], [ 122.427698600000099, -3.219936699999948 ], [ 122.427791300000081, -3.220282399999974 ], [ 122.427874700000075, -3.22071219999998 ], [ 122.427874600000109, -3.220964399999957 ], [ 122.4277164, -3.221207199999981 ], [ 122.427567600000089, -3.221506 ], [ 122.427409200000056, -3.222131799999943 ], [ 122.42747410000004, -3.222496199999966 ], [ 122.427566900000102, -3.222739099999956 ], [ 122.427678300000025, -3.222907299999974 ], [ 122.428133300000013, -3.223538699999949 ], [ 122.42841210000006, -3.223669599999937 ], [ 122.428579300000024, -3.223856499999954 ], [ 122.428811500000052, -3.224230299999931 ], [ 122.428913500000021, -3.224660099999937 ], [ 122.428904000000102, -3.224884299999928 ], [ 122.428671500000064, -3.225155099999938 ], [ 122.428169400000115, -3.225537799999927 ], [ 122.427918300000101, -3.225715099999945 ], [ 122.427862400000095, -3.225873899999954 ], [ 122.427862300000015, -3.226210199999969 ], [ 122.427992200000062, -3.226621299999977 ], [ 122.428112900000087, -3.226789499999938 ], [ 122.42828940000004, -3.227013799999952 ], [ 122.428419400000053, -3.227228799999978 ], [ 122.429266200000029, -3.228495599999974 ], [ 122.429442700000095, -3.228729199999975 ], [ 122.429600600000072, -3.228953499999932 ], [ 122.429739900000072, -3.229215199999942 ], [ 122.429804700000091, -3.229663599999981 ], [ 122.4298324, -3.229953199999954 ], [ 122.429860100000042, -3.230280199999925 ], [ 122.429962100000012, -3.230831399999943 ], [ 122.43000840000002, -3.230990199999951 ], [ 122.4300455, -3.23115839999997 ], [ 122.4300455, -3.231242499999951 ], [ 122.430156900000043, -3.23134529999993 ], [ 122.430344400000081, -3.231528799999978 ], [ 122.4305395, -3.231612899999959 ], [ 122.430716100000041, -3.231687799999975 ], [ 122.430790400000092, -3.231753199999957 ], [ 122.430874, -3.231856 ], [ 122.431032, -3.232014899999967 ], [ 122.431199200000037, -3.232155099999943 ], [ 122.431431500000031, -3.232379499999979 ], [ 122.431663700000058, -3.232557099999951 ], [ 122.431812400000013, -3.232697299999927 ], [ 122.431858700000021, -3.232902799999977 ], [ 122.43177490000005, -3.233257799999933 ], [ 122.431765500000097, -3.233491299999969 ], [ 122.431923300000108, -3.233865 ], [ 122.432034600000065, -3.234154699999976 ], [ 122.432406100000094, -3.234743399999957 ], [ 122.432573300000058, -3.234921 ], [ 122.432545400000095, -3.235070499999949 ], [ 122.432396600000061, -3.235182499999951 ], [ 122.432164200000102, -3.235257099999956 ], [ 122.432015400000068, -3.235247699999945 ], [ 122.431662300000085, -3.235191399999962 ], [ 122.431439200000113, -3.235079199999973 ], [ 122.431207, -3.234873499999935 ], [ 122.431002600000056, -3.234752 ], [ 122.430621500000029, -3.23475179999997 ], [ 122.430379700000117, -3.234826399999974 ], [ 122.430184500000109, -3.234882299999981 ], [ 122.429989200000023, -3.235059699999965 ], [ 122.429970500000081, -3.235237199999972 ], [ 122.43013760000008, -3.235774599999957 ], [ 122.430146700000023, -3.23598949999996 ], [ 122.430165200000033, -3.236176299999954 ], [ 122.430248800000072, -3.236381899999969 ], [ 122.43029510000008, -3.236680799999931 ], [ 122.430267, -3.236998399999948 ], [ 122.430294500000059, -3.23759629999995 ], [ 122.430406100000027, -3.23770849999994 ], [ 122.430526800000052, -3.237886 ], [ 122.430591700000036, -3.238194299999975 ], [ 122.430535700000064, -3.238605299999961 ], [ 122.430600700000014, -3.238745499999936 ], [ 122.430674900000099, -3.238876299999959 ], [ 122.430777100000114, -3.239007099999981 ], [ 122.430972200000042, -3.239166099999977 ], [ 122.431130200000098, -3.239287599999955 ], [ 122.431353200000103, -3.23935309999996 ], [ 122.431922400000076, -3.239517199999966 ], [ 122.431978100000038, -3.239591899999937 ], [ 122.432071, -3.239685399999928 ], [ 122.432247600000096, -3.239732199999935 ], [ 122.432433500000116, -3.239704299999971 ], [ 122.432591700000103, -3.239517499999977 ], [ 122.432759, -3.239442899999972 ], [ 122.433047200000033, -3.239387 ], [ 122.433270300000117, -3.239405799999929 ], [ 122.433400300000017, -3.239480599999979 ], [ 122.433428100000015, -3.239788899999951 ], [ 122.433400100000085, -3.239985099999956 ], [ 122.433149, -3.240199799999971 ], [ 122.433121, -3.240386599999965 ], [ 122.433130200000051, -3.240592099999958 ], [ 122.433306700000117, -3.240760399999942 ], [ 122.433371700000066, -3.240797799999939 ], [ 122.433659900000066, -3.240835299999958 ], [ 122.433669, -3.24114359999993 ], [ 122.43296260000011, -3.241124499999955 ], [ 122.432934700000033, -3.241152499999941 ], [ 122.432860300000016, -3.241236499999957 ], [ 122.432832300000086, -3.241460699999948 ], [ 122.432729900000027, -3.241628799999944 ], [ 122.432618300000058, -3.241815599999939 ], [ 122.432618200000093, -3.241974399999947 ], [ 122.432850300000041, -3.24233879999997 ], [ 122.43293390000008, -3.242525699999931 ], [ 122.433063900000093, -3.242731299999946 ], [ 122.433045200000038, -3.242899499999965 ], [ 122.433008, -3.243002199999978 ], [ 122.432812700000113, -3.243086099999971 ], [ 122.432654700000057, -3.243170099999929 ], [ 122.432478100000026, -3.243226099999958 ], [ 122.432264200000077, -3.243366099999946 ], [ 122.432124700000031, -3.243440699999951 ], [ 122.431892300000072, -3.243571399999951 ], [ 122.430966600000033, -3.243891 ], [ 122.430817800000113, -3.243956299999979 ], [ 122.430659700000092, -3.244087 ], [ 122.430613200000039, -3.244227099999932 ], [ 122.430622400000061, -3.244413899999927 ], [ 122.43058510000003, -3.244535299999939 ], [ 122.430371300000047, -3.244600599999956 ], [ 122.430259700000079, -3.244619199999931 ], [ 122.430055300000049, -3.244563099999937 ], [ 122.429906600000095, -3.244525599999974 ], [ 122.429785700000025, -3.244572299999959 ], [ 122.429590500000018, -3.24467489999995 ], [ 122.429460200000108, -3.244889699999931 ], [ 122.429385700000012, -3.245113899999978 ], [ 122.429394900000034, -3.245300699999973 ], [ 122.429469200000085, -3.245347399999957 ], [ 122.429599400000029, -3.245384899999976 ], [ 122.429664500000058, -3.245282199999963 ], [ 122.429664600000024, -3.245123399999954 ], [ 122.429673900000012, -3.244983199999979 ], [ 122.429776200000106, -3.244908599999974 ], [ 122.42990640000005, -3.244899299999929 ], [ 122.43002720000004, -3.244927399999938 ], [ 122.430092200000104, -3.245030199999974 ], [ 122.430082800000037, -3.245170299999927 ], [ 122.429999100000032, -3.245254299999942 ], [ 122.429989800000044, -3.245357099999978 ], [ 122.430184900000086, -3.245431899999971 ], [ 122.430277900000078, -3.245385299999953 ], [ 122.430380300000024, -3.245198499999958 ], [ 122.430491900000106, -3.245077099999946 ], [ 122.430612800000063, -3.244974399999933 ], [ 122.430835800000068, -3.244965199999967 ], [ 122.430947300000071, -3.245058699999959 ], [ 122.430993700000045, -3.245339 ], [ 122.430881900000031, -3.245628499999953 ], [ 122.430853900000102, -3.245908699999973 ], [ 122.430844500000035, -3.246067499999981 ], [ 122.430928100000074, -3.246263699999929 ], [ 122.430965100000094, -3.246478599999932 ], [ 122.430955600000061, -3.246917699999926 ], [ 122.430964800000083, -3.247113799999966 ], [ 122.430927500000053, -3.247244599999931 ], [ 122.430834600000026, -3.247281899999962 ], [ 122.430583600000091, -3.24731909999997 ], [ 122.430434800000057, -3.247431199999937 ], [ 122.430165200000033, -3.247487099999944 ], [ 122.430044400000043, -3.247365599999966 ], [ 122.43003520000002, -3.247244099999932 ], [ 122.429979500000059, -3.247029199999929 ], [ 122.429840200000058, -3.246861 ], [ 122.42962650000004, -3.246702099999936 ], [ 122.42945, -3.24655249999995 ], [ 122.429236300000071, -3.246412199999952 ], [ 122.429106200000092, -3.246309399999973 ], [ 122.428846, -3.246141099999932 ], [ 122.428576500000077, -3.246084899999971 ], [ 122.428325600000107, -3.245982 ], [ 122.42819540000005, -3.24601 ], [ 122.4280281, -3.246056599999974 ], [ 122.427758500000095, -3.246140499999967 ], [ 122.427646800000048, -3.246308599999963 ], [ 122.427646700000082, -3.246504799999968 ], [ 122.42767450000008, -3.246701 ], [ 122.427600100000063, -3.246775599999978 ], [ 122.427395600000068, -3.24682219999994 ], [ 122.427200300000095, -3.246943599999952 ], [ 122.427098000000115, -3.247102299999938 ], [ 122.426949200000081, -3.247158299999967 ], [ 122.426735400000098, -3.247130099999936 ], [ 122.426531, -3.247055299999943 ], [ 122.426326500000073, -3.247017799999981 ], [ 122.426140700000019, -3.246840199999951 ], [ 122.426205900000014, -3.246644099999969 ], [ 122.42628030000003, -3.246569399999942 ], [ 122.426419800000076, -3.246429299999932 ], [ 122.426494300000059, -3.24613039999997 ], [ 122.426429400000075, -3.245831499999952 ], [ 122.426401600000077, -3.245766099999969 ], [ 122.426234300000033, -3.245653899999979 ], [ 122.426141500000085, -3.245523 ], [ 122.426067200000034, -3.245280099999945 ], [ 122.426141700000016, -3.245046599999966 ], [ 122.426262600000086, -3.244915899999967 ], [ 122.426476500000035, -3.24471049999994 ], [ 122.42664410000009, -3.244280899999978 ], [ 122.426607000000104, -3.244066 ], [ 122.426560600000016, -3.24397259999995 ], [ 122.426458400000115, -3.243916499999955 ], [ 122.42623530000003, -3.243869599999925 ], [ 122.426058800000078, -3.243776099999934 ], [ 122.425947300000075, -3.243645299999969 ], [ 122.425956700000029, -3.243495799999948 ], [ 122.425947400000041, -3.243393 ], [ 122.425724400000036, -3.243299499999978 ], [ 122.425594300000057, -3.243299399999955 ], [ 122.425252000000114, -3.243368399999952 ], [ 122.424993800000038, -3.243457199999966 ], [ 122.424809400000072, -3.243494099999964 ], [ 122.424617600000033, -3.243523699999969 ], [ 122.424388900000054, -3.243479099999945 ], [ 122.424138200000016, -3.243397399999935 ], [ 122.423946500000056, -3.243315699999926 ], [ 122.423799, -3.24327859999994 ], [ 122.423644, -3.243367399999954 ], [ 122.423599700000068, -3.243515699999932 ], [ 122.423591500000043, -3.243896499999948 ], [ 122.423561900000095, -3.244081799999947 ], [ 122.423539600000026, -3.244244899999956 ], [ 122.423458400000072, -3.244378299999937 ], [ 122.423274000000106, -3.244496799999979 ], [ 122.422897700000021, -3.244622599999957 ], [ 122.422757500000102, -3.24471879999993 ], [ 122.422639400000094, -3.24494859999993 ], [ 122.42263180000009, -3.245304399999952 ], [ 122.422690700000089, -3.245556399999941 ], [ 122.422941100000116, -3.24611989999994 ], [ 122.423059100000046, -3.24629049999993 ], [ 122.423169600000051, -3.24640919999996 ], [ 122.423332300000084, -3.24668639999993 ], [ 122.423376500000018, -3.246856899999955 ], [ 122.423376400000052, -3.24707189999998 ], [ 122.423383700000045, -3.247212699999977 ], [ 122.423479500000099, -3.247390699999926 ], [ 122.423626900000045, -3.247479699999928 ], [ 122.423914500000024, -3.247583599999928 ], [ 122.424106200000097, -3.247709799999939 ], [ 122.424312700000087, -3.247791399999926 ], [ 122.424592900000107, -3.247895399999948 ], [ 122.424912100000029, -3.247970699999939 ], [ 122.424949, -3.248000299999944 ], [ 122.425044800000023, -3.248126399999933 ], [ 122.425162800000066, -3.248237699999947 ], [ 122.425347100000067, -3.248297099999945 ], [ 122.425443, -3.248319399999957 ], [ 122.42548720000002, -3.248400899999979 ], [ 122.42563610000002, -3.248707199999956 ], [ 122.425695, -3.248833299999944 ], [ 122.425798200000031, -3.248885199999961 ], [ 122.425967900000046, -3.248944599999959 ], [ 122.42608580000001, -3.249093 ], [ 122.426225800000111, -3.249263499999927 ], [ 122.426380600000016, -3.249441499999932 ], [ 122.42666070000007, -3.249753 ], [ 122.426793400000065, -3.249856899999941 ], [ 122.426999900000055, -3.249945899999943 ], [ 122.427162200000112, -3.249990499999967 ], [ 122.4275278, -3.250266899999929 ], [ 122.427611800000022, -3.250457099999949 ], [ 122.427737900000011, -3.250573399999951 ], [ 122.428042600000026, -3.250679199999979 ], [ 122.428210800000102, -3.250742699999932 ], [ 122.428294600000072, -3.251123 ], [ 122.428178800000069, -3.251587699999959 ], [ 122.428178600000024, -3.251862399999936 ], [ 122.4281889, -3.252253199999927 ], [ 122.428251800000112, -3.252517299999965 ], [ 122.428356700000109, -3.252844899999957 ], [ 122.42844070000001, -3.253066699999977 ], [ 122.4283249, -3.253938 ], [ 122.428272200000038, -3.254085799999928 ], [ 122.428324700000076, -3.254244299999925 ], [ 122.42838770000003, -3.25440279999998 ], [ 122.428440100000103, -3.254614099999969 ], [ 122.428376900000103, -3.254888699999981 ], [ 122.428376800000024, -3.255131699999936 ], [ 122.428429200000096, -3.255364099999952 ], [ 122.428513200000111, -3.255596499999967 ], [ 122.428702300000054, -3.255744499999935 ], [ 122.428923, -3.255839699999967 ], [ 122.4292067, -3.255913799999973 ], [ 122.42953250000005, -3.256019599999945 ], [ 122.429900300000099, -3.256146599999965 ], [ 122.430184, -3.256252399999937 ], [ 122.430394200000023, -3.256337 ], [ 122.430712600000106, -3.256593299999963 ], [ 122.430933200000027, -3.256794199999945 ], [ 122.431153900000027, -3.256878799999924 ], [ 122.431322, -3.257037299999979 ], [ 122.431395400000042, -3.25726979999996 ], [ 122.431363800000099, -3.257481 ], [ 122.431374100000085, -3.257681699999978 ], [ 122.43152120000002, -3.257829699999945 ], [ 122.431657800000039, -3.257903699999929 ], [ 122.431826000000115, -3.257808699999941 ], [ 122.431941800000118, -3.257650399999932 ], [ 122.432099600000015, -3.257280699999967 ], [ 122.432225900000049, -3.257090699999935 ], [ 122.432488700000022, -3.25702739999997 ], [ 122.4328461, -3.257027599999958 ], [ 122.433077300000036, -3.257091099999968 ], [ 122.433171800000082, -3.257218 ], [ 122.433192700000063, -3.257334199999946 ], [ 122.433318800000052, -3.257418799999925 ], [ 122.4333818, -3.257577199999957 ], [ 122.433371200000011, -3.257830799999965 ], [ 122.433181700000091, -3.258306 ], [ 122.433108, -3.258422199999927 ], [ 122.43300290000002, -3.258559399999967 ], [ 122.432866100000069, -3.258738899999969 ], [ 122.432718800000089, -3.258971199999962 ], [ 122.432687200000032, -3.259224699999947 ], [ 122.432697500000017, -3.259531099999947 ], [ 122.432770600000026, -3.259873499999969 ], [ 122.432875700000068, -3.260032 ], [ 122.432896600000049, -3.26023269999996 ], [ 122.43283340000005, -3.260401699999932 ], [ 122.432696700000065, -3.260496699999976 ], [ 122.432507500000042, -3.260612799999933 ], [ 122.432381300000088, -3.260739499999943 ], [ 122.432213, -3.260887299999979 ], [ 122.43210780000004, -3.261003399999936 ], [ 122.431929, -3.261204 ], [ 122.431548800000087, -3.261553899999967 ], [ 122.431401600000072, -3.261585499999967 ], [ 122.431307, -3.261627699999963 ], [ 122.431180800000107, -3.26172269999995 ], [ 122.431075700000065, -3.26186 ], [ 122.431044, -3.262029 ], [ 122.431054500000073, -3.262155699999937 ], [ 122.430980500000032, -3.262443099999928 ], [ 122.430875300000025, -3.262517 ], [ 122.430340400000091, -3.262343699999974 ], [ 122.430128900000113, -3.262854599999969 ], [ 122.430107800000087, -3.262960199999952 ], [ 122.430086700000061, -3.263108099999954 ], [ 122.430055, -3.263393299999962 ], [ 122.430044300000077, -3.263604499999929 ], [ 122.430222900000103, -3.263911 ], [ 122.430306900000119, -3.264069499999948 ], [ 122.430369800000108, -3.264238499999976 ], [ 122.430516900000043, -3.264428699999939 ], [ 122.430611400000089, -3.264597799999933 ], [ 122.430726900000082, -3.264735199999961 ], [ 122.430832, -3.264830299999971 ], [ 122.431031600000097, -3.264936099999943 ], [ 122.431147100000089, -3.265168499999959 ], [ 122.431168, -3.265327 ], [ 122.431178400000022, -3.265591099999938 ], [ 122.431094200000075, -3.265834 ], [ 122.431061900000032, -3.266186699999935 ], [ 122.43104070000004, -3.266345199999932 ], [ 122.431030100000044, -3.266545899999926 ], [ 122.43103, -3.266725399999928 ], [ 122.43091430000004, -3.266852099999937 ], [ 122.430861600000071, -3.267073899999957 ], [ 122.430945700000052, -3.267137399999967 ], [ 122.431040200000098, -3.267264199999943 ], [ 122.43104, -3.267602199999942 ], [ 122.431029500000022, -3.267697299999952 ], [ 122.430934800000045, -3.267728899999952 ], [ 122.430777100000114, -3.267834499999935 ], [ 122.430829600000038, -3.267992899999967 ], [ 122.4310398, -3.268056399999978 ], [ 122.431323500000076, -3.268172799999945 ], [ 122.431386500000031, -3.268257299999959 ], [ 122.43130240000005, -3.268394599999965 ], [ 122.430997500000103, -3.268563399999948 ], [ 122.430923800000073, -3.26871129999995 ], [ 122.4308598, -3.269126699999958 ], [ 122.430901800000015, -3.269221799999968 ], [ 122.431006900000057, -3.269285299999979 ], [ 122.431164600000102, -3.269285299999979 ], [ 122.431353800000011, -3.269232599999953 ], [ 122.431501, -3.269201 ], [ 122.431606100000067, -3.26918 ], [ 122.431732200000056, -3.269190599999945 ], [ 122.431788200000028, -3.269218799999976 ], [ 122.431889800000022, -3.269436499999927 ], [ 122.432149200000026, -3.269840099999954 ], [ 122.432293300000083, -3.270503099999928 ], [ 122.432149200000026, -3.271194899999955 ], [ 122.431716900000083, -3.271425499999964 ], [ 122.431457400000113, -3.271569599999964 ], [ 122.4313998, -3.271829 ], [ 122.43180330000007, -3.272866699999952 ], [ 122.431716900000083, -3.273299099999974 ], [ 122.431371, -3.273472 ], [ 122.430909700000029, -3.273529699999926 ], [ 122.430823300000043, -3.273645 ], [ 122.430710400000066, -3.274570799999935 ], [ 122.430419700000016, -3.274653899999976 ], [ 122.429929700000116, -3.274596199999962 ], [ 122.429756700000098, -3.274740299999962 ], [ 122.429468500000098, -3.274942099999976 ], [ 122.42941350000001, -3.27499709999995 ], [ 122.429036100000076, -3.274452099999962 ], [ 122.428574900000058, -3.274999799999932 ], [ 122.428257800000097, -3.275633899999946 ], [ 122.427364300000022, -3.276296899999977 ], [ 122.4267301000001, -3.276152799999977 ], [ 122.426355400000034, -3.276325699999973 ], [ 122.42638420000003, -3.276556299999925 ], [ 122.426874200000043, -3.277536399999974 ], [ 122.427104900000018, -3.278141699999935 ], [ 122.427191300000118, -3.278343499999949 ], [ 122.427306600000065, -3.278833499999962 ], [ 122.427104900000018, -3.279208199999971 ], [ 122.426586, -3.279467599999975 ], [ 122.426153600000021, -3.279640599999937 ], [ 122.425836500000059, -3.279928799999936 ], [ 122.425652600000035, -3.280079299999954 ], [ 122.425534900000116, -3.280175699999972 ], [ 122.425373800000102, -3.280307499999935 ], [ 122.424885300000028, -3.280101799999954 ], [ 122.424366500000019, -3.27941 ], [ 122.424337600000058, -3.278516399999944 ], [ 122.424827700000037, -3.27770929999997 ], [ 122.425231200000098, -3.277104 ], [ 122.425207500000056, -3.27655939999994 ], [ 122.425202400000103, -3.276441 ], [ 122.424885300000028, -3.275720399999955 ], [ 122.424683500000015, -3.275720399999955 ], [ 122.424625900000024, -3.276412199999925 ], [ 122.424375700000041, -3.277051599999936 ], [ 122.424366500000019, -3.277075199999956 ], [ 122.423761200000058, -3.277075199999956 ], [ 122.423627500000066, -3.277075199999956 ], [ 122.423098200000027, -3.277075199999956 ], [ 122.423011700000075, -3.277363399999956 ], [ 122.422867600000018, -3.277629499999932 ], [ 122.422637, -3.278055199999926 ], [ 122.422319900000048, -3.277939899999978 ], [ 122.421974, -3.27756519999997 ], [ 122.422066900000118, -3.277360699999974 ], [ 122.422060500000043, -3.277363399999956 ], [ 122.422262300000057, -3.276181599999973 ], [ 122.421743400000082, -3.274942099999976 ], [ 122.421484, -3.273760299999935 ], [ 122.421743400000082, -3.273414399999979 ], [ 122.42185870000003, -3.273558499999979 ], [ 122.422120200000109, -3.273994399999935 ], [ 122.4222046000001, -3.274135 ], [ 122.4224928000001, -3.274135 ], [ 122.422568, -3.273932 ], [ 122.422781100000066, -3.273356699999965 ], [ 122.423155800000018, -3.273068499999965 ], [ 122.423357600000031, -3.272636099999943 ], [ 122.423052900000016, -3.272109899999975 ], [ 122.423050200000034, -3.272110199999929 ], [ 122.422850500000095, -3.272110099999963 ], [ 122.422619200000099, -3.27206769999998 ], [ 122.422524700000054, -3.271993699999939 ], [ 122.422486400000025, -3.27188979999994 ], [ 122.421685700000012, -3.271569599999964 ], [ 122.4211381, -3.270791299999928 ], [ 122.4211381, -3.270013 ], [ 122.421541600000069, -3.268917699999975 ], [ 122.421637, -3.268421499999931 ], [ 122.421599300000025, -3.268398799999943 ], [ 122.421455100000117, -3.268341199999952 ], [ 122.420878700000117, -3.268312399999957 ], [ 122.420331, -3.268197099999952 ], [ 122.419725700000072, -3.268398799999943 ], [ 122.419316900000013, -3.268358 ], [ 122.418947400000093, -3.267044099999964 ], [ 122.418572700000027, -3.264536299999975 ], [ 122.418745600000079, -3.264075099999957 ], [ 122.419349200000056, -3.263829199999975 ], [ 122.419437400000106, -3.264248 ], [ 122.419610300000045, -3.264622799999927 ], [ 122.41989860000001, -3.265199299999949 ], [ 122.420158, -3.265141599999936 ], [ 122.420532800000046, -3.265026299999931 ], [ 122.420849800000042, -3.265228099999945 ], [ 122.421109300000012, -3.265574 ], [ 122.421339800000055, -3.266121699999928 ], [ 122.421311, -3.266784599999937 ], [ 122.421829900000034, -3.267245799999955 ], [ 122.422291100000052, -3.267332299999964 ], [ 122.4224928000001, -3.26707289999996 ], [ 122.4222046000001, -3.265746899999954 ], [ 122.421829900000034, -3.265487499999949 ], [ 122.421224600000073, -3.264824499999975 ], [ 122.420792200000051, -3.263066199999969 ], [ 122.421051600000055, -3.262633799999946 ], [ 122.422291100000052, -3.26254739999996 ], [ 122.422291100000052, -3.262287899999933 ], [ 122.421743400000082, -3.261394399999972 ], [ 122.421353600000089, -3.261121499999945 ], [ 122.421166900000117, -3.260990799999945 ], [ 122.419783300000063, -3.261192599999958 ], [ 122.419149100000027, -3.262287899999933 ], [ 122.419068800000105, -3.262317199999927 ], [ 122.418832100000031, -3.262403199999937 ], [ 122.418531200000075, -3.262336399999981 ], [ 122.418313200000057, -3.262287899999933 ], [ 122.417895200000089, -3.262235699999962 ], [ 122.417852, -3.262230299999942 ], [ 122.417246700000078, -3.262201499999946 ], [ 122.417209300000081, -3.262168199999962 ], [ 122.416987300000073, -3.261970899999938 ], [ 122.416708100000051, -3.262010699999962 ], [ 122.416693600000031, -3.261993199999949 ], [ 122.416680900000074, -3.261895099999947 ], [ 122.416036, -3.262028499999928 ], [ 122.415373100000011, -3.260616099999936 ], [ 122.416324300000042, -3.260010799999975 ], [ 122.416721600000074, -3.260641799999974 ], [ 122.41707370000006, -3.26081789999995 ], [ 122.417390800000021, -3.260616099999936 ], [ 122.417492, -3.260514899999976 ], [ 122.4176791000001, -3.26032779999997 ], [ 122.418197900000109, -3.259837799999957 ], [ 122.418169100000114, -3.25929009999993 ], [ 122.417918200000031, -3.259039299999927 ], [ 122.417821300000014, -3.259136599999977 ], [ 122.417694500000039, -3.259419299999934 ], [ 122.417518500000028, -3.259553499999924 ], [ 122.417370800000072, -3.259602899999948 ], [ 122.417061300000114, -3.25951079999993 ], [ 122.417003500000078, -3.25946719999996 ], [ 122.416843100000051, -3.259693699999957 ], [ 122.416554900000051, -3.25929009999993 ], [ 122.416554900000051, -3.258713599999965 ], [ 122.415834300000029, -3.25845419999996 ], [ 122.415747800000076, -3.258079499999951 ], [ 122.415899200000013, -3.257603699999947 ], [ 122.415730100000019, -3.257555099999934 ], [ 122.415713100000062, -3.257542599999965 ], [ 122.415488400000072, -3.257503 ], [ 122.415027200000054, -3.257474199999933 ], [ 122.414940700000102, -3.256984099999954 ], [ 122.414960600000086, -3.256665699999928 ], [ 122.414998300000093, -3.256061699999975 ], [ 122.414825400000041, -3.255975299999932 ], [ 122.413903000000118, -3.256551799999954 ], [ 122.412865300000021, -3.257041799999968 ], [ 122.411155300000019, -3.257841599999949 ], [ 122.410588100000041, -3.257733599999938 ], [ 122.409954, -3.256494099999941 ], [ 122.409479200000078, -3.256220199999973 ], [ 122.409204500000101, -3.256061699999975 ], [ 122.408887400000026, -3.256205899999941 ], [ 122.408772100000078, -3.256378799999936 ], [ 122.408884300000068, -3.256547 ], [ 122.408945100000096, -3.256638199999941 ], [ 122.409665700000119, -3.25686879999995 ], [ 122.409867500000018, -3.257445299999972 ], [ 122.410126900000023, -3.258108299999947 ], [ 122.410501600000089, -3.259607199999948 ], [ 122.410242200000084, -3.26018369999997 ], [ 122.408801, -3.261077299999954 ], [ 122.408455100000083, -3.260529599999927 ], [ 122.408224500000074, -3.260068399999966 ], [ 122.407388500000025, -3.260097199999962 ], [ 122.407561500000043, -3.259636 ], [ 122.407619100000034, -3.258800099999974 ], [ 122.40802270000006, -3.257848899999942 ], [ 122.40831090000006, -3.257041799999968 ], [ 122.407849700000043, -3.256609399999945 ], [ 122.407273200000077, -3.25574469999998 ], [ 122.407330900000034, -3.254793399999926 ], [ 122.407273200000077, -3.253842199999951 ], [ 122.407619100000034, -3.251939799999946 ], [ 122.40718680000009, -3.250383199999931 ], [ 122.407475, -3.248913099999925 ], [ 122.407943700000033, -3.248340299999938 ], [ 122.407936200000108, -3.248336599999959 ], [ 122.406552600000055, -3.246405299999935 ], [ 122.405486100000076, -3.243638099999941 ], [ 122.403929500000118, -3.241678 ], [ 122.403698900000109, -3.241072699999961 ], [ 122.403208900000095, -3.240957399999957 ], [ 122.401825300000041, -3.240496199999939 ], [ 122.401018200000067, -3.23997739999993 ], [ 122.400306800000067, -3.239740199999972 ], [ 122.400153500000101, -3.239689099999964 ], [ 122.399894, -3.239631499999973 ], [ 122.3989428000001, -3.24040969999993 ], [ 122.397962800000073, -3.240957399999957 ], [ 122.397761, -3.241188 ], [ 122.398086900000067, -3.241296699999964 ], [ 122.398086800000101, -3.241297 ], [ 122.398150100000066, -3.241615699999954 ], [ 122.398267600000054, -3.241663 ], [ 122.398279800000068, -3.241822199999945 ], [ 122.398279800000068, -3.242225699999949 ], [ 122.398061100000064, -3.242428899999936 ], [ 122.3978763, -3.242600399999958 ], [ 122.397525900000119, -3.242512899999952 ], [ 122.397415100000103, -3.242485099999953 ], [ 122.396780900000067, -3.242715699999962 ], [ 122.396550300000058, -3.24303279999998 ], [ 122.396752100000072, -3.243926399999964 ], [ 122.396492700000067, -3.24531 ], [ 122.396550300000058, -3.245454099999961 ], [ 122.396809800000028, -3.245655899999974 ], [ 122.397098, -3.24623239999994 ], [ 122.397501600000055, -3.246635899999944 ], [ 122.397839, -3.246694599999955 ], [ 122.397874700000102, -3.246771599999931 ], [ 122.397877900000026, -3.246813799999927 ], [ 122.3981645, -3.246837699999958 ], [ 122.398481600000082, -3.247126 ], [ 122.398481600000082, -3.247215399999959 ], [ 122.398481600000082, -3.247471899999937 ], [ 122.398337500000025, -3.24767369999995 ], [ 122.398020400000064, -3.247933099999955 ], [ 122.397725600000058, -3.247869899999955 ], [ 122.397616900000116, -3.247846599999946 ], [ 122.397093400000017, -3.247703799999954 ], [ 122.396982700000081, -3.24767369999995 ], [ 122.396694500000081, -3.24781779999995 ], [ 122.396550300000058, -3.248019499999941 ], [ 122.396550300000058, -3.248279 ], [ 122.396780900000067, -3.248682499999973 ], [ 122.396858600000087, -3.248754199999951 ], [ 122.397155700000098, -3.249028399999929 ], [ 122.397258100000045, -3.24912409999996 ], [ 122.397588, -3.249432 ], [ 122.397692500000062, -3.249766299999976 ], [ 122.397732200000064, -3.249893199999974 ], [ 122.397530400000051, -3.250383199999931 ], [ 122.396175600000106, -3.25061379999994 ], [ 122.394820800000048, -3.249287899999956 ], [ 122.394820800000048, -3.248736299999962 ], [ 122.394820800000048, -3.248596 ], [ 122.394561400000043, -3.248307799999964 ], [ 122.394302, -3.248451899999964 ], [ 122.393408400000112, -3.249403099999938 ], [ 122.3933508, -3.249662599999965 ], [ 122.3933508, -3.249922 ], [ 122.393610200000012, -3.250152599999979 ], [ 122.393754300000069, -3.250296699999979 ], [ 122.393725500000073, -3.250527299999931 ], [ 122.393581400000016, -3.250700299999949 ], [ 122.392457200000081, -3.251103799999953 ], [ 122.390554700000052, -3.251939799999946 ], [ 122.389862900000026, -3.252112699999941 ], [ 122.389142300000117, -3.25248739999995 ], [ 122.387931600000115, -3.253265699999929 ], [ 122.386894, -3.253669299999956 ], [ 122.38617330000011, -3.254591699999935 ], [ 122.385856300000114, -3.254879899999935 ], [ 122.38588510000011, -3.255168199999957 ], [ 122.385757300000023, -3.255221699999936 ], [ 122.385584900000026, -3.255294 ], [ 122.385201700000039, -3.255454699999973 ], [ 122.385007900000119, -3.255369899999948 ], [ 122.3848762, -3.255312299999957 ], [ 122.384242, -3.255197 ], [ 122.384011500000042, -3.255225799999948 ], [ 122.384011500000042, -3.255456399999957 ], [ 122.384242, -3.255687 ], [ 122.3848762, -3.256004099999927 ], [ 122.38530860000003, -3.256205899999941 ], [ 122.385452700000087, -3.256638199999941 ], [ 122.385250900000074, -3.256926499999963 ], [ 122.385237, -3.256972799999971 ], [ 122.385078, -3.257503 ], [ 122.38421320000009, -3.258367699999951 ], [ 122.383896100000015, -3.258656 ], [ 122.3833773, -3.25900189999993 ], [ 122.383233200000063, -3.258886599999926 ], [ 122.383002600000054, -3.25859829999996 ], [ 122.383117900000116, -3.257762399999933 ], [ 122.382743100000084, -3.257157099999972 ], [ 122.382916100000102, -3.256811199999959 ], [ 122.38357910000002, -3.256609399999945 ], [ 122.384040300000038, -3.256782399999963 ], [ 122.384097900000029, -3.256551799999954 ], [ 122.38386730000002, -3.256321199999945 ], [ 122.383665600000086, -3.256004099999927 ], [ 122.383104900000035, -3.255505699999958 ], [ 122.382858500000111, -3.255456399999957 ], [ 122.382468900000049, -3.25543689999995 ], [ 122.382282, -3.255427599999962 ], [ 122.381474900000057, -3.255254599999944 ], [ 122.381208700000116, -3.255083599999978 ], [ 122.381071300000031, -3.254995199999939 ], [ 122.380725400000074, -3.254995199999939 ], [ 122.380235400000061, -3.255225799999948 ], [ 122.380124, -3.255326 ], [ 122.379947100000095, -3.255485199999953 ], [ 122.379457100000081, -3.255802299999971 ], [ 122.379284200000029, -3.255514099999971 ], [ 122.379027, -3.255443899999932 ], [ 122.378650000000107, -3.255341099999953 ], [ 122.377727600000071, -3.255629399999975 ], [ 122.377272100000027, -3.255864899999949 ], [ 122.376891700000101, -3.256061699999975 ], [ 122.376661100000092, -3.256234699999936 ], [ 122.376661100000092, -3.256600699999979 ], [ 122.376661100000092, -3.256632699999955 ], [ 122.376661100000092, -3.256811199999959 ], [ 122.376257500000065, -3.257099399999959 ], [ 122.375882800000113, -3.256782399999963 ], [ 122.375911600000109, -3.255975299999932 ], [ 122.376084600000013, -3.255658199999971 ], [ 122.37651690000007, -3.255052899999953 ], [ 122.376488100000074, -3.25447639999993 ], [ 122.376632300000097, -3.253957499999956 ], [ 122.376525300000026, -3.253465799999958 ], [ 122.376497700000073, -3.253498599999944 ], [ 122.376401700000088, -3.253006299999925 ], [ 122.37622870000007, -3.253092799999934 ], [ 122.375363900000025, -3.253871 ], [ 122.375162200000091, -3.254274599999974 ], [ 122.374528, -3.254505199999926 ], [ 122.374078300000065, -3.254530199999977 ], [ 122.374061700000084, -3.254447499999969 ], [ 122.373490300000071, -3.254447499999969 ], [ 122.373346200000015, -3.25421689999996 ], [ 122.373346200000015, -3.253525099999933 ], [ 122.373893900000098, -3.251738 ], [ 122.373461500000076, -3.251276799999971 ], [ 122.373154600000021, -3.250643799999978 ], [ 122.373000300000058, -3.25032559999994 ], [ 122.372798500000044, -3.250123799999926 ], [ 122.372423800000092, -3.250181399999974 ], [ 122.372193200000083, -3.250959699999953 ], [ 122.372222, -3.251478599999928 ], [ 122.371904900000118, -3.252026199999932 ], [ 122.37170320000007, -3.25248739999995 ], [ 122.371435100000099, -3.252766599999973 ], [ 122.371011400000043, -3.253208099999938 ], [ 122.370406000000116, -3.252689199999963 ], [ 122.3703772, -3.251305599999966 ], [ 122.370579, -3.249028399999929 ], [ 122.370924900000091, -3.248567199999968 ], [ 122.371674300000109, -3.248451899999964 ], [ 122.3725296, -3.248585 ], [ 122.372971500000062, -3.248653699999977 ], [ 122.372995300000071, -3.248629899999969 ], [ 122.373202100000071, -3.248423099999968 ], [ 122.373202100000071, -3.24767369999995 ], [ 122.37343270000008, -3.247068299999967 ], [ 122.372942600000101, -3.24608829999994 ], [ 122.372567900000035, -3.2458 ], [ 122.372406, -3.245579299999974 ], [ 122.372387300000014, -3.245590499999935 ], [ 122.372366100000022, -3.245569399999965 ], [ 122.372049100000027, -3.245482899999956 ], [ 122.3715879, -3.245511799999974 ], [ 122.371328400000039, -3.245511799999974 ], [ 122.371299600000043, -3.245655899999974 ], [ 122.371357300000113, -3.247212399999967 ], [ 122.3712637000001, -3.247469799999976 ], [ 122.371242, -3.247529499999928 ], [ 122.370896100000095, -3.247731299999941 ], [ 122.37080960000003, -3.24767369999995 ], [ 122.370780800000034, -3.247443 ], [ 122.370492500000069, -3.24727009999998 ], [ 122.370425300000079, -3.247295899999926 ], [ 122.370149100000049, -3.247402199999954 ], [ 122.370117800000116, -3.24741419999998 ], [ 122.36997370000006, -3.247529499999928 ], [ 122.369771900000046, -3.247616 ], [ 122.369541300000037, -3.247587199999941 ], [ 122.3695255, -3.247550199999978 ], [ 122.369478500000014, -3.24744069999997 ], [ 122.369454800000085, -3.247385399999928 ], [ 122.36884950000001, -3.24727009999998 ], [ 122.368559900000037, -3.247336899999937 ], [ 122.368474800000058, -3.247356599999932 ], [ 122.368244200000049, -3.24741419999998 ], [ 122.367927100000088, -3.248365399999955 ], [ 122.367793200000051, -3.248432399999956 ], [ 122.367750500000056, -3.248415199999954 ], [ 122.367528500000049, -3.248351299999968 ], [ 122.367322300000069, -3.248367099999939 ], [ 122.367304700000091, -3.248367099999939 ], [ 122.3669182000001, -3.248163699999964 ], [ 122.36657230000003, -3.248134899999968 ], [ 122.366399400000091, -3.248365399999955 ], [ 122.366370500000016, -3.248682499999973 ], [ 122.366428200000087, -3.249432 ], [ 122.366053500000021, -3.24977789999997 ], [ 122.365477, -3.249979699999926 ], [ 122.365073400000028, -3.250239099999931 ], [ 122.365015800000037, -3.25046969999994 ], [ 122.365073400000028, -3.251161499999967 ], [ 122.365246400000046, -3.251478599999928 ], [ 122.365678700000103, -3.251766799999928 ], [ 122.365678700000103, -3.251939799999946 ], [ 122.36573640000006, -3.252228 ], [ 122.366053500000021, -3.252891 ], [ 122.365794, -3.25421689999996 ], [ 122.365505800000051, -3.254361099999926 ], [ 122.365563400000042, -3.254678099999978 ], [ 122.365448100000094, -3.254879899999935 ], [ 122.364958100000081, -3.254879899999935 ], [ 122.364855300000045, -3.255353099999979 ], [ 122.364439300000072, -3.256119399999932 ], [ 122.36406450000004, -3.256465299999945 ], [ 122.363488, -3.256811199999959 ], [ 122.363315100000023, -3.256782399999963 ], [ 122.363286300000027, -3.256321199999945 ], [ 122.363603300000023, -3.255254599999944 ], [ 122.363401600000088, -3.254966399999944 ], [ 122.363139400000023, -3.254651699999954 ], [ 122.363096500000097, -3.254679499999952 ], [ 122.362594500000114, -3.254389899999978 ], [ 122.362180900000112, -3.254694599999937 ], [ 122.362155100000109, -3.254675199999951 ], [ 122.361996600000111, -3.254595399999971 ], [ 122.361711200000059, -3.254595299999949 ], [ 122.361457400000063, -3.254642899999965 ], [ 122.361329700000056, -3.254667299999937 ], [ 122.361037900000042, -3.254505199999926 ], [ 122.360547900000029, -3.25447639999993 ], [ 122.360173200000077, -3.254678099999978 ], [ 122.359193100000084, -3.255052899999953 ], [ 122.359135500000093, -3.255110499999944 ], [ 122.358559, -3.255398799999966 ], [ 122.35809780000011, -3.254937599999948 ], [ 122.35809780000011, -3.254303399999969 ], [ 122.357665400000087, -3.253438699999947 ], [ 122.357146500000113, -3.252689199999963 ], [ 122.356454700000086, -3.252660399999968 ], [ 122.355647600000111, -3.252602699999954 ], [ 122.355215300000054, -3.252429799999959 ], [ 122.355100000000107, -3.251882099999932 ], [ 122.355907100000081, -3.250440899999944 ], [ 122.355907100000081, -3.249893199999974 ], [ 122.356512400000042, -3.249287899999956 ], [ 122.35752130000003, -3.248711299999968 ], [ 122.358443700000066, -3.248106 ], [ 122.359567800000036, -3.247068299999967 ], [ 122.359913700000106, -3.246953 ], [ 122.360297500000115, -3.247183299999961 ], [ 122.360610800000018, -3.247197799999981 ], [ 122.360696100000041, -3.247275099999968 ], [ 122.360865000000103, -3.247241299999928 ], [ 122.361124400000108, -3.247327699999971 ], [ 122.361585600000012, -3.247789 ], [ 122.36204680000003, -3.247875399999941 ], [ 122.362508, -3.247443 ], [ 122.362882700000114, -3.246780099999967 ], [ 122.362709800000061, -3.246434199999953 ], [ 122.362479200000053, -3.246145899999931 ], [ 122.362565600000039, -3.245454099999961 ], [ 122.362652100000105, -3.245165899999961 ], [ 122.362796200000048, -3.24482 ], [ 122.362784, -3.244721799999979 ], [ 122.362767400000052, -3.244589399999938 ], [ 122.362652100000105, -3.244531699999925 ], [ 122.362421500000096, -3.244733499999938 ], [ 122.362133300000096, -3.245454099999961 ], [ 122.361700900000073, -3.245973 ], [ 122.361499700000081, -3.246210699999949 ], [ 122.361448100000075, -3.246099399999935 ], [ 122.361182, -3.24623239999994 ], [ 122.360778500000038, -3.24623239999994 ], [ 122.360836100000029, -3.245252299999947 ], [ 122.361009100000047, -3.243984 ], [ 122.361643200000117, -3.243695799999955 ], [ 122.362738600000057, -3.24317689999998 ], [ 122.365275200000042, -3.240813299999957 ], [ 122.365390500000103, -3.240294399999925 ], [ 122.365794, -3.240063799999973 ], [ 122.366601100000025, -3.239890899999978 ], [ 122.367523500000061, -3.238334299999963 ], [ 122.3673506, -3.238161399999967 ], [ 122.367235300000061, -3.23746959999994 ], [ 122.367443900000012, -3.236583199999927 ], [ 122.36746590000007, -3.236489499999948 ], [ 122.367292900000052, -3.236374199999943 ], [ 122.3661399, -3.236662499999966 ], [ 122.365390500000103, -3.237354299999936 ], [ 122.364935800000012, -3.237672499999974 ], [ 122.364814, -3.23775779999994 ], [ 122.364295100000049, -3.237642499999936 ], [ 122.363603300000023, -3.23677779999997 ], [ 122.363556600000038, -3.23570239999998 ], [ 122.363529100000051, -3.235687799999937 ], [ 122.363428800000065, -3.235522699999933 ], [ 122.363257400000066, -3.235509499999978 ], [ 122.362796200000048, -3.234875299999942 ], [ 122.362853900000118, -3.234241199999929 ], [ 122.363026800000057, -3.232742299999927 ], [ 122.363661, -3.232511699999975 ], [ 122.3643528, -3.232338699999957 ], [ 122.364814, -3.23135869999993 ], [ 122.365909300000112, -3.23095509999996 ], [ 122.368791800000054, -3.228764399999932 ], [ 122.36884950000001, -3.227553799999953 ], [ 122.369080100000019, -3.227034899999978 ], [ 122.369022400000063, -3.226689 ], [ 122.368676500000106, -3.226112499999942 ], [ 122.368783800000074, -3.225764099999935 ], [ 122.368695200000047, -3.225764099999935 ], [ 122.3685842000001, -3.225684299999955 ], [ 122.368457400000011, -3.22558859999998 ], [ 122.368330600000036, -3.225508899999966 ], [ 122.368108600000028, -3.225476899999933 ], [ 122.368018600000028, -3.225517 ], [ 122.367581200000018, -3.225247799999977 ], [ 122.366716400000087, -3.226170199999956 ], [ 122.36602460000006, -3.226054899999951 ], [ 122.36573640000006, -3.226227799999947 ], [ 122.365929900000083, -3.226397199999951 ], [ 122.365903700000104, -3.226606899999979 ], [ 122.365967100000034, -3.226686599999937 ], [ 122.366062200000101, -3.226782299999968 ], [ 122.366284200000109, -3.226814199999978 ], [ 122.366553700000054, -3.226894099999924 ], [ 122.366566800000101, -3.226897599999972 ], [ 122.366658800000096, -3.22726549999993 ], [ 122.366182800000047, -3.227533299999948 ], [ 122.366141, -3.227515299999936 ], [ 122.365903300000014, -3.227276099999926 ], [ 122.365633900000034, -3.227005099999928 ], [ 122.365570500000103, -3.226925399999971 ], [ 122.365364500000055, -3.226797799999929 ], [ 122.365190100000063, -3.226718 ], [ 122.365111900000102, -3.226808399999925 ], [ 122.365044600000033, -3.226746699999978 ], [ 122.364871600000015, -3.226746699999978 ], [ 122.3643528, -3.226919599999974 ], [ 122.363833900000031, -3.22726549999993 ], [ 122.363142100000118, -3.227611399999944 ], [ 122.362565600000039, -3.227957299999957 ], [ 122.36230850000004, -3.22851449999996 ], [ 122.362039200000027, -3.228541399999926 ], [ 122.361753600000043, -3.228684599999951 ], [ 122.361642500000016, -3.228843899999958 ], [ 122.361832600000071, -3.229226499999925 ], [ 122.361991100000068, -3.229274399999952 ], [ 122.362260700000093, -3.229338299999938 ], [ 122.362545800000021, -3.22984839999998 ], [ 122.36279920000004, -3.230278799999951 ], [ 122.363005200000089, -3.230549799999949 ], [ 122.363115900000025, -3.23096419999996 ], [ 122.363226700000041, -3.231410399999959 ], [ 122.363200800000072, -3.231499299999939 ], [ 122.361124400000108, -3.232338699999957 ], [ 122.360889500000098, -3.232338699999957 ], [ 122.360720800000081, -3.232338699999957 ], [ 122.360432600000081, -3.231935199999953 ], [ 122.360332500000027, -3.231435 ], [ 122.360293, -3.231424499999946 ], [ 122.359928300000092, -3.231408299999941 ], [ 122.359627100000012, -3.231312499999945 ], [ 122.359262500000114, -3.231121099999939 ], [ 122.359151700000098, -3.230722599999979 ], [ 122.359088500000098, -3.230451699999946 ], [ 122.358914200000072, -3.230101 ], [ 122.358533800000032, -3.22982989999997 ], [ 122.358375300000034, -3.229750099999933 ], [ 122.358216800000037, -3.229670399999975 ], [ 122.358058200000073, -3.229670299999952 ], [ 122.358042200000114, -3.229988899999967 ], [ 122.357978500000058, -3.230259799999942 ], [ 122.357819900000095, -3.230403099999933 ], [ 122.357661300000018, -3.230466699999965 ], [ 122.35743930000001, -3.230371 ], [ 122.357391900000039, -3.230179699999951 ], [ 122.357265300000108, -3.229717599999958 ], [ 122.357102300000065, -3.229558099999963 ], [ 122.356943700000102, -3.229589899999951 ], [ 122.356848400000104, -3.229860699999961 ], [ 122.356857900000023, -3.229928199999961 ], [ 122.356743, -3.229686799999968 ], [ 122.356743, -3.230378599999938 ], [ 122.356166500000086, -3.23095509999996 ], [ 122.355622100000119, -3.231214399999942 ], [ 122.355075400000032, -3.231474699999978 ], [ 122.354955800000084, -3.231531599999926 ], [ 122.354609900000014, -3.232050499999957 ], [ 122.354033400000048, -3.231992799999944 ], [ 122.353341600000022, -3.232511699999975 ], [ 122.351323900000011, -3.233088199999941 ], [ 122.350574400000028, -3.234241199999929 ], [ 122.349062700000104, -3.236256799999978 ], [ 122.349017900000035, -3.236316599999952 ], [ 122.348759500000028, -3.236302199999955 ], [ 122.347980200000052, -3.236258899999939 ], [ 122.347541600000113, -3.236896899999977 ], [ 122.347391700000117, -3.236925 ], [ 122.34715390000008, -3.236861099999942 ], [ 122.347011300000077, -3.236669799999959 ], [ 122.346963800000026, -3.236430799999937 ], [ 122.346837, -3.236335 ], [ 122.346535800000083, -3.236207399999955 ], [ 122.346298, -3.236111599999958 ], [ 122.346171300000037, -3.235936199999969 ], [ 122.346044500000062, -3.23580869999995 ], [ 122.345917700000086, -3.235649299999977 ], [ 122.345711700000038, -3.235457899999972 ], [ 122.34555320000004, -3.235378099999934 ], [ 122.345347100000026, -3.235378 ], [ 122.345285300000114, -3.235433 ], [ 122.344867100000101, -3.234875299999942 ], [ 122.344117600000118, -3.235970699999939 ], [ 122.343795000000114, -3.23602029999995 ], [ 122.3433682000001, -3.236086 ], [ 122.34302230000003, -3.235970699999939 ], [ 122.342907, -3.235451799999964 ], [ 122.343079900000021, -3.234702399999946 ], [ 122.343829400000118, -3.233376399999941 ], [ 122.343829400000118, -3.232857599999932 ], [ 122.34331450000002, -3.231956599999933 ], [ 122.34322910000003, -3.231844799999976 ], [ 122.342991400000074, -3.231605599999966 ], [ 122.342769500000031, -3.231446099999971 ], [ 122.342547500000023, -3.231318499999929 ], [ 122.34251590000008, -3.231191 ], [ 122.342373300000077, -3.231031599999937 ], [ 122.342167200000063, -3.230951799999957 ], [ 122.341961, -3.230935699999975 ], [ 122.341691500000024, -3.23096739999994 ], [ 122.341437700000029, -3.230967199999952 ], [ 122.3412158000001, -3.230871499999978 ], [ 122.340882800000031, -3.230807499999969 ], [ 122.3406132, -3.230807299999981 ], [ 122.340502100000094, -3.230982599999948 ], [ 122.340232300000025, -3.23128509999998 ], [ 122.339867500000082, -3.231523899999956 ], [ 122.339661300000103, -3.231587499999932 ], [ 122.339264800000024, -3.231714699999941 ], [ 122.338915900000075, -3.231730499999969 ], [ 122.338741400000117, -3.231905599999948 ], [ 122.338550900000087, -3.232112599999937 ], [ 122.33837630000005, -3.232431199999951 ], [ 122.338265100000058, -3.232781699999975 ], [ 122.338280700000041, -3.233132299999966 ], [ 122.338471, -3.233196199999952 ], [ 122.33881980000001, -3.23319639999994 ], [ 122.3390683, -3.233236 ], [ 122.339102100000105, -3.233607 ], [ 122.3389965, -3.233818199999973 ], [ 122.3388036, -3.233801899999946 ], [ 122.338597400000026, -3.233801799999981 ], [ 122.338422900000069, -3.233865399999956 ], [ 122.338327700000036, -3.234024699999964 ], [ 122.338307500000042, -3.23413249999993 ], [ 122.337891400000103, -3.234356499999933 ], [ 122.337833800000112, -3.234817699999951 ], [ 122.337667900000042, -3.234998599999926 ], [ 122.337645200000111, -3.234980299999961 ], [ 122.337410600000112, -3.234890199999938 ], [ 122.337077400000112, -3.235049299999957 ], [ 122.336966400000051, -3.235081099999945 ], [ 122.33664930000009, -3.234969299999932 ], [ 122.336490900000058, -3.234825799999953 ], [ 122.336316500000066, -3.234650399999964 ], [ 122.336094700000103, -3.234475 ], [ 122.335825100000079, -3.234443 ], [ 122.335587100000112, -3.234618099999977 ], [ 122.335190600000033, -3.23477719999994 ], [ 122.335079400000041, -3.234984299999951 ], [ 122.334904900000083, -3.235111599999925 ], [ 122.334635300000059, -3.235159199999941 ], [ 122.33430240000007, -3.23501559999994 ], [ 122.334159800000066, -3.234919899999966 ], [ 122.333823100000018, -3.23501529999993 ], [ 122.333632700000067, -3.235158599999977 ], [ 122.333505700000046, -3.235285899999951 ], [ 122.333458, -3.235477099999969 ], [ 122.333346900000038, -3.235732 ], [ 122.333235900000091, -3.235731899999962 ], [ 122.332982100000095, -3.235827399999948 ], [ 122.332791900000075, -3.235667899999953 ], [ 122.33272850000003, -3.235572299999944 ], [ 122.332601700000055, -3.235428799999966 ], [ 122.332427300000063, -3.235412699999927 ], [ 122.332284600000094, -3.235476399999925 ], [ 122.332141800000045, -3.235635599999966 ], [ 122.332046400000081, -3.235890499999925 ], [ 122.331967, -3.236161299999935 ], [ 122.331871700000079, -3.236320599999942 ], [ 122.331776600000012, -3.236320599999942 ], [ 122.33160220000002, -3.236240799999962 ], [ 122.331507100000067, -3.236097299999926 ], [ 122.331380400000057, -3.235969699999941 ], [ 122.330984, -3.235921699999949 ], [ 122.330762, -3.235841899999969 ], [ 122.330587600000058, -3.235730199999978 ], [ 122.330429200000026, -3.235538899999938 ], [ 122.330175600000075, -3.235299699999928 ], [ 122.3298426, -3.23528349999998 ], [ 122.329636500000106, -3.235203699999943 ], [ 122.329303600000117, -3.235076 ], [ 122.329184, -3.235015799999928 ], [ 122.328981800000065, -3.2351 ], [ 122.325856400000021, -3.236401699999931 ], [ 122.325805700000046, -3.23642289999998 ], [ 122.325806500000112, -3.236425099999963 ], [ 122.325873200000046, -3.236599699999942 ], [ 122.325855600000068, -3.237135199999955 ], [ 122.325807900000086, -3.237422 ], [ 122.325839400000064, -3.237708899999973 ], [ 122.325918500000057, -3.238027599999953 ], [ 122.325886700000069, -3.238155099999972 ], [ 122.32587060000003, -3.238473799999952 ], [ 122.325870500000065, -3.238665 ], [ 122.325614600000108, -3.238851899999929 ] ] ], [ [ [ 122.387494900000092, -3.058135199999981 ], [ 122.387452900000085, -3.058380399999976 ], [ 122.387301600000114, -3.058665499999961 ], [ 122.387192600000049, -3.058871099999976 ], [ 122.387188600000059, -3.059329299999945 ], [ 122.387191700000017, -3.059944499999972 ], [ 122.386936600000013, -3.060127799999975 ], [ 122.385988100000077, -3.060245599999973 ], [ 122.384938500000089, -3.060123499999975 ], [ 122.384757300000047, -3.060101199999963 ], [ 122.38420090000011, -3.059965899999952 ], [ 122.383814500000085, -3.059730199999933 ], [ 122.38374930000009, -3.059547599999973 ], [ 122.383644200000049, -3.059136799999976 ], [ 122.382568100000071, -3.05822459999996 ], [ 122.382203200000049, -3.058048799999938 ], [ 122.38189710000006, -3.057964399999946 ], [ 122.381558, -3.05767069999996 ], [ 122.381329700000038, -3.057422599999938 ], [ 122.381068800000094, -3.05718109999998 ], [ 122.380580100000088, -3.056946599999947 ], [ 122.38029610000001, -3.056855699999971 ], [ 122.38000790000001, -3.05636149999998 ], [ 122.379760900000065, -3.055970299999956 ], [ 122.379578100000117, -3.055310799999972 ], [ 122.380250400000023, -3.054732099999967 ], [ 122.380639200000019, -3.054298299999971 ], [ 122.381075, -3.054117899999937 ], [ 122.381087400000069, -3.054112799999928 ], [ 122.38109, -3.054111699999964 ], [ 122.381090500000028, -3.054111299999931 ], [ 122.38108550000004, -3.054105 ], [ 122.381170400000087, -3.053450099999964 ], [ 122.381181800000036, -3.053448 ], [ 122.381190900000092, -3.053374199999951 ], [ 122.381398300000114, -3.053319 ], [ 122.385277600000109, -3.052601299999935 ], [ 122.385268400000086, -3.052375899999959 ], [ 122.385300600000051, -3.051980199999946 ], [ 122.385407500000042, -3.051770399999953 ], [ 122.385434200000077, -3.051718 ], [ 122.385517100000015, -3.051713399999926 ], [ 122.38564150000002, -3.051635199999964 ], [ 122.385646100000031, -3.051575399999933 ], [ 122.385775100000046, -3.051497099999949 ], [ 122.386212800000067, -3.051543199999969 ], [ 122.386788700000011, -3.051460299999974 ], [ 122.386802500000044, -3.051515399999971 ], [ 122.387440100000049, -3.051400599999965 ], [ 122.388404100000116, -3.051466099999971 ], [ 122.388422400000081, -3.051467299999956 ], [ 122.388415400000099, -3.051477599999942 ], [ 122.388420200000041, -3.051478599999939 ], [ 122.388829400000077, -3.051562699999977 ], [ 122.388886200000115, -3.051681699999961 ], [ 122.388849100000016, -3.051750899999945 ], [ 122.388780800000063, -3.05182659999997 ], [ 122.38897570000006, -3.052101799999946 ], [ 122.389008200000035, -3.052346399999976 ], [ 122.388996100000099, -3.052808399999947 ], [ 122.3889924, -3.052949099999978 ], [ 122.388992300000041, -3.052949499999954 ], [ 122.389346900000078, -3.053185599999949 ], [ 122.390646200000106, -3.053645699999947 ], [ 122.390452600000117, -3.054119599999979 ], [ 122.389434400000027, -3.053779099999929 ], [ 122.389333100000044, -3.054082699999981 ], [ 122.389084300000036, -3.053940099999977 ], [ 122.389111900000103, -3.053861899999958 ], [ 122.389148800000044, -3.053733099999931 ], [ 122.389125800000102, -3.053687099999934 ], [ 122.3889, -3.053553699999952 ], [ 122.38841160000004, -3.054841899999929 ], [ 122.388285400000086, -3.054820099999972 ], [ 122.388228800000093, -3.055074599999955 ], [ 122.388161900000114, -3.055426399999931 ], [ 122.388107600000012, -3.05581589999997 ], [ 122.387953700000025, -3.056243499999937 ], [ 122.387861500000099, -3.056532699999934 ], [ 122.3877764, -3.056997599999931 ], [ 122.387599100000102, -3.057745499999953 ], [ 122.387494900000092, -3.058135199999981 ] ] ], [ [ [ 122.376930800000082, -3.042014499999937 ], [ 122.37691140000004, -3.041993799999943 ], [ 122.376656400000115, -3.041941599999973 ], [ 122.376479100000097, -3.041783499999951 ], [ 122.376268800000048, -3.041732499999966 ], [ 122.376043200000026, -3.041692599999976 ], [ 122.375950500000044, -3.041676099999961 ], [ 122.375950900000021, -3.04186459999994 ], [ 122.375780500000019, -3.041882099999953 ], [ 122.375638900000013, -3.041866299999981 ], [ 122.375524500000097, -3.041728499999977 ], [ 122.375229200000035, -3.041820499999972 ], [ 122.374200300000098, -3.042400399999963 ], [ 122.373569100000054, -3.042900199999963 ], [ 122.373125800000025, -3.043312799999967 ], [ 122.373071500000037, -3.043592899999965 ], [ 122.373369100000104, -3.043740599999978 ], [ 122.373425500000053, -3.043889599999943 ], [ 122.37342620000004, -3.044020099999955 ], [ 122.373352800000021, -3.044188399999939 ], [ 122.373354100000029, -3.044449499999928 ], [ 122.373151500000063, -3.044749 ], [ 122.372874100000104, -3.044936899999925 ], [ 122.372287400000118, -3.045008499999938 ], [ 122.37183820000007, -3.044838099999936 ], [ 122.37146830000006, -3.044541899999956 ], [ 122.370984600000043, -3.04421739999998 ], [ 122.37047490000009, -3.043844599999943 ], [ 122.370289800000023, -3.043482099999949 ], [ 122.370016400000054, -3.043128599999932 ], [ 122.369777400000089, -3.042974899999933 ], [ 122.369321300000024, -3.042767599999934 ], [ 122.368717600000082, -3.042736899999966 ], [ 122.368505100000107, -3.042729299999962 ], [ 122.368169800000032, -3.04271719999997 ], [ 122.368022600000018, -3.042682199999945 ], [ 122.3677887, -3.043581099999926 ], [ 122.366765200000032, -3.043352599999935 ], [ 122.366563500000098, -3.043307599999935 ], [ 122.366153300000065, -3.044939199999931 ], [ 122.365991028000053, -3.044891951999944 ], [ 122.365794400000027, -3.044834699999967 ], [ 122.36606160000008, -3.043195599999933 ], [ 122.366049800000042, -3.043193 ], [ 122.366010900000106, -3.043184199999928 ], [ 122.365905800000064, -3.043160799999953 ], [ 122.365891300000044, -3.043157599999972 ], [ 122.365510800000038, -3.043072599999959 ], [ 122.365250100000026, -3.043014399999947 ], [ 122.364703900000109, -3.042892499999937 ], [ 122.36389870000005, -3.042712699999925 ], [ 122.363998200000083, -3.042450299999928 ], [ 122.364119100000039, -3.042093399999942 ], [ 122.364042800000107, -3.042153699999972 ], [ 122.364017900000022, -3.042157299999928 ], [ 122.363923500000055, -3.042171099999962 ], [ 122.363706500000035, -3.042065299999933 ], [ 122.363538700000049, -3.042032399999925 ], [ 122.363404900000091, -3.042100499999947 ], [ 122.363372, -3.04223559999997 ], [ 122.363372600000048, -3.042347899999925 ], [ 122.363340100000073, -3.042561599999942 ], [ 122.363172600000098, -3.042596099999969 ], [ 122.363072200000033, -3.042641599999968 ], [ 122.36296080000011, -3.042720799999927 ], [ 122.362777300000062, -3.042859 ], [ 122.362592600000085, -3.042846299999951 ], [ 122.362459100000024, -3.042970499999967 ], [ 122.362235500000111, -3.042971699999953 ], [ 122.361956100000043, -3.042984299999944 ], [ 122.361721200000034, -3.043104099999937 ], [ 122.361527900000056, -3.043101699999966 ], [ 122.361274700000081, -3.043077599999947 ], [ 122.361056, -3.042971299999977 ], [ 122.36076, -3.042979099999968 ], [ 122.360510400000067, -3.042869699999926 ], [ 122.360271, -3.042521799999975 ], [ 122.359897300000057, -3.042578799999944 ], [ 122.359744100000057, -3.042483599999969 ], [ 122.359628300000054, -3.04241159999998 ], [ 122.359582500000101, -3.042209599999978 ], [ 122.359660100000042, -3.042074299999967 ], [ 122.359658900000113, -3.041838399999961 ], [ 122.359557600000016, -3.041681499999925 ], [ 122.359433600000102, -3.041541199999926 ], [ 122.359243400000082, -3.041435899999954 ], [ 122.359085900000082, -3.041234399999951 ], [ 122.358864600000061, -3.041159799999946 ], [ 122.358710700000074, -3.04092019999996 ], [ 122.358483200000023, -3.040817899999979 ], [ 122.358329400000116, -3.040646899999956 ], [ 122.358272200000101, -3.040435699999932 ], [ 122.357869300000061, -3.04010569999997 ], [ 122.357726, -3.039757899999927 ], [ 122.357673100000056, -3.039283199999943 ], [ 122.35778890000006, -3.038278499999933 ], [ 122.357787800000096, -3.037192499999946 ], [ 122.357979300000011, -3.036409499999934 ], [ 122.358023500000058, -3.035844 ], [ 122.358380700000112, -3.035408799999971 ], [ 122.358913800000096, -3.03508359999995 ], [ 122.359554000000117, -3.034793699999966 ], [ 122.359666300000072, -3.034445 ], [ 122.359892800000011, -3.034311199999934 ], [ 122.360128300000042, -3.034069599999953 ], [ 122.360517700000059, -3.034011699999951 ], [ 122.360739900000112, -3.033917299999928 ], [ 122.361055, -3.033841099999961 ], [ 122.361388100000113, -3.033652899999936 ], [ 122.361795500000085, -3.033501699999931 ], [ 122.362073, -3.033332399999949 ], [ 122.362313700000072, -3.033219299999928 ], [ 122.362591100000031, -3.03303139999997 ], [ 122.362906, -3.032917899999973 ], [ 122.363332900000046, -3.032953 ], [ 122.36368630000004, -3.033119199999931 ], [ 122.364103100000079, -3.033477299999959 ], [ 122.36452440000005, -3.033749199999932 ], [ 122.364961400000084, -3.032616599999926 ], [ 122.365556100000049, -3.032251699999961 ], [ 122.365850400000113, -3.031728 ], [ 122.366269200000033, -3.031353499999966 ], [ 122.366671900000028, -3.031027 ], [ 122.367024400000105, -3.030890699999929 ], [ 122.367057900000077, -3.030877699999962 ], [ 122.36720020000007, -3.030888399999981 ], [ 122.367364300000077, -3.030846899999972 ], [ 122.368092800000113, -3.030662399999926 ], [ 122.369251900000108, -3.030644299999949 ], [ 122.369269500000087, -3.030644 ], [ 122.370252700000037, -3.030696599999942 ], [ 122.370344700000032, -3.030701499999964 ], [ 122.370576100000108, -3.030713899999967 ], [ 122.371055100000035, -3.030739499999925 ], [ 122.37125380000009, -3.030774799999961 ], [ 122.372399200000018, -3.03097809999997 ], [ 122.372650800000088, -3.031060499999967 ], [ 122.372653900000046, -3.031058 ], [ 122.37287850000007, -3.030872099999954 ], [ 122.37326680000001, -3.030590299999972 ], [ 122.373878500000046, -3.030456699999945 ], [ 122.374453900000049, -3.030509799999948 ], [ 122.374993200000063, -3.030749599999979 ], [ 122.375125300000036, -3.03119659999993 ], [ 122.375571600000058, -3.031399599999929 ], [ 122.375717800000075, -3.031671899999935 ], [ 122.375797700000021, -3.032088599999952 ], [ 122.376021300000048, -3.032274 ], [ 122.376336900000069, -3.03230979999995 ], [ 122.376336, -3.032123199999944 ], [ 122.376669400000083, -3.032009599999981 ], [ 122.376737800000114, -3.031449299999963 ], [ 122.376779600000077, -3.031107599999928 ], [ 122.376588900000115, -3.030741599999942 ], [ 122.376624400000082, -3.030424299999936 ], [ 122.3768344, -3.030193599999961 ], [ 122.377116500000056, -3.030001199999958 ], [ 122.377383100000088, -3.03001009999997 ], [ 122.377717100000041, -3.030008499999951 ], [ 122.378107800000066, -3.030211699999938 ], [ 122.378516600000012, -3.030340199999955 ], [ 122.37873900000011, -3.030283199999928 ], [ 122.378980100000035, -3.030263299999945 ], [ 122.3792032, -3.030355499999928 ], [ 122.379666900000075, -3.030315799999926 ], [ 122.379945600000042, -3.030389 ], [ 122.38016760000005, -3.030257399999925 ], [ 122.380446, -3.030274599999927 ], [ 122.380725, -3.030422399999964 ], [ 122.381133, -3.030364399999939 ], [ 122.38148590000003, -3.03043729999996 ], [ 122.381838400000106, -3.030435499999953 ], [ 122.382046700000046, -3.03011829999997 ], [ 122.382374200000072, -3.029966499999944 ], [ 122.382651600000031, -3.029778599999929 ], [ 122.382826400000113, -3.029526899999951 ], [ 122.384365200000047, -3.029257399999949 ], [ 122.384495900000047, -3.029319299999941 ], [ 122.384805500000084, -3.029417 ], [ 122.385082500000067, -3.02959629999998 ], [ 122.385199600000078, -3.029724 ], [ 122.385211800000093, -3.029709799999978 ], [ 122.385433300000045, -3.029739499999948 ], [ 122.3858811, -3.029986299999962 ], [ 122.386198600000057, -3.03041369999994 ], [ 122.386422200000084, -3.030599099999961 ], [ 122.386516700000016, -3.030934399999978 ], [ 122.386720600000103, -3.03124779999996 ], [ 122.386717800000042, -3.031255299999941 ], [ 122.386722700000064, -3.031256799999937 ], [ 122.386742600000048, -3.031604799999968 ], [ 122.386826900000074, -3.031940599999928 ], [ 122.386852300000101, -3.032069499999977 ], [ 122.386951600000089, -3.032573699999944 ], [ 122.386949600000094, -3.032625 ], [ 122.386935100000073, -3.033002799999963 ], [ 122.386707900000033, -3.033230599999968 ], [ 122.386704300000019, -3.033229499999948 ], [ 122.386703400000101, -3.033232699999928 ], [ 122.386697400000116, -3.033233 ], [ 122.386223900000118, -3.033450899999934 ], [ 122.386030300000016, -3.033884 ], [ 122.386026100000095, -3.033933399999967 ], [ 122.386016200000086, -3.034050299999933 ], [ 122.385998800000039, -3.034254 ], [ 122.385904700000083, -3.034742699999924 ], [ 122.385685900000112, -3.035142399999927 ], [ 122.385417700000062, -3.035459899999978 ], [ 122.385244400000033, -3.03581029999998 ], [ 122.385111800000118, -3.036078399999951 ], [ 122.384854500000074, -3.036240199999952 ], [ 122.384652, -3.036558399999933 ], [ 122.384598500000038, -3.036987599999975 ], [ 122.384600200000023, -3.037342099999933 ], [ 122.38468320000004, -3.037819199999944 ], [ 122.384846100000118, -3.038273499999946 ], [ 122.384959200000026, -3.038627299999973 ], [ 122.385165900000061, -3.039167199999952 ], [ 122.385297600000058, -3.039507799999967 ], [ 122.385467900000094, -3.039613399999951 ], [ 122.385553900000104, -3.039798499999961 ], [ 122.385597400000051, -3.040116399999931 ], [ 122.385506400000054, -3.040471199999956 ], [ 122.385600600000089, -3.040750599999967 ], [ 122.385607900000082, -3.041106399999933 ], [ 122.385446300000012, -3.041350299999976 ], [ 122.385267000000113, -3.04144649999995 ], [ 122.384912400000076, -3.041894 ], [ 122.384911100000068, -3.042049599999928 ], [ 122.384897900000055, -3.042066199999965 ], [ 122.384049900000036, -3.043128899999942 ], [ 122.38271670000006, -3.043915899999945 ], [ 122.3815935, -3.043915899999945 ], [ 122.381482300000016, -3.043920499999956 ], [ 122.38067030000002, -3.043954 ], [ 122.380105200000116, -3.04397739999996 ], [ 122.379956700000093, -3.043945399999927 ], [ 122.379348300000061, -3.043814599999962 ], [ 122.378376800000069, -3.043605499999956 ], [ 122.37805, -3.042905 ], [ 122.378036300000076, -3.042640199999937 ], [ 122.377861500000108, -3.042591499999958 ], [ 122.377577, -3.042415 ], [ 122.377196100000106, -3.042295899999942 ], [ 122.376930800000082, -3.042014499999937 ] ] ], [ [ [ 122.359947900000066, -3.031347 ], [ 122.3601145, -3.031271599999968 ], [ 122.360337300000083, -3.031289099999981 ], [ 122.36059750000004, -3.031381099999976 ], [ 122.360950500000058, -3.031472599999972 ], [ 122.361340600000062, -3.031563899999981 ], [ 122.361563900000078, -3.031693399999938 ], [ 122.3616958, -3.031768299999953 ], [ 122.361714200000051, -3.031892199999959 ], [ 122.361910500000022, -3.032152499999938 ], [ 122.361937800000078, -3.032251199999962 ], [ 122.361931200000072, -3.032265799999948 ], [ 122.362083600000119, -3.032436099999927 ], [ 122.362258900000029, -3.032536099999959 ], [ 122.362496800000031, -3.032617399999936 ], [ 122.362885, -3.032811199999969 ], [ 122.362916300000052, -3.032867499999952 ], [ 122.362672100000054, -3.032967499999927 ], [ 122.362409200000116, -3.033123799999942 ], [ 122.361701700000026, -3.033517699999948 ], [ 122.361426200000096, -3.033592699999929 ], [ 122.361038100000087, -3.033774 ], [ 122.360404300000027, -3.033465499999977 ], [ 122.360329500000034, -3.03347169999995 ], [ 122.360124400000018, -3.033267499999965 ], [ 122.360067100000037, -3.032950699999958 ], [ 122.359751500000016, -3.032915 ], [ 122.359435300000086, -3.032748599999934 ], [ 122.359230500000081, -3.032619099999977 ], [ 122.359311800000114, -3.032278399999939 ], [ 122.359345500000018, -3.032095499999969 ], [ 122.359475800000041, -3.031952399999966 ], [ 122.359656700000073, -3.031523599999957 ], [ 122.359800100000029, -3.031478399999969 ], [ 122.359947900000066, -3.031347 ] ] ], [ [ [ 122.353165200000035, -3.03122019999995 ], [ 122.353147, -3.03120279999996 ], [ 122.352742600000056, -3.031129399999941 ], [ 122.352492200000029, -3.031041899999934 ], [ 122.352279300000077, -3.030948099999932 ], [ 122.352285600000073, -3.030885599999976 ], [ 122.352289800000108, -3.030529399999978 ], [ 122.352257400000099, -3.03040169999997 ], [ 122.352170400000091, -3.030216699999926 ], [ 122.352123200000051, -3.030192 ], [ 122.352041400000076, -3.029391399999952 ], [ 122.351990300000011, -3.029289199999937 ], [ 122.352066900000068, -3.029179 ], [ 122.352015700000038, -3.028771399999926 ], [ 122.35206340000002, -3.028462199999979 ], [ 122.352369700000054, -3.028262899999959 ], [ 122.352527800000075, -3.027903699999968 ], [ 122.352636300000086, -3.027470599999958 ], [ 122.352881, -3.027418399999931 ], [ 122.353151100000105, -3.027159099999949 ], [ 122.353477600000019, -3.027189499999963 ], [ 122.353681700000038, -3.02715319999993 ], [ 122.354257700000062, -3.027071899999953 ], [ 122.354433, -3.027040599999964 ], [ 122.354946400000017, -3.026953099999957 ], [ 122.35550360000002, -3.026915599999938 ], [ 122.356186, -3.026690499999972 ], [ 122.356586700000094, -3.02664679999998 ], [ 122.356762000000117, -3.026728 ], [ 122.356864300000098, -3.026798699999972 ], [ 122.35718410000004, -3.026932399999964 ], [ 122.357381, -3.027323399999943 ], [ 122.357407100000046, -3.027632299999937 ], [ 122.357396200000039, -3.027916599999969 ], [ 122.357606500000088, -3.028162699999939 ], [ 122.357694, -3.028471299999978 ], [ 122.357696200000078, -3.028916199999969 ], [ 122.35799320000001, -3.029297799999938 ], [ 122.358096400000022, -3.02958469999993 ], [ 122.358130800000026, -3.029791499999931 ], [ 122.358083500000021, -3.030015499999934 ], [ 122.358083, -3.030017899999962 ], [ 122.358070800000064, -3.030076099999974 ], [ 122.358050200000093, -3.03015419999997 ], [ 122.358558800000083, -3.030060299999946 ], [ 122.358627700000056, -3.030060299999946 ], [ 122.358646500000077, -3.030191599999966 ], [ 122.357820100000026, -3.030448 ], [ 122.35761350000007, -3.030673 ], [ 122.357596, -3.031011899999953 ], [ 122.357595500000116, -3.031023499999947 ], [ 122.357588400000054, -3.03116069999993 ], [ 122.357563600000049, -3.031191599999943 ], [ 122.357413100000031, -3.031379499999957 ], [ 122.357256600000028, -3.031485799999928 ], [ 122.35669310000003, -3.031523299999947 ], [ 122.356371300000092, -3.031514 ], [ 122.356261100000097, -3.031510799999978 ], [ 122.355902900000046, -3.031612 ], [ 122.355641300000116, -3.031685799999934 ], [ 122.355480200000102, -3.031677899999977 ], [ 122.355047900000045, -3.031656599999963 ], [ 122.354752300000087, -3.031642099999942 ], [ 122.354673700000035, -3.031626199999948 ], [ 122.354163800000038, -3.031523299999947 ], [ 122.353973400000086, -3.031517799999961 ], [ 122.353870500000085, -3.031514799999968 ], [ 122.353731800000105, -3.031510799999978 ], [ 122.353387500000053, -3.031492 ], [ 122.353382800000077, -3.031266 ], [ 122.353177500000015, -3.031231799999944 ], [ 122.353165200000035, -3.03122019999995 ] ] ], [ [ [ 122.361198300000069, -3.025924799999927 ], [ 122.361198200000103, -3.025924499999974 ], [ 122.361190900000111, -3.025778799999955 ], [ 122.361270900000022, -3.025581599999953 ], [ 122.36132310000005, -3.025453 ], [ 122.3614258, -3.025328399999978 ], [ 122.361465800000019, -3.025120099999981 ], [ 122.361501700000076, -3.024933 ], [ 122.361632800000052, -3.024768199999926 ], [ 122.361604400000033, -3.02456669999998 ], [ 122.36164030000009, -3.024447299999963 ], [ 122.361730900000111, -3.024327699999958 ], [ 122.361848900000041, -3.024207899999965 ], [ 122.361957300000086, -3.024005699999975 ], [ 122.362029300000017, -3.023803699999974 ], [ 122.362101500000108, -3.023656599999924 ], [ 122.362246600000049, -3.023499499999957 ], [ 122.3624833, -3.023425599999939 ], [ 122.362765700000068, -3.023369199999934 ], [ 122.363039200000117, -3.023349499999938 ], [ 122.363340300000118, -3.023393799999951 ], [ 122.363586600000076, -3.023420099999953 ], [ 122.363951900000075, -3.023528299999953 ], [ 122.364134800000102, -3.023628199999962 ], [ 122.364418200000046, -3.023773399999925 ], [ 122.364646500000049, -3.023845599999959 ], [ 122.364948400000117, -3.024055 ], [ 122.365314100000091, -3.024236499999972 ], [ 122.36541550000004, -3.024474299999952 ], [ 122.365625800000089, -3.024583299999961 ], [ 122.365706500000101, -3.024726699999974 ], [ 122.365755300000046, -3.024949299999946 ], [ 122.365865900000017, -3.025047899999947 ], [ 122.365839200000096, -3.025333899999964 ], [ 122.365904200000045, -3.025562799999932 ], [ 122.365768800000069, -3.025838499999963 ], [ 122.365586700000108, -3.025903599999936 ], [ 122.365450200000055, -3.025950099999932 ], [ 122.365358800000081, -3.025913899999978 ], [ 122.365249, -3.02584109999998 ], [ 122.365094100000078, -3.025860199999954 ], [ 122.364985, -3.025915699999928 ], [ 122.3648478, -3.025833899999952 ], [ 122.364674500000092, -3.025834799999927 ], [ 122.3645285, -3.025808 ], [ 122.364419500000054, -3.025900199999967 ], [ 122.364237000000116, -3.025873599999954 ], [ 122.36407290000011, -3.025865299999964 ], [ 122.363899400000037, -3.025820299999964 ], [ 122.363667400000054, -3.025856799999929 ], [ 122.363430700000094, -3.025759099999959 ], [ 122.363135700000043, -3.025819899999931 ], [ 122.362801900000022, -3.025979899999925 ], [ 122.362524600000029, -3.026066299999968 ], [ 122.362503100000026, -3.026027799999952 ], [ 122.362133700000072, -3.026127799999927 ], [ 122.361814400000071, -3.026121599999954 ], [ 122.36156410000001, -3.026191199999971 ], [ 122.361554700000056, -3.026192199999969 ], [ 122.361356800000067, -3.026135499999953 ], [ 122.361198300000069, -3.025924799999927 ] ] ], [ [ [ 122.32847270000002, -3.02044559999996 ], [ 122.328592500000013, -3.020936799999959 ], [ 122.328770400000053, -3.021309799999926 ], [ 122.328986800000052, -3.021525099999963 ], [ 122.329007600000068, -3.021780799999931 ], [ 122.32904950000011, -3.02235109999998 ], [ 122.328914200000099, -3.022686299999975 ], [ 122.328640600000085, -3.022766299999944 ], [ 122.328386200000068, -3.022767599999952 ], [ 122.32809240000006, -3.022729699999957 ], [ 122.327895900000044, -3.022553599999981 ], [ 122.327698700000042, -3.022259399999939 ], [ 122.327405100000078, -3.022241199999939 ], [ 122.327153600000088, -3.02203789999993 ], [ 122.326952800000072, -3.021810599999981 ], [ 122.32665540000005, -3.021481799999947 ], [ 122.32634, -3.02112969999996 ], [ 122.326079, -3.02083829999998 ], [ 122.325800300000083, -3.020527299999969 ], [ 122.325791900000013, -3.020517799999936 ], [ 122.325516700000094, -3.020283099999972 ], [ 122.325450400000022, -3.020070099999941 ], [ 122.32543720000001, -3.020027699999957 ], [ 122.325162200000022, -3.020056799999963 ], [ 122.324869400000011, -3.01997149999994 ], [ 122.324734700000022, -3.019691299999977 ], [ 122.324592900000084, -3.019461299999932 ], [ 122.324006600000075, -3.019188 ], [ 122.323709500000064, -3.018914799999948 ], [ 122.3237272, -3.018521199999952 ], [ 122.324020400000109, -3.018441 ], [ 122.324359600000093, -3.018375799999944 ], [ 122.324606800000083, -3.018294099999935 ], [ 122.324699100000089, -3.018265799999938 ], [ 122.324894400000062, -3.018039199999976 ], [ 122.324919600000044, -3.018049499999961 ], [ 122.324949800000013, -3.018018099999949 ], [ 122.326062300000103, -3.018477899999937 ], [ 122.326077900000087, -3.01846809999995 ], [ 122.326142000000118, -3.018456699999945 ], [ 122.326308900000072, -3.01842709999994 ], [ 122.326347, -3.018424399999958 ], [ 122.326543900000047, -3.018095799999969 ], [ 122.32703570000001, -3.01830039999993 ], [ 122.32668, -3.018968199999961 ], [ 122.326705700000048, -3.019001499999945 ], [ 122.326780100000065, -3.019098 ], [ 122.326858300000026, -3.01913019999995 ], [ 122.326966700000071, -3.019098299999939 ], [ 122.327196900000104, -3.019190399999957 ], [ 122.327182200000038, -3.019345199999975 ], [ 122.327296500000102, -3.019448099999977 ], [ 122.327692, -3.019616399999961 ], [ 122.327784100000031, -3.01968549999998 ], [ 122.327880100000016, -3.019847499999969 ], [ 122.327952800000048, -3.019905699999924 ], [ 122.328019900000072, -3.019896899999935 ], [ 122.328216900000029, -3.020171399999981 ], [ 122.32847270000002, -3.02044559999996 ] ] ], [ [ [ 122.346814000000109, -3.016032499999937 ], [ 122.346478300000058, -3.016361899999936 ], [ 122.345707800000014, -3.016489799999931 ], [ 122.34666940000011, -3.01708739999998 ], [ 122.347002, -3.017718199999933 ], [ 122.347872300000063, -3.018348399999979 ], [ 122.348072800000068, -3.018665399999975 ], [ 122.34832670000003, -3.019066899999928 ], [ 122.348958, -3.019515499999954 ], [ 122.349528, -3.019663299999934 ], [ 122.350219500000094, -3.020171799999957 ], [ 122.350848900000074, -3.020229 ], [ 122.351449500000058, -3.020527099999924 ], [ 122.352798900000039, -3.020791499999973 ], [ 122.353193500000089, -3.021843599999954 ], [ 122.353527, -3.022655099999952 ], [ 122.35335, -3.023198099999945 ], [ 122.352811300000099, -3.023321299999964 ], [ 122.352272700000071, -3.02344439999996 ], [ 122.351492600000029, -3.023207399999933 ], [ 122.350891900000079, -3.022879 ], [ 122.349842800000033, -3.02276379999995 ], [ 122.348914300000047, -3.022798499999965 ], [ 122.348286, -3.022982299999967 ], [ 122.347356200000036, -3.022746 ], [ 122.346562900000094, -3.022728599999937 ], [ 122.345881800000029, -3.022522899999956 ], [ 122.344461400000114, -3.022289 ], [ 122.342978900000048, -3.022044899999969 ], [ 122.341869400000064, -3.021839599999964 ], [ 122.34103, -3.021723299999962 ], [ 122.339949500000102, -3.021307 ], [ 122.338929800000074, -3.021071099999972 ], [ 122.337819400000058, -3.02068509999998 ], [ 122.335868600000026, -3.019971899999973 ], [ 122.334966400000098, -3.019253499999934 ], [ 122.334070100000076, -3.018627199999969 ], [ 122.332893200000058, -3.018028899999933 ], [ 122.330971400000067, -3.01710479999997 ], [ 122.330669400000033, -3.016624399999955 ], [ 122.330532600000083, -3.016551899999968 ], [ 122.33046, -3.016401199999962 ], [ 122.330451700000026, -3.016384 ], [ 122.330399500000112, -3.016142699999932 ], [ 122.330365500000084, -3.015943399999969 ], [ 122.330358900000078, -3.015904899999953 ], [ 122.329025000000115, -3.014945099999977 ], [ 122.328675800000042, -3.014693899999941 ], [ 122.327859300000114, -3.014106499999968 ], [ 122.327710400000115, -3.014179499999955 ], [ 122.327463200000011, -3.014239299999929 ], [ 122.327405800000065, -3.014238899999953 ], [ 122.327385100000015, -3.01423879999993 ], [ 122.3270817, -3.014236799999935 ], [ 122.326762300000041, -3.014053499999932 ], [ 122.326372700000093, -3.014025299999957 ], [ 122.32592180000006, -3.013726299999973 ], [ 122.325740500000052, -3.013395899999978 ], [ 122.325724300000047, -3.013086599999951 ], [ 122.325684500000079, -3.013012199999935 ], [ 122.32467290000011, -3.011122099999966 ], [ 122.324475300000017, -3.011138299999971 ], [ 122.324411300000065, -3.011143599999969 ], [ 122.324391500000047, -3.011123299999952 ], [ 122.324180900000101, -3.010908499999971 ], [ 122.324033800000052, -3.010312799999951 ], [ 122.32390440000006, -3.009788499999956 ], [ 122.323711900000035, -3.009008599999959 ], [ 122.323715400000083, -3.008338 ], [ 122.323965300000054, -3.007982399999946 ], [ 122.324153200000069, -3.007349899999952 ], [ 122.323644500000114, -3.007472899999925 ], [ 122.323045200000024, -3.007445699999948 ], [ 122.322818300000108, -3.007060399999943 ], [ 122.322683400000074, -3.006656299999975 ], [ 122.322619300000042, -3.006122599999969 ], [ 122.322078200000078, -3.005733699999951 ], [ 122.321328600000015, -3.00561689999995 ], [ 122.320936400000051, -3.005046599999957 ], [ 122.320843600000103, -3.004444699999965 ], [ 122.320451200000093, -3.003844199999946 ], [ 122.31975060000002, -3.003210099999933 ], [ 122.3188589, -3.002918399999942 ], [ 122.317964300000085, -3.002885399999968 ], [ 122.317151700000068, -3.003017099999965 ], [ 122.316491500000097, -3.002779399999952 ], [ 122.316223400000013, -3.002303899999959 ], [ 122.316127300000062, -3.001817399999936 ], [ 122.315944400000035, -3.001155599999947 ], [ 122.315762300000074, -3.000674599999968 ], [ 122.315760100000034, -3.000222899999926 ], [ 122.316057500000056, -2.999769599999979 ], [ 122.316804600000069, -2.999374399999965 ], [ 122.318016400000033, -2.999636099999975 ], [ 122.319724, -3.000313199999937 ], [ 122.320211, -3.000039899999933 ], [ 122.320291900000029, -2.999903499999959 ], [ 122.32036770000002, -2.999729699999932 ], [ 122.320070100000066, -2.999376699999971 ], [ 122.31936810000002, -2.998679599999946 ], [ 122.319070500000066, -2.998335699999927 ], [ 122.318963900000085, -2.997521399999926 ], [ 122.319368200000099, -2.996725599999934 ], [ 122.319970800000078, -2.996264599999961 ], [ 122.320970400000078, -2.996283299999959 ], [ 122.321466300000111, -2.996518799999933 ], [ 122.322770900000023, -2.997333799999979 ], [ 122.324068, -2.998384 ], [ 122.325670100000025, -2.999606299999925 ], [ 122.327252700000031, -3.000106499999958 ], [ 122.328309900000022, -3.000539899999978 ], [ 122.329258900000013, -3.001055199999939 ], [ 122.329917600000044, -3.001391 ], [ 122.329967, -3.001416199999937 ], [ 122.330201800000054, -3.001422299999945 ], [ 122.330364800000098, -3.001464899999974 ], [ 122.330527800000027, -3.001457799999969 ], [ 122.330768900000066, -3.001592499999958 ], [ 122.330924800000048, -3.001713 ], [ 122.3309815, -3.001876 ], [ 122.331392700000038, -3.002166699999975 ], [ 122.331754200000091, -3.002443099999937 ], [ 122.332163700000024, -3.002691299999981 ], [ 122.332214, -3.002638899999965 ], [ 122.332276300000103, -3.002602699999954 ], [ 122.332343900000069, -3.00255889999994 ], [ 122.33241790000011, -3.002564799999959 ], [ 122.332459, -3.00256319999994 ], [ 122.332464400000049, -3.002563 ], [ 122.332596700000067, -3.002557699999954 ], [ 122.332774, -3.002596199999971 ], [ 122.333041500000036, -3.002710499999978 ], [ 122.333336200000076, -3.002903899999978 ], [ 122.334056100000112, -3.002932699999974 ], [ 122.3346504000001, -3.003196799999955 ], [ 122.335178600000063, -3.003262799999959 ], [ 122.335706800000025, -3.003493899999967 ], [ 122.33607, -3.003725 ], [ 122.336565200000109, -3.004022099999929 ], [ 122.336800900000071, -3.004205399999933 ], [ 122.336855700000115, -3.004193199999975 ], [ 122.337337800000114, -3.004532899999958 ], [ 122.338029800000072, -3.005180899999971 ], [ 122.339327200000071, -3.006299299999966 ], [ 122.340572800000018, -3.006867299999954 ], [ 122.341480200000092, -3.006964099999948 ], [ 122.342588400000068, -3.006924899999945 ], [ 122.343764, -3.006919099999948 ], [ 122.344605400000091, -3.007252599999958 ], [ 122.346048800000062, -3.007076599999948 ], [ 122.347040700000093, -3.007267299999967 ], [ 122.347882500000082, -3.00786549999998 ], [ 122.348811100000034, -3.007860899999969 ], [ 122.349768200000085, -3.007555 ], [ 122.350693700000079, -3.00728179999993 ], [ 122.351770400000078, -3.00720309999997 ], [ 122.352968300000043, -3.006733299999951 ], [ 122.354289200000039, -3.006826599999954 ], [ 122.355129100000113, -3.007257399999958 ], [ 122.356241100000034, -3.007974799999943 ], [ 122.357083100000068, -3.008633199999963 ], [ 122.357683, -3.009174399999949 ], [ 122.357957, -3.009682899999973 ], [ 122.358078700000078, -3.01007379999993 ], [ 122.357991700000071, -3.01064649999995 ], [ 122.358023800000069, -3.01109809999997 ], [ 122.358355, -3.011427699999956 ], [ 122.358777600000053, -3.012088199999937 ], [ 122.35937940000008, -3.012627299999963 ], [ 122.359802, -3.013287799999944 ], [ 122.360283600000116, -3.013737099999958 ], [ 122.360615300000063, -3.014187199999981 ], [ 122.360826800000041, -3.014547599999958 ], [ 122.360589600000026, -3.015060799999958 ], [ 122.3601423, -3.015484599999979 ], [ 122.359693100000072, -3.015517 ], [ 122.359034100000031, -3.015520199999969 ], [ 122.35843530000011, -3.015583399999969 ], [ 122.357865400000037, -3.015435699999955 ], [ 122.357296500000075, -3.015498699999966 ], [ 122.357025500000077, -3.015229 ], [ 122.356486600000039, -3.015291899999966 ], [ 122.356099, -3.015655299999935 ], [ 122.355079400000022, -3.015449499999932 ], [ 122.354745200000025, -3.015376899999978 ], [ 122.354562400000077, -3.015204099999949 ], [ 122.354471000000103, -3.015113099999951 ], [ 122.354307, -3.015049899999951 ], [ 122.354194900000039, -3.015090799999939 ], [ 122.354179900000076, -3.015096299999925 ], [ 122.354002400000013, -3.015198599999962 ], [ 122.353998100000013, -3.015201 ], [ 122.354027700000074, -3.015568799999926 ], [ 122.354026367000074, -3.01556887199996 ], [ 122.354027761000111, -3.015569555999946 ], [ 122.354078800000025, -3.016206199999942 ], [ 122.352138300000092, -3.016264499999977 ], [ 122.352132200000028, -3.016271 ], [ 122.351449000000116, -3.017016299999966 ], [ 122.350733200000036, -3.017159299999946 ], [ 122.350594600000022, -3.015942299999949 ], [ 122.350337500000023, -3.016011299999946 ], [ 122.350081400000022, -3.015987499999937 ], [ 122.34996440000009, -3.015976599999931 ], [ 122.349482700000067, -3.016024699999946 ], [ 122.34897310000008, -3.015972399999953 ], [ 122.348636200000101, -3.015882599999941 ], [ 122.34819020000009, -3.015664299999969 ], [ 122.347620900000038, -3.015637 ], [ 122.347262500000056, -3.01599959999993 ], [ 122.346814000000109, -3.016032499999937 ] ] ], [ [ [ 122.395116900000062, -3.325822099999925 ], [ 122.395128900000032, -3.325813399999959 ], [ 122.395137600000112, -3.32581689999995 ], [ 122.395246200000088, -3.325777399999936 ], [ 122.395256100000097, -3.325777399999936 ], [ 122.395335, -3.325747799999931 ], [ 122.39546340000004, -3.325738 ], [ 122.395572, -3.325728099999935 ], [ 122.395631200000025, -3.325738 ], [ 122.395690400000035, -3.325767599999949 ], [ 122.395710200000053, -3.325777399999936 ], [ 122.395759500000054, -3.325826799999959 ], [ 122.395799, -3.325876199999925 ], [ 122.395838500000082, -3.325945199999978 ], [ 122.395887800000082, -3.326034099999958 ], [ 122.395907600000101, -3.326142699999934 ], [ 122.395937200000049, -3.326271 ], [ 122.395937200000049, -3.326428899999939 ], [ 122.395927300000039, -3.326567099999977 ], [ 122.395927300000039, -3.326685599999962 ], [ 122.395956900000101, -3.326794199999938 ], [ 122.395986600000015, -3.326833699999952 ], [ 122.396035900000015, -3.326774399999977 ], [ 122.396193900000071, -3.326675699999953 ], [ 122.396282700000029, -3.326656 ], [ 122.396361700000057, -3.326665899999966 ], [ 122.396480100000076, -3.326636199999939 ], [ 122.396598600000061, -3.326616499999943 ], [ 122.396717, -3.326596799999948 ], [ 122.396825600000057, -3.326577 ], [ 122.396914400000014, -3.326468399999953 ], [ 122.396963800000094, -3.326310499999977 ], [ 122.396914400000014, -3.326132799999925 ], [ 122.396776300000056, -3.325965 ], [ 122.39666770000008, -3.325846499999955 ], [ 122.396590500000116, -3.325791 ], [ 122.396420900000066, -3.325451699999974 ], [ 122.396223500000019, -3.324898899999937 ], [ 122.395592300000089, -3.324662199999977 ], [ 122.395591700000068, -3.324662 ], [ 122.395354800000064, -3.323832799999934 ], [ 122.39551270000004, -3.323516899999959 ], [ 122.395749600000045, -3.323477399999945 ], [ 122.395947100000058, -3.323635399999944 ], [ 122.396341900000039, -3.323753799999963 ], [ 122.396223500000019, -3.323951299999976 ], [ 122.396302100000071, -3.324108399999943 ], [ 122.396368300000063, -3.324102299999936 ], [ 122.396608400000105, -3.324030199999925 ], [ 122.396687400000019, -3.323842699999943 ], [ 122.396796000000109, -3.323546499999964 ], [ 122.396865100000014, -3.32319119999994 ], [ 122.396973700000103, -3.322924599999965 ], [ 122.397052700000017, -3.322786399999927 ], [ 122.397161200000028, -3.32268769999996 ], [ 122.397368500000084, -3.322480399999961 ], [ 122.397397900000101, -3.322429 ], [ 122.397425800000065, -3.322306799999978 ], [ 122.397605400000089, -3.32223369999997 ], [ 122.397674500000107, -3.322144799999933 ], [ 122.397763400000031, -3.322065799999962 ], [ 122.39782260000004, -3.32202639999997 ], [ 122.397891700000059, -3.322006599999952 ], [ 122.397980500000017, -3.322046099999966 ], [ 122.398099000000116, -3.322046099999966 ], [ 122.398178, -3.32202639999997 ], [ 122.398029900000097, -3.321759799999938 ], [ 122.398014200000034, -3.321720599999935 ], [ 122.398428800000033, -3.321628899999951 ], [ 122.398751, -3.321219599999949 ], [ 122.398747300000082, -3.320526699999959 ], [ 122.398594800000069, -3.319928 ], [ 122.398537, -3.319837599999971 ], [ 122.398503700000106, -3.319785599999932 ], [ 122.398454400000105, -3.319696699999952 ], [ 122.398414900000034, -3.319607899999937 ], [ 122.398306300000058, -3.319469699999956 ], [ 122.39827670000011, -3.319232799999952 ], [ 122.3982866, -3.319134099999928 ], [ 122.398253100000034, -3.318994799999928 ], [ 122.398236500000053, -3.318925399999955 ], [ 122.39822730000003, -3.318887299999972 ], [ 122.39822730000003, -3.318749099999934 ], [ 122.398326000000111, -3.318541799999934 ], [ 122.398395100000016, -3.318265399999973 ], [ 122.398395100000016, -3.31815679999994 ], [ 122.398296400000049, -3.31809759999993 ], [ 122.398158200000012, -3.318077899999935 ], [ 122.397988, -3.318052099999932 ], [ 122.397962800000073, -3.317963199999951 ], [ 122.397893100000033, -3.317923699999938 ], [ 122.397793, -3.31790019999994 ], [ 122.397595600000045, -3.317870599999935 ], [ 122.397319200000084, -3.31781129999996 ], [ 122.397121700000071, -3.31791 ], [ 122.3970921, -3.317919899999936 ], [ 122.396993400000042, -3.31790019999994 ], [ 122.396825600000057, -3.317880399999979 ], [ 122.396470200000067, -3.317919899999936 ], [ 122.396193900000071, -3.317870599999935 ], [ 122.39596680000011, -3.317742199999941 ], [ 122.39586810000003, -3.317663299999936 ], [ 122.395818700000063, -3.317574399999955 ], [ 122.395818700000063, -3.317386899999974 ], [ 122.395789100000115, -3.317011799999932 ], [ 122.39586810000003, -3.316853799999933 ], [ 122.396026, -3.316715599999952 ], [ 122.396338300000025, -3.316730499999949 ], [ 122.396344400000089, -3.316715599999952 ], [ 122.396430800000076, -3.316715599999952 ], [ 122.396618300000114, -3.316745199999957 ], [ 122.396776300000056, -3.316715599999952 ], [ 122.396875, -3.316666299999952 ], [ 122.397102, -3.316686 ], [ 122.397210600000108, -3.316814299999976 ], [ 122.397279700000013, -3.31694269999997 ], [ 122.397329, -3.317011799999932 ], [ 122.397487, -3.317061099999933 ], [ 122.397605400000089, -3.317021599999975 ], [ 122.397783100000083, -3.316834099999937 ], [ 122.39783250000005, -3.316705699999943 ], [ 122.397783100000083, -3.316439199999934 ], [ 122.397704100000055, -3.316350399999976 ], [ 122.3975067, -3.316320799999971 ], [ 122.397408, -3.31638 ], [ 122.397279700000013, -3.316468799999939 ], [ 122.397121700000071, -3.316508299999953 ], [ 122.397003300000051, -3.316449099999943 ], [ 122.396953900000085, -3.316409599999929 ], [ 122.396875, -3.316310899999962 ], [ 122.396816700000045, -3.316252599999927 ], [ 122.396796000000109, -3.316231899999934 ], [ 122.396697300000028, -3.315965399999925 ], [ 122.396638100000018, -3.315797599999939 ], [ 122.396598600000061, -3.315659399999959 ], [ 122.396509700000024, -3.315432399999963 ], [ 122.396499900000094, -3.315323799999931 ], [ 122.396480100000076, -3.314958499999932 ], [ 122.396470200000067, -3.314692 ], [ 122.396519600000033, -3.314514299999928 ], [ 122.396608400000105, -3.314395899999965 ], [ 122.396875, -3.314178699999957 ], [ 122.396961900000065, -3.314174399999956 ], [ 122.39707240000007, -3.314168799999948 ], [ 122.397289600000022, -3.314267499999971 ], [ 122.397496900000078, -3.314287299999933 ], [ 122.397684400000117, -3.31427739999998 ], [ 122.398000300000035, -3.314316899999938 ], [ 122.39823720000004, -3.314386 ], [ 122.398424800000043, -3.314356399999951 ], [ 122.398503700000106, -3.314247799999976 ], [ 122.398444500000096, -3.314089899999942 ], [ 122.398296400000049, -3.313902299999938 ], [ 122.398168100000021, -3.313803599999972 ], [ 122.397991900000079, -3.313779599999975 ], [ 122.397950900000069, -3.313774 ], [ 122.397753500000022, -3.313764099999958 ], [ 122.39753630000007, -3.313774 ], [ 122.397289600000022, -3.31368509999993 ], [ 122.397151400000098, -3.313497599999948 ], [ 122.397141500000089, -3.313339599999949 ], [ 122.397250100000065, -3.313092899999958 ], [ 122.397329, -3.313083 ], [ 122.397447500000112, -3.313092899999958 ], [ 122.39750140000001, -3.313043499999935 ], [ 122.397489800000017, -3.313034 ], [ 122.397893600000089, -3.312705699999981 ], [ 122.398661500000117, -3.312212299999942 ], [ 122.399958, -3.311357 ], [ 122.400145700000053, -3.311227199999962 ], [ 122.400260800000069, -3.311029799999972 ], [ 122.400408900000116, -3.310852099999977 ], [ 122.400705, -3.310733599999935 ], [ 122.400981400000092, -3.310921199999939 ], [ 122.4011097, -3.311158099999943 ], [ 122.401207000000113, -3.311291199999971 ], [ 122.40129730000001, -3.311414799999966 ], [ 122.401514500000076, -3.311582599999952 ], [ 122.401593400000024, -3.311582599999952 ], [ 122.40181060000009, -3.311602299999947 ], [ 122.402264700000046, -3.311829299999943 ], [ 122.402629900000079, -3.311957699999937 ], [ 122.402818100000104, -3.311913799999957 ], [ 122.402926100000059, -3.311888599999975 ], [ 122.403093900000044, -3.311740499999928 ], [ 122.403330800000049, -3.311444399999971 ], [ 122.403597300000115, -3.311483899999928 ], [ 122.40372560000003, -3.311631899999952 ], [ 122.403765100000101, -3.312086 ], [ 122.403676300000029, -3.312421599999936 ], [ 122.40360720000001, -3.312451199999941 ], [ 122.403222200000073, -3.312579599999935 ], [ 122.402995100000112, -3.312638799999945 ], [ 122.402924400000074, -3.312664499999926 ], [ 122.40291620000005, -3.312678299999959 ], [ 122.402817500000083, -3.312885599999959 ], [ 122.402728600000046, -3.313319899999954 ], [ 122.402649700000097, -3.313537099999962 ], [ 122.402501600000051, -3.313774 ], [ 122.402442400000041, -3.313882599999943 ], [ 122.402353500000117, -3.31402079999998 ], [ 122.402333800000065, -3.314159 ], [ 122.402166, -3.314356399999951 ], [ 122.402146200000061, -3.314376099999947 ], [ 122.402116600000113, -3.314474799999971 ], [ 122.401988300000085, -3.314642699999979 ], [ 122.401771100000019, -3.314840099999969 ], [ 122.401642800000104, -3.314938799999936 ], [ 122.401484900000014, -3.315146099999936 ], [ 122.401454400000034, -3.31532889999994 ], [ 122.40141570000003, -3.315383 ], [ 122.401396, -3.315491599999973 ], [ 122.401425600000039, -3.31564949999995 ], [ 122.4015243, -3.315817299999935 ], [ 122.401652700000113, -3.315985099999978 ], [ 122.401909300000057, -3.315965399999925 ], [ 122.402106700000104, -3.315955499999973 ], [ 122.402383100000065, -3.315925899999968 ], [ 122.402570700000069, -3.315955499999973 ], [ 122.402728600000046, -3.316014799999948 ], [ 122.4029557, -3.31605419999994 ], [ 122.403241900000012, -3.316044399999953 ], [ 122.403369800000064, -3.31605529999996 ], [ 122.403567700000053, -3.316202299999929 ], [ 122.403656500000011, -3.316340499999967 ], [ 122.40377500000011, -3.316399699999977 ], [ 122.403883600000086, -3.316449099999943 ], [ 122.40412050000009, -3.316459 ], [ 122.404238900000109, -3.316419499999938 ], [ 122.404337600000076, -3.316310899999962 ], [ 122.404416600000104, -3.316291199999966 ], [ 122.404643600000099, -3.316281299999957 ], [ 122.404694600000084, -3.316318 ], [ 122.404772, -3.316676099999938 ], [ 122.404801600000042, -3.316873599999951 ], [ 122.404801600000042, -3.317061099999933 ], [ 122.404742400000032, -3.317238799999927 ], [ 122.404653500000109, -3.31734739999996 ], [ 122.404554800000028, -3.317436199999975 ], [ 122.404475800000114, -3.317534899999941 ], [ 122.404357400000094, -3.317702699999927 ], [ 122.404258700000014, -3.317801499999973 ], [ 122.404169800000091, -3.317860699999926 ], [ 122.404167100000109, -3.317861899999969 ], [ 122.404081, -3.31790019999994 ], [ 122.403972400000043, -3.31795939999995 ], [ 122.403873700000076, -3.318008799999973 ], [ 122.403804600000058, -3.318077899999935 ], [ 122.40360720000001, -3.318295 ], [ 122.403528200000096, -3.318393699999945 ], [ 122.4034196, -3.31851219999993 ], [ 122.403380100000049, -3.318660299999976 ], [ 122.403350500000101, -3.318818199999953 ], [ 122.403330800000049, -3.319065 ], [ 122.403449200000068, -3.319232799999952 ], [ 122.403538100000105, -3.319331499999976 ], [ 122.40366640000002, -3.319410499999947 ], [ 122.403893400000015, -3.319420299999933 ], [ 122.40412050000009, -3.319351199999971 ], [ 122.404288300000076, -3.31931179999998 ], [ 122.404475800000114, -3.319114299999967 ], [ 122.404505500000027, -3.318976099999929 ], [ 122.404446200000052, -3.318847799999958 ], [ 122.404288300000076, -3.318502299999977 ], [ 122.404267600000026, -3.318465499999945 ], [ 122.404389900000069, -3.318249299999934 ], [ 122.40458440000009, -3.318196299999954 ], [ 122.404722600000014, -3.318166699999949 ], [ 122.404860800000051, -3.318147 ], [ 122.404924300000062, -3.318128399999978 ], [ 122.405091500000026, -3.318163499999969 ], [ 122.405166800000075, -3.31809759999993 ], [ 122.40528530000006, -3.317939699999954 ], [ 122.405433300000027, -3.317781699999955 ], [ 122.40563080000004, -3.317613899999969 ], [ 122.405737900000076, -3.317511899999943 ], [ 122.40579630000002, -3.31751079999998 ], [ 122.405907200000115, -3.31769289999994 ], [ 122.406026100000076, -3.317844899999955 ], [ 122.406045400000039, -3.317998899999964 ], [ 122.406015800000091, -3.318295 ], [ 122.405966400000011, -3.318443099999968 ], [ 122.405857800000035, -3.318571399999939 ], [ 122.405699900000059, -3.318630599999949 ], [ 122.405629, -3.318655899999953 ], [ 122.405561700000021, -3.31868 ], [ 122.405482700000107, -3.318729399999938 ], [ 122.405433300000027, -3.318857699999967 ], [ 122.405472800000098, -3.319015599999943 ], [ 122.405611, -3.31931179999998 ], [ 122.405591300000083, -3.319341399999928 ], [ 122.405512300000055, -3.319410499999947 ], [ 122.405482700000107, -3.319459799999947 ], [ 122.405463, -3.319558499999971 ], [ 122.405591300000083, -3.319746099999975 ], [ 122.405601200000092, -3.319746099999975 ], [ 122.40569, -3.319746099999975 ], [ 122.405877600000053, -3.319696699999952 ], [ 122.406, -3.319648799999925 ], [ 122.406104600000049, -3.319607899999937 ], [ 122.406232900000077, -3.319548699999928 ], [ 122.406410600000072, -3.31950919999997 ], [ 122.406657400000086, -3.319430199999942 ], [ 122.40683510000008, -3.31956839999998 ], [ 122.406904200000099, -3.319627599999933 ], [ 122.407042400000023, -3.319834899999933 ], [ 122.407042400000023, -3.320052099999941 ], [ 122.407002900000066, -3.320229799999936 ], [ 122.4069535000001, -3.32032849999996 ], [ 122.40684490000001, -3.320427199999926 ], [ 122.406766, -3.320476599999949 ], [ 122.406588300000067, -3.32052589999995 ], [ 122.406341500000053, -3.320545699999968 ], [ 122.406154, -3.320496299999945 ], [ 122.406015800000091, -3.320496299999945 ], [ 122.405867700000044, -3.320555499999955 ], [ 122.4057788, -3.320595 ], [ 122.405660400000102, -3.320674 ], [ 122.405522200000064, -3.320782599999973 ], [ 122.405472800000098, -3.32088129999994 ], [ 122.405384, -3.320989899999972 ], [ 122.405344500000069, -3.321197199999972 ], [ 122.405344500000069, -3.321286 ], [ 122.405216200000041, -3.321522899999934 ], [ 122.405117500000074, -3.321562399999948 ], [ 122.404949700000088, -3.321532799999943 ], [ 122.404742400000032, -3.321483399999977 ], [ 122.404554800000028, -3.321394599999962 ], [ 122.404337600000076, -3.321276099999977 ], [ 122.404248800000119, -3.321226799999977 ], [ 122.40413030000002, -3.321118199999944 ], [ 122.404115800000113, -3.321023399999945 ], [ 122.404100700000072, -3.321032099999968 ], [ 122.404100700000072, -3.32093059999994 ], [ 122.404219200000057, -3.320753 ], [ 122.404278400000067, -3.320496299999945 ], [ 122.404081, -3.320516099999963 ], [ 122.403942800000095, -3.320674 ], [ 122.403962500000034, -3.320910899999944 ], [ 122.403962500000034, -3.321049099999925 ], [ 122.40393680000011, -3.321126399999969 ], [ 122.403903300000025, -3.321226799999977 ], [ 122.40382430000011, -3.321365 ], [ 122.403686100000073, -3.321384699999953 ], [ 122.40360720000001, -3.321463699999924 ], [ 122.403474, -3.321583499999974 ], [ 122.403567700000053, -3.321700599999929 ], [ 122.403626900000063, -3.321779599999957 ], [ 122.403686100000073, -3.32187829999998 ], [ 122.403784800000039, -3.322016499999961 ], [ 122.403863800000067, -3.322194199999956 ], [ 122.40402180000001, -3.322450799999956 ], [ 122.403982300000052, -3.32254949999998 ], [ 122.40382430000011, -3.322628499999951 ], [ 122.403567700000053, -3.322608799999955 ], [ 122.403469, -3.322608799999955 ], [ 122.403350500000101, -3.322707499999979 ], [ 122.403350500000101, -3.322806199999945 ], [ 122.4033703, -3.322904899999969 ], [ 122.403409700000111, -3.323003599999936 ], [ 122.403409700000111, -3.323220799999945 ], [ 122.4033703, -3.323437899999931 ], [ 122.403192600000011, -3.323516899999959 ], [ 122.403014900000016, -3.323516899999959 ], [ 122.402817500000083, -3.323536699999977 ], [ 122.402343700000074, -3.323576099999968 ], [ 122.401889600000118, -3.323655099999939 ], [ 122.40181060000009, -3.323734099999967 ], [ 122.4017119, -3.323951299999976 ], [ 122.4017119, -3.324069699999939 ], [ 122.40181060000009, -3.324286899999947 ], [ 122.40181060000009, -3.324365799999953 ], [ 122.401771100000019, -3.324721199999942 ], [ 122.4017119, -3.324938399999951 ], [ 122.401716100000044, -3.325002099999949 ], [ 122.401936, -3.325196399999925 ], [ 122.402261800000019, -3.325439199999948 ], [ 122.402278400000114, -3.325436699999955 ], [ 122.402284400000099, -3.325451699999974 ], [ 122.40221530000008, -3.325540499999931 ], [ 122.402067300000112, -3.325688599999978 ], [ 122.40205960000003, -3.32569929999994 ], [ 122.401978400000075, -3.325708299999974 ], [ 122.401850100000047, -3.325797199999954 ], [ 122.401781, -3.325915599999973 ], [ 122.401771100000019, -3.325994599999945 ], [ 122.401771100000019, -3.326044 ], [ 122.401772100000017, -3.326063599999941 ], [ 122.40176120000001, -3.326073599999972 ], [ 122.4017119, -3.32622159999994 ], [ 122.401800700000081, -3.326340099999925 ], [ 122.401879700000109, -3.326498 ], [ 122.4021275, -3.32685209999994 ], [ 122.402106700000104, -3.326942199999962 ], [ 122.402027800000042, -3.327041 ], [ 122.401909300000057, -3.327031099999942 ], [ 122.401652700000113, -3.327129799999966 ], [ 122.401623, -3.327149499999962 ], [ 122.401563800000076, -3.327297599999952 ], [ 122.401603300000033, -3.327465399999937 ], [ 122.401662500000043, -3.327574 ], [ 122.40176120000001, -3.327554299999974 ], [ 122.401879700000109, -3.327485199999956 ], [ 122.40209690000006, -3.32742589999998 ], [ 122.402244900000028, -3.327307499999961 ], [ 122.402442400000041, -3.327287699999943 ], [ 122.4025904, -3.327356799999961 ], [ 122.402659500000027, -3.327554299999974 ], [ 122.40262, -3.32772209999996 ], [ 122.402472000000103, -3.32792939999996 ], [ 122.402333800000065, -3.327959 ], [ 122.40221530000008, -3.327988599999969 ], [ 122.402195600000027, -3.32806759999994 ], [ 122.402244900000028, -3.32812679999995 ], [ 122.402422600000023, -3.328186 ], [ 122.402521300000103, -3.328215599999965 ], [ 122.403143200000045, -3.328255099999978 ], [ 122.403241900000012, -3.328008299999965 ], [ 122.403202400000055, -3.327860299999941 ], [ 122.403153100000054, -3.327504899999951 ], [ 122.403232100000082, -3.327277899999956 ], [ 122.403232100000082, -3.327060699999947 ], [ 122.403281400000083, -3.326902799999971 ], [ 122.403340600000092, -3.326675699999953 ], [ 122.403271500000074, -3.326419099999953 ], [ 122.403212300000064, -3.326034099999958 ], [ 122.403360400000111, -3.325886 ], [ 122.403508500000044, -3.325599799999964 ], [ 122.403656500000011, -3.325422099999969 ], [ 122.403696, -3.325125899999932 ], [ 122.403567700000053, -3.32485939999998 ], [ 122.403617, -3.324504 ], [ 122.403696, -3.324257299999942 ], [ 122.403893400000015, -3.324257299999942 ], [ 122.4041075, -3.324110499999961 ], [ 122.404140200000029, -3.324109199999953 ], [ 122.404317900000024, -3.324069699999939 ], [ 122.404614, -3.323961099999963 ], [ 122.404732500000023, -3.323872299999948 ], [ 122.4049003, -3.323822899999925 ], [ 122.405068100000108, -3.323783399999968 ], [ 122.405304300000012, -3.323813899999948 ], [ 122.405364300000087, -3.323941399999967 ], [ 122.405443200000036, -3.324079599999948 ], [ 122.405492600000116, -3.324119099999962 ], [ 122.405591300000083, -3.324178299999971 ], [ 122.405613500000072, -3.324182199999939 ], [ 122.405660400000102, -3.324237499999981 ], [ 122.405769, -3.324277 ], [ 122.405936800000063, -3.324296699999934 ], [ 122.406065100000092, -3.324296699999934 ], [ 122.406203300000016, -3.324257299999942 ], [ 122.406371100000115, -3.324207899999976 ], [ 122.40644020000002, -3.324207899999976 ], [ 122.406598200000076, -3.324138799999957 ], [ 122.406775800000105, -3.324000599999977 ], [ 122.406904200000099, -3.323813099999938 ], [ 122.406987300000083, -3.323651699999971 ], [ 122.407042400000023, -3.32364519999993 ], [ 122.407200300000113, -3.323635399999944 ], [ 122.407397700000047, -3.323576099999968 ], [ 122.407683200000065, -3.323519099999942 ], [ 122.407667, -3.324093399999981 ], [ 122.407516200000032, -3.324010499999929 ], [ 122.407447100000013, -3.324099299999943 ], [ 122.407397700000047, -3.324168399999962 ], [ 122.407318800000098, -3.324257299999942 ], [ 122.40723980000007, -3.324385599999971 ], [ 122.407091700000024, -3.324444799999981 ], [ 122.406933800000047, -3.324543499999947 ], [ 122.406726500000104, -3.324533699999961 ], [ 122.406657400000086, -3.324553399999957 ], [ 122.406509300000039, -3.324691599999937 ], [ 122.40649940000003, -3.324731099999951 ], [ 122.4064896000001, -3.324849499999971 ], [ 122.406450100000029, -3.324938399999951 ], [ 122.406430300000011, -3.325017399999979 ], [ 122.406361300000071, -3.325096299999927 ], [ 122.4061934, -3.325116099999946 ], [ 122.40603550000003, -3.325135799999941 ], [ 122.405996, -3.32520489999996 ], [ 122.406005900000082, -3.32526409999997 ], [ 122.406026100000076, -3.325309599999969 ], [ 122.406046, -3.325304199999948 ], [ 122.406055200000083, -3.325313499999936 ], [ 122.40609470000004, -3.325353 ], [ 122.406203300000016, -3.325362799999937 ], [ 122.406302, -3.325313499999936 ], [ 122.406327800000099, -3.325304099999926 ], [ 122.406430300000011, -3.325323399999945 ], [ 122.406766, -3.325343099999941 ], [ 122.406813300000067, -3.325372699999946 ], [ 122.40684490000001, -3.32541219999996 ], [ 122.406884400000081, -3.325461599999926 ], [ 122.4069535000001, -3.325550399999941 ], [ 122.406983100000048, -3.325659 ], [ 122.407022600000118, -3.32575769999994 ], [ 122.407052800000088, -3.325888499999962 ], [ 122.406973300000118, -3.32616239999993 ], [ 122.406874600000037, -3.326359799999977 ], [ 122.406785700000114, -3.326478299999962 ], [ 122.406726500000104, -3.326557299999934 ], [ 122.406726500000104, -3.326644699999974 ], [ 122.406706700000086, -3.326665899999966 ], [ 122.406657400000086, -3.326883 ], [ 122.406568600000014, -3.327041 ], [ 122.406502500000101, -3.327121199999965 ], [ 122.406390900000019, -3.327129799999966 ], [ 122.406252700000096, -3.327189 ], [ 122.406203300000016, -3.327248299999951 ], [ 122.406055200000083, -3.327347 ], [ 122.405926900000054, -3.327564099999961 ], [ 122.405808500000035, -3.327870099999927 ], [ 122.405739400000016, -3.328047799999979 ], [ 122.4057295, -3.328156399999955 ], [ 122.4057788, -3.32827489999994 ], [ 122.405847900000026, -3.328383499999973 ], [ 122.405956500000116, -3.328561099999945 ], [ 122.405857800000035, -3.328659799999969 ], [ 122.405784400000016, -3.328745499999968 ], [ 122.405808200000024, -3.328761799999938 ], [ 122.405793500000073, -3.328832499999976 ], [ 122.405897300000106, -3.328877 ], [ 122.405926900000054, -3.328886899999929 ], [ 122.406084800000031, -3.328956 ], [ 122.406242800000086, -3.329054699999972 ], [ 122.406420500000081, -3.329232399999967 ], [ 122.40646, -3.329321199999924 ], [ 122.406371100000115, -3.329429799999957 ], [ 122.406242800000086, -3.329577899999947 ], [ 122.406154, -3.329666699999962 ], [ 122.405996, -3.329864099999952 ], [ 122.405926900000054, -3.330041799999947 ], [ 122.405601200000092, -3.330397199999936 ], [ 122.405423500000097, -3.330565 ], [ 122.405196400000023, -3.33069329999995 ], [ 122.404693, -3.330821699999944 ], [ 122.404248800000119, -3.330801899999926 ], [ 122.404061200000115, -3.33055509999997 ], [ 122.403913200000034, -3.330338 ], [ 122.403705900000091, -3.330081299999961 ], [ 122.403656500000011, -3.33018 ], [ 122.403557800000044, -3.33034779999997 ], [ 122.403508500000044, -3.330426799999941 ], [ 122.4034196, -3.330505799999969 ], [ 122.403182700000116, -3.330722899999955 ], [ 122.403074100000026, -3.330821699999944 ], [ 122.402906300000041, -3.330999299999974 ], [ 122.402708900000107, -3.331127699999968 ], [ 122.40256080000006, -3.331226399999935 ], [ 122.402412700000014, -3.331335 ], [ 122.402205400000071, -3.331483 ], [ 122.402205400000071, -3.331680499999948 ], [ 122.402087, -3.331877899999938 ], [ 122.401919200000066, -3.331956799999944 ], [ 122.401721800000018, -3.331868 ], [ 122.401573700000085, -3.331710099999952 ], [ 122.401435500000048, -3.33130529999994 ], [ 122.401361100000031, -3.331190899999967 ], [ 122.401307200000019, -3.331107899999949 ], [ 122.401188700000034, -3.33090059999995 ], [ 122.4011097, -3.330683499999964 ], [ 122.40095180000003, -3.330515599999956 ], [ 122.400905900000112, -3.330480399999942 ], [ 122.4006951, -3.330318199999965 ], [ 122.400418800000011, -3.330041799999947 ], [ 122.400056900000095, -3.329790099999968 ], [ 122.39991770000006, -3.329775299999937 ], [ 122.399638900000014, -3.329410099999961 ], [ 122.3992723, -3.329012299999931 ], [ 122.399260800000093, -3.328779699999927 ], [ 122.399402, -3.328571 ], [ 122.399561100000028, -3.328001499999971 ], [ 122.399922300000071, -3.327775299999928 ], [ 122.399576600000046, -3.326976599999966 ], [ 122.399589600000013, -3.326942199999962 ], [ 122.399451400000089, -3.326606599999934 ], [ 122.399283600000103, -3.326389499999948 ], [ 122.398753700000043, -3.326389499999948 ], [ 122.398667900000078, -3.326358099999936 ], [ 122.398056600000018, -3.326403499999969 ], [ 122.39752390000001, -3.326728799999955 ], [ 122.397080200000119, -3.327179599999965 ], [ 122.397039800000016, -3.327257299999928 ], [ 122.397032900000113, -3.327258099999938 ], [ 122.396944100000042, -3.327297599999952 ], [ 122.396835500000066, -3.327406199999928 ], [ 122.396756500000038, -3.327495 ], [ 122.396697300000028, -3.327653 ], [ 122.396549200000095, -3.327791199999979 ], [ 122.396544600000084, -3.327809699999932 ], [ 122.396519600000033, -3.327820799999927 ], [ 122.396430800000076, -3.327949099999955 ], [ 122.3964128, -3.328074699999945 ], [ 122.396401200000014, -3.328156399999955 ], [ 122.396460400000024, -3.328314399999954 ], [ 122.396460400000024, -3.328807899999958 ], [ 122.396420900000066, -3.328956 ], [ 122.396384900000044, -3.328986 ], [ 122.396361700000057, -3.329005299999949 ], [ 122.396292600000038, -3.329074399999968 ], [ 122.396235600000068, -3.32914089999997 ], [ 122.396092700000054, -3.329192899999953 ], [ 122.396026, -3.329133699999943 ], [ 122.395956900000101, -3.329044799999963 ], [ 122.395907600000101, -3.328995499999962 ], [ 122.395818700000063, -3.328877 ], [ 122.395779300000072, -3.328847399999972 ], [ 122.395700300000044, -3.328778299999954 ], [ 122.395650900000078, -3.328748699999949 ], [ 122.395611500000086, -3.32873879999994 ], [ 122.395473200000083, -3.32867959999993 ], [ 122.395414, -3.328689499999939 ], [ 122.395344900000055, -3.328699299999926 ], [ 122.395187, -3.328758599999958 ], [ 122.395157400000016, -3.328837499999963 ], [ 122.395157400000016, -3.328916499999934 ], [ 122.395187, -3.328956 ], [ 122.395216600000026, -3.329015199999958 ], [ 122.395196900000087, -3.329054699999972 ], [ 122.395178800000053, -3.329126899999949 ], [ 122.395108, -3.329153399999939 ], [ 122.395009300000083, -3.329113899999925 ], [ 122.394950100000074, -3.329123799999934 ], [ 122.394841500000098, -3.329123799999934 ], [ 122.394861200000037, -3.329232399999967 ], [ 122.394910600000117, -3.329341 ], [ 122.394926900000087, -3.329367499999933 ], [ 122.394900700000107, -3.329419899999948 ], [ 122.394933100000117, -3.329470799999967 ], [ 122.394920500000012, -3.329508799999928 ], [ 122.394940200000065, -3.329568 ], [ 122.395019200000092, -3.329627199999948 ], [ 122.395177100000069, -3.32968649999998 ], [ 122.395315300000107, -3.32968649999998 ], [ 122.395443600000021, -3.329647 ], [ 122.395532500000058, -3.329597599999943 ], [ 122.395565100000113, -3.329548699999975 ], [ 122.395710200000053, -3.329459399999962 ], [ 122.396006300000067, -3.32947919999998 ], [ 122.396144500000105, -3.329538399999933 ], [ 122.3963222000001, -3.329696299999966 ], [ 122.396420900000066, -3.329854299999965 ], [ 122.396499900000094, -3.329953 ], [ 122.396815700000047, -3.330051699999956 ], [ 122.397052700000017, -3.330110899999966 ], [ 122.397144100000105, -3.330133799999942 ], [ 122.397190900000055, -3.330189899999937 ], [ 122.397250100000065, -3.33028859999996 ], [ 122.397279700000013, -3.33034779999997 ], [ 122.397299400000065, -3.330456399999946 ], [ 122.397284, -3.330528199999947 ], [ 122.39713160000008, -3.330663699999945 ], [ 122.397052700000017, -3.330722899999955 ], [ 122.396894700000075, -3.330644 ], [ 122.39667750000001, -3.330505799999969 ], [ 122.396697300000028, -3.330683499999964 ], [ 122.396815700000047, -3.330880899999954 ], [ 122.397190900000055, -3.331216499999925 ], [ 122.397190900000055, -3.331335 ], [ 122.397032900000113, -3.331532399999958 ], [ 122.396875, -3.331650799999977 ], [ 122.396875, -3.331729799999948 ], [ 122.396875, -3.332006199999967 ], [ 122.396539300000086, -3.332065399999976 ], [ 122.396420900000066, -3.332203599999957 ], [ 122.396282700000029, -3.332677399999966 ], [ 122.396184, -3.332855099999961 ], [ 122.396085300000095, -3.332874899999979 ], [ 122.396026, -3.332795899999951 ], [ 122.396006300000067, -3.332638 ], [ 122.396026, -3.33246029999998 ], [ 122.396045800000024, -3.332104899999933 ], [ 122.396045800000024, -3.331927199999939 ], [ 122.396045800000024, -3.331769299999962 ], [ 122.396105, -3.331413899999973 ], [ 122.396105, -3.331374399999959 ], [ 122.396006300000067, -3.331335 ], [ 122.395789100000115, -3.331295499999953 ], [ 122.395690400000035, -3.33119679999993 ], [ 122.395552200000111, -3.331098 ], [ 122.395196900000087, -3.33095979999996 ], [ 122.394940200000065, -3.330920399999968 ], [ 122.394723000000113, -3.33090059999995 ], [ 122.394486100000108, -3.330920399999968 ], [ 122.394367700000089, -3.330979599999978 ], [ 122.394150500000023, -3.331157299999973 ], [ 122.393834600000105, -3.331335 ], [ 122.393755700000042, -3.331552099999953 ], [ 122.393716200000085, -3.331828499999972 ], [ 122.393716200000085, -3.332025899999962 ], [ 122.393578, -3.332045699999981 ], [ 122.393499, -3.331907499999943 ], [ 122.393400300000053, -3.331690299999934 ], [ 122.393400300000053, -3.331552099999953 ], [ 122.393420000000106, -3.331335 ], [ 122.393420000000106, -3.331216499999925 ], [ 122.393380500000035, -3.331177 ], [ 122.393262100000015, -3.331058599999949 ], [ 122.393064700000082, -3.330920399999968 ], [ 122.392985700000054, -3.331058599999949 ], [ 122.392847500000016, -3.331157299999973 ], [ 122.392748800000049, -3.331236199999978 ], [ 122.392669800000021, -3.331216499999925 ], [ 122.392610600000012, -3.331157299999973 ], [ 122.392610600000012, -3.330999299999974 ], [ 122.392610600000012, -3.330801899999926 ], [ 122.392650100000083, -3.330505799999969 ], [ 122.392709300000092, -3.330209599999932 ], [ 122.39268960000004, -3.329972699999928 ], [ 122.392650100000083, -3.329755599999942 ], [ 122.392669800000021, -3.329459399999962 ], [ 122.392867200000069, -3.329281699999967 ], [ 122.393046700000014, -3.329147099999943 ], [ 122.393054700000107, -3.329086299999972 ], [ 122.393123900000091, -3.329044799999963 ], [ 122.393234900000039, -3.328896799999939 ], [ 122.393242300000111, -3.328886899999929 ], [ 122.393258500000115, -3.328883299999973 ], [ 122.393420000000106, -3.328847399999972 ], [ 122.393617400000039, -3.328807899999958 ], [ 122.393775400000095, -3.328689499999939 ], [ 122.393893800000114, -3.328571 ], [ 122.394051800000057, -3.32847229999993 ], [ 122.394218300000034, -3.328368199999943 ], [ 122.394525600000065, -3.32833409999995 ], [ 122.394525600000065, -3.328097199999945 ], [ 122.394580100000098, -3.327852 ], [ 122.394713600000046, -3.327705499999979 ], [ 122.394959900000117, -3.327623399999936 ], [ 122.395157400000016, -3.327544399999965 ], [ 122.395354800000064, -3.327662799999928 ], [ 122.395354800000064, -3.32742589999998 ], [ 122.395354800000064, -3.327060699999947 ], [ 122.395374500000116, -3.326912599999957 ], [ 122.395295600000054, -3.326853399999948 ], [ 122.395137600000112, -3.326715199999967 ], [ 122.394881, -3.326734899999963 ], [ 122.394663800000103, -3.326794199999938 ], [ 122.394579200000067, -3.32688939999997 ], [ 122.394486100000108, -3.326912599999957 ], [ 122.394377500000019, -3.326912599999957 ], [ 122.39434360000007, -3.326878699999952 ], [ 122.394449800000075, -3.32646989999995 ], [ 122.394486100000108, -3.326438799999949 ], [ 122.394584800000075, -3.326399299999935 ], [ 122.394713200000069, -3.326320399999929 ], [ 122.394792100000018, -3.326182199999948 ], [ 122.394788200000107, -3.326067899999941 ], [ 122.394800500000088, -3.326058299999943 ], [ 122.394792100000018, -3.325974899999949 ], [ 122.394841500000098, -3.32590579999993 ], [ 122.394930300000055, -3.325886 ], [ 122.39505870000005, -3.325836699999968 ], [ 122.395116900000062, -3.325822099999925 ] ] ], [ [ [ 122.428039600000034, -3.287115099999937 ], [ 122.428411100000062, -3.287858 ], [ 122.428726600000118, -3.28823669999997 ], [ 122.428754700000013, -3.288150499999972 ], [ 122.428823800000032, -3.288229499999943 ], [ 122.429154, -3.288064399999939 ], [ 122.429277800000023, -3.287486599999966 ], [ 122.429277800000023, -3.287115099999937 ], [ 122.429030200000057, -3.28678489999993 ], [ 122.428997400000071, -3.286752099999944 ], [ 122.42874130000007, -3.286496 ], [ 122.4286174, -3.286124599999937 ], [ 122.428534900000045, -3.285464199999979 ], [ 122.428411100000062, -3.285010199999931 ], [ 122.427915800000051, -3.284927699999969 ], [ 122.427792, -3.285340399999939 ], [ 122.428080900000054, -3.285629299999925 ], [ 122.428080900000054, -3.286289699999941 ], [ 122.428080900000054, -3.286661099999947 ], [ 122.427792, -3.286743699999931 ], [ 122.42746180000006, -3.286496 ], [ 122.427296700000056, -3.286248399999977 ], [ 122.427172900000073, -3.286083299999973 ], [ 122.426636300000041, -3.286042 ], [ 122.426306200000113, -3.285753099999965 ], [ 122.425769600000081, -3.285257899999976 ], [ 122.425604500000077, -3.284349899999938 ], [ 122.425026700000103, -3.283441899999957 ], [ 122.424820400000044, -3.282864 ], [ 122.425274400000035, -3.281502 ], [ 122.425398200000018, -3.281006799999943 ], [ 122.426388700000075, -3.280841699999939 ], [ 122.426718900000083, -3.281006799999943 ], [ 122.42746180000006, -3.282245 ], [ 122.428122200000075, -3.282740199999978 ], [ 122.428369800000041, -3.283111699999949 ], [ 122.428947600000015, -3.283318 ], [ 122.42874130000007, -3.283441899999957 ], [ 122.428204700000038, -3.283483099999955 ], [ 122.428122200000075, -3.28368949999998 ], [ 122.428411100000062, -3.283978399999967 ], [ 122.429030200000057, -3.284349899999938 ], [ 122.429308100000071, -3.284548399999949 ], [ 122.429341900000054, -3.284479599999941 ], [ 122.42963, -3.28438129999995 ], [ 122.430296000000112, -3.283897699999955 ], [ 122.43026830000008, -3.28356569999994 ], [ 122.430227100000025, -3.282864 ], [ 122.430227100000025, -3.281956 ], [ 122.430516, -3.281213099999945 ], [ 122.430983400000059, -3.280709799999954 ], [ 122.431147800000076, -3.280408499999965 ], [ 122.431624100000022, -3.27953569999994 ], [ 122.431904800000098, -3.279374899999937 ], [ 122.43200180000008, -3.279025699999977 ], [ 122.43200180000008, -3.277911299999971 ], [ 122.432208100000025, -3.27687949999995 ], [ 122.432500400000094, -3.276319299999955 ], [ 122.43251870000006, -3.275953 ], [ 122.43323840000005, -3.275610699999959 ], [ 122.433519400000023, -3.274207099999956 ], [ 122.434110100000112, -3.272742699999981 ], [ 122.435468700000115, -3.271142599999962 ], [ 122.436294100000055, -3.270564799999931 ], [ 122.436310300000059, -3.270558599999958 ], [ 122.436811700000021, -3.270367599999929 ], [ 122.437213500000098, -3.270815 ], [ 122.436583, -3.272298299999932 ], [ 122.4365418000001, -3.273577699999976 ], [ 122.436459200000058, -3.274279299999932 ], [ 122.436872000000108, -3.274939699999948 ], [ 122.437449800000081, -3.27518729999997 ], [ 122.437986300000034, -3.275311199999976 ], [ 122.43818680000004, -3.275311199999976 ], [ 122.438243200000102, -3.275442899999973 ], [ 122.438976900000057, -3.275600099999963 ], [ 122.439554700000031, -3.276797 ], [ 122.439761, -3.277416099999925 ], [ 122.440132500000118, -3.278159 ], [ 122.440256300000101, -3.278695499999969 ], [ 122.440173800000025, -3.279025699999977 ], [ 122.440568100000064, -3.27942 ], [ 122.44094640000003, -3.279388599999947 ], [ 122.44149450000009, -3.279232099999945 ], [ 122.441577, -3.279809899999975 ], [ 122.441246800000044, -3.280263899999966 ], [ 122.441865900000039, -3.280387699999949 ], [ 122.442113600000084, -3.280924199999959 ], [ 122.440999200000078, -3.281749699999978 ], [ 122.440545200000088, -3.282162399999947 ], [ 122.439761, -3.282162399999947 ], [ 122.439430900000048, -3.282121099999927 ], [ 122.439183200000116, -3.282162399999947 ], [ 122.438481600000046, -3.282946599999946 ], [ 122.438110100000017, -3.283483099999955 ], [ 122.437903800000072, -3.283937099999946 ], [ 122.437738700000068, -3.284143499999971 ], [ 122.437986300000034, -3.284886399999948 ], [ 122.438110100000017, -3.285340399999939 ], [ 122.43695450000007, -3.286165799999935 ], [ 122.436665600000083, -3.287362799999926 ], [ 122.436459200000058, -3.287899299999935 ], [ 122.435840100000064, -3.287940599999956 ], [ 122.435633800000119, -3.287445299999945 ], [ 122.435675100000026, -3.28695 ], [ 122.435964, -3.286578599999928 ], [ 122.436005200000068, -3.28637219999996 ], [ 122.435592500000098, -3.286207099999956 ], [ 122.435014700000011, -3.286578599999928 ], [ 122.434313100000054, -3.286661099999947 ], [ 122.434189200000105, -3.286124599999937 ], [ 122.434354300000109, -3.285588 ], [ 122.4348496, -3.285381699999959 ], [ 122.43507610000006, -3.285381699999959 ], [ 122.435837000000106, -3.284685799999977 ], [ 122.435850500000015, -3.284380699999929 ], [ 122.436087800000109, -3.284143499999971 ], [ 122.436087800000109, -3.28368949999998 ], [ 122.435847700000068, -3.283561499999962 ], [ 122.435764500000118, -3.283154899999943 ], [ 122.435468700000115, -3.283070399999929 ], [ 122.435014700000011, -3.283152899999948 ], [ 122.434354300000109, -3.283441899999957 ], [ 122.434024100000101, -3.283730799999944 ], [ 122.433941600000026, -3.283978399999967 ], [ 122.433982900000046, -3.284473699999978 ], [ 122.434106700000029, -3.285092799999973 ], [ 122.434024100000101, -3.285670599999946 ], [ 122.433859100000063, -3.286413499999981 ], [ 122.433900300000118, -3.286991299999954 ], [ 122.433941600000026, -3.287362799999926 ], [ 122.433859100000063, -3.287610399999949 ], [ 122.433652700000039, -3.288270799999964 ], [ 122.431382700000086, -3.29132489999995 ], [ 122.431344700000068, -3.29128819999994 ], [ 122.430804900000112, -3.292232899999931 ], [ 122.430020700000114, -3.29190269999998 ], [ 122.429277800000023, -3.291407499999934 ], [ 122.428658700000028, -3.29091219999998 ], [ 122.428080900000054, -3.290499499999953 ], [ 122.427172900000073, -3.290540699999951 ], [ 122.426801400000045, -3.290334399999949 ], [ 122.426925300000107, -3.289715299999955 ], [ 122.427709400000026, -3.289591499999972 ], [ 122.427957100000071, -3.289261299999964 ], [ 122.427585600000043, -3.288724699999932 ], [ 122.426925300000107, -3.288724699999932 ], [ 122.426512500000058, -3.288559699999951 ], [ 122.426099800000088, -3.288146899999958 ], [ 122.425976000000105, -3.287527799999964 ], [ 122.426512500000058, -3.287197699999979 ], [ 122.426966500000049, -3.287032599999975 ], [ 122.427626900000064, -3.287032599999975 ], [ 122.428039600000034, -3.287115099999937 ] ] ], [ [ [ 122.407494500000098, -3.274276599999951 ], [ 122.407770615000118, -3.274089119999928 ], [ 122.407771596000089, -3.274088769999935 ], [ 122.407778723000092, -3.274086223999973 ], [ 122.407968400000073, -3.274080899999944 ], [ 122.40797160000011, -3.274078299999928 ], [ 122.407880914000089, -3.274058053999966 ], [ 122.407798400000047, -3.274070599999959 ], [ 122.407746524000117, -3.274061040999925 ], [ 122.407674850000035, -3.274058053999966 ], [ 122.407606162000093, -3.274061040999925 ], [ 122.407504623000023, -3.274061040999925 ], [ 122.407453854000096, -3.274043121999966 ], [ 122.407391139000083, -3.273872894999954 ], [ 122.407444895000026, -3.273753437999972 ], [ 122.407465800000068, -3.273672803999943 ], [ 122.40749267800004, -3.273553346999961 ], [ 122.407495664000066, -3.273451807999948 ], [ 122.40748670500011, -3.273368187999949 ], [ 122.40748670500011, -3.273272621999979 ], [ 122.407519555000022, -3.273186014999965 ], [ 122.407579284, -3.273096421999981 ], [ 122.407630054000037, -3.273075516999938 ], [ 122.407767429000046, -3.273060584999939 ], [ 122.407803267000077, -3.273057598999969 ], [ 122.407952588000057, -3.273072530999968 ], [ 122.408012317000043, -3.273075516999938 ], [ 122.408146707000014, -3.273087462999968 ], [ 122.408209422000027, -3.273108367999953 ], [ 122.40828109600011, -3.273141218999967 ], [ 122.408313947000011, -3.273171082999966 ], [ 122.408346798000025, -3.273191987999951 ], [ 122.408428200000117, -3.273232 ], [ 122.408574600000065, -3.272936499999958 ], [ 122.408364716000051, -3.272944113999927 ], [ 122.408269150000024, -3.272923208999941 ], [ 122.408254218000025, -3.272887371999957 ], [ 122.408095937000098, -3.272797778999973 ], [ 122.408006344000114, -3.272755968999945 ], [ 122.407916751000016, -3.272717144999945 ], [ 122.40785105000009, -3.272636510999973 ], [ 122.407797294000034, -3.272540945999936 ], [ 122.407770416000062, -3.272415514999977 ], [ 122.407752497000047, -3.272293070999979 ], [ 122.407725619000075, -3.272206464999954 ], [ 122.407752497000047, -3.27211687199997 ], [ 122.40780028000006, -3.272039224999958 ], [ 122.407871955000019, -3.272057142999927 ], [ 122.407943629000101, -3.272072074999926 ], [ 122.408137747000069, -3.272152708999954 ], [ 122.408239286000025, -3.272185559999969 ], [ 122.408361730000024, -3.272227369999939 ], [ 122.408478201000094, -3.272245287999965 ], [ 122.408555848000105, -3.272269179999967 ], [ 122.408621550000021, -3.272284111999966 ], [ 122.408684265000034, -3.272290084999952 ], [ 122.408767885000088, -3.27231994899995 ], [ 122.408872410000072, -3.272337867999966 ], [ 122.409003813000027, -3.272448365999935 ], [ 122.409030691000112, -3.272514067999964 ], [ 122.40905159600004, -3.272600673999932 ], [ 122.409013800000025, -3.272685099999933 ], [ 122.409153, -3.272721099999956 ], [ 122.409302400000115, -3.272818899999947 ], [ 122.409307700000113, -3.272823199999948 ], [ 122.409321600000112, -3.272827499999948 ], [ 122.409383912000067, -3.272816525999929 ], [ 122.409457862000068, -3.272816525999929 ], [ 122.409493889000032, -3.272854448999965 ], [ 122.409541293000075, -3.272898059999932 ], [ 122.409584904000099, -3.272928397999976 ], [ 122.409653165, -3.272975801999962 ], [ 122.409687296000016, -3.273036478999927 ], [ 122.409740388000046, -3.27310853299997 ], [ 122.409774519000052, -3.273167312999931 ], [ 122.409806753000112, -3.273237470999959 ], [ 122.40982950700004, -3.273337966999975 ], [ 122.409840884000118, -3.27341191599993 ], [ 122.409828300000072, -3.273477799999966 ], [ 122.409800400000108, -3.273568599999976 ], [ 122.409740200000101, -3.273576099999957 ], [ 122.409657800000105, -3.273632799999973 ], [ 122.409642300000087, -3.273704899999927 ], [ 122.409643900000106, -3.273734 ], [ 122.40963720000002, -3.27374089999995 ], [ 122.409626900000035, -3.273864 ], [ 122.409626900000035, -3.273864499999945 ], [ 122.409688700000061, -3.273947 ], [ 122.409786600000075, -3.273977899999977 ], [ 122.409802, -3.27405 ], [ 122.409771300000102, -3.274157299999956 ], [ 122.409760800000072, -3.274194199999954 ], [ 122.409616600000049, -3.274230199999977 ], [ 122.40957010000011, -3.274172799999974 ], [ 122.409529, -3.274122099999943 ], [ 122.409467200000108, -3.27409119999993 ], [ 122.409423800000013, -3.274116499999934 ], [ 122.409417100000042, -3.274112 ], [ 122.40939, -3.274132399999928 ], [ 122.409343600000057, -3.274256 ], [ 122.409266300000013, -3.274307499999964 ], [ 122.409075800000096, -3.274286899999936 ], [ 122.409006400000067, -3.274217499999963 ], [ 122.409003700000085, -3.274214799999925 ], [ 122.408947, -3.274086 ], [ 122.408803800000101, -3.274062199999946 ], [ 122.408730700000092, -3.27405 ], [ 122.40859480000006, -3.274069099999963 ], [ 122.408328900000015, -3.274106599999925 ], [ 122.4082108, -3.274093499999935 ], [ 122.40805720000003, -3.274177399999928 ], [ 122.408056000000101, -3.274178099999972 ], [ 122.408040500000084, -3.274204499999939 ], [ 122.407983800000011, -3.27438989999996 ], [ 122.407782900000029, -3.274549599999943 ], [ 122.407710800000018, -3.274601099999927 ], [ 122.40755630000001, -3.274559899999929 ], [ 122.407508500000063, -3.274477299999944 ], [ 122.407489300000066, -3.274487799999974 ], [ 122.407494500000098, -3.274276599999951 ] ] ], [ [ [ 122.51161460000003, -3.268511 ], [ 122.5117083, -3.268500599999925 ], [ 122.512035513000114, -3.26837033399994 ], [ 122.51233202100002, -3.268500055999937 ], [ 122.512554402000092, -3.268722437999941 ], [ 122.512637795000046, -3.26901894599996 ], [ 122.51277610000011, -3.269417499999975 ], [ 122.512836700000094, -3.269490344999952 ], [ 122.512999800000102, -3.269686399999955 ], [ 122.513164900000106, -3.270136799999932 ], [ 122.513314204000039, -3.27051075299994 ], [ 122.513499522000075, -3.270844323999938 ], [ 122.513610712000059, -3.271168629999977 ], [ 122.513666308000097, -3.271400276999941 ], [ 122.513758966000069, -3.271696784999961 ], [ 122.51384900100004, -3.271903865999946 ], [ 122.513851625000029, -3.271909899999969 ], [ 122.513999879000039, -3.272187876999965 ], [ 122.514064740000094, -3.272326864999968 ], [ 122.514138867000042, -3.272521448999953 ], [ 122.514222260000111, -3.272641904999944 ], [ 122.514222260000111, -3.272855019999952 ], [ 122.514212994000104, -3.272975476999932 ], [ 122.514101804, -3.273049603999937 ], [ 122.514055475000077, -3.27306813499996 ], [ 122.513990613000033, -3.27306813499996 ], [ 122.513935018000097, -3.27306813499996 ], [ 122.513907220000078, -3.27306813499996 ], [ 122.513736300000119, -3.273071699999946 ], [ 122.513206200000013, -3.272898899999973 ], [ 122.512804581000069, -3.27250291699994 ], [ 122.512582200000111, -3.272224939999944 ], [ 122.512452477000011, -3.272011824999936 ], [ 122.512267160000079, -3.271798709999928 ], [ 122.512146703000099, -3.271492935999959 ], [ 122.511952120000046, -3.271085236999966 ], [ 122.511831663000066, -3.270844323999938 ], [ 122.511655612000027, -3.270464422999964 ], [ 122.511414699000056, -3.269917735999968 ], [ 122.511359500000026, -3.269297199999926 ], [ 122.511323100000027, -3.269193 ], [ 122.511335800000097, -3.269071 ], [ 122.511298600000032, -3.268971799999974 ], [ 122.511305700000094, -3.268916499999932 ], [ 122.511274, -3.268828199999973 ], [ 122.51131260000011, -3.268760899999961 ], [ 122.511359500000026, -3.268698499999971 ], [ 122.511406400000055, -3.268620399999975 ], [ 122.511500100000035, -3.268589099999929 ], [ 122.511567700000114, -3.26855269999993 ], [ 122.51161460000003, -3.268511099999955 ], [ 122.51161460000003, -3.268511 ] ] ], [ [ [ 122.440637400000014, -3.138825899999972 ], [ 122.44064220000007, -3.138830199999973 ], [ 122.4406576, -3.138873399999966 ], [ 122.440714, -3.139032099999952 ], [ 122.440459, -3.139393499999926 ], [ 122.439898300000095, -3.139914399999952 ], [ 122.439724400000046, -3.140007699999956 ], [ 122.439567800000077, -3.140025399999956 ], [ 122.439372479000099, -3.140114334999964 ], [ 122.438985629000058, -3.140123600999971 ], [ 122.438846640000065, -3.139910485999962 ], [ 122.438867489000017, -3.139708952999968 ], [ 122.439006477000021, -3.139516685999979 ], [ 122.439212200000043, -3.139326499999925 ], [ 122.439428300000031, -3.139004599999964 ], [ 122.439695100000108, -3.138757399999974 ], [ 122.439824, -3.138682099999926 ], [ 122.439827700000023, -3.138686499999949 ], [ 122.439925700000117, -3.138653799999929 ], [ 122.440085, -3.138653799999929 ], [ 122.440249700000095, -3.13865919999995 ], [ 122.440340000000106, -3.138675099999944 ], [ 122.44047820000003, -3.138691 ], [ 122.44049270000005, -3.138701899999944 ], [ 122.440498400000024, -3.138700599999936 ], [ 122.440637400000014, -3.138825899999972 ] ] ], [ [ [ 122.523476300000084, -3.092082699999935 ], [ 122.523531200000093, -3.092082499999947 ], [ 122.523732700000096, -3.092082 ], [ 122.524025700000038, -3.092081299999961 ], [ 122.524336700000049, -3.091951699999925 ], [ 122.524666300000035, -3.091895699999952 ], [ 122.524794500000098, -3.091895399999942 ], [ 122.525160500000084, -3.091802499999972 ], [ 122.525416700000051, -3.091691399999945 ], [ 122.52583780000009, -3.091653599999972 ], [ 122.526277700000037, -3.091799799999933 ], [ 122.526662900000019, -3.092038199999934 ], [ 122.526901200000111, -3.092166499999962 ], [ 122.527468900000031, -3.092128299999956 ], [ 122.527671, -3.092422399999975 ], [ 122.52781820000007, -3.092698199999973 ], [ 122.5279107, -3.093066199999953 ], [ 122.527911300000028, -3.093323899999973 ], [ 122.527982800000018, -3.093366 ], [ 122.52790420000008, -3.093527399999971 ], [ 122.528402600000049, -3.094220099999973 ], [ 122.528676100000098, -3.094366499999978 ], [ 122.529113500000108, -3.094381 ], [ 122.529140900000016, -3.094425599999965 ], [ 122.52938, -3.094830099999967 ], [ 122.529417800000033, -3.095327099999963 ], [ 122.529125900000054, -3.095788 ], [ 122.529035, -3.096101199999964 ], [ 122.528889100000015, -3.096359299999961 ], [ 122.528706600000078, -3.096617499999979 ], [ 122.528450600000042, -3.096802199999956 ], [ 122.528030400000034, -3.097226699999965 ], [ 122.527811700000029, -3.097650599999952 ], [ 122.527794200000017, -3.098018899999943 ], [ 122.527539300000058, -3.098645499999975 ], [ 122.527393300000085, -3.098848299999929 ], [ 122.527046, -3.099143699999956 ], [ 122.526661500000046, -3.099199899999974 ], [ 122.526313600000094, -3.099200699999926 ], [ 122.526093800000012, -3.099201199999925 ], [ 122.525965600000063, -3.099183099999948 ], [ 122.525836700000013, -3.098888899999963 ], [ 122.525598100000025, -3.098686899999961 ], [ 122.525396500000056, -3.098650599999928 ], [ 122.5249205, -3.098688599999946 ], [ 122.524536, -3.098726299999953 ], [ 122.524169700000016, -3.098764 ], [ 122.523913400000083, -3.098801399999957 ], [ 122.52374860000009, -3.098801799999933 ], [ 122.523749100000032, -3.098985899999946 ], [ 122.523511400000075, -3.099152199999935 ], [ 122.523273300000028, -3.099171199999944 ], [ 122.523181400000112, -3.099042499999939 ], [ 122.522833200000036, -3.098932899999966 ], [ 122.522557900000038, -3.098694199999954 ], [ 122.522447400000033, -3.098418299999935 ], [ 122.522446700000046, -3.098142199999927 ], [ 122.522556, -3.097902599999941 ], [ 122.522409, -3.097663599999976 ], [ 122.522316800000112, -3.097424499999931 ], [ 122.522187900000063, -3.097111799999936 ], [ 122.521985900000118, -3.096909799999935 ], [ 122.521875800000089, -3.09679959999994 ], [ 122.521728800000119, -3.096615799999938 ], [ 122.521710100000064, -3.096450199999936 ], [ 122.521544800000015, -3.096248099999968 ], [ 122.521251500000062, -3.09613829999995 ], [ 122.521269800000027, -3.096101399999952 ], [ 122.52130580000005, -3.095843599999967 ], [ 122.521268500000019, -3.095585899999946 ], [ 122.521231200000102, -3.095291499999973 ], [ 122.521249100000091, -3.095107299999938 ], [ 122.521321300000068, -3.09464689999993 ], [ 122.521302100000071, -3.094297099999949 ], [ 122.521155200000067, -3.094131799999957 ], [ 122.5209532, -3.093892899999958 ], [ 122.520659600000045, -3.093635899999924 ], [ 122.520347800000081, -3.093470899999943 ], [ 122.520164500000078, -3.093379299999981 ], [ 122.520603300000062, -3.093083699999966 ], [ 122.520896000000107, -3.092935699999941 ], [ 122.520749, -3.092752 ], [ 122.521042100000045, -3.092751299999975 ], [ 122.521353800000043, -3.092916199999934 ], [ 122.521499700000049, -3.092658099999937 ], [ 122.5216646, -3.092694499999936 ], [ 122.521884500000056, -3.09273079999997 ], [ 122.522159200000033, -3.092748599999936 ], [ 122.522324, -3.092711399999928 ], [ 122.522415200000069, -3.092563899999959 ], [ 122.522579600000086, -3.09237939999997 ], [ 122.522780500000067, -3.092158 ], [ 122.522981300000083, -3.091862899999967 ], [ 122.523140700000113, -3.091684399999963 ], [ 122.523193500000048, -3.09166289999996 ], [ 122.523241800000051, -3.091658499999937 ], [ 122.523298100000034, -3.091695699999946 ], [ 122.523347500000114, -3.091843599999947 ], [ 122.523384400000054, -3.091972399999975 ], [ 122.523476300000084, -3.092082699999935 ] ] ], [ [ [ 122.527460900000051, -3.09092 ], [ 122.527399800000012, -3.090917599999955 ], [ 122.527349, -3.090878 ], [ 122.527256900000111, -3.090860199999952 ], [ 122.527143400000114, -3.090755399999978 ], [ 122.527150700000107, -3.09062 ], [ 122.52719710000008, -3.090545599999928 ], [ 122.527276500000085, -3.090529699999934 ], [ 122.52742180000007, -3.090535799999941 ], [ 122.527496300000053, -3.090566299999978 ], [ 122.527540300000055, -3.090601699999979 ], [ 122.527538700000036, -3.090616299999965 ], [ 122.527584300000058, -3.090659 ], [ 122.527601400000094, -3.090713899999969 ], [ 122.527530500000012, -3.090860199999952 ], [ 122.527460900000051, -3.09092 ] ] ], [ [ [ 122.522044600000072, -3.090723699999955 ], [ 122.522191300000031, -3.09081539999994 ], [ 122.5223995, -3.090776799999958 ], [ 122.522594500000082, -3.090946899999949 ], [ 122.522595100000103, -3.091182699999933 ], [ 122.522302600000103, -3.091422699999953 ], [ 122.522009700000012, -3.091497 ], [ 122.521625, -3.091424299999971 ], [ 122.521239700000024, -3.091149099999939 ], [ 122.5208364, -3.090965899999958 ], [ 122.520414500000015, -3.090690799999948 ], [ 122.520289, -3.090523299999973 ], [ 122.519594300000108, -3.090307799999948 ], [ 122.5194672, -3.090166299999964 ], [ 122.519755500000088, -3.089980899999944 ], [ 122.519975300000056, -3.089995599999952 ], [ 122.52024890000007, -3.089956499999971 ], [ 122.520314400000075, -3.089991899999973 ], [ 122.520577500000059, -3.089935599999933 ], [ 122.52096210000002, -3.089934599999935 ], [ 122.521365, -3.089915299999973 ], [ 122.521603, -3.089896299999964 ], [ 122.52189670000007, -3.090171699999928 ], [ 122.521916100000112, -3.090613499999961 ], [ 122.522044600000072, -3.090723699999955 ] ] ], [ [ [ 122.529037200000062, -3.089307799999972 ], [ 122.529073200000084, -3.089049899999964 ], [ 122.529292600000076, -3.088865299999952 ], [ 122.529512200000113, -3.088809599999934 ], [ 122.529768600000011, -3.088808899999947 ], [ 122.530025200000068, -3.088882 ], [ 122.530245400000013, -3.089047099999959 ], [ 122.530538400000069, -3.08906479999996 ], [ 122.530759000000103, -3.089414099999942 ], [ 122.530778, -3.08969019999995 ], [ 122.530833, -3.08972689999996 ], [ 122.5308334, -3.08987419999994 ], [ 122.530540300000098, -3.089874899999927 ], [ 122.530530400000089, -3.089880899999969 ], [ 122.530491, -3.089837 ], [ 122.530354200000033, -3.089905299999941 ], [ 122.530382500000087, -3.089970599999958 ], [ 122.530357500000036, -3.089985799999965 ], [ 122.530137700000068, -3.090004699999952 ], [ 122.529826600000092, -3.090079099999969 ], [ 122.529570300000046, -3.090116599999931 ], [ 122.529093800000055, -3.090007199999945 ], [ 122.528855300000032, -3.089750199999969 ], [ 122.528855100000101, -3.089750099999947 ], [ 122.528855300000032, -3.089749899999958 ], [ 122.529001300000118, -3.089602399999933 ], [ 122.529074300000048, -3.089491799999962 ], [ 122.529037200000062, -3.089307799999972 ] ] ], [ [ [ 122.522369100000105, -3.088568899999927 ], [ 122.522295500000041, -3.088421799999935 ], [ 122.522075500000028, -3.088311799999929 ], [ 122.521892300000104, -3.088312299999927 ], [ 122.521563100000094, -3.088497199999949 ], [ 122.521397800000045, -3.088295099999925 ], [ 122.521396800000048, -3.087871599999971 ], [ 122.5213774, -3.087411399999951 ], [ 122.521578100000056, -3.087097899999947 ], [ 122.522054200000071, -3.087041599999964 ], [ 122.522786700000097, -3.087039799999957 ], [ 122.523409400000105, -3.087019899999973 ], [ 122.523643600000014, -3.086837899999978 ], [ 122.524381200000107, -3.087369299999978 ], [ 122.524399200000062, -3.08740419999998 ], [ 122.524509500000022, -3.08755119999995 ], [ 122.524711700000012, -3.087882099999945 ], [ 122.524785600000087, -3.08815809999993 ], [ 122.524768300000119, -3.088581599999941 ], [ 122.524786600000084, -3.088618 ], [ 122.52478670000005, -3.088618299999951 ], [ 122.524786600000084, -3.088618399999973 ], [ 122.523303700000042, -3.088787599999932 ], [ 122.522845900000107, -3.088825499999928 ], [ 122.522479600000111, -3.088826399999959 ], [ 122.522369100000105, -3.088568899999927 ] ] ], [ [ [ 122.505556011000067, -3.088800256999946 ], [ 122.503660005000029, -3.08834061999994 ], [ 122.501419272000021, -3.087766072999955 ], [ 122.499840600000084, -3.087374499999953 ], [ 122.497823800000106, -3.087321599999939 ], [ 122.496548100000041, -3.087190299999975 ], [ 122.495594, -3.08709209999995 ], [ 122.494700400000056, -3.086578499999973 ], [ 122.493137900000079, -3.0859 ], [ 122.491981200000055, -3.084606599999972 ], [ 122.490623200000073, -3.084268699999939 ], [ 122.49021730000004, -3.084815399999968 ], [ 122.489394900000093, -3.085034299999961 ], [ 122.488858100000016, -3.083999899999981 ], [ 122.4881765, -3.082705399999952 ], [ 122.486906500000032, -3.082360899999969 ], [ 122.485730100000069, -3.081278499999939 ], [ 122.483024900000032, -3.080984199999932 ], [ 122.48217000000011, -3.080312899999967 ], [ 122.481853300000012, -3.079728899999964 ], [ 122.481731, -3.078670899999963 ], [ 122.481730900000116, -3.078670099999954 ], [ 122.481731400000058, -3.078670099999954 ], [ 122.482877700000017, -3.078507299999956 ], [ 122.483055100000115, -3.078146 ], [ 122.4837725000001, -3.078232299999968 ], [ 122.484020500000042, -3.077086599999973 ], [ 122.484572, -3.076831699999957 ], [ 122.484664600000087, -3.075322899999946 ], [ 122.484926400000063, -3.075244899999973 ], [ 122.485047100000088, -3.075171199999943 ], [ 122.485638700000095, -3.075114399999961 ], [ 122.486223700000096, -3.075606899999968 ], [ 122.488016400000106, -3.075642599999981 ], [ 122.488327900000058, -3.075051799999926 ], [ 122.488164, -3.073515 ], [ 122.488282700000013, -3.072526899999957 ], [ 122.488527500000032, -3.071505099999968 ], [ 122.488737400000105, -3.070383199999981 ], [ 122.489363800000092, -3.069282599999951 ], [ 122.489098400000103, -3.068225899999959 ], [ 122.488254, -3.067382299999963 ], [ 122.487884700000109, -3.066484 ], [ 122.487513600000057, -3.065216 ], [ 122.486745700000029, -3.064729599999964 ], [ 122.485933600000067, -3.064215199999978 ], [ 122.485175500000082, -3.063404199999979 ], [ 122.485140900000033, -3.062578099999939 ], [ 122.485875, -3.061624799999947 ], [ 122.486240100000032, -3.060302199999967 ], [ 122.486944200000039, -3.059248099999934 ], [ 122.488129200000117, -3.058500199999969 ], [ 122.489864900000043, -3.058545799999933 ], [ 122.491234300000087, -3.059444599999949 ], [ 122.491498600000114, -3.06002559999996 ], [ 122.49234110000009, -3.060499399999969 ], [ 122.493132400000036, -3.061554899999976 ], [ 122.493241, -3.063035 ], [ 122.494137500000079, -3.064090299999975 ], [ 122.495313100000089, -3.064966 ], [ 122.497348100000067, -3.065193 ], [ 122.497393300000113, -3.065241199999946 ], [ 122.498518978000106, -3.065493959999969 ], [ 122.499143566000043, -3.064426955999977 ], [ 122.499689386000114, -3.063048042999981 ], [ 122.500579934000029, -3.062588404999929 ], [ 122.50144151500001, -3.062488991999942 ], [ 122.501412100000039, -3.062472899999932 ], [ 122.501360300000101, -3.061526199999946 ], [ 122.502782700000012, -3.060363099999961 ], [ 122.504750800000011, -3.060426699999937 ], [ 122.506614400000103, -3.059933299999955 ], [ 122.508203900000012, -3.059873099999947 ], [ 122.508210400000053, -3.059872799999937 ], [ 122.508218700000043, -3.059876299999928 ], [ 122.509485500000096, -3.06040969999998 ], [ 122.511472, -3.061707099999978 ], [ 122.512355900000102, -3.062455399999976 ], [ 122.513340500000027, -3.063441499999954 ], [ 122.514222500000074, -3.064260299999944 ], [ 122.514350300000046, -3.064849599999945 ], [ 122.514301500000101, -3.065852899999925 ], [ 122.514481300000057, -3.066415099999972 ], [ 122.514899700000115, -3.066798699999936 ], [ 122.51509180000005, -3.067448299999967 ], [ 122.515551100000039, -3.067608599999971 ], [ 122.518489816000056, -3.083221798999944 ], [ 122.518671083000072, -3.082999678999954 ], [ 122.518910907000077, -3.083333865999975 ], [ 122.519516575000011, -3.084343793999949 ], [ 122.519656352000084, -3.084570248999967 ], [ 122.519760156000075, -3.084781335999935 ], [ 122.519677300000012, -3.08490269999993 ], [ 122.519794600000068, -3.085558799999944 ], [ 122.51959910000005, -3.085587099999941 ], [ 122.519445300000029, -3.08552949999995 ], [ 122.519205900000088, -3.085563699999966 ], [ 122.519169900000065, -3.085557599999959 ], [ 122.519188800000052, -3.085644199999933 ], [ 122.519190600000115, -3.085646299999951 ], [ 122.519188800000052, -3.085646599999961 ], [ 122.519317900000033, -3.086324499999932 ], [ 122.519342700000038, -3.086454699999933 ], [ 122.519589400000086, -3.08774909999994 ], [ 122.519369500000039, -3.087895499999945 ], [ 122.518081136000092, -3.08845552899993 ], [ 122.516989496000065, -3.089144985999951 ], [ 122.515668038000058, -3.089949351999962 ], [ 122.514116761000082, -3.089834441999926 ], [ 122.509922568000093, -3.088800256999946 ], [ 122.509520385000087, -3.088800256999946 ], [ 122.505556011000067, -3.088800256999946 ] ] ], [ [ [ 122.478252700000098, -3.063122899999939 ], [ 122.479148100000089, -3.063702399999954 ], [ 122.479307700000049, -3.064495 ], [ 122.479533, -3.06523059999995 ], [ 122.47941620000006, -3.065922299999954 ], [ 122.479681800000094, -3.067084799999975 ], [ 122.480104900000015, -3.068088299999943 ], [ 122.481475900000078, -3.069671199999959 ], [ 122.483109700000114, -3.071147699999926 ], [ 122.484005, -3.071674299999927 ], [ 122.484637900000052, -3.072465799999975 ], [ 122.484954900000048, -3.073099499999955 ], [ 122.484912200000053, -3.073268699999971 ], [ 122.485041200000069, -3.073675 ], [ 122.485113, -3.074370299999941 ], [ 122.484947900000066, -3.07464989999994 ], [ 122.484883300000092, -3.075029799999925 ], [ 122.484689400000093, -3.075273599999946 ], [ 122.484502800000087, -3.075373899999931 ], [ 122.484208500000022, -3.075732399999936 ], [ 122.483899800000017, -3.075861399999951 ], [ 122.483387300000118, -3.075866099999928 ], [ 122.483278600000062, -3.075958399999934 ], [ 122.482553600000074, -3.076481799999954 ], [ 122.48245170000007, -3.077107299999966 ], [ 122.481420100000037, -3.078331399999968 ], [ 122.479964100000075, -3.078342199999952 ], [ 122.47929350000004, -3.078661 ], [ 122.478796400000078, -3.078588699999955 ], [ 122.477859, -3.078047099999935 ], [ 122.47755020000011, -3.077769399999966 ], [ 122.476823100000047, -3.077381699999933 ], [ 122.476383300000066, -3.076875799999925 ], [ 122.475794700000051, -3.076388299999962 ], [ 122.475043100000107, -3.076505899999972 ], [ 122.474509700000112, -3.076494099999934 ], [ 122.474001, -3.076155599999936 ], [ 122.473285100000112, -3.075558799999953 ], [ 122.472283800000014, -3.074662299999943 ], [ 122.471387700000037, -3.073765699999967 ], [ 122.47088640000004, -3.073545699999954 ], [ 122.470339400000057, -3.073239 ], [ 122.470255900000097, -3.073192199999937 ], [ 122.469807700000047, -3.072817699999973 ], [ 122.469519700000092, -3.072578299999975 ], [ 122.469068130000096, -3.072580519999974 ], [ 122.468554200000085, -3.072463199999959 ], [ 122.4678877, -3.071808899999951 ], [ 122.467504900000108, -3.071433099999979 ], [ 122.467461700000058, -3.071372099999962 ], [ 122.467363100000057, -3.071232799999962 ], [ 122.467337800000109, -3.071223299999929 ], [ 122.466645, -3.070294899999965 ], [ 122.466655, -3.070232699999963 ], [ 122.466546900000026, -3.07008 ], [ 122.466329386000098, -3.069772783999952 ], [ 122.466056600000115, -3.069387499999948 ], [ 122.466016100000047, -3.069330299999933 ], [ 122.465557359000059, -3.068153575999929 ], [ 122.465493200000083, -3.067989 ], [ 122.465246100000059, -3.067642499999977 ], [ 122.464936600000101, -3.067189 ], [ 122.464928400000076, -3.067109399999936 ], [ 122.464839500000039, -3.066961499999934 ], [ 122.464904100000012, -3.066874599999949 ], [ 122.4648932, -3.066769299999976 ], [ 122.46489930000007, -3.066711899999973 ], [ 122.46490950000009, -3.066616099999976 ], [ 122.464802135000014, -3.066365549999944 ], [ 122.464794400000073, -3.066347499999949 ], [ 122.464627800000017, -3.065855599999963 ], [ 122.464714700000059, -3.065832499999942 ], [ 122.463457300000073, -3.064158 ], [ 122.463408200000117, -3.063897599999962 ], [ 122.462788600000067, -3.063279799999975 ], [ 122.462785600000075, -3.063276799999926 ], [ 122.462782100000027, -3.063273399999957 ], [ 122.462774900000113, -3.063280199999951 ], [ 122.462698700000033, -3.06319069999995 ], [ 122.462345500000083, -3.06277549999993 ], [ 122.462174300000015, -3.062574299999937 ], [ 122.461994700000105, -3.062704399999973 ], [ 122.461657800000012, -3.062373 ], [ 122.461597100000063, -3.062313399999937 ], [ 122.461271400000101, -3.061993 ], [ 122.461122700000033, -3.061846699999933 ], [ 122.460867800000074, -3.061596 ], [ 122.460914787000092, -3.06125760499998 ], [ 122.460929700000065, -3.061150199999929 ], [ 122.460620100000028, -3.061026399999946 ], [ 122.456744607000019, -3.060025718999952 ], [ 122.456908228000088, -3.059484512999973 ], [ 122.461115500000119, -3.060685799999931 ], [ 122.461511700000074, -3.060339099999965 ], [ 122.461629400000106, -3.06047529999995 ], [ 122.461658532000115, -3.060468008999976 ], [ 122.4618028000001, -3.060431899999969 ], [ 122.461800100000119, -3.060413099999948 ], [ 122.461778, -3.060258599999941 ], [ 122.462031900000056, -3.06026479999997 ], [ 122.462064, -3.060325399999954 ], [ 122.462061900000094, -3.060295699999926 ], [ 122.462075800000093, -3.060324499999979 ], [ 122.46217020000006, -3.060337199999935 ], [ 122.462333500000113, -3.060339799999952 ], [ 122.4624152, -3.060299 ], [ 122.462602100000026, -3.060232699999972 ], [ 122.462602, -3.060231899999962 ], [ 122.462601900000095, -3.060230899999965 ], [ 122.462604100000021, -3.060231099999953 ], [ 122.46257340000011, -3.059929599999975 ], [ 122.462527961000092, -3.059302012999979 ], [ 122.463610373000051, -3.059248521999962 ], [ 122.463433, -3.060682399999962 ], [ 122.463532400000076, -3.059919599999944 ], [ 122.464199, -3.059910299999956 ], [ 122.46437357100001, -3.05990787199994 ], [ 122.464544100000012, -3.059905499999957 ], [ 122.464582, -3.059905 ], [ 122.464582600000085, -3.05988629999996 ], [ 122.464579800000024, -3.059882699999946 ], [ 122.464614500000039, -3.05988119999995 ], [ 122.464818600000058, -3.059492699999964 ], [ 122.464830700000107, -3.059492099999943 ], [ 122.46488510000006, -3.059429199999954 ], [ 122.46444340000005, -3.059403299999929 ], [ 122.464387700000088, -3.059334 ], [ 122.464158200000043, -3.059247199999959 ], [ 122.463858093000113, -3.057877797999936 ], [ 122.464215958000068, -3.057800531999931 ], [ 122.464514400000098, -3.058756899999935 ], [ 122.46463360000007, -3.05881949999997 ], [ 122.46478860000002, -3.058738299999959 ], [ 122.464949600000068, -3.058747699999969 ], [ 122.465270800000098, -3.058735399999932 ], [ 122.466078800000105, -3.058704499999976 ], [ 122.466217700000016, -3.05852619999996 ], [ 122.466410200000041, -3.058516599999962 ], [ 122.4664103, -3.05851679999995 ], [ 122.46643030000007, -3.058514199999934 ], [ 122.466450900000041, -3.058548899999948 ], [ 122.466431500000112, -3.058513799999957 ], [ 122.466431100000023, -3.058513 ], [ 122.466436300000055, -3.058513 ], [ 122.466439, -3.058512399999927 ], [ 122.466443100000106, -3.058511599999974 ], [ 122.46644230000004, -3.058510199999944 ], [ 122.466464900000119, -3.058509099999981 ], [ 122.467017900000087, -3.058482099999935 ], [ 122.467032800000084, -3.058481299999926 ], [ 122.468220200000019, -3.058516599999962 ], [ 122.468464600000061, -3.058594099999937 ], [ 122.469095200000083, -3.058566699999972 ], [ 122.469098800000097, -3.058718 ], [ 122.469102172000021, -3.058865139999966 ], [ 122.469103500000074, -3.058923099999959 ], [ 122.469986300000073, -3.058965399999977 ], [ 122.471580700000118, -3.059231899999929 ], [ 122.472634700000071, -3.059104399999967 ], [ 122.473317700000052, -3.059295299999974 ], [ 122.474248700000089, -3.060065799999961 ], [ 122.475881700000059, -3.061225099999945 ], [ 122.477387, -3.061949799999979 ], [ 122.478252700000098, -3.063122899999939 ] ] ], [ [ [ 122.516316600000096, -3.057074299999954 ], [ 122.516572500000052, -3.056944699999974 ], [ 122.516573000000108, -3.056944399999963 ], [ 122.516572800000063, -3.056944099999953 ], [ 122.516690500000095, -3.056684099999927 ], [ 122.517503100000113, -3.057206699999938 ], [ 122.517595400000118, -3.056631599999946 ], [ 122.518740200000025, -3.056913 ], [ 122.520078, -3.057672299999979 ], [ 122.521607300000028, -3.058622199999945 ], [ 122.522704400000066, -3.058903899999962 ], [ 122.523422400000072, -3.059570599999972 ], [ 122.523412, -3.06024629999996 ], [ 122.522288200000048, -3.061348399999929 ], [ 122.521031300000118, -3.061047099999939 ], [ 122.520428600000059, -3.061022799999932 ], [ 122.519204400000035, -3.060119799999939 ], [ 122.518372600000021, -3.059548899999925 ], [ 122.516942500000027, -3.059364699999946 ], [ 122.516755400000079, -3.060036199999956 ], [ 122.514875600000096, -3.059527199999934 ], [ 122.514381900000103, -3.057747699999936 ], [ 122.514380800000026, -3.057743499999958 ], [ 122.514386300000069, -3.057743499999958 ], [ 122.515382900000077, -3.057743099999925 ], [ 122.515383900000074, -3.057743 ], [ 122.515381900000079, -3.057737599999939 ], [ 122.516316600000096, -3.057074299999954 ] ] ], [ [ [ 122.48261350000007, -3.061262299999953 ], [ 122.481351, -3.06110659999996 ], [ 122.480362600000035, -3.060404 ], [ 122.479561900000022, -3.060687799999926 ], [ 122.478797200000031, -3.06038239999998 ], [ 122.478769600000078, -3.060342599999956 ], [ 122.478664300000105, -3.05915669999996 ], [ 122.478409200000101, -3.058703199999968 ], [ 122.478580900000111, -3.057914299999936 ], [ 122.479407500000093, -3.056721899999957 ], [ 122.480308600000058, -3.056214899999929 ], [ 122.480445600000053, -3.056191899999931 ], [ 122.482182100000045, -3.05661079999993 ], [ 122.482814900000108, -3.05734949999993 ], [ 122.483237200000076, -3.058035799999971 ], [ 122.483660300000111, -3.059092199999952 ], [ 122.483399300000087, -3.059938699999975 ], [ 122.483138100000019, -3.060679499999935 ], [ 122.48261350000007, -3.061262299999953 ] ] ], [ [ [ 122.398989400000119, -3.056104 ], [ 122.398987500000089, -3.056092299999932 ], [ 122.398998800000072, -3.05609329999993 ], [ 122.399000800000067, -3.056093499999974 ], [ 122.398981200000094, -3.055956699999967 ], [ 122.399219400000106, -3.055678399999977 ], [ 122.399546500000042, -3.055775199999971 ], [ 122.399647500000015, -3.056065499999931 ], [ 122.399662800000101, -3.056204899999955 ], [ 122.400020600000062, -3.057208 ], [ 122.400055300000076, -3.05721879999993 ], [ 122.400156300000049, -3.057654299999967 ], [ 122.400220900000022, -3.058146199999953 ], [ 122.400099700000055, -3.058303399999943 ], [ 122.39947380000001, -3.057980899999961 ], [ 122.399343400000021, -3.057523499999945 ], [ 122.3991909, -3.057346499999937 ], [ 122.398989400000119, -3.056104 ] ] ], [ [ [ 122.485868700000083, -3.053171299999974 ], [ 122.486412800000039, -3.053715799999964 ], [ 122.486754800000085, -3.054874799999936 ], [ 122.486823700000059, -3.055352199999959 ], [ 122.48696120000011, -3.056102299999964 ], [ 122.486788400000023, -3.056583299999943 ], [ 122.485823, -3.054837899999939 ], [ 122.485599100000059, -3.053990599999963 ], [ 122.485598, -3.053513099999975 ], [ 122.485868700000083, -3.053171299999974 ] ] ], [ [ [ 122.512668700000063, -3.055458199999975 ], [ 122.512988900000096, -3.054528499999947 ], [ 122.5130458000001, -3.054514899999958 ], [ 122.513133900000071, -3.054493799999932 ], [ 122.513526200000115, -3.054399899999964 ], [ 122.513706500000012, -3.054282299999954 ], [ 122.513942, -3.054260199999931 ], [ 122.514424100000042, -3.054094799999973 ], [ 122.51459710000006, -3.054161 ], [ 122.514693200000011, -3.054173799999944 ], [ 122.514853500000072, -3.054195099999959 ], [ 122.514933400000018, -3.054019799999935 ], [ 122.515050300000098, -3.05385339999998 ], [ 122.515408, -3.053675299999952 ], [ 122.51570740000011, -3.053292499999941 ], [ 122.515910500000018, -3.053086199999939 ], [ 122.516385500000069, -3.052810099999931 ], [ 122.516813600000091, -3.052866499999936 ], [ 122.517155900000034, -3.053265499999952 ], [ 122.517477700000086, -3.053439799999978 ], [ 122.517887200000018, -3.053672199999937 ], [ 122.518015000000105, -3.053955 ], [ 122.517919400000096, -3.054268199999967 ], [ 122.517921100000081, -3.054600499999935 ], [ 122.51765910000006, -3.054689899999971 ], [ 122.51742820000004, -3.055075799999941 ], [ 122.517087300000071, -3.055054499999926 ], [ 122.516736800000103, -3.054948799999977 ], [ 122.516677100000038, -3.054685199999938 ], [ 122.516521700000112, -3.054725099999928 ], [ 122.516503500000113, -3.054959699999927 ], [ 122.516056800000115, -3.055069599999968 ], [ 122.515799900000047, -3.055216099999939 ], [ 122.515288900000087, -3.055260099999941 ], [ 122.515002, -3.055284799999924 ], [ 122.51498580000009, -3.055286199999955 ], [ 122.51494230000003, -3.055323199999975 ], [ 122.515001900000016, -3.05568059999996 ], [ 122.514950400000089, -3.056316299999935 ], [ 122.514615500000104, -3.056503699999951 ], [ 122.514330800000039, -3.056763599999954 ], [ 122.514144400000077, -3.056933699999945 ], [ 122.513655, -3.056830799999943 ], [ 122.513518800000043, -3.056788599999948 ], [ 122.512922600000024, -3.056196899999975 ], [ 122.512799300000097, -3.05583809999996 ], [ 122.512668700000063, -3.055458199999975 ] ] ], [ [ [ 122.501394600000026, -3.054760699999974 ], [ 122.5012451, -3.054661399999929 ], [ 122.50123090000011, -3.054591 ], [ 122.501425900000072, -3.054480699999942 ], [ 122.501208800000086, -3.054289599999947 ], [ 122.5014112, -3.054006699999945 ], [ 122.501874900000075, -3.053771499999925 ], [ 122.502290100000096, -3.053833199999929 ], [ 122.502461900000071, -3.054018 ], [ 122.502403800000025, -3.054408299999977 ], [ 122.501975200000061, -3.054680499999961 ], [ 122.501521600000046, -3.054701199999954 ], [ 122.501394600000026, -3.054760699999974 ] ] ], [ [ [ 122.40493790000005, -3.059176599999944 ], [ 122.405002900000113, -3.058993699999974 ], [ 122.405003900000111, -3.058990799999947 ], [ 122.404852500000061, -3.05883369999998 ], [ 122.404602, -3.05864379999997 ], [ 122.404149600000096, -3.058478799999932 ], [ 122.403589900000043, -3.058230799999933 ], [ 122.4031946, -3.057971599999973 ], [ 122.403193000000101, -3.057970499999954 ], [ 122.402468700000099, -3.057400299999927 ], [ 122.402051300000039, -3.057103799999936 ], [ 122.40174090000005, -3.056818599999929 ], [ 122.40156120000006, -3.056532799999957 ], [ 122.40152420000004, -3.056258299999968 ], [ 122.401297900000031, -3.056151899999975 ], [ 122.400926500000082, -3.055556499999966 ], [ 122.40081710000004, -3.055067199999939 ], [ 122.400530100000083, -3.054710299999954 ], [ 122.400184900000113, -3.054580699999974 ], [ 122.399838400000021, -3.054200099999946 ], [ 122.399671400000102, -3.054081499999938 ], [ 122.39936200000011, -3.053999499999975 ], [ 122.3991682730001, -3.054014103999975 ], [ 122.398767939000095, -3.053911890999927 ], [ 122.398589066000113, -3.053801159999978 ], [ 122.398299463000058, -3.053468967999947 ], [ 122.398103554000045, -3.053179363999959 ], [ 122.397917700000107, -3.052853299999924 ], [ 122.397928, -3.052814399999932 ], [ 122.397852200000102, -3.05114569999995 ], [ 122.397153500000059, -3.051129199999934 ], [ 122.396944600000097, -3.051369499999964 ], [ 122.396801600000117, -3.051264099999969 ], [ 122.396547600000076, -3.051077 ], [ 122.396902800000021, -3.050669599999935 ], [ 122.39782880000007, -3.050631799999962 ], [ 122.397807900000089, -3.050173 ], [ 122.397807900000089, -3.050172599999939 ], [ 122.397807400000033, -3.050162299999954 ], [ 122.397649800000067, -3.05015949999995 ], [ 122.3976288, -3.049747 ], [ 122.397636600000055, -3.049411699999951 ], [ 122.397638800000095, -3.049111699999969 ], [ 122.39765530000011, -3.048957299999927 ], [ 122.397751900000117, -3.04893919999995 ], [ 122.397751600000106, -3.048933099999942 ], [ 122.397751500000027, -3.048932499999978 ], [ 122.397758900000099, -3.048412 ], [ 122.39776, -3.04833919999993 ], [ 122.39782260000004, -3.048016 ], [ 122.398050300000023, -3.047692099999949 ], [ 122.398070400000051, -3.047667599999954 ], [ 122.39863170000001, -3.047680899999932 ], [ 122.398775300000011, -3.047038099999952 ], [ 122.398998900000038, -3.04688989999994 ], [ 122.399477500000103, -3.046995299999935 ], [ 122.399836800000116, -3.04666 ], [ 122.399806200000057, -3.046375799999964 ], [ 122.39976450000006, -3.045325099999957 ], [ 122.39943, -3.045349 ], [ 122.399430300000063, -3.045344299999954 ], [ 122.39744810000002, -3.045421 ], [ 122.397342602000094, -3.045304675999944 ], [ 122.397027879, -3.045287190999943 ], [ 122.396779757000104, -3.045308458999955 ], [ 122.396425297000064, -3.045393528999966 ], [ 122.395929054000021, -3.045393528999966 ], [ 122.395666753000114, -3.04532263699997 ], [ 122.395404453000083, -3.045053247999931 ], [ 122.39529811500006, -3.044592449999925 ], [ 122.395340651000083, -3.044039492999957 ], [ 122.395537671000056, -3.043769855999926 ], [ 122.395241400000032, -3.043360699999937 ], [ 122.3952369000001, -3.043339899999978 ], [ 122.395135, -3.043408299999953 ], [ 122.394820200000026, -3.043425699999943 ], [ 122.394521300000065, -3.043443 ], [ 122.394176300000026, -3.043697899999927 ], [ 122.393909, -3.04376259999998 ], [ 122.393657300000086, -3.043779599999937 ], [ 122.39332730000001, -3.043892099999937 ], [ 122.392807800000014, -3.043878899999925 ], [ 122.392555200000061, -3.04372189999998 ], [ 122.392236100000105, -3.043392 ], [ 122.392063100000087, -3.043209599999955 ], [ 122.391984400000069, -3.043006499999933 ], [ 122.39190880000001, -3.042654899999945 ], [ 122.39182, -3.042525499999954 ], [ 122.391768900000102, -3.042420599999957 ], [ 122.391758200000027, -3.042312099999947 ], [ 122.391736500000093, -3.042020399999956 ], [ 122.391674900000112, -3.041847699999948 ], [ 122.391629900000112, -3.041613799999936 ], [ 122.391655300000025, -3.041291299999955 ], [ 122.391701400000102, -3.041070599999955 ], [ 122.391801500000042, -3.040770299999963 ], [ 122.391721500000017, -3.040354599999944 ], [ 122.391632200000117, -3.040053099999966 ], [ 122.39156330000003, -3.039765 ], [ 122.391416100000015, -3.039445699999931 ], [ 122.391287, -3.039176099999963 ], [ 122.391123200000038, -3.038960699999961 ], [ 122.390800600000034, -3.038728699999979 ], [ 122.390521600000056, -3.038650599999926 ], [ 122.390136700000085, -3.038622 ], [ 122.389815800000065, -3.038552399999958 ], [ 122.38947440000004, -3.038455699999929 ], [ 122.389238100000057, -3.038436599999955 ], [ 122.389129700000012, -3.03834889999996 ], [ 122.389095400000087, -3.038237099999947 ], [ 122.389152200000012, -3.03813839999998 ], [ 122.389168400000017, -3.037995799999976 ], [ 122.3891274, -3.037894299999948 ], [ 122.389069900000095, -3.037864 ], [ 122.388886300000081, -3.037802099999965 ], [ 122.388782100000071, -3.037689 ], [ 122.388751, -3.037529699999936 ], [ 122.388825200000042, -3.037468299999944 ], [ 122.388908900000047, -3.037396599999965 ], [ 122.389047300000016, -3.037389099999928 ], [ 122.389338300000077, -3.03737609999996 ], [ 122.389685100000065, -3.037382499999978 ], [ 122.389924, -3.037238799999955 ], [ 122.39005480000003, -3.03706509999995 ], [ 122.390057100000035, -3.036929499999928 ], [ 122.390056900000104, -3.036915099999931 ], [ 122.390053, -3.036705499999925 ], [ 122.389974400000028, -3.036526099999946 ], [ 122.38998, -3.036500099999955 ], [ 122.390011500000014, -3.036351199999956 ], [ 122.390014, -3.036339299999952 ], [ 122.390023800000108, -3.036325499999975 ], [ 122.390107900000089, -3.036206499999935 ], [ 122.390211800000088, -3.036077 ], [ 122.3902256, -3.036067299999957 ], [ 122.39028780000001, -3.035908599999971 ], [ 122.390468500000111, -3.035688 ], [ 122.390508700000055, -3.035487399999965 ], [ 122.390591, -3.035347099999967 ], [ 122.3905856, -3.035233699999935 ], [ 122.390527600000041, -3.035101699999927 ], [ 122.3905267, -3.034921899999972 ], [ 122.390610400000014, -3.034779 ], [ 122.390718000000106, -3.034710599999926 ], [ 122.390760600000021, -3.034700799999939 ], [ 122.390796800000089, -3.034692499999949 ], [ 122.391030800000067, -3.034504899999945 ], [ 122.391040800000042, -3.034314299999949 ], [ 122.391066600000045, -3.034157299999947 ], [ 122.391055900000083, -3.034111699999926 ], [ 122.391038500000036, -3.033993099999975 ], [ 122.39103810000006, -3.033918399999948 ], [ 122.39108490000001, -3.033823199999972 ], [ 122.391135100000042, -3.033748299999957 ], [ 122.391236200000094, -3.033710499999927 ], [ 122.391330800000105, -3.033726899999976 ], [ 122.391403100000048, -3.033666299999936 ], [ 122.391403300000093, -3.033657 ], [ 122.391407300000083, -3.033447099999933 ], [ 122.391487600000119, -3.03334179999996 ], [ 122.391632, -3.033431899999925 ], [ 122.391636400000039, -3.033423499999969 ], [ 122.391632500000014, -3.033314899999937 ], [ 122.391541, -3.033247499999959 ], [ 122.39154730000007, -3.033162699999934 ], [ 122.391492700000072, -3.033081299999935 ], [ 122.391381200000069, -3.03300059999998 ], [ 122.391377300000045, -3.032972899999947 ], [ 122.39118140000005, -3.032885599999929 ], [ 122.391000700000063, -3.032559699999979 ], [ 122.391131200000018, -3.032454399999949 ], [ 122.391201500000079, -3.032534599999963 ], [ 122.391281800000115, -3.032665 ], [ 122.391444500000034, -3.032731499999954 ], [ 122.391511300000047, -3.032711599999971 ], [ 122.391628900000114, -3.032592199999954 ], [ 122.391651600000046, -3.032412299999976 ], [ 122.39165980000007, -3.032032299999969 ], [ 122.391666700000087, -3.031977299999937 ], [ 122.391692300000045, -3.031774299999938 ], [ 122.391677600000094, -3.031540199999938 ], [ 122.391639900000087, -3.031255 ], [ 122.391648700000019, -3.031150199999956 ], [ 122.391624400000069, -3.031014599999935 ], [ 122.391691200000082, -3.030865 ], [ 122.39170270000011, -3.030849899999964 ], [ 122.391849100000059, -3.030060599999956 ], [ 122.392014800000084, -3.029694599999971 ], [ 122.392466600000034, -3.029278499999975 ], [ 122.392873200000054, -3.028897499999971 ], [ 122.393051200000059, -3.028880899999933 ], [ 122.393070400000056, -3.028857899999934 ], [ 122.393239400000084, -3.028655299999969 ], [ 122.393436800000018, -3.028449799999976 ], [ 122.39385470000002, -3.028184 ], [ 122.393995700000119, -3.02805589999997 ], [ 122.394167400000015, -3.027948299999935 ], [ 122.394254600000068, -3.027842699999951 ], [ 122.394698400000038, -3.027488499999947 ], [ 122.394973500000106, -3.027304499999957 ], [ 122.39509790000011, -3.027156599999955 ], [ 122.395330700000045, -3.026880499999947 ], [ 122.395803500000056, -3.02654629999995 ], [ 122.396210900000028, -3.026255799999944 ], [ 122.396473200000059, -3.026027499999941 ], [ 122.396494600000096, -3.026008799999943 ], [ 122.397025700000086, -3.025696399999958 ], [ 122.397256500000026, -3.025544299999979 ], [ 122.397641800000088, -3.025158899999951 ], [ 122.397814800000106, -3.024693199999945 ], [ 122.397812800000111, -3.024692099999925 ], [ 122.397859, -3.024544399999968 ], [ 122.398164700000052, -3.02416089999997 ], [ 122.398257700000045, -3.024050099999954 ], [ 122.398291500000028, -3.023843899999974 ], [ 122.398435600000084, -3.023432 ], [ 122.398440500000106, -3.023231899999928 ], [ 122.39865640000005, -3.022968799999944 ], [ 122.399360900000033, -3.022598 ], [ 122.399499100000071, -3.022365599999944 ], [ 122.399826500000017, -3.022133099999962 ], [ 122.400175600000011, -3.021675399999936 ], [ 122.400470900000073, -3.021375299999931 ], [ 122.400999500000012, -3.021218399999952 ], [ 122.401494600000092, -3.020724799999925 ], [ 122.402225900000076, -3.020439299999964 ], [ 122.402830700000095, -3.020172499999944 ], [ 122.403335700000071, -3.019851699999947 ], [ 122.403704400000038, -3.01941329999994 ], [ 122.403782500000034, -3.01874909999998 ], [ 122.404232800000045, -3.018355799999938 ], [ 122.40463920000002, -3.018208199999947 ], [ 122.40500940000004, -3.018088199999966 ], [ 122.405432800000085, -3.017713199999946 ], [ 122.405982200000039, -3.017246599999964 ], [ 122.406515700000114, -3.017198499999949 ], [ 122.406823, -3.017142399999955 ], [ 122.407211500000017, -3.017049499999928 ], [ 122.407672700000035, -3.01709539999996 ], [ 122.408697500000017, -3.016512099999943 ], [ 122.408826600000111, -3.016558499999974 ], [ 122.408909600000015, -3.016540799999973 ], [ 122.4091734000001, -3.016579699999966 ], [ 122.40938170000004, -3.016788099999928 ], [ 122.409760700000106, -3.016848699999969 ], [ 122.410115, -3.016774199999929 ], [ 122.410676900000112, -3.016625499999975 ], [ 122.411312900000098, -3.016820699999926 ], [ 122.4115696, -3.016844699999979 ], [ 122.411899200000107, -3.016684199999929 ], [ 122.412290400000074, -3.016695599999935 ], [ 122.41235770000003, -3.016878199999951 ], [ 122.4120153, -3.01716179999994 ], [ 122.411291700000106, -3.017165499999976 ], [ 122.410676100000046, -3.017059399999937 ], [ 122.410201200000074, -3.01709349999993 ], [ 122.40968260000011, -3.017382699999928 ], [ 122.409195200000113, -3.017585199999928 ], [ 122.408577600000058, -3.017969499999936 ], [ 122.408089, -3.018093499999964 ], [ 122.407698100000061, -3.018204899999944 ], [ 122.407026100000053, -3.018304699999931 ], [ 122.406757, -3.018207 ], [ 122.406500900000083, -3.018490199999974 ], [ 122.4063059, -3.018724099999929 ], [ 122.405878700000017, -3.019007699999975 ], [ 122.405548900000099, -3.019082099999935 ], [ 122.405280400000038, -3.019242499999962 ], [ 122.404938100000095, -3.019218599999931 ], [ 122.404681600000117, -3.019280699999968 ], [ 122.404579900000044, -3.019788799999958 ], [ 122.404425100000026, -3.020655599999941 ], [ 122.404165800000101, -3.021248 ], [ 122.4038508000001, -3.021577 ], [ 122.403330700000083, -3.021925499999952 ], [ 122.402930800000036, -3.022118099999943 ], [ 122.402715300000068, -3.022446599999967 ], [ 122.402593600000046, -3.023429399999941 ], [ 122.402332900000033, -3.023776199999929 ], [ 122.402007900000058, -3.023905199999945 ], [ 122.401973600000019, -3.024278199999969 ], [ 122.401803500000028, -3.024633699999924 ], [ 122.401660600000014, -3.02500729999997 ], [ 122.401561900000047, -3.025309499999935 ], [ 122.401572300000112, -3.025522699999954 ], [ 122.401704000000109, -3.025838399999941 ], [ 122.40184540000007, -3.026242599999932 ], [ 122.401935200000025, -3.026487199999963 ], [ 122.402095800000097, -3.026739799999973 ], [ 122.402151100000083, -3.026736599999936 ], [ 122.402362500000095, -3.026879699999938 ], [ 122.402665700000057, -3.027084899999977 ], [ 122.402657600000111, -3.027112299999942 ], [ 122.402687400000104, -3.027101699999946 ], [ 122.402865, -3.027303699999948 ], [ 122.40463550000004, -3.028412299999957 ], [ 122.40464, -3.028415099999961 ], [ 122.405273100000045, -3.028569 ], [ 122.406051400000024, -3.028758299999936 ], [ 122.407688100000087, -3.029156099999966 ], [ 122.407717100000013, -3.029166699999962 ], [ 122.408663, -3.029512099999977 ], [ 122.409535900000037, -3.029570199999966 ], [ 122.410139700000059, -3.029461199999957 ], [ 122.410452500000019, -3.029250599999955 ], [ 122.410769800000025, -3.029190699999958 ], [ 122.410855200000015, -3.029255599999942 ], [ 122.41099660000009, -3.029363199999977 ], [ 122.411461900000063, -3.029363199999977 ], [ 122.412305800000013, -3.029406799999947 ], [ 122.412800400000037, -3.029435799999931 ], [ 122.413039, -3.029460499999971 ], [ 122.413238600000113, -3.029697499999941 ], [ 122.413251500000115, -3.029871699999944 ], [ 122.413120500000105, -3.030423799999937 ], [ 122.412887700000056, -3.030787 ], [ 122.412800400000037, -3.030903299999977 ], [ 122.412785900000017, -3.031251899999972 ], [ 122.412785900000017, -3.031600599999933 ], [ 122.412646700000096, -3.031951399999969 ], [ 122.412658400000055, -3.032334599999956 ], [ 122.412659700000063, -3.032598099999973 ], [ 122.412577300000066, -3.032802099999969 ], [ 122.412352600000077, -3.033138599999972 ], [ 122.411567400000081, -3.033358199999952 ], [ 122.411321, -3.034114 ], [ 122.411386400000083, -3.034433599999943 ], [ 122.411558200000059, -3.035179299999925 ], [ 122.41163460000007, -3.035511199999974 ], [ 122.411732700000016, -3.035936899999967 ], [ 122.41196130000003, -3.036251199999981 ], [ 122.412057300000015, -3.036383099999966 ], [ 122.412437, -3.036905 ], [ 122.412773100000095, -3.037367 ], [ 122.412967700000081, -3.037560699999972 ], [ 122.413377200000014, -3.037968299999932 ], [ 122.413868300000104, -3.038494599999979 ], [ 122.414868100000035, -3.039320499999974 ], [ 122.416226, -3.040390099999968 ], [ 122.416886300000101, -3.040934499999935 ], [ 122.417470900000012, -3.041384799999946 ], [ 122.418088800000078, -3.040985 ], [ 122.418457500000045, -3.040965599999936 ], [ 122.4186969000001, -3.041080299999976 ], [ 122.418931300000054, -3.041159899999968 ], [ 122.41933060000008, -3.041375399999936 ], [ 122.419745700000021, -3.041732099999933 ], [ 122.420198700000014, -3.042145299999959 ], [ 122.420886400000086, -3.042816599999981 ], [ 122.420887100000073, -3.042817299999967 ], [ 122.421685900000057, -3.043900099999973 ], [ 122.422154800000044, -3.044700099999943 ], [ 122.422684700000104, -3.045401399999946 ], [ 122.422975700000052, -3.045786499999963 ], [ 122.423009200000024, -3.045830699999954 ], [ 122.423197300000083, -3.046185199999968 ], [ 122.423219, -3.046226199999978 ], [ 122.423645800000031, -3.04703029999996 ], [ 122.4237266, -3.047182699999951 ], [ 122.424602600000071, -3.04829669999998 ], [ 122.424913300000071, -3.048635199999978 ], [ 122.425180800000021, -3.048935 ], [ 122.425433500000054, -3.049280499999952 ], [ 122.425570500000049, -3.049500499999965 ], [ 122.425802100000055, -3.04982519999993 ], [ 122.426056, -3.050412499999936 ], [ 122.426354, -3.051462 ], [ 122.426535100000024, -3.05174889999995 ], [ 122.426727200000073, -3.051880099999948 ], [ 122.426965700000096, -3.05251 ], [ 122.426965800000062, -3.052512 ], [ 122.426974600000108, -3.052716699999962 ], [ 122.426939100000027, -3.053445599999975 ], [ 122.426869700000111, -3.053693599999974 ], [ 122.426815600000054, -3.054159399999946 ], [ 122.426565200000027, -3.05458909999993 ], [ 122.426330400000097, -3.054971199999954 ], [ 122.426110700000095, -3.055200099999979 ], [ 122.426081700000054, -3.055230299999948 ], [ 122.425846300000103, -3.055604 ], [ 122.425498800000014, -3.055975099999955 ], [ 122.425311800000031, -3.056452099999944 ], [ 122.425110800000084, -3.056641 ], [ 122.4250915, -3.056659099999933 ], [ 122.424729500000012, -3.056788299999937 ], [ 122.424478200000067, -3.057043499999963 ], [ 122.424490600000013, -3.057290299999977 ], [ 122.424387197000101, -3.057423238999945 ], [ 122.424282300000073, -3.057558099999937 ], [ 122.4242547, -3.057593499999939 ], [ 122.42396860000008, -3.057829099999935 ], [ 122.423857700000099, -3.057920299999978 ], [ 122.423241600000097, -3.058427499999937 ], [ 122.423238200000014, -3.058430299999941 ], [ 122.422326200000043, -3.059149099999956 ], [ 122.421728100000109, -3.059485399999971 ], [ 122.421397200000115, -3.05959809999996 ], [ 122.421304300000088, -3.059947699999952 ], [ 122.421005300000047, -3.060139599999957 ], [ 122.420642200000088, -3.060125599999935 ], [ 122.420167900000024, -3.059985199999971 ], [ 122.419869600000084, -3.060023899999976 ], [ 122.419277700000066, -3.060046499999942 ], [ 122.418397900000059, -3.05963 ], [ 122.41839450000009, -3.05963 ], [ 122.417735300000118, -3.059632599999929 ], [ 122.417386100000044, -3.059801499999935 ], [ 122.4169319, -3.05997 ], [ 122.416591200000084, -3.059909699999935 ], [ 122.416079900000113, -3.060053599999947 ], [ 122.415528400000085, -3.060231 ], [ 122.414756, -3.060457099999951 ], [ 122.413763700000118, -3.060890599999937 ], [ 122.412205500000027, -3.061787199999969 ], [ 122.411637900000073, -3.061878599999943 ], [ 122.411038700000063, -3.061621099999968 ], [ 122.410522400000104, -3.061172399999975 ], [ 122.410064100000113, -3.060905 ], [ 122.40965170000004, -3.060703599999954 ], [ 122.409068700000034, -3.060545599999955 ], [ 122.40883580000002, -3.060482499999978 ], [ 122.4082681000001, -3.060235099999943 ], [ 122.407793800000036, -3.059999699999935 ], [ 122.407284300000015, -3.059724499999959 ], [ 122.407283100000086, -3.059726299999966 ], [ 122.407082600000081, -3.060040399999934 ], [ 122.406779300000039, -3.059972799999969 ], [ 122.406612393000046, -3.059935572999962 ], [ 122.405191700000046, -3.05961869999993 ], [ 122.405186800000024, -3.059640199999933 ], [ 122.405168600000025, -3.059739199999967 ], [ 122.4051124, -3.059911899999975 ], [ 122.405014600000072, -3.059898099999941 ], [ 122.404732300000092, -3.059841199999937 ], [ 122.404746900000077, -3.059781499999929 ], [ 122.404780500000015, -3.059650399999953 ], [ 122.404802300000028, -3.059568 ], [ 122.404811400000085, -3.05953379999994 ], [ 122.404811100000074, -3.059533699999974 ], [ 122.40493790000005, -3.059176599999944 ] ] ], [ [ [ 123.098273500000118, -3.57087439999998 ], [ 123.098391100000072, -3.571079299999951 ], [ 123.098573900000019, -3.571398099999954 ], [ 123.098514200000068, -3.571289499999978 ], [ 123.0984568, -3.57118509999998 ], [ 123.098354200000017, -3.570998399999951 ], [ 123.100650900000119, -3.571049 ], [ 123.104321900000059, -3.57056289999997 ], [ 123.106320300000107, -3.570170399999938 ], [ 123.108124100000055, -3.569816099999969 ], [ 123.1084, -3.569770199999937 ], [ 123.112493400000062, -3.569376899999952 ], [ 123.114768800000093, -3.569361699999945 ], [ 123.116070100000115, -3.568865199999948 ], [ 123.118253700000082, -3.568728599999929 ], [ 123.125196800000026, -3.567484099999945 ], [ 123.125781, -3.567373599999939 ], [ 123.1263, -3.567275399999971 ], [ 123.127583800000025, -3.56703159999995 ], [ 123.127607200000057, -3.567027099999962 ], [ 123.127840800000058, -3.566987599999948 ], [ 123.127832400000102, -3.566870399999971 ], [ 123.1289, -3.566552799999954 ], [ 123.130702200000087, -3.565750099999946 ], [ 123.131, -3.565617499999973 ], [ 123.131088200000022, -3.565705699999967 ], [ 123.131555800000115, -3.565449899999976 ], [ 123.131538200000023, -3.565379299999961 ], [ 123.132942, -3.564497599999925 ], [ 123.132762300000081, -3.564156499999967 ], [ 123.132627100000036, -3.5639 ], [ 123.13293740000006, -3.563718 ], [ 123.132937600000105, -3.563718299999948 ], [ 123.132938400000057, -3.563720399999966 ], [ 123.132938800000034, -3.563720099999955 ], [ 123.132939, -3.563720399999966 ], [ 123.132992300000069, -3.563682399999948 ], [ 123.132992500000114, -3.56368219999996 ], [ 123.132984800000031, -3.563666199999943 ], [ 123.132657700000095, -3.563158499999929 ], [ 123.132857600000079, -3.563019499999939 ], [ 123.132861, -3.563024699999971 ], [ 123.135387200000082, -3.562859 ], [ 123.135537800000066, -3.563135899999963 ], [ 123.135541100000069, -3.563141899999948 ], [ 123.135537900000031, -3.563135799999941 ], [ 123.13613220000002, -3.562817299999949 ], [ 123.136477900000045, -3.562708 ], [ 123.136981800000058, -3.56276749999995 ], [ 123.137406500000111, -3.562529199999972 ], [ 123.137485600000105, -3.56242 ], [ 123.137853700000051, -3.56207059999997 ], [ 123.138372200000049, -3.561754299999961 ], [ 123.139228400000093, -3.561232099999927 ], [ 123.139634200000046, -3.561004899999944 ], [ 123.139635100000078, -3.561004299999979 ], [ 123.140615600000046, -3.560367199999973 ], [ 123.141254600000025, -3.56009789999996 ], [ 123.14179450000006, -3.559840899999926 ], [ 123.142246100000079, -3.559859499999959 ], [ 123.143349300000068, -3.559535299999936 ], [ 123.143343600000094, -3.559526799999958 ], [ 123.143391600000086, -3.559513299999935 ], [ 123.143421000000103, -3.559496899999942 ], [ 123.143432900000107, -3.559457299999963 ], [ 123.143770300000028, -3.55911 ], [ 123.14393890000008, -3.558653599999957 ], [ 123.14428620000001, -3.558316199999979 ], [ 123.144246600000088, -3.55815739999997 ], [ 123.144127500000081, -3.558167399999945 ], [ 123.144127500000081, -3.55803839999993 ], [ 123.14428620000001, -3.557978799999944 ], [ 123.14449460000003, -3.557978799999944 ], [ 123.144822100000056, -3.557968899999935 ], [ 123.144999400000074, -3.55806739999997 ], [ 123.146946400000047, -3.557299299999954 ], [ 123.147005100000115, -3.55727429999996 ], [ 123.147036700000058, -3.557253199999934 ], [ 123.147630200000094, -3.556857499999978 ], [ 123.147684900000058, -3.556831899999963 ], [ 123.149034500000084, -3.556199 ], [ 123.14906910000002, -3.556182799999931 ], [ 123.149346900000069, -3.556034 ], [ 123.149942300000021, -3.556242299999951 ], [ 123.149985300000026, -3.556263199999933 ], [ 123.150250200000073, -3.556265899999971 ], [ 123.150647200000094, -3.556416299999967 ], [ 123.151231600000074, -3.556637599999931 ], [ 123.151351700000077, -3.556653899999958 ], [ 123.151986100000045, -3.556739799999946 ], [ 123.153077800000119, -3.55685219999998 ], [ 123.15376040000001, -3.556973199999959 ], [ 123.153766800000085, -3.556974299999979 ], [ 123.154782800000021, -3.557154399999945 ], [ 123.155043800000044, -3.556494099999952 ], [ 123.15551, -3.556345799999974 ], [ 123.155690500000105, -3.556370399999935 ], [ 123.156386700000098, -3.556224699999973 ], [ 123.15748520000011, -3.557238699999971 ], [ 123.158149900000012, -3.557825299999934 ], [ 123.159294600000067, -3.558835399999964 ], [ 123.160540200000014, -3.560399099999927 ], [ 123.161377400000106, -3.562461799999937 ], [ 123.16179790000001, -3.563782799999956 ], [ 123.162465500000053, -3.565102099999933 ], [ 123.162967800000047, -3.566339699999958 ], [ 123.163307700000018, -3.567909399999962 ], [ 123.16389520000007, -3.569560199999955 ], [ 123.164907700000072, -3.571183899999937 ], [ 123.165863, -3.573034199999938 ], [ 123.1674948000001, -3.574538899999936 ], [ 123.170311900000115, -3.578460699999937 ], [ 123.17035050000004, -3.578527099999974 ], [ 123.170812200000114, -3.579630599999973 ], [ 123.170813100000032, -3.579632599999968 ], [ 123.171946300000059, -3.581724299999962 ], [ 123.172545, -3.582717399999979 ], [ 123.172694300000103, -3.582965 ], [ 123.172703842000033, -3.582981865999955 ], [ 123.172913700000095, -3.583352799999943 ], [ 123.17352290000008, -3.58442969999993 ], [ 123.173566900000083, -3.584633 ], [ 123.173626655000021, -3.584908820999942 ], [ 123.173675200000048, -3.585132899999962 ], [ 123.173345, -3.586036599999943 ], [ 123.173334800000021, -3.586064499999964 ], [ 123.173307900000054, -3.586843899999963 ], [ 123.173446800000079, -3.587363499999981 ], [ 123.17346, -3.587642099999925 ], [ 123.173460200000022, -3.587645599999973 ], [ 123.173749500000099, -3.587553599999978 ], [ 123.173801400000116, -3.587611 ], [ 123.173832800000014, -3.587645699999939 ], [ 123.174441300000012, -3.588217099999952 ], [ 123.174434100000099, -3.588287599999944 ], [ 123.175130700000068, -3.589436299999932 ], [ 123.17590180000002, -3.590777699999933 ], [ 123.176399700000047, -3.591473899999926 ], [ 123.176803800000016, -3.592377899999974 ], [ 123.177344200000107, -3.593287299999929 ], [ 123.178064200000108, -3.59541459999997 ], [ 123.178622800000085, -3.596518199999934 ], [ 123.178830400000038, -3.597019499999931 ], [ 123.179495800000041, -3.598399099999938 ], [ 123.180005400000027, -3.599481899999944 ], [ 123.180494400000043, -3.600162799999964 ], [ 123.180817500000103, -3.600951299999963 ], [ 123.180927000000111, -3.601482799999928 ], [ 123.181061200000045, -3.602736399999969 ], [ 123.181088900000077, -3.603032599999949 ], [ 123.181152000000111, -3.603412299999945 ], [ 123.181259600000089, -3.603654899999981 ], [ 123.181414200000063, -3.604140399999949 ], [ 123.181508100000087, -3.604595899999936 ], [ 123.181647400000088, -3.605051099999969 ], [ 123.181803200000104, -3.605719099999931 ], [ 123.181881400000066, -3.606083499999954 ], [ 123.181823100000088, -3.606418399999939 ], [ 123.181886100000042, -3.606782899999928 ], [ 123.181979700000056, -3.60719279999995 ], [ 123.182013400000073, -3.607694299999935 ], [ 123.182075700000041, -3.607952399999931 ], [ 123.182047900000043, -3.608317499999941 ], [ 123.182005700000104, -3.608789199999933 ], [ 123.181872000000112, -3.609170199999937 ], [ 123.181859700000018, -3.609580899999969 ], [ 123.182024600000091, -3.610066699999948 ], [ 123.181883900000116, -3.610569699999928 ], [ 123.181961900000033, -3.610872699999959 ], [ 123.182131800000093, -3.611740399999974 ], [ 123.181885800000032, -3.612669799999935 ], [ 123.181870400000093, -3.612668499999927 ], [ 123.181868400000099, -3.612677299999973 ], [ 123.181721500000094, -3.613053799999932 ], [ 123.181742, -3.613099399999953 ], [ 123.181712300000072, -3.613108799999964 ], [ 123.180794100000071, -3.614679 ], [ 123.180408400000033, -3.615156499999955 ], [ 123.180439800000045, -3.615238399999953 ], [ 123.180412700000034, -3.615246799999966 ], [ 123.180412400000023, -3.615246799999966 ], [ 123.179878700000017, -3.615874699999949 ], [ 123.179956, -3.616002699999967 ], [ 123.179952300000082, -3.616004099999941 ], [ 123.179821500000116, -3.616051499999969 ], [ 123.179777200000103, -3.616098399999942 ], [ 123.179737800000112, -3.61614 ], [ 123.179481, -3.616148099999975 ], [ 123.1791574, -3.616200399999968 ], [ 123.179026500000077, -3.61622159999996 ], [ 123.179020900000069, -3.616231299999924 ], [ 123.178925500000105, -3.616396099999974 ], [ 123.178774, -3.616510799999958 ], [ 123.178599500000018, -3.616584299999943 ], [ 123.178324700000076, -3.616711099999975 ], [ 123.178082900000049, -3.616688099999976 ], [ 123.178053200000022, -3.616685299999972 ], [ 123.177851200000077, -3.616951599999936 ], [ 123.177929900000095, -3.61706 ], [ 123.177897100000109, -3.617061799999931 ], [ 123.177941700000019, -3.617329499999926 ], [ 123.17791550000004, -3.617337199999952 ], [ 123.177777700000092, -3.617924899999934 ], [ 123.177778500000045, -3.617932599999961 ], [ 123.177772000000118, -3.617939599999943 ], [ 123.177759400000014, -3.617943199999957 ], [ 123.177474700000062, -3.618668599999978 ], [ 123.177485800000113, -3.618701099999953 ], [ 123.177475400000048, -3.618700699999977 ], [ 123.177474700000062, -3.618705399999953 ], [ 123.177479300000073, -3.618714599999976 ], [ 123.177474700000062, -3.618714499999953 ], [ 123.177493100000106, -3.619063499999925 ], [ 123.177722600000038, -3.619522599999925 ], [ 123.177897600000051, -3.61974129999993 ], [ 123.177888900000085, -3.619887 ], [ 123.177899700000012, -3.619910399999981 ], [ 123.17776850000007, -3.620046 ], [ 123.177245200000016, -3.620413199999973 ], [ 123.17681360000006, -3.620652 ], [ 123.176033100000041, -3.620394899999951 ], [ 123.175583200000119, -3.62049589999998 ], [ 123.174931300000026, -3.620633599999962 ], [ 123.174463, -3.620872299999974 ], [ 123.174362, -3.621092699999963 ], [ 123.173342700000035, -3.620991699999934 ], [ 123.172837700000059, -3.621046799999931 ], [ 123.171919500000058, -3.62045 ], [ 123.170967300000029, -3.620598499999971 ], [ 123.170926500000064, -3.620582 ], [ 123.170193900000072, -3.621245299999941 ], [ 123.169056700000056, -3.622652 ], [ 123.16774410000005, -3.622331899999949 ], [ 123.166179, -3.621026 ], [ 123.164949400000069, -3.62086979999998 ], [ 123.1647934, -3.622023 ], [ 123.163889700000027, -3.621617699999945 ], [ 123.159065700000042, -3.620843 ], [ 123.15615820000005, -3.62037609999993 ], [ 123.153142600000024, -3.620726299999944 ], [ 123.152024200000028, -3.620272599999964 ], [ 123.148536500000091, -3.618714399999931 ], [ 123.139915500000029, -3.614818199999945 ], [ 123.128802400000041, -3.611070599999948 ], [ 123.125259200000073, -3.611028799999929 ], [ 123.123229300000048, -3.611635799999931 ], [ 123.121007600000098, -3.612969299999975 ], [ 123.119709100000023, -3.615021599999977 ], [ 123.119617, -3.620823199999961 ], [ 123.120577700000013, -3.627079099999946 ], [ 123.120816500000046, -3.633273899999949 ], [ 123.120115300000066, -3.636311 ], [ 123.11822380000001, -3.637971899999968 ], [ 123.118567, -3.640210799999977 ], [ 123.117783200000076, -3.640743499999928 ], [ 123.115479700000037, -3.639704599999959 ], [ 123.114818400000104, -3.63905079999995 ], [ 123.110950800000069, -3.639471799999967 ], [ 123.107144500000118, -3.639366 ], [ 123.103789900000038, -3.638136299999928 ], [ 123.101415, -3.636240799999939 ], [ 123.09977020000008, -3.635592799999927 ], [ 123.097199300000057, -3.633830399999965 ], [ 123.096277200000031, -3.633309199999928 ], [ 123.094638800000098, -3.633258299999966 ], [ 123.092798900000048, -3.633201099999951 ], [ 123.090693100000067, -3.632292399999926 ], [ 123.089500300000054, -3.631655099999932 ], [ 123.088256500000057, -3.630990499999939 ], [ 123.086546700000099, -3.630074899999954 ], [ 123.085095600000045, -3.629297899999926 ], [ 123.082529100000102, -3.628194599999972 ], [ 123.080999500000075, -3.626797699999941 ], [ 123.079247, -3.625727899999958 ], [ 123.078045800000041, -3.624994699999945 ], [ 123.075552, -3.624945599999933 ], [ 123.073778700000048, -3.624693899999954 ], [ 123.073183300000096, -3.623972699999968 ], [ 123.072250600000075, -3.62186939999998 ], [ 123.07132230000002, -3.620425299999965 ], [ 123.069803400000069, -3.618985199999941 ], [ 123.0659736, -3.615385099999969 ], [ 123.062806500000079, -3.612769299999968 ], [ 123.060960100000102, -3.611397199999942 ], [ 123.058257200000071, -3.60950349999996 ], [ 123.05758430000003, -3.608125199999961 ], [ 123.055545500000107, -3.606291299999953 ], [ 123.053435700000023, -3.604789099999948 ], [ 123.051578100000029, -3.60368479999994 ], [ 123.050337400000103, -3.602634199999954 ], [ 123.048817700000086, -3.601062099999979 ], [ 123.0474928000001, -3.599159 ], [ 123.046498500000098, -3.597649299999944 ], [ 123.046357700000044, -3.596199799999965 ], [ 123.044644300000073, -3.595090399999947 ], [ 123.043915500000026, -3.594040399999926 ], [ 123.043907200000035, -3.59278779999994 ], [ 123.045217800000046, -3.592515399999968 ], [ 123.046857300000056, -3.592372599999976 ], [ 123.0490244, -3.591466099999934 ], [ 123.050195800000097, -3.591163599999959 ], [ 123.051895700000046, -3.590229299999976 ], [ 123.054446400000074, -3.588959599999953 ], [ 123.055365400000028, -3.589019399999927 ], [ 123.056155000000103, -3.589343799999938 ], [ 123.056937500000117, -3.588613299999963 ], [ 123.056972, -3.587241199999937 ], [ 123.058106400000042, -3.586759599999937 ], [ 123.0593804, -3.585692199999926 ], [ 123.060392800000045, -3.585228 ], [ 123.061710300000072, -3.586010299999941 ], [ 123.063547, -3.58593209999998 ], [ 123.06485710000004, -3.58559379999997 ], [ 123.065634900000077, -3.584138199999927 ], [ 123.067139600000019, -3.583468899999957 ], [ 123.068517400000019, -3.583459699999935 ], [ 123.068902800000046, -3.582204499999932 ], [ 123.069890700000087, -3.582118299999934 ], [ 123.069401400000061, -3.581561399999941 ], [ 123.070217800000023, -3.581473899999935 ], [ 123.070454200000086, -3.580559099999959 ], [ 123.071786, -3.580367499999966 ], [ 123.072627900000043, -3.579387799999949 ], [ 123.072257100000115, -3.578294399999947 ], [ 123.072190800000044, -3.577442499999961 ], [ 123.072673100000088, -3.577073899999959 ], [ 123.0737266000001, -3.576945599999931 ], [ 123.074126800000045, -3.576885399999981 ], [ 123.074646600000051, -3.576889599999959 ], [ 123.074770500000113, -3.576780199999973 ], [ 123.07477920000008, -3.576772499999947 ], [ 123.074780200000077, -3.576771699999938 ], [ 123.074635700000044, -3.576713799999936 ], [ 123.074141600000075, -3.575716099999966 ], [ 123.075091800000109, -3.575307499999951 ], [ 123.075452400000017, -3.576021799999978 ], [ 123.076063200000021, -3.575613899999951 ], [ 123.076116900000102, -3.575578 ], [ 123.076425300000096, -3.575550299999975 ], [ 123.077125200000069, -3.575487299999963 ], [ 123.07729350000011, -3.575472199999979 ], [ 123.077804700000115, -3.575378199999932 ], [ 123.07785540000009, -3.575368899999944 ], [ 123.07850540000004, -3.575283199999944 ], [ 123.078868200000102, -3.575086699999929 ], [ 123.079278900000077, -3.575011099999927 ], [ 123.079661900000019, -3.574895199999958 ], [ 123.079729900000075, -3.575001 ], [ 123.079729600000064, -3.575003099999947 ], [ 123.081852400000116, -3.574520499999949 ], [ 123.083608600000048, -3.57396 ], [ 123.085307400000033, -3.57391819999998 ], [ 123.086711500000092, -3.573498399999949 ], [ 123.088123700000097, -3.573076299999968 ], [ 123.089395900000113, -3.57276289999993 ], [ 123.091151200000013, -3.57208049999997 ], [ 123.092876400000023, -3.571428699999956 ], [ 123.095392, -3.571015599999953 ], [ 123.098273500000118, -3.57087439999998 ] ] ], [ [ [ 123.043853700000113, -3.547038499999928 ], [ 123.044439100000091, -3.547197099999948 ], [ 123.044931500000075, -3.547681599999976 ], [ 123.045020500000078, -3.547720899999945 ], [ 123.045382500000073, -3.548098799999934 ], [ 123.045687300000054, -3.548401 ], [ 123.045973400000094, -3.548760399999935 ], [ 123.046024400000078, -3.548796 ], [ 123.045878300000027, -3.549307099999965 ], [ 123.045329500000094, -3.549648599999955 ], [ 123.044585500000039, -3.549904799999979 ], [ 123.044578800000068, -3.549925799999926 ], [ 123.0442418, -3.550178799999969 ], [ 123.043903000000114, -3.55046619999996 ], [ 123.043506200000024, -3.550544899999977 ], [ 123.0431837000001, -3.550433 ], [ 123.043031, -3.550224799999967 ], [ 123.043104800000037, -3.54993909999996 ], [ 123.0432164, -3.549634199999957 ], [ 123.042983600000071, -3.549382299999934 ], [ 123.04271140000003, -3.549170299999957 ], [ 123.042418400000088, -3.549145099999976 ], [ 123.042305, -3.549172899999974 ], [ 123.042256300000076, -3.549175699999978 ], [ 123.042042500000093, -3.549056299999961 ], [ 123.041471100000081, -3.549015399999973 ], [ 123.041215700000066, -3.54909669999995 ], [ 123.040988600000105, -3.549065 ], [ 123.039012200000116, -3.548630799999955 ], [ 123.037189400000102, -3.547651499999972 ], [ 123.037056100000086, -3.54757989999996 ], [ 123.036899900000094, -3.547496 ], [ 123.036069700000098, -3.54705 ], [ 123.036052, -3.547040399999958 ], [ 123.034625600000027, -3.546458899999948 ], [ 123.03389350000009, -3.546160499999928 ], [ 123.033905400000094, -3.54591819999996 ], [ 123.033916200000021, -3.545699399999933 ], [ 123.033996800000068, -3.545422299999927 ], [ 123.034073300000045, -3.545356899999945 ], [ 123.034531, -3.544966299999942 ], [ 123.034766500000046, -3.54499629999998 ], [ 123.034767100000067, -3.544995599999936 ], [ 123.034840300000042, -3.544952899999942 ], [ 123.034913500000016, -3.54502 ], [ 123.035084200000028, -3.545026099999973 ], [ 123.035395200000039, -3.545081 ], [ 123.035559900000067, -3.545099299999947 ], [ 123.035713400000077, -3.545050799999956 ], [ 123.035791600000039, -3.545026099999973 ], [ 123.035919700000022, -3.544952899999942 ], [ 123.036011200000075, -3.544946799999934 ], [ 123.036041700000055, -3.544989499999929 ], [ 123.036212400000068, -3.54503219999998 ], [ 123.03641980000009, -3.544989499999929 ], [ 123.036675900000091, -3.544983399999978 ], [ 123.036749100000065, -3.54503219999998 ], [ 123.036858900000084, -3.545044399999938 ], [ 123.037011300000017, -3.545111399999939 ], [ 123.0371321, -3.545114499999954 ], [ 123.037249100000054, -3.545117499999947 ], [ 123.037419900000032, -3.545123599999954 ], [ 123.037657700000068, -3.545166299999948 ], [ 123.037781400000085, -3.545051499999943 ], [ 123.037847, -3.545066099999929 ], [ 123.037871200000041, -3.545141899999976 ], [ 123.03791590000003, -3.545201599999928 ], [ 123.037938600000075, -3.545172799999932 ], [ 123.038062, -3.54505439999997 ], [ 123.03816780000011, -3.545009099999959 ], [ 123.038271100000088, -3.545024199999943 ], [ 123.038336500000014, -3.545048699999938 ], [ 123.0383518000001, -3.54505439999997 ], [ 123.038404700000115, -3.545109899999943 ], [ 123.03845, -3.545160299999964 ], [ 123.038482800000111, -3.545218199999965 ], [ 123.038502900000026, -3.545351699999969 ], [ 123.038540700000112, -3.545613799999956 ], [ 123.038540700000112, -3.545613899999978 ], [ 123.038548100000071, -3.545617599999957 ], [ 123.038641600000119, -3.545636299999956 ], [ 123.038664, -3.545623699999965 ], [ 123.038895700000012, -3.545495599999981 ], [ 123.038993300000016, -3.545507799999939 ], [ 123.039097, -3.545696899999939 ], [ 123.039231100000052, -3.545916399999953 ], [ 123.039401400000088, -3.546072099999947 ], [ 123.039668900000038, -3.546165 ], [ 123.039676100000065, -3.546167499999967 ], [ 123.039920600000073, -3.546252399999958 ], [ 123.04018, -3.546330299999966 ], [ 123.040267800000038, -3.546282299999973 ], [ 123.04028, -3.546197 ], [ 123.041426500000057, -3.54631889999996 ], [ 123.041926600000011, -3.546514099999968 ], [ 123.042012000000113, -3.546392099999935 ], [ 123.04231690000006, -3.546453099999951 ], [ 123.042634, -3.546392099999935 ], [ 123.043853700000113, -3.547038499999928 ] ] ], [ [ [ 123.057600200000024, -3.523584 ], [ 123.057736200000022, -3.522975 ], [ 123.058271000000104, -3.523141799999962 ], [ 123.058366300000102, -3.52307339999993 ], [ 123.058396, -3.522600899999929 ], [ 123.0585661, -3.522162099999946 ], [ 123.059157900000059, -3.522015899999928 ], [ 123.059443300000112, -3.522103499999957 ], [ 123.059545700000058, -3.522134899999969 ], [ 123.059743, -3.522322699999961 ], [ 123.059756500000049, -3.522335599999963 ], [ 123.060994600000072, -3.522900199999981 ], [ 123.061358600000062, -3.522924 ], [ 123.061358500000097, -3.522941899999978 ], [ 123.061365400000113, -3.522927399999958 ], [ 123.061520100000052, -3.522937599999977 ], [ 123.061587, -3.522927799999934 ], [ 123.061879, -3.522884899999951 ], [ 123.062001400000099, -3.522629799999947 ], [ 123.062025200000107, -3.522318599999949 ], [ 123.06185, -3.522213199999953 ], [ 123.0611953, -3.521835599999974 ], [ 123.060630700000047, -3.521279499999935 ], [ 123.060413, -3.52080669999998 ], [ 123.060316100000023, -3.520393499999955 ], [ 123.060299100000066, -3.520316899999955 ], [ 123.060404500000118, -3.519798199999968 ], [ 123.060251400000084, -3.519585599999971 ], [ 123.059702100000095, -3.518840799999964 ], [ 123.059649400000012, -3.518774399999927 ], [ 123.059336500000086, -3.518383299999925 ], [ 123.059071200000062, -3.517701299999942 ], [ 123.059067800000093, -3.517259199999955 ], [ 123.059419800000114, -3.516667299999938 ], [ 123.059166400000095, -3.51599559999994 ], [ 123.058414700000071, -3.515533 ], [ 123.057948700000111, -3.515315299999941 ], [ 123.056925, -3.514199699999949 ], [ 123.056955600000038, -3.513815299999976 ], [ 123.057166400000028, -3.513427599999943 ], [ 123.058193600000095, -3.513294899999948 ], [ 123.060026900000025, -3.513294899999948 ], [ 123.061200400000075, -3.513478599999928 ], [ 123.061353500000109, -3.513965 ], [ 123.061697, -3.514237099999946 ], [ 123.061948700000016, -3.51438 ], [ 123.062714, -3.514594199999976 ], [ 123.064486100000067, -3.514553399999954 ], [ 123.065496200000098, -3.515060199999937 ], [ 123.066781900000024, -3.515478599999938 ], [ 123.06816630000003, -3.515890099999979 ], [ 123.068866900000103, -3.515978599999926 ], [ 123.069992800000023, -3.515597599999978 ], [ 123.071064200000023, -3.514689499999974 ], [ 123.071968900000115, -3.514080599999943 ], [ 123.074332800000093, -3.513546599999927 ], [ 123.0759246, -3.513070399999947 ], [ 123.076955200000043, -3.51250239999996 ], [ 123.078955200000109, -3.51184939999996 ], [ 123.080322500000079, -3.511400399999957 ], [ 123.081628600000045, -3.510257599999932 ], [ 123.08217280000008, -3.509781399999952 ], [ 123.083938100000069, -3.50945489999998 ], [ 123.086067300000082, -3.509050099999968 ], [ 123.087288400000034, -3.508203199999969 ], [ 123.091438, -3.505363099999954 ], [ 123.094995800000106, -3.505247399999973 ], [ 123.096043400000099, -3.502485599999943 ], [ 123.098335800000086, -3.502553599999942 ], [ 123.098465100000112, -3.50241079999995 ], [ 123.100199800000041, -3.502662499999929 ], [ 123.102784800000109, -3.504744099999925 ], [ 123.101723500000048, -3.505757599999924 ], [ 123.098165800000061, -3.508437899999933 ], [ 123.096070600000076, -3.510138499999925 ], [ 123.093159100000094, -3.512192899999945 ], [ 123.088220400000068, -3.515771099999938 ], [ 123.084288500000071, -3.519186 ], [ 123.083676200000014, -3.519757399999946 ], [ 123.081526600000075, -3.521757399999956 ], [ 123.078411, -3.523947799999974 ], [ 123.077758, -3.524396799999977 ], [ 123.075499500000092, -3.525376399999971 ], [ 123.074070900000038, -3.526124699999968 ], [ 123.070683200000076, -3.527389899999946 ], [ 123.067390800000112, -3.528151799999932 ], [ 123.064901, -3.52836949999994 ], [ 123.062560900000108, -3.528342299999963 ], [ 123.059948700000064, -3.527648399999975 ], [ 123.058899600000018, -3.526707 ], [ 123.058860300000106, -3.526696099999981 ], [ 123.058853800000065, -3.526689599999941 ], [ 123.058574600000043, -3.526410399999975 ], [ 123.058240500000011, -3.52578989999995 ], [ 123.058050800000046, -3.525437599999975 ], [ 123.057472600000096, -3.524648499999955 ], [ 123.057465800000045, -3.524573699999962 ], [ 123.057554200000027, -3.523845799999947 ], [ 123.057577800000104, -3.52371119999998 ], [ 123.057600200000024, -3.523584 ] ] ], [ [ [ 122.612079100000074, -3.390219199999933 ], [ 122.611289200000101, -3.389528299999938 ], [ 122.611081100000092, -3.389346299999943 ], [ 122.611081100000092, -3.389224099999979 ], [ 122.611051400000065, -3.389197799999977 ], [ 122.611061300000074, -3.388356099999953 ], [ 122.611557300000072, -3.38796 ], [ 122.612360800000033, -3.388068899999951 ], [ 122.612446500000033, -3.38809329999998 ], [ 122.613124600000106, -3.388286799999946 ], [ 122.61313240000004, -3.388297899999941 ], [ 122.613184100000012, -3.388306599999964 ], [ 122.61384750000002, -3.388780599999961 ], [ 122.614057000000116, -3.388930399999936 ], [ 122.614533500000107, -3.389415099999951 ], [ 122.614572900000098, -3.389455199999929 ], [ 122.614681500000074, -3.389731299999937 ], [ 122.615118500000108, -3.390841599999931 ], [ 122.615097800000058, -3.391137399999934 ], [ 122.615114600000084, -3.391291799999976 ], [ 122.615054100000066, -3.391408699999943 ], [ 122.614844500000117, -3.391537699999958 ], [ 122.61459380000008, -3.391578399999958 ], [ 122.6137486, -3.391168299999947 ], [ 122.613511500000072, -3.391168299999947 ], [ 122.613425500000062, -3.391111899999942 ], [ 122.61285260000011, -3.39073609999997 ], [ 122.6121227000001, -3.390257299999973 ], [ 122.612079100000074, -3.390219199999933 ] ] ], [ [ [ 122.81723020000004, -3.388261799999952 ], [ 122.817223600000034, -3.388262199999929 ], [ 122.817209, -3.388263 ], [ 122.816859400000112, -3.388282 ], [ 122.816678, -3.388197299999945 ], [ 122.816648800000053, -3.388161099999934 ], [ 122.816544900000054, -3.388032 ], [ 122.816645700000095, -3.387886899999955 ], [ 122.816553000000113, -3.38752809999994 ], [ 122.816448200000082, -3.387177399999928 ], [ 122.816488500000105, -3.387072599999954 ], [ 122.816488500000105, -3.386887199999933 ], [ 122.816557000000103, -3.386693699999967 ], [ 122.816569100000038, -3.386657399999933 ], [ 122.816601000000105, -3.386555899999962 ], [ 122.816613500000017, -3.386516299999926 ], [ 122.816553000000113, -3.386330899999962 ], [ 122.816589300000032, -3.386121299999957 ], [ 122.816698100000053, -3.385943899999972 ], [ 122.817161700000042, -3.385613299999932 ], [ 122.817439500000091, -3.385453 ], [ 122.817583100000093, -3.385285 ], [ 122.81786580000005, -3.385278899999946 ], [ 122.817979, -3.385254099999941 ], [ 122.818003200000021, -3.385238399999935 ], [ 122.818181400000071, -3.385245899999973 ], [ 122.818196700000044, -3.385242499999947 ], [ 122.818551500000012, -3.385254599999939 ], [ 122.818662900000049, -3.385347899999942 ], [ 122.818874, -3.38552459999994 ], [ 122.819111800000087, -3.385867299999973 ], [ 122.819136, -3.386536499999977 ], [ 122.819030500000054, -3.386735699999974 ], [ 122.81903120000004, -3.386738 ], [ 122.818962600000077, -3.386951699999941 ], [ 122.819071500000064, -3.387036299999977 ], [ 122.8188861000001, -3.387314499999945 ], [ 122.818735, -3.387318499999935 ], [ 122.818563900000072, -3.387497099999962 ], [ 122.818412400000057, -3.387655099999961 ], [ 122.818085900000028, -3.388062299999945 ], [ 122.817943400000104, -3.388126899999975 ], [ 122.817610200000104, -3.388277899999935 ], [ 122.817258, -3.388258199999939 ], [ 122.817253800000117, -3.388257899999928 ], [ 122.817251400000032, -3.388259799999958 ], [ 122.81723670000008, -3.388256799999965 ], [ 122.81723020000004, -3.388261799999952 ] ] ], [ [ [ 122.602843300000018, -3.377551399999959 ], [ 122.602836300000035, -3.377540299999964 ], [ 122.6028966, -3.376967299999933 ], [ 122.603047400000037, -3.376665799999955 ], [ 122.603157, -3.376540599999942 ], [ 122.603258500000038, -3.37642459999995 ], [ 122.603425900000047, -3.376335299999937 ], [ 122.603710800000044, -3.37618329999998 ], [ 122.604014, -3.376040699999976 ], [ 122.604184100000111, -3.375999499999978 ], [ 122.604904, -3.376437899999928 ], [ 122.605433300000072, -3.377079 ], [ 122.606062900000097, -3.377841799999942 ], [ 122.6053693, -3.378595699999948 ], [ 122.605339200000117, -3.378600899999981 ], [ 122.605243500000029, -3.378654499999925 ], [ 122.605024600000093, -3.378777 ], [ 122.60424660000001, -3.378926099999944 ], [ 122.60416280000004, -3.37892729999993 ], [ 122.604008300000032, -3.378929399999947 ], [ 122.60395230000006, -3.378930099999934 ], [ 122.603625800000032, -3.378805199999931 ], [ 122.60306520000006, -3.378148 ], [ 122.6030412, -3.378119899999945 ], [ 122.603044800000021, -3.378108 ], [ 122.602996500000017, -3.378011399999934 ], [ 122.602836300000035, -3.377691 ], [ 122.602843300000018, -3.377551399999959 ] ] ], [ [ [ 122.590902400000118, -3.363183399999969 ], [ 122.590592, -3.363094699999976 ], [ 122.590471, -3.362889099999961 ], [ 122.590550200000052, -3.362630899999942 ], [ 122.590544800000089, -3.362625399999956 ], [ 122.590551600000026, -3.362623 ], [ 122.590539500000091, -3.362433599999974 ], [ 122.590575800000011, -3.362276299999962 ], [ 122.590970900000116, -3.361748299999931 ], [ 122.591192600000113, -3.36160719999998 ], [ 122.591379800000027, -3.361576399999933 ], [ 122.591704, -3.361523099999943 ], [ 122.591781200000014, -3.361510399999929 ], [ 122.591989300000023, -3.361481899999944 ], [ 122.592192300000079, -3.361454 ], [ 122.592195200000106, -3.36144829999995 ], [ 122.592200400000024, -3.36145 ], [ 122.592655900000068, -3.361675699999978 ], [ 122.593022800000085, -3.362082899999962 ], [ 122.593321100000026, -3.362756099999956 ], [ 122.593256600000018, -3.363126899999941 ], [ 122.593198500000085, -3.363272099999961 ], [ 122.5931974, -3.363272599999959 ], [ 122.593204200000059, -3.363292199999933 ], [ 122.593142500000113, -3.363373799999977 ], [ 122.593079200000034, -3.363457499999924 ], [ 122.592944500000044, -3.363516799999957 ], [ 122.592428900000073, -3.363743899999974 ], [ 122.592402000000106, -3.363755799999979 ], [ 122.591809400000102, -3.363715499999955 ], [ 122.591587900000036, -3.363540899999975 ], [ 122.591530600000056, -3.363495799999953 ], [ 122.591466700000069, -3.363445399999932 ], [ 122.591331400000058, -3.363382599999966 ], [ 122.591132200000061, -3.363290099999972 ], [ 122.590902400000118, -3.363183399999969 ] ] ], [ [ [ 122.549831272, -3.289668326999958 ], [ 122.549821773000076, -3.289691124999933 ], [ 122.549627189000034, -3.28984864499995 ], [ 122.549506733000044, -3.289987632999953 ], [ 122.549386276000064, -3.290154418999975 ], [ 122.549191693000012, -3.290247077999936 ], [ 122.549113116000058, -3.290265785999964 ], [ 122.548997109000084, -3.290293406999979 ], [ 122.548867387000087, -3.290302672999928 ], [ 122.548663538000028, -3.290330470999947 ], [ 122.548255839000035, -3.29026560899996 ], [ 122.547395400000028, -3.28990639999995 ], [ 122.546178600000076, -3.288657799999953 ], [ 122.545739200000071, -3.287814199999957 ], [ 122.545570200000043, -3.287038099999961 ], [ 122.545604, -3.286295699999926 ], [ 122.545596531000115, -3.286086696999973 ], [ 122.545716988000095, -3.285790188999954 ], [ 122.545967166000082, -3.285595605999958 ], [ 122.546152484000118, -3.28553074499996 ], [ 122.546439726000017, -3.285484414999928 ], [ 122.546838159000117, -3.285456616999966 ], [ 122.547347783000077, -3.285484414999928 ], [ 122.5477832790001, -3.285595605999958 ], [ 122.548061255000107, -3.285706795999943 ], [ 122.548274371000048, -3.285808720999967 ], [ 122.548478220000106, -3.285892113999978 ], [ 122.54863574, -3.285994038999945 ], [ 122.548728399000083, -3.286086696999973 ], [ 122.548811792000038, -3.286179355999934 ], [ 122.548867387000087, -3.286262748999945 ], [ 122.548912392000034, -3.286334756999963 ], [ 122.548913716000015, -3.28633687599995 ], [ 122.549284352000086, -3.286772371999973 ], [ 122.549617923000028, -3.287207868999928 ], [ 122.549868102000119, -3.28755997199994 ], [ 122.550118281000096, -3.28782868299993 ], [ 122.55022947100008, -3.288162254999975 ], [ 122.550251987000024, -3.288319865999938 ], [ 122.550266535000105, -3.288421698999969 ], [ 122.550164610000024, -3.288792333999936 ], [ 122.550146078000012, -3.28889425899996 ], [ 122.550118281000096, -3.289079576999939 ], [ 122.550099749000083, -3.28916296999995 ], [ 122.550088713000036, -3.289196078999964 ], [ 122.550062685000057, -3.289274159999934 ], [ 122.550025622000021, -3.289339020999932 ], [ 122.549988558000109, -3.289394616999971 ], [ 122.549868102000119, -3.28957993399996 ], [ 122.549831272, -3.289668326999958 ] ] ], [ [ [ 122.634644500000036, -3.218405299999972 ], [ 122.63534960000004, -3.21984139999995 ], [ 122.635547, -3.22085519999996 ], [ 122.635180300000115, -3.22192519999993 ], [ 122.634418800000049, -3.222066 ], [ 122.6336291, -3.221953399999961 ], [ 122.632500900000082, -3.221784399999933 ], [ 122.63103430000001, -3.220967799999926 ], [ 122.630583000000115, -3.219588 ], [ 122.63159840000003, -3.218855799999972 ], [ 122.631614700000114, -3.218857899999932 ], [ 122.631739400000015, -3.218658699999935 ], [ 122.632149900000059, -3.218516099999931 ], [ 122.632416300000045, -3.21820809999997 ], [ 122.634052200000042, -3.218067299999973 ], [ 122.634644500000036, -3.218405299999972 ] ] ], [ [ [ 122.5916942, -3.146049199999936 ], [ 122.5916390000001, -3.146014499999978 ], [ 122.591622100000109, -3.145935399999928 ], [ 122.591586900000038, -3.14585459999995 ], [ 122.5915678, -3.145712899999978 ], [ 122.591548700000089, -3.145571099999927 ], [ 122.59151230000009, -3.145503 ], [ 122.591500600000018, -3.145481099999927 ], [ 122.591496400000096, -3.145387199999959 ], [ 122.591445900000053, -3.145197699999926 ], [ 122.591407000000117, -3.145115 ], [ 122.591388200000097, -3.145028599999932 ], [ 122.591351, -3.144929299999944 ], [ 122.591358, -3.144874 ], [ 122.591326400000071, -3.144785699999943 ], [ 122.591318500000057, -3.144680799999946 ], [ 122.591341900000089, -3.144594099999949 ], [ 122.591403700000114, -3.144503499999928 ], [ 122.591487800000095, -3.144458799999938 ], [ 122.591592100000071, -3.144441699999959 ], [ 122.591643400000066, -3.144437699999969 ], [ 122.591757, -3.144422399999939 ], [ 122.591841400000021, -3.14445139999998 ], [ 122.591907600000013, -3.144500799999946 ], [ 122.591983, -3.144539 ], [ 122.592071300000043, -3.144601199999954 ], [ 122.592183500000033, -3.144690899999944 ], [ 122.592235500000015, -3.144739299999969 ], [ 122.59230140000011, -3.144800699999962 ], [ 122.5924056, -3.144934 ], [ 122.592513600000075, -3.145070399999952 ], [ 122.592573900000048, -3.145129499999939 ], [ 122.59264440000004, -3.145198599999958 ], [ 122.592725300000097, -3.145257099999981 ], [ 122.592828200000099, -3.145375199999933 ], [ 122.592845200000056, -3.145405699999969 ], [ 122.592931800000088, -3.145489899999973 ], [ 122.593051700000046, -3.145644 ], [ 122.593131400000061, -3.14580019999994 ], [ 122.593209400000092, -3.145996799999978 ], [ 122.593218900000011, -3.146072299999958 ], [ 122.593214200000034, -3.146120099999962 ], [ 122.593085300000098, -3.146278199999927 ], [ 122.593039800000042, -3.146502799999951 ], [ 122.592981, -3.146793399999979 ], [ 122.592683900000111, -3.146762299999978 ], [ 122.5923242, -3.146603399999947 ], [ 122.592171300000018, -3.14651079999993 ], [ 122.592096, -3.14648909999994 ], [ 122.592064100000016, -3.146475299999963 ], [ 122.592004200000019, -3.146449099999927 ], [ 122.591967200000113, -3.146377499999971 ], [ 122.591910400000074, -3.146379599999932 ], [ 122.591835, -3.146337699999947 ], [ 122.591715100000101, -3.14619829999998 ], [ 122.591738600000099, -3.146128199999964 ], [ 122.5916942, -3.146049199999936 ] ] ], [ [ [ 122.623910900000055, -3.133402499999931 ], [ 122.623911, -3.133432499999969 ], [ 122.624076, -3.133405 ], [ 122.624152, -3.13343029999993 ], [ 122.624122500000112, -3.133582199999978 ], [ 122.624046400000111, -3.133662399999935 ], [ 122.623978800000032, -3.133826899999974 ], [ 122.623881600000118, -3.133940799999948 ], [ 122.62368570000001, -3.133961 ], [ 122.623627600000077, -3.134098299999948 ], [ 122.623636200000078, -3.13416669999998 ], [ 122.623332400000095, -3.134369 ], [ 122.622884500000055, -3.134470199999953 ], [ 122.622649200000069, -3.13444439999995 ], [ 122.622620300000108, -3.134428199999945 ], [ 122.622631, -3.134166499999935 ], [ 122.622825400000011, -3.133888099999979 ], [ 122.623095800000101, -3.133694 ], [ 122.623298600000112, -3.133685599999978 ], [ 122.623349300000086, -3.133618099999978 ], [ 122.6235014, -3.133499899999947 ], [ 122.623763300000064, -3.133407099999943 ], [ 122.623910900000055, -3.133402499999931 ] ] ], [ [ [ 122.614138600000047, -3.13070289999996 ], [ 122.614290800000049, -3.130728199999965 ], [ 122.614497800000095, -3.130880099999956 ], [ 122.614687900000035, -3.130816799999934 ], [ 122.614785100000063, -3.130724 ], [ 122.615059700000074, -3.130715599999974 ], [ 122.615262500000085, -3.130880099999956 ], [ 122.615596300000107, -3.131251299999974 ], [ 122.615769500000056, -3.131441199999927 ], [ 122.615609, -3.131508699999927 ], [ 122.6151949, -3.131580399999962 ], [ 122.614747100000045, -3.131736499999931 ], [ 122.614218900000083, -3.131681699999945 ], [ 122.613906300000053, -3.131500199999948 ], [ 122.613733, -3.131386299999974 ], [ 122.613758400000052, -3.131217599999957 ], [ 122.613935800000036, -3.131095199999947 ], [ 122.613915200000065, -3.130953399999953 ], [ 122.613911100000109, -3.130956699999956 ], [ 122.613758400000052, -3.130871699999943 ], [ 122.61364930000002, -3.130906399999958 ], [ 122.613584900000092, -3.130885399999954 ], [ 122.613242600000035, -3.130800299999976 ], [ 122.612957500000107, -3.130801 ], [ 122.612761200000023, -3.131019199999969 ], [ 122.612336500000083, -3.13078749999994 ], [ 122.612188200000105, -3.130589799999939 ], [ 122.610792100000026, -3.130523299999936 ], [ 122.61036, -3.130589799999939 ], [ 122.60995, -3.130589799999939 ], [ 122.609019300000114, -3.130700599999955 ], [ 122.608887600000116, -3.130841099999941 ], [ 122.608686900000066, -3.131055099999969 ], [ 122.608199400000103, -3.131210199999941 ], [ 122.608, -3.131055099999969 ], [ 122.608188400000017, -3.130576699999949 ], [ 122.608288, -3.130323799999928 ], [ 122.608310200000119, -3.129792 ], [ 122.608066400000098, -3.129570399999977 ], [ 122.607667600000013, -3.129304499999932 ], [ 122.607325100000025, -3.129197499999975 ], [ 122.607254100000091, -3.12888 ], [ 122.608864200000085, -3.127997 ], [ 122.609750600000098, -3.127465199999961 ], [ 122.610127300000045, -3.126889 ], [ 122.61026030000005, -3.126423699999975 ], [ 122.610193800000047, -3.125758899999937 ], [ 122.610083, -3.125160499999936 ], [ 122.609639800000082, -3.125204899999972 ], [ 122.609625700000038, -3.125120199999969 ], [ 122.610504100000071, -3.124673 ], [ 122.61110240000005, -3.124229799999966 ], [ 122.611434800000097, -3.124163299999964 ], [ 122.611900100000071, -3.12414119999994 ], [ 122.612454100000036, -3.124008199999935 ], [ 122.613031400000068, -3.123690699999941 ], [ 122.613111300000014, -3.123837099999946 ], [ 122.613368600000058, -3.12415169999997 ], [ 122.613398, -3.124495499999966 ], [ 122.613399700000059, -3.124540399999944 ], [ 122.61360650000006, -3.125204899999972 ], [ 122.613628600000084, -3.127332199999955 ], [ 122.61358430000007, -3.128684 ], [ 122.613783700000113, -3.13008009999993 ], [ 122.613961, -3.130456799999934 ], [ 122.614071800000033, -3.130523299999936 ], [ 122.61403990000008, -3.130576499999961 ], [ 122.614138600000047, -3.13070289999996 ] ] ], [ [ [ 122.593545200000108, -3.119677 ], [ 122.593174600000111, -3.119677899999942 ], [ 122.592829300000062, -3.119753199999934 ], [ 122.592565500000092, -3.119424 ], [ 122.592252800000097, -3.119246799999928 ], [ 122.5919824, -3.119120299999963 ], [ 122.591534700000011, -3.119232 ], [ 122.591148700000076, -3.118937899999935 ], [ 122.591519, -3.118793699999969 ], [ 122.591747, -3.118793099999948 ], [ 122.591974900000082, -3.118706599999939 ], [ 122.59223140000006, -3.118706 ], [ 122.592630700000086, -3.118762299999958 ], [ 122.593458400000031, -3.119161399999939 ], [ 122.593658600000026, -3.119418799999949 ], [ 122.593545200000108, -3.119677 ] ] ], [ [ [ 122.588517900000056, -3.11815839999997 ], [ 122.589045400000032, -3.117908599999964 ], [ 122.590229900000054, -3.118047399999966 ], [ 122.58994580000001, -3.118420599999979 ], [ 122.59000350000008, -3.118707 ], [ 122.589832900000033, -3.118908099999942 ], [ 122.589605, -3.118965899999978 ], [ 122.589006200000085, -3.118910099999937 ], [ 122.58846410000001, -3.11871089999994 ], [ 122.588121700000102, -3.118597099999931 ], [ 122.588092600000095, -3.11833919999998 ], [ 122.588221600000111, -3.118111 ], [ 122.588517900000056, -3.11815839999997 ] ] ], [ [ [ 122.580404300000055, -3.113941599999976 ], [ 122.580871400000092, -3.114029699999946 ], [ 122.581000800000083, -3.114223099999947 ], [ 122.581102800000053, -3.114448099999947 ], [ 122.581171300000051, -3.114748199999951 ], [ 122.581122500000106, -3.115073299999949 ], [ 122.581009900000026, -3.115444199999956 ], [ 122.580798400000049, -3.115708699999971 ], [ 122.580406400000015, -3.115883599999961 ], [ 122.57990940000002, -3.116014 ], [ 122.579054200000087, -3.116016099999968 ], [ 122.57874060000006, -3.116016899999977 ], [ 122.578370100000029, -3.116075099999932 ], [ 122.578028400000107, -3.116219199999932 ], [ 122.57707890000006, -3.116658399999949 ], [ 122.576718500000084, -3.116852899999969 ], [ 122.576409, -3.116917 ], [ 122.576090400000112, -3.117042199999958 ], [ 122.575698200000033, -3.11717589999995 ], [ 122.575248500000043, -3.117277 ], [ 122.574913200000083, -3.11732 ], [ 122.574544800000012, -3.117330199999969 ], [ 122.574224400000048, -3.117308899999955 ], [ 122.574200900000051, -3.117307299999936 ], [ 122.573964500000102, -3.117385899999931 ], [ 122.573784200000091, -3.117449399999941 ], [ 122.573573800000077, -3.117463799999939 ], [ 122.573522300000036, -3.11746729999993 ], [ 122.573179100000061, -3.117584299999976 ], [ 122.572949900000026, -3.117577299999937 ], [ 122.572707800000103, -3.117513799999927 ], [ 122.572704, -3.117512799999929 ], [ 122.572556300000088, -3.117447799999979 ], [ 122.572416600000111, -3.117308599999944 ], [ 122.572365800000057, -3.117037299999936 ], [ 122.572299300000054, -3.116759499999944 ], [ 122.572298900000078, -3.116757899999925 ], [ 122.572273500000051, -3.116593499999965 ], [ 122.572149600000103, -3.116396699999939 ], [ 122.572077300000046, -3.116313799999944 ], [ 122.571770300000026, -3.116388299999926 ], [ 122.571617200000105, -3.116332199999931 ], [ 122.571178100000111, -3.116168799999969 ], [ 122.570866600000045, -3.115995199999929 ], [ 122.570677700000033, -3.115714399999945 ], [ 122.5706063, -3.115479499999935 ], [ 122.570612200000028, -3.115397799999926 ], [ 122.570626700000048, -3.115198699999951 ], [ 122.57072370000003, -3.114958799999954 ], [ 122.57088710000005, -3.114769799999976 ], [ 122.570921000000112, -3.11471279999995 ], [ 122.570999400000119, -3.114580899999964 ], [ 122.571173800000111, -3.114572 ], [ 122.571188600000028, -3.113731599999937 ], [ 122.571625600000061, -3.113737499999957 ], [ 122.572028800000112, -3.113743 ], [ 122.573016600000074, -3.113756299999977 ], [ 122.5732044, -3.113758899999937 ], [ 122.573215000000118, -3.113706 ], [ 122.57422530000008, -3.113691299999971 ], [ 122.575284600000032, -3.113675899999976 ], [ 122.575291800000059, -3.113788099999965 ], [ 122.57567430000006, -3.11376869999998 ], [ 122.575655100000063, -3.11440239999996 ], [ 122.57565210000007, -3.11440239999996 ], [ 122.575800800000025, -3.114427699999965 ], [ 122.575910100000101, -3.11444629999994 ], [ 122.576016600000116, -3.114382599999942 ], [ 122.576156900000115, -3.114349299999958 ], [ 122.576286600000117, -3.114378299999942 ], [ 122.578012500000114, -3.114281699999935 ], [ 122.578167400000098, -3.114221599999951 ], [ 122.578812900000116, -3.114152799999943 ], [ 122.579195100000106, -3.114258799999959 ], [ 122.579627900000105, -3.114159699999959 ], [ 122.58004690000007, -3.113950299999942 ], [ 122.580404300000055, -3.113941599999976 ] ] ], [ [ [ 122.532035200000109, -3.094694799999957 ], [ 122.532254800000032, -3.094602299999963 ], [ 122.532345700000064, -3.094344299999932 ], [ 122.532546800000091, -3.094159699999977 ], [ 122.532912500000066, -3.093937899999958 ], [ 122.533168400000022, -3.093734799999936 ], [ 122.533717700000011, -3.093678199999943 ], [ 122.533745200000112, -3.093664599999954 ], [ 122.533984100000112, -3.093798199999981 ], [ 122.534922100000017, -3.093720099999928 ], [ 122.536867600000051, -3.092937599999971 ], [ 122.5374706, -3.093024799999966 ], [ 122.538294600000086, -3.092967599999952 ], [ 122.538715400000115, -3.092819299999974 ], [ 122.539411700000073, -3.092946499999925 ], [ 122.540088900000114, -3.092797599999926 ], [ 122.54106, -3.092961 ], [ 122.541352600000096, -3.092813 ], [ 122.541425500000059, -3.092647099999965 ], [ 122.54182830000002, -3.092609299999936 ], [ 122.542673600000057, -3.092737099999965 ], [ 122.543374300000096, -3.093084699999963 ], [ 122.543842400000017, -3.093492099999935 ], [ 122.542619300000069, -3.093498499999953 ], [ 122.541979200000014, -3.093619 ], [ 122.541996400000016, -3.093989699999952 ], [ 122.541685500000085, -3.094137699999976 ], [ 122.541392700000074, -3.094230499999981 ], [ 122.540788900000052, -3.094471299999952 ], [ 122.540294400000107, -3.094490899999926 ], [ 122.539763400000083, -3.094510499999956 ], [ 122.539049600000112, -3.094714799999963 ], [ 122.538628500000073, -3.094771 ], [ 122.5380063, -3.094975 ], [ 122.53740270000003, -3.095307899999966 ], [ 122.536359700000048, -3.095660199999941 ], [ 122.536012400000118, -3.09593719999998 ], [ 122.535444700000085, -3.095956899999976 ], [ 122.535152, -3.096123299999931 ], [ 122.53471310000009, -3.096382099999971 ], [ 122.534182500000043, -3.096604299999967 ], [ 122.533889800000111, -3.096715499999959 ], [ 122.533523400000036, -3.096661199999971 ], [ 122.533267, -3.09668019999998 ], [ 122.532790700000078, -3.096607699999936 ], [ 122.532442500000116, -3.09651649999995 ], [ 122.532131200000094, -3.096535599999925 ], [ 122.531874400000106, -3.096389 ], [ 122.531654700000104, -3.09638949999993 ], [ 122.531654100000083, -3.096150199999954 ], [ 122.531488700000068, -3.095929599999977 ], [ 122.53159810000011, -3.095726899999931 ], [ 122.531671, -3.095542599999931 ], [ 122.531835400000091, -3.095394899999974 ], [ 122.531981600000108, -3.095247299999926 ], [ 122.531889600000113, -3.095045 ], [ 122.532035200000109, -3.094694799999957 ] ] ], [ [ [ 122.531164500000045, -3.090499399999942 ], [ 122.5310541, -3.090278699999942 ], [ 122.530962100000011, -3.090094799999974 ], [ 122.530979800000068, -3.089893699999948 ], [ 122.530979900000034, -3.089892299999974 ], [ 122.530980900000031, -3.089892099999929 ], [ 122.531181300000071, -3.089854899999978 ], [ 122.531254500000045, -3.089854799999955 ], [ 122.530979600000023, -3.089763399999924 ], [ 122.530869400000029, -3.089616399999954 ], [ 122.530960500000106, -3.089413599999943 ], [ 122.531198300000028, -3.089284199999952 ], [ 122.53147290000004, -3.089265099999977 ], [ 122.531656000000112, -3.089246299999957 ], [ 122.531784100000095, -3.089209099999948 ], [ 122.531967400000099, -3.089263899999935 ], [ 122.532059100000083, -3.089300499999979 ], [ 122.532333700000095, -3.08928149999997 ], [ 122.532681900000057, -3.089391099999943 ], [ 122.532865, -3.089372199999957 ], [ 122.533030300000064, -3.089555899999937 ], [ 122.533268900000053, -3.089757899999938 ], [ 122.533342500000117, -3.089923399999975 ], [ 122.533361600000035, -3.090254699999946 ], [ 122.533380400000055, -3.090457199999946 ], [ 122.533377500000029, -3.090512699999977 ], [ 122.533027900000093, -3.091004599999962 ], [ 122.532813900000065, -3.09099249999997 ], [ 122.532649000000106, -3.090956099999971 ], [ 122.532484400000044, -3.091030099999955 ], [ 122.532265, -3.091177899999934 ], [ 122.532063600000015, -3.091215199999965 ], [ 122.531825200000071, -3.091105299999981 ], [ 122.531806500000016, -3.090921299999934 ], [ 122.5317146000001, -3.090792599999929 ], [ 122.531659500000046, -3.090719099999944 ], [ 122.531622600000105, -3.090608699999962 ], [ 122.531292900000039, -3.090572699999939 ], [ 122.531164500000045, -3.090499399999942 ] ] ], [ [ [ 122.528923400000053, -3.08765109999996 ], [ 122.528612300000077, -3.087762299999952 ], [ 122.528428800000029, -3.08761549999997 ], [ 122.52822720000006, -3.087523899999951 ], [ 122.527934100000039, -3.08750619999995 ], [ 122.527640900000051, -3.08743329999993 ], [ 122.527457, -3.08710229999997 ], [ 122.527089500000102, -3.086258099999952 ], [ 122.527088700000036, -3.086256299999945 ], [ 122.527089700000033, -3.086256099999957 ], [ 122.527271800000108, -3.086219 ], [ 122.527399700000046, -3.086126699999966 ], [ 122.527802400000041, -3.086015299999929 ], [ 122.528369400000088, -3.085700899999949 ], [ 122.528790600000093, -3.085681499999964 ], [ 122.5290099, -3.085496899999953 ], [ 122.528826300000105, -3.085313199999973 ], [ 122.528824900000018, -3.084705699999972 ], [ 122.529061700000057, -3.084171199999957 ], [ 122.529281100000048, -3.084005 ], [ 122.529445900000042, -3.08398619999997 ], [ 122.5296839, -3.083985599999949 ], [ 122.52983, -3.083782699999972 ], [ 122.529847800000084, -3.083561799999927 ], [ 122.530213600000025, -3.083358399999952 ], [ 122.530341600000042, -3.083284399999968 ], [ 122.530469800000105, -3.083284099999958 ], [ 122.530708300000015, -3.083467699999972 ], [ 122.530946400000062, -3.08346709999995 ], [ 122.531074500000045, -3.083448399999952 ], [ 122.530744200000072, -3.083173 ], [ 122.530487200000039, -3.082915899999932 ], [ 122.530376600000068, -3.082603199999937 ], [ 122.530595800000015, -3.08236329999994 ], [ 122.530888100000084, -3.082068 ], [ 122.530887700000108, -3.08188389999998 ], [ 122.530777300000068, -3.081681699999933 ], [ 122.530831700000022, -3.081460599999957 ], [ 122.530812900000114, -3.081258199999979 ], [ 122.530885700000113, -3.081055499999934 ], [ 122.530812, -3.080834699999969 ], [ 122.530720400000064, -3.080835 ], [ 122.530335700000023, -3.080799099999979 ], [ 122.530225500000029, -3.080652 ], [ 122.53038980000008, -3.080449099999953 ], [ 122.530664000000115, -3.080246 ], [ 122.531048500000111, -3.080189799999971 ], [ 122.531341400000088, -3.080133899999964 ], [ 122.53156110000009, -3.080096499999968 ], [ 122.531835500000057, -3.079967 ], [ 122.532018400000084, -3.079892899999948 ], [ 122.532274700000016, -3.079837099999963 ], [ 122.532475800000043, -3.079707699999972 ], [ 122.532658900000115, -3.079652099999976 ], [ 122.532841800000028, -3.079559599999925 ], [ 122.533043200000066, -3.079540699999939 ], [ 122.533189400000083, -3.079411399999969 ], [ 122.533391, -3.079484599999944 ], [ 122.533629400000109, -3.079612899999972 ], [ 122.533775900000023, -3.079612599999962 ], [ 122.53397730000006, -3.079575299999931 ], [ 122.534252200000083, -3.079685099999949 ], [ 122.534399100000087, -3.079832 ], [ 122.534673800000064, -3.079831299999967 ], [ 122.534894100000088, -3.080033299999968 ], [ 122.5352057, -3.080143 ], [ 122.535425700000019, -3.080253 ], [ 122.5357007, -3.080399599999964 ], [ 122.535957200000098, -3.080435799999975 ], [ 122.536287300000026, -3.080600699999934 ], [ 122.536598500000082, -3.080581499999937 ], [ 122.536854900000094, -3.080580899999973 ], [ 122.537038100000018, -3.08058049999994 ], [ 122.537038300000063, -3.080672499999935 ], [ 122.536782300000027, -3.080838899999947 ], [ 122.536617800000045, -3.080986499999938 ], [ 122.536379900000043, -3.081042299999979 ], [ 122.535958800000117, -3.081080199999974 ], [ 122.535537700000077, -3.081136399999934 ], [ 122.535153100000116, -3.081155699999954 ], [ 122.535098300000072, -3.081229499999949 ], [ 122.534934, -3.081414 ], [ 122.534787400000027, -3.081414399999971 ], [ 122.53458610000007, -3.081470099999933 ], [ 122.534439800000087, -3.081562499999961 ], [ 122.534458600000107, -3.081746499999952 ], [ 122.534513700000048, -3.08182 ], [ 122.534532400000103, -3.081985699999962 ], [ 122.53444090000005, -3.082004299999937 ], [ 122.534221100000082, -3.082004799999936 ], [ 122.534111200000098, -3.082005099999947 ], [ 122.534276400000067, -3.082133599999963 ], [ 122.534441500000071, -3.082280499999968 ], [ 122.534478300000046, -3.082354 ], [ 122.534460200000012, -3.08244609999997 ], [ 122.534259200000065, -3.082612299999937 ], [ 122.53393, -3.082815599999947 ], [ 122.533930100000021, -3.082870799999966 ], [ 122.534113800000114, -3.083091299999978 ], [ 122.534242500000119, -3.083293499999968 ], [ 122.53437120000001, -3.083495699999958 ], [ 122.53440820000003, -3.083679699999948 ], [ 122.534390700000017, -3.083992799999976 ], [ 122.53422640000008, -3.084250899999972 ], [ 122.534336200000098, -3.084195399999942 ], [ 122.534592500000031, -3.084176399999933 ], [ 122.534793900000068, -3.084139099999959 ], [ 122.535178700000074, -3.084230199999979 ], [ 122.535398300000111, -3.084137599999963 ], [ 122.535526600000026, -3.084211 ], [ 122.535527300000012, -3.084505499999977 ], [ 122.535326300000065, -3.084690099999932 ], [ 122.535345200000052, -3.084911 ], [ 122.535638200000108, -3.084928699999978 ], [ 122.535803000000101, -3.084928299999945 ], [ 122.536059600000044, -3.084982899999943 ], [ 122.536096500000099, -3.08511169999997 ], [ 122.536225200000104, -3.08531389999996 ], [ 122.536189200000081, -3.085590099999933 ], [ 122.536116300000117, -3.085737599999959 ], [ 122.536263, -3.085829299999943 ], [ 122.536428200000046, -3.085976199999948 ], [ 122.536739700000112, -3.086030699999981 ], [ 122.536886, -3.08595669999994 ], [ 122.537124600000084, -3.086158599999976 ], [ 122.537234400000102, -3.086139899999978 ], [ 122.537316300000043, -3.086204299999963 ], [ 122.537335400000075, -3.086490499999968 ], [ 122.537247500000035, -3.086812499999951 ], [ 122.537180400000011, -3.087394099999926 ], [ 122.536908400000016, -3.087687199999948 ], [ 122.536744400000089, -3.08800059999993 ], [ 122.536342000000104, -3.088222499999972 ], [ 122.535884600000031, -3.088407699999948 ], [ 122.535519, -3.088721499999963 ], [ 122.53497010000001, -3.088925299999971 ], [ 122.534659100000113, -3.089091799999949 ], [ 122.534292900000082, -3.089111099999968 ], [ 122.533834900000102, -3.089056899999946 ], [ 122.53313890000004, -3.089021799999955 ], [ 122.532736100000079, -3.089059599999928 ], [ 122.532479800000033, -3.089115399999969 ], [ 122.532021800000052, -3.089024499999937 ], [ 122.531728700000031, -3.089006799999936 ], [ 122.531398700000068, -3.088860299999965 ], [ 122.531251800000064, -3.08869489999995 ], [ 122.531086500000015, -3.088511199999971 ], [ 122.530829400000016, -3.08821729999994 ], [ 122.530755800000065, -3.088070199999947 ], [ 122.530773400000044, -3.087757099999976 ], [ 122.530773, -3.087573 ], [ 122.530553200000099, -3.087592 ], [ 122.530095600000095, -3.087666699999943 ], [ 122.529839300000049, -3.08772259999995 ], [ 122.529747900000075, -3.087814799999933 ], [ 122.529399500000068, -3.087631599999952 ], [ 122.529179800000065, -3.087650499999938 ], [ 122.528923400000053, -3.08765109999996 ] ] ] ] } }
]
}
