{
"type": "FeatureCollection",
"name": "kdkab_08",
"crs": { "type": "name", "properties": { "name": "urn:ogc:def:crs:OGC:1.3:CRS84" } },
"xy_coordinate_resolution": 1e-15,
"features": [
{ "type": "Feature", "properties": { "fid": null, "gid": 238616.0, "kdprov": "72", "kdkab": "08", "kdkec": "030", "nmprov": "SULAWESI TENGAH", "nmkab": "PARIGI MOUTONG", "nmkec": "AMPIBABO", "luas": 0.13249860068, "sumber": null, "periode": "2024_1", "layer": null, "path": null, "idkec": "7208030" }, "geometry": { "type": "MultiPolygon", "coordinates": [ [ [ [ 120.246137690000069, -1.13266447899997 ], [ 120.245577690000118, -1.13266447899997 ], [ 120.244887690000041, -1.132634478999933 ], [ 120.244017690000078, -1.132604478999951 ], [ 120.243017690000102, -1.132414478999976 ], [ 120.242667690000076, -1.132414478999976 ], [ 120.24213769000005, -1.13244446899995 ], [ 120.241517690000023, -1.132534478999958 ], [ 120.240659790000109, -1.132795018999957 ], [ 120.240167690000021, -1.132944478999946 ], [ 120.239437310000085, -1.133240098999977 ], [ 120.239225429000044, -1.133095938999929 ], [ 120.239017420000096, -1.132954408999979 ], [ 120.238864780000085, -1.132795018999957 ], [ 120.237605280000025, -1.131479918999958 ], [ 120.237107660000106, -1.130960318999939 ], [ 120.236888290000024, -1.130855378999968 ], [ 120.235468750000109, -1.130176308999978 ], [ 120.235064460000103, -1.130153638999957 ], [ 120.233573980000074, -1.130070048999926 ], [ 120.233122200000025, -1.129953838999938 ], [ 120.232890980000093, -1.129894388999958 ], [ 120.232559760000072, -1.129809228999932 ], [ 120.230876579000096, -1.127850618999958 ], [ 120.230845879000071, -1.127814898999929 ], [ 120.230158160000087, -1.12738098899996 ], [ 120.229073799000048, -1.126696808999952 ], [ 120.228759280000077, -1.126208978999955 ], [ 120.228346359000057, -1.125568518999955 ], [ 120.228130269000076, -1.123012468999946 ], [ 120.227689129000055, -1.121786648999944 ], [ 120.227529140000115, -1.121342058999971 ], [ 120.227372949000028, -1.121139118999963 ], [ 120.226605310000082, -1.120141718999946 ], [ 120.22555095000007, -1.118950548999976 ], [ 120.225486020000062, -1.118755818999944 ], [ 120.224948830000017, -1.117144638999946 ], [ 120.22520046000011, -1.115924928999959 ], [ 120.225778030000015, -1.114641628999948 ], [ 120.226420950000033, -1.11335824899993 ], [ 120.227225450000105, -1.111866938999924 ], [ 120.2271005, -1.110678818999929 ], [ 120.227013640000109, -1.109852848999935 ], [ 120.225557790000039, -1.107451708999974 ], [ 120.224490770000102, -1.104643658999976 ], [ 120.22473332900006, -1.102285808999966 ], [ 120.224945600000069, -1.101764198999945 ], [ 120.22550194900009, -1.100397108999971 ], [ 120.22605008000005, -1.099593778999974 ], [ 120.226470320000089, -1.098977888999968 ], [ 120.227148470000088, -1.098109048999959 ], [ 120.228862399000036, -1.095913158999963 ], [ 120.229836420000083, -1.094359458999975 ], [ 120.230216710000036, -1.093752848999941 ], [ 120.230572670000015, -1.092616808999935 ], [ 120.230726340000047, -1.092126378999978 ], [ 120.230637200000047, -1.091601318999949 ], [ 120.230623620000074, -1.091521298999965 ], [ 120.230493570000021, -1.091112158999977 ], [ 120.230221800000095, -1.090257138999959 ], [ 120.229623470000092, -1.088920928999926 ], [ 120.229461119, -1.088547888999926 ], [ 120.229452262000109, -1.088527537999937 ], [ 120.2286922400001, -1.086781148999933 ], [ 120.228464029000065, -1.086116878999974 ], [ 120.227993300000094, -1.084746668999969 ], [ 120.227961620000087, -1.084654458999978 ], [ 120.2279570500001, -1.084641158999943 ], [ 120.227892240000074, -1.084484718999931 ], [ 120.22783039, -1.084335418999956 ], [ 120.22662549000006, -1.081426888999943 ], [ 120.22596936900004, -1.08067811899997 ], [ 120.225637020000022, -1.080298838999965 ], [ 120.22472343000004, -1.07914883899997 ], [ 120.224317770000084, -1.078638208999962 ], [ 120.223775790000104, -1.07831215899995 ], [ 120.221364990000097, -1.076861878999978 ], [ 120.220200600000112, -1.075530838999953 ], [ 120.219849219000025, -1.075129168999979 ], [ 120.219363150000049, -1.074376998999981 ], [ 120.218659740000021, -1.073288518999959 ], [ 120.218560060000073, -1.073134259999961 ], [ 120.218343160000018, -1.072552088999942 ], [ 120.218159730000025, -1.072059768999964 ], [ 120.218080180000015, -1.071203588999936 ], [ 120.21801705900009, -1.070524318999958 ], [ 120.218030359000068, -1.070437798999933 ], [ 120.218513990000019, -1.067290008999976 ], [ 120.218890900000019, -1.065401728999973 ], [ 120.218569640000055, -1.065281608999953 ], [ 120.216794940000113, -1.064618068999948 ], [ 120.215815520000092, -1.06463716899998 ], [ 120.214441590000092, -1.064313418999973 ], [ 120.212997010000095, -1.063330348999955 ], [ 120.212637830000062, -1.063179558999934 ], [ 120.21175216000006, -1.062807738999936 ], [ 120.20984997000005, -1.061752868999974 ], [ 120.209657100000072, -1.061591408999959 ], [ 120.20787775000008, -1.060101888999952 ], [ 120.206693370000039, -1.058909808999942 ], [ 120.205573640000011, -1.057782798999938 ], [ 120.205511330000036, -1.057705038999927 ], [ 120.204452550000042, -1.056383838999977 ], [ 120.203444720000107, -1.055155318999937 ], [ 120.202705180000066, -1.054253848999963 ], [ 120.202486670000098, -1.054302518999975 ], [ 120.202053160000105, -1.054399058999934 ], [ 120.201843120000035, -1.054687068999954 ], [ 120.201407079000091, -1.055284968999956 ], [ 120.200958720000017, -1.055957768999974 ], [ 120.200827689000107, -1.055784468999946 ], [ 120.200685063000037, -1.055356597999946 ], [ 120.20063769, -1.055214478999972 ], [ 120.200631290000047, -1.055206668999972 ], [ 120.20004768900003, -1.05449447899997 ], [ 120.199607690000107, -1.054304478999939 ], [ 120.199167679000084, -1.054274478999957 ], [ 120.198727690000055, -1.054364478999958 ], [ 120.198417690000042, -1.054614478999952 ], [ 120.198007690000054, -1.055594478999978 ], [ 120.197727689000089, -1.056374478999942 ], [ 120.197107690000053, -1.057104478999975 ], [ 120.196667690000027, -1.058014468999943 ], [ 120.196347690000039, -1.05923447899994 ], [ 120.196317690000114, -1.061654468999961 ], [ 120.196097690000101, -1.062574478999977 ], [ 120.195757689000061, -1.062914478999971 ], [ 120.195257690000062, -1.063354478999941 ], [ 120.192947690000096, -1.064334478999967 ], [ 120.19220934000009, -1.064612008999973 ], [ 120.191418850000105, -1.064084578999939 ], [ 120.189781080000103, -1.063435898999955 ], [ 120.187758310000049, -1.063663838999958 ], [ 120.187540960000092, -1.063700188999974 ], [ 120.187507689000086, -1.063674478999928 ], [ 120.186697690000074, -1.063354478999941 ], [ 120.186107680000077, -1.063354478999941 ], [ 120.185387690000084, -1.063384478999978 ], [ 120.184817689000056, -1.063544468999964 ], [ 120.183947690000082, -1.063824478999948 ], [ 120.183803480000051, -1.06387019899995 ], [ 120.182814549000113, -1.063206788999935 ], [ 120.18003365900006, -1.061341278999976 ], [ 120.176248800000053, -1.057560248999948 ], [ 120.173667440000031, -1.054323548999946 ], [ 120.17301671000007, -1.053507608999951 ], [ 120.172945520000098, -1.053442368999924 ], [ 120.172733358000073, -1.05324791399994 ], [ 120.171105070000067, -1.051755518999926 ], [ 120.170122300000116, -1.050854768999955 ], [ 120.167331590000117, -1.048530288999928 ], [ 120.166309460000093, -1.047678918999964 ], [ 120.166050510000105, -1.04767002899996 ], [ 120.165569330000039, -1.047653498999978 ], [ 120.165219040000011, -1.047644308999963 ], [ 120.16487225000003, -1.047635218999972 ], [ 120.163703650000116, -1.048521678999975 ], [ 120.16304045000004, -1.048802168999941 ], [ 120.162076460000094, -1.049209878999932 ], [ 120.160763300000099, -1.049712478999936 ], [ 120.160253240000088, -1.049907698999959 ], [ 120.160247170000048, -1.049923978999971 ], [ 120.158812120000107, -1.053775968999958 ], [ 120.158737430000087, -1.053690618999951 ], [ 120.158677880000027, -1.053622558999962 ], [ 120.15825841000003, -1.052469008999935 ], [ 120.154902630000038, -1.050686248999966 ], [ 120.152508400000102, -1.049770808999938 ], [ 120.1513371100001, -1.049322958999937 ], [ 120.1513371100001, -1.048588888999973 ], [ 120.1513371100001, -1.047540198999968 ], [ 120.151368880000064, -1.047497838999959 ], [ 120.151651709000021, -1.047120728999971 ], [ 120.151651709000021, -1.046491518999972 ], [ 120.151651709000021, -1.045967178999945 ], [ 120.151441979000083, -1.045442838999975 ], [ 120.151357650000023, -1.045021188999954 ], [ 120.150841130000117, -1.044794868999929 ], [ 120.148481249000042, -1.043677088999971 ], [ 120.147309300000074, -1.042821138999955 ], [ 120.147037510000018, -1.042821138999955 ], [ 120.146722909000118, -1.042925998999976 ], [ 120.146093700000051, -1.043135738999979 ], [ 120.145254750000049, -1.043555208999976 ], [ 120.144415810000055, -1.043555208999976 ], [ 120.143576860000053, -1.043450348999954 ], [ 120.142737920000059, -1.043450348999954 ], [ 120.142318440000054, -1.043450348999954 ], [ 120.141584369000043, -1.043450348999954 ], [ 120.14074542000003, -1.043450348999954 ], [ 120.13969674000009, -1.042821138999955 ], [ 120.138962659000072, -1.042821138999955 ], [ 120.13800346000005, -1.043354018999935 ], [ 120.13707503, -1.043869818999951 ], [ 120.135417290000078, -1.044397278999952 ], [ 120.134767930000066, -1.044603888999973 ], [ 120.133742150000103, -1.044510638999952 ], [ 120.132460830000014, -1.044394158999978 ], [ 120.13036347000002, -1.044394158999978 ], [ 120.128895320000083, -1.044394158999978 ], [ 120.128266109000037, -1.043869818999951 ], [ 120.127741770000057, -1.042506528999979 ], [ 120.126902820000055, -1.042191928999955 ], [ 120.126259090000076, -1.041655479999974 ], [ 120.125644400000056, -1.04114323899995 ], [ 120.125568190000081, -1.040838398999938 ], [ 120.125329800000031, -1.039884828999959 ], [ 120.125286150000079, -1.039830268999935 ], [ 120.12451046000001, -1.038860658999965 ], [ 120.125204369000016, -1.037975108999944 ], [ 120.125233560000083, -1.037937868999961 ], [ 120.124980810000011, -1.037942448999956 ], [ 120.124761130000024, -1.037946428999931 ], [ 120.123578210000119, -1.037017128999935 ], [ 120.123373930000071, -1.036786608999932 ], [ 120.122185305000016, -1.035445290999974 ], [ 120.122177019000105, -1.035435938999967 ], [ 120.121025890000055, -1.034136928999942 ], [ 120.120810780000056, -1.033894188999966 ], [ 120.119821199000057, -1.032630438999945 ], [ 120.119351029000086, -1.03217288899998 ], [ 120.119322340000053, -1.031840078999949 ], [ 120.119392340000104, -1.030240078999952 ], [ 120.119392340000104, -1.028880078999975 ], [ 120.119262340000091, -1.027850078999961 ], [ 120.119142340000053, -1.026870078999934 ], [ 120.119022340000015, -1.026180088999979 ], [ 120.118802339000013, -1.025330078999957 ], [ 120.118522340000027, -1.023970088999931 ], [ 120.118351270000062, -1.02350101899998 ], [ 120.118325979000019, -1.023431658999925 ], [ 120.118212340000014, -1.023120078999966 ], [ 120.117932340000038, -1.022740078999959 ], [ 120.117432350000058, -1.022430078999946 ], [ 120.116862340000011, -1.022140078999939 ], [ 120.116412340000011, -1.022260078999977 ], [ 120.115992339000059, -1.022490088999973 ], [ 120.115392340000085, -1.022800078999978 ], [ 120.115376920000017, -1.022803128999954 ], [ 120.115287760000115, -1.02282073899994 ], [ 120.115297460000079, -1.022065318999978 ], [ 120.114884700000061, -1.019382668999924 ], [ 120.114016889000027, -1.016980518999958 ], [ 120.11276878000001, -1.016051238999978 ], [ 120.111415609000119, -1.015946828999972 ], [ 120.11126567000008, -1.015935258999946 ], [ 120.109441860000061, -1.016569398999934 ], [ 120.107816110000044, -1.016801878999956 ], [ 120.106897559000117, -1.016933218999952 ], [ 120.106427260000032, -1.017170838999959 ], [ 120.105661450000071, -1.017557758999942 ], [ 120.104049200000077, -1.02019723899997 ], [ 120.103765710000062, -1.020398228999966 ], [ 120.10297743000001, -1.020957128999953 ], [ 120.10270399, -1.021071418999952 ], [ 120.102477839000017, -1.021165948999965 ], [ 120.101340110000024, -1.023146858999951 ], [ 120.100759770000082, -1.024157298999967 ], [ 120.099146210000072, -1.02616441899994 ], [ 120.098982909000028, -1.026573298999949 ], [ 120.098758640000028, -1.027134828999976 ], [ 120.098562340000058, -1.026970078999966 ], [ 120.098472340000058, -1.02644007899994 ], [ 120.098162340000044, -1.025490088999959 ], [ 120.09797233900008, -1.025240088999965 ], [ 120.097511330000088, -1.024825954999926 ], [ 120.097382340000081, -1.024710078999931 ], [ 120.09641233900004, -1.02361007899998 ], [ 120.096062339000014, -1.023130088999949 ], [ 120.095942340000079, -1.022760088999974 ], [ 120.095752339000114, -1.022350078999978 ], [ 120.095692339000038, -1.021620078999945 ], [ 120.095664879000083, -1.021317948999979 ], [ 120.095664799000019, -1.021317088999979 ], [ 120.095338930000025, -1.021212138999942 ], [ 120.095075860000065, -1.021127408999973 ], [ 120.094051690000015, -1.019602908999957 ], [ 120.093912340000088, -1.019580078999979 ], [ 120.092842340000061, -1.019380078999973 ], [ 120.092805280000107, -1.01936399899995 ], [ 120.09262276000004, -1.019284788999926 ], [ 120.092364730000099, -1.019172818999948 ], [ 120.092312340000035, -1.019150088999936 ], [ 120.091722350000055, -1.018870078999953 ], [ 120.091062350000016, -1.018710078999959 ], [ 120.090252339000017, -1.01865007899994 ], [ 120.089592340000081, -1.018490088999954 ], [ 120.08869233900009, -1.018150078999952 ], [ 120.087942350000048, -1.017860078999945 ], [ 120.087192340000115, -1.017800078999926 ], [ 120.086372340000025, -1.017800078999926 ], [ 120.085562350000032, -1.01767007899997 ], [ 120.085062339000046, -1.017640078999932 ], [ 120.084692339000071, -1.01758007899997 ], [ 120.084192340000072, -1.017450078999957 ], [ 120.082942340000045, -1.016690078999943 ], [ 120.081622340000081, -1.016030078999961 ], [ 120.080842340000117, -1.015780078999967 ], [ 120.08006234000004, -1.015720078999948 ], [ 120.07961234000004, -1.015650078999954 ], [ 120.079112340000052, -1.015720078999948 ], [ 120.078452339000023, -1.01609007899998 ], [ 120.077862340000024, -1.01647007899993 ], [ 120.077272340000036, -1.016880078999975 ], [ 120.077022340000099, -1.01707007899995 ], [ 120.076672340000073, -1.017350078999925 ], [ 120.07620734000011, -1.017345078999938 ], [ 120.076142340000047, -1.016880078999975 ], [ 120.077022340000099, -1.015650078999954 ], [ 120.078802339000049, -1.013330078999957 ], [ 120.080313709000052, -1.011014348999936 ], [ 120.080306160000077, -1.011012338999933 ], [ 120.080306740000083, -1.011011448999966 ], [ 120.080000643000062, -1.010923377999973 ], [ 120.07637395900008, -1.009879888999933 ], [ 120.073886480000056, -1.009168558999932 ], [ 120.073758529000088, -1.008835758999965 ], [ 120.073553170000082, -1.008301598999935 ], [ 120.073651650000102, -1.00810600899996 ], [ 120.07380803, -1.007795438999949 ], [ 120.07758671900001, -0.999806108999962 ], [ 120.077698090000013, -0.999570658999971 ], [ 120.0773853500001, -0.99920549899997 ], [ 120.077076119000026, -0.998788028999968 ], [ 120.076557900000012, -0.998239318999936 ], [ 120.076445690000014, -0.998108298999966 ], [ 120.076136240000096, -0.997532778999926 ], [ 120.07685613000001, -0.995958038999959 ], [ 120.077926120000029, -0.993898028999979 ], [ 120.07846612000003, -0.991918038999927 ], [ 120.078826120000031, -0.990348028999961 ], [ 120.078916120000031, -0.989138028999946 ], [ 120.07837612000003, -0.987658038999939 ], [ 120.077396120000117, -0.986718028999974 ], [ 120.076776130000098, -0.986488028999929 ], [ 120.075706130000071, -0.986268028999973 ], [ 120.074856120000049, -0.985728028999972 ], [ 120.074366120000036, -0.985098038999979 ], [ 120.074056129000041, -0.984428038999965 ], [ 120.073872110000025, -0.983628088999978 ], [ 120.074361870000075, -0.982074588999978 ], [ 120.074296620000041, -0.980965678999951 ], [ 120.074211440000113, -0.979518048999978 ], [ 120.073345310000036, -0.977314508999939 ], [ 120.072228260000088, -0.976457288999939 ], [ 120.070582250000029, -0.975660668999978 ], [ 120.070458269000028, -0.975600668999959 ], [ 120.070453780000094, -0.975597878999963 ], [ 120.069079959000078, -0.974743678999971 ], [ 120.067823310000108, -0.972347208999963 ], [ 120.067820440000105, -0.972341728999936 ], [ 120.067677100000083, -0.972119038999949 ], [ 120.066233830000101, -0.969876828999929 ], [ 120.065080230000035, -0.969221238999978 ], [ 120.06426574000011, -0.968758378999951 ], [ 120.063243450000073, -0.969210848999978 ], [ 120.058368390000055, -0.96744216899998 ], [ 120.057290680000051, -0.967598147999979 ], [ 120.05728613000008, -0.967548027999953 ], [ 120.05728613000008, -0.966478027999926 ], [ 120.057736120000072, -0.96521802999996 ], [ 120.058626120000099, -0.963158028999942 ], [ 120.060416120000014, -0.96019803799993 ], [ 120.063316130000089, -0.957238028999939 ], [ 120.064126120000083, -0.955848027999934 ], [ 120.06528612000011, -0.95401802899994 ], [ 120.06595612000001, -0.951728039999978 ], [ 120.066496120000011, -0.94966803799997 ], [ 120.066556100000071, -0.949144898999975 ], [ 120.066676120000011, -0.948098029999926 ], [ 120.066496120000011, -0.946748028999934 ], [ 120.066406120000011, -0.945318037999925 ], [ 120.066456120000112, -0.943698027999972 ], [ 120.066586120000011, -0.94297802799997 ], [ 120.067706120000025, -0.941188028999932 ], [ 120.068776120000052, -0.939478039999926 ], [ 120.069086120000065, -0.938718039999969 ], [ 120.068996130000073, -0.937868027999968 ], [ 120.06850613000006, -0.935448027999939 ], [ 120.068066120000026, -0.93324802799998 ], [ 120.068026120000013, -0.932168028999968 ], [ 120.068116120000013, -0.931178038999974 ], [ 120.06891612000004, -0.929658027999949 ], [ 120.069366130000049, -0.928808038999932 ], [ 120.069536130000074, -0.92701803999995 ], [ 120.069676130000062, -0.925358039999935 ], [ 120.069717021000088, -0.923411216999966 ], [ 120.069726120000041, -0.922978029999967 ], [ 120.069406130000061, -0.921948029999953 ], [ 120.068166120000114, -0.920378028999949 ], [ 120.068076120000114, -0.919888027999946 ], [ 120.068206120000013, -0.919388038999955 ], [ 120.068836120000014, -0.91880802999998 ], [ 120.070846120000056, -0.916338027999927 ], [ 120.072136130000104, -0.914818027999956 ], [ 120.072186120000083, -0.913918038999952 ], [ 120.072006120000083, -0.913158027999941 ], [ 120.071606120000069, -0.912528039999927 ], [ 120.070086120000042, -0.910868029999961 ], [ 120.069802196000069, -0.910622325999952 ], [ 120.069796250000081, -0.910617178999928 ], [ 120.069717430000082, -0.910548968999933 ], [ 120.066513800000052, -0.912111707999941 ], [ 120.065324660000101, -0.909678439999936 ], [ 120.065175080000017, -0.909587918999932 ], [ 120.062760720000028, -0.908126729999935 ], [ 120.061714, -0.907492987999944 ], [ 120.05829352, -0.905422028999965 ], [ 120.058156470000085, -0.905339048999963 ], [ 120.058133330000032, -0.905334188999973 ], [ 120.054191760000094, -0.903172677999976 ], [ 120.05411231000005, -0.903129110999942 ], [ 120.052742280000075, -0.902377808999972 ], [ 120.052726700000107, -0.902357968999979 ], [ 120.052709320000076, -0.902359728999954 ], [ 120.05241, -0.902389997999933 ], [ 120.05203846400002, -0.90230672499996 ], [ 120.051830000000109, -0.90226 ], [ 120.051110000000108, -0.90181 ], [ 120.05054, -0.901219998999977 ], [ 120.04973, -0.900279997999974 ], [ 120.04889, -0.899109997999972 ], [ 120.04813, -0.898129998999934 ], [ 120.047162380000032, -0.897464278999962 ], [ 120.046880000000101, -0.89727 ], [ 120.042846620000091, -0.895573769999942 ], [ 120.039581550000094, -0.894200649999959 ], [ 120.039580000000115, -0.894199998999966 ], [ 120.03762, -0.893529998999952 ], [ 120.036522980000086, -0.892955367999946 ], [ 120.03615, -0.892759998999963 ], [ 120.03522, -0.89249 ], [ 120.03437, -0.89249 ], [ 120.03334, -0.892669998999963 ], [ 120.03232, -0.892759998999963 ], [ 120.03138, -0.892719998999951 ], [ 120.03102, -0.89245 ], [ 120.030440000000112, -0.891589998999962 ], [ 120.02964, -0.889979998999934 ], [ 120.02911, -0.88912 ], [ 120.02835, -0.88859 ], [ 120.025589610000111, -0.884928849999937 ], [ 120.025563925000029, -0.884894784999972 ], [ 120.0255, -0.88481 ], [ 120.02362, -0.883209887999953 ], [ 120.023306980000029, -0.882681308999963 ], [ 120.023305350000101, -0.882677399999977 ], [ 120.023262230000114, -0.882597969999949 ], [ 120.023104380000063, -0.882307149999974 ], [ 120.022825530000091, -0.881700089999924 ], [ 120.022726280000029, -0.881484009999951 ], [ 120.022557750000033, -0.880641409999953 ], [ 120.022495350000099, -0.880329399999937 ], [ 120.02251514000011, -0.880048099999954 ], [ 120.022914790000073, -0.879894459999946 ], [ 120.023569980000048, -0.879992649999963 ], [ 120.025837210000077, -0.880777399999943 ], [ 120.025855290000095, -0.880783659999963 ], [ 120.027219430000059, -0.880679179999959 ], [ 120.027274860000034, -0.880674939999949 ], [ 120.028120410000042, -0.881122589999961 ], [ 120.028995800000075, -0.881093929999963 ], [ 120.029458270000077, -0.881078789999947 ], [ 120.029460520000043, -0.881077889999972 ], [ 120.029464440000083, -0.881076309999969 ], [ 120.029904360000046, -0.880899669999962 ], [ 120.029954590000102, -0.880773599999941 ], [ 120.030432, -0.880757969999934 ], [ 120.030894470000021, -0.880742829999974 ], [ 120.030896720000101, -0.880741929999942 ], [ 120.030900640000027, -0.88074034999994 ], [ 120.031340560000103, -0.880563709999933 ], [ 120.031519270000103, -0.880115149999938 ], [ 120.031653510000069, -0.879531919999977 ], [ 120.03143169000009, -0.878095869999925 ], [ 120.03161087, -0.87661817999998 ], [ 120.031611220000059, -0.876615249999929 ], [ 120.031790710000109, -0.87522440999993 ], [ 120.032371430000012, -0.873968469999966 ], [ 120.033398360000092, -0.872353929999974 ], [ 120.035004900000104, -0.870874439999966 ], [ 120.036610960000075, -0.870023169999968 ], [ 120.0382618000001, -0.868947539999965 ], [ 120.038931160000061, -0.868364759999963 ], [ 120.03861953, -0.867691429999979 ], [ 120.038129560000016, -0.866973099999939 ], [ 120.037506110000095, -0.865850829999943 ], [ 120.037415553000073, -0.865530986999943 ], [ 120.037409450000041, -0.865509429999975 ], [ 120.037328200000047, -0.865222479999943 ], [ 120.037373530000082, -0.864280219999955 ], [ 120.037419260000092, -0.862844379999956 ], [ 120.037107630000037, -0.862126199999977 ], [ 120.036261250000052, -0.860958879999941 ], [ 120.034523820000118, -0.858713949999981 ], [ 120.034212170000046, -0.858040649999964 ], [ 120.034123750000049, -0.857053419999943 ], [ 120.034435140000028, -0.855544879999968 ], [ 120.034532390000095, -0.855073729999958 ], [ 120.034660870000039, -0.854451299999937 ], [ 120.035383700000011, -0.851678019999952 ], [ 120.036188560000028, -0.848851729999978 ], [ 120.036545790000105, -0.848223809999979 ], [ 120.036754790000032, -0.848003338999945 ], [ 120.037438380000026, -0.847282209999946 ], [ 120.038732400000072, -0.846251159999952 ], [ 120.039624900000035, -0.845444159999943 ], [ 120.0400372900001, -0.844770989999972 ], [ 120.040339280000012, -0.844278029999941 ], [ 120.0414549300001, -0.843246859999965 ], [ 120.041678110000021, -0.842977789999964 ], [ 120.041633740000066, -0.842663649999963 ], [ 120.041723780000098, -0.841541929999948 ], [ 120.041948190000085, -0.839612639999928 ], [ 120.042552210000053, -0.83762110999993 ], [ 120.04257408, -0.837549 ], [ 120.043558020000091, -0.833690799999943 ], [ 120.043827190000115, -0.831537169999933 ], [ 120.043826143000047, -0.831442339999967 ], [ 120.044026409000026, -0.830915179999977 ], [ 120.044477700000016, -0.829727249999962 ], [ 120.042682170000035, -0.826250369999968 ], [ 120.042584410000018, -0.825507339999945 ], [ 120.042797213000085, -0.824016368999935 ], [ 120.042797280000059, -0.824015899999949 ], [ 120.042396170000075, -0.82370149999997 ], [ 120.042340701000057, -0.823654918999978 ], [ 120.041875049000055, -0.823263869999948 ], [ 120.041188780000084, -0.822687549999955 ], [ 120.042292020000104, -0.82275244899995 ], [ 120.042293780000023, -0.822752550999951 ], [ 120.042293401000052, -0.822744774999933 ], [ 120.04229298000007, -0.822736129999953 ], [ 120.042213390000029, -0.821110119999958 ], [ 120.041624221, -0.819964198999969 ], [ 120.041540130000044, -0.819800639999926 ], [ 120.039191110000047, -0.81686622999996 ], [ 120.037255960000039, -0.813298329999952 ], [ 120.037255647000052, -0.813297752999972 ], [ 120.036947780000105, -0.812730129999977 ], [ 120.035919742000033, -0.811051519999978 ], [ 120.035791610000047, -0.810842299999933 ], [ 120.034818550000068, -0.809253449999972 ], [ 120.034054310000101, -0.807559629999957 ], [ 120.034032090000096, -0.80751037999994 ], [ 120.034235780000017, -0.805073769999979 ], [ 120.034445260000098, -0.802567877999934 ], [ 120.034447200000045, -0.802544669999975 ], [ 120.034451730000114, -0.802490509999927 ], [ 120.034453540000072, -0.802468789999978 ], [ 120.03411291000009, -0.80094220999996 ], [ 120.033544621000033, -0.796734269999945 ], [ 120.033537070000079, -0.796678339999971 ], [ 120.0332955, -0.792522629999951 ], [ 120.03239472000007, -0.790120109999975 ], [ 120.03206246100001, -0.789908038999954 ], [ 120.031390880000117, -0.78947938999994 ], [ 120.029777670000044, -0.78932698999995 ], [ 120.029017952000117, -0.78870042899996 ], [ 120.028842050000094, -0.788555349999967 ], [ 120.027544940000098, -0.787485569999944 ], [ 120.025837164000109, -0.785399493999932 ], [ 120.02579112, -0.785343249999926 ], [ 120.025545620000116, -0.785043360999964 ], [ 120.024972600000069, -0.784343409999963 ], [ 120.023400620000075, -0.781074019999949 ], [ 120.023340370000028, -0.780913289999944 ], [ 120.0233850300001, -0.780758449999951 ], [ 120.023462890000019, -0.780629099999942 ], [ 120.024545800000055, -0.77882982999995 ], [ 120.02499244, -0.777798109999935 ], [ 120.024993050000035, -0.776945559999945 ], [ 120.024852850000116, -0.776087469999936 ], [ 120.02559701000007, -0.775037309999959 ], [ 120.025767711000071, -0.774696669999969 ], [ 120.025927630000069, -0.77437754999994 ], [ 120.024840605, -0.769904795999935 ], [ 120.024831101000018, -0.769865689999961 ], [ 120.024680690000082, -0.769246779999946 ], [ 120.023772500000064, -0.76519991999993 ], [ 120.023763900000063, -0.763338799999929 ], [ 120.023594839000111, -0.76289812999994 ], [ 120.023361940000086, -0.762291059999939 ], [ 120.023185911000041, -0.761825679999959 ], [ 120.022975890000112, -0.76127041999996 ], [ 120.019335880000085, -0.755671506999931 ], [ 120.018100080000067, -0.752943899999934 ], [ 120.01797995000004, -0.750974429999928 ], [ 120.018128860000047, -0.750246239999967 ], [ 120.01822479000009, -0.749997519999965 ], [ 120.018636590000028, -0.748929619999956 ], [ 120.019129570000018, -0.747500289999948 ], [ 120.019293770000104, -0.747170479999966 ], [ 120.019621890000053, -0.747005749999971 ], [ 120.020026380000104, -0.74703508999994 ], [ 120.020387170000049, -0.747061259999953 ], [ 120.020993610000119, -0.74709071999996 ], [ 120.021535120000067, -0.747117019999962 ], [ 120.021546150000063, -0.74711979999995 ], [ 120.02262823, -0.747392709999929 ], [ 120.024103960000048, -0.747778619999963 ], [ 120.024114810000015, -0.747778629999971 ], [ 120.024595970000064, -0.747778959999948 ], [ 120.025352290000114, -0.74767079999998 ], [ 120.025744070000087, -0.747614779999935 ], [ 120.025757000000112, -0.747610449999968 ], [ 120.02578105900011, -0.747602401999927 ], [ 120.026236170000061, -0.747450159999971 ], [ 120.026455140000053, -0.747010399999965 ], [ 120.026455360000114, -0.746680469999944 ], [ 120.026400980000062, -0.746240549999925 ], [ 120.025964120000026, -0.745525409999971 ], [ 120.025836800000093, -0.745320199999981 ], [ 120.02651698000011, -0.745312819999924 ], [ 120.026850970000055, -0.745045719999951 ], [ 120.027071020000108, -0.744869739999956 ], [ 120.027098289000037, -0.744787769999959 ], [ 120.02729045000001, -0.744210059999943 ], [ 120.027247071000033, -0.744003229999976 ], [ 120.027176780000104, -0.743668069999956 ], [ 120.025928710000017, -0.741134819999957 ], [ 120.024707240000112, -0.738655559999927 ], [ 120.02443621000009, -0.738016000999949 ], [ 120.024144590000105, -0.737327859999937 ], [ 120.024144510000042, -0.737308979999966 ], [ 120.024144499000045, -0.737305229999947 ], [ 120.024144386000103, -0.737276790999942 ], [ 120.024143931000026, -0.737162439999963 ], [ 120.024141190000023, -0.73646956999994 ], [ 120.024370812000029, -0.733575919999964 ], [ 120.024583879000033, -0.73089092999993 ], [ 120.024614390000011, -0.730506399999967 ], [ 120.024384080000118, -0.728753839999968 ], [ 120.024290191000091, -0.728572489999976 ], [ 120.023710800000117, -0.72745330999993 ], [ 120.02330827000003, -0.727062879999949 ], [ 120.022705520000045, -0.726478249999957 ], [ 120.0217674700001, -0.725942320999934 ], [ 120.021033710000097, -0.725523110999973 ], [ 120.020810120000078, -0.725395369999944 ], [ 120.020138810000049, -0.724528499999963 ], [ 120.019862451000108, -0.723937218999936 ], [ 120.019577370000093, -0.723327259999962 ], [ 120.019454002000089, -0.722337929999981 ], [ 120.019346440000049, -0.72147530999996 ], [ 120.01994232800007, -0.715472949999935 ], [ 120.020253470000057, -0.712338839999973 ], [ 120.020303520000084, -0.71183469999994 ], [ 120.020481670000095, -0.708329469999967 ], [ 120.022950480000077, -0.708340699999951 ], [ 120.023555980000083, -0.708391849999941 ], [ 120.02386932200011, -0.708418320999954 ], [ 120.02571472000011, -0.708574218999956 ], [ 120.025715000000105, -0.708574239999962 ], [ 120.026425660000086, -0.708574699999929 ], [ 120.02644285000008, -0.70857 ], [ 120.027027080000039, -0.708410139999955 ], [ 120.027792730000101, -0.707915729999968 ], [ 120.029871110000045, -0.706212469999969 ], [ 120.030637100000035, -0.705168169999979 ], [ 120.030856210000024, -0.704453499999943 ], [ 120.03096611, -0.703573769999934 ], [ 120.030946, -0.703377019999948 ], [ 120.031645150000031, -0.702102259999947 ], [ 120.031666940000036, -0.702062529999978 ], [ 120.032099120000112, -0.701274539999929 ], [ 120.032010620000051, -0.700521289999926 ], [ 120.031867740000052, -0.699305159999938 ], [ 120.031190560000027, -0.69711923999995 ], [ 120.031149060000075, -0.696654939999974 ], [ 120.031189160000054, -0.696590499999957 ], [ 120.031474511000056, -0.695884059999969 ], [ 120.031517670000085, -0.695777219999968 ], [ 120.031736830000114, -0.694952549999925 ], [ 120.031736830000114, -0.694952359999945 ], [ 120.031736969, -0.694742378999933 ], [ 120.03173713000001, -0.694487539999955 ], [ 120.031844889000013, -0.694272929999954 ], [ 120.031945412000027, -0.693732001999933 ], [ 120.03194790900011, -0.693718580999928 ], [ 120.032170650000012, -0.692520019999961 ], [ 120.03188595000006, -0.691552419999937 ], [ 120.031636660000117, -0.691543519999925 ], [ 120.031542922000085, -0.691523140999948 ], [ 120.030835298000056, -0.687687048999976 ], [ 120.030872620000082, -0.687669749999941 ], [ 120.030884675000038, -0.687465350999958 ], [ 120.030886358000089, -0.687436800999933 ], [ 120.030921660000104, -0.686838079999973 ], [ 120.03177556300011, -0.685985867999932 ], [ 120.031918070000074, -0.685843639999973 ], [ 120.032094331000053, -0.685629130999928 ], [ 120.032891200000108, -0.684659349999947 ], [ 120.032891600000085, -0.684010729999954 ], [ 120.03256414000009, -0.683130739999967 ], [ 120.032296500000029, -0.682726369999955 ], [ 120.032099801000072, -0.682429188999947 ], [ 120.032017990000099, -0.682305579999934 ], [ 120.031198500000073, -0.681535249999968 ], [ 120.030597560000047, -0.680875019999974 ], [ 120.028576780000094, -0.677866249999965 ], [ 120.027429910000023, -0.676050969999949 ], [ 120.026119230000063, -0.673905659999946 ], [ 120.025300010000024, -0.672695419999968 ], [ 120.02480877000005, -0.671430419999979 ], [ 120.023989370000095, -0.670495149999965 ], [ 120.02306056000009, -0.669669779999936 ], [ 120.022404910000091, -0.669119499999965 ], [ 120.021639790000108, -0.668789109999977 ], [ 120.02027360000011, -0.668073439999944 ], [ 120.019508630000018, -0.667523119999942 ], [ 120.018415780000055, -0.666752629999962 ], [ 120.018303190000097, -0.666617970999937 ], [ 120.018217391, -0.666515358999959 ], [ 120.017541790000109, -0.665707349999934 ], [ 120.017159600000014, -0.664937299999963 ], [ 120.017050800000106, -0.664057429999957 ], [ 120.017160520000061, -0.66339765999993 ], [ 120.017423229000087, -0.662869918999945 ], [ 120.017434160000107, -0.662847959999965 ], [ 120.018294329000014, -0.662284428999953 ], [ 120.018691960000069, -0.662023919999967 ], [ 120.019293600000083, -0.661474409999926 ], [ 120.019567240000015, -0.660924709999961 ], [ 120.019622100000106, -0.66059482999998 ], [ 120.019567990000041, -0.659660019999933 ], [ 120.0193502300001, -0.658175249999942 ], [ 120.019242050000116, -0.65625061999998 ], [ 120.019133090000082, -0.655590729999972 ], [ 120.018914830000085, -0.654930749999949 ], [ 120.017597420000016, -0.652467889999969 ], [ 120.017079700000068, -0.650527489999945 ], [ 120.017109350000055, -0.64999070999994 ], [ 120.017110134000063, -0.649976508999941 ], [ 120.017132502000095, -0.649571499999979 ], [ 120.017154540000092, -0.649172541999974 ], [ 120.017278520000104, -0.648749419999945 ], [ 120.01766160000011, -0.648034819999964 ], [ 120.018646430000103, -0.646550739999952 ], [ 120.019029610000075, -0.645671179999965 ], [ 120.01941290000002, -0.64457165999994 ], [ 120.019686690000071, -0.643747039999937 ], [ 120.019906000000105, -0.642647419999946 ], [ 120.01990631000001, -0.642097559999968 ], [ 120.019742490000112, -0.641767529999925 ], [ 120.0192508, -0.641272379999975 ], [ 120.019233279000105, -0.64126024199993 ], [ 120.018759521000106, -0.640932188999955 ], [ 120.018648350000035, -0.640855209999927 ], [ 120.018565350000017, -0.640734189999932 ], [ 120.018548020000026, -0.640698939999936 ], [ 120.018467900000019, -0.640592119999951 ], [ 120.018324870000015, -0.640383579999934 ], [ 120.018191920000049, -0.64018705999996 ], [ 120.017969360000052, -0.639864349999925 ], [ 120.017917680000096, -0.639789919999942 ], [ 120.017697340000041, -0.639468679999936 ], [ 120.017692070000066, -0.639465039999948 ], [ 120.017691170000035, -0.63946373999994 ], [ 120.017200824000042, -0.639119174999962 ], [ 120.016867700000034, -0.638885089999974 ], [ 120.016544990000057, -0.638651399999958 ], [ 120.016087840000068, -0.638358539999956 ], [ 120.015354690000095, -0.637852859999953 ], [ 120.015344780000078, -0.637851319999925 ], [ 120.015343180000059, -0.637850189999938 ], [ 120.014593790000049, -0.637734899999941 ], [ 120.014019290000078, -0.637645849999956 ], [ 120.014016413000036, -0.63764761799996 ], [ 120.014005012000098, -0.637645849999956 ], [ 120.013303062000091, -0.638077369999962 ], [ 120.012954959000012, -0.638291377999963 ], [ 120.01262797000004, -0.638484479999931 ], [ 120.012576692000039, -0.638523921999933 ], [ 120.012563392000061, -0.638532099999964 ], [ 120.012501131000022, -0.638582048999979 ], [ 120.012338640000053, -0.638707039999929 ], [ 120.01224108100007, -0.638790666999967 ], [ 120.012018392000073, -0.638969309999936 ], [ 120.011616432000096, -0.639291769999943 ], [ 120.010802488000081, -0.639425217999928 ], [ 120.01079087200003, -0.639427119999937 ], [ 120.010788022000042, -0.63942757999996 ], [ 120.007696832000079, -0.637303564999968 ], [ 120.007019782000043, -0.636838349999948 ], [ 120.006354849000104, -0.636381461999974 ], [ 120.006154102000096, -0.636243529999945 ], [ 120.006064073000061, -0.636171859999934 ], [ 120.00531473, -0.635656969999957 ], [ 120.005014719000087, -0.635430128999928 ], [ 120.004598140000098, -0.635115149999933 ], [ 120.004216810000116, -0.63482050999994 ], [ 120.003457240000103, -0.634160179999981 ], [ 120.003145421000113, -0.633848369999953 ], [ 120.003114120000077, -0.633817069999964 ], [ 120.003060338000068, -0.633763281999961 ], [ 120.00296908200005, -0.633672030999946 ], [ 120.002909480000085, -0.633612427999935 ], [ 120.002885738000032, -0.633588680999935 ], [ 120.002865221000093, -0.633568167999954 ], [ 120.002835360000063, -0.633538301999977 ], [ 120.0028166190001, -0.633519558999978 ], [ 120.002804189000017, -0.633507128999952 ], [ 120.002458030000071, -0.633160969999949 ], [ 120.002432977000012, -0.633040720999929 ], [ 120.002427472000022, -0.633014299999957 ], [ 120.002385630000049, -0.632813459999966 ], [ 120.002328410000018, -0.63227440999998 ], [ 120.002437500000042, -0.632151089999979 ], [ 120.003703950000045, -0.631536969999956 ], [ 120.003850395000086, -0.631460698999945 ], [ 120.004380790000027, -0.631184459999929 ], [ 120.00518033000003, -0.630768039999964 ], [ 120.005497824000031, -0.630183300999931 ], [ 120.005504494000093, -0.630171865999955 ], [ 120.005504494000093, -0.630171015999963 ], [ 120.005504494000093, -0.629631803999928 ], [ 120.005379865, -0.629050199999938 ], [ 120.005432720000044, -0.628768307999962 ], [ 120.005438300000037, -0.62869276999993 ], [ 120.005442853000091, -0.628631125999959 ], [ 120.005467150000072, -0.628302189999943 ], [ 120.005469786000049, -0.628266509999946 ], [ 120.005469990000051, -0.628263749999974 ], [ 120.00501793, -0.626619679999976 ], [ 120.00500666500011, -0.626572691999968 ], [ 120.004973330000098, -0.626433649999967 ], [ 120.004867370000056, -0.625991692999946 ], [ 120.004749490000108, -0.625500019999947 ], [ 120.004677900000047, -0.625201419999939 ], [ 120.00467715000002, -0.625032959999942 ], [ 120.00467715000002, -0.625032929999975 ], [ 120.004675290000023, -0.624611319999929 ], [ 120.004733419000104, -0.624363452999944 ], [ 120.004788080000026, -0.624130371999968 ], [ 120.004819283000074, -0.623997316999976 ], [ 120.006468697000059, -0.621944712999948 ], [ 120.006667702000072, -0.621697061999953 ], [ 120.00668951900002, -0.621661609999933 ], [ 120.00700004700002, -0.621157000999972 ], [ 120.007088589000091, -0.62071100999998 ], [ 120.007323320000069, -0.619923589999928 ], [ 120.007360524000092, -0.619717094999942 ], [ 120.00750998, -0.618887559999962 ], [ 120.007910210000091, -0.616666089999967 ], [ 120.00792057000001, -0.616608549999967 ], [ 120.007921520000082, -0.616605369999945 ], [ 120.007922370000074, -0.616598539999927 ], [ 120.00797448000003, -0.616309309999963 ], [ 120.007971483, -0.616263844999935 ], [ 120.008121713000037, -0.615507131999948 ], [ 120.007872454000108, -0.613409202999947 ], [ 120.007736660000091, -0.612705085999949 ], [ 120.007736030000046, -0.612695539999947 ], [ 120.007733885000107, -0.612690695999959 ], [ 120.007732246000046, -0.612682198999948 ], [ 120.007429320000028, -0.61191056499996 ], [ 120.006758601000115, -0.610202061999928 ], [ 120.006757280000102, -0.61019869699993 ], [ 120.006393777000085, -0.609643056999971 ], [ 120.00624971700006, -0.609535845999972 ], [ 120.006230890000097, -0.609511189999978 ], [ 120.005568137000068, -0.608971862999965 ], [ 120.005347420000021, -0.608792249999965 ], [ 120.005281180000111, -0.608742569999947 ], [ 120.004936900000075, -0.608459809999943 ], [ 120.00466214000005, -0.608281889999944 ], [ 120.004102480000029, -0.60791949999998 ], [ 120.003939880000075, -0.607814209999958 ], [ 120.003933190000112, -0.607809869999926 ], [ 120.003612110000063, -0.60734352999998 ], [ 120.003495979000036, -0.607174855999972 ], [ 120.003485490000116, -0.607159619999948 ], [ 120.003485477000027, -0.607159448999937 ], [ 120.00340467, -0.606092049999972 ], [ 120.003352527000061, -0.60540333299997 ], [ 120.003284841000095, -0.604509330999974 ], [ 120.003225910000083, -0.603730952999967 ], [ 120.003173960000026, -0.601811429999941 ], [ 120.003065630000037, -0.599974989999964 ], [ 120.0029000400001, -0.599426609999966 ], [ 120.002891580000096, -0.59931475999997 ], [ 120.00283572, -0.598576919999971 ], [ 120.00275264600009, -0.598052120999967 ], [ 120.002726352000082, -0.597886008999978 ], [ 120.002263720000087, -0.594963319999977 ], [ 120.002259941000034, -0.594115149999936 ], [ 120.002263070000026, -0.593905099999972 ], [ 120.002257980000081, -0.593675229999974 ], [ 120.002253980000091, -0.592776899999933 ], [ 120.001877303000015, -0.591999427999951 ], [ 120.001864510000019, -0.591973010999936 ], [ 120.001515528000027, -0.591241220999962 ], [ 120.001468220000106, -0.591142029999958 ], [ 120.001466443000027, -0.591140476999954 ], [ 120.001131859000111, -0.590848201999961 ], [ 120.000962519000041, -0.590700280999954 ], [ 120.000935069000093, -0.590676300999974 ], [ 120.000282901000105, -0.590106619999972 ], [ 119.999580880000053, -0.589493389999973 ], [ 119.999235530000078, -0.589191719999974 ], [ 119.99756557, -0.588777019999952 ], [ 119.99618957000007, -0.588505020999946 ], [ 119.995970570000054, -0.588461729999949 ], [ 119.995592481000017, -0.588386997999976 ], [ 119.995083890000046, -0.588286460999939 ], [ 119.994613200000117, -0.588193418999936 ], [ 119.992779500000097, -0.587830949999955 ], [ 119.991299771000058, -0.587384259999965 ], [ 119.990329670000051, -0.587091409999971 ], [ 119.989639470000043, -0.586421848999976 ], [ 119.989324380000085, -0.586116179999976 ], [ 119.988099747000092, -0.584820419999971 ], [ 119.988095390000012, -0.584815809999952 ], [ 119.988089760000094, -0.583550439999954 ], [ 119.988089669000033, -0.583529399999975 ], [ 119.988088730000072, -0.58331837999998 ], [ 119.988087110000038, -0.582954619999953 ], [ 119.988084173000061, -0.582288107999943 ], [ 119.988071119000097, -0.579325659999938 ], [ 119.988071120000086, -0.579135639999947 ], [ 119.988070238000091, -0.579124949999937 ], [ 119.988070232000041, -0.57912381999995 ], [ 119.988069319000033, -0.579113819999975 ], [ 119.988025210000046, -0.578580629999976 ], [ 119.987985280000089, -0.578133439999931 ], [ 119.987965370000097, -0.577978129999963 ], [ 119.987921841000116, -0.577502609999954 ], [ 119.987899030000108, -0.577192729999979 ], [ 119.987716578000118, -0.576919049999958 ], [ 119.98750864100009, -0.576607138999975 ], [ 119.987258742000108, -0.576218098999959 ], [ 119.987145190000092, -0.576036409999972 ], [ 119.986902840000084, -0.575664009999969 ], [ 119.986775240000043, -0.575465359999953 ], [ 119.98648791100004, -0.575295408999978 ], [ 119.985713420000025, -0.574837299999956 ], [ 119.984888150000074, -0.574344769999925 ], [ 119.984884130000069, -0.574346779999928 ], [ 119.984389750000105, -0.574593969999967 ], [ 119.983765070000118, -0.57490630999996 ], [ 119.983669611000096, -0.57484945799996 ], [ 119.983669540000051, -0.574849409999956 ], [ 119.983300160000113, -0.574629429999959 ], [ 119.981283560000065, -0.573616209999955 ], [ 119.981230443000072, -0.573571718999972 ], [ 119.980215770000086, -0.572721829999978 ], [ 119.979464250000092, -0.571914859999936 ], [ 119.979078820000041, -0.571500979999939 ], [ 119.978658880000012, -0.571078879999959 ], [ 119.978604200000063, -0.571023919999959 ], [ 119.97753613000009, -0.569592559999933 ], [ 119.977261378000094, -0.569132330999935 ], [ 119.977234779000014, -0.569087770999943 ], [ 119.977096131000053, -0.568855538999969 ], [ 119.976964290000069, -0.568634699999961 ], [ 119.976467880000087, -0.56780318999995 ], [ 119.976231640000037, -0.567051829999969 ], [ 119.976111520000018, -0.566669769999976 ], [ 119.976070231000108, -0.56607181499993 ], [ 119.975992050000059, -0.564939569999979 ], [ 119.975992230000088, -0.564309239999943 ], [ 119.975946240000098, -0.564226939999969 ], [ 119.975796820000028, -0.563959589999968 ], [ 119.975547, -0.563512579999951 ], [ 119.975455885000088, -0.563349875999961 ], [ 119.97535796000011, -0.563175009999952 ], [ 119.97520304000011, -0.562916799999925 ], [ 119.974989080000114, -0.562538399999937 ], [ 119.974777350000068, -0.56214880999994 ], [ 119.974367740000048, -0.561439479999933 ], [ 119.973943950000034, -0.56068997999995 ], [ 119.973884380000072, -0.560584609999978 ], [ 119.973556250000115, -0.56000427999993 ], [ 119.973278550000032, -0.559502289999955 ], [ 119.973198880000041, -0.559362162999946 ], [ 119.972514100000012, -0.558157739999956 ], [ 119.972160940000094, -0.557536489999961 ], [ 119.97216005000007, -0.557535119999955 ], [ 119.972151768000117, -0.55752210199995 ], [ 119.972057159000087, -0.557354821999979 ], [ 119.972048270000073, -0.557337719999964 ], [ 119.972046520000049, -0.557335959999932 ], [ 119.972046450000107, -0.557335889999933 ], [ 119.971540781000044, -0.556827608999924 ], [ 119.971540710000113, -0.556827529999964 ], [ 119.970444140000041, -0.555369709999979 ], [ 119.969765633000065, -0.554425450999929 ], [ 119.96967273000007, -0.554296159999978 ], [ 119.968723400000044, -0.553103359999966 ], [ 119.968721760000108, -0.553102039999942 ], [ 119.968721370000026, -0.55310172999998 ], [ 119.96863656000005, -0.553033529999936 ], [ 119.968130200000019, -0.552626339999961 ], [ 119.967062520000013, -0.55197056999998 ], [ 119.965223830000014, -0.550957199999971 ], [ 119.963925960000097, -0.550370309999948 ], [ 119.962851400000091, -0.549884399999939 ], [ 119.96136854000008, -0.548990189999927 ], [ 119.960678150000035, -0.548508289999972 ], [ 119.959233120000022, -0.547499639999955 ], [ 119.958670470000015, -0.547297759999935 ], [ 119.957572510000091, -0.546903809999947 ], [ 119.957278130000077, -0.546865321999974 ], [ 119.957277850000082, -0.546865289999971 ], [ 119.956962020000105, -0.546824 ], [ 119.956208590000074, -0.546725509999931 ], [ 119.953836670000101, -0.546667019999973 ], [ 119.953621200000043, -0.546667123999953 ], [ 119.953565118000029, -0.545696367999938 ], [ 119.953656960000103, -0.544580829999973 ], [ 119.954012650000095, -0.54170634999997 ], [ 119.954011850000029, -0.540089559999956 ], [ 119.953654020000045, -0.538472929999955 ], [ 119.953296330000057, -0.53721558999996 ], [ 119.953006211000115, -0.536021878999975 ], [ 119.952635347000069, -0.53449593199997 ], [ 119.95223124000006, -0.53283319999997 ], [ 119.951541839000015, -0.529546024999945 ], [ 119.951515470000118, -0.529420289999962 ], [ 119.950896439000076, -0.527927405999947 ], [ 119.950667440000075, -0.527375139999947 ], [ 119.950621770000112, -0.527265 ], [ 119.950009520000094, -0.526385789999949 ], [ 119.949371180000071, -0.525469129999976 ], [ 119.948599870000066, -0.524749159999942 ], [ 119.948599060000106, -0.524748400999954 ], [ 119.946985650000101, -0.523242379999942 ], [ 119.94704988, -0.523234829999979 ], [ 119.946799720000058, -0.522887380999975 ], [ 119.946740825, -0.522805584999958 ], [ 119.946725470000047, -0.52278425999998 ], [ 119.946653867, -0.52268480999993 ], [ 119.946325370000068, -0.522228559999974 ], [ 119.945909620000066, -0.521651129999952 ], [ 119.945580430000064, -0.521007719999943 ], [ 119.944960150000043, -0.519795359999932 ], [ 119.944515024000111, -0.518925335999938 ], [ 119.944460350000099, -0.51893058099995 ], [ 119.943745927, -0.517032256999926 ], [ 119.943778027, -0.516984106999928 ], [ 119.943608768000104, -0.51670200999996 ], [ 119.943072783000048, -0.516363492999972 ], [ 119.943062078000025, -0.516361262999965 ], [ 119.94239574900007, -0.516222443999936 ], [ 119.941295568000101, -0.516137814999979 ], [ 119.940364646000035, -0.516137814999979 ], [ 119.93978474000005, -0.516137814999979 ], [ 119.939718047000042, -0.516050217999975 ], [ 119.939631192000093, -0.516166023999972 ], [ 119.939456457, -0.516180584999972 ], [ 119.939292675000047, -0.516194233999954 ], [ 119.938841319000062, -0.515771087999951 ], [ 119.938284629, -0.515121615999931 ], [ 119.9378063690001, -0.514689416999943 ], [ 119.937539572000105, -0.514448315999971 ], [ 119.937497787000098, -0.514382310999963 ], [ 119.93633193900007, -0.512540770999976 ], [ 119.936210715000016, -0.512357990999931 ], [ 119.935448533000113, -0.511208776999979 ], [ 119.9345453090001, -0.509846900999946 ], [ 119.932839346000037, -0.507846083999937 ], [ 119.932570260000034, -0.507530489999965 ], [ 119.93240172000003, -0.507332819999931 ], [ 119.932400450000046, -0.507330529999933 ], [ 119.932379089000051, -0.507291879999968 ], [ 119.932287440000096, -0.507126060999951 ], [ 119.931509750000032, -0.50571900999995 ], [ 119.931508462000011, -0.505716677999942 ], [ 119.931508310000027, -0.505716389999975 ], [ 119.931329420000111, -0.50499788999997 ], [ 119.931507650000071, -0.504279219999944 ], [ 119.931747120000068, -0.503716279999935 ], [ 119.932042700000011, -0.503021449999949 ], [ 119.932935540000017, -0.501222669999947 ], [ 119.933112331000075, -0.500866499999972 ], [ 119.933112430000051, -0.500866299999927 ], [ 119.933112980000033, -0.500865179999948 ], [ 119.933679630000029, -0.499998409999932 ], [ 119.933981070000073, -0.499527769999929 ], [ 119.935142480000081, -0.497714469999949 ], [ 119.935313040000096, -0.497242799999924 ], [ 119.935338180000031, -0.497173259999954 ], [ 119.935262358000045, -0.495009940999978 ], [ 119.935194650000085, -0.493078339999954 ], [ 119.935152441000014, -0.491874309999957 ], [ 119.935140730000057, -0.491540227999963 ], [ 119.93514140000002, -0.491522501999953 ], [ 119.935239970000111, -0.491512309999962 ], [ 119.935200390000091, -0.49064156999998 ], [ 119.935154880000027, -0.490368519999947 ], [ 119.935105020000037, -0.490069379999966 ], [ 119.935004963000097, -0.489694159999942 ], [ 119.934723560000066, -0.488638899999955 ], [ 119.93462820000002, -0.487017689999959 ], [ 119.93462820000002, -0.486159399999963 ], [ 119.935009660000105, -0.484061359999941 ], [ 119.935009660000105, -0.483203069999945 ], [ 119.935242050000056, -0.483358 ], [ 119.935250720000113, -0.483363779999934 ], [ 119.936581560000036, -0.48144579999996 ], [ 119.936534240000015, -0.481442719999961 ], [ 119.936663400000043, -0.481198929999948 ], [ 119.936699263000037, -0.481133945999943 ], [ 119.936840906000043, -0.480877289999967 ], [ 119.937172040000064, -0.480277279999939 ], [ 119.937172062000059, -0.480277179999973 ], [ 119.937363221000055, -0.479506857999979 ], [ 119.937375320000115, -0.479458119999947 ], [ 119.93747656000005, -0.478127129999962 ], [ 119.937663200000088, -0.477186569999958 ], [ 119.937679740000021, -0.477103219999947 ], [ 119.937680000000114, -0.4771 ], [ 119.93778103000011, -0.475874579999925 ], [ 119.937740290000079, -0.475385579999966 ], [ 119.937678700000106, -0.474646029999974 ], [ 119.93767213000001, -0.47452882999994 ], [ 119.937578710000025, -0.472862329999941 ], [ 119.937519340000108, -0.472386239999935 ], [ 119.937374420000083, -0.471224279999944 ], [ 119.937496810000084, -0.469988149999949 ], [ 119.937577170000054, -0.469176549999929 ], [ 119.937744470000098, -0.468502369999953 ], [ 119.93779136, -0.468313419999959 ], [ 119.937912679000078, -0.467824553999947 ], [ 119.937983720000034, -0.467538289999936 ], [ 119.938594160000093, -0.466514199999949 ], [ 119.939306440000109, -0.465592449999974 ], [ 119.939814970000043, -0.464363669999955 ], [ 119.940323490000083, -0.463134859999968 ], [ 119.940403906000029, -0.461996295999938 ], [ 119.940424730000018, -0.461701459999972 ], [ 119.940424510000071, -0.46118955999998 ], [ 119.940933340000015, -0.460677429999976 ], [ 119.941136790000087, -0.460267829999964 ], [ 119.941046948, -0.459727099999952 ], [ 119.941034730000069, -0.459653569999944 ], [ 119.94078443, -0.459150679999937 ], [ 119.940729050000073, -0.459039409999946 ], [ 119.939710290000107, -0.45740171999995 ], [ 119.939442580000104, -0.456917589999932 ], [ 119.939200870000036, -0.456480499999941 ], [ 119.938894910000045, -0.455149659999961 ], [ 119.938844190000054, -0.454842231999976 ], [ 119.938388829000019, -0.452082189999942 ], [ 119.938262130000112, -0.451314159999924 ], [ 119.93811659000005, -0.450904909999963 ], [ 119.937752490000094, -0.449881009999956 ], [ 119.937212870000053, -0.448177809999947 ], [ 119.937212811000109, -0.448177628999929 ], [ 119.937042710000014, -0.447640749999948 ], [ 119.936935930000118, -0.447693708999964 ], [ 119.93609355000001, -0.448111479999966 ], [ 119.933999400000062, -0.448273719999975 ], [ 119.933882690000019, -0.448337799999933 ], [ 119.933679580000103, -0.448449309999944 ], [ 119.933521620000079, -0.448473819999947 ], [ 119.93235616000004, -0.448654619999957 ], [ 119.930983890000107, -0.448655179999946 ], [ 119.929709120000098, -0.448655689999953 ], [ 119.927061940000044, -0.448349599999972 ], [ 119.926528320000102, -0.448063479999973 ], [ 119.925259690000075, -0.447383259999924 ], [ 119.924793560000012, -0.446940789999928 ], [ 119.923892820000106, -0.446085789999927 ], [ 119.923293670000021, -0.444972459999974 ], [ 119.922877750000112, -0.444023859999959 ], [ 119.922677260000114, -0.443566579999924 ], [ 119.922580370000105, -0.442857269999934 ], [ 119.922296600000095, -0.440779809999924 ], [ 119.922476550000056, -0.438215459999924 ], [ 119.922475120000058, -0.434529659999953 ], [ 119.922474800000032, -0.433710599999927 ], [ 119.922386445000029, -0.433444373999976 ], [ 119.92221079, -0.432915100999935 ], [ 119.922169030000077, -0.432789259999936 ], [ 119.922036583000022, -0.432443358999933 ], [ 119.921698759000037, -0.431561089999946 ], [ 119.92165947, -0.431458460999977 ], [ 119.921528359000035, -0.431207499999971 ], [ 119.921350141000062, -0.430866376999973 ], [ 119.9196732260001, -0.428285420999941 ], [ 119.918982374000052, -0.427364284999953 ], [ 119.919112515000052, -0.426973861999954 ], [ 119.919442942000046, -0.425982579999925 ], [ 119.91970969700003, -0.425093397999945 ], [ 119.919722660000048, -0.425067300999956 ], [ 119.920129530000054, -0.424043289999929 ], [ 119.92013, -0.424040010999931 ], [ 119.920309976000112, -0.422769482999968 ], [ 119.920332589000054, -0.422609849999958 ], [ 119.92053584000007, -0.421585940999933 ], [ 119.920535381000036, -0.420388660999947 ], [ 119.92053533, -0.420254949999958 ], [ 119.920535, -0.419333489999929 ], [ 119.920432890000029, -0.418514449999975 ], [ 119.919923400000016, -0.417286050999962 ], [ 119.919019411000022, -0.414935706999927 ], [ 119.918364965000023, -0.413234163999959 ], [ 119.921150847000035, -0.412755062999963 ], [ 119.921334156000057, -0.412723537999966 ], [ 119.921325191000051, -0.412700513999937 ], [ 119.920466020000049, -0.410494040999936 ], [ 119.920371223000075, -0.40964837699994 ], [ 119.920306508000067, -0.408634511999935 ], [ 119.920313382000018, -0.408614929999942 ], [ 119.920312483000089, -0.40861504999998 ], [ 119.920428601000026, -0.408305649999932 ], [ 119.92085864, -0.407159799999931 ], [ 119.921611243000029, -0.405187529999978 ], [ 119.921804837000082, -0.40469144399998 ], [ 119.921872072000042, -0.404579898999941 ], [ 119.922701190000112, -0.403204370999958 ], [ 119.923269389000097, -0.402261709999948 ], [ 119.924282968000057, -0.400902798999937 ], [ 119.925237799000115, -0.399622650999959 ], [ 119.9255137990001, -0.399001669999961 ], [ 119.925631420000059, -0.398737030999939 ], [ 119.925631270000054, -0.39843905999993 ], [ 119.925630930000011, -0.39776120099998 ], [ 119.925573640000039, -0.397190899999941 ], [ 119.925569935000112, -0.397154016999934 ], [ 119.925535640000021, -0.396812612999952 ], [ 119.925120253000046, -0.395877992999942 ], [ 119.925138616000027, -0.395803228999966 ], [ 119.925227712000037, -0.395440479999934 ], [ 119.92552240100008, -0.394240674999935 ], [ 119.925493676000087, -0.393120404999934 ], [ 119.925177703000031, -0.392028858999936 ], [ 119.923363962000053, -0.390740148999953 ], [ 119.922968660000038, -0.390497639999978 ], [ 119.922841663000099, -0.389738458999943 ], [ 119.92264991400009, -0.388811672999964 ], [ 119.923149376000083, -0.386147871999924 ], [ 119.922710724000012, -0.385211799999979 ], [ 119.922473739000111, -0.384706080999933 ], [ 119.922285438000017, -0.384542650999947 ], [ 119.920996040000091, -0.383423559999926 ], [ 119.9205362780001, -0.382659401999945 ], [ 119.920457016000114, -0.382527661999973 ], [ 119.919517670000118, -0.380966409999928 ], [ 119.919115202000057, -0.379731118999928 ], [ 119.9190741540001, -0.379605129999959 ], [ 119.918646685000112, -0.378293078999945 ], [ 119.918334390000041, -0.377334539999936 ], [ 119.917398360000107, -0.376250599999935 ], [ 119.9159871600001, -0.375508499999967 ], [ 119.9155267000001, -0.375266359999955 ], [ 119.915169371000047, -0.374820058999944 ], [ 119.914853500000049, -0.374425538999958 ], [ 119.913950060000047, -0.373297139999977 ], [ 119.913160860000062, -0.370062679999933 ], [ 119.913217820000114, -0.369645189999972 ], [ 119.913278641000034, -0.369199379999941 ], [ 119.913455500000055, -0.36790308999997 ], [ 119.914516906000017, -0.366144009999971 ], [ 119.914610172000039, -0.365989440999954 ], [ 119.915522200000055, -0.36447794999998 ], [ 119.915922860000023, -0.363932819999945 ], [ 119.916604920000054, -0.36300480999995 ], [ 119.916407540000023, -0.361929639999971 ], [ 119.915816030000087, -0.360655829999928 ], [ 119.915612399000111, -0.36030649099996 ], [ 119.914436330000058, -0.358288959999925 ], [ 119.914214962000074, -0.357262268999932 ], [ 119.914075950000097, -0.356617509999978 ], [ 119.914075920000073, -0.356617279999966 ], [ 119.913957760000017, -0.355705299999954 ], [ 119.913823040000011, -0.355727839999929 ], [ 119.914122360000079, -0.353246849999948 ], [ 119.914294980000022, -0.351816089999943 ], [ 119.915476250000097, -0.350641099999962 ], [ 119.917154620000019, -0.349904789999925 ], [ 119.91724876, -0.349863489999962 ], [ 119.9195437300001, -0.34873958999998 ], [ 119.919578950000073, -0.348722339999938 ], [ 119.91975284800003, -0.348637178999979 ], [ 119.920645770000078, -0.34819989999994 ], [ 119.920695440000031, -0.348127629999965 ], [ 119.92107291800005, -0.347578392999935 ], [ 119.921925280000096, -0.346338189999926 ], [ 119.92279510000003, -0.344514179999976 ], [ 119.923696450000079, -0.342624069999943 ], [ 119.925566810000078, -0.340373669999963 ], [ 119.929110570000034, -0.336162089999959 ], [ 119.929157070000088, -0.336080959999947 ], [ 119.929897860000096, -0.334788469999978 ], [ 119.929720530000054, -0.334203439999953 ], [ 119.929602090000117, -0.333812729999977 ], [ 119.928124220000086, -0.332141619999959 ], [ 119.927676840000117, -0.331434199999933 ], [ 119.927064790000031, -0.330466399999978 ], [ 119.927038677000041, -0.330425108999975 ], [ 119.926941620000093, -0.330271639999978 ], [ 119.926941455000019, -0.32984485999998 ], [ 119.926941270000043, -0.329368149999937 ], [ 119.92694108, -0.32889825999996 ], [ 119.929499830000054, -0.324099699999977 ], [ 119.930176567000103, -0.323278224999967 ], [ 119.930316604000041, -0.323014694999927 ], [ 119.92982620500004, -0.322601733999932 ], [ 119.927116109000053, -0.321440282999959 ], [ 119.925275424, -0.320301571999948 ], [ 119.924070476000111, -0.319556149999926 ], [ 119.923396618000083, -0.319040853999979 ], [ 119.921766530000014, -0.317695799999967 ], [ 119.921125548000077, -0.317008634999979 ], [ 119.920485780000035, -0.316322769999942 ], [ 119.920680300000072, -0.315139539999961 ], [ 119.92080218000001, -0.314398119999964 ], [ 119.920892830000071, -0.314298789999953 ], [ 119.92098094500011, -0.314202227999942 ], [ 119.926866608000068, -0.307012461999932 ], [ 119.928363613000101, -0.305635925999979 ], [ 119.928879822000113, -0.303915253999946 ], [ 119.928518476000022, -0.30305491699994 ], [ 119.92691822900008, -0.302383855999949 ], [ 119.926092294000114, -0.302246201999935 ], [ 119.925404016000016, -0.30195368699998 ], [ 119.925008256000069, -0.301661172999957 ], [ 119.922925476000046, -0.300223401999972 ], [ 119.922341177000021, -0.299820052999962 ], [ 119.921602284000073, -0.299169331999963 ], [ 119.919312751, -0.297153009999931 ], [ 119.920689308000078, -0.295535577999942 ], [ 119.922582074000047, -0.29150920099994 ], [ 119.921296144000053, -0.291433559999973 ], [ 119.920888644000115, -0.291409589999944 ], [ 119.92090622, -0.291387479999969 ], [ 119.921487140000067, -0.290559419999965 ], [ 119.92212746000007, -0.28964665999996 ], [ 119.922502780000059, -0.289269029999957 ], [ 119.92304351000007, -0.288724959999968 ], [ 119.923130295000078, -0.288646368999935 ], [ 119.9231361840001, -0.288646816999972 ], [ 119.923233223000011, -0.288551887999972 ], [ 119.923467501000118, -0.28831407399997 ], [ 119.923583065000116, -0.288196765999942 ], [ 119.924440426000047, -0.287207515999967 ], [ 119.924239651000107, -0.28713768199998 ], [ 119.923975681000115, -0.287045866999961 ], [ 119.922860860000014, -0.286658107999926 ], [ 119.922857386000032, -0.286656899999969 ], [ 119.922850050000079, -0.286655705999976 ], [ 119.919897788000071, -0.286175111999967 ], [ 119.916938191000099, -0.285693321999929 ], [ 119.915539372000012, -0.285435647999975 ], [ 119.9146825790001, -0.285277819999976 ], [ 119.914322733000063, -0.285211532999938 ], [ 119.91177610200009, -0.28486739899995 ], [ 119.911397634000082, -0.284690782999974 ], [ 119.909953700000074, -0.284016953999981 ], [ 119.909699401000012, -0.283808891999968 ], [ 119.909657473000038, -0.283473469999933 ], [ 119.909573611000042, -0.282802587999925 ], [ 119.90969705100008, -0.281856224999956 ], [ 119.909780095000087, -0.281219567999926 ], [ 119.909584571000096, -0.280584121999937 ], [ 119.909504783000102, -0.280324814999972 ], [ 119.907855042000051, -0.277916601999948 ], [ 119.90662024300002, -0.276114100999962 ], [ 119.906510772000047, -0.275954299999967 ], [ 119.906338702000085, -0.274990719999948 ], [ 119.906097805000059, -0.273476524999978 ], [ 119.90575366600001, -0.272065569999938 ], [ 119.905237457000112, -0.271205231999943 ], [ 119.905231945000082, -0.271180429999959 ], [ 119.905223399000079, -0.271141974999978 ], [ 119.905158247000031, -0.27078363399994 ], [ 119.905075026000077, -0.270325917999969 ], [ 119.905014476000019, -0.269902068999954 ], [ 119.905151406000073, -0.26967385599994 ], [ 119.905203043000029, -0.269587795999939 ], [ 119.905547182000078, -0.269312486999979 ], [ 119.905671202, -0.269226628999945 ], [ 119.905994563000036, -0.269002764999925 ], [ 119.906736579000039, -0.26864550199997 ], [ 119.907082567000089, -0.268453285999954 ], [ 119.9081731980001, -0.267847379999978 ], [ 119.90894051600003, -0.267233525999927 ], [ 119.909229199000038, -0.267002579999939 ], [ 119.910502787000041, -0.266524988999947 ], [ 119.913454571000102, -0.265200689999972 ], [ 119.913666905000014, -0.265116131999946 ], [ 119.91527558700011, -0.264464998999927 ], [ 119.916919987000028, -0.263799407999954 ], [ 119.918070821000015, -0.263057759999924 ], [ 119.918662709000046, -0.262676320999958 ], [ 119.91904149100003, -0.262417153999934 ], [ 119.919776583000044, -0.261914195999964 ], [ 119.920654895000098, -0.261190888999977 ], [ 119.921276827000042, -0.260513148999962 ], [ 119.922341789000029, -0.258803604999969 ], [ 119.922410699000011, -0.258547651999947 ], [ 119.922612879000098, -0.257796697999936 ], [ 119.922457971000085, -0.257448153999974 ], [ 119.92246013700003, -0.25743732199993 ], [ 119.922442702000012, -0.257433068999944 ], [ 119.922212240000022, -0.256506899999977 ], [ 119.92180479000001, -0.255585559999929 ], [ 119.921321667000029, -0.254545033999932 ], [ 119.921091800000113, -0.254049959999975 ], [ 119.92071351200002, -0.253569641999945 ], [ 119.919973576000075, -0.252630134999947 ], [ 119.919156900000075, -0.251593189999937 ], [ 119.917592070000069, -0.249999749999972 ], [ 119.917549922000035, -0.249960510999927 ], [ 119.91675465000003, -0.24908877799993 ], [ 119.916582833, -0.249060141999962 ], [ 119.916459366000026, -0.249039563999929 ], [ 119.91622046000009, -0.249030009999956 ], [ 119.914543170000115, -0.246700429999976 ], [ 119.914543498000057, -0.246696662999966 ], [ 119.914575619000061, -0.246327278999956 ], [ 119.914729540000053, -0.244557229999941 ], [ 119.914718715000049, -0.244535585999927 ], [ 119.914708370000085, -0.244514899999956 ], [ 119.914698093000084, -0.244494343999975 ], [ 119.914077260000113, -0.243252669999947 ], [ 119.914036879000037, -0.24297 ], [ 119.914009122000039, -0.242775739999956 ], [ 119.913890890000062, -0.241948109999953 ], [ 119.913886962000106, -0.241933052999968 ], [ 119.913331790000029, -0.239804899999967 ], [ 119.913015649000045, -0.238715962999947 ], [ 119.912493150000046, -0.236916229999963 ], [ 119.912648570000101, -0.236683098999947 ], [ 119.912760360000107, -0.236515409999924 ], [ 119.912669060000098, -0.236483181999972 ], [ 119.912910070000066, -0.236050039999952 ], [ 119.913140630000044, -0.235635669999965 ], [ 119.914042963000043, -0.235342648999961 ], [ 119.914466010000069, -0.235205269999938 ], [ 119.915259170000013, -0.235175549999951 ], [ 119.915620440000112, -0.235162019999962 ], [ 119.916074330000015, -0.235132459999932 ], [ 119.916945870000063, -0.235075719999941 ], [ 119.917060700000093, -0.23500796999997 ], [ 119.918185680000079, -0.234344239999928 ], [ 119.91895503, -0.233010709999974 ], [ 119.919993620000014, -0.231763169999965 ], [ 119.920122831000072, -0.231607960999952 ], [ 119.92013479000002, -0.23159359999994 ], [ 119.920280140000045, -0.231419009999968 ], [ 119.920384910000053, -0.231304529999932 ], [ 119.921776300000033, -0.229784219999942 ], [ 119.922716690000016, -0.228579709999963 ], [ 119.923361340000042, -0.22753599899994 ], [ 119.9236694330001, -0.227037185999961 ], [ 119.924698850000027, -0.225370519999956 ], [ 119.924918244000082, -0.225015325999948 ], [ 119.925039490000017, -0.224819029999935 ], [ 119.925154780000071, -0.224620109999933 ], [ 119.925937060000024, -0.223270419999949 ], [ 119.92648413500001, -0.221508079999978 ], [ 119.926738472000011, -0.220688759999973 ], [ 119.926779902000021, -0.220555300999933 ], [ 119.926791640000033, -0.220517499999971 ], [ 119.927304340000092, -0.218495839999946 ], [ 119.927418764000095, -0.218070501999932 ], [ 119.927653578000104, -0.217197649999946 ], [ 119.927859770000055, -0.21643118999998 ], [ 119.928229430000101, -0.215995029999931 ], [ 119.929099410000049, -0.214968559999932 ], [ 119.92960109, -0.214541359999942 ], [ 119.930766640000115, -0.213548849999938 ], [ 119.932989690000113, -0.212172039999928 ], [ 119.935811350000108, -0.210924169999942 ], [ 119.936600580000118, -0.210700709999969 ], [ 119.937179460000038, -0.210536819999959 ], [ 119.937459520000061, -0.210331849999932 ], [ 119.937649730000089, -0.210192639999946 ], [ 119.937649730000089, -0.210190199999943 ], [ 119.93764963000001, -0.209719519999965 ], [ 119.937627950000092, -0.209574449999934 ], [ 119.937599920000025, -0.20938689999997 ], [ 119.936787480000021, -0.20895693999995 ], [ 119.93564364000008, -0.208829299999934 ], [ 119.9355244300001, -0.208815995999942 ], [ 119.93524823000007, -0.208785169999942 ], [ 119.934136530000046, -0.208441309999955 ], [ 119.932981930000096, -0.207409249999955 ], [ 119.932511420000083, -0.206420069999979 ], [ 119.931912440000019, -0.204312619999939 ], [ 119.931615322000084, -0.202633059999926 ], [ 119.931570060000013, -0.202377179999928 ], [ 119.931219720000058, -0.200440833999949 ], [ 119.931056460000036, -0.199538489999952 ], [ 119.931054752000023, -0.199530608999964 ], [ 119.93103004000011, -0.199416338999924 ], [ 119.930842520000056, -0.198549279999952 ], [ 119.930243710000013, -0.197302049999962 ], [ 119.929408390000049, -0.196077039999977 ], [ 119.929329768000116, -0.195961739999973 ], [ 119.929217310000013, -0.195796819999941 ], [ 119.929062190000082, -0.195415579999974 ], [ 119.928832320000083, -0.19485063999997 ], [ 119.92883087000007, -0.193574829999932 ], [ 119.928894810000088, -0.192348669999944 ], [ 119.928958710000074, -0.191123159999961 ], [ 119.928967671, -0.19099061299994 ], [ 119.928976640000087, -0.190857939999944 ], [ 119.929012851000039, -0.190322349999974 ], [ 119.929015790000108, -0.190278919999969 ], [ 119.929086670000061, -0.189230619999933 ], [ 119.928915550000056, -0.188628499999936 ], [ 119.92861611, -0.18781131999998 ], [ 119.9279746200001, -0.186994197999979 ], [ 119.927968279000083, -0.186981960999958 ], [ 119.927662823000105, -0.186393256999963 ], [ 119.927630250000107, -0.186330479999924 ], [ 119.927461390000076, -0.186005029999933 ], [ 119.927160620000109, -0.184946682999964 ], [ 119.926948030000062, -0.184198619999961 ], [ 119.92673969100008, -0.183331012999929 ], [ 119.926648520000072, -0.182951339999931 ], [ 119.926547940000091, -0.18250704999997 ], [ 119.926445152000042, -0.182053008999958 ], [ 119.926435081000022, -0.182008519999954 ], [ 119.926395134000018, -0.181832056999951 ], [ 119.926156610000021, -0.180778389999944 ], [ 119.925825120000013, -0.179611969999939 ], [ 119.925728800000115, -0.179273029999933 ], [ 119.925672973000019, -0.179204412999979 ], [ 119.925188500000104, -0.178608949999955 ], [ 119.924959010000066, -0.178326879999929 ], [ 119.924146510000014, -0.17742377999997 ], [ 119.924049710000077, -0.176742799999943 ], [ 119.92401811000002, -0.176520549999964 ], [ 119.92397741000002, -0.175663389999954 ], [ 119.923954949000063, -0.175190512999961 ], [ 119.923948683000049, -0.175058579999927 ], [ 119.923935071000074, -0.174771859999964 ], [ 119.923932330000071, -0.174714089999952 ], [ 119.923974630000089, -0.173817389999954 ], [ 119.923999546000118, -0.173289347999969 ], [ 119.924017560000038, -0.172907579999958 ], [ 119.923986740000032, -0.172799119999979 ], [ 119.923986722000109, -0.17279906999994 ], [ 119.923895800000082, -0.17247913999995 ], [ 119.923846440000034, -0.172305429999938 ], [ 119.923076730000048, -0.17170337999994 ], [ 119.922626920000084, -0.171326419999957 ], [ 119.922563590000095, -0.171273349999979 ], [ 119.921793930000035, -0.170972379999967 ], [ 119.921429565000039, -0.170804033999957 ], [ 119.920211830000085, -0.17024140999996 ], [ 119.918843650000099, -0.170413669999959 ], [ 119.91799952000008, -0.17024011999996 ], [ 119.916962290000015, -0.17002685999995 ], [ 119.916173260000051, -0.169606789999932 ], [ 119.915508460000069, -0.169252849999964 ], [ 119.915226600000096, -0.169169119999935 ], [ 119.913675680000097, -0.168708419999973 ], [ 119.913665500000093, -0.168197069999962 ], [ 119.913689161000093, -0.167958659999954 ], [ 119.913780122000048, -0.167042349999974 ], [ 119.913780160000101, -0.167042009999932 ], [ 119.913948599000037, -0.165446979999956 ], [ 119.913951897000061, -0.16541575399998 ], [ 119.914066800000114, -0.164327629999946 ], [ 119.913394280000034, -0.163313139999957 ], [ 119.913148050000018, -0.162941699999976 ], [ 119.912632080000094, -0.162713409999981 ], [ 119.91171273000009, -0.162306649999948 ], [ 119.910851450000109, -0.161267209999949 ], [ 119.910735720000048, -0.160530519999952 ], [ 119.910679070000015, -0.16016996999997 ], [ 119.910594400000036, -0.159659339999962 ], [ 119.910391770000047, -0.158437419999927 ], [ 119.910286676000055, -0.15810279699997 ], [ 119.909702560000028, -0.156242949999978 ], [ 119.909700110000017, -0.156240339999954 ], [ 119.909637310000107, -0.15617347999995 ], [ 119.908726470000033, -0.155203539999945 ], [ 119.908449860000019, -0.154814079999937 ], [ 119.908439360000102, -0.15479930999993 ], [ 119.908403070000077, -0.154729959999941 ], [ 119.90786512000011, -0.15370207999996 ], [ 119.90783366800008, -0.153039429999978 ], [ 119.907826220000061, -0.152882629999965 ], [ 119.90780755000003, -0.152489279999941 ], [ 119.907750050000118, -0.151854029999924 ], [ 119.907666930000119, -0.151714709999965 ], [ 119.907405519, -0.151276549999977 ], [ 119.907341440000096, -0.15116914999993 ], [ 119.907060980000097, -0.150699069999973 ], [ 119.90608485000007, -0.149313139999947 ], [ 119.902355730000068, -0.143666089999954 ], [ 119.901437020000117, -0.142453379999949 ], [ 119.899944100000084, -0.140258979999942 ], [ 119.899771730000111, -0.139103939999927 ], [ 119.90011585000002, -0.13633176999997 ], [ 119.900632350000024, -0.134714609999946 ], [ 119.900649430000044, -0.134695514999976 ], [ 119.900960690000034, -0.134347519999949 ], [ 119.901148950000106, -0.134137039999928 ], [ 119.902207439000108, -0.133486147999974 ], [ 119.902323229000103, -0.133414946999949 ], [ 119.903215560000035, -0.132866229999934 ], [ 119.905648725000106, -0.131594949999965 ], [ 119.906200670000089, -0.131306569999936 ], [ 119.908158550000053, -0.130390189999957 ], [ 119.908567935000065, -0.130198578999966 ], [ 119.908669140000029, -0.130151209999951 ], [ 119.908669620000069, -0.130150309999976 ], [ 119.908669710000026, -0.130150139999955 ], [ 119.90869353000005, -0.130104599999925 ], [ 119.909071657000027, -0.129381640999952 ], [ 119.909243090000018, -0.12905386999995 ], [ 119.909610680000014, -0.128272989999971 ], [ 119.909759670000085, -0.127956499999925 ], [ 119.911539140000059, -0.126165969999931 ], [ 119.912086273000114, -0.125477820999947 ], [ 119.91245756, -0.125010839999959 ], [ 119.912784630000033, -0.124479189999931 ], [ 119.913203740000085, -0.123797939999974 ], [ 119.913602464000064, -0.121944771999949 ], [ 119.913783880000096, -0.121101599999974 ], [ 119.915103750000071, -0.116077019999977 ], [ 119.915138721000062, -0.115967900999976 ], [ 119.915138740000089, -0.115967859999955 ], [ 119.918194440000093, -0.117574009999942 ], [ 119.918215862000011, -0.11758526999995 ], [ 119.919212880000032, -0.115364219999947 ], [ 119.920718220000026, -0.110579239999936 ], [ 119.922201170000108, -0.10883524999997 ], [ 119.92368389, -0.107597249999969 ], [ 119.925142960000017, -0.106935719999967 ], [ 119.92615555000009, -0.106476619999967 ], [ 119.927535231000093, -0.105724100999964 ], [ 119.928398014000095, -0.105253513999969 ], [ 119.929032150000012, -0.104907639999965 ], [ 119.929041580000103, -0.104902498999934 ], [ 119.929121340000052, -0.104858989999968 ], [ 119.931078370000023, -0.103778399999953 ], [ 119.931592680000108, -0.103494419999947 ], [ 119.932774690000088, -0.102956138999957 ], [ 119.934311410000078, -0.102256319999924 ], [ 119.935794390000069, -0.100891839999974 ], [ 119.936226612000041, -0.099823700999934 ], [ 119.936350150000067, -0.099518419999924 ], [ 119.93648574100007, -0.099089109999966 ], [ 119.936753660000022, -0.09824083999996 ], [ 119.937065943000107, -0.097252108999953 ], [ 119.937066170000094, -0.09725138999994 ], [ 119.937068928000031, -0.097242668999968 ], [ 119.93707039100002, -0.097238030999961 ], [ 119.93721486000004, -0.096780629999955 ], [ 119.938665433000097, -0.092621870999949 ], [ 119.938732971000036, -0.092428249999955 ], [ 119.939685730000065, -0.089696719999949 ], [ 119.941126, -0.086589259999926 ], [ 119.941415340000049, -0.085964989999979 ], [ 119.941626625000026, -0.084689587999947 ], [ 119.941629029000069, -0.08467507599994 ], [ 119.941909290000012, -0.082983299999967 ], [ 119.942229711000095, -0.082014829999935 ], [ 119.942650670000035, -0.080742489999977 ], [ 119.942432239000027, -0.080008109999937 ], [ 119.942279810000059, -0.079495649999956 ], [ 119.942507412000055, -0.078923330999942 ], [ 119.943191071000115, -0.077204269999925 ], [ 119.943267990000095, -0.077010869999924 ], [ 119.943497082000022, -0.076736110999946 ], [ 119.943885800000089, -0.076269929999967 ], [ 119.944227310000088, -0.075926658999947 ], [ 119.944380220000085, -0.075772959999938 ], [ 119.945473050000032, -0.073839329999942 ], [ 119.946055550000096, -0.073545209999963 ], [ 119.946332080000047, -0.073405579999928 ], [ 119.947083370000087, -0.072384539999973 ], [ 119.947351710000021, -0.072008639999979 ], [ 119.947592930000042, -0.071670722999954 ], [ 119.947553720000087, -0.071237079999946 ], [ 119.94734539000001, -0.068933059999949 ], [ 119.946945179000068, -0.068428369999936 ], [ 119.94635668, -0.067686249999952 ], [ 119.945594810000102, -0.067020990999936 ], [ 119.945042650000119, -0.066538849999972 ], [ 119.944183550000048, -0.065834149999944 ], [ 119.944129950000047, -0.065246859999945 ], [ 119.9441297300001, -0.064666679999959 ], [ 119.944129620000012, -0.064379469999949 ], [ 119.944271381000021, -0.064093239999977 ], [ 119.944451830000048, -0.063728909999952 ], [ 119.944620081000039, -0.063122749999934 ], [ 119.944720180000104, -0.062762119999945 ], [ 119.944920383000067, -0.061091979999958 ], [ 119.944934630000034, -0.060973119999971 ], [ 119.944792571000107, -0.059366939999961 ], [ 119.94471967000004, -0.058542639999928 ], [ 119.944182830000045, -0.057892129999971 ], [ 119.943574720000015, -0.056609149999929 ], [ 119.943505050000113, -0.055841029999954 ], [ 119.943450970000072, -0.055244819999928 ], [ 119.943398540000089, -0.05487342999993 ], [ 119.943396018000044, -0.054855569999972 ], [ 119.943327240000031, -0.054368409999938 ], [ 119.943203750000066, -0.052507139999932 ], [ 119.943115819000013, -0.052063980999947 ], [ 119.942952760000026, -0.051242209999941 ], [ 119.942858183000112, -0.05057299899994 ], [ 119.942708880000055, -0.049516479999966 ], [ 119.9435736800001, -0.04616434999997 ], [ 119.94339010200008, -0.044681289999971 ], [ 119.943334289000063, -0.044230379999931 ], [ 119.94332651000002, -0.044167549999941 ], [ 119.943232140000077, -0.043907179999962 ], [ 119.942832002000046, -0.042803239999955 ], [ 119.941595950000078, -0.041429919999928 ], [ 119.941106769000044, -0.040774320999958 ], [ 119.940483580000091, -0.039939139999944 ], [ 119.940097506000029, -0.038676497999973 ], [ 119.939989060000016, -0.038321829999973 ], [ 119.940977670000052, -0.037571869999965 ], [ 119.941732342000023, -0.036815261999948 ], [ 119.941842880000081, -0.036704449999945 ], [ 119.941842540000039, -0.03483413999993 ], [ 119.940544390000014, -0.02936780999994 ], [ 119.94053034, -0.029325279999966 ], [ 119.940454299000066, -0.029095109999957 ], [ 119.940318823000098, -0.028685053999936 ], [ 119.940168020000101, -0.028228599999977 ], [ 119.939926483000022, -0.027497509999932 ], [ 119.940044930000113, -0.025701679999941 ], [ 119.940049840000029, -0.025627199999974 ], [ 119.940663851000068, -0.025010610999971 ], [ 119.941903390000107, -0.023765879999928 ], [ 119.944127670000057, -0.020034259999932 ], [ 119.944050843000014, -0.01872144999993 ], [ 119.944003950000024, -0.01792 ], [ 119.943517798000016, -0.017064087999927 ], [ 119.942520820000027, -0.015308819999973 ], [ 119.941854520000106, -0.014392129999976 ], [ 119.94141842800002, -0.013792160999969 ], [ 119.941161390000048, -0.013438529999974 ], [ 119.940790320000019, -0.011577259999967 ], [ 119.941265541, -0.008945919999974 ], [ 119.941284750000023, -0.008839559999956 ], [ 119.94147337000004, -0.008173959999965 ], [ 119.942273080000064, -0.005351919999953 ], [ 119.942318395000029, -0.004850172999966 ], [ 119.942643560000079, -0.00124988999994 ], [ 119.943137740000111, 0.001487810000071 ], [ 119.943693640000106, 0.007451100000026 ], [ 119.944063603000018, 0.010311063000074 ], [ 119.944064150000031, 0.010315290000051 ], [ 119.944394020000118, 0.011918900000069 ], [ 119.944805730000098, 0.013920360000043 ], [ 119.945423600000026, 0.014796770000032 ], [ 119.946412240000086, 0.01528466000002 ], [ 119.947218836000047, 0.015654566000023 ], [ 119.947267340000053, 0.015676810000059 ], [ 119.947364330000028, 0.015721290000045 ], [ 119.94777165000005, 0.015908080000031 ], [ 119.949276950000012, 0.016329960000064 ], [ 119.949995990000048, 0.016531480000026 ], [ 119.950405999000054, 0.016900202000045 ], [ 119.95123172000001, 0.017642790000025 ], [ 119.95162778200006, 0.01914219300005 ], [ 119.951627899000073, 0.019142637000073 ], [ 119.951662747000114, 0.019273949000024 ], [ 119.95172543800004, 0.019512143000043 ], [ 119.951443863, 0.020929502000058 ], [ 119.951355190000072, 0.021374340000023 ], [ 119.951355390000117, 0.021374846000072 ], [ 119.951355092000085, 0.021376348000047 ], [ 119.952343217000021, 0.023867429000063 ], [ 119.952343800000108, 0.023867864000067 ], [ 119.95234387000005, 0.023868040000025 ], [ 119.953163150000023, 0.024485740000046 ], [ 119.954302540000072, 0.025344787000051 ], [ 119.954321140000047, 0.025358810000057 ], [ 119.955191220000074, 0.026930090000064 ], [ 119.955556900000033, 0.027590480000072 ], [ 119.957192640000017, 0.031545 ], [ 119.957210824000072, 0.031588961000068 ], [ 119.957377950000023, 0.031993 ], [ 119.957410580000101, 0.032071880000046 ], [ 119.957696290000058, 0.033622420000029 ], [ 119.957884525000054, 0.034643946000074 ], [ 119.958028250000098, 0.035423920000028 ], [ 119.958027956000024, 0.035425254000074 ], [ 119.957898290000117, 0.036013270000069 ], [ 119.957781200000113, 0.036544290000052 ], [ 119.957470153000031, 0.038219748000074 ], [ 119.957405187000063, 0.038544644000069 ], [ 119.957410346000074, 0.041891306000025 ], [ 119.957410390000064, 0.043013060000021 ], [ 119.957410389000074, 0.043016592000072 ], [ 119.957410392000043, 0.043122830000073 ], [ 119.957410400000072, 0.04339297000007 ], [ 119.957158931000095, 0.04371862000005 ], [ 119.956571745000019, 0.044525768000028 ], [ 119.955306395000093, 0.045776260000025 ], [ 119.95528858900002, 0.045874602000026 ], [ 119.955080437000106, 0.047126611000067 ], [ 119.955061840000099, 0.047314406000055 ], [ 119.955048088000012, 0.047453267000037 ], [ 119.954991366000058, 0.048768152000036 ], [ 119.954938710000079, 0.049988760000019 ], [ 119.954876790000071, 0.051479570000026 ], [ 119.95401164000009, 0.052843930000051 ], [ 119.953764620000015, 0.054217290000054 ], [ 119.954002979000052, 0.05613409800003 ], [ 119.954011800000103, 0.056205030000058 ], [ 119.954314841000041, 0.057060180000065 ], [ 119.954629740000087, 0.057948790000069 ], [ 119.955371050000053, 0.058942620000039 ], [ 119.956520420000061, 0.060202970000034 ], [ 119.956730520000065, 0.060433360000047 ], [ 119.957040440000014, 0.06110017900005 ], [ 119.957595560000073, 0.062294560000055 ], [ 119.957984431000114, 0.063784120000037 ], [ 119.958112846000063, 0.064276 ], [ 119.958213550000096, 0.06466174000002 ], [ 119.958674908000035, 0.066849090000062 ], [ 119.959078730000101, 0.068763650000051 ], [ 119.959290538000118, 0.069403790000024 ], [ 119.959820120000018, 0.071004330000051 ], [ 119.960180170000058, 0.07193503000002 ], [ 119.959930650000047, 0.072067590000074 ], [ 119.957589, 0.073778800000071 ], [ 119.957649312000058, 0.073906860000022 ], [ 119.957649330000095, 0.073906890000046 ], [ 119.95824941, 0.075101970000048 ], [ 119.959398410000063, 0.077390210000033 ], [ 119.959428310000021, 0.07746981300005 ], [ 119.959614560000091, 0.077965670000026 ], [ 119.959684410000023, 0.078151650000052 ], [ 119.959913828000026, 0.078762417000064 ], [ 119.959993130000043, 0.07897354000005 ], [ 119.960067062, 0.079228470000032 ], [ 119.960451900000066, 0.08055545000002 ], [ 119.960615282000049, 0.081118802000049 ], [ 119.960639148000041, 0.081204435000075 ], [ 119.96072783000011, 0.081506870000055 ], [ 119.961228040000037, 0.083826420000037 ], [ 119.96135761000005, 0.084427260000041 ], [ 119.961707410000031, 0.084884670000065 ], [ 119.962721800000054, 0.085764220000044 ], [ 119.963126760000023, 0.086067550000053 ], [ 119.963182772000096, 0.086109504000035 ], [ 119.964365820000012, 0.086995620000039 ], [ 119.965205280000077, 0.087488160000021 ], [ 119.966004720000115, 0.087793130000023 ], [ 119.966027735000011, 0.087801910000053 ], [ 119.967157863000011, 0.088350199000047 ], [ 119.967549708000092, 0.089082415000064 ], [ 119.967826870000067, 0.089621360000024 ], [ 119.967828914000052, 0.089625335000051 ], [ 119.968213490000039, 0.090373150000062 ], [ 119.968582648000051, 0.09101260500006 ], [ 119.969051775000025, 0.091889233000074 ], [ 119.968535878000012, 0.09191034600002 ], [ 119.969346460000111, 0.092335680000076 ], [ 119.96947281000007, 0.092554540000037 ], [ 119.969892670000036, 0.094243440000071 ], [ 119.969892690000052, 0.09457647000005 ], [ 119.969892690000052, 0.094667940000022 ], [ 119.969892863000041, 0.094669330000045 ], [ 119.969892900000104, 0.094669580000073 ], [ 119.96989343000007, 0.094670200000053 ], [ 119.971094080000057, 0.095676320000052 ], [ 119.971540000000118, 0.09605 ], [ 119.972022515000049, 0.096251047000067 ], [ 119.97298, 0.09665 ], [ 119.97529, 0.09672 ], [ 119.975544580000019, 0.096688670000049 ], [ 119.975886790000118, 0.09664655000006 ], [ 119.976087360000065, 0.096710850000022 ], [ 119.977387010000029, 0.096945650000066 ], [ 119.981589990000089, 0.09641221000004 ], [ 119.982934520000072, 0.096000890000028 ], [ 119.98331, 0.09623 ], [ 119.983527440000103, 0.096499620000031 ], [ 119.98356, 0.09654 ], [ 119.983560260000104, 0.096542060000047 ], [ 119.98363, 0.09711 ], [ 119.983630001000051, 0.097110040000075 ], [ 119.983644910000066, 0.097472910000022 ], [ 119.985079520000113, 0.095901670000046 ], [ 119.985752260000027, 0.095164860000068 ], [ 119.986065890000077, 0.095197773000052 ], [ 119.986097880000102, 0.095201130000021 ], [ 119.986404330000028, 0.095815480000056 ], [ 119.986558670000022, 0.096800280000025 ], [ 119.986560010000062, 0.097785080000051 ], [ 119.987173650000045, 0.099375180000038 ], [ 119.98791308300008, 0.101187020000054 ], [ 119.988132300000075, 0.101724170000068 ], [ 119.988745340000037, 0.102943830000072 ], [ 119.98989680000011, 0.106503480000072 ], [ 119.990580820000105, 0.107391200000052 ], [ 119.9909, 0.10745 ], [ 119.991074250000111, 0.107654370000034 ], [ 119.991656620000072, 0.107876610000062 ], [ 119.992573680000078, 0.107722930000023 ], [ 119.993873310000026, 0.107948670000042 ], [ 119.995079180000062, 0.108892870000034 ], [ 119.99521, 0.10889 ], [ 119.99633, 0.1091 ], [ 119.996979760000045, 0.109393940000075 ], [ 119.998078940000028, 0.109393830000045 ], [ 119.999837390000039, 0.109773110000049 ], [ 120.000908810000055, 0.110766840000053 ], [ 120.00121601, 0.111823880000031 ], [ 120.001218223000023, 0.111899330000028 ], [ 120.001236552000023, 0.112523020000026 ], [ 120.001339020000046, 0.116009679000058 ], [ 120.001537020000114, 0.12274694000007 ], [ 120.001499041000102, 0.123167690000059 ], [ 120.003127660000018, 0.12359938000003 ], [ 120.00313, 0.1236 ], [ 120.004730000000109, 0.12377 ], [ 120.00634, 0.12399 ], [ 120.007610000000113, 0.12427 ], [ 120.00943, 0.12455 ], [ 120.0128, 0.12471 ], [ 120.01512, 0.12482 ], [ 120.01883, 0.1251 ], [ 120.021480000000111, 0.12544 ], [ 120.02479, 0.12605 ], [ 120.02739, 0.12671 ], [ 120.02992, 0.1269 ], [ 120.031570000000102, 0.12712 ], [ 120.032125620000102, 0.127150710000024 ], [ 120.032192110000096, 0.127154390000044 ], [ 120.032238070000062, 0.127156930000069 ], [ 120.033261186000118, 0.127213481000069 ], [ 120.033559690000061, 0.127229981000028 ], [ 120.03356, 0.12723 ], [ 120.03494, 0.12768 ], [ 120.03633, 0.12818 ], [ 120.037150000000111, 0.12851 ], [ 120.03776, 0.12885 ], [ 120.03798, 0.12907 ], [ 120.03798, 0.1294 ], [ 120.03782, 0.12968 ], [ 120.037786079000057, 0.129712864000055 ], [ 120.03461, 0.13279 ], [ 120.03411, 0.13324 ], [ 120.03406, 0.13379 ], [ 120.03417, 0.13451 ], [ 120.03483, 0.13512 ], [ 120.03566, 0.13579 ], [ 120.036160000000109, 0.13646 ], [ 120.03627, 0.13735 ], [ 120.03644, 0.13829 ], [ 120.03688000000011, 0.1389 ], [ 120.03771, 0.13957 ], [ 120.038873380000041, 0.140176980000035 ], [ 120.039090000000101, 0.14029 ], [ 120.04014, 0.14139 ], [ 120.04092, 0.14267 ], [ 120.04175, 0.14378 ], [ 120.0428, 0.14451 ], [ 120.04462, 0.14573 ], [ 120.045236980000027, 0.146274780000056 ], [ 120.045512740000049, 0.146518270000058 ], [ 120.04556, 0.14656 ], [ 120.04595, 0.14712 ], [ 120.046, 0.1479 ], [ 120.04589, 0.14884 ], [ 120.045875440000032, 0.14886271000006 ], [ 120.045390000000111, 0.14962 ], [ 120.04412, 0.15067 ], [ 120.04241, 0.15212 ], [ 120.04097, 0.15467 ], [ 120.040570000000116, 0.15599 ], [ 120.040080000000103, 0.15732 ], [ 120.040122600000018, 0.157991530000061 ], [ 120.040494370000033, 0.158657470000037 ], [ 120.040834330000052, 0.158573250000074 ], [ 120.042972020000093, 0.156982870000036 ], [ 120.043140330000028, 0.156982841000058 ], [ 120.043506950000051, 0.156982790000029 ], [ 120.043711800000096, 0.157457429000033 ], [ 120.04373699000007, 0.157515790000048 ], [ 120.043788131000042, 0.157602949000022 ], [ 120.044579780000049, 0.158952140000054 ], [ 120.044922720000045, 0.159429531000058 ], [ 120.044962650000116, 0.159485120000056 ], [ 120.044950469000014, 0.159943670000075 ], [ 120.044933756000091, 0.160572459000036 ], [ 120.04493285, 0.160606560000076 ], [ 120.044932094000046, 0.160635007000053 ], [ 120.0449264, 0.160849330000076 ], [ 120.044708720000017, 0.162376850000044 ], [ 120.044623840000099, 0.162972470000057 ], [ 120.043561510000018, 0.16828490000006 ], [ 120.043640600000117, 0.170109850000074 ], [ 120.044005920000018, 0.170832260000054 ], [ 120.04470488700008, 0.172214446000055 ], [ 120.044730290000075, 0.172264680000069 ], [ 120.044861440000091, 0.172524030000034 ], [ 120.045020220000083, 0.172838030000037 ], [ 120.045759229000055, 0.173603140000068 ], [ 120.046704110000064, 0.174581400000022 ], [ 120.048234200000024, 0.175574940000047 ], [ 120.050070770000048, 0.177236970000024 ], [ 120.050289900000053, 0.177421440000046 ], [ 120.051196680000089, 0.178184790000046 ], [ 120.051984060000109, 0.178989330000036 ], [ 120.052444770000079, 0.180425720000073 ], [ 120.052445129000034, 0.180670040000052 ], [ 120.05244588000005, 0.181184610000059 ], [ 120.052729550000095, 0.181191743000056 ], [ 120.052831842000046, 0.181194318000053 ], [ 120.052892942000085, 0.181195854000066 ], [ 120.053584750000027, 0.18121326000005 ], [ 120.055655900000033, 0.181265370000062 ], [ 120.057214610000074, 0.181304941000064 ], [ 120.058483680000109, 0.181337160000055 ], [ 120.060700710000106, 0.181716230000063 ], [ 120.061236130000111, 0.181716140000049 ], [ 120.0620100000001, 0.18157 ], [ 120.063981560000116, 0.181405700000028 ], [ 120.065514350000058, 0.18088425000002 ], [ 120.066966110000067, 0.180658150000056 ], [ 120.068648540000027, 0.181344460000048 ], [ 120.068820410000058, 0.181501680000054 ], [ 120.068994662000023, 0.181661089000045 ], [ 120.069566820000091, 0.182184490000054 ], [ 120.070140970000011, 0.182861960000025 ], [ 120.070105148000039, 0.183862930000032 ], [ 120.070100758000081, 0.183985650000068 ], [ 120.070067570000106, 0.184912750000024 ], [ 120.06961608000006, 0.189764210000021 ], [ 120.069464350000089, 0.190441810000038 ], [ 120.069657881000012, 0.190599650000024 ], [ 120.069715311000095, 0.190646486000048 ], [ 120.070306040000105, 0.191128260000028 ], [ 120.072447620000048, 0.192266190000055 ], [ 120.073363280000081, 0.193285910000043 ], [ 120.073672370000054, 0.193630130000031 ], [ 120.075737660000073, 0.194777100000067 ], [ 120.079256660000055, 0.197206640000047 ], [ 120.079756020000104, 0.19743339200005 ], [ 120.080251, 0.19765816000006 ], [ 120.081586910000055, 0.197657911000022 ], [ 120.082237980000059, 0.197657790000051 ], [ 120.08256266, 0.19778 ], [ 120.08376, 0.19778 ], [ 120.084243840000113, 0.197822920000021 ], [ 120.085065510000049, 0.197512710000069 ], [ 120.085449804000064, 0.19748794800006 ], [ 120.087267200000042, 0.197370844000034 ], [ 120.087378553, 0.197363669000026 ], [ 120.087837170000057, 0.197334119000061 ], [ 120.088044764000074, 0.197320741000055 ], [ 120.088580770000021, 0.197286200000065 ], [ 120.089966052000023, 0.197787867000045 ], [ 120.090175829000032, 0.197863833000042 ], [ 120.090874670000062, 0.198116910000067 ], [ 120.091554309000117, 0.19867374100005 ], [ 120.092175482000016, 0.199182680000035 ], [ 120.092253500000083, 0.200248690000024 ], [ 120.093173700000079, 0.202371510000035 ], [ 120.093908931000101, 0.203654260000064 ], [ 120.093930516000114, 0.20369191900005 ], [ 120.094131530000027, 0.204042620000052 ], [ 120.094919739000034, 0.205423821000068 ], [ 120.095082822000109, 0.205709599000045 ], [ 120.09581718000004, 0.206996420000053 ], [ 120.095667560000038, 0.20911945000006 ], [ 120.095845499, 0.212551801000075 ], [ 120.095845570000051, 0.212553170000035 ], [ 120.095903600000042, 0.213672540000061 ], [ 120.09631372900003, 0.216554750000057 ], [ 120.096319262000065, 0.216593660000058 ], [ 120.096323318000032, 0.216622140000027 ], [ 120.096907560000091, 0.220727900000043 ], [ 120.09713634700006, 0.221032818000026 ], [ 120.098439240000062, 0.222769263000032 ], [ 120.100581940000097, 0.224665950000031 ], [ 120.100762007000071, 0.225055543000053 ], [ 120.100834150000082, 0.225211630000047 ], [ 120.100832200000013, 0.225212230000068 ], [ 120.100587263000079, 0.22528759000005 ], [ 120.09871148000002, 0.22528759000005 ], [ 120.098524181000016, 0.225448131000064 ], [ 120.098054960000013, 0.225850330000071 ], [ 120.097567211000069, 0.225890977000063 ], [ 120.097417910000104, 0.225903420000066 ], [ 120.097350011000117, 0.22627994000004 ], [ 120.09735, 0.22628 ], [ 120.09685, 0.22684 ], [ 120.095910000000117, 0.2275 ], [ 120.095420000000104, 0.22817 ], [ 120.09498, 0.23027 ], [ 120.09437, 0.23227 ], [ 120.09337, 0.23427 ], [ 120.09293, 0.23521 ], [ 120.09271, 0.23604 ], [ 120.09282, 0.23654 ], [ 120.09365, 0.23777 ], [ 120.095287609000025, 0.240077921000022 ], [ 120.09529309900006, 0.240085651000072 ], [ 120.095385207000049, 0.240215464000073 ], [ 120.095537620000073, 0.240430270000047 ], [ 120.09558, 0.24049 ], [ 120.095886759000109, 0.241354489000059 ], [ 120.09635, 0.24266 ], [ 120.09652, 0.2437 ], [ 120.09647, 0.24437 ], [ 120.09536, 0.24548 ], [ 120.094200000000114, 0.24642 ], [ 120.09337, 0.24787 ], [ 120.092760000000112, 0.24903 ], [ 120.09254, 0.24953 ], [ 120.09193, 0.24981 ], [ 120.09017, 0.24999 ], [ 120.090169959000036, 0.249990149000041 ], [ 120.089847157, 0.251042555000026 ], [ 120.08984053000006, 0.251064160000055 ], [ 120.088210000000117, 0.25638 ], [ 120.08792, 0.25691 ], [ 120.08471, 0.26093 ], [ 120.0835183800001, 0.262891590000038 ], [ 120.08341, 0.26307 ], [ 120.08276, 0.26441 ], [ 120.08258, 0.26542 ], [ 120.08266, 0.26843 ], [ 120.082539940000061, 0.268843539000045 ], [ 120.08248, 0.26905 ], [ 120.0819, 0.27003 ], [ 120.08111, 0.27086 ], [ 120.08063423100009, 0.27160630100002 ], [ 120.080600000000118, 0.27166 ], [ 120.080060000000117, 0.27303 ], [ 120.079874072000052, 0.273377061000076 ], [ 120.07976, 0.27359 ], [ 120.07911, 0.27432 ], [ 120.07807, 0.27497 ], [ 120.076715040000067, 0.27534589000004 ], [ 120.076323190000039, 0.275168540000038 ], [ 120.076310750000061, 0.275162910000063 ], [ 120.075852520000012, 0.274955520000049 ], [ 120.075068240000064, 0.27501753100006 ], [ 120.074018390000106, 0.275100540000039 ], [ 120.07400693000011, 0.275100550000047 ], [ 120.07353, 0.27482 ], [ 120.07288, 0.27468 ], [ 120.070610000000102, 0.27446 ], [ 120.06773, 0.27431 ], [ 120.06524, 0.27468 ], [ 120.06485, 0.27489 ], [ 120.06409, 0.27605 ], [ 120.06352, 0.27736 ], [ 120.06283, 0.27873 ], [ 120.06225, 0.2796 ], [ 120.061240000000112, 0.28087 ], [ 120.05966, 0.28228 ], [ 120.05792, 0.28336 ], [ 120.05586, 0.2847 ], [ 120.05493, 0.28539 ], [ 120.05464, 0.28601 ], [ 120.054710000000114, 0.28648 ], [ 120.05568, 0.28862 ], [ 120.05637, 0.28999 ], [ 120.057119070000113, 0.290966351000066 ], [ 120.05871, 0.29304 ], [ 120.05885, 0.2934 ], [ 120.05883, 0.29407 ], [ 120.058356939000078, 0.294715919000055 ], [ 120.058355097000117, 0.29471843400006 ], [ 120.05831, 0.29478 ], [ 120.05744, 0.29547 ], [ 120.056290000000104, 0.29626 ], [ 120.05583773, 0.296779439000034 ], [ 120.05528, 0.29742 ], [ 120.055, 0.29818 ], [ 120.055070000000114, 0.29945 ], [ 120.05546, 0.30006 ], [ 120.05698, 0.30155 ], [ 120.057457873000089, 0.301819819000059 ], [ 120.058450000000107, 0.30238 ], [ 120.05921, 0.30249 ], [ 120.05986, 0.30289 ], [ 120.06141, 0.30441 ], [ 120.061444703, 0.304487115000029 ], [ 120.061572359000024, 0.304770791000067 ], [ 120.06177, 0.30521 ], [ 120.06184, 0.30572 ], [ 120.061777852000091, 0.306323690000056 ], [ 120.06177, 0.3064 ], [ 120.06159, 0.30731 ], [ 120.06159, 0.30861 ], [ 120.06173, 0.31017 ], [ 120.061796152000056, 0.312466400000062 ], [ 120.061797180000099, 0.312501980000036 ], [ 120.0618, 0.3126 ], [ 120.061798282000041, 0.312653950000026 ], [ 120.061690000000112, 0.31606 ], [ 120.06159, 0.3169 ], [ 120.06144, 0.31722 ], [ 120.06072, 0.31816 ], [ 120.05968, 0.31914 ], [ 120.059350000000109, 0.31965 ], [ 120.05932, 0.32005 ], [ 120.05957, 0.3223 ], [ 120.059519001000012, 0.323428310000054 ], [ 120.05949, 0.32407 ], [ 120.05924863100006, 0.326367830000038 ], [ 120.05924, 0.32645 ], [ 120.05895, 0.32776 ], [ 120.05856, 0.32841 ], [ 120.05802, 0.32881 ], [ 120.05686, 0.32989 ], [ 120.05661, 0.33058 ], [ 120.056572162000066, 0.333048770000062 ], [ 120.05657, 0.33319 ], [ 120.056601181000019, 0.333700630000067 ], [ 120.056650000000104, 0.3345 ], [ 120.05697, 0.3354 ], [ 120.057730000000106, 0.33642 ], [ 120.057910520000064, 0.336588369000026 ], [ 120.05877, 0.33739 ], [ 120.060354020000091, 0.338438020000069 ], [ 120.06075, 0.3387 ], [ 120.0614, 0.33924 ], [ 120.061400110000022, 0.339240200000063 ], [ 120.061777670000083, 0.33993909000003 ], [ 120.06230306000009, 0.340493060000028 ], [ 120.063557680000031, 0.341069460000028 ], [ 120.063810000000103, 0.34109 ], [ 120.06468, 0.34098 ], [ 120.06519, 0.34104 ], [ 120.068750500000078, 0.34247584000002 ], [ 120.068859999000097, 0.342519999000046 ], [ 120.070371610000052, 0.343209300000069 ], [ 120.072820670000056, 0.344049170000062 ], [ 120.073605510000107, 0.34488656000002 ], [ 120.073643380000021, 0.344851850000055 ], [ 120.074344930000052, 0.345425840000075 ], [ 120.075029880000102, 0.346110790000068 ], [ 120.075029880000102, 0.346631320000029 ], [ 120.075487010000074, 0.347878800000046 ], [ 120.075339, 0.349785060000045 ], [ 120.074820450000061, 0.35184503000005 ], [ 120.073635450000097, 0.353462550000074 ], [ 120.073635550000063, 0.358187120000025 ], [ 120.073635620000118, 0.361548170000049 ], [ 120.073786871000038, 0.361968780000041 ], [ 120.074047630000109, 0.362693900000068 ], [ 120.074961380000104, 0.363303070000029 ], [ 120.07681075000005, 0.36474147000007 ], [ 120.078112160000046, 0.36631686000004 ], [ 120.07839071, 0.36766319000003 ], [ 120.078736141000036, 0.36814337900006 ], [ 120.078756840000096, 0.368172150000021 ], [ 120.078968600000053, 0.368466510000076 ], [ 120.079413020000061, 0.371113370000046 ], [ 120.078228110000055, 0.373318120000022 ], [ 120.078228150000086, 0.374535280000032 ], [ 120.07855, 0.37488 ], [ 120.07877, 0.37549 ], [ 120.078770010000085, 0.375490240000033 ], [ 120.078773620000106, 0.375568340000029 ], [ 120.079265110000051, 0.376407440000037 ], [ 120.07926511800008, 0.376500720000024 ], [ 120.079265140000075, 0.377283750000061 ], [ 120.079177830000049, 0.378747320000059 ], [ 120.079143490000092, 0.379334920000019 ], [ 120.079117110000084, 0.379786270000068 ], [ 120.081817130000104, 0.384638640000048 ], [ 120.082427079000013, 0.385353150000071 ], [ 120.0828, 0.38579 ], [ 120.08385, 0.38682 ], [ 120.08458604000009, 0.387204871000051 ], [ 120.08647, 0.38819 ], [ 120.08702, 0.38856 ], [ 120.089070000000106, 0.39008 ], [ 120.09126, 0.39153 ], [ 120.09188, 0.39171 ], [ 120.093570000000113, 0.39193 ], [ 120.094160000000102, 0.39209 ], [ 120.095280000000116, 0.39296 ], [ 120.095780000000104, 0.39314 ], [ 120.096540000000118, 0.39307 ], [ 120.0978, 0.39242 ], [ 120.09852, 0.39162 ], [ 120.09935, 0.39137 ], [ 120.1, 0.39133 ], [ 120.10295, 0.39169 ], [ 120.10565, 0.39282 ], [ 120.10634, 0.39304 ], [ 120.10796, 0.39325 ], [ 120.108014149000041, 0.393262211000035 ], [ 120.108028240000067, 0.393265390000067 ], [ 120.108979619000024, 0.393479912000032 ], [ 120.10898, 0.39348 ], [ 120.11078, 0.39399 ], [ 120.11381, 0.39515 ], [ 120.115860000000112, 0.39642 ], [ 120.11871, 0.39848 ], [ 120.12029, 0.4 ], [ 120.12079, 0.40084 ], [ 120.120902200000046, 0.401120510000055 ], [ 120.121113320000063, 0.401352840000072 ], [ 120.122594960000015, 0.405471670000054 ], [ 120.122150720000036, 0.407531550000044 ], [ 120.122204728000042, 0.407578464000039 ], [ 120.122428680000098, 0.407773 ], [ 120.12661, 0.40796 ], [ 120.126890000000117, 0.40843 ], [ 120.127173340000013, 0.408976210000048 ], [ 120.127719930000012, 0.410029869000027 ], [ 120.12772, 0.41003 ], [ 120.12812, 0.41209 ], [ 120.12794, 0.41296 ], [ 120.12793174, 0.41298396000002 ], [ 120.129261370000108, 0.414313100000072 ], [ 120.129109351000011, 0.414614480000068 ], [ 120.128668880000077, 0.415487720000044 ], [ 120.126447110000072, 0.416952080000044 ], [ 120.124946160000036, 0.417941350000035 ], [ 120.124225340000066, 0.418416440000044 ], [ 120.119485390000023, 0.420315440000024 ], [ 120.117648771000063, 0.42186834000006 ], [ 120.117411640000114, 0.422068840000065 ], [ 120.116302941000072, 0.423534431000064 ], [ 120.115634270000101, 0.424418350000053 ], [ 120.113856890000079, 0.426767880000057 ], [ 120.113857191000079, 0.428946390000021 ], [ 120.113857260000032, 0.429414800000075 ], [ 120.113866862, 0.429436180000039 ], [ 120.114095670000097, 0.429909050000049 ], [ 120.11413, 0.42998 ], [ 120.114204010000094, 0.430186530000071 ], [ 120.114449770000078, 0.430733500000031 ], [ 120.116746260000014, 0.435737300000028 ], [ 120.11727927000004, 0.436533330000032 ], [ 120.117635200000109, 0.437064900000053 ], [ 120.118714260000047, 0.438808153000025 ], [ 120.118873251000082, 0.438988349000056 ], [ 120.11891, 0.43903 ], [ 120.120360000000119, 0.44048 ], [ 120.1227, 0.4428 ], [ 120.12403, 0.4441 ], [ 120.124303830000031, 0.44501458000002 ], [ 120.124449950000098, 0.445165340000074 ], [ 120.12548718000005, 0.447667250000052 ], [ 120.12637623, 0.450900950000062 ], [ 120.12736231000008, 0.453946350000024 ], [ 120.12789, 0.45471 ], [ 120.12907, 0.4567 ], [ 120.12914172, 0.457015570000067 ], [ 120.129932170000075, 0.458117360000074 ], [ 120.129945068000097, 0.458132851000073 ], [ 120.130125881000026, 0.458350069000062 ], [ 120.130479860000037, 0.458409988000028 ], [ 120.13048, 0.45841 ], [ 120.13142, 0.45839 ], [ 120.13312, 0.45857 ], [ 120.13485, 0.45919 ], [ 120.13668, 0.46002 ], [ 120.1383, 0.46115 ], [ 120.139194017000023, 0.461897301000022 ], [ 120.139309450000042, 0.461993790000065 ], [ 120.139337990000058, 0.462017650000064 ], [ 120.14025, 0.46278 ], [ 120.141080000000102, 0.46369 ], [ 120.14226, 0.46568 ], [ 120.14310058, 0.466858040000034 ], [ 120.14363, 0.4676 ], [ 120.14403, 0.46785 ], [ 120.14463, 0.46791 ], [ 120.14859, 0.46777 ], [ 120.150876990000029, 0.467874382000048 ], [ 120.151, 0.46788 ], [ 120.153013372000032, 0.46788 ], [ 120.153052560000106, 0.46788 ], [ 120.15432, 0.46788 ], [ 120.155, 0.46791 ], [ 120.155052260000048, 0.467928230000041 ], [ 120.155385720000027, 0.468198261000055 ], [ 120.155630980000069, 0.468396870000049 ], [ 120.155654630000072, 0.468396871000039 ], [ 120.156666580000092, 0.468396999000049 ], [ 120.157007830000111, 0.472180930000036 ], [ 120.157189270000117, 0.472441450000019 ], [ 120.157483999000078, 0.473465311000041 ], [ 120.157944031000056, 0.47506345000005 ], [ 120.157953399, 0.475095991000046 ], [ 120.158048419000011, 0.475426071000072 ], [ 120.158078470000078, 0.47553049000004 ], [ 120.159338150000053, 0.479938240000024 ], [ 120.15919034, 0.481997940000042 ], [ 120.159190420000073, 0.482569280000064 ], [ 120.159190439000099, 0.482686830000034 ], [ 120.159190720000083, 0.484644740000022 ], [ 120.158450860000016, 0.489785140000038 ], [ 120.158245280000074, 0.491831540000021 ], [ 120.158155, 0.492730190000032 ], [ 120.158280648000073, 0.493145360000028 ], [ 120.159488930000066, 0.497137890000033 ], [ 120.160520400000109, 0.499288150000041 ], [ 120.160522650000075, 0.499292840000066 ], [ 120.160522558000025, 0.499292862000061 ], [ 120.160787330000062, 0.499871560000031 ], [ 120.160787470000059, 0.49987174000006 ], [ 120.160820960000024, 0.499914710000041 ], [ 120.160822920000101, 0.499917220000043 ], [ 120.16082434000009, 0.499921760000063 ], [ 120.160837742000012, 0.499964429000045 ], [ 120.160837840000113, 0.499964720000037 ], [ 120.160842630000047, 0.50000110000002 ], [ 120.160860850000063, 0.500322250000067 ], [ 120.160860700000057, 0.500671280000063 ], [ 120.160807150000096, 0.501127690000033 ], [ 120.160780310000064, 0.501503570000068 ], [ 120.160833420000017, 0.502067410000052 ], [ 120.160966620000067, 0.502497050000045 ], [ 120.160999421000042, 0.50266251000005 ], [ 120.161073090000059, 0.50303408000002 ], [ 120.161072810000064, 0.503705300000036 ], [ 120.161072520000062, 0.504376520000051 ], [ 120.161048914000048, 0.504917521000039 ], [ 120.161047719000067, 0.504944910000063 ], [ 120.161045570000056, 0.504994030000034 ], [ 120.161098720000041, 0.505477340000027 ], [ 120.161117972000056, 0.505927590000056 ], [ 120.161125130000073, 0.506094870000027 ], [ 120.161098270000025, 0.506497590000038 ], [ 120.160937970000077, 0.507034500000032 ], [ 120.160911060000103, 0.507571470000073 ], [ 120.160910760000093, 0.508242690000031 ], [ 120.160910520000016, 0.508806510000056 ], [ 120.160830160000046, 0.509558240000047 ], [ 120.160723210000015, 0.510095180000064 ], [ 120.160616270000105, 0.510632100000066 ], [ 120.160455890000094, 0.511330100000066 ], [ 120.160431680000102, 0.511835740000038 ], [ 120.160484780000047, 0.51242644000007 ], [ 120.160537850000082, 0.513070840000069 ], [ 120.160590980000052, 0.513580990000037 ], [ 120.160537360000035, 0.514171640000029 ], [ 120.160483710000108, 0.514842840000028 ], [ 120.160430080000083, 0.515460340000061 ], [ 120.160403120000069, 0.516104700000028 ], [ 120.160296090000088, 0.516829570000027 ], [ 120.160269120000066, 0.517473930000051 ], [ 120.16032223000002, 0.518037780000043 ], [ 120.160375360000103, 0.518547930000068 ], [ 120.160455100000036, 0.519192340000075 ], [ 120.160534840000082, 0.519836750000024 ], [ 120.160614640000063, 0.520373760000041 ], [ 120.160694450000051, 0.520857080000042 ], [ 120.1608809600001, 0.521394140000041 ], [ 120.160957020000069, 0.521654840000053 ], [ 120.161014029000057, 0.521850240000049 ], [ 120.16101414000002, 0.521850630000074 ], [ 120.161093850000043, 0.522575590000031 ], [ 120.161093540000024, 0.523246810000046 ], [ 120.161093280000046, 0.523837480000054 ], [ 120.161066069000071, 0.524164319000022 ], [ 120.161039642000105, 0.524481760000072 ], [ 120.161039640000013, 0.52448183000007 ], [ 120.160986040000012, 0.525018780000039 ], [ 120.160932430000116, 0.525582580000048 ], [ 120.160878830000115, 0.526119540000025 ], [ 120.160718400000064, 0.526924930000064 ], [ 120.160521380000091, 0.527480440000033 ], [ 120.16028115000006, 0.52777567000004 ], [ 120.159987560000104, 0.528070870000022 ], [ 120.15974725, 0.528527190000034 ], [ 120.159507, 0.528876110000056 ], [ 120.159302240000102, 0.529219210000065 ], [ 120.159186620000014, 0.529412940000043 ], [ 120.158972940000012, 0.529976670000053 ], [ 120.158759240000109, 0.530594090000022 ], [ 120.158625710000024, 0.530916210000044 ], [ 120.158625590000042, 0.531157850000056 ], [ 120.158785540000054, 0.531426420000059 ], [ 120.159052190000011, 0.531695030000037 ], [ 120.159558890000085, 0.532071150000036 ], [ 120.15995888000009, 0.532474060000027 ], [ 120.160388400000102, 0.53270918000004 ], [ 120.160541280000075, 0.532752340000059 ], [ 120.160606130000019, 0.53300919000003 ], [ 120.161198800000079, 0.533306990000028 ], [ 120.162383870000099, 0.533893550000073 ], [ 120.16475399, 0.534786630000042 ], [ 120.168082540000114, 0.535649760000069 ], [ 120.168621, 0.535890910000035 ], [ 120.168706330000077, 0.535915890000069 ], [ 120.171123800000032, 0.537005520000037 ], [ 120.171545302000027, 0.537261208000075 ], [ 120.17154964100007, 0.537263839000047 ], [ 120.173949031, 0.538719309000044 ], [ 120.174531070000057, 0.539072370000042 ], [ 120.175215540000067, 0.539788080000051 ], [ 120.176097750000054, 0.540710550000028 ], [ 120.176111750000018, 0.540873470000065 ], [ 120.176172040000097, 0.541177610000034 ], [ 120.176262540000039, 0.541512170000033 ], [ 120.176337950000061, 0.541785910000044 ], [ 120.176428450000117, 0.542120470000043 ], [ 120.176518940000051, 0.542455030000042 ], [ 120.176590788000112, 0.542720631000066 ], [ 120.176609440000107, 0.542789590000041 ], [ 120.176715060000106, 0.543093750000025 ], [ 120.176843050000116, 0.543258420000029 ], [ 120.177009170000019, 0.543425760000048 ], [ 120.17719038000007, 0.54362352000004 ], [ 120.17734138000003, 0.543806050000057 ], [ 120.177552780000042, 0.544049440000038 ], [ 120.177718900000059, 0.544216770000048 ], [ 120.178005880000114, 0.544399370000065 ], [ 120.178262620000055, 0.544627580000054 ], [ 120.178534470000045, 0.544840580000027 ], [ 120.178821440000092, 0.545053590000066 ], [ 120.17909330000009, 0.545251400000041 ], [ 120.179350030000023, 0.545494800000029 ], [ 120.179561470000067, 0.545677370000021 ], [ 120.179833320000057, 0.545890370000052 ], [ 120.180029650000051, 0.546072930000037 ], [ 120.18025617, 0.546301120000066 ], [ 120.180316530000027, 0.546468410000045 ], [ 120.180331490000071, 0.546787730000062 ], [ 120.180346440000108, 0.547122260000037 ], [ 120.180300960000068, 0.547441560000038 ], [ 120.180240370000092, 0.547791260000054 ], [ 120.180164570000102, 0.548323410000023 ], [ 120.180088840000053, 0.548733920000075 ], [ 120.180043310000087, 0.549159650000036 ], [ 120.180012930000089, 0.549524570000074 ], [ 120.179952270000058, 0.549995910000064 ], [ 120.179937070000051, 0.550193580000041 ], [ 120.179876520000107, 0.550436830000024 ], [ 120.179846150000117, 0.550756140000033 ], [ 120.179815770000118, 0.551105850000056 ], [ 120.179815620000113, 0.551425160000065 ], [ 120.179815520000034, 0.551638040000057 ], [ 120.179815360000021, 0.551972560000024 ], [ 120.179846810000072, 0.552215040000021 ], [ 120.179907090000029, 0.552534390000062 ], [ 120.179997620000108, 0.552808130000074 ], [ 120.180148540000118, 0.553142720000039 ], [ 120.180344800000057, 0.553477330000021 ], [ 120.180510830000117, 0.553811930000052 ], [ 120.18069201000003, 0.554085720000046 ], [ 120.18088832, 0.554298690000053 ], [ 120.181024210000032, 0.554481230000022 ], [ 120.181175170000074, 0.554754990000049 ], [ 120.181265680000024, 0.555043940000076 ], [ 120.181341080000038, 0.555348090000052 ], [ 120.181401360000109, 0.555667440000036 ], [ 120.181431460000113, 0.555925940000066 ], [ 120.181461530000092, 0.556230070000026 ], [ 120.18153695, 0.55650380000003 ], [ 120.181627500000104, 0.556716720000054 ], [ 120.181733120000104, 0.557005680000032 ], [ 120.181828150000115, 0.557267790000026 ], [ 120.18188396000005, 0.557522740000024 ], [ 120.181929160000095, 0.557781250000062 ], [ 120.181996820000109, 0.558143960000052 ], [ 120.182049700000107, 0.558465560000059 ], [ 120.182077940000113, 0.558761670000024 ], [ 120.182124950000116, 0.559104230000059 ], [ 120.182200320000106, 0.559453990000065 ], [ 120.182245550000061, 0.559651690000067 ], [ 120.182294890000094, 0.559772440000074 ], [ 120.182295889000102, 0.559774886000071 ], [ 120.182351190000077, 0.559910230000071 ], [ 120.1824568400001, 0.560138360000053 ], [ 120.18256249, 0.560366500000043 ], [ 120.182683250000082, 0.560609840000041 ], [ 120.182778020000114, 0.560881900000027 ], [ 120.182883660000016, 0.561140440000031 ], [ 120.182928840000045, 0.561444580000057 ], [ 120.1829891000001, 0.561794340000063 ], [ 120.183049380000057, 0.562113680000039 ], [ 120.183124820000103, 0.56234180000007 ], [ 120.18324240000004, 0.562516430000073 ], [ 120.183401020000019, 0.562691430000029 ], [ 120.18353318000004, 0.562870220000036 ], [ 120.183691750000094, 0.56312508000002 ], [ 120.183849530000089, 0.563391330000059 ], [ 120.183947420000095, 0.563634310000054 ], [ 120.184049910000113, 0.56386671000007 ], [ 120.184151350000093, 0.564136550000057 ], [ 120.184211660000074, 0.564395080000054 ], [ 120.184302190000039, 0.564638410000043 ], [ 120.184453150000081, 0.564896970000063 ], [ 120.184573920000048, 0.565109910000047 ], [ 120.184709810000072, 0.565292450000072 ], [ 120.184860800000024, 0.565490190000048 ], [ 120.18501183, 0.565627120000045 ], [ 120.185132610000096, 0.565809640000055 ], [ 120.185313740000083, 0.566159460000051 ], [ 120.185419400000114, 0.566387590000033 ], [ 120.185509940000088, 0.566600510000058 ], [ 120.185585420000052, 0.566737400000022 ], [ 120.18566089, 0.566889500000059 ], [ 120.185796740000114, 0.567148060000022 ], [ 120.185947730000066, 0.56736101000007 ], [ 120.186068520000049, 0.567528330000073 ], [ 120.186204420000081, 0.567680450000069 ], [ 120.186355430000049, 0.56784779000003 ], [ 120.186491340000089, 0.567984700000068 ], [ 120.186672510000108, 0.56827370000002 ], [ 120.186838580000085, 0.568532270000048 ], [ 120.187019760000112, 0.568790860000036 ], [ 120.18717072000004, 0.569049430000064 ], [ 120.187336810000033, 0.569262390000063 ], [ 120.187502900000027, 0.569490550000069 ], [ 120.187638790000051, 0.56967308000003 ], [ 120.187850210000079, 0.569870860000037 ], [ 120.187987941000074, 0.569999762000066 ], [ 120.187992810000082, 0.570004320000066 ], [ 120.188071210000089, 0.570077690000062 ], [ 120.188343090000103, 0.570229880000056 ], [ 120.188614960000109, 0.570412480000073 ], [ 120.188901940000051, 0.570579890000033 ], [ 120.189173830000072, 0.570747280000035 ], [ 120.189248210000073, 0.570786730000066 ], [ 120.189572710000107, 0.571294910000063 ], [ 120.192387310000072, 0.572774770000024 ], [ 120.195497930000101, 0.573071120000066 ], [ 120.196273380000093, 0.573172890000023 ], [ 120.200089840000032, 0.573673750000069 ], [ 120.202674187000071, 0.574753041000065 ], [ 120.203106030000072, 0.574933390000069 ], [ 120.203131010000106, 0.575297290000037 ], [ 120.203160970000113, 0.575829530000021 ], [ 120.203175880000117, 0.576240080000048 ], [ 120.203160600000047, 0.576605020000045 ], [ 120.203175470000019, 0.577091610000025 ], [ 120.203129940000053, 0.577486920000069 ], [ 120.203024010000036, 0.577851820000035 ], [ 120.202857610000024, 0.57824708000004 ], [ 120.202661050000074, 0.578551090000076 ], [ 120.202494700000102, 0.578885550000052 ], [ 120.202313250000088, 0.579128750000052 ], [ 120.20213186, 0.579341530000022 ], [ 120.201905130000114, 0.579554310000049 ], [ 120.201663280000048, 0.579767060000052 ], [ 120.201451660000089, 0.579949430000056 ], [ 120.201224950000096, 0.580101370000023 ], [ 120.20093780000002, 0.580283690000044 ], [ 120.200665730000082, 0.580481230000032 ], [ 120.200408800000105, 0.580648360000055 ], [ 120.200151890000029, 0.580769890000056 ], [ 120.199910090000117, 0.580891420000057 ], [ 120.19960785, 0.581012900000076 ], [ 120.19938116000003, 0.581134420000069 ], [ 120.199358040000106, 0.581146510000053 ], [ 120.199003330000096, 0.581331920000025 ], [ 120.198945950000052, 0.581366010000067 ], [ 120.198670840000091, 0.581529420000038 ], [ 120.19838368, 0.581711760000076 ], [ 120.198081390000084, 0.581939680000062 ], [ 120.197809320000033, 0.582182830000022 ], [ 120.197491920000061, 0.582425980000039 ], [ 120.197204740000075, 0.582653920000041 ], [ 120.196962870000107, 0.582897100000025 ], [ 120.196721020000041, 0.583109850000028 ], [ 120.196464070000047, 0.583322590000023 ], [ 120.196169970000028, 0.583593350000058 ], [ 120.195882790000041, 0.583851690000074 ], [ 120.195625780000114, 0.584155700000053 ], [ 120.19541412, 0.584444500000075 ], [ 120.195247760000029, 0.584763720000069 ], [ 120.195020960000079, 0.585143750000043 ], [ 120.194794130000105, 0.585493360000044 ], [ 120.194658000000118, 0.58582782000002 ], [ 120.194491640000024, 0.58614706000003 ], [ 120.194355460000111, 0.586527120000028 ], [ 120.194234420000043, 0.586907190000034 ], [ 120.194128460000115, 0.587272090000056 ], [ 120.19406785000001, 0.587667400000043 ], [ 120.193992070000036, 0.588123530000075 ], [ 120.193916290000061, 0.588564440000027 ], [ 120.193855650000046, 0.58897496000003 ], [ 120.193810140000096, 0.589370300000041 ], [ 120.193734410000047, 0.589750400000071 ], [ 120.193643570000063, 0.590084880000063 ], [ 120.193567840000014, 0.590464980000036 ], [ 120.193492110000079, 0.590845090000073 ], [ 120.193446330000029, 0.591298670000072 ], [ 120.193385670000112, 0.59178522000002 ], [ 120.193324980000057, 0.592286970000032 ], [ 120.193294490000085, 0.592819140000074 ], [ 120.193279160000088, 0.593275310000024 ], [ 120.193233600000099, 0.593716250000057 ], [ 120.193172940000068, 0.594172400000048 ], [ 120.19308202000002, 0.594674130000044 ], [ 120.193021330000079, 0.595175880000056 ], [ 120.192990890000033, 0.595616820000032 ], [ 120.192960400000061, 0.59617940000004 ], [ 120.192945070000064, 0.596589950000066 ], [ 120.192959990000077, 0.597000520000051 ], [ 120.192959790000032, 0.597380650000048 ], [ 120.193035160000022, 0.597715220000055 ], [ 120.193003120000071, 0.598149270000022 ], [ 120.192866990000084, 0.598438100000067 ], [ 120.192836570000054, 0.598818220000055 ], [ 120.192715390000103, 0.599426390000076 ], [ 120.192684970000073, 0.599852120000037 ], [ 120.192941710000014, 0.600080350000042 ], [ 120.193213560000117, 0.600262960000066 ], [ 120.193409890000112, 0.600415120000036 ], [ 120.193636410000067, 0.600673720000032 ], [ 120.193802480000045, 0.600901900000054 ], [ 120.193832580000048, 0.601145200000076 ], [ 120.193847500000061, 0.601510140000073 ], [ 120.193847350000055, 0.601814250000075 ], [ 120.19392267, 0.602209630000061 ], [ 120.193937280000114, 0.602720520000048 ], [ 120.193891870000016, 0.602872560000037 ], [ 120.19369534000009, 0.603115740000021 ], [ 120.193483670000091, 0.603389360000051 ], [ 120.193392900000049, 0.603632580000067 ], [ 120.193347340000059, 0.604088730000058 ], [ 120.193301810000094, 0.604468860000054 ], [ 120.193256360000078, 0.604712100000029 ], [ 120.193105110000033, 0.605031350000047 ], [ 120.192908560000092, 0.605289760000062 ], [ 120.19275726, 0.605685020000067 ], [ 120.192605970000045, 0.606080280000072 ], [ 120.19259059, 0.606597270000066 ], [ 120.192605460000095, 0.607053440000072 ], [ 120.192590060000043, 0.607616030000031 ], [ 120.192635130000099, 0.608117850000042 ], [ 120.19269544000008, 0.608361150000064 ], [ 120.192740650000019, 0.608604470000046 ], [ 120.192831180000098, 0.608847810000043 ], [ 120.192921710000064, 0.60909115000004 ], [ 120.193027350000079, 0.609334500000045 ], [ 120.19310272000007, 0.609669050000036 ], [ 120.193147910000107, 0.60989716000006 ], [ 120.193162880000045, 0.610186080000062 ], [ 120.193162660000098, 0.610596630000032 ], [ 120.193237810000028, 0.611021290000053 ], [ 120.193272710000087, 0.611291670000071 ], [ 120.193104260000041, 0.61253836000003 ], [ 120.192977250000013, 0.614018810000061 ], [ 120.192888700000026, 0.614107850000039 ], [ 120.192802340000071, 0.61432 ], [ 120.192037090000099, 0.615168550000021 ], [ 120.192729080000049, 0.615168130000029 ], [ 120.192729366000094, 0.615170833000036 ], [ 120.192752070000097, 0.615385040000035 ], [ 120.192811891000019, 0.615804127000047 ], [ 120.193137600000114, 0.615763540000046 ], [ 120.193136990000085, 0.615745270000048 ], [ 120.193216190000044, 0.615736390000052 ], [ 120.193699710000033, 0.61566061000002 ], [ 120.194168160000117, 0.615524010000058 ], [ 120.194576180000013, 0.615387380000072 ], [ 120.194938860000093, 0.615250720000063 ], [ 120.195218220000015, 0.615098620000026 ], [ 120.195331640000063, 0.615035110000065 ], [ 120.195528290000084, 0.614916500000049 ], [ 120.195675860000051, 0.614842340000052 ], [ 120.195840020000105, 0.614759850000041 ], [ 120.1966395500001, 0.614304630000049 ], [ 120.19670713000005, 0.614263280000046 ], [ 120.196734090000064, 0.614249740000048 ], [ 120.19680948000007, 0.614207880000038 ], [ 120.19753384, 0.61374354000003 ], [ 120.197568630000092, 0.613716330000045 ], [ 120.197931360000098, 0.613488440000026 ], [ 120.198308970000085, 0.613312240000027 ], [ 120.198790440000039, 0.613076760000069 ], [ 120.198843540000098, 0.61305808000003 ], [ 120.199125280000089, 0.612911250000025 ], [ 120.199442640000029, 0.612759360000041 ], [ 120.19960479000008, 0.612668810000059 ], [ 120.200135550000027, 0.612289870000041 ], [ 120.201052120000099, 0.611797330000059 ], [ 120.201055120000092, 0.611795390000054 ], [ 120.201074770000105, 0.61178515000006 ], [ 120.201326880000011, 0.61164967000002 ], [ 120.201553990000093, 0.611527630000069 ], [ 120.20164340000008, 0.611484530000041 ], [ 120.201942890000055, 0.61134018000007 ], [ 120.202078700000015, 0.61126433000004 ], [ 120.20218861, 0.611202960000071 ], [ 120.202592180000011, 0.611027210000032 ], [ 120.203339230000097, 0.610667130000024 ], [ 120.203897730000108, 0.610351260000073 ], [ 120.204040110000051, 0.610270730000025 ], [ 120.20419865000008, 0.610154820000048 ], [ 120.204240270000014, 0.61013188000004 ], [ 120.204425460000039, 0.60998703000007 ], [ 120.204562090000081, 0.609880170000054 ], [ 120.204602830000113, 0.609861400000057 ], [ 120.204773960000011, 0.609782550000034 ], [ 120.20495566000011, 0.609698820000062 ], [ 120.204999690000022, 0.60966865000006 ], [ 120.20513725, 0.609590490000073 ], [ 120.205208270000071, 0.609550140000067 ], [ 120.205393630000117, 0.609363740000049 ], [ 120.206032600000071, 0.609222430000045 ], [ 120.20605756000009, 0.609213030000035 ], [ 120.206344710000053, 0.609061120000035 ], [ 120.206689040000015, 0.608894490000068 ], [ 120.206840060000104, 0.608789030000025 ], [ 120.207178840000097, 0.608552450000047 ], [ 120.207337980000034, 0.60843052000007 ], [ 120.207692480000105, 0.608158920000051 ], [ 120.208079160000011, 0.607964540000069 ], [ 120.208132680000062, 0.607937630000038 ], [ 120.208903070000019, 0.607749650000073 ], [ 120.209210080000048, 0.607631 ], [ 120.210211320000099, 0.607052660000022 ], [ 120.210258690000046, 0.607038530000068 ], [ 120.210799440000073, 0.606877230000066 ], [ 120.210834910000017, 0.606858630000033 ], [ 120.210847830000034, 0.606851850000055 ], [ 120.211286090000044, 0.60666961000004 ], [ 120.211754550000023, 0.606517800000063 ], [ 120.212117220000096, 0.606426750000026 ], [ 120.212357270000098, 0.606360990000042 ], [ 120.212449670000069, 0.606335680000029 ], [ 120.212528920000068, 0.606297750000067 ], [ 120.21276703, 0.606183790000046 ], [ 120.213159940000082, 0.606062350000059 ], [ 120.21350752, 0.605925680000041 ], [ 120.213915520000114, 0.60581945000007 ], [ 120.21430840000005, 0.60572841000004 ], [ 120.214640850000023, 0.605652560000067 ], [ 120.214776850000021, 0.605622210000035 ], [ 120.214792420000094, 0.605619500000046 ], [ 120.214792450000118, 0.605619490000038 ], [ 120.215224230000103, 0.605504660000065 ], [ 120.217214850000119, 0.605218770000022 ], [ 120.217557180000085, 0.605152270000076 ], [ 120.21798028, 0.605076460000021 ], [ 120.218342920000055, 0.605046230000028 ], [ 120.218690460000062, 0.604985590000069 ], [ 120.218705878000037, 0.604984951000063 ], [ 120.218910510000114, 0.604976470000054 ], [ 120.21933204000004, 0.604916070000058 ], [ 120.219354910000106, 0.604920780000043 ], [ 120.221638970000072, 0.605390800000066 ], [ 120.221850070000073, 0.605434240000022 ], [ 120.223917280000023, 0.60611324000007 ], [ 120.226128030000041, 0.606839390000061 ], [ 120.22964821000005, 0.607973410000056 ], [ 120.230143990000101, 0.608199540000044 ], [ 120.230407660000083, 0.608319800000061 ], [ 120.230897860000027, 0.608590430000049 ], [ 120.231012210000017, 0.60865356000005 ], [ 120.231081610000047, 0.60868572000004 ], [ 120.231286650000015, 0.608756580000033 ], [ 120.23129981000011, 0.608761130000062 ], [ 120.231467010000074, 0.608818920000033 ], [ 120.231588810000062, 0.608861020000063 ], [ 120.231616580000036, 0.60887254000005 ], [ 120.231823740000095, 0.608934450000049 ], [ 120.232390540000097, 0.609193920000052 ], [ 120.233536770000114, 0.60971864000004 ], [ 120.235200210000016, 0.611015240000029 ], [ 120.235304610000071, 0.611067840000032 ], [ 120.235417810000058, 0.611109330000033 ], [ 120.235446270000011, 0.611119760000065 ], [ 120.235636950000071, 0.611189660000036 ], [ 120.235879710000063, 0.611246170000072 ], [ 120.236226160000115, 0.611326820000045 ], [ 120.236586620000026, 0.61144795000007 ], [ 120.236679360000039, 0.61147912000007 ], [ 120.237162810000086, 0.611585810000065 ], [ 120.237585810000041, 0.611722890000067 ], [ 120.237857720000079, 0.611829470000032 ], [ 120.238174960000038, 0.611951290000036 ], [ 120.23861303000001, 0.612149190000025 ], [ 120.238854730000071, 0.612255760000039 ], [ 120.239051110000105, 0.612347100000022 ], [ 120.239485570000056, 0.612533160000055 ], [ 120.239732200000049, 0.61263673000002 ], [ 120.239848120000033, 0.61268541000004 ], [ 120.240286200000014, 0.612883320000037 ], [ 120.240342510000119, 0.612913710000043 ], [ 120.240398100000107, 0.612934480000035 ], [ 120.240489080000089, 0.612992840000061 ], [ 120.24070891000008, 0.613111500000059 ], [ 120.240709150000043, 0.613111630000049 ], [ 120.24107167000011, 0.613324710000029 ], [ 120.241280040000106, 0.613444680000043 ], [ 120.241388870000037, 0.61350735000002 ], [ 120.241781610000089, 0.613735650000024 ], [ 120.242189430000053, 0.613994360000049 ], [ 120.242521740000029, 0.614192220000064 ], [ 120.24283894000007, 0.614390060000062 ], [ 120.243186340000079, 0.61461834000005 ], [ 120.243563950000066, 0.614892250000025 ], [ 120.243986850000056, 0.615211810000062 ], [ 120.244233400000098, 0.61537455000007 ], [ 120.244424880000111, 0.615500950000069 ], [ 120.244425050000018, 0.61550107000005 ], [ 120.244616390000033, 0.615639870000052 ], [ 120.245569770000088, 0.616251310000052 ], [ 120.245587930000056, 0.616261870000073 ], [ 120.246010870000077, 0.616520600000058 ], [ 120.246373400000039, 0.616718470000023 ], [ 120.246660380000094, 0.616916310000022 ], [ 120.247007770000096, 0.617159790000073 ], [ 120.247422590000042, 0.617454370000075 ], [ 120.24747066000009, 0.617488510000044 ], [ 120.247772750000081, 0.617701560000057 ], [ 120.24880436, 0.618519140000046 ], [ 120.249071360000016, 0.618788 ], [ 120.249356220000095, 0.618967290000057 ], [ 120.249605440000096, 0.619164480000052 ], [ 120.250006490000032, 0.619467960000065 ], [ 120.2500066, 0.619468020000056 ], [ 120.250847320000048, 0.619977190000043 ], [ 120.250872100000038, 0.619992210000021 ], [ 120.250875410000049, 0.619994210000073 ], [ 120.251443440000116, 0.620296680000024 ], [ 120.253401740000072, 0.620591970000021 ], [ 120.253803180000091, 0.620974650000051 ], [ 120.254450710000015, 0.621567440000035 ], [ 120.256050200000118, 0.621852250000074 ], [ 120.256637300000079, 0.621963310000069 ], [ 120.25683489000005, 0.621994570000027 ], [ 120.256861750000098, 0.621998820000044 ], [ 120.256908700000054, 0.622006250000027 ], [ 120.256904730000088, 0.62201390000007 ], [ 120.257555600000046, 0.622137020000025 ], [ 120.258496130000026, 0.622989450000034 ], [ 120.258497630000079, 0.62299052000003 ], [ 120.258517555000026, 0.623004854000044 ], [ 120.258617480000112, 0.623076740000045 ], [ 120.259150680000062, 0.623460290000025 ], [ 120.259486400000014, 0.623484130000065 ], [ 120.260660070000085, 0.623558540000033 ], [ 120.261252990000116, 0.623293820000072 ], [ 120.262002170000073, 0.622953410000036 ], [ 120.263343520000035, 0.622343950000072 ], [ 120.263392010000075, 0.622321920000047 ], [ 120.263441730000068, 0.622346980000032 ], [ 120.263483620000102, 0.622329440000044 ], [ 120.264424350000013, 0.622803230000045 ], [ 120.265270840000085, 0.623560950000069 ], [ 120.26527099000009, 0.623561280000047 ], [ 120.266214250000075, 0.625634460000072 ], [ 120.26630474000001, 0.625833330000034 ], [ 120.267171020000092, 0.627261030000057 ], [ 120.2672393900001, 0.627373700000021 ], [ 120.267338930000051, 0.627537760000052 ], [ 120.267834560000097, 0.629036130000031 ], [ 120.267842420000079, 0.629059910000024 ], [ 120.268115790000024, 0.629366790000063 ], [ 120.268990390000113, 0.630348560000073 ], [ 120.269402060000061, 0.630455600000062 ], [ 120.270491430000106, 0.630738860000065 ], [ 120.273618010000064, 0.63019520000006 ], [ 120.273619630000098, 0.630195660000027 ], [ 120.27364212000009, 0.630191560000071 ], [ 120.273852220000094, 0.63026214000007 ], [ 120.274193430000082, 0.630359660000067 ], [ 120.274546480000026, 0.630460550000066 ], [ 120.274665100000107, 0.630540260000032 ], [ 120.275290190000078, 0.630960240000036 ], [ 120.27588559000003, 0.631360280000024 ], [ 120.275894860000108, 0.631344090000027 ], [ 120.275940110000079, 0.631350200000043 ], [ 120.276383030000034, 0.631409950000034 ], [ 120.27702897000006, 0.631518600000049 ], [ 120.278412590000016, 0.631301860000065 ], [ 120.283008660000064, 0.630581920000054 ], [ 120.284341770000083, 0.63061244000005 ], [ 120.285030150000011, 0.63099064000005 ], [ 120.285172270000089, 0.63106872000003 ], [ 120.285282370000118, 0.631133610000063 ], [ 120.285284700000034, 0.63113756000007 ], [ 120.285362930000019, 0.631270430000029 ], [ 120.285423780000087, 0.631373790000055 ], [ 120.285538600000109, 0.631605110000066 ], [ 120.285540020000099, 0.631607830000064 ], [ 120.285540390000051, 0.631608710000023 ], [ 120.285779880000064, 0.632091180000032 ], [ 120.28607868000006, 0.632617840000023 ], [ 120.286229910000088, 0.633040670000071 ], [ 120.286415300000044, 0.633559 ], [ 120.286492200000112, 0.635414270000069 ], [ 120.286500340000089, 0.635610790000044 ], [ 120.286316130000046, 0.636816620000047 ], [ 120.286226070000112, 0.63740609000007 ], [ 120.286153310000032, 0.637771070000042 ], [ 120.286167030000115, 0.637792560000037 ], [ 120.286160770000038, 0.637833590000071 ], [ 120.286704180000015, 0.638634100000047 ], [ 120.286999510000101, 0.639096780000045 ], [ 120.288881200000105, 0.639665750000063 ], [ 120.29109303000007, 0.639875540000048 ], [ 120.291395, 0.63990418000003 ], [ 120.292525890000093, 0.640305910000052 ], [ 120.29269824000005, 0.640402350000045 ], [ 120.292738900000018, 0.640425100000073 ], [ 120.293436390000011, 0.640717890000076 ], [ 120.293867850000083, 0.640899010000055 ], [ 120.294103440000072, 0.640909910000062 ], [ 120.29544425000006, 0.640971930000035 ], [ 120.296148290000019, 0.641007330000036 ], [ 120.296957320000047, 0.641055630000039 ], [ 120.297537660000103, 0.641090280000071 ], [ 120.297856830000114, 0.641304580000053 ], [ 120.298666470000057, 0.641848190000076 ], [ 120.299795280000012, 0.642606090000072 ], [ 120.299863050000113, 0.642913650000025 ], [ 120.299910510000018, 0.64339115000007 ], [ 120.299915290000058, 0.643439260000036 ], [ 120.299977840000111, 0.643504930000063 ], [ 120.299977270000113, 0.643510050000032 ], [ 120.299930440000026, 0.643931990000056 ], [ 120.299900410000077, 0.644145850000029 ], [ 120.299882050000065, 0.644276550000029 ], [ 120.299862940000025, 0.644412620000026 ], [ 120.299699880000048, 0.645067260000076 ], [ 120.299699610000062, 0.645575500000064 ], [ 120.299698940000098, 0.645580320000022 ], [ 120.299699610000062, 0.645584510000049 ], [ 120.299699530000112, 0.645729900000049 ], [ 120.299795060000065, 0.646179540000048 ], [ 120.300510850000023, 0.650641560000054 ], [ 120.300527366000097, 0.650744513000063 ], [ 120.300615040000025, 0.651291030000039 ], [ 120.30068395, 0.651839360000054 ], [ 120.300706040000023, 0.65185826000004 ], [ 120.300710870000103, 0.651888390000067 ], [ 120.300718160000088, 0.651933830000075 ], [ 120.302616400000034, 0.653552510000054 ], [ 120.307756740000059, 0.657025920000024 ], [ 120.307937, 0.657117590000041 ], [ 120.308115060000091, 0.657239170000025 ], [ 120.309655750000047, 0.65799166000005 ], [ 120.31099896, 0.658674750000046 ], [ 120.311159750000115, 0.65872623000007 ], [ 120.311219600000072, 0.658755470000074 ], [ 120.31258356, 0.659182110000074 ], [ 120.314232030000085, 0.659709910000061 ], [ 120.314335330000063, 0.659746650000045 ], [ 120.31458706, 0.65983618000007 ], [ 120.314668600000118, 0.659865180000054 ], [ 120.314817170000083, 0.659918020000021 ], [ 120.318186380000043, 0.661802 ], [ 120.318351300000018, 0.661903520000067 ], [ 120.318750430000023, 0.662149180000029 ], [ 120.320896490000109, 0.663564410000049 ], [ 120.321379310000111, 0.663829480000061 ], [ 120.321389060000115, 0.663834830000042 ], [ 120.321715360000098, 0.664037070000063 ], [ 120.321756200000095, 0.664062390000026 ], [ 120.321931960000029, 0.664111260000027 ], [ 120.324123720000102, 0.664846560000058 ], [ 120.326202070000022, 0.665892500000041 ], [ 120.32674248, 0.666242390000036 ], [ 120.327652570000055, 0.666635350000035 ], [ 120.328686020000077, 0.66708157000005 ], [ 120.328804440000113, 0.667161030000045 ], [ 120.329813870000066, 0.667838380000035 ], [ 120.331194160000109, 0.668074620000027 ], [ 120.331446620000065, 0.668138260000035 ], [ 120.331566350000116, 0.668138330000033 ], [ 120.332566170000064, 0.668309450000038 ], [ 120.334314910000103, 0.66818003000003 ], [ 120.335259300000075, 0.668056420000028 ], [ 120.337092950000056, 0.66795202000003 ], [ 120.337134770000034, 0.667956720000063 ], [ 120.33761555000001, 0.668010720000041 ], [ 120.339280220000092, 0.668318250000027 ], [ 120.339196700000116, 0.668644800000038 ], [ 120.339994880000063, 0.66858497000004 ], [ 120.34031906000007, 0.668560680000041 ], [ 120.34229095, 0.668412880000062 ], [ 120.343859320000092, 0.668295330000035 ], [ 120.344301040000119, 0.668262220000031 ], [ 120.344342770000026, 0.668297800000062 ], [ 120.347741700000029, 0.671196190000046 ], [ 120.347750750000046, 0.671203907000063 ], [ 120.347825550000039, 0.671267690000036 ], [ 120.349800160000086, 0.672951510000075 ], [ 120.350546720000011, 0.673828670000034 ], [ 120.351016270000059, 0.675627590000033 ], [ 120.351392080000096, 0.676763790000052 ], [ 120.35172139000008, 0.676984910000044 ], [ 120.351749770000083, 0.677003960000036 ], [ 120.352007170000093, 0.677176790000033 ], [ 120.352023520000103, 0.677187770000046 ], [ 120.352238720000059, 0.677332260000071 ], [ 120.353642580000042, 0.67780386000004 ], [ 120.353650040000048, 0.677806370000042 ], [ 120.354562400000077, 0.677864230000068 ], [ 120.355708270000036, 0.678172510000024 ], [ 120.356523630000083, 0.677983570000038 ], [ 120.356755420000013, 0.677997410000046 ], [ 120.358402850000061, 0.677824530000066 ], [ 120.359814590000042, 0.67754130000003 ], [ 120.360833660000026, 0.677257140000052 ], [ 120.360843270000032, 0.677254460000029 ], [ 120.362661390000085, 0.677119890000029 ], [ 120.364030660000026, 0.676880940000046 ], [ 120.364049720000025, 0.676880950000054 ], [ 120.364110450000112, 0.676874880000071 ], [ 120.364238470000032, 0.676862070000027 ], [ 120.365931950000117, 0.676692650000064 ], [ 120.367343700000106, 0.676409420000027 ], [ 120.367347830000085, 0.676408640000034 ], [ 120.367405240000039, 0.67639784000005 ], [ 120.36875246000011, 0.67614449000007 ], [ 120.36884955000005, 0.676126240000031 ], [ 120.371014260000038, 0.675654070000064 ], [ 120.373084760000097, 0.675371200000029 ], [ 120.373214770000118, 0.675327680000066 ], [ 120.373236190000057, 0.675320510000063 ], [ 120.37355041, 0.675277050000034 ], [ 120.374649820000059, 0.67484735000005 ], [ 120.374651490000019, 0.674846790000061 ], [ 120.374778990000095, 0.674804110000025 ], [ 120.374802780000095, 0.674787560000027 ], [ 120.375912180000114, 0.67435394000006 ], [ 120.376906, 0.673666930000024 ], [ 120.377808600000094, 0.67304297000004 ], [ 120.37781809, 0.673034600000051 ], [ 120.377816500000108, 0.673028670000065 ], [ 120.380114740000067, 0.671007440000039 ], [ 120.380992190000029, 0.670831390000046 ], [ 120.381983600000012, 0.670601800000043 ], [ 120.384994700000107, 0.670562460000042 ], [ 120.386695050000071, 0.670540240000037 ], [ 120.386737570000037, 0.670543560000056 ], [ 120.386827, 0.670550530000071 ], [ 120.386906090000025, 0.670541730000025 ], [ 120.386949310000091, 0.670536920000075 ], [ 120.387674030000085, 0.67045631000002 ], [ 120.388651350000032, 0.670456840000043 ], [ 120.389179750000039, 0.670457120000037 ], [ 120.389744600000085, 0.670078740000065 ], [ 120.390873900000088, 0.670079350000037 ], [ 120.391815080000015, 0.669890520000024 ], [ 120.392379830000095, 0.669701480000072 ], [ 120.393320860000017, 0.669796660000031 ], [ 120.394356050000056, 0.66979721000007 ], [ 120.3953913900001, 0.669513750000021 ], [ 120.396332470000061, 0.669514260000028 ], [ 120.397179350000101, 0.669704050000064 ], [ 120.398685090000072, 0.669704860000024 ], [ 120.400379050000083, 0.669705760000056 ], [ 120.401409890000082, 0.669706310000038 ], [ 120.401579690000062, 0.669706400000052 ], [ 120.401715830000057, 0.669700520000049 ], [ 120.401749920000043, 0.669689980000044 ], [ 120.402354040000091, 0.669503340000063 ], [ 120.40245511, 0.669472120000023 ], [ 120.403588930000069, 0.668858310000076 ], [ 120.403893845000084, 0.668850801000076 ], [ 120.404002007000031, 0.668848137000055 ], [ 120.404011070000024, 0.668847914000025 ], [ 120.404031116000056, 0.668850174000056 ], [ 120.404034125000067, 0.668847346000064 ], [ 120.404304721000017, 0.668840680000073 ], [ 120.408289700000068, 0.668742510000072 ], [ 120.408995789000073, 0.668250973000056 ], [ 120.409802436000064, 0.667667920000042 ], [ 120.409907883000074, 0.667486752000059 ], [ 120.409948880000115, 0.667335844000036 ], [ 120.409967420000044, 0.667267600000059 ], [ 120.410027210000067, 0.66704752000004 ], [ 120.41033772600008, 0.666392424000037 ], [ 120.411425119000114, 0.664235645000076 ], [ 120.411466184, 0.664154195000037 ], [ 120.412011600000028, 0.663410716000044 ], [ 120.412543183000025, 0.663045745000034 ], [ 120.412778201000037, 0.662884388000066 ], [ 120.412976417000095, 0.662792246000038 ], [ 120.413246229000038, 0.662666823000052 ], [ 120.413264208000101, 0.662658466000039 ], [ 120.413336934000085, 0.662437792000048 ], [ 120.413521557000081, 0.662440797000045 ], [ 120.413720850000118, 0.662444040000025 ], [ 120.413816400000087, 0.662357110000073 ], [ 120.41431633600007, 0.662204227000075 ], [ 120.416516055000102, 0.661501858000065 ], [ 120.417097657000113, 0.661647076000065 ], [ 120.417387123000026, 0.661719352000034 ], [ 120.417597040000032, 0.661650340000051 ], [ 120.417692608000038, 0.661618922000059 ], [ 120.417711736000115, 0.661623031000033 ], [ 120.41935675000002, 0.661976443000071 ], [ 120.420053032000055, 0.661913863000052 ], [ 120.421922099000085, 0.661770112000056 ], [ 120.421925510000051, 0.661769850000042 ], [ 120.421926447000033, 0.661776185000065 ], [ 120.421934180000108, 0.661828460000038 ], [ 120.421955030000049, 0.661825250000049 ], [ 120.421960926000111, 0.661824343000035 ], [ 120.422093063000034, 0.66180401500003 ], [ 120.422185443000103, 0.661789804000023 ], [ 120.422193140000104, 0.661788620000038 ], [ 120.422950920000062, 0.661926395000023 ], [ 120.423253510000109, 0.661981410000067 ], [ 120.425843500000042, 0.662452320000057 ], [ 120.427435629000115, 0.663148876000037 ], [ 120.427828884000064, 0.66332518400003 ], [ 120.427850490000083, 0.663330377000023 ], [ 120.427876690000062, 0.663341840000044 ], [ 120.429102226000055, 0.66363125700002 ], [ 120.430416498000113, 0.663947169000039 ], [ 120.432757768000101, 0.663891945000046 ], [ 120.438483260000112, 0.663766860000067 ], [ 120.438496720000103, 0.663766560000056 ], [ 120.43875963000005, 0.664066830000024 ], [ 120.439041350000025, 0.664102050000054 ], [ 120.439048028000116, 0.66408774100006 ], [ 120.439048615000047, 0.664087792000032 ], [ 120.439064847000054, 0.664089212000022 ], [ 120.439062449000062, 0.664058493000027 ], [ 120.440052833000095, 0.66196100600007 ], [ 120.440524390000064, 0.658653240000035 ], [ 120.440528289000099, 0.658625889000064 ], [ 120.440906615000017, 0.657506556000044 ], [ 120.441444920000094, 0.655891630000042 ], [ 120.441465740000012, 0.655852304000064 ], [ 120.441481434000025, 0.655805870000052 ], [ 120.441598498000076, 0.655601538000042 ], [ 120.442193450000104, 0.654477740000061 ], [ 120.443540290000101, 0.651933710000037 ], [ 120.445488970000042, 0.648685920000048 ], [ 120.446334120000074, 0.647277330000065 ], [ 120.448900600000115, 0.642828770000051 ], [ 120.448914983, 0.642830825000033 ], [ 120.449003470000093, 0.642843470000059 ], [ 120.449028995000049, 0.64284559500004 ], [ 120.449036980000074, 0.642846260000056 ], [ 120.449214220000044, 0.642861030000063 ], [ 120.449317350000115, 0.642867470000056 ], [ 120.449495220000017, 0.642878590000066 ], [ 120.449758670000051, 0.642878590000066 ], [ 120.450215300000082, 0.642878590000066 ], [ 120.450714070000117, 0.64286726000006 ], [ 120.4509880600001, 0.642861030000063 ], [ 120.451902800000084, 0.642844400000058 ], [ 120.45195401, 0.642843470000059 ], [ 120.452849700000115, 0.642825900000048 ], [ 120.453248200000075, 0.642818790000035 ], [ 120.453833220000092, 0.642808340000045 ], [ 120.455097730000034, 0.642667840000058 ], [ 120.455754820000038, 0.642572420000022 ], [ 120.455912240000089, 0.642548200000022 ], [ 120.456239250000067, 0.642497890000072 ], [ 120.45772154000008, 0.641904980000049 ], [ 120.459203830000092, 0.641608520000034 ], [ 120.461658329000102, 0.641797329000042 ], [ 120.463057790000107, 0.641904980000049 ], [ 120.465429450000101, 0.642497890000072 ], [ 120.466339150000067, 0.642952740000055 ], [ 120.467208200000073, 0.643387270000062 ], [ 120.471655070000111, 0.644276640000044 ], [ 120.474323190000064, 0.643683730000021 ], [ 120.476991320000025, 0.643387270000062 ], [ 120.481844430000024, 0.643387270000062 ], [ 120.481896672000062, 0.643387270000062 ], [ 120.482031110000094, 0.643387270000062 ], [ 120.484402770000088, 0.644573100000059 ], [ 120.488849640000012, 0.643090810000047 ], [ 120.492699450000032, 0.641593660000069 ], [ 120.492713820000063, 0.641588070000068 ], [ 120.493106350000062, 0.640230440000039 ], [ 120.493214300000091, 0.639418980000073 ], [ 120.494419680000078, 0.637577750000048 ], [ 120.49450623000007, 0.636930950000021 ], [ 120.495032410000022, 0.636637220000068 ], [ 120.495165340000085, 0.636563010000032 ], [ 120.495474540000032, 0.636390410000047 ], [ 120.495958610000116, 0.636282450000067 ], [ 120.49698043, 0.636282950000066 ], [ 120.498109860000113, 0.636175300000048 ], [ 120.498625890000085, 0.636110010000039 ], [ 120.498713810000027, 0.63609888000002 ], [ 120.502699902000018, 0.635216767000031 ], [ 120.502722120000044, 0.635211850000076 ], [ 120.503147960000092, 0.635117610000066 ], [ 120.503180500000099, 0.635110410000038 ], [ 120.505767120000087, 0.635796990000074 ], [ 120.50626732, 0.635545660000048 ], [ 120.506267390000062, 0.635545620000073 ], [ 120.50695096000004, 0.634956680000073 ], [ 120.507434950000061, 0.634664820000069 ], [ 120.507439170000112, 0.634662280000043 ], [ 120.508024930000033, 0.634466130000021 ], [ 120.508777040000041, 0.63446650000003 ], [ 120.508782070000052, 0.63446650000003 ], [ 120.508940250000023, 0.634386980000045 ], [ 120.509283680000067, 0.63421433000002 ], [ 120.509909250000078, 0.634429050000051 ], [ 120.510074820000114, 0.634418020000055 ], [ 120.5110457400001, 0.63432081000002 ], [ 120.511051, 0.634320280000054 ], [ 120.513002760000063, 0.635352470000043 ], [ 120.513013360000059, 0.635357810000073 ], [ 120.51386535000006, 0.63578694000006 ], [ 120.514631020000024, 0.636049750000041 ], [ 120.51581259000011, 0.636455310000031 ], [ 120.515830620000088, 0.636458340000047 ], [ 120.51597942, 0.636483370000064 ], [ 120.516602510000098, 0.636444490000031 ], [ 120.517434860000094, 0.636006100000031 ], [ 120.517571666000094, 0.635934045000056 ], [ 120.520709410000109, 0.634281420000036 ], [ 120.521030350000046, 0.634075730000063 ], [ 120.522196930000064, 0.633317040000065 ], [ 120.522200610000027, 0.633314640000037 ], [ 120.52235364, 0.633415420000063 ], [ 120.522531630000117, 0.633321670000043 ], [ 120.527591170000051, 0.636171140000044 ], [ 120.527591420000022, 0.636171120000029 ], [ 120.537434320000102, 0.635326580000026 ], [ 120.538164450000068, 0.635122900000056 ], [ 120.54019109, 0.633084670000073 ], [ 120.540650710000023, 0.632622420000075 ], [ 120.540664460000016, 0.632591010000056 ], [ 120.540919730000041, 0.632008030000065 ], [ 120.541265480000106, 0.628476850000027 ], [ 120.541679650000106, 0.625776610000059 ], [ 120.542231110000102, 0.623838090000049 ], [ 120.543166070000098, 0.621489460000021 ], [ 120.543249530000026, 0.62107560000004 ], [ 120.543376720000083, 0.620444940000027 ], [ 120.540997990000051, 0.614150320000022 ], [ 120.541086300000075, 0.613574240000048 ], [ 120.541086300000075, 0.61356918000007 ], [ 120.541086980000046, 0.612089880000042 ], [ 120.541776540000114, 0.609043550000024 ], [ 120.541790420000098, 0.608980860000031 ], [ 120.542192340000042, 0.606358900000032 ], [ 120.542266340000083, 0.606239010000024 ], [ 120.543224480000049, 0.604686580000021 ], [ 120.543457430000103, 0.604309150000063 ], [ 120.543912530000057, 0.603228190000038 ], [ 120.544739130000039, 0.601497510000058 ], [ 120.544946760000016, 0.59886640000002 ], [ 120.545122310000011, 0.598284450000051 ], [ 120.545173320000117, 0.597519360000035 ], [ 120.545439700000088, 0.597232290000022 ], [ 120.545593250000024, 0.596723300000065 ], [ 120.545632650000016, 0.596592680000072 ], [ 120.545646734000115, 0.596578402000034 ], [ 120.545736560000023, 0.596487340000067 ], [ 120.546530990000065, 0.595681970000044 ], [ 120.547228800000084, 0.595304320000025 ], [ 120.547258230000011, 0.595272600000044 ], [ 120.547287370000049, 0.59527262000006 ], [ 120.547425840000074, 0.595197670000061 ], [ 120.547947630000067, 0.595272910000062 ], [ 120.553378660000021, 0.595275340000057 ], [ 120.554651850000027, 0.595062420000033 ], [ 120.556234840000116, 0.594716920000053 ], [ 120.556981160000078, 0.594717250000031 ], [ 120.556991850000031, 0.594717250000031 ], [ 120.557186172000115, 0.595213210000054 ], [ 120.557874010000091, 0.59696875000003 ], [ 120.557979120000027, 0.597237030000031 ], [ 120.560044080000011, 0.600942110000062 ], [ 120.560172750000106, 0.601172980000058 ], [ 120.560899020000079, 0.602476100000047 ], [ 120.562011650000045, 0.603721090000022 ], [ 120.562424130000068, 0.604690680000033 ], [ 120.563042440000117, 0.605520940000019 ], [ 120.563042920000044, 0.605521590000023 ], [ 120.563043130000096, 0.605521880000026 ], [ 120.563345790000085, 0.605570100000023 ], [ 120.564345900000035, 0.605729450000069 ], [ 120.56435061000002, 0.605730200000039 ], [ 120.564875490000077, 0.605874480000068 ], [ 120.56662137, 0.606354410000051 ], [ 120.568047070000034, 0.606906880000054 ], [ 120.568410370000038, 0.607047660000035 ], [ 120.570273170000064, 0.608341510000059 ], [ 120.571022054000082, 0.608509396000045 ], [ 120.571029120000048, 0.608510980000062 ], [ 120.573168870000018, 0.608990670000026 ], [ 120.574653510000076, 0.609323500000073 ], [ 120.57486538, 0.609323600000039 ], [ 120.575863170000048, 0.609123280000063 ], [ 120.57603395000001, 0.609089 ], [ 120.577012980000063, 0.608243350000066 ], [ 120.580365270000016, 0.605347800000061 ], [ 120.580402260000028, 0.605315850000068 ], [ 120.580790840000077, 0.60527441000005 ], [ 120.58215193, 0.605129260000069 ], [ 120.583469860000037, 0.604895870000064 ], [ 120.583663939000076, 0.604918929000064 ], [ 120.583881690000112, 0.604944800000055 ], [ 120.586000640000066, 0.604718840000032 ], [ 120.587207090000106, 0.604590180000059 ], [ 120.589692350000064, 0.604325150000022 ], [ 120.589709980000066, 0.604313020000063 ], [ 120.59038522000003, 0.603848620000065 ], [ 120.590521019000107, 0.603672384000049 ], [ 120.595564156000023, 0.597127573000023 ], [ 120.596412070000042, 0.596027180000021 ], [ 120.59684161000007, 0.595620300000064 ], [ 120.598114950000081, 0.596155060000058 ], [ 120.59823352, 0.596204850000049 ], [ 120.598497100000031, 0.596050300000059 ], [ 120.598751990000096, 0.595900850000021 ], [ 120.600335090000044, 0.595416830000033 ], [ 120.600525635000054, 0.595448870000041 ], [ 120.601150390000043, 0.595553920000043 ], [ 120.601160880000066, 0.595555680000075 ], [ 120.602261720000115, 0.596248610000032 ], [ 120.603774310000063, 0.598838450000073 ], [ 120.603837770000041, 0.598947100000032 ], [ 120.605072140000061, 0.599712540000041 ], [ 120.60524333, 0.599818690000063 ], [ 120.607262670000068, 0.601070900000025 ], [ 120.60755882, 0.601098120000074 ], [ 120.60755886000004, 0.601098120000074 ], [ 120.607626740000114, 0.601109530000031 ], [ 120.611162560000025, 0.600715620000074 ], [ 120.613888860000088, 0.599687780000068 ], [ 120.614026090000038, 0.59945435000003 ], [ 120.614442050000093, 0.598746790000064 ], [ 120.614599700000099, 0.598509080000042 ], [ 120.614699850000079, 0.598358080000025 ], [ 120.615214780000088, 0.594998360000034 ], [ 120.615200790000017, 0.594800120000059 ], [ 120.615115040000092, 0.594558200000051 ], [ 120.614513400000078, 0.592860930000029 ], [ 120.614513850000094, 0.591822250000064 ], [ 120.61465188000011, 0.590922110000065 ], [ 120.615340740000079, 0.589399 ], [ 120.616924, 0.588568740000028 ], [ 120.617317600000092, 0.588410520000025 ], [ 120.617356940000036, 0.588394700000038 ], [ 120.618677370000114, 0.58721416000003 ], [ 120.618751280000083, 0.58714808000002 ], [ 120.620081440000035, 0.587148650000074 ], [ 120.620090099000095, 0.587148654000032 ], [ 120.622964010000032, 0.587149890000035 ], [ 120.623472980000088, 0.58721416000003 ], [ 120.623963250000088, 0.58727607000003 ], [ 120.625557630000117, 0.58747739000006 ], [ 120.626245930000096, 0.587564300000054 ], [ 120.626249896000104, 0.587564801000042 ], [ 120.626334030000066, 0.587575420000064 ], [ 120.626344410000115, 0.587598430000071 ], [ 120.627524680000079, 0.590215340000043 ], [ 120.627581150000083, 0.590274310000041 ], [ 120.628406720000044, 0.591136480000046 ], [ 120.629438380000011, 0.592729590000033 ], [ 120.629603650000035, 0.592988510000055 ], [ 120.630752820000112, 0.593725380000024 ], [ 120.632124446000034, 0.594604906000029 ], [ 120.632180750000089, 0.594641010000032 ], [ 120.633071220000033, 0.595212 ], [ 120.634556530000054, 0.59657248000002 ], [ 120.63466725, 0.596609670000021 ], [ 120.634717752000029, 0.596631091000063 ], [ 120.635974650000094, 0.597164210000074 ], [ 120.636753207000083, 0.597453193000035 ], [ 120.636757236000108, 0.597424218000072 ], [ 120.636763275000021, 0.597448648000068 ], [ 120.637121422000064, 0.597582725000052 ], [ 120.637122312000088, 0.597580420000043 ], [ 120.637274235000064, 0.597631062000062 ], [ 120.637691495000013, 0.59794400800007 ], [ 120.637763690000043, 0.597995940000033 ], [ 120.637796121000065, 0.598587892000069 ], [ 120.637831980000101, 0.599242420000053 ], [ 120.63774267000008, 0.599548950000042 ], [ 120.637591157000088, 0.600068976000045 ], [ 120.637506513000062, 0.600348302000043 ], [ 120.636979025000073, 0.602851125000029 ], [ 120.636696990000019, 0.604173280000055 ], [ 120.636726420000059, 0.604460800000027 ], [ 120.636865300000068, 0.605817290000061 ], [ 120.636865620000094, 0.605820450000067 ], [ 120.636869266000076, 0.605824121000069 ], [ 120.636870363000071, 0.605835096000021 ], [ 120.639398223000057, 0.608371326000054 ], [ 120.640888153000105, 0.610518332000026 ], [ 120.641035616000067, 0.610686999000052 ], [ 120.642179820000024, 0.612004570000067 ], [ 120.642391434000047, 0.612150110000073 ], [ 120.642403976000082, 0.612158736000026 ], [ 120.642407240000011, 0.612160980000056 ], [ 120.643344160000083, 0.611925620000022 ], [ 120.643629753000027, 0.611853879000023 ], [ 120.644017370000029, 0.611756510000021 ], [ 120.644017953000116, 0.611757332000025 ], [ 120.644018681000034, 0.611757151000063 ], [ 120.645515334000038, 0.613855809000029 ], [ 120.645516982000117, 0.613858120000032 ], [ 120.645692946000054, 0.614120194000066 ], [ 120.645910391000029, 0.614444048000053 ], [ 120.645931301000019, 0.614456433000043 ], [ 120.645932050000056, 0.614457490000063 ], [ 120.648030850000055, 0.615704030000074 ], [ 120.648821987000019, 0.616283484000064 ], [ 120.649538523000047, 0.61680829900007 ], [ 120.649543740000013, 0.61681212000002 ], [ 120.649543870000116, 0.616812220000043 ], [ 120.649544480000031, 0.616812660000051 ], [ 120.650232660000029, 0.61695147000006 ], [ 120.651402730000086, 0.616813490000027 ], [ 120.651821282000014, 0.616757527000061 ], [ 120.652435150000088, 0.616675450000059 ], [ 120.653467360000036, 0.616675910000026 ], [ 120.653467510000041, 0.616675910000026 ], [ 120.654446900000039, 0.616908231000025 ], [ 120.65463740000007, 0.616953420000073 ], [ 120.654720904000101, 0.616981467000073 ], [ 120.655243382000094, 0.617172797000023 ], [ 120.656448719000082, 0.617239760000075 ], [ 120.656487853000044, 0.61722508500003 ], [ 120.656512260000113, 0.617222640000023 ], [ 120.659867053000085, 0.615957885000057 ], [ 120.660867120000034, 0.615580860000023 ], [ 120.660867222000093, 0.615582821000032 ], [ 120.66094479000003, 0.617079100000069 ], [ 120.661011080000094, 0.618357910000043 ], [ 120.66115719000004, 0.621176110000022 ], [ 120.661284870000031, 0.623639 ], [ 120.661286672000074, 0.623640513000055 ], [ 120.66128680700001, 0.623643113000071 ], [ 120.661738884000101, 0.624020217000066 ], [ 120.666338470000028, 0.627882300000067 ], [ 120.666337920000046, 0.627890010000044 ], [ 120.66607233000002, 0.631609510000033 ], [ 120.666021246000014, 0.632324962000041 ], [ 120.66590726600009, 0.633825699000056 ], [ 120.666648206000104, 0.634750404000044 ], [ 120.668011390000061, 0.636479930000064 ], [ 120.669012160000079, 0.638496070000031 ], [ 120.670623080000041, 0.640482580000025 ], [ 120.672549220000064, 0.642630180000026 ], [ 120.672723541000096, 0.642826389000049 ], [ 120.672820640000054, 0.642935680000051 ], [ 120.673239354000088, 0.643406962000029 ], [ 120.673808919000066, 0.644146397000043 ], [ 120.674261219000073, 0.644917968000073 ], [ 120.674337580000042, 0.64505470000006 ], [ 120.674344767000093, 0.645060490000049 ], [ 120.674378106000063, 0.645117363000054 ], [ 120.675399294000044, 0.645853957000043 ], [ 120.676416974000063, 0.646298976000026 ], [ 120.678357577000043, 0.647147579000034 ], [ 120.682177056000114, 0.648817792000045 ], [ 120.684757507000086, 0.649946192000073 ], [ 120.685276361000092, 0.650173081000048 ], [ 120.689106021000043, 0.655005036000034 ], [ 120.689411304000032, 0.655390217000047 ], [ 120.689562003000106, 0.655580357000019 ], [ 120.690350583000054, 0.656001110000034 ], [ 120.691368330000046, 0.656556680000051 ], [ 120.69345098000008, 0.657693560000041 ], [ 120.69447523000008, 0.658252680000032 ], [ 120.695739630000048, 0.659845240000038 ], [ 120.696846873000027, 0.661239847000047 ], [ 120.69696143300007, 0.661389412000062 ], [ 120.699238181000055, 0.66148985600006 ], [ 120.705367365000029, 0.66162238000004 ], [ 120.705484460000093, 0.661751020000054 ], [ 120.70553550000011, 0.661807100000033 ], [ 120.705554260000099, 0.661827710000068 ], [ 120.705579400000033, 0.661855330000037 ], [ 120.705637680000109, 0.66191936000007 ], [ 120.705997911000054, 0.662315116000059 ], [ 120.706034942000088, 0.662360377000027 ], [ 120.706058348000056, 0.66291041300002 ], [ 120.706057860000101, 0.663974540000027 ], [ 120.705464670000083, 0.665115790000073 ], [ 120.705221916000028, 0.66621248000007 ], [ 120.705197902, 0.666311204000067 ], [ 120.705513040000028, 0.666857709000055 ], [ 120.706491336000113, 0.668554248000021 ], [ 120.706520425, 0.66860469300002 ], [ 120.712685748000013, 0.666738630000054 ], [ 120.712858346000075, 0.666688041000043 ], [ 120.712892675000035, 0.666677979000042 ], [ 120.712992356000086, 0.666648762000023 ], [ 120.713506510000116, 0.666498060000038 ], [ 120.716160620000096, 0.665926820000038 ], [ 120.7169364, 0.665639660000068 ], [ 120.717027460000054, 0.665605950000042 ], [ 120.719780860000014, 0.664983970000037 ], [ 120.72122644, 0.664569140000026 ], [ 120.722741040000074, 0.663738830000057 ], [ 120.723567200000048, 0.663254450000068 ], [ 120.723980531000052, 0.66323275600007 ], [ 120.724874960000079, 0.663185810000073 ], [ 120.726454750000016, 0.663186540000027 ], [ 120.726458010000101, 0.663186540000027 ], [ 120.727480700000115, 0.663530060000028 ], [ 120.727490270000089, 0.663533280000024 ], [ 120.728591530000017, 0.663533790000031 ], [ 120.729555190000042, 0.663395730000047 ], [ 120.731551430000081, 0.662911890000032 ], [ 120.732859450000092, 0.662289230000056 ], [ 120.733766513000091, 0.661833431000048 ], [ 120.733823270000016, 0.661804910000058 ], [ 120.734855860000039, 0.661459130000026 ], [ 120.734901530000116, 0.661449300000072 ], [ 120.736227970000073, 0.660778630000038 ], [ 120.740536260000113, 0.662357970000073 ], [ 120.744399760000078, 0.66377368000002 ], [ 120.748017260000097, 0.663168443000075 ], [ 120.750614640000094, 0.662733880000076 ], [ 120.751753090000079, 0.662381220000043 ], [ 120.752721940000015, 0.662077150000073 ], [ 120.75356962, 0.661955730000045 ], [ 120.754286230000048, 0.66201613000004 ], [ 120.754296130000057, 0.662016970000025 ], [ 120.755627650000065, 0.663052910000033 ], [ 120.756397890000017, 0.664345570000023 ], [ 120.75642842000002, 0.664396790000069 ], [ 120.756512610000073, 0.664538100000073 ], [ 120.75840702000005, 0.665874320000057 ], [ 120.75883518, 0.666038620000052 ], [ 120.760045830000081, 0.666587290000052 ], [ 120.7611353100001, 0.66731862000006 ], [ 120.762070330000029, 0.668458240000064 ], [ 120.763408290000029, 0.669401970000024 ], [ 120.764108360000023, 0.669895650000058 ], [ 120.765674840000088, 0.670304950000059 ], [ 120.766643400000021, 0.670670810000047 ], [ 120.76666889, 0.670687240000063 ], [ 120.767064430000119, 0.670942140000022 ], [ 120.775549380000029, 0.673549970000067 ], [ 120.775828600000068, 0.672957260000032 ], [ 120.775858560000074, 0.672888860000057 ], [ 120.776266263000025, 0.673217505000025 ], [ 120.778453770000056, 0.674980830000038 ], [ 120.778895100000113, 0.675336580000021 ], [ 120.778928310000083, 0.675346620000028 ], [ 120.779564020000066, 0.675538780000068 ], [ 120.779597940000031, 0.67554903000007 ], [ 120.780384810000101, 0.676036620000048 ], [ 120.78111114, 0.676524180000058 ], [ 120.781716190000111, 0.677438020000068 ], [ 120.782442460000084, 0.678047390000074 ], [ 120.783162730000072, 0.67828927000005 ], [ 120.783168910000086, 0.678291340000044 ], [ 120.784803510000074, 0.678596610000056 ], [ 120.786948240000015, 0.678484060000073 ], [ 120.787095600000043, 0.678476330000024 ], [ 120.78713348000008, 0.678132620000042 ], [ 120.78714143000002, 0.678060450000032 ], [ 120.787404220000099, 0.678084510000076 ], [ 120.788759870000035, 0.678766930000052 ], [ 120.789129230000071, 0.678705360000038 ], [ 120.790602580000041, 0.678409440000053 ], [ 120.79614025, 0.679208410000058 ], [ 120.796624299000086, 0.679169958000045 ], [ 120.796631570000045, 0.679169380000076 ], [ 120.796654750000016, 0.679163080000023 ], [ 120.797012750000022, 0.679065760000071 ], [ 120.802946950000091, 0.67745264000007 ], [ 120.81071191, 0.677193810000063 ], [ 120.813987600000019, 0.676511380000022 ], [ 120.814619790000052, 0.67587554000005 ], [ 120.818831850000038, 0.678846480000061 ], [ 120.818818780000015, 0.67891867000003 ], [ 120.818239, 0.682120470000029 ], [ 120.818279680000046, 0.682210610000027 ], [ 120.81875901, 0.683272630000033 ], [ 120.819414280000046, 0.684186160000024 ], [ 120.830118640000023, 0.689244510000037 ], [ 120.829939920000015, 0.689465110000071 ], [ 120.829387280000105, 0.690147220000028 ], [ 120.829408980000039, 0.690158150000059 ], [ 120.829412310000066, 0.690159830000027 ], [ 120.829932150000104, 0.690255140000033 ], [ 120.830009100000098, 0.690269250000028 ], [ 120.830009180000047, 0.690269270000044 ], [ 120.830744250000066, 0.690404060000049 ], [ 120.832493280000108, 0.690690180000047 ], [ 120.835296910000011, 0.690624270000058 ], [ 120.836086100000102, 0.689894050000021 ], [ 120.836091840000108, 0.689883240000029 ], [ 120.836557520000042, 0.689005890000033 ], [ 120.837042270000097, 0.688214330000051 ], [ 120.8370425600001, 0.688214180000045 ], [ 120.83718943000008, 0.688140400000066 ], [ 120.83752676000006, 0.687970930000063 ], [ 120.838063950000105, 0.688031220000028 ], [ 120.83807167000009, 0.688032090000036 ], [ 120.838071760000048, 0.688032130000067 ], [ 120.838089550000063, 0.688040270000045 ], [ 120.838486590000116, 0.687672900000052 ], [ 120.844290480000041, 0.693208910000067 ], [ 120.844849915000054, 0.693742525000062 ], [ 120.846133630000054, 0.694966990000069 ], [ 120.848047550000047, 0.696792580000022 ], [ 120.849998110000115, 0.700630530000069 ], [ 120.85012848000008, 0.700660870000036 ], [ 120.850560010000095, 0.70091264000007 ], [ 120.851718270000106, 0.70173649000003 ], [ 120.852399530000071, 0.702377160000026 ], [ 120.853489450000097, 0.703612630000066 ], [ 120.854253220000032, 0.704471420000061 ], [ 120.855056220000051, 0.705374330000041 ], [ 120.856100840000067, 0.706312480000065 ], [ 120.85648690000005, 0.706655710000064 ], [ 120.857168170000023, 0.70727351000005 ], [ 120.857804030000011, 0.707845550000059 ], [ 120.858212890000118, 0.708005830000047 ], [ 120.8592121800001, 0.708715260000019 ], [ 120.860279850000097, 0.708921590000045 ], [ 120.860825110000064, 0.708898970000064 ], [ 120.861893, 0.708647900000074 ], [ 120.862086760000011, 0.70854606000006 ], [ 120.862892860000102, 0.708122360000061 ], [ 120.86443807, 0.707368360000032 ], [ 120.865483380000114, 0.706819970000026 ], [ 120.867960420000031, 0.705265950000069 ], [ 120.868346780000024, 0.704945950000024 ], [ 120.868619450000097, 0.704854600000033 ], [ 120.86931780000009, 0.70472312000004 ], [ 120.869346510000014, 0.704717710000068 ], [ 120.87043795000011, 0.704621260000067 ], [ 120.871073490000072, 0.703918060000035 ], [ 120.871278170000096, 0.703460750000033 ], [ 120.871793390000107, 0.702234540000063 ], [ 120.871892330000037, 0.701791510000021 ], [ 120.872187790000112, 0.701540080000029 ], [ 120.872869630000082, 0.700922900000023 ], [ 120.873392310000099, 0.700580080000066 ], [ 120.873801330000106, 0.700397310000028 ], [ 120.874255750000088, 0.700306040000044 ], [ 120.87471009, 0.700374860000068 ], [ 120.875028060000091, 0.700580830000035 ], [ 120.875255140000036, 0.700809640000045 ], [ 120.875822950000043, 0.70117582000006 ], [ 120.877844650000043, 0.701771370000074 ], [ 120.880070660000115, 0.702732930000025 ], [ 120.880888410000011, 0.70303062000005 ], [ 120.881556140000043, 0.70313434000002 ], [ 120.881559886000105, 0.703134922000061 ], [ 120.881774380000024, 0.703168240000025 ], [ 120.882365100000015, 0.703099900000041 ], [ 120.883205780000026, 0.702917330000048 ], [ 120.883933060000118, 0.70230016000005 ], [ 120.884910360000049, 0.701454410000053 ], [ 120.885978480000063, 0.700700170000061 ], [ 120.891227540000045, 0.698507 ], [ 120.892568050000023, 0.698301770000057 ], [ 120.893954080000071, 0.697913600000049 ], [ 120.895067630000085, 0.697205120000035 ], [ 120.895711140000117, 0.696868370000061 ], [ 120.89647656000011, 0.696428160000039 ], [ 120.897635370000103, 0.696108490000029 ], [ 120.900066590000051, 0.695492080000065 ], [ 120.903254760000095, 0.694621970000071 ], [ 120.904780949000042, 0.694260651000036 ], [ 120.904782180000097, 0.694260360000044 ], [ 120.904883590000054, 0.69423635000004 ], [ 120.906292480000047, 0.693550860000073 ], [ 120.908383110000045, 0.692499740000073 ], [ 120.909382880000067, 0.692225740000026 ], [ 120.911995630000092, 0.692135420000056 ], [ 120.913358860000017, 0.69195306000006 ], [ 120.918289240000036, 0.691291990000025 ], [ 120.92133401000001, 0.690424240000027 ], [ 120.924378820000015, 0.68948787000005 ], [ 120.928660180000065, 0.68852325000006 ], [ 120.929082230000063, 0.688369260000059 ], [ 120.93253629000003, 0.686746930000027 ], [ 120.932990780000068, 0.686518420000027 ], [ 120.933263440000019, 0.68644992000003 ], [ 120.934013230000119, 0.686358770000027 ], [ 120.934535800000049, 0.686313250000069 ], [ 120.935285390000104, 0.686656640000024 ], [ 120.936466610000025, 0.687137450000023 ], [ 120.93742063000002, 0.687595280000039 ], [ 120.937715950000097, 0.687686900000074 ], [ 120.938533820000089, 0.687778740000056 ], [ 120.939874160000045, 0.688030900000058 ], [ 120.940192210000077, 0.688099650000026 ], [ 120.940851, 0.688282910000055 ], [ 120.944394700000089, 0.689610970000047 ], [ 120.950005760000067, 0.691283010000063 ], [ 120.953958410000041, 0.692679880000071 ], [ 120.954594510000106, 0.692817380000065 ], [ 120.95545784, 0.692886370000053 ], [ 120.956207580000068, 0.69290957000004 ], [ 120.957139140000095, 0.692818480000028 ], [ 120.957888940000089, 0.692704450000065 ], [ 120.958698270000014, 0.692357852000043 ], [ 120.960947466000107, 0.691191107000066 ], [ 120.961161320000087, 0.691059130000042 ], [ 120.961479460000078, 0.690899170000023 ], [ 120.961550252000052, 0.690878419000057 ], [ 120.962024810000116, 0.690739310000026 ], [ 120.964819590000047, 0.690214470000058 ], [ 120.965649418000112, 0.69014521400004 ], [ 120.966455490000044, 0.690077940000037 ], [ 120.966941320000046, 0.690081170000042 ], [ 120.968086645000085, 0.690005326000062 ], [ 120.968526930000053, 0.689976170000023 ], [ 120.969520562000071, 0.689770782000039 ], [ 120.969540650000113, 0.689766630000065 ], [ 120.970597430000112, 0.689958130000036 ], [ 120.970632430000023, 0.689975740000023 ], [ 120.970681366, 0.690038697000034 ], [ 120.970911700000102, 0.690335030000028 ], [ 120.971152440000083, 0.690629810000075 ], [ 120.971698540000034, 0.691728720000071 ], [ 120.971828560000063, 0.691964200000029 ], [ 120.972066851000022, 0.69222316400004 ], [ 120.972430890000055, 0.692758515000037 ], [ 120.97316748500009, 0.693126813000049 ], [ 120.974531704000015, 0.693434862000061 ], [ 120.974958270000116, 0.693611120000071 ], [ 120.97591001, 0.694004390000032 ], [ 120.977937720000114, 0.694919810000044 ], [ 120.979965350000043, 0.695442730000025 ], [ 120.98211062200005, 0.695660179000072 ], [ 120.982119929000078, 0.69566125800003 ], [ 120.982207512000059, 0.695671413000071 ], [ 120.983996875000116, 0.696262077000029 ], [ 120.984062187000063, 0.696283636000032 ], [ 120.984062314000084, 0.696283024000024 ], [ 120.985684270000093, 0.696802220000052 ], [ 120.986035148000042, 0.696853522000026 ], [ 120.988267679000046, 0.697111121000034 ], [ 120.991281021000077, 0.697479418000057 ], [ 120.994869846000029, 0.698849697000071 ], [ 120.994963995000035, 0.698885645000075 ], [ 120.997606879000045, 0.699499937000041 ], [ 120.998061041000028, 0.699605499000029 ], [ 120.998077477000038, 0.699611738000044 ], [ 121.002495311000075, 0.70128857900005 ], [ 121.00261535300001, 0.701334143000054 ], [ 121.002648018000059, 0.701346541000021 ], [ 121.002944613000068, 0.701578255000072 ], [ 121.00318372400011, 0.70176506100006 ], [ 121.004242347000059, 0.703067167000029 ], [ 121.004856596000081, 0.703822694000053 ], [ 121.00490973300009, 0.703831102000038 ], [ 121.005340290000049, 0.703899230000047 ], [ 121.00535027, 0.70390081000005 ], [ 121.007003920000102, 0.704709670000057 ], [ 121.008195906000083, 0.705832345000033 ], [ 121.008468310000012, 0.706088910000062 ], [ 121.009683351000035, 0.707776304000049 ], [ 121.010131152000099, 0.707791746000055 ], [ 121.01018217100011, 0.707811369000069 ], [ 121.010536284000068, 0.70794756600003 ], [ 121.010566412000117, 0.707959154000037 ], [ 121.011080122000067, 0.70773564600006 ], [ 121.011083950000057, 0.707733980000057 ], [ 121.012678635000043, 0.707040152000047 ], [ 121.01533753800004, 0.705883296000025 ], [ 121.015352381000071, 0.705873631000031 ], [ 121.016504727000097, 0.705123265000054 ], [ 121.016748470000039, 0.70495961000006 ], [ 121.018229850000012, 0.703781780000043 ], [ 121.019971300000066, 0.703205730000036 ], [ 121.019973814000082, 0.703205236000031 ], [ 121.020024959000011, 0.703188028000056 ], [ 121.021046148000096, 0.702953657000023 ], [ 121.023289414000033, 0.702702545000022 ], [ 121.023495205000017, 0.702797525000051 ], [ 121.024159935000057, 0.703104324000037 ], [ 121.024182459000031, 0.703104825000025 ], [ 121.024194190000117, 0.703110070000037 ], [ 121.025611880000042, 0.703152150000051 ], [ 121.02565797200009, 0.70313761400007 ], [ 121.026023680000094, 0.703022282000063 ], [ 121.026780368000118, 0.702777471000047 ], [ 121.026804980000065, 0.702769508000074 ], [ 121.02692649700009, 0.702694283000028 ], [ 121.027508093000051, 0.702334248000057 ], [ 121.027958160000026, 0.702013456000032 ], [ 121.028119980000042, 0.701886700000045 ], [ 121.029051440000103, 0.701199880000047 ], [ 121.03026004000003, 0.699063165000041 ], [ 121.030605139000045, 0.698433644000033 ], [ 121.031090622000079, 0.698132309000073 ], [ 121.033043017000068, 0.697296316000063 ], [ 121.035887121000087, 0.695236676000036 ], [ 121.035887333000119, 0.695236650000027 ], [ 121.035887450000018, 0.695236560000069 ], [ 121.037401260000024, 0.69505201000004 ], [ 121.037756266000088, 0.695101564000026 ], [ 121.038000170000032, 0.695135610000023 ], [ 121.038253490000102, 0.695120251000048 ], [ 121.038253964000091, 0.695120222000071 ], [ 121.03825581500007, 0.695120110000062 ], [ 121.038268350000067, 0.695119350000027 ], [ 121.039663720000021, 0.695034760000055 ], [ 121.040412240000023, 0.694632680000041 ], [ 121.042857530000106, 0.693878540000071 ], [ 121.045452570000066, 0.693258340000057 ], [ 121.047549790000062, 0.69218015000007 ], [ 121.047910590000015, 0.691994650000026 ], [ 121.04868453000006, 0.691596770000046 ], [ 121.050193230000104, 0.690946250000025 ], [ 121.051507370000081, 0.690560790000063 ], [ 121.05233923000003, 0.69091228000002 ], [ 121.052438510000115, 0.691225300000042 ], [ 121.053021550000039, 0.692084390000048 ], [ 121.053504110000063, 0.692653660000076 ], [ 121.054119770000057, 0.693289900000025 ], [ 121.054785310000057, 0.693792140000028 ], [ 121.054981940000062, 0.694003800000075 ], [ 121.056331730000011, 0.693425320000074 ], [ 121.057215940000106, 0.692894790000025 ], [ 121.057797360000109, 0.693106220000061 ], [ 121.058620110000106, 0.694281570000044 ], [ 121.060265600000093, 0.69604460000005 ], [ 121.061793560000069, 0.697690100000045 ], [ 121.062066416000107, 0.698690559000056 ], [ 121.062181770000052, 0.699113520000026 ], [ 121.062498780000055, 0.700275880000049 ], [ 121.062642010000104, 0.701063660000045 ], [ 121.06410281, 0.70065610000006 ], [ 121.065405990000045, 0.700578610000036 ], [ 121.068755070000066, 0.700422930000059 ], [ 121.071189310000022, 0.699465480000072 ], [ 121.071852940000099, 0.698911020000025 ], [ 121.072424770000111, 0.698379290000048 ], [ 121.072661940000103, 0.698214180000036 ], [ 121.073247450000054, 0.697956820000059 ], [ 121.074057100000118, 0.697850530000039 ], [ 121.074218170000108, 0.697829390000038 ], [ 121.07624979000002, 0.697752490000028 ], [ 121.077429729000073, 0.697123562000058 ], [ 121.077727040000013, 0.696965090000049 ], [ 121.08186043, 0.696883060000062 ], [ 121.08278379, 0.697226280000052 ], [ 121.084852340000111, 0.697675480000044 ], [ 121.087968610000075, 0.698375690000034 ], [ 121.089913766000109, 0.698633448000066 ], [ 121.090334040000016, 0.698689140000056 ], [ 121.091321700000094, 0.698401080000053 ], [ 121.092699290000041, 0.69821759000007 ], [ 121.093842960000075, 0.698164990000066 ], [ 121.094518810000068, 0.698321830000054 ], [ 121.095139920000065, 0.698793310000042 ], [ 121.09584454000003, 0.69871401000006 ], [ 121.096624260000112, 0.698399830000028 ], [ 121.098053620000087, 0.697326690000068 ], [ 121.100834430000077, 0.69552058000005 ], [ 121.102003920000016, 0.694709150000051 ], [ 121.102627730000108, 0.694630510000025 ], [ 121.103196080000089, 0.694866860000047 ], [ 121.103615540000078, 0.694996600000025 ], [ 121.104271880000056, 0.695009180000056 ], [ 121.105279120000091, 0.695153210000058 ], [ 121.106084880000026, 0.695100690000061 ], [ 121.106166440000038, 0.695077863000051 ], [ 121.106552720000082, 0.694969750000041 ], [ 121.106968510000115, 0.694550990000039 ], [ 121.106916400000046, 0.694027680000033 ], [ 121.106760220000069, 0.693033410000055 ], [ 121.106652706000091, 0.69221237000005 ], [ 121.106630020000011, 0.692039130000069 ], [ 121.106688801000018, 0.691999662000057 ], [ 121.10694189000003, 0.691829730000052 ], [ 121.108345040000017, 0.689866950000066 ], [ 121.10886482, 0.689552840000033 ], [ 121.109377450000011, 0.68939376000003 ], [ 121.109800470000096, 0.689160130000062 ], [ 121.110294280000062, 0.68895069000007 ], [ 121.112607480000065, 0.688269830000024 ], [ 121.113569190000021, 0.68819110000004 ], [ 121.114218980000032, 0.688086290000058 ], [ 121.114358930000094, 0.688061657000048 ], [ 121.115856450000024, 0.68779808000005 ], [ 121.11974925800007, 0.686867229000029 ], [ 121.120291866000116, 0.686737481000023 ], [ 121.120456890000014, 0.686698020000051 ], [ 121.121990230000051, 0.685703360000048 ], [ 121.122465630000079, 0.685335630000054 ], [ 121.12317168300001, 0.684783259000028 ], [ 121.12360147000004, 0.68444702000005 ], [ 121.124484850000044, 0.682876860000022 ], [ 121.125446400000101, 0.682091660000026 ], [ 121.12566908000008, 0.681894300000067 ], [ 121.125723890000017, 0.681845720000069 ], [ 121.126096080000025, 0.681515850000039 ], [ 121.126901800000041, 0.681332500000053 ], [ 121.128175470000087, 0.681463030000032 ], [ 121.13048875000004, 0.68125316000004 ], [ 121.131970170000045, 0.680598670000052 ], [ 121.132827900000052, 0.680519970000034 ], [ 121.133763680000015, 0.680702900000028 ], [ 121.137168880000104, 0.681513240000072 ], [ 121.138650380000058, 0.681225060000031 ], [ 121.139170230000104, 0.68122494000005 ], [ 121.139257479000094, 0.681217475000039 ], [ 121.140703750000057, 0.681093740000051 ], [ 121.144888580000043, 0.68132823000002 ], [ 121.147958220000078, 0.681366680000053 ], [ 121.149811376000116, 0.681353333000061 ], [ 121.149827130000062, 0.681353220000062 ], [ 121.151204570000118, 0.680724910000038 ], [ 121.15427585000009, 0.679384270000071 ], [ 121.154323320000117, 0.679363550000062 ], [ 121.155076940000072, 0.678683060000026 ], [ 121.15643255000009, 0.676909720000026 ], [ 121.15643255000009, 0.676248550000025 ], [ 121.158436410000036, 0.675804650000032 ], [ 121.159782770000106, 0.675694590000035 ], [ 121.160720370000035, 0.675875440000027 ], [ 121.162518550000073, 0.676595460000044 ], [ 121.162741042000107, 0.67628439300006 ], [ 121.163562370000022, 0.675136090000024 ], [ 121.16407661300002, 0.673930317000043 ], [ 121.164194837000082, 0.673653110000032 ], [ 121.164271920000033, 0.67347237000007 ], [ 121.164698090000115, 0.671285570000066 ], [ 121.165029360000062, 0.670097130000045 ], [ 121.165502250000031, 0.669336630000032 ], [ 121.165710041000011, 0.669182730000045 ], [ 121.166085294000027, 0.668904798000028 ], [ 121.166400460000091, 0.668671370000027 ], [ 121.166552220000085, 0.668616310000061 ], [ 121.167094770000062, 0.668419450000044 ], [ 121.16713999000001, 0.668403040000044 ], [ 121.16716099000007, 0.668395420000024 ], [ 121.168102100000056, 0.668053950000058 ], [ 121.169128060000048, 0.667428990000076 ], [ 121.169596776000049, 0.667143466000027 ], [ 121.170318743000053, 0.666703670000061 ], [ 121.171222050000097, 0.666153410000049 ], [ 121.172298875000024, 0.665750806000062 ], [ 121.172780473000103, 0.665570746000071 ], [ 121.17325457000004, 0.665393490000042 ], [ 121.173916490000011, 0.664680600000054 ], [ 121.175070480000045, 0.662418040000034 ], [ 121.175259850000089, 0.661514790000069 ], [ 121.175874730000032, 0.660183820000043 ], [ 121.177671690000011, 0.657379450000064 ], [ 121.17835776000004, 0.656345030000068 ], [ 121.178431404000094, 0.656233994000047 ], [ 121.179184880000093, 0.655097950000027 ], [ 121.179584440000099, 0.654696302000048 ], [ 121.179657670000097, 0.654622690000053 ], [ 121.180461290000039, 0.654147550000062 ], [ 121.181275199000083, 0.653787651000073 ], [ 121.181643010000016, 0.653625010000042 ], [ 121.18184546100008, 0.653495514000042 ], [ 121.183318296000039, 0.652553426000054 ], [ 121.1837230000001, 0.65229456000003 ], [ 121.184324760000095, 0.652119060000075 ], [ 121.184699760000058, 0.652009680000049 ], [ 121.186653530000058, 0.651439850000031 ], [ 121.187788260000048, 0.650156600000059 ], [ 121.190435640000032, 0.648113190000061 ], [ 121.19242118000011, 0.64659252000007 ], [ 121.194359350000013, 0.645357090000061 ], [ 121.194942883000067, 0.644470245000036 ], [ 121.196170860000052, 0.642603980000047 ], [ 121.196298326000033, 0.642410258000041 ], [ 121.196658460000094, 0.641862930000059 ], [ 121.197320230000059, 0.641577910000024 ], [ 121.197352001000013, 0.64157287300003 ], [ 121.197448280000117, 0.641557610000064 ], [ 121.198218250000082, 0.641435590000071 ], [ 121.199352500000032, 0.64153108000005 ], [ 121.200203100000067, 0.641864190000035 ], [ 121.200573162000069, 0.642036162000068 ], [ 121.201431710000065, 0.642435140000032 ], [ 121.201693237000086, 0.642479084000058 ], [ 121.202565930000105, 0.642625720000069 ], [ 121.20273600500002, 0.642583012000046 ], [ 121.204078450000111, 0.642245910000042 ], [ 121.205589974000077, 0.642067567000026 ], [ 121.207292400000028, 0.641866700000037 ], [ 121.207776962000025, 0.64179329600006 ], [ 121.208201930000087, 0.641728920000048 ], [ 121.208808849000093, 0.641596250000021 ], [ 121.210135887000092, 0.641306166000049 ], [ 121.21126270000002, 0.641059850000033 ], [ 121.212069525000061, 0.640753069000027 ], [ 121.213011630000096, 0.640394850000064 ], [ 121.213030696000033, 0.640385112000047 ], [ 121.214740520000078, 0.63951177000007 ], [ 121.216406610000035, 0.638764980000076 ], [ 121.216409159000023, 0.638764197000057 ], [ 121.217596770000114, 0.638399610000022 ], [ 121.218920110000113, 0.638400080000054 ], [ 121.220101570000111, 0.638685750000036 ], [ 121.221046670000078, 0.639113980000047 ], [ 121.221802600000046, 0.63992249000006 ], [ 121.221913015000041, 0.640067844000043 ], [ 121.223030860000108, 0.641539420000072 ], [ 121.224373219000086, 0.642850961000022 ], [ 121.224637250000114, 0.643108930000039 ], [ 121.225285636000081, 0.643800038000052 ], [ 121.225440410000033, 0.643965010000045 ], [ 121.227579392000052, 0.645161393000024 ], [ 121.227992100000051, 0.645392230000027 ], [ 121.228464740000049, 0.645344860000023 ], [ 121.228842990000089, 0.644917080000027 ], [ 121.229505030000041, 0.643871340000032 ], [ 121.230686830000081, 0.643206140000075 ], [ 121.23135534000005, 0.64243526000007 ], [ 121.231828300000075, 0.641484530000071 ], [ 121.231828750000091, 0.640153290000057 ], [ 121.231764014000078, 0.639876086000072 ], [ 121.231639980000068, 0.639344970000025 ], [ 121.231593140000086, 0.638108800000055 ], [ 121.231587863000073, 0.638073332000033 ], [ 121.231451670000069, 0.637157870000067 ], [ 121.231675926000094, 0.636331834000032 ], [ 121.231735610000101, 0.636111990000074 ], [ 121.231676961000062, 0.635460536000039 ], [ 121.231641440000089, 0.635065980000036 ], [ 121.231502970000065, 0.634507993000057 ], [ 121.231358250000085, 0.633924820000061 ], [ 121.231327787000055, 0.633884571000067 ], [ 121.230749938000031, 0.633121088000053 ], [ 121.230602390000058, 0.632926140000052 ], [ 121.230340469000112, 0.632633182000063 ], [ 121.229326780000065, 0.631499370000029 ], [ 121.228938538000079, 0.631093514000042 ], [ 121.228652349000072, 0.630794341000069 ], [ 121.228509569000039, 0.630645083000047 ], [ 121.228098390000014, 0.630215250000049 ], [ 121.227531590000012, 0.629169080000054 ], [ 121.227507703000015, 0.628709581000066 ], [ 121.227484630000049, 0.628265730000066 ], [ 121.227556936000042, 0.627857385000027 ], [ 121.227863450000086, 0.626126370000065 ], [ 121.228620210000031, 0.624462570000048 ], [ 121.229153760000031, 0.62331344200004 ], [ 121.229190069000083, 0.623235241000032 ], [ 121.229199661000052, 0.623241144000076 ], [ 121.229221002000031, 0.622997879000025 ], [ 121.229225682000106, 0.622944528000062 ], [ 121.229256708000094, 0.622918244000061 ], [ 121.230003857000042, 0.622285280000028 ], [ 121.231060398000068, 0.621390207000047 ], [ 121.231468113, 0.617975796000053 ], [ 121.231646488000024, 0.61772098900002 ], [ 121.231544559000099, 0.617415221000044 ], [ 121.233098972000107, 0.615657053000064 ], [ 121.233532169000114, 0.614612344000022 ], [ 121.233404758, 0.613975326000059 ], [ 121.233200900000043, 0.613771481000072 ], [ 121.233353793000106, 0.613032540000063 ], [ 121.234067294000056, 0.611987831000022 ], [ 121.234347598000113, 0.610943121000048 ], [ 121.234475009000107, 0.609643604000041 ], [ 121.234889094000096, 0.608344087000035 ], [ 121.237883585000077, 0.604068242000039 ], [ 121.237985178000031, 0.60392317700007 ], [ 121.239283305000072, 0.602376799000069 ], [ 121.239450403000092, 0.602177745000063 ], [ 121.240799776000017, 0.601692472000025 ], [ 121.240902887000061, 0.601655390000076 ], [ 121.241858468000032, 0.600929188000066 ], [ 121.24277582600007, 0.600521495000066 ], [ 121.243807854000011, 0.600521495000066 ], [ 121.243866233000062, 0.600620320000075 ], [ 121.243893489000016, 0.600549800000067 ], [ 121.244025259000068, 0.600574391000066 ], [ 121.244424670000058, 0.600648930000034 ], [ 121.244564274000027, 0.600708115000032 ], [ 121.246009140000069, 0.601320660000056 ], [ 121.247059870000044, 0.601453130000039 ], [ 121.247117920000051, 0.601460450000047 ], [ 121.247565970000096, 0.601516930000059 ], [ 121.24831663000009, 0.601461240000049 ], [ 121.248399853000024, 0.60143098900005 ], [ 121.249623460000066, 0.600986220000038 ], [ 121.249894159000064, 0.600954883000043 ], [ 121.250000000000114, 0.60094263000002 ], [ 121.250266740000029, 0.600611270000059 ], [ 121.250829140000064, 0.600302870000064 ], [ 121.251630230000046, 0.599548840000068 ], [ 121.251834790000089, 0.599274620000074 ], [ 121.25209046000009, 0.599000420000039 ], [ 121.252322911000078, 0.598854542000026 ], [ 121.252904590000071, 0.598489500000028 ], [ 121.253644610000038, 0.597997500000019 ], [ 121.254145900000026, 0.597709520000024 ], [ 121.254420420000088, 0.597529520000023 ], [ 121.255029210000089, 0.596929430000046 ], [ 121.255793150000045, 0.596281350000027 ], [ 121.256819680000035, 0.595429270000068 ], [ 121.257249400000092, 0.595069230000036 ], [ 121.257965650000074, 0.594253060000028 ], [ 121.258808060000092, 0.593366690000039 ], [ 121.260025710000036, 0.591926370000067 ], [ 121.261052380000024, 0.59064206000005 ], [ 121.261625360000039, 0.590077960000031 ], [ 121.261804410000082, 0.589909940000041 ], [ 121.26284274000011, 0.589478050000025 ], [ 121.263415610000038, 0.58928614000007 ], [ 121.264752220000105, 0.589046440000061 ], [ 121.265551890000097, 0.588614480000047 ], [ 121.266184420000059, 0.588422580000042 ], [ 121.267139170000064, 0.588170760000025 ], [ 121.267771828000036, 0.588069763000021 ], [ 121.26860535000003, 0.587936700000057 ], [ 121.269158156000117, 0.587823016000073 ], [ 121.27012099, 0.587625010000068 ], [ 121.271601040000064, 0.586628980000057 ], [ 121.271911430000046, 0.586232880000068 ], [ 121.272723280000037, 0.584984510000027 ], [ 121.273248590000094, 0.584216290000029 ], [ 121.273665495000046, 0.583747467000023 ], [ 121.273767010000029, 0.583633310000039 ], [ 121.274507070000027, 0.58303324000002 ], [ 121.275338290000036, 0.582555720000073 ], [ 121.276106330000061, 0.582421430000068 ], [ 121.276367281000034, 0.582441325000048 ], [ 121.277371250000101, 0.582517870000061 ], [ 121.27831398, 0.582554180000045 ], [ 121.278910690000089, 0.582434300000045 ], [ 121.279694120000045, 0.582224380000071 ], [ 121.279805770000053, 0.582194460000039 ], [ 121.281058810000104, 0.582134810000071 ], [ 121.282500450000043, 0.582049450000056 ], [ 121.28326426000001, 0.581833580000023 ], [ 121.283427175000043, 0.581786803000057 ], [ 121.283546163000096, 0.581752638000069 ], [ 121.283862623000118, 0.581661774000054 ], [ 121.284600920000116, 0.581449790000022 ], [ 121.285340860000019, 0.581245920000072 ], [ 121.28603304, 0.581138080000073 ], [ 121.28668932000005, 0.581330370000046 ], [ 121.287632010000038, 0.581522760000041 ], [ 121.289553320000095, 0.581475320000038 ], [ 121.290554820000011, 0.58129783000004 ], [ 121.290567720000013, 0.581295540000042 ], [ 121.29064152, 0.581289190000064 ], [ 121.291437350000024, 0.581220740000049 ], [ 121.291892298000107, 0.581128183000033 ], [ 121.292380160000107, 0.581028930000059 ], [ 121.2930127300001, 0.58070495000004 ], [ 121.294934210000065, 0.580105240000023 ], [ 121.295542960000034, 0.57963718000002 ], [ 121.296402450000073, 0.578724980000061 ], [ 121.296903830000019, 0.578148830000032 ], [ 121.297381370000039, 0.577512660000025 ], [ 121.297523658000046, 0.577386098000034 ], [ 121.297691720000103, 0.577236610000057 ], [ 121.298581560000116, 0.576675010000031 ], [ 121.299345410000114, 0.57631506000007 ], [ 121.300046447000113, 0.575626390000025 ], [ 121.300383940000074, 0.575294850000034 ], [ 121.300539220000019, 0.574802650000038 ], [ 121.300590955000075, 0.574482944000067 ], [ 121.3006441980001, 0.574153916000057 ], [ 121.300694640000074, 0.573842200000058 ], [ 121.300850340000011, 0.571909250000033 ], [ 121.300959870000042, 0.57121582000002 ], [ 121.301053764000017, 0.571002982000039 ], [ 121.301568890000112, 0.569835300000022 ], [ 121.301878421000083, 0.569409417000031 ], [ 121.302703030000089, 0.568274840000072 ], [ 121.303848780000067, 0.567854960000034 ], [ 121.304195023000034, 0.567824099000063 ], [ 121.30492283000001, 0.567759230000036 ], [ 121.30569528, 0.567862110000021 ], [ 121.305724270000042, 0.567865960000063 ], [ 121.306187740000041, 0.567927690000033 ], [ 121.306736630000046, 0.568119950000039 ], [ 121.307631520000086, 0.568576450000023 ], [ 121.308976520000101, 0.569853400000056 ], [ 121.30978760000005, 0.571222350000028 ], [ 121.310217040000111, 0.571798770000044 ], [ 121.311207220000028, 0.572867620000068 ], [ 121.312328560000083, 0.574320700000044 ], [ 121.313789680000014, 0.575435650000031 ], [ 121.314273533000119, 0.57569748800006 ], [ 121.31474422000008, 0.575952200000074 ], [ 121.315078290000088, 0.576228450000031 ], [ 121.315077902000098, 0.576244765000069 ], [ 121.315053775000024, 0.57725963200005 ], [ 121.315042040000094, 0.577753220000034 ], [ 121.315376080000078, 0.578089500000033 ], [ 121.315487884000049, 0.578128776000028 ], [ 121.316402270000026, 0.578449990000024 ], [ 121.31728540000006, 0.578306180000027 ], [ 121.317813889000035, 0.577767893000043 ], [ 121.318204570000034, 0.577369970000063 ], [ 121.318777570000066, 0.576769830000046 ], [ 121.32011427000009, 0.576338 ], [ 121.320688368000106, 0.576297280000063 ], [ 121.321462800000063, 0.57624235000003 ], [ 121.321904330000052, 0.576314520000039 ], [ 121.323072680000109, 0.576504980000038 ], [ 121.323208224000041, 0.576523541000029 ], [ 121.324039280000079, 0.576637340000048 ], [ 121.326414220000061, 0.576181800000029 ], [ 121.327217730000029, 0.57576148000004 ], [ 121.327882300000056, 0.575413840000067 ], [ 121.328407420000076, 0.575269910000031 ], [ 121.328837140000019, 0.574921860000075 ], [ 121.329875500000071, 0.574489930000027 ], [ 121.330889800000023, 0.574754370000051 ], [ 121.331808890000048, 0.575239944000032 ], [ 121.332094920000031, 0.575391060000072 ], [ 121.333106980000025, 0.575584130000038 ], [ 121.334383950000074, 0.575392410000063 ], [ 121.335010972000077, 0.575295542000049 ], [ 121.335305120000044, 0.575250100000062 ], [ 121.335309120000034, 0.575248293000072 ], [ 121.335309162000044, 0.575248285000043 ], [ 121.337140985000019, 0.574420700000076 ], [ 121.338012415000094, 0.573520470000062 ], [ 121.338472205000016, 0.572923240000023 ], [ 121.339188555000078, 0.571818870000072 ], [ 121.339594475000013, 0.571230670000034 ], [ 121.34091951500011, 0.569874330000061 ], [ 121.341588215000115, 0.568445770000039 ], [ 121.342673442000091, 0.56681089500006 ], [ 121.343323655000063, 0.565831360000061 ], [ 121.344359200000099, 0.565836894000029 ], [ 121.344359245000078, 0.565836894000029 ], [ 121.344839303000072, 0.565839460000063 ], [ 121.34483934800005, 0.565839460000063 ], [ 121.34489864000011, 0.565839777000065 ], [ 121.344898685000089, 0.565839777000065 ], [ 121.345109961000048, 0.565840907000052 ], [ 121.345110006000027, 0.565840907000052 ], [ 121.345184140000015, 0.56584130300007 ], [ 121.345184185000107, 0.56584130300007 ], [ 121.345192993000069, 0.565841350000028 ], [ 121.345193036000069, 0.565841357000068 ], [ 121.345226886000091, 0.565850557000033 ], [ 121.345226928000102, 0.56585056800003 ], [ 121.34525209100002, 0.565857405000031 ], [ 121.345252132000041, 0.565857416000028 ], [ 121.345282798000085, 0.565865746000043 ], [ 121.345299904000058, 0.565841920000025 ], [ 121.345302067000034, 0.565838908000046 ], [ 121.345328578000021, 0.565801982000039 ], [ 121.345506190000037, 0.565554593000059 ], [ 121.34573045500008, 0.564719832000037 ], [ 121.34578625100005, 0.564514690000067 ], [ 121.345957072000033, 0.563886646000071 ], [ 121.346191524000119, 0.563142098000071 ], [ 121.346402349000073, 0.562562125000056 ], [ 121.346759452000015, 0.561719489000041 ], [ 121.347068525000054, 0.561146671000074 ], [ 121.347581216000094, 0.560479739000073 ], [ 121.348211609000032, 0.559623903000045 ], [ 121.348363920000111, 0.55941712200007 ], [ 121.348728537000056, 0.558922110000026 ], [ 121.349052320000055, 0.558239173000061 ], [ 121.349121589000106, 0.558093069000051 ], [ 121.349211977000095, 0.557902419000072 ], [ 121.349257901000101, 0.557815358000028 ], [ 121.349658985000019, 0.557055004000063 ], [ 121.349659183000085, 0.557054630000039 ], [ 121.349684179000064, 0.557007243000044 ], [ 121.349693192000018, 0.556971168000075 ], [ 121.349693263000063, 0.55697088200003 ], [ 121.35001244800003, 0.555693328000075 ], [ 121.349097536000045, 0.555062429000031 ], [ 121.348355774000083, 0.554554264000046 ], [ 121.347827794000068, 0.55412579700004 ], [ 121.347483668000109, 0.553764104000038 ], [ 121.34704979300011, 0.553225893000047 ], [ 121.346827527000073, 0.552896520000047 ], [ 121.346483517000024, 0.552115118000074 ], [ 121.346293421000041, 0.551426311000057 ], [ 121.346156744000041, 0.550855899000055 ], [ 121.346079903000032, 0.550388816000066 ], [ 121.346062877, 0.550102548000041 ], [ 121.346062803000109, 0.550101766000068 ], [ 121.346062631000109, 0.550099942000031 ], [ 121.346052815, 0.549995878000061 ], [ 121.346041559000014, 0.549876546000064 ], [ 121.345992623000029, 0.549636318000069 ], [ 121.345992495000019, 0.54963546800002 ], [ 121.345902265000063, 0.549486228000035 ], [ 121.345902102000082, 0.549486032000061 ], [ 121.345819347000088, 0.549349157000051 ], [ 121.345610174000058, 0.549136317000034 ], [ 121.345610091000026, 0.549136225000041 ], [ 121.345609877000015, 0.549136014000055 ], [ 121.345066909000025, 0.548787181000023 ], [ 121.344699244000026, 0.548500816000058 ], [ 121.344280274000084, 0.548186455000064 ], [ 121.343897672000026, 0.547792468000068 ], [ 121.343897760000118, 0.547471767000047 ], [ 121.343893561000073, 0.547191960000021 ], [ 121.343910772000072, 0.54680238900005 ], [ 121.343960025000115, 0.546520445000056 ], [ 121.344060593000108, 0.54622775200005 ], [ 121.344199649000075, 0.545924309000043 ], [ 121.344225290000054, 0.545876958000065 ], [ 121.344355805000077, 0.545635937000043 ], [ 121.344586812000102, 0.545276558000069 ], [ 121.344792142000074, 0.54499035200007 ], [ 121.344978222, 0.544732121000038 ], [ 121.345132218000117, 0.544523385000048 ], [ 121.345273380000094, 0.544336169000076 ], [ 121.345430331000102, 0.544066580000049 ], [ 121.345448782000062, 0.544034888000056 ], [ 121.3454576150001, 0.544013956000072 ], [ 121.345539043000031, 0.543820980000021 ], [ 121.345548604000101, 0.543796228000076 ], [ 121.345554685000025, 0.543784016000075 ], [ 121.345555637000075, 0.543781653000053 ], [ 121.345575008000083, 0.543735746000038 ], [ 121.345580874, 0.543709650000039 ], [ 121.345581061000075, 0.543709019000062 ], [ 121.345590705000063, 0.543666121000058 ], [ 121.345601576000035, 0.543617766000068 ], [ 121.345612376000076, 0.543569727000033 ], [ 121.345621658000027, 0.543528438000067 ], [ 121.345631282000113, 0.543485631000067 ], [ 121.345640090000074, 0.543446449000044 ], [ 121.345645694000041, 0.543421522000074 ], [ 121.345646944, 0.54339624000005 ], [ 121.345648408000102, 0.543366619000039 ], [ 121.345650124000031, 0.54333192100006 ], [ 121.345651535000115, 0.543303391000052 ], [ 121.345652758000028, 0.54327865800002 ], [ 121.345654735000039, 0.543238686000052 ], [ 121.34565547200009, 0.543223777000037 ], [ 121.345656443000053, 0.543204137000032 ], [ 121.345656251000037, 0.543178103000059 ], [ 121.345654584000044, 0.542951943000048 ], [ 121.345654381000031, 0.542924330000062 ], [ 121.345654077000063, 0.542895780000038 ], [ 121.345653661000028, 0.542856721000021 ], [ 121.345653125000013, 0.542806322000047 ], [ 121.345652649000044, 0.542761553000048 ], [ 121.345652297000015, 0.542728465000039 ], [ 121.345655393000015, 0.542687415000046 ], [ 121.345657912000092, 0.542654005000031 ], [ 121.345660558000077, 0.542618917000027 ], [ 121.345663857000091, 0.542575168000042 ], [ 121.345665789, 0.542549544000053 ], [ 121.345667951000109, 0.542520867000064 ], [ 121.345669510000107, 0.54250018800002 ], [ 121.345670821000112, 0.542482796000058 ], [ 121.345671609000078, 0.542472340000074 ], [ 121.345682170000032, 0.542447031000052 ], [ 121.34569022200003, 0.542427735000047 ], [ 121.345700281000063, 0.542403628000045 ], [ 121.345716747000097, 0.542364167000073 ], [ 121.345726446000072, 0.54234092300004 ], [ 121.345744349000029, 0.542298019000043 ], [ 121.345750828000064, 0.542288950000057 ], [ 121.345770689, 0.542261149000069 ], [ 121.345786587000021, 0.542238894000036 ], [ 121.34580680800002, 0.542210589000035 ], [ 121.345819260000098, 0.542193159000021 ], [ 121.34582991100001, 0.542178250000063 ], [ 121.345835703000034, 0.542170142000032 ], [ 121.345842737000112, 0.54216029600002 ], [ 121.345879204000084, 0.542126273000065 ], [ 121.345905727000059, 0.542101527000057 ], [ 121.345928859000082, 0.542079946000058 ], [ 121.345949109000117, 0.542061054000044 ], [ 121.34596035900006, 0.542050558000028 ], [ 121.345985041000063, 0.542034717000035 ], [ 121.346015698000087, 0.54201504100007 ], [ 121.346022475000041, 0.54201069100003 ], [ 121.346032832000105, 0.542004044000066 ], [ 121.346069697000075, 0.541980383000066 ], [ 121.346084387000019, 0.541970955000068 ], [ 121.346146485000077, 0.541912262000039 ], [ 121.346184753000102, 0.541876093000042 ], [ 121.34620493500006, 0.541857017000041 ], [ 121.346225534000041, 0.541837548000046 ], [ 121.346238530000051, 0.541818054000032 ], [ 121.346254491000082, 0.541794113000037 ], [ 121.346254641000087, 0.541793820000066 ], [ 121.346277502000021, 0.541759529000046 ], [ 121.34627793300001, 0.54175895000003 ], [ 121.34631686900002, 0.541700545000026 ], [ 121.346326547000103, 0.541686028000072 ], [ 121.346343175000015, 0.541661087000023 ], [ 121.346345663000079, 0.541649605000032 ], [ 121.346350380000104, 0.541627832000074 ], [ 121.346354276000056, 0.541609847000075 ], [ 121.346357750000038, 0.541593814000066 ], [ 121.346378812000012, 0.541496600000073 ], [ 121.346390270000029, 0.541443712000046 ], [ 121.346422377000067, 0.541310274000068 ], [ 121.346478338000111, 0.541203307000046 ], [ 121.346507943, 0.541146719000039 ], [ 121.346548849000101, 0.541095763000044 ], [ 121.346642686000109, 0.540978872000039 ], [ 121.3466753350001, 0.540928454000039 ], [ 121.346734660000038, 0.540836842000033 ], [ 121.346761246000028, 0.540712109000026 ], [ 121.346779616000049, 0.54062592300005 ], [ 121.346778541000049, 0.540493940000033 ], [ 121.346777919000033, 0.540417648000073 ], [ 121.346777547000102, 0.540371944000071 ], [ 121.346765612000013, 0.540286338000044 ], [ 121.346758844000078, 0.540237790000049 ], [ 121.346744037, 0.540131579000047 ], [ 121.346742589000087, 0.540121194000051 ], [ 121.346742272000029, 0.540119254000047 ], [ 121.346742119000055, 0.540117825000038 ], [ 121.346741788000031, 0.54011545000003 ], [ 121.346741613000063, 0.540114194000068 ], [ 121.346741422000036, 0.54011282700003 ], [ 121.346741279000071, 0.540111803000059 ], [ 121.346741117000079, 0.540110642000059 ], [ 121.346740910000108, 0.540109154000049 ], [ 121.346740761000092, 0.540108082000074 ], [ 121.346740596000018, 0.540106899000023 ], [ 121.346740484000065, 0.54010609900007 ], [ 121.346740367000052, 0.540105259000029 ], [ 121.34674025400011, 0.540104451000047 ], [ 121.346740152000052, 0.540103723000072 ], [ 121.346740051000097, 0.540102995000041 ], [ 121.34673994700006, 0.540102251000064 ], [ 121.346739837000086, 0.540101460000074 ], [ 121.346739771000102, 0.540100987000073 ], [ 121.346739565, 0.540099509000072 ], [ 121.34673913600011, 0.540096432000041 ], [ 121.346737454000049, 0.540092018000053 ], [ 121.346735716000012, 0.540087459000063 ], [ 121.346732517000078, 0.540079065000043 ], [ 121.346729471000117, 0.540071074000025 ], [ 121.346727127, 0.540064924000035 ], [ 121.34672407700009, 0.540056922000076 ], [ 121.346722412000076, 0.54005255200002 ], [ 121.346720294000079, 0.540046996000058 ], [ 121.346718746000079, 0.540042935000031 ], [ 121.346716556000047, 0.540037189000032 ], [ 121.346714366000015, 0.540031442000043 ], [ 121.346712592000017, 0.540026788000034 ], [ 121.34671159200002, 0.540024164000044 ], [ 121.346710081000083, 0.540020198000036 ], [ 121.346708188000093, 0.54001523200003 ], [ 121.346706497000014, 0.540010795000057 ], [ 121.346657719000063, 0.539882815000055 ], [ 121.34665515100005, 0.53987607800002 ], [ 121.346654282000031, 0.53987379900002 ], [ 121.346652161000065, 0.539868234000039 ], [ 121.346649099000047, 0.539860200000021 ], [ 121.346647045000054, 0.539854810000065 ], [ 121.346644640000022, 0.539848501000051 ], [ 121.346642474000078, 0.539842818000068 ], [ 121.346639934000109, 0.539836153000067 ], [ 121.346638007000024, 0.539831096000057 ], [ 121.346636583000077, 0.539827360000061 ], [ 121.346635370000058, 0.539821990000064 ], [ 121.346634232000042, 0.539816954000059 ], [ 121.3466331300001, 0.539812075000043 ], [ 121.346632143000079, 0.539807705000044 ], [ 121.346631124000055, 0.539803195000047 ], [ 121.346629650000068, 0.539796669000054 ], [ 121.346628071000055, 0.539789681000059 ], [ 121.346627165000086, 0.53978567300004 ], [ 121.346626036000089, 0.539780678000056 ], [ 121.346625227000118, 0.539777097000069 ], [ 121.346623875000091, 0.539771114000075 ], [ 121.34662332500011, 0.53976867800003 ], [ 121.346622483000033, 0.539764950000063 ], [ 121.346621804000051, 0.539761946000056 ], [ 121.346621455000104, 0.539760399000045 ], [ 121.34660588600002, 0.539691486000038 ], [ 121.346603003000041, 0.539678723000065 ], [ 121.346601579000094, 0.539672419000055 ], [ 121.346600032000083, 0.539665572000047 ], [ 121.34659828000008, 0.53965781900007 ], [ 121.346596041000112, 0.539647910000042 ], [ 121.346594412000059, 0.539640700000064 ], [ 121.346593038000037, 0.539634618000036 ], [ 121.346591205000095, 0.539626503000022 ], [ 121.346589749000032, 0.539620059000072 ], [ 121.346588821000068, 0.53961595100003 ], [ 121.346587467000063, 0.539609958000028 ], [ 121.346586916000092, 0.53960599800007 ], [ 121.346586255000034, 0.539601251000022 ], [ 121.346585520000076, 0.53959597000005 ], [ 121.34658463400001, 0.539589600000056 ], [ 121.346583847000034, 0.53958394600005 ], [ 121.346583001000113, 0.539577866000059 ], [ 121.346582426000055, 0.539573732000065 ], [ 121.34658175800007, 0.539568933000055 ], [ 121.346581185000105, 0.539564813000027 ], [ 121.346580797000115, 0.53956202400002 ], [ 121.346566938000024, 0.539462424000021 ], [ 121.346566258000053, 0.539457542000036 ], [ 121.346564303000036, 0.539443490000053 ], [ 121.346561787000041, 0.539425407000067 ], [ 121.346560066000052, 0.539413040000056 ], [ 121.34655804800002, 0.539398536000022 ], [ 121.346555607000028, 0.539380992000019 ], [ 121.346553952000022, 0.539369098000066 ], [ 121.34655332400007, 0.53936458000004 ], [ 121.34655293700007, 0.539360105000071 ], [ 121.346552013000064, 0.539349426000058 ], [ 121.346550959000069, 0.539337236000051 ], [ 121.346550019, 0.53932637500003 ], [ 121.346548575000043, 0.539309683000056 ], [ 121.346547490000034, 0.53929714700007 ], [ 121.34654630700004, 0.539283478000073 ], [ 121.346545372000037, 0.539272668000024 ], [ 121.346544137000024, 0.539255678000075 ], [ 121.346543020000013, 0.539245480000034 ], [ 121.346542026000066, 0.539233993000039 ], [ 121.346539873000097, 0.539209114000073 ], [ 121.34653870000011, 0.539195561000042 ], [ 121.346537727000054, 0.539184318000025 ], [ 121.346537025000089, 0.539176206000036 ], [ 121.346536390000097, 0.539168864000032 ], [ 121.346535988000028, 0.539164213000049 ], [ 121.34653414200011, 0.539142882000021 ], [ 121.346534066000117, 0.539134166000053 ], [ 121.346533907000094, 0.539116084000057 ], [ 121.346533682000086, 0.539090421000026 ], [ 121.346533574000091, 0.539078049000068 ], [ 121.346533479000072, 0.539067265000028 ], [ 121.346533357000112, 0.539053304000049 ], [ 121.346532067000112, 0.538906123000061 ], [ 121.346537922000039, 0.538853217000053 ], [ 121.346543004000068, 0.538807289000033 ], [ 121.346545505000108, 0.538784685000053 ], [ 121.346548226000095, 0.538760091000029 ], [ 121.346549735000053, 0.538746453000044 ], [ 121.346550154000056, 0.53874266400004 ], [ 121.346550618000038, 0.53873846700003 ], [ 121.346551098000077, 0.538734130000023 ], [ 121.346551357000067, 0.538731787000074 ], [ 121.346552015000043, 0.538729801000045 ], [ 121.346553277000112, 0.53872599400006 ], [ 121.346553929000038, 0.538724027000058 ], [ 121.346554447000017, 0.538722464000045 ], [ 121.346559666000076, 0.538706717000025 ], [ 121.346569723000016, 0.538676370000076 ], [ 121.346575632000054, 0.538658540000029 ], [ 121.346579948000112, 0.538645515000042 ], [ 121.346582856000055, 0.538636741000062 ], [ 121.346584872000108, 0.538630658000045 ], [ 121.346587542000066, 0.538622600000053 ], [ 121.346590127000013, 0.538614801000051 ], [ 121.34659276900004, 0.538606830000049 ], [ 121.346594927000069, 0.538600319000068 ], [ 121.346596292000072, 0.538596201000075 ], [ 121.346599942000012, 0.538591479000047 ], [ 121.346603711000057, 0.538586604000045 ], [ 121.346607172000063, 0.538582127000041 ], [ 121.346609515000068, 0.538579096000035 ], [ 121.34661209, 0.538575765000076 ], [ 121.346616009000059, 0.538570695000033 ], [ 121.346618917000114, 0.538566933000027 ], [ 121.346622259000014, 0.538562610000042 ], [ 121.346625782000046, 0.538558052000042 ], [ 121.346629029000042, 0.538553851000074 ], [ 121.346632980000095, 0.538548740000067 ], [ 121.346635292000087, 0.538545750000026 ], [ 121.34663699400005, 0.538543549000053 ], [ 121.346639155000048, 0.538540754000053 ], [ 121.346641207000062, 0.53853809900005 ], [ 121.346701280000048, 0.53848053400003 ], [ 121.346706839000035, 0.538475208000023 ], [ 121.34671133300003, 0.538470901000039 ], [ 121.346715596000081, 0.538466816000039 ], [ 121.346720315000084, 0.538462295000045 ], [ 121.346725070000048, 0.538457739000023 ], [ 121.346729433000064, 0.538453559000061 ], [ 121.34673456500002, 0.538450548000071 ], [ 121.346740558000079, 0.538448036000034 ], [ 121.346749776000024, 0.538444172000027 ], [ 121.346758302000012, 0.538440598000022 ], [ 121.346764902000018, 0.538437831000067 ], [ 121.34676954300005, 0.538435886000059 ], [ 121.346778441000083, 0.538432157000045 ], [ 121.346786693000013, 0.538428698000075 ], [ 121.346794338000109, 0.538425494000023 ], [ 121.346801480000067, 0.538422500000024 ], [ 121.34680800600006, 0.538419762000046 ], [ 121.346811874000082, 0.538419229000056 ], [ 121.346811918000071, 0.538419223000062 ], [ 121.346817671000053, 0.538418430000036 ], [ 121.346817715000043, 0.538418424000042 ], [ 121.346822035000059, 0.538417828000036 ], [ 121.346822079000049, 0.538417822000042 ], [ 121.346830941, 0.538416600000062 ], [ 121.346830985000111, 0.538416594000068 ], [ 121.346836239000027, 0.538415869000062 ], [ 121.346836283000016, 0.538415863000068 ], [ 121.346845370000096, 0.538414610000075 ], [ 121.346845414000086, 0.538414604000025 ], [ 121.346851103000063, 0.538413819000027 ], [ 121.346851147000052, 0.538413813000034 ], [ 121.346858172000111, 0.53841284400005 ], [ 121.346858216000101, 0.538412838000056 ], [ 121.34686367200004, 0.538412086000051 ], [ 121.34686371600003, 0.538412080000057 ], [ 121.346873672000015, 0.538410707000025 ], [ 121.346873716000118, 0.538410701000032 ], [ 121.346880041000077, 0.538409829000045 ], [ 121.346880085000066, 0.538409823000052 ], [ 121.346885042000054, 0.538409139000066 ], [ 121.346885086000043, 0.538409133000073 ], [ 121.346890082000073, 0.538408444000027 ], [ 121.346890126000062, 0.538408438000033 ], [ 121.346892747000084, 0.538408077000042 ], [ 121.346892791000073, 0.538408071000049 ], [ 121.346896113000071, 0.538407613000061 ], [ 121.34689615700006, 0.538407607000067 ], [ 121.346901677000119, 0.538406846000044 ], [ 121.346901721000108, 0.53840684000005 ], [ 121.346906411000077, 0.538406193000071 ], [ 121.346906455000067, 0.538406187000021 ], [ 121.346913046000054, 0.538405278000027 ], [ 121.346913090000044, 0.538405272000034 ], [ 121.346917006000012, 0.53840473200006 ], [ 121.346917050000116, 0.538404728000046 ], [ 121.346921235000082, 0.538404423000031 ], [ 121.346921280000061, 0.538404420000063 ], [ 121.346925767000016, 0.538404092000064 ], [ 121.346925812000109, 0.538404089000039 ], [ 121.34693151700003, 0.538403672000072 ], [ 121.346931562, 0.538403669000047 ], [ 121.34693848400002, 0.538403164000044 ], [ 121.346938529000113, 0.538403161000076 ], [ 121.346943691000092, 0.538402784000027 ], [ 121.346943736000071, 0.538402781000059 ], [ 121.346950810000067, 0.538402265000059 ], [ 121.346950855000046, 0.538402262000034 ], [ 121.347034600000029, 0.538396153000065 ], [ 121.347034645, 0.538396151000029 ], [ 121.347116957000026, 0.53839412800005 ], [ 121.347117002000118, 0.538394127000061 ], [ 121.347132818000091, 0.538393738000025 ], [ 121.34713286300007, 0.538393737000035 ], [ 121.347187534000113, 0.538392393000038 ], [ 121.347187581000071, 0.538392391000059 ], [ 121.347207783000044, 0.538391894000029 ], [ 121.347223881000104, 0.53838551900003 ], [ 121.347223923000115, 0.538385506000054 ], [ 121.347223967000104, 0.538385504000075 ], [ 121.347239640000112, 0.538379299000042 ], [ 121.347292564000099, 0.538358344000073 ], [ 121.347335680000015, 0.538341273000071 ], [ 121.347358555000028, 0.538332216000072 ], [ 121.347379318000094, 0.538323995000042 ], [ 121.347400081000046, 0.538315774000068 ], [ 121.347419874000025, 0.538302876000046 ], [ 121.347444748000044, 0.538281632000064 ], [ 121.347456929000032, 0.538271229000031 ], [ 121.347473255000068, 0.538257286000032 ], [ 121.347494736000044, 0.538238940000042 ], [ 121.347522619000074, 0.538215126000068 ], [ 121.347535056000083, 0.538204504000021 ], [ 121.347550630000114, 0.538191203000054 ], [ 121.347570222000058, 0.538174471000048 ], [ 121.347592739000106, 0.538155240000037 ], [ 121.347599568000078, 0.538140736000059 ], [ 121.347614036000095, 0.538110010000025 ], [ 121.347628573000065, 0.538079138000057 ], [ 121.347637758000019, 0.538059630000021 ], [ 121.347650878000081, 0.538031766000074 ], [ 121.347662446000072, 0.538007199000049 ], [ 121.347669753000105, 0.537991681000051 ], [ 121.347670921000031, 0.537968883000076 ], [ 121.347672407000118, 0.53793986900007 ], [ 121.347674433000066, 0.537900301000036 ], [ 121.347676086000092, 0.537868015000072 ], [ 121.347678350000024, 0.537823800000069 ], [ 121.347673849000103, 0.537775170000032 ], [ 121.347669871000107, 0.537732194000057 ], [ 121.347667063000017, 0.537701855000023 ], [ 121.347665665000022, 0.537686756000028 ], [ 121.347663571000112, 0.537664135000057 ], [ 121.347657032000029, 0.537593492000042 ], [ 121.347630108000089, 0.537535972000057 ], [ 121.347596829000054, 0.537464876000058 ], [ 121.347562462000042, 0.537391454000044 ], [ 121.34753309700011, 0.537328718000026 ], [ 121.347470065000039, 0.53724300600004 ], [ 121.347424435000107, 0.537180958000022 ], [ 121.347391434000087, 0.537136084000053 ], [ 121.347362116000113, 0.537096217000055 ], [ 121.34730911500003, 0.537015712000027 ], [ 121.34726670900011, 0.536951301000045 ], [ 121.347227474000078, 0.536891706000063 ], [ 121.347198909000099, 0.536811587000045 ], [ 121.347162571000013, 0.536709666000036 ], [ 121.34713504900003, 0.536595455000054 ], [ 121.347118351000063, 0.536502419000044 ], [ 121.347107863000019, 0.536443984000073 ], [ 121.347101676000079, 0.536332359000028 ], [ 121.347095097000079, 0.536213678000024 ], [ 121.347092086000089, 0.536107617000027 ], [ 121.347088743000086, 0.535989831000052 ], [ 121.347091159000115, 0.535892408000052 ], [ 121.34709306600007, 0.535815491000051 ], [ 121.347102611000082, 0.535772587000054 ], [ 121.347121892000018, 0.535685923000074 ], [ 121.347129456000062, 0.535651922000056 ], [ 121.347156602000041, 0.535607541000047 ], [ 121.347197904000041, 0.535540018000063 ], [ 121.347259044000111, 0.535473770000067 ], [ 121.347294014000113, 0.535435878000044 ], [ 121.347309114000041, 0.535419516000047 ], [ 121.347381558000052, 0.535321815000032 ], [ 121.347409639000034, 0.53528394500006 ], [ 121.347458835000111, 0.535202169000058 ], [ 121.347463128000072, 0.535141904000056 ], [ 121.34743964200004, 0.535019213000055 ], [ 121.347426822000102, 0.534986924000066 ], [ 121.34735201, 0.534913724000035 ], [ 121.347304515000019, 0.534896527000058 ], [ 121.347262441000112, 0.534881292000023 ], [ 121.347215189000053, 0.534864183000025 ], [ 121.347112572000015, 0.534831869000072 ], [ 121.347068837000052, 0.534785499000066 ], [ 121.347034151000116, 0.534748723000064 ], [ 121.346990738000045, 0.534702695000021 ], [ 121.346943735000082, 0.534573541000043 ], [ 121.346905093000032, 0.534463949000042 ], [ 121.346886052000059, 0.534409946000039 ], [ 121.346844203000046, 0.53433734500004 ], [ 121.34680911800001, 0.534276479000027 ], [ 121.346767622000016, 0.534247600000072 ], [ 121.346691548000081, 0.534194658000047 ], [ 121.346691503000102, 0.534194657000057 ], [ 121.346582509000086, 0.534188173000075 ], [ 121.346582464000107, 0.534188172000029 ], [ 121.346549070000037, 0.53418965700007 ], [ 121.346549025000058, 0.534189659000049 ], [ 121.34646939400011, 0.534193200000061 ], [ 121.346469349000017, 0.53419320200004 ], [ 121.346390083000074, 0.534196727000051 ], [ 121.346390038000095, 0.53419672900003 ], [ 121.346298399000034, 0.534199913000066 ], [ 121.346298354000055, 0.534199915000045 ], [ 121.346144206000076, 0.534205270000029 ], [ 121.346144162000087, 0.53420526900004 ], [ 121.346052614000087, 0.534193941000069 ], [ 121.346052570000097, 0.534193936000065 ], [ 121.345995672000072, 0.534186895000062 ], [ 121.345995628000082, 0.534186890000058 ], [ 121.345917581000094, 0.534177232000047 ], [ 121.345917537000105, 0.534177224000075 ], [ 121.345793874000037, 0.534149078000041 ], [ 121.345793831000037, 0.534149068000033 ], [ 121.345718755, 0.53413198100003 ], [ 121.34571871300011, 0.534131969000043 ], [ 121.345611425000016, 0.53409352500006 ], [ 121.345526348000021, 0.534063053000068 ], [ 121.345526307000114, 0.534063042000071 ], [ 121.345447247000038, 0.53403935700004 ], [ 121.345447207, 0.534039344000064 ], [ 121.345394200000101, 0.534015030000035 ], [ 121.345283299000016, 0.533964186000048 ], [ 121.345199536000109, 0.533925783000029 ], [ 121.345090240000104, 0.533875675000047 ], [ 121.345020909000027, 0.533816422000029 ], [ 121.344949162000034, 0.533755105000068 ], [ 121.344908574000101, 0.533625953000069 ], [ 121.344906842000114, 0.533551027000044 ], [ 121.344904346000021, 0.53344300200007 ], [ 121.344905335000021, 0.533363136000048 ], [ 121.344906532000095, 0.533266509000043 ], [ 121.344895525000084, 0.533186774000058 ], [ 121.34488305900004, 0.533096467000064 ], [ 121.344839959000069, 0.533046962000071 ], [ 121.344761228000038, 0.532956531000025 ], [ 121.344639378000011, 0.532887622000032 ], [ 121.344566706000023, 0.532807966000064 ], [ 121.344532536000088, 0.532663749000051 ], [ 121.344529132000048, 0.532598889000042 ], [ 121.344525546000114, 0.532530548000068 ], [ 121.344519772000012, 0.532420529000035 ], [ 121.344497142000023, 0.532308448000038 ], [ 121.344484721000072, 0.532246931000032 ], [ 121.344470662000049, 0.532177300000058 ], [ 121.34445534800011, 0.532119167000076 ], [ 121.344436689000077, 0.532048339000028 ], [ 121.344406586000105, 0.531934067000066 ], [ 121.344388927000068, 0.531871783000042 ], [ 121.344372442, 0.531813639000063 ], [ 121.344358529000033, 0.531764569000075 ], [ 121.344333961000075, 0.531677917000025 ], [ 121.344284825000045, 0.531531544000075 ], [ 121.344273430000044, 0.531453185000032 ], [ 121.344261350000011, 0.531370111000058 ], [ 121.344261375000087, 0.531273155000065 ], [ 121.344261399000061, 0.531182856000044 ], [ 121.344306334000066, 0.531047270000045 ], [ 121.344352896000032, 0.530975624000064 ], [ 121.344415419000029, 0.530879416000062 ], [ 121.344460500000082, 0.530818418000024 ], [ 121.344539470000086, 0.530711565000047 ], [ 121.344584628, 0.530605568000055 ], [ 121.344620308000117, 0.530521819000057 ], [ 121.344622905000051, 0.530515724000054 ], [ 121.344639096000037, 0.53037456800007 ], [ 121.344648444000086, 0.530293070000027 ], [ 121.34465714800001, 0.530217189000041 ], [ 121.34465509000006, 0.530087414000036 ], [ 121.344645469000056, 0.529981529000054 ], [ 121.344639621000056, 0.529917167000065 ], [ 121.344633772000066, 0.529852801000061 ], [ 121.344611074000113, 0.529768166000053 ], [ 121.344591053000045, 0.529693516000066 ], [ 121.344558550000102, 0.529616407000049 ], [ 121.344524816000103, 0.529536376000067 ], [ 121.344483410000066, 0.529457380000053 ], [ 121.344453888000089, 0.52940105600004 ], [ 121.344430407000118, 0.529356257000074 ], [ 121.344398310000088, 0.529295021000053 ], [ 121.344355589000088, 0.529213516000027 ], [ 121.344321258000036, 0.529148017000068 ], [ 121.344280885000103, 0.529070992000072 ], [ 121.344242737000059, 0.528998212000033 ], [ 121.344207175000065, 0.528950268000074 ], [ 121.344160198000054, 0.52888693400007 ], [ 121.34410381500004, 0.528810920000069 ], [ 121.344063437000045, 0.52872753500003 ], [ 121.344018340000048, 0.528634404000059 ], [ 121.343960641000081, 0.528526770000042 ], [ 121.343907221000109, 0.52841268100002 ], [ 121.343877312000018, 0.52832227500005 ], [ 121.34383277500001, 0.52824522700007 ], [ 121.34377900800007, 0.528152212000066 ], [ 121.343680674000097, 0.528089768000029 ], [ 121.343680629000119, 0.528089766000051 ], [ 121.343623209000043, 0.528084398000033 ], [ 121.343623164000064, 0.528084394000075 ], [ 121.343565223000041, 0.528078977000064 ], [ 121.343565178000063, 0.528078977000064 ], [ 121.343564482000033, 0.528079031000061 ], [ 121.343564437000055, 0.528079034000029 ], [ 121.343509633000053, 0.528083264000031 ], [ 121.34346163400005, 0.528100646000041 ], [ 121.343444805000104, 0.528106740000055 ], [ 121.343402718000107, 0.528121971000076 ], [ 121.343402677000086, 0.528121983000062 ], [ 121.343343627000081, 0.52813560900006 ], [ 121.343343584000081, 0.528135619000068 ], [ 121.343317490000118, 0.528141641000047 ], [ 121.343317447000118, 0.528141651000055 ], [ 121.343272292000051, 0.528152071000022 ], [ 121.343272250000041, 0.528152071000022 ], [ 121.343224715000019, 0.528139362000047 ], [ 121.343224673, 0.52813935100005 ], [ 121.34316753600001, 0.528124074000061 ], [ 121.3431261180001, 0.528076244000033 ], [ 121.343079904000092, 0.528022883000062 ], [ 121.343041975, 0.527972336000062 ], [ 121.343006787000036, 0.527925442000026 ], [ 121.342972512000074, 0.527879765000023 ], [ 121.342940981000083, 0.527837744000067 ], [ 121.342916447000107, 0.527801590000024 ], [ 121.342892187000075, 0.527765841000075 ], [ 121.342873802000099, 0.527738749000036 ], [ 121.342825572000038, 0.527667677000068 ], [ 121.342794026000092, 0.527626370000064 ], [ 121.342774158000111, 0.527600355000061 ], [ 121.342740080000112, 0.527555732000053 ], [ 121.342706385000042, 0.527510182000071 ], [ 121.3426588640001, 0.527445940000064 ], [ 121.342627905000086, 0.527383566000026 ], [ 121.34260757800007, 0.52734261300003 ], [ 121.342599050000103, 0.527250060000028 ], [ 121.342603075000056, 0.527182825000068 ], [ 121.342605493000065, 0.527142444000049 ], [ 121.34259269800009, 0.527017604000036 ], [ 121.342563485000028, 0.526973465000026 ], [ 121.342525579000039, 0.526916193000034 ], [ 121.342485839, 0.526856149000025 ], [ 121.342437236000023, 0.526805312000022 ], [ 121.342374692000021, 0.526739892000023 ], [ 121.34234617200002, 0.526695110000048 ], [ 121.342302029000052, 0.526625798000055 ], [ 121.342281024000044, 0.526544467000065 ], [ 121.342261447000055, 0.526468666000028 ], [ 121.342236192000087, 0.526377042000036 ], [ 121.342218728000034, 0.526313685000048 ], [ 121.342175550000093, 0.526230422000026 ], [ 121.342143935000081, 0.526169458000027 ], [ 121.342096932000118, 0.526113759000054 ], [ 121.342034929000079, 0.526040287000058 ], [ 121.341982116000054, 0.526008019000074 ], [ 121.341904530000079, 0.525960615000031 ], [ 121.341904487000079, 0.525960610000027 ], [ 121.341814459000034, 0.525936480000041 ], [ 121.341814417000023, 0.525936469000044 ], [ 121.341703568000071, 0.525906759000065 ], [ 121.341703525000071, 0.525906749000058 ], [ 121.3416154250001, 0.525891301000058 ], [ 121.341615381000111, 0.525891294000076 ], [ 121.341589771000031, 0.525887423000029 ], [ 121.341589727000041, 0.525887414000067 ], [ 121.341577857000061, 0.525884715000075 ], [ 121.341577814000061, 0.525884706000056 ], [ 121.341564989000062, 0.525882457000023 ], [ 121.341564945000073, 0.525882449000051 ], [ 121.341549836000013, 0.525879800000041 ], [ 121.341549792000023, 0.525879792000069 ], [ 121.341537910000056, 0.525877709000042 ], [ 121.341537866000067, 0.52587770100007 ], [ 121.341528103000087, 0.525875989000042 ], [ 121.341528059000098, 0.52587598100007 ], [ 121.341518558000075, 0.525874315000067 ], [ 121.341518514000086, 0.525874307000038 ], [ 121.341506879, 0.525872267000068 ], [ 121.341506834000029, 0.525872263000053 ], [ 121.341499991000092, 0.525872148000076 ], [ 121.341499946000113, 0.52587214700003 ], [ 121.341488535000053, 0.52587195600006 ], [ 121.341488490000074, 0.525871955000071 ], [ 121.341480513000079, 0.525871822000056 ], [ 121.3414804680001, 0.525871821000067 ], [ 121.341470808000054, 0.525871659000074 ], [ 121.341470763000075, 0.525871658000028 ], [ 121.341466288000106, 0.525871583000026 ], [ 121.341466243000013, 0.525871582000036 ], [ 121.341462815000114, 0.525871525000071 ], [ 121.341462770000021, 0.525871524000024 ], [ 121.341450826000028, 0.525871324000036 ], [ 121.341450781000049, 0.525871323000047 ], [ 121.341416618000039, 0.525870750000024 ], [ 121.34141657300006, 0.525870749000035 ], [ 121.341376459000116, 0.525870076000047 ], [ 121.341376414000024, 0.525870075000057 ], [ 121.341313997000043, 0.525870058000066 ], [ 121.341313952000064, 0.525870058000066 ], [ 121.341282386000103, 0.525870050000037 ], [ 121.34128234100001, 0.525870050000037 ], [ 121.341181842000083, 0.525915223000027 ], [ 121.341126630000076, 0.525959973000056 ], [ 121.341067083000098, 0.526008236000052 ], [ 121.341027870000062, 0.52604001800006 ], [ 121.340987546000065, 0.526078703000053 ], [ 121.340967963000026, 0.526097490000041 ], [ 121.340935911000088, 0.526128240000048 ], [ 121.340902716000073, 0.526163397000062 ], [ 121.340861967000023, 0.526206555000044 ], [ 121.340814009000042, 0.526257348000058 ], [ 121.340766375000044, 0.526286949000053 ], [ 121.340754855000114, 0.526294107000069 ], [ 121.340721277000057, 0.526314973000069 ], [ 121.340704323000068, 0.52632550900006 ], [ 121.34066946300004, 0.526347171000054 ], [ 121.340668599000082, 0.52634770800006 ], [ 121.34063277000007, 0.526361570000063 ], [ 121.340607477000049, 0.526371355000038 ], [ 121.340592693000076, 0.526377075000028 ], [ 121.340573936000055, 0.526384332000021 ], [ 121.340549155000076, 0.526393919000043 ], [ 121.340529613000058, 0.526401479000072 ], [ 121.340510393000045, 0.526409767000075 ], [ 121.340493279000043, 0.526411021000058 ], [ 121.340493236000043, 0.526411028000041 ], [ 121.340470784000104, 0.526416918000052 ], [ 121.340470742000093, 0.52641692900005 ], [ 121.340449412000112, 0.526422525000044 ], [ 121.340449370000101, 0.526422536000041 ], [ 121.340431301000081, 0.526427276000049 ], [ 121.340431257000091, 0.526427281000053 ], [ 121.340408258000025, 0.526437366000039 ], [ 121.34038901100007, 0.526445806000027 ], [ 121.340368889000047, 0.526454630000046 ], [ 121.340347864000023, 0.526463849000038 ], [ 121.340315684000075, 0.52648479800007 ], [ 121.340299791, 0.526495145000069 ], [ 121.340275158000054, 0.526511181000046 ], [ 121.340262773000063, 0.526531571000021 ], [ 121.340250971000046, 0.526551002000076 ], [ 121.340204572000061, 0.526627389000055 ], [ 121.34012115500002, 0.526754355000037 ], [ 121.33999497700006, 0.526885614000037 ], [ 121.339798248000079, 0.526997486000027 ], [ 121.33958516000007, 0.527012076000062 ], [ 121.339302241000041, 0.527107120000039 ], [ 121.339134072000093, 0.52721099300004 ], [ 121.338984646000085, 0.527303288000041 ], [ 121.338812558000086, 0.527386794000051 ], [ 121.338555968000037, 0.527474964000021 ], [ 121.338555926000026, 0.527474975000075 ], [ 121.338245943000061, 0.527524389000064 ], [ 121.338245898000082, 0.527524393000022 ], [ 121.337987238000096, 0.527537236000057 ], [ 121.337987194000107, 0.527537233000032 ], [ 121.337816204000092, 0.527502758000026 ], [ 121.337690080000016, 0.527429539000025 ], [ 121.337589616000059, 0.527343418000044 ], [ 121.337444284000071, 0.527138906000062 ], [ 121.337356662000047, 0.526996828000051 ], [ 121.337258336000104, 0.526908555000034 ], [ 121.337258292000115, 0.526908552000066 ], [ 121.337121508000109, 0.526889151000034 ], [ 121.337121464, 0.526889151000034 ], [ 121.336939769000082, 0.52691277100007 ], [ 121.336939724000104, 0.526912774000039 ], [ 121.336809278000032, 0.527011747000074 ], [ 121.336676684000054, 0.527147309000043 ], [ 121.336471371000016, 0.527381860000048 ], [ 121.336191259000088, 0.527498012000024 ], [ 121.335958255000037, 0.527510861000053 ], [ 121.335958211000047, 0.527510860000064 ], [ 121.335697423000056, 0.527482815000042 ], [ 121.335436618000017, 0.527353601000073 ], [ 121.33531692300005, 0.527224428000068 ], [ 121.335262063000073, 0.527082302000053 ], [ 121.335242144000063, 0.527030697000043 ], [ 121.335222951000105, 0.526843438000071 ], [ 121.335180277000063, 0.526518422000038 ], [ 121.335075065000069, 0.526208991000033 ], [ 121.335025411000061, 0.526062959000058 ], [ 121.33502218600006, 0.526053474000037 ], [ 121.335018873000081, 0.526039162000075 ], [ 121.335016628000062, 0.526029467000058 ], [ 121.335014134000062, 0.526018694000072 ], [ 121.335012043, 0.526009660000057 ], [ 121.335009051000043, 0.525996733000056 ], [ 121.335006637000106, 0.52598630600005 ], [ 121.335002679000013, 0.525969209000039 ], [ 121.334998995000092, 0.525953295000022 ], [ 121.334996187000115, 0.525941167000042 ], [ 121.334993644000065, 0.52593018400006 ], [ 121.33499228800008, 0.525924325000062 ], [ 121.334987524000098, 0.525911250000036 ], [ 121.334985061000111, 0.525904489000027 ], [ 121.334982319000119, 0.525896963000037 ], [ 121.334979647000068, 0.525889629000062 ], [ 121.334975833000044, 0.525879161000034 ], [ 121.33497327200007, 0.525872133000064 ], [ 121.334970335000094, 0.525864073000037 ], [ 121.334967189000054, 0.525855439000054 ], [ 121.334964823000064, 0.525848945000064 ], [ 121.33496178900009, 0.525840618000075 ], [ 121.334958490000076, 0.525831564000043 ], [ 121.334956193000039, 0.525825259000044 ], [ 121.334954801000094, 0.525821438000037 ], [ 121.334953256000063, 0.525817198000027 ], [ 121.334950834000097, 0.525810551000063 ], [ 121.334949248000044, 0.525806197000065 ], [ 121.334946659000025, 0.525799091000067 ], [ 121.334944293000035, 0.52579259700002 ], [ 121.334941815000093, 0.525785796000036 ], [ 121.33493954700009, 0.525779570000054 ], [ 121.334936624000079, 0.525771548000023 ], [ 121.33493424400001, 0.525765015000047 ], [ 121.33493033000002, 0.525754273000075 ], [ 121.334926041000017, 0.525748872000065 ], [ 121.334810641000104, 0.525603577000027 ], [ 121.334586186000024, 0.525461462000067 ], [ 121.334586142000035, 0.525461459000041 ], [ 121.334351010000091, 0.52543127000007 ], [ 121.334350966000102, 0.525431266000055 ], [ 121.334085904000062, 0.525430286000073 ], [ 121.334085859000083, 0.525430286000073 ], [ 121.333923801000083, 0.525429686000052 ], [ 121.333923756000104, 0.525429684000073 ], [ 121.333656159000043, 0.525405253000031 ], [ 121.333656117000032, 0.525405243000023 ], [ 121.333429486000114, 0.525330774000054 ], [ 121.333262797000089, 0.525276005000023 ], [ 121.333112273000097, 0.525180870000042 ], [ 121.332935734000102, 0.525069293000058 ], [ 121.332743365000056, 0.524869073000048 ], [ 121.332676044000095, 0.524709161000033 ], [ 121.332614707000062, 0.524563465000028 ], [ 121.33251046700002, 0.524315859000069 ], [ 121.332519086000048, 0.524064037000073 ], [ 121.332554234000099, 0.523933363000026 ], [ 121.33257488400011, 0.523856590000037 ], [ 121.332589710000093, 0.52380147100007 ], [ 121.332619836000049, 0.523737069000049 ], [ 121.332650821000016, 0.523670830000071 ], [ 121.332675279000114, 0.523618545000033 ], [ 121.332704227000022, 0.523550599000032 ], [ 121.332752296000081, 0.523437769000054 ], [ 121.332783139000071, 0.52337282600007 ], [ 121.332810054000106, 0.523316154000042 ], [ 121.33284428200011, 0.523244083000066 ], [ 121.332876643000077, 0.523185169000044 ], [ 121.332901216000096, 0.523140434000027 ], [ 121.332934122000097, 0.523080529000026 ], [ 121.332961971000032, 0.523022494000031 ], [ 121.332995159, 0.522953334000022 ], [ 121.333028837000029, 0.522883154000056 ], [ 121.333053917000029, 0.522830889000033 ], [ 121.333061986000075, 0.522797481000055 ], [ 121.333076142000095, 0.522738869000023 ], [ 121.333090303000063, 0.522680235000053 ], [ 121.333093087000066, 0.522640743000068 ], [ 121.333098095000082, 0.522569712000063 ], [ 121.333102, 0.522514327000067 ], [ 121.333105326, 0.522467157000051 ], [ 121.333104195000033, 0.522369353000045 ], [ 121.333103235000067, 0.522286360000066 ], [ 121.333098383000106, 0.522240818000057 ], [ 121.333092968000074, 0.522189998000044 ], [ 121.333085716000028, 0.522121938000055 ], [ 121.333077831000082, 0.522047931000031 ], [ 121.33307319000005, 0.52200437800002 ], [ 121.333067142000118, 0.52194761100003 ], [ 121.333061028000088, 0.521890227000029 ], [ 121.333078754000098, 0.521846195000023 ], [ 121.333101992000024, 0.521788472000026 ], [ 121.333115283000097, 0.521755830000075 ], [ 121.333127134000051, 0.521726727000043 ], [ 121.333140999000079, 0.521692675000054 ], [ 121.333156748000079, 0.521653997000044 ], [ 121.333174747000044, 0.521609793000039 ], [ 121.333194787000025, 0.521560575000024 ], [ 121.333207111000092, 0.521524430000056 ], [ 121.333222652000018, 0.52147885100004 ], [ 121.33323818000008, 0.521433311000067 ], [ 121.333254118000013, 0.521386569000072 ], [ 121.333274215000074, 0.521327628000051 ], [ 121.333284915000036, 0.521293909000065 ], [ 121.33330309300004, 0.521236621000071 ], [ 121.333318981000048, 0.521186551000028 ], [ 121.333336926000015, 0.52113 ], [ 121.333348721000107, 0.521089808000056 ], [ 121.333364180000103, 0.521037134000039 ], [ 121.333375434000118, 0.520998786000064 ], [ 121.333385145000079, 0.520965696000076 ], [ 121.333392951000064, 0.520939098000042 ], [ 121.333416909000107, 0.520877415000029 ], [ 121.333433039000056, 0.520835886000043 ], [ 121.333449811000037, 0.52079270400003 ], [ 121.333463176, 0.520758293000029 ], [ 121.333480845000054, 0.520715050000035 ], [ 121.333501076000061, 0.520665534000045 ], [ 121.333522734000098, 0.520612528000072 ], [ 121.333544266000104, 0.520559829000035 ], [ 121.333559521000097, 0.520521902000041 ], [ 121.333626459000016, 0.520355480000035 ], [ 121.333647093000081, 0.520304180000039 ], [ 121.333672025000055, 0.520238379000034 ], [ 121.333717342000114, 0.520118776000061 ], [ 121.333771911000099, 0.519968279000068 ], [ 121.333805765000079, 0.519873499000028 ], [ 121.333831859000043, 0.519800445000044 ], [ 121.333860653000102, 0.519702348000067 ], [ 121.333898754000074, 0.519572541000059 ], [ 121.333922636000011, 0.51947676900005 ], [ 121.333950562000041, 0.519364781000036 ], [ 121.333968169000059, 0.519294174000038 ], [ 121.333998909000115, 0.519171281000069 ], [ 121.334021092000057, 0.519082599000058 ], [ 121.334036747000027, 0.519020013000045 ], [ 121.334061423000094, 0.518913921000035 ], [ 121.334085258000073, 0.518811448000065 ], [ 121.334096728000077, 0.51873652300003 ], [ 121.334110001000113, 0.518649825000068 ], [ 121.334125428000107, 0.518549053000072 ], [ 121.334138395000082, 0.518455897000024 ], [ 121.334148115000062, 0.518386071000066 ], [ 121.334158909000053, 0.51830852400002 ], [ 121.334159402000068, 0.518257542000072 ], [ 121.334160139000119, 0.518181407000043 ], [ 121.334160626000084, 0.518131065000034 ], [ 121.334160334000103, 0.518002522000074 ], [ 121.33416011700001, 0.517907318000027 ], [ 121.334159876000058, 0.517801376000023 ], [ 121.334157288000029, 0.517751154000052 ], [ 121.33415393100006, 0.517686017000074 ], [ 121.334150624000017, 0.51762185900003 ], [ 121.334145745000114, 0.517527193000035 ], [ 121.334136694000108, 0.517477788000065 ], [ 121.334129203000089, 0.517436903000032 ], [ 121.334122999000101, 0.517403038000054 ], [ 121.33411654300005, 0.517367800000045 ], [ 121.334109057000092, 0.517326939000043 ], [ 121.334103631000062, 0.517297325000072 ], [ 121.334097359000111, 0.517263093000054 ], [ 121.334088785000063, 0.517217472000027 ], [ 121.334068009000021, 0.517106929000022 ], [ 121.334044241000015, 0.516958100000068 ], [ 121.334029304000069, 0.516837199000065 ], [ 121.334015625, 0.516726487000028 ], [ 121.334005980000029, 0.516596948000029 ], [ 121.334001472000068, 0.516536408000036 ], [ 121.33399862400006, 0.516466535000063 ], [ 121.333994, 0.516353059000039 ], [ 121.333995729000094, 0.516130184000076 ], [ 121.334001070000113, 0.516054808000035 ], [ 121.334007469000085, 0.515964502000031 ], [ 121.334025062000023, 0.515776954000046 ], [ 121.334023286000047, 0.515718059000051 ], [ 121.3340212170001, 0.515649421000035 ], [ 121.334019669000099, 0.515598071000056 ], [ 121.334017610000046, 0.51552977700004 ], [ 121.334015122000096, 0.515447263000056 ], [ 121.334006444000011, 0.515386686000056 ], [ 121.333993617000033, 0.515297152000073 ], [ 121.333983433000071, 0.515226061000021 ], [ 121.333947434000038, 0.515144565000071 ], [ 121.333909122000023, 0.515057833000071 ], [ 121.333861567000099, 0.515000276000023 ], [ 121.333805559000098, 0.514932490000035 ], [ 121.333742915000016, 0.514887970000075 ], [ 121.333655207000106, 0.514825639000037 ], [ 121.333562187000098, 0.514770461000069 ], [ 121.333504850000054, 0.514736449000054 ], [ 121.333401282000068, 0.514629609000053 ], [ 121.333336151000026, 0.514500072000033 ], [ 121.333317800000032, 0.514388208000071 ], [ 121.333317824000119, 0.514295907000076 ], [ 121.333317839000074, 0.514238503000058 ], [ 121.333343766000098, 0.514130857000055 ], [ 121.333430001000011, 0.513983898000049 ], [ 121.333513425000092, 0.513886999000022 ], [ 121.333610352000051, 0.513825629000053 ], [ 121.333749055000112, 0.513752495000062 ], [ 121.33381672500002, 0.513724424000031 ], [ 121.333817053000075, 0.513724288000049 ], [ 121.333912432000034, 0.51368461800007 ], [ 121.33397225300007, 0.513654957000028 ], [ 121.334028126000021, 0.513627253000038 ], [ 121.334084216000065, 0.513589306000029 ], [ 121.334125055000072, 0.513561677000041 ], [ 121.334157474000108, 0.51352253400006 ], [ 121.334183554000106, 0.513491045000023 ], [ 121.334217838000086, 0.513373308000041 ], [ 121.334218895000049, 0.513314578000063 ], [ 121.334220381000023, 0.513232014000039 ], [ 121.334205621000024, 0.513164323000069 ], [ 121.334187003000011, 0.513078935000067 ], [ 121.334158237000111, 0.513022155000044 ], [ 121.334125211000014, 0.512956968000026 ], [ 121.334075259000087, 0.512879669000029 ], [ 121.33404607500006, 0.512834508000026 ], [ 121.334012192000046, 0.512782075000075 ], [ 121.333991579000099, 0.512750177000044 ], [ 121.333957188000113, 0.512696959000039 ], [ 121.333918104000077, 0.512636477000058 ], [ 121.333902246000093, 0.512616533000028 ], [ 121.333884516000012, 0.512594235000051 ], [ 121.333820668000044, 0.512513934000026 ], [ 121.333785141000021, 0.512469252000074 ], [ 121.333763597000029, 0.51244215600002 ], [ 121.333708943000033, 0.512367742000038 ], [ 121.3336656890001, 0.512308849000021 ], [ 121.333628438000119, 0.512258130000021 ], [ 121.33359740100002, 0.51221587200007 ], [ 121.333561136000071, 0.512143643000059 ], [ 121.333530777000078, 0.512083177000022 ], [ 121.333499259000064, 0.512020402000076 ], [ 121.333471176000103, 0.51196446900002 ], [ 121.333434498000088, 0.511891418000062 ], [ 121.333414533000109, 0.511851654000054 ], [ 121.333388852000098, 0.511801726000044 ], [ 121.333362391000037, 0.511750281000047 ], [ 121.333331031000057, 0.511689311000055 ], [ 121.333313488000044, 0.511653594000052 ], [ 121.333285320000073, 0.511596247000057 ], [ 121.333251705000066, 0.511527810000075 ], [ 121.333236732000046, 0.511477518000049 ], [ 121.333221655000102, 0.511426877000019 ], [ 121.333209569000019, 0.511369375000072 ], [ 121.333200795000039, 0.51132762900005 ], [ 121.333199603000025, 0.511288106000052 ], [ 121.333198309000068, 0.511245206000069 ], [ 121.333205012, 0.511172878000025 ], [ 121.333225083000116, 0.511091303000057 ], [ 121.333257682000067, 0.511026551000043 ], [ 121.333282981000025, 0.510990592000041 ], [ 121.333310335000078, 0.510951712000065 ], [ 121.333343073000037, 0.510932337000042 ], [ 121.333395563000067, 0.510901268000055 ], [ 121.333473219000098, 0.510887840000066 ], [ 121.333473263000087, 0.510887837000041 ], [ 121.333568458000059, 0.510891224000034 ], [ 121.3336461560001, 0.510920580000061 ], [ 121.333650074000047, 0.510922060000041 ], [ 121.333657165000091, 0.510924739000075 ], [ 121.333665791000044, 0.510927998000057 ], [ 121.333675541000048, 0.510931681000045 ], [ 121.333682067000041, 0.510934147000057 ], [ 121.333690308000087, 0.510940001000051 ], [ 121.33369579400005, 0.51094389800005 ], [ 121.333702612000025, 0.510948742000039 ], [ 121.333709229000078, 0.510953443000062 ], [ 121.333711814000026, 0.510955279000029 ], [ 121.333717260000071, 0.51095914800004 ], [ 121.333761420000087, 0.510990518000028 ], [ 121.333799235000015, 0.511035231000051 ], [ 121.333823638000013, 0.511064085000044 ], [ 121.333857302000069, 0.511103889000026 ], [ 121.333857396000099, 0.511104138000064 ], [ 121.333972657000118, 0.511221072000069 ], [ 121.334088768000015, 0.51128249900006 ], [ 121.334209069000053, 0.51129598700004 ], [ 121.334326038000086, 0.511269104000064 ], [ 121.334493140000063, 0.511219526000048 ], [ 121.334574177000036, 0.511221230000046 ], [ 121.334669421000058, 0.511210321000021 ], [ 121.33466949000001, 0.511210265000045 ], [ 121.334739616000093, 0.511148105000075 ], [ 121.334739685000045, 0.511148048000052 ], [ 121.334807377000061, 0.511054707000028 ], [ 121.334894227000063, 0.510973207000063 ], [ 121.334976929000049, 0.510962294000024 ], [ 121.335041258000047, 0.510961470000041 ], [ 121.335111435000044, 0.510964011000056 ], [ 121.335213347000035, 0.51101281800004 ], [ 121.335288520000063, 0.511077598000043 ], [ 121.335346979000064, 0.511164240000028 ], [ 121.335423813000034, 0.511269391000042 ], [ 121.335493978000045, 0.511318190000054 ], [ 121.33554261900008, 0.511311674000069 ], [ 121.335569170000099, 0.511308117000056 ], [ 121.335569210000017, 0.511308067000073 ], [ 121.33556924100003, 0.511308063000058 ], [ 121.335639441000012, 0.511221454000065 ], [ 121.335692953000034, 0.511051577000046 ], [ 121.335712115000092, 0.510963651000054 ], [ 121.335738957000103, 0.510840488000042 ], [ 121.335737327000061, 0.51068321200006 ], [ 121.335690587000045, 0.51050826300002 ], [ 121.335623791000103, 0.510354335000045 ], [ 121.335564842000053, 0.510273083000072 ], [ 121.335560320000013, 0.51026685000005 ], [ 121.335491823000098, 0.510229826000057 ], [ 121.335414128000025, 0.51022223700005 ], [ 121.335303408000073, 0.510238483000023 ], [ 121.335225310000055, 0.51024994200003 ], [ 121.335136927, 0.510253582000075 ], [ 121.334986377000064, 0.510232218000056 ], [ 121.334887807000086, 0.510184253000034 ], [ 121.334808725000016, 0.510144161000028 ], [ 121.334707414000036, 0.510086431000047 ], [ 121.334617998000112, 0.510030272000051 ], [ 121.334559660000082, 0.509978426000032 ], [ 121.334518603000106, 0.509941937000065 ], [ 121.334442602000081, 0.509844356000031 ], [ 121.33440168900006, 0.509752672000047 ], [ 121.334385841000085, 0.509652584000037 ], [ 121.334395894000068, 0.50954577400006 ], [ 121.3344243250001, 0.509444015000042 ], [ 121.334458595000115, 0.509380946000022 ], [ 121.334511248000013, 0.509312840000064 ], [ 121.334588881000059, 0.50926664800005 ], [ 121.33472340000003, 0.509224635000066 ], [ 121.334756726000023, 0.509224449000044 ], [ 121.334804995000013, 0.509224179000057 ], [ 121.334831344, 0.50922403200002 ], [ 121.334867097000028, 0.509223832000032 ], [ 121.33489191000001, 0.50923136900002 ], [ 121.334927788000073, 0.509242268000037 ], [ 121.334955972000103, 0.509250830000042 ], [ 121.334980709000092, 0.509258344000045 ], [ 121.335102672000062, 0.509302110000021 ], [ 121.335113365000097, 0.509306750000064 ], [ 121.335146996000049, 0.509323608000045 ], [ 121.33517087000007, 0.509335187000033 ], [ 121.335192889000041, 0.509345867000036 ], [ 121.335202083000013, 0.509349259000032 ], [ 121.335213620000104, 0.509353516000033 ], [ 121.335225404000084, 0.509357864000037 ], [ 121.335238209000067, 0.509362588000045 ], [ 121.335255602000075, 0.509369005000053 ], [ 121.335263855000107, 0.509372050000025 ], [ 121.335277406000046, 0.509377049000022 ], [ 121.335289860000103, 0.50938164400003 ], [ 121.335302913000078, 0.50938646000003 ], [ 121.3353115110001, 0.509389632000023 ], [ 121.335329262000073, 0.509390693000057 ], [ 121.335348230000022, 0.509391827000059 ], [ 121.335370414000067, 0.509393153000076 ], [ 121.335378964000029, 0.509393664000072 ], [ 121.335381795000103, 0.509393833000047 ], [ 121.335387579000098, 0.509394179000026 ], [ 121.335392935000073, 0.509394499000052 ], [ 121.335402241000111, 0.509395055000027 ], [ 121.335410420000017, 0.509395544000029 ], [ 121.335413161000019, 0.509395708000056 ], [ 121.335414961000083, 0.509395816000051 ], [ 121.335416468000062, 0.509395906000066 ], [ 121.335417582000105, 0.509395973000039 ], [ 121.335418827000012, 0.509396047000052 ], [ 121.335419785000113, 0.509396104000075 ], [ 121.335420581000108, 0.509396152000022 ], [ 121.335421653000026, 0.509396216000027 ], [ 121.335422847000018, 0.509396287000072 ], [ 121.335423203000119, 0.509396308000021 ], [ 121.33542357500005, 0.509396330000072 ], [ 121.335423899000034, 0.509396349000042 ], [ 121.335424279000108, 0.509396372000026 ], [ 121.335424715000045, 0.509396398000035 ], [ 121.335425010000108, 0.509396416000072 ], [ 121.335425224000119, 0.509396416000072 ], [ 121.335425418000113, 0.509396440000046 ], [ 121.335425550000082, 0.509396448000075 ], [ 121.335425742000098, 0.509396459000072 ], [ 121.335425995000037, 0.509396474000027 ], [ 121.335427209000045, 0.509396547000051 ], [ 121.335428747000037, 0.509396639000045 ], [ 121.335430037000037, 0.509396716000026 ], [ 121.335430670000051, 0.509396754000022 ], [ 121.33543162400008, 0.509396811000045 ], [ 121.335435811000025, 0.509397061000072 ], [ 121.335441202000084, 0.509397383000021 ], [ 121.335442601000068, 0.509397467000042 ], [ 121.335446222000087, 0.509397683000032 ], [ 121.335448788, 0.509397836000062 ], [ 121.335451349000095, 0.509397989000036 ], [ 121.335453246000043, 0.509398102000034 ], [ 121.335455884000112, 0.509398260000069 ], [ 121.335460086000012, 0.509398511000029 ], [ 121.335462752000012, 0.509398671000042 ], [ 121.335468460000016, 0.509399013000063 ], [ 121.335471696000013, 0.509399206000069 ], [ 121.335475210000027, 0.509399416000065 ], [ 121.335478647000059, 0.509399622000046 ], [ 121.33548110400011, 0.509399769000026 ], [ 121.335484356000052, 0.509399419000033 ], [ 121.335487115000092, 0.509399122000048 ], [ 121.335490835000087, 0.509398722000071 ], [ 121.335494283000116, 0.509398351000073 ], [ 121.335496498000111, 0.509398113000032 ], [ 121.335500658000115, 0.509397666000041 ], [ 121.335503837000033, 0.50939732400002 ], [ 121.335507013000097, 0.509396982000055 ], [ 121.335510501000044, 0.509396607000042 ], [ 121.33551353200005, 0.509396281000022 ], [ 121.335517474000085, 0.509395857000072 ], [ 121.335520203000101, 0.509395563000055 ], [ 121.33552269900008, 0.509395294000058 ], [ 121.335526702000038, 0.509394863000068 ], [ 121.335528799000031, 0.509394637000071 ], [ 121.33552996200001, 0.509394512000028 ], [ 121.335533483000063, 0.509394133000058 ], [ 121.33559807000006, 0.509387184000047 ], [ 121.335736764000103, 0.509345168000038 ], [ 121.335736837000013, 0.509345117000066 ], [ 121.33580367400009, 0.509300937000035 ], [ 121.335803748000103, 0.509300888000041 ], [ 121.335880484000086, 0.509250165000026 ], [ 121.335880553000038, 0.509250110000039 ], [ 121.33592830900011, 0.509204447000059 ], [ 121.335928373000115, 0.509204386000022 ], [ 121.336015029, 0.509121527000048 ], [ 121.336015096000096, 0.509121469000036 ], [ 121.336077775000035, 0.50903448300005 ], [ 121.336096106000014, 0.509009043000049 ], [ 121.336112041000092, 0.508986925000045 ], [ 121.336122887000101, 0.508977636000054 ], [ 121.336122955000064, 0.508977578000042 ], [ 121.336141779000059, 0.508961457000055 ], [ 121.336141847000022, 0.508961399000043 ], [ 121.336158400000045, 0.508947223000064 ], [ 121.336158468, 0.508947165000052 ], [ 121.336178238000116, 0.508930234000047 ], [ 121.336178306000079, 0.508930176000035 ], [ 121.336197213000105, 0.50891398400006 ], [ 121.336197281000068, 0.508913926000048 ], [ 121.336213759000088, 0.508899815000063 ], [ 121.336213827000051, 0.508899757000052 ], [ 121.336236420000091, 0.508880408000039 ], [ 121.336236488000054, 0.508880350000027 ], [ 121.336250770000106, 0.508868119000056 ], [ 121.336250838000069, 0.508868061000044 ], [ 121.3362673150001, 0.508853950000059 ], [ 121.336267383000063, 0.508853892000047 ], [ 121.33629028900009, 0.508834275000027 ], [ 121.336290357000053, 0.508834217000071 ], [ 121.336310126000058, 0.508817287000056 ], [ 121.336310194000021, 0.508817229000044 ], [ 121.336328711000078, 0.508801371000061 ], [ 121.336328779000041, 0.508801313000049 ], [ 121.336350274000097, 0.508782905000032 ], [ 121.33635034200006, 0.50878284700002 ], [ 121.33637018200011, 0.508765856000025 ], [ 121.336370246000115, 0.508765795000045 ], [ 121.33638639500009, 0.508749540000053 ], [ 121.336403468000071, 0.508732361000057 ], [ 121.336420547000102, 0.508715176000067 ], [ 121.3364428430001, 0.508692742000051 ], [ 121.336457549000102, 0.508677945000045 ], [ 121.336478897, 0.508656466000048 ], [ 121.336501669000086, 0.508633553000038 ], [ 121.33652397100002, 0.508611113000029 ], [ 121.336541491000048, 0.508593485000063 ], [ 121.33656273400004, 0.508567263000032 ], [ 121.336582293000106, 0.50854312000007 ], [ 121.336598304000063, 0.508523357000058 ], [ 121.336614868000083, 0.508502910000061 ], [ 121.336639017000039, 0.50847310100005 ], [ 121.33665549400007, 0.508452763000037 ], [ 121.336684098000092, 0.508417455000028 ], [ 121.336703619000104, 0.508393359000024 ], [ 121.336725020000017, 0.508362716000022 ], [ 121.33674163, 0.508338934000051 ], [ 121.336756452000031, 0.508317712000064 ], [ 121.336770246000015, 0.508297961000039 ], [ 121.336795203000065, 0.508262227000046 ], [ 121.336813455000083, 0.50823609300005 ], [ 121.336855726000067, 0.50817556800007 ], [ 121.336907343, 0.508082349000063 ], [ 121.336990294000088, 0.507932542000049 ], [ 121.337047246000111, 0.50781145000002 ], [ 121.337108156000113, 0.507681942000033 ], [ 121.337172697000028, 0.507524899000032 ], [ 121.337205964000077, 0.507443952000074 ], [ 121.33730626900001, 0.507243810000034 ], [ 121.337350468000068, 0.507170776000066 ], [ 121.337420773000076, 0.507054604000075 ], [ 121.337459976000105, 0.507000801000061 ], [ 121.337554177000015, 0.506871516000047 ], [ 121.337611322000043, 0.506793089000041 ], [ 121.337611389000017, 0.506793031000029 ], [ 121.337697490000096, 0.506709082000043 ], [ 121.337697553000112, 0.506709020000073 ], [ 121.337800183000013, 0.506608954000058 ], [ 121.337800249000111, 0.506608894000067 ], [ 121.337928280000028, 0.506498940000029 ], [ 121.337928348000105, 0.506498882000074 ], [ 121.337965636000035, 0.506466858000067 ], [ 121.337965706000091, 0.506466803000023 ], [ 121.33808522400011, 0.50638166400006 ], [ 121.338085297000021, 0.506381612000041 ], [ 121.338182528000061, 0.506312349000041 ], [ 121.338182601000085, 0.506312297000022 ], [ 121.33830687000011, 0.506223773000045 ], [ 121.338306943000021, 0.506223721000026 ], [ 121.338383432000114, 0.506169234000026 ], [ 121.338383506000014, 0.506169184000044 ], [ 121.338457469000105, 0.506119903000069 ], [ 121.338457543000118, 0.506119854000076 ], [ 121.33857143900002, 0.50604396600005 ], [ 121.338571514000023, 0.506043918000046 ], [ 121.338609944000041, 0.506020288000059 ], [ 121.338610020000033, 0.506020242000034 ], [ 121.33865387100002, 0.505993279000052 ], [ 121.338653947000012, 0.505993233000027 ], [ 121.338676602000078, 0.505979303000061 ], [ 121.338708539000095, 0.505978474000074 ], [ 121.338732213000071, 0.505977857000062 ], [ 121.338751838, 0.505971818000035 ], [ 121.338775715000111, 0.505964471000027 ], [ 121.338807734000056, 0.505954619000022 ], [ 121.338808834000019, 0.505954316000043 ], [ 121.338876934000041, 0.505937807000066 ], [ 121.338878041000044, 0.505937575000075 ], [ 121.338903588000107, 0.505931388000022 ], [ 121.338917328000093, 0.505928065000035 ], [ 121.338952094000092, 0.50591967400004 ], [ 121.338987822000036, 0.505911050000066 ], [ 121.339016463, 0.505900739000026 ], [ 121.339041707000092, 0.50589165100007 ], [ 121.339060439000036, 0.505884908000041 ], [ 121.339060511000071, 0.505884856000023 ], [ 121.339070859000117, 0.505877741000063 ], [ 121.339070932000027, 0.505877691000023 ], [ 121.339153393000061, 0.505820998000047 ], [ 121.339183855000101, 0.505785053000068 ], [ 121.339194334000013, 0.505772688000036 ], [ 121.339199763000011, 0.505766282000025 ], [ 121.339199799000085, 0.505766269000048 ], [ 121.33921349100001, 0.505761290000066 ], [ 121.33921978, 0.505759003000037 ], [ 121.33923332400002, 0.505754078000052 ], [ 121.339233397000044, 0.505754028000069 ], [ 121.339238347000105, 0.505750928000055 ], [ 121.339238421000118, 0.505750879000061 ], [ 121.339247628000066, 0.505744522000043 ], [ 121.33924770100009, 0.505744471000071 ], [ 121.339256387000091, 0.505738475000044 ], [ 121.339256460000115, 0.505738424000072 ], [ 121.339263440000082, 0.505733605000046 ], [ 121.339263513000105, 0.505733554000074 ], [ 121.339270493000072, 0.505728735000048 ], [ 121.339270566000096, 0.505728684000076 ], [ 121.339279092000083, 0.505722797000033 ], [ 121.339279165000107, 0.50572274600006 ], [ 121.339289773000019, 0.505715422000037 ], [ 121.339289846000042, 0.505715371000065 ], [ 121.339299346000075, 0.505708812000023 ], [ 121.339299421000078, 0.505708765000065 ], [ 121.33932840500006, 0.505692795000073 ], [ 121.339328482000042, 0.505692752000073 ], [ 121.339366781000081, 0.505671649000021 ], [ 121.339366858000062, 0.505671606000021 ], [ 121.339370268000039, 0.50566972200005 ], [ 121.339369057000113, 0.505664870000032 ], [ 121.339375671000084, 0.505657370000051 ], [ 121.339380291000111, 0.505652131000033 ], [ 121.339383275000046, 0.505648747000066 ], [ 121.339384911000025, 0.505646891000026 ], [ 121.339385478000054, 0.505646249000051 ], [ 121.339386629000046, 0.505644944000039 ], [ 121.339387939000062, 0.505643458000065 ], [ 121.339387975000022, 0.505643444000043 ], [ 121.339389304000065, 0.505642912000042 ], [ 121.339390719000107, 0.505642346000059 ], [ 121.33939195500011, 0.505641852000053 ], [ 121.339398268000082, 0.50563932700004 ], [ 121.339409230000115, 0.505634942000029 ], [ 121.339416985000071, 0.505631840000035 ], [ 121.339434360000041, 0.505631840000035 ], [ 121.33945149300007, 0.505631840000035 ], [ 121.339457675000062, 0.505631840000035 ], [ 121.339459103000081, 0.505631840000035 ], [ 121.339459898000086, 0.505631511000047 ], [ 121.339461327000095, 0.505630921000034 ], [ 121.339462825000055, 0.505630302000043 ], [ 121.339464408000026, 0.505629648000024 ], [ 121.339466131000108, 0.505628936000051 ], [ 121.339467250000098, 0.505628474000048 ], [ 121.33946839400005, 0.505628002000037 ], [ 121.339469643000029, 0.505627486000037 ], [ 121.339470956000014, 0.505626944000028 ], [ 121.33947244400008, 0.505626329000052 ], [ 121.339474471000017, 0.505625491000046 ], [ 121.339476227000091, 0.505624766000039 ], [ 121.339478021000104, 0.505624025000031 ], [ 121.339478782000015, 0.505623711000055 ], [ 121.339479639000047, 0.505623357000047 ], [ 121.339479643000118, 0.505623331000038 ], [ 121.339479710000091, 0.50562330300005 ], [ 121.339479859000107, 0.505622406000043 ], [ 121.339479997000012, 0.505621580000025 ], [ 121.339480176000052, 0.50562050800005 ], [ 121.33948049300011, 0.505618602000027 ], [ 121.339480820000063, 0.505616641000074 ], [ 121.339481086000092, 0.505615044000024 ], [ 121.339481608000028, 0.505611911000074 ], [ 121.339482079000049, 0.50560908600005 ], [ 121.339482449000116, 0.505606864000072 ], [ 121.339482924000094, 0.505604016000063 ], [ 121.339483242000028, 0.505602110000041 ], [ 121.339483591000089, 0.505600019000042 ], [ 121.339483830000063, 0.505598583000051 ], [ 121.339483923000103, 0.505598030000044 ], [ 121.339484363000111, 0.505597822000027 ], [ 121.339485036000042, 0.50559749100006 ], [ 121.339485769000021, 0.505597131000059 ], [ 121.339486426, 0.505596808000064 ], [ 121.339486991000058, 0.505596530000048 ], [ 121.339487466000037, 0.505596297000068 ], [ 121.339488397000082, 0.505595839000023 ], [ 121.339490371000011, 0.50559486800006 ], [ 121.339493047000019, 0.50559355200005 ], [ 121.339496028000099, 0.505592086000036 ], [ 121.339498013000025, 0.505591110000069 ], [ 121.339500915000031, 0.505589683000039 ], [ 121.33950290000007, 0.505588707000072 ], [ 121.339504811000097, 0.505587767000065 ], [ 121.339507869000045, 0.505586263000055 ], [ 121.339509396000039, 0.505585512000039 ], [ 121.339510386000029, 0.505585025000073 ], [ 121.339512067000101, 0.505584198000065 ], [ 121.33951374600008, 0.505583372000046 ], [ 121.339515580000011, 0.505582470000036 ], [ 121.339517796000109, 0.505581380000024 ], [ 121.339519628000062, 0.505580479000059 ], [ 121.339521844000046, 0.505579389000047 ], [ 121.339524457000039, 0.505578104000051 ], [ 121.339529532000029, 0.505579071000057 ], [ 121.339532576000011, 0.505579651000062 ], [ 121.33953701900009, 0.505580497000039 ], [ 121.339540142000033, 0.505581092000057 ], [ 121.339544096000054, 0.505581845000052 ], [ 121.339549563000105, 0.50558288600007 ], [ 121.339554374000045, 0.505583802000046 ], [ 121.339559106000024, 0.505584703000068 ], [ 121.339565291000099, 0.505585881000059 ], [ 121.339571965000118, 0.505587152000032 ], [ 121.339578718000098, 0.505588438000075 ], [ 121.339585576000104, 0.505589744000019 ], [ 121.339592985000081, 0.505591155000047 ], [ 121.339600945000029, 0.505592672000034 ], [ 121.33960967400003, 0.505594335000069 ], [ 121.33961316400007, 0.505595 ], [ 121.33961595400001, 0.50559553100004 ], [ 121.339629896000019, 0.505599116000042 ], [ 121.339642384000058, 0.50560232700002 ], [ 121.33965471800002, 0.505605499000069 ], [ 121.33966723900005, 0.505608719000065 ], [ 121.339677474000041, 0.505611351000027 ], [ 121.339687951000087, 0.505614045000073 ], [ 121.339696325000091, 0.505616198000041 ], [ 121.339701476000073, 0.505617522000023 ], [ 121.339707593000071, 0.505619095000043 ], [ 121.339712380000037, 0.505620326000042 ], [ 121.339717617000019, 0.505621673000064 ], [ 121.339722727000094, 0.505623996000054 ], [ 121.33973069000001, 0.505627615000037 ], [ 121.33973848100004, 0.505631157000039 ], [ 121.339751503000116, 0.505637076000028 ], [ 121.339757125, 0.505639631000065 ], [ 121.339764176000017, 0.50564283600005 ], [ 121.339767309000081, 0.505644260000054 ], [ 121.339771846000076, 0.505646322000075 ], [ 121.339778186000103, 0.505649204000065 ], [ 121.339790061000031, 0.50565460200005 ], [ 121.339797553000039, 0.505658008000069 ], [ 121.339810346000036, 0.50566382300002 ], [ 121.339818251000111, 0.505667416000051 ], [ 121.339824378000117, 0.505670201000044 ], [ 121.339827809000099, 0.505671761000031 ], [ 121.339829446000067, 0.505672505000064 ], [ 121.339835222000033, 0.505672952000054 ], [ 121.339855601000068, 0.505674530000022 ], [ 121.339874559, 0.505675998000072 ], [ 121.339886332000106, 0.505676909000044 ], [ 121.33989780200011, 0.505677797000033 ], [ 121.339902807000044, 0.505678184000033 ], [ 121.339907724000113, 0.505678565000039 ], [ 121.339920102000065, 0.505679523000026 ], [ 121.339925199000049, 0.505679918000055 ], [ 121.339935615000059, 0.505680724000058 ], [ 121.339955150000037, 0.505682236000041 ], [ 121.3399733440001, 0.505683645000033 ], [ 121.339990492000084, 0.505684973000029 ], [ 121.340013723000084, 0.505686772000047 ], [ 121.340039663000084, 0.505688780000071 ], [ 121.34005455700003, 0.505689933000042 ], [ 121.340061283000068, 0.505692500000066 ], [ 121.340074388000062, 0.505697502000032 ], [ 121.340095026000085, 0.505705380000052 ], [ 121.340116171000091, 0.505713452000066 ], [ 121.340129626000021, 0.505718588000036 ], [ 121.340143666000017, 0.505723947000035 ], [ 121.340153067000074, 0.505727536000052 ], [ 121.340158173000077, 0.505729485000074 ], [ 121.340162174000056, 0.505731012000069 ], [ 121.34016766600007, 0.505730497000059 ], [ 121.340173530000015, 0.50572994700002 ], [ 121.340174346000026, 0.505729871000028 ], [ 121.340175637000016, 0.505730215000028 ], [ 121.340178385000058, 0.505730948000064 ], [ 121.340186594000102, 0.50573313700005 ], [ 121.340191583000092, 0.505734467000025 ], [ 121.340214047000018, 0.505740457000059 ], [ 121.340239402000066, 0.505747218000067 ], [ 121.340268832000106, 0.505755066000063 ], [ 121.340297480000118, 0.505762706000041 ], [ 121.3403253460001, 0.50577013700007 ], [ 121.340345214000081, 0.505775948000064 ], [ 121.340349546000084, 0.505777011000021 ], [ 121.340365520000091, 0.505780850000065 ], [ 121.340369395000039, 0.505781883000054 ], [ 121.340378292000082, 0.505784256000027 ], [ 121.340392320000092, 0.505787997000027 ], [ 121.340405281000017, 0.505791453000029 ], [ 121.340420944000016, 0.505795630000023 ], [ 121.340438598000105, 0.505800338000029 ], [ 121.340449379, 0.505803213000036 ], [ 121.340463194000108, 0.50580689700007 ], [ 121.340478028, 0.505810853000071 ], [ 121.340494283000112, 0.505815187000053 ], [ 121.340495408000038, 0.50581541400004 ], [ 121.340498095000044, 0.505816131000074 ], [ 121.340506775000108, 0.505817709000041 ], [ 121.340510107000114, 0.505818382000029 ], [ 121.340527093000105, 0.505821470000058 ], [ 121.340529264000111, 0.505821798000056 ], [ 121.340537655000048, 0.505823324000062 ], [ 121.340541385000051, 0.50582362900002 ], [ 121.34054224700003, 0.505823759000066 ], [ 121.340555609000035, 0.505824850000067 ], [ 121.340571964000105, 0.505826185000046 ], [ 121.340589739000052, 0.505827636000049 ], [ 121.340616962000013, 0.505829858000027 ], [ 121.340632653000057, 0.505831139000065 ], [ 121.340654782000115, 0.505832945000066 ], [ 121.340664668000045, 0.505833752000058 ], [ 121.340882689000068, 0.505851549000056 ], [ 121.340890033000051, 0.50585214900002 ], [ 121.340899267000054, 0.505849976000036 ], [ 121.340909962000069, 0.505847460000041 ], [ 121.340919299, 0.505845263000026 ], [ 121.340931098000055, 0.505842487000052 ], [ 121.340944488000105, 0.505839337000054 ], [ 121.340951172000018, 0.505837764000034 ], [ 121.340960119000101, 0.505836661000046 ], [ 121.340977082000109, 0.505834570000047 ], [ 121.340983549000043, 0.505833773000063 ], [ 121.340995452000016, 0.505832306000059 ], [ 121.341006466000067, 0.505830948000039 ], [ 121.34101884200004, 0.505829422000033 ], [ 121.34104129100001, 0.505826654000032 ], [ 121.341126901000052, 0.505816099000072 ], [ 121.341165646000036, 0.505811322000056 ], [ 121.341195031000098, 0.505807699000059 ], [ 121.341211531000113, 0.505805664000036 ], [ 121.341230308000036, 0.505804086000069 ], [ 121.341248210000117, 0.505802673000062 ], [ 121.341276766000078, 0.505800419000025 ], [ 121.341283198000042, 0.505799911000054 ], [ 121.341293543, 0.505799094000054 ], [ 121.341301071000089, 0.505798500000026 ], [ 121.341318306000062, 0.505797139000038 ], [ 121.341343367000036, 0.505795160000048 ], [ 121.341350375000047, 0.505794607000041 ], [ 121.341367067000078, 0.505798121000055 ], [ 121.341387482000073, 0.50580241900002 ], [ 121.34140977800007, 0.50580711300006 ], [ 121.341431613000054, 0.505811710000046 ], [ 121.341451567000036, 0.50581591100007 ], [ 121.34147370900007, 0.505820572000061 ], [ 121.341487038000082, 0.505823378000059 ], [ 121.341507059000037, 0.505825486000049 ], [ 121.341555370000037, 0.505830571000047 ], [ 121.341674130000115, 0.50582143500003 ], [ 121.341679623000118, 0.505820964000065 ], [ 121.341695702000038, 0.505819727000073 ], [ 121.341699059, 0.505819297000073 ], [ 121.341700120000041, 0.505819206000069 ], [ 121.341715438000051, 0.505817242000035 ], [ 121.341733561000069, 0.505814918000056 ], [ 121.341752577000079, 0.505812480000031 ], [ 121.341780775000075, 0.505808865000063 ], [ 121.341802316000098, 0.505806103000054 ], [ 121.341825741000093, 0.505803100000037 ], [ 121.341835891000073, 0.505801799000039 ], [ 121.341860013000087, 0.505802335000055 ], [ 121.341880950000018, 0.505802800000026 ], [ 121.341897702000097, 0.505803172000071 ], [ 121.341914042000099, 0.505803535000041 ], [ 121.341923586, 0.505803747000073 ], [ 121.341932719000056, 0.505803950000029 ], [ 121.342022045000022, 0.505805936000058 ], [ 121.342040319000034, 0.505806342000028 ], [ 121.342057036000028, 0.505806714000073 ], [ 121.342061975000092, 0.505806824000047 ], [ 121.342082540000092, 0.505807281000045 ], [ 121.342109515000061, 0.50580788000002 ], [ 121.342127079000079, 0.505808270000045 ], [ 121.342146443000047, 0.505808700000046 ], [ 121.342159568000056, 0.505808992000027 ], [ 121.342174980000095, 0.505804497000042 ], [ 121.342217405000042, 0.505792123000049 ], [ 121.342233881000084, 0.505787317000056 ], [ 121.342245882000043, 0.505783817000065 ], [ 121.342252630000075, 0.505781287000048 ], [ 121.342267274000051, 0.505775795000034 ], [ 121.342274654000107, 0.505773028000021 ], [ 121.342283441000063, 0.50576918400003 ], [ 121.342294029000072, 0.505764550000038 ], [ 121.342309204000117, 0.505757911000046 ], [ 121.34234054, 0.505744202000074 ], [ 121.342373731000066, 0.505729681000048 ], [ 121.342376130000048, 0.505728632000057 ], [ 121.342384107000044, 0.505725142000074 ], [ 121.342389739000055, 0.505722678000041 ], [ 121.342393928000092, 0.505721526000059 ], [ 121.342398821000074, 0.505720181000072 ], [ 121.342404086000101, 0.505718733000037 ], [ 121.342410767000047, 0.505716896000024 ], [ 121.342413499000031, 0.505716145000065 ], [ 121.342415996000113, 0.505715458000054 ], [ 121.342424526000059, 0.505713112000024 ], [ 121.342431968000028, 0.50571106600006 ], [ 121.342443542000069, 0.505707883000071 ], [ 121.342459125000119, 0.505703598000025 ], [ 121.342472517000033, 0.505699915000037 ], [ 121.342478192000044, 0.50569835400006 ], [ 121.342481676000034, 0.505697396000073 ], [ 121.342488002000096, 0.505695656000057 ], [ 121.342512967000062, 0.505688791000068 ], [ 121.342533596000067, 0.505683118000036 ], [ 121.342575061000048, 0.505675144000065 ], [ 121.342604587000096, 0.505669466000029 ], [ 121.342627102000051, 0.505665136000061 ], [ 121.342661881000026, 0.505650015000072 ], [ 121.34269625200011, 0.505635071000029 ], [ 121.342749877000074, 0.505611755000075 ], [ 121.342792538000026, 0.505593207000061 ], [ 121.342854541000065, 0.505580806000069 ], [ 121.34291164800004, 0.505569385000058 ], [ 121.342968287000076, 0.50555805700003 ], [ 121.342975125000066, 0.505556689000059 ], [ 121.342984284000067, 0.50555485700005 ], [ 121.342995083000119, 0.505552697000041 ], [ 121.343005150000067, 0.50555068400007 ], [ 121.343007356000044, 0.505550243000073 ], [ 121.34300832200006, 0.505550050000068 ], [ 121.343008777000023, 0.505550009000046 ], [ 121.343010013000026, 0.505549899000073 ], [ 121.343011537000052, 0.505549763000033 ], [ 121.343012618000103, 0.505549667000025 ], [ 121.343021580000027, 0.505548869000052 ], [ 121.34302892900007, 0.505548214000044 ], [ 121.343034763000105, 0.505547694000029 ], [ 121.343093092000117, 0.505542497000022 ], [ 121.34312912900009, 0.505539286000044 ], [ 121.343203004000088, 0.505532704000075 ], [ 121.343208449000031, 0.505532219000031 ], [ 121.343218365000098, 0.505531335000057 ], [ 121.343230947000052, 0.505530214000032 ], [ 121.343242002000011, 0.505529229000047 ], [ 121.343246946000022, 0.505528788000049 ], [ 121.343252423000081, 0.505528300000037 ], [ 121.343258415000037, 0.505527766000057 ], [ 121.343264526000098, 0.505527221000023 ], [ 121.34326795700008, 0.505526915000075 ], [ 121.34327233700003, 0.50552652500005 ], [ 121.343275691000031, 0.505526226000029 ], [ 121.343279596000116, 0.505525878000071 ], [ 121.343282505000047, 0.505525619000025 ], [ 121.343283844000098, 0.505525500000033 ], [ 121.343285502000072, 0.505525352000063 ], [ 121.343290068000101, 0.505524945000047 ], [ 121.343292679000115, 0.505524712000067 ], [ 121.343300901000021, 0.505523979000031 ], [ 121.343313672000022, 0.505522841000072 ], [ 121.343323577000092, 0.505521958000031 ], [ 121.343333704000088, 0.505521056000021 ], [ 121.343338682000081, 0.505520612000055 ], [ 121.343344807000108, 0.505520066000031 ], [ 121.343347147000031, 0.505519857000024 ], [ 121.343358529000056, 0.505518843000061 ], [ 121.34336526200002, 0.50551824300004 ], [ 121.343366356000047, 0.505518146000043 ], [ 121.343367616000023, 0.505518034000033 ], [ 121.343369351000092, 0.505517879000024 ], [ 121.343371561000026, 0.505517682000061 ], [ 121.3433726720001, 0.505517867000037 ], [ 121.343373493000058, 0.505518004000066 ], [ 121.343374292000021, 0.505518137000024 ], [ 121.343376487000114, 0.505518503000076 ], [ 121.34338071600007, 0.505519208000067 ], [ 121.343385975000047, 0.505520084000068 ], [ 121.343394911000019, 0.50551710600007 ], [ 121.343401182000093, 0.50551710600007 ], [ 121.343410891000076, 0.50551710600007 ], [ 121.343418886000109, 0.50551710600007 ], [ 121.3434318300001, 0.50551710600007 ], [ 121.34344344200008, 0.50551710600007 ], [ 121.343453983000018, 0.50551710600007 ], [ 121.343460383000092, 0.50551710600007 ], [ 121.3435023830001, 0.50551710600007 ], [ 121.343585866000012, 0.505533803000048 ], [ 121.343633093000108, 0.505543248000038 ], [ 121.343675112000028, 0.505574062000051 ], [ 121.34373180700004, 0.505615638000052 ], [ 121.343763802000012, 0.505639101000043 ], [ 121.343766957000071, 0.505642008000052 ], [ 121.343791718000034, 0.505664827000032 ], [ 121.34382625100011, 0.50569665200004 ], [ 121.343838996000045, 0.505708397000035 ], [ 121.343857362000108, 0.505717269000058 ], [ 121.343898374000105, 0.505737080000074 ], [ 121.343962753000028, 0.505768178000039 ], [ 121.343998762000069, 0.505785572000036 ], [ 121.344055902000036, 0.505813174000025 ], [ 121.344138697000062, 0.505853168000044 ], [ 121.34416636900005, 0.505866535000052 ], [ 121.344186077000018, 0.505858652000029 ], [ 121.344210363000116, 0.505848937000053 ], [ 121.34422031500003, 0.505844956000033 ], [ 121.344220351000104, 0.505844916000058 ], [ 121.344227232000094, 0.505837283000062 ], [ 121.34424888, 0.50583952300002 ], [ 121.344270865000112, 0.505831278000073 ], [ 121.344284529000106, 0.505826154000033 ], [ 121.344305703000032, 0.505818214000044 ], [ 121.344329485000117, 0.505809296000052 ], [ 121.344338119000099, 0.505806058000076 ], [ 121.344352015000027, 0.505800847000046 ], [ 121.344359210000107, 0.505798149000043 ], [ 121.344365066000023, 0.505795953000074 ], [ 121.34436507800001, 0.505795921000072 ], [ 121.344365137000068, 0.50579589900002 ], [ 121.344369934000042, 0.505783210000061 ], [ 121.344374426000059, 0.505771328000037 ], [ 121.344380677000117, 0.50575479400004 ], [ 121.344386622000115, 0.505739069000072 ], [ 121.344396119000066, 0.50571394800005 ], [ 121.344410574000108, 0.505675712000027 ], [ 121.344426449000025, 0.505633719000059 ], [ 121.344443542000022, 0.505588505000048 ], [ 121.344455181000058, 0.505557717000045 ], [ 121.344462498000098, 0.505511985000055 ], [ 121.344468758000062, 0.505472859000065 ], [ 121.344473700000094, 0.505441974000064 ], [ 121.344478419000097, 0.505412484000033 ], [ 121.344476329000031, 0.505390090000049 ], [ 121.344473189000041, 0.505356449000033 ], [ 121.344469914000115, 0.505321361000028 ], [ 121.344467808000104, 0.505298803000073 ], [ 121.344466176000083, 0.505281316000037 ], [ 121.344462626000109, 0.505243284000073 ], [ 121.344458086000031, 0.505194635000066 ], [ 121.344455120000021, 0.505167942000071 ], [ 121.344447413000012, 0.505098578000059 ], [ 121.344438814000114, 0.505021191000026 ], [ 121.344432500000039, 0.504964362000067 ], [ 121.344423567000035, 0.504883967000069 ], [ 121.344416454000111, 0.504819951000059 ], [ 121.344410883000023, 0.504769808000049 ], [ 121.344402693, 0.504696098000068 ], [ 121.344393463000074, 0.504613029000041 ], [ 121.344388374000118, 0.504567229000031 ], [ 121.344386348000057, 0.504515346000062 ], [ 121.344384376000107, 0.504464871000039 ], [ 121.344383807000099, 0.50445030000003 ], [ 121.344379011000115, 0.504327513000021 ], [ 121.344373179000058, 0.504178222000064 ], [ 121.344365909000089, 0.503992105000066 ], [ 121.34435932800011, 0.503823638000028 ], [ 121.34435932800011, 0.503785500000049 ], [ 121.34435932800011, 0.503737435000062 ], [ 121.344359982000014, 0.50371216800005 ], [ 121.34435932800011, 0.503683183000021 ], [ 121.34435932800011, 0.503672595000069 ], [ 121.344362051000076, 0.503661006000073 ], [ 121.344363883000028, 0.50365320700007 ], [ 121.34436572200002, 0.503645381000069 ], [ 121.344367722000015, 0.503636867000068 ], [ 121.344377742, 0.503594218000046 ], [ 121.344400276000101, 0.503498302000025 ], [ 121.344425604000094, 0.503390497000055 ], [ 121.344442358000038, 0.503319185000066 ], [ 121.344463697000037, 0.503228355000033 ], [ 121.344472609000036, 0.503190423000035 ], [ 121.344490138000083, 0.503083790000062 ], [ 121.344507465000106, 0.502978383000027 ], [ 121.344542129000047, 0.50284253600006 ], [ 121.344570442000077, 0.502731582000024 ], [ 121.344611027000042, 0.502572532000045 ], [ 121.344614937000074, 0.502557208000042 ], [ 121.344622681000033, 0.502526232000037 ], [ 121.344625861000054, 0.502513512000064 ], [ 121.344629176000012, 0.50250025400004 ], [ 121.34463461900009, 0.502478482000072 ], [ 121.344639819, 0.502459145000046 ], [ 121.344645008000043, 0.502443001000074 ], [ 121.344655722000084, 0.502409666000062 ], [ 121.344662056000061, 0.502389959000027 ], [ 121.344664316000035, 0.502382928000031 ], [ 121.344665848000091, 0.502372713000057 ], [ 121.34466782800007, 0.502359514000034 ], [ 121.344671528000049, 0.502334847000043 ], [ 121.344673030000081, 0.502324835000024 ], [ 121.344668234000096, 0.502313921000052 ], [ 121.344654512000034, 0.502282691000062 ], [ 121.344620925000072, 0.502206251000075 ], [ 121.34458879500005, 0.502133128000025 ], [ 121.344562654000015, 0.502104081000027 ], [ 121.344555941000067, 0.502097368000022 ], [ 121.344551087000013, 0.502092514000026 ], [ 121.34454637500005, 0.502087802000062 ], [ 121.344540807000044, 0.502082234000056 ], [ 121.344535525000083, 0.502076952000039 ], [ 121.344530243, 0.502071670000021 ], [ 121.344521677000102, 0.502063104000058 ], [ 121.344520045000081, 0.502061472000037 ], [ 121.344519578000018, 0.502061006000019 ], [ 121.344519159000015, 0.502060587000074 ], [ 121.344518779000055, 0.502060207000056 ], [ 121.344518141000094, 0.502059569000039 ], [ 121.344517627000073, 0.502059055000075 ], [ 121.344517161000113, 0.502058589000058 ], [ 121.344516532000057, 0.502057960000059 ], [ 121.344516179000038, 0.50205760700004 ], [ 121.344515774000115, 0.502057260000072 ], [ 121.344515393000052, 0.502056933000063 ], [ 121.344514835000041, 0.502056455000059 ], [ 121.344514477000075, 0.502056148000065 ], [ 121.344514015000073, 0.502055752000047 ], [ 121.344513544000051, 0.502055348000056 ], [ 121.34451325200007, 0.502055098000028 ], [ 121.344507595000096, 0.502050249000035 ], [ 121.344503810000106, 0.502047005000065 ], [ 121.344501434000108, 0.502044968000064 ], [ 121.3445000480001, 0.502043780000065 ], [ 121.34449728900006, 0.502041415000065 ], [ 121.344494731000054, 0.502039223000054 ], [ 121.344492799000022, 0.502037567000059 ], [ 121.344491395000091, 0.502036363000059 ], [ 121.344490382000117, 0.50203549500003 ], [ 121.34448903100008, 0.502034337000055 ], [ 121.344487852000043, 0.50203332600006 ], [ 121.344485750000104, 0.502031524000074 ], [ 121.344479259000082, 0.502025961000072 ], [ 121.34447711200005, 0.502024120000044 ], [ 121.344434849000095, 0.50198789500007 ], [ 121.344354849000069, 0.501977682000074 ], [ 121.344346586000029, 0.501976627000033 ], [ 121.344339396, 0.501975709000021 ], [ 121.344330902000024, 0.501974625000059 ], [ 121.344323032000034, 0.501973620000058 ], [ 121.344308391000027, 0.501971751000042 ], [ 121.344302593000066, 0.501971011000023 ], [ 121.344298330000015, 0.501970467000035 ], [ 121.344293486000083, 0.501968790000035 ], [ 121.344286947000114, 0.501966527000036 ], [ 121.34428403000004, 0.501965517000031 ], [ 121.3442771980001, 0.50196315200003 ], [ 121.344229699000039, 0.501946710000027 ], [ 121.34422280900003, 0.501944325000068 ], [ 121.344217517000061, 0.501943595000057 ], [ 121.344212251000044, 0.501942869000061 ], [ 121.344200382000054, 0.501941232000036 ], [ 121.344187346000012, 0.501939434000064 ], [ 121.344178046000025, 0.501938152000037 ], [ 121.344165051000118, 0.501936360000059 ], [ 121.344155082000043, 0.501934985000048 ], [ 121.344149784000024, 0.501934254000048 ], [ 121.3441436170001, 0.501933403000066 ], [ 121.344138574000112, 0.501932707000037 ], [ 121.344132210000112, 0.501930770000058 ], [ 121.344121028000018, 0.501927367000064 ], [ 121.344114372000035, 0.50192534100006 ], [ 121.344106984000064, 0.501923092000027 ], [ 121.344103142000108, 0.501921923000054 ], [ 121.344100844000081, 0.501921224000057 ], [ 121.344093726000096, 0.501919058000055 ], [ 121.344088191000083, 0.501917373000026 ], [ 121.344082236000077, 0.501915560000043 ], [ 121.344080582000061, 0.501915057000076 ], [ 121.344080101000031, 0.501914911000028 ], [ 121.344079715000021, 0.501914794000072 ], [ 121.344078975000116, 0.501914569000064 ], [ 121.34407799600001, 0.501914271000032 ], [ 121.344076850000079, 0.501913922000028 ], [ 121.344075869000108, 0.501913623000064 ], [ 121.344075134000036, 0.501913399000046 ], [ 121.34407482000006, 0.501913303000038 ], [ 121.344074578000118, 0.501913229000024 ], [ 121.344074029000012, 0.501913062000028 ], [ 121.344073548000097, 0.501912916000038 ], [ 121.344073415000025, 0.501912875000073 ], [ 121.344073223, 0.501912817000061 ], [ 121.344071767000059, 0.501912374000028 ], [ 121.344019483000011, 0.501836853000043 ], [ 121.344003076000035, 0.501778515000069 ], [ 121.344002018000083, 0.501774754000053 ], [ 121.344000252000114, 0.501768474000073 ], [ 121.343998870000064, 0.501763561000075 ], [ 121.343997431000048, 0.501758446000053 ], [ 121.343996004000019, 0.501753374000032 ], [ 121.343994877000114, 0.501749365000023 ], [ 121.3439933410001, 0.501743904000023 ], [ 121.343992447000119, 0.501740227000028 ], [ 121.343991102000018, 0.501734697000074 ], [ 121.343989941000018, 0.501729925000063 ], [ 121.343988491000118, 0.501723964000064 ], [ 121.343987330000118, 0.501719192000053 ], [ 121.343985924000094, 0.501713414000051 ], [ 121.343984675000115, 0.501708281000049 ], [ 121.343983664, 0.501704123000025 ], [ 121.343982809000067, 0.501700606000043 ], [ 121.343982006000033, 0.501697303000071 ], [ 121.343980732000091, 0.501692065000043 ], [ 121.343980025000064, 0.501689158000033 ], [ 121.343979021000109, 0.501685031000022 ], [ 121.34397858300008, 0.501683232000062 ], [ 121.343978166000056, 0.501681517000065 ], [ 121.343977346000088, 0.501678144000039 ], [ 121.343976643000019, 0.501675255000066 ], [ 121.343975853000074, 0.501672006000035 ], [ 121.343975207000085, 0.501669352000022 ], [ 121.34397444800004, 0.501666230000069 ], [ 121.343973688, 0.50166310700007 ], [ 121.343973120000101, 0.501660774000072 ], [ 121.343972452000116, 0.501658028000065 ], [ 121.34397191100004, 0.501655804000052 ], [ 121.343971199000066, 0.501652878000073 ], [ 121.343970671000079, 0.501650707000067 ], [ 121.343969960000095, 0.501647783000067 ], [ 121.343969558000026, 0.501646132000076 ], [ 121.343969104000053, 0.501644266000028 ], [ 121.34396859800006, 0.501642184000048 ], [ 121.343968122000092, 0.501640225000074 ], [ 121.34396773800006, 0.50163864700005 ], [ 121.343967355000018, 0.501637065000068 ], [ 121.343967199000076, 0.501636432000055 ], [ 121.343912011000043, 0.501552197000024 ], [ 121.34383238700002, 0.501511840000035 ], [ 121.343699971000092, 0.501444725000056 ], [ 121.343648448000067, 0.501401614000031 ], [ 121.343557643000054, 0.501325634000068 ], [ 121.343485270000087, 0.501296484000022 ], [ 121.343400485000075, 0.501262334000046 ], [ 121.343387538000115, 0.501257119000059 ], [ 121.343375320000064, 0.501247122000052 ], [ 121.343362850000062, 0.501236919000064 ], [ 121.34335317700004, 0.501229005000027 ], [ 121.343348192, 0.50122492600002 ], [ 121.343344265000042, 0.501219953000032 ], [ 121.343334784000035, 0.501207944000043 ], [ 121.343327557000066, 0.501198790000046 ], [ 121.343320380000023, 0.501189698000076 ], [ 121.343310747000032, 0.501177496000025 ], [ 121.3433035380001, 0.501166282000042 ], [ 121.34328903800008, 0.501143727000056 ], [ 121.343285874000117, 0.501138805000039 ], [ 121.343280735, 0.501130810000063 ], [ 121.343277998000076, 0.501126553000063 ], [ 121.343275002000041, 0.501121892000072 ], [ 121.343270892000078, 0.501115499000036 ], [ 121.343268368000054, 0.50111157300006 ], [ 121.343265631, 0.501107316000059 ], [ 121.34326296800009, 0.501103174000036 ], [ 121.343261615000074, 0.501101069000072 ], [ 121.343258463000097, 0.501096166000025 ], [ 121.343258637000076, 0.501094120000062 ], [ 121.343259563000061, 0.501083243000039 ], [ 121.343262684000024, 0.501046570000028 ], [ 121.343263456000045, 0.501037499000063 ], [ 121.343264033000082, 0.501030716000059 ], [ 121.343264572000066, 0.50102438600004 ], [ 121.343265475000067, 0.501013777000026 ], [ 121.343266615000061, 0.50100038100004 ], [ 121.343267695, 0.500987690000045 ], [ 121.343268737000017, 0.500975453000024 ], [ 121.343269833000022, 0.500962575000074 ], [ 121.343271975000107, 0.500951600000064 ], [ 121.343274892000068, 0.50093920200004 ], [ 121.343278446000113, 0.500924098000041 ], [ 121.343281603000037, 0.50091068200004 ], [ 121.343285392000098, 0.500894576000064 ], [ 121.343287422000117, 0.500885950000054 ], [ 121.343288202000053, 0.500882635000039 ], [ 121.343289878000064, 0.500875511000061 ], [ 121.343292194000014, 0.500865670000053 ], [ 121.343293317000075, 0.500860887000044 ], [ 121.343297951000068, 0.500856788000021 ], [ 121.343298018000041, 0.50085672900002 ], [ 121.343305529000077, 0.500850084000035 ], [ 121.34330559600005, 0.500850025000034 ], [ 121.343311566000011, 0.500844743000073 ], [ 121.343311633000098, 0.500844684000072 ], [ 121.343317219000028, 0.500839743000029 ], [ 121.343317286000115, 0.500839684000027 ], [ 121.343323688000055, 0.50083402000007 ], [ 121.343323755000029, 0.500833961000069 ], [ 121.343330378000019, 0.500828102000071 ], [ 121.343330445000106, 0.50082804300007 ], [ 121.343333966000046, 0.500824928000043 ], [ 121.343334033000019, 0.500824869000041 ], [ 121.343368778000013, 0.500794135000035 ], [ 121.343378334000022, 0.500791323000044 ], [ 121.343390095000018, 0.500787645000059 ], [ 121.343400916000064, 0.500784352000039 ], [ 121.343410806000065, 0.500781342000039 ], [ 121.343420318000085, 0.500778447000073 ], [ 121.343430242000068, 0.500775426000075 ], [ 121.343439124000042, 0.500772835000021 ], [ 121.343446073000109, 0.500770940000052 ], [ 121.343452751000086, 0.50076911900004 ], [ 121.343457196000031, 0.500767907000068 ], [ 121.343460830000026, 0.500766916000032 ], [ 121.343463519000011, 0.500766210000052 ], [ 121.343467843000099, 0.50076514400007 ], [ 121.343469782000057, 0.500764666000066 ], [ 121.343477202000031, 0.500763275000054 ], [ 121.343483236000111, 0.500762144000021 ], [ 121.343490367000072, 0.500760807000063 ], [ 121.343498980000049, 0.500759192000032 ], [ 121.343504124000106, 0.500758227000063 ], [ 121.34350844100004, 0.500757418000035 ], [ 121.343514002, 0.500756375000037 ], [ 121.343516732000012, 0.500757512000064 ], [ 121.34352496300005, 0.500760942000056 ], [ 121.343534744000067, 0.500765018000038 ], [ 121.343541889000107, 0.500767995000047 ], [ 121.343549009000071, 0.500770962000047 ], [ 121.343556332000048, 0.500774013000068 ], [ 121.343564929000081, 0.500777595000045 ], [ 121.343570881000119, 0.500780075000023 ], [ 121.34357728000009, 0.500782741000023 ], [ 121.343583714000033, 0.500785422000035 ], [ 121.343587143000036, 0.500787851000041 ], [ 121.34365342500007, 0.500834801000053 ], [ 121.343673758000023, 0.500933559000032 ], [ 121.343663526000114, 0.500980884000057 ], [ 121.343661772000019, 0.500988995000057 ], [ 121.343671400000062, 0.500993965000021 ], [ 121.343677256000092, 0.500996987000065 ], [ 121.343689313000027, 0.500994093000031 ], [ 121.343707824000035, 0.500989650000065 ], [ 121.343717542000036, 0.500987318000057 ], [ 121.343760168000017, 0.50097708800007 ], [ 121.343761378000067, 0.500976798000067 ], [ 121.343763648000049, 0.500976253000033 ], [ 121.343766262000031, 0.50097562600007 ], [ 121.343767166000021, 0.500975409000034 ], [ 121.343767680000042, 0.500975323000034 ], [ 121.343768760000103, 0.500975143000062 ], [ 121.343770656000061, 0.50097482700005 ], [ 121.343772106000074, 0.500974585000051 ], [ 121.343773415000101, 0.500974367000026 ], [ 121.343774903000053, 0.500974119000034 ], [ 121.343777192000061, 0.500973738000027 ], [ 121.343788745000097, 0.500971812000046 ], [ 121.343792158000042, 0.500970808000034 ], [ 121.343801829000085, 0.50096796400004 ], [ 121.343810058000031, 0.500965544000053 ], [ 121.343811553000023, 0.500965104000045 ], [ 121.343820537000056, 0.500962461000029 ], [ 121.343849884000065, 0.500953830000071 ], [ 121.343893730000104, 0.500935040000059 ], [ 121.343900792000113, 0.500931509000054 ], [ 121.343917023000017, 0.500923393000051 ], [ 121.343945441000074, 0.500909514000057 ], [ 121.343977574000064, 0.500893821000034 ], [ 121.344025006000038, 0.500870657000064 ], [ 121.344041923000077, 0.50086239500007 ], [ 121.344065398000112, 0.500851348000026 ], [ 121.344094495000036, 0.500837655000055 ], [ 121.344108668000104, 0.50083098600004 ], [ 121.344123574000037, 0.500823971000045 ], [ 121.344140681000113, 0.500815921000026 ], [ 121.344140718000062, 0.50081588300003 ], [ 121.344140752000044, 0.500815867000028 ], [ 121.344153859000016, 0.500802324000063 ], [ 121.344177659000025, 0.500777730000038 ], [ 121.344190952000076, 0.500763994000067 ], [ 121.344214145000024, 0.500740028000052 ], [ 121.344223825000086, 0.500730025000053 ], [ 121.344227892000049, 0.500725822000049 ], [ 121.344234081000081, 0.500716050000051 ], [ 121.344237793000048, 0.500710189000074 ], [ 121.344241055000111, 0.500705038000035 ], [ 121.344270467000115, 0.50065859800003 ], [ 121.344280461000039, 0.500642820000053 ], [ 121.344283080000082, 0.500638683000034 ], [ 121.344285390000096, 0.500633601000061 ], [ 121.344288979000112, 0.500625706000051 ], [ 121.344294693000052, 0.500613135000037 ], [ 121.344314161000057, 0.500570307000032 ], [ 121.34431470700008, 0.500569105000068 ], [ 121.344319609000081, 0.500558320000039 ], [ 121.344322429000044, 0.500552116000051 ], [ 121.344326650000085, 0.50054282900004 ], [ 121.344330215000014, 0.50053586100006 ], [ 121.344333959000096, 0.50052854300003 ], [ 121.344336632000022, 0.500523318000035 ], [ 121.344361835000086, 0.500474059000055 ], [ 121.344390553000039, 0.500417929000037 ], [ 121.344388006000031, 0.500387360000047 ], [ 121.344377516, 0.500261488000035 ], [ 121.344373125000061, 0.500208794000059 ], [ 121.344349268000087, 0.500190142000065 ], [ 121.344281132000106, 0.500136872000041 ], [ 121.344213369000045, 0.500083893000067 ], [ 121.344167214000095, 0.500044950000074 ], [ 121.344148057000098, 0.500028787000076 ], [ 121.344120420000081, 0.50000546800004 ], [ 121.344085630000109, 0.499984291000032 ], [ 121.344055285000081, 0.499965820000057 ], [ 121.344025996000028, 0.499947992000045 ], [ 121.343986806000089, 0.49992413700005 ], [ 121.343963678000023, 0.499888394000038 ], [ 121.343936419000102, 0.499846267000066 ], [ 121.343907053000066, 0.499800883000034 ], [ 121.343890952000038, 0.499776 ], [ 121.343904519000034, 0.499701380000033 ], [ 121.343919215000028, 0.499620555000035 ], [ 121.343935738000027, 0.499529678000044 ], [ 121.343943237000076, 0.49948844000005 ], [ 121.343982457000038, 0.49946028200003 ], [ 121.343982529000073, 0.499460230000068 ], [ 121.344013465000103, 0.499438020000071 ], [ 121.344013537000023, 0.499437968000052 ], [ 121.344056446000081, 0.499407162000068 ], [ 121.34411359, 0.49939966900007 ], [ 121.344201258000112, 0.499388171000021 ], [ 121.344245247000117, 0.49938357700006 ], [ 121.344394876000024, 0.499379088000069 ], [ 121.344411778000108, 0.49937858100003 ], [ 121.344449768000118, 0.499377441000036 ], [ 121.344473904000097, 0.499376717000075 ], [ 121.344485894000059, 0.499376357000074 ], [ 121.344507713000098, 0.499375702000066 ], [ 121.344512416000043, 0.499375561000022 ], [ 121.3445240960001, 0.499375211000029 ], [ 121.344534013000043, 0.499371688000053 ], [ 121.344538266000086, 0.49937017700006 ], [ 121.344554491000054, 0.499364413000023 ], [ 121.344601361000059, 0.49934776200007 ], [ 121.344642205000014, 0.499333251000053 ], [ 121.344668326000033, 0.499323971000024 ], [ 121.344680864000111, 0.49931951700006 ], [ 121.344698638000068, 0.499317461000032 ], [ 121.344707902000096, 0.49931403000005 ], [ 121.344725235000055, 0.499307610000074 ], [ 121.344750659000056, 0.499314214000037 ], [ 121.344782842000086, 0.499313208000046 ], [ 121.344803613000067, 0.499312559000032 ], [ 121.344812467000111, 0.499312282000062 ], [ 121.344833134000055, 0.499311636000073 ], [ 121.344843608000019, 0.499311309000063 ], [ 121.344843682000032, 0.49931126000007 ], [ 121.344853180000086, 0.499305708000065 ], [ 121.344853256000079, 0.49930566300003 ], [ 121.344870964000052, 0.499295311000026 ], [ 121.344871040000044, 0.499295266000047 ], [ 121.344884358000058, 0.499287481000067 ], [ 121.344884434000051, 0.499287436000031 ], [ 121.344915286000059, 0.49926940000006 ], [ 121.344915362000052, 0.499269355000024 ], [ 121.344956515000035, 0.499245297000073 ], [ 121.344956591000027, 0.499245252000037 ], [ 121.344981894000057, 0.499230460000035 ], [ 121.344981970000049, 0.499230415000056 ], [ 121.344986799000026, 0.499227592000068 ], [ 121.344986875000018, 0.499227547000032 ], [ 121.345008897000071, 0.49921467300004 ], [ 121.345008973000063, 0.499214628000061 ], [ 121.345022048000033, 0.499206985000058 ], [ 121.345022124000025, 0.499206940000022 ], [ 121.345032409000055, 0.49920092800005 ], [ 121.345032433000029, 0.499200907000045 ], [ 121.345047296000075, 0.499183782000046 ], [ 121.345069894000062, 0.499157745000048 ], [ 121.345099470000036, 0.499123668000038 ], [ 121.34512341900006, 0.499096075000068 ], [ 121.345153544000027, 0.499061365000045 ], [ 121.34516050700006, 0.499053343000071 ], [ 121.345166025000026, 0.499046985000064 ], [ 121.345172800000114, 0.499027628000022 ], [ 121.345181228000115, 0.499003549000065 ], [ 121.345186125000055, 0.498989556000026 ], [ 121.345200565000027, 0.498948299000062 ], [ 121.345202907000044, 0.498941607000063 ], [ 121.345206690000055, 0.49893079900005 ], [ 121.345205317000023, 0.498919816000068 ], [ 121.345203205000075, 0.498902918000056 ], [ 121.345202488000041, 0.498897184000043 ], [ 121.345200397000099, 0.498880456000052 ], [ 121.345194903000106, 0.49883649800006 ], [ 121.345186908000073, 0.498772539000072 ], [ 121.345181543000081, 0.498729621000052 ], [ 121.345171834000098, 0.498651952000046 ], [ 121.34513658100002, 0.498551617000032 ], [ 121.345130626000014, 0.498534667000058 ], [ 121.345119252000018, 0.498502296000026 ], [ 121.345101883000098, 0.498452862000022 ], [ 121.345084004000114, 0.498413286000073 ], [ 121.345071759, 0.498389685000063 ], [ 121.345062508000069, 0.498371856000063 ], [ 121.34505079600001, 0.498349284000028 ], [ 121.345039485000029, 0.498327484000072 ], [ 121.344992746000116, 0.498237405000054 ], [ 121.344936557000096, 0.498129114000051 ], [ 121.34493520500007, 0.49800743000003 ], [ 121.344933652, 0.497867695000025 ], [ 121.344843608000019, 0.497736986000064 ], [ 121.344721612000058, 0.497681797000041 ], [ 121.344588216000034, 0.497624907000045 ], [ 121.344533970000043, 0.497601773000042 ], [ 121.3445240960001, 0.497597562000067 ], [ 121.344518803000028, 0.497590428000024 ], [ 121.344509600000038, 0.497578024000063 ], [ 121.344499345000031, 0.497564202000035 ], [ 121.344487856000114, 0.497548717000029 ], [ 121.344476426000028, 0.497533311000041 ], [ 121.344464184000117, 0.497516812000072 ], [ 121.344457289000047, 0.49750751800002 ], [ 121.344455575000097, 0.49749282800002 ], [ 121.344453366000039, 0.497473898000067 ], [ 121.344451948000028, 0.497461746000056 ], [ 121.344451232000097, 0.497455606000074 ], [ 121.344450034000033, 0.49744533400002 ], [ 121.344436956000095, 0.497333239000056 ], [ 121.344418877000066, 0.49716888100005 ], [ 121.344464341000048, 0.49707795300003 ], [ 121.344494756000017, 0.497017123000035 ], [ 121.344583048000118, 0.49684054100004 ], [ 121.344593742000029, 0.496819152000057 ], [ 121.344609317000049, 0.496788003000063 ], [ 121.344621500000017, 0.496763637000072 ], [ 121.344624893000059, 0.496756851000043 ], [ 121.344625808000046, 0.49675502100007 ], [ 121.344625879000091, 0.496754967000072 ], [ 121.344628372000102, 0.496752999000023 ], [ 121.344628442000044, 0.496752944000036 ], [ 121.344634690000021, 0.496748011000022 ], [ 121.344634760000076, 0.496747956000036 ], [ 121.344638022000026, 0.49674538000005 ], [ 121.344638092000082, 0.496745325000063 ], [ 121.344640283000103, 0.496743595000055 ], [ 121.344640353000045, 0.496743540000068 ], [ 121.344641643000045, 0.496742098000027 ], [ 121.344642090000093, 0.496741598000028 ], [ 121.344642793000048, 0.496740813000031 ], [ 121.344643832000088, 0.496739652000031 ], [ 121.344644706000054, 0.496738675000074 ], [ 121.344645530000093, 0.496737753000048 ], [ 121.344646429000022, 0.496736749000036 ], [ 121.344647157000054, 0.49673593600005 ], [ 121.344648023000104, 0.496734968000055 ], [ 121.344648825000036, 0.496734071000049 ], [ 121.344650337000076, 0.496732381000072 ], [ 121.344661181000106, 0.496720261000064 ], [ 121.344689667000011, 0.496688410000047 ], [ 121.344689729000038, 0.496688347000031 ], [ 121.344705305000048, 0.496673318000035 ], [ 121.344705369000053, 0.496673256000065 ], [ 121.344766603000039, 0.496614171000033 ], [ 121.344766668000034, 0.496614111000042 ], [ 121.344797757000038, 0.496584115000076 ], [ 121.344797820000053, 0.49658405200006 ], [ 121.344808982000018, 0.496573279000074 ], [ 121.344809046000023, 0.496573217000048 ], [ 121.344818093000072, 0.496564488000047 ], [ 121.344818157000077, 0.49656442600002 ], [ 121.344829228000094, 0.49655374300005 ], [ 121.344829292000099, 0.496553681000023 ], [ 121.344836874000066, 0.496546366000075 ], [ 121.344836938000071, 0.496546304000049 ], [ 121.344843949000051, 0.496539539000025 ], [ 121.344844013000056, 0.496539477000056 ], [ 121.344855231000111, 0.496528653000041 ], [ 121.344855298000084, 0.496528595000029 ], [ 121.344858694000095, 0.496524633000035 ], [ 121.34486210700004, 0.496520651000026 ], [ 121.344865708000043, 0.496516450000058 ], [ 121.344872074000023, 0.496509023000044 ], [ 121.344880176000061, 0.496499570000026 ], [ 121.344884866000029, 0.496494098000028 ], [ 121.34489235, 0.496485367000048 ], [ 121.344898141000044, 0.496478610000054 ], [ 121.344903476000013, 0.49647238600005 ], [ 121.344907579000051, 0.496467594000023 ], [ 121.344911850000017, 0.496463700000049 ], [ 121.344911916000115, 0.496463640000059 ], [ 121.34492013800002, 0.496456143000046 ], [ 121.344920204000118, 0.496456083000055 ], [ 121.3449249680001, 0.496451739000065 ], [ 121.344925034000084, 0.496451679000074 ], [ 121.344927179000024, 0.496449723000069 ], [ 121.344927245, 0.496449663000021 ], [ 121.344931082000016, 0.496446165000066 ], [ 121.344931148000114, 0.496446105000075 ], [ 121.344936565000012, 0.496441166000068 ], [ 121.34493663100011, 0.49644110600002 ], [ 121.344938883000054, 0.496439052000028 ], [ 121.344938949000039, 0.496438992000037 ], [ 121.344941826000081, 0.496436369000037 ], [ 121.344941892000065, 0.496436309000046 ], [ 121.34494969900004, 0.496429191000061 ], [ 121.344949765000024, 0.49642913100007 ], [ 121.344955746000096, 0.496423678000042 ], [ 121.34495581200008, 0.496423618000051 ], [ 121.344966419000116, 0.496413947000065 ], [ 121.3449664850001, 0.496413887000074 ], [ 121.344969598000034, 0.496411048000027 ], [ 121.344969664000018, 0.496410988000036 ], [ 121.34497323100004, 0.496407736000037 ], [ 121.344973297000024, 0.496407676000047 ], [ 121.344976838000093, 0.496404447000032 ], [ 121.344976904000077, 0.496404387000041 ], [ 121.34498106500007, 0.496400593000033 ], [ 121.344981131000054, 0.496400533000042 ], [ 121.344988021000063, 0.496394250000037 ], [ 121.344988087000047, 0.496394190000046 ], [ 121.344991734000018, 0.496390865000023 ], [ 121.344991800000116, 0.496390805000033 ], [ 121.344992903000048, 0.496389799000042 ], [ 121.344992969000032, 0.496389739000051 ], [ 121.344997456000101, 0.496385648000057 ], [ 121.344997522000085, 0.496385588000066 ], [ 121.345006272000091, 0.496377610000025 ], [ 121.345006340000054, 0.496377552000069 ], [ 121.345020277000117, 0.496366196000054 ], [ 121.345020346000069, 0.496366140000021 ], [ 121.345032330000095, 0.496356374000072 ], [ 121.345032399000047, 0.496356318000039 ], [ 121.345042455000112, 0.496348124000065 ], [ 121.345042524000064, 0.496348068000032 ], [ 121.34505192600011, 0.496340407000048 ], [ 121.345051995000063, 0.496340351000072 ], [ 121.345063976, 0.496330588000035 ], [ 121.345064045000072, 0.496330532000059 ], [ 121.345071735000033, 0.496324265000055 ], [ 121.345071804000099, 0.496324209000022 ], [ 121.345079328000111, 0.496318078000058 ], [ 121.345079397000063, 0.496318022000025 ], [ 121.345085777, 0.496312733000025 ], [ 121.345085845000085, 0.49631267500007 ], [ 121.345090095000046, 0.496308849000059 ], [ 121.34509016100003, 0.496308790000057 ], [ 121.345097389000102, 0.496302284000024 ], [ 121.345097455000086, 0.496302225000022 ], [ 121.345107233000022, 0.496293425000033 ], [ 121.345107299, 0.496293366000032 ], [ 121.345114519000049, 0.496286867000038 ], [ 121.345114585000033, 0.496286808000036 ], [ 121.345119594000039, 0.496282300000075 ], [ 121.345119660000023, 0.496282241000074 ], [ 121.345122092000111, 0.496280052000031 ], [ 121.345122158000095, 0.49627999300003 ], [ 121.345123648000026, 0.496278652000058 ], [ 121.34512371400001, 0.496278593000056 ], [ 121.345124698000063, 0.496277707000047 ], [ 121.345124764000047, 0.496277648000046 ], [ 121.345131557000059, 0.496271534000073 ], [ 121.345131623000043, 0.496271475000071 ], [ 121.345134790000088, 0.496268625000027 ], [ 121.345134856000072, 0.496268566000026 ], [ 121.345137946000023, 0.496265784000059 ], [ 121.345138012, 0.496265725000058 ], [ 121.345142707000036, 0.49626149900007 ], [ 121.34514277300002, 0.496261440000069 ], [ 121.345149135000042, 0.496255714000029 ], [ 121.345149201000027, 0.496255655000027 ], [ 121.345159307000017, 0.496246559000042 ], [ 121.345159373000115, 0.496246500000041 ], [ 121.345165794000081, 0.496240721000049 ], [ 121.345165860000066, 0.496240662000048 ], [ 121.345171837000066, 0.496235282000043 ], [ 121.345171905000029, 0.496235225000021 ], [ 121.345176919000096, 0.496228330000065 ], [ 121.345182984000076, 0.496219990000043 ], [ 121.345191183000111, 0.496208717000059 ], [ 121.345197524000014, 0.496199997000076 ], [ 121.34519947800004, 0.49619731100006 ], [ 121.345201703000043, 0.496194252000066 ], [ 121.345203702000049, 0.496191504000024 ], [ 121.345209433000036, 0.496183624000025 ], [ 121.34521393600005, 0.496177433000071 ], [ 121.345217182000056, 0.496172969000042 ], [ 121.34521838, 0.496171322000066 ], [ 121.345222519000117, 0.49616304400007 ], [ 121.345229829000118, 0.496148424000069 ], [ 121.345234283000082, 0.496139516000028 ], [ 121.345239537000111, 0.496129008000025 ], [ 121.345242773000109, 0.49612253600003 ], [ 121.345245324000075, 0.496117434000041 ], [ 121.345248941000023, 0.496110201000022 ], [ 121.345250331000102, 0.496107420000044 ], [ 121.345255508000037, 0.496100880000029 ], [ 121.345260653000082, 0.496094381000034 ], [ 121.345265123000104, 0.496088735000058 ], [ 121.345269740000049, 0.496082903000058 ], [ 121.345275348000087, 0.496075819000055 ], [ 121.3452805820001, 0.496069207000062 ], [ 121.345287576000032, 0.496060373000034 ], [ 121.345293691000052, 0.496052649000035 ], [ 121.345297875000028, 0.496047364000049 ], [ 121.345305519000021, 0.496037708000074 ], [ 121.345310239000014, 0.496031183000071 ], [ 121.345400674000075, 0.495906170000069 ], [ 121.345503033000114, 0.495764668000049 ], [ 121.345584013, 0.495688451000035 ], [ 121.345584078000115, 0.495688390000055 ], [ 121.345588445000089, 0.495684279000045 ], [ 121.345588510000084, 0.495684218000065 ], [ 121.345598026000062, 0.49567526200002 ], [ 121.345598091000056, 0.49567520100004 ], [ 121.345601726000041, 0.495671780000066 ], [ 121.345601794000117, 0.495671722000054 ], [ 121.345606037000039, 0.495665661000032 ], [ 121.345610171000089, 0.49565975500002 ], [ 121.345611816000087, 0.495657404000042 ], [ 121.345628977000047, 0.495632888000046 ], [ 121.345642459000032, 0.495613628000058 ], [ 121.34564871200007, 0.495597861000022 ], [ 121.345659701000045, 0.495570150000049 ], [ 121.345666209000115, 0.495553738000069 ], [ 121.345667400000025, 0.495550735000052 ], [ 121.34567004500002, 0.495544066000036 ], [ 121.34567151400006, 0.495540361000053 ], [ 121.345672661000094, 0.495537468000066 ], [ 121.345674006000081, 0.495534076000069 ], [ 121.345675663000065, 0.49552989700004 ], [ 121.345676714000092, 0.49552724900002 ], [ 121.345681778000085, 0.495524585000055 ], [ 121.345692602000099, 0.495518875000073 ], [ 121.345751997000093, 0.495487540000056 ], [ 121.345943552000108, 0.495386484000051 ], [ 121.345943592000026, 0.495386462000056 ], [ 121.345944851000013, 0.495385781000039 ], [ 121.345950262000088, 0.495382927000037 ], [ 121.345952123000075, 0.495381839000061 ], [ 121.345952201000046, 0.495381796000061 ], [ 121.345964535, 0.495374576000074 ], [ 121.345964611000113, 0.495374531000039 ], [ 121.345977599000094, 0.495366926000031 ], [ 121.345977675000086, 0.495366881000052 ], [ 121.345993198000087, 0.49535779100006 ], [ 121.34599327400008, 0.495357746000025 ], [ 121.346004472000118, 0.495351189000075 ], [ 121.34600454800011, 0.49535114400004 ], [ 121.346019476000038, 0.495342403000052 ], [ 121.34601955200003, 0.495342358000073 ], [ 121.346030335000023, 0.495336044000055 ], [ 121.346030411000015, 0.495335999000019 ], [ 121.346039624000014, 0.495330605000049 ], [ 121.3460397, 0.49533056000007 ], [ 121.346044987000028, 0.495327465000059 ], [ 121.34604506300002, 0.495327420000024 ], [ 121.346051211000031, 0.495323820000067 ], [ 121.346051287000023, 0.495323775000031 ], [ 121.346059479000019, 0.495318978000057 ], [ 121.346059555000011, 0.495318933000021 ], [ 121.346066461000078, 0.495314890000031 ], [ 121.34606653700007, 0.495314845000053 ], [ 121.346071481000081, 0.49531195000003 ], [ 121.346071557000073, 0.495311905000051 ], [ 121.346074678000036, 0.495310078000045 ], [ 121.346078441000031, 0.495309008000049 ], [ 121.346083309000051, 0.495307617000037 ], [ 121.346089285000062, 0.495306022000022 ], [ 121.346098232000031, 0.495304131000069 ], [ 121.346102365000093, 0.495303327000045 ], [ 121.346116803000086, 0.495300520000058 ], [ 121.346136063000017, 0.495296775000043 ], [ 121.346170568000048, 0.495290065000063 ], [ 121.346202690000041, 0.495281885000054 ], [ 121.346221316000083, 0.495273983000061 ], [ 121.346235079000053, 0.495268144000022 ], [ 121.346275872000092, 0.495250838000061 ], [ 121.346276205000095, 0.495250673000044 ], [ 121.34629019700003, 0.495244737000064 ], [ 121.346299951000105, 0.495238884000059 ], [ 121.346300028000087, 0.495238841000059 ], [ 121.346319395000023, 0.495227224000075 ], [ 121.346319469000036, 0.495227176000071 ], [ 121.346377337000035, 0.495192453000072 ], [ 121.346441496000011, 0.495151542000031 ], [ 121.346441572000117, 0.495151495000073 ], [ 121.346483244000069, 0.495124923000049 ], [ 121.346483319000072, 0.495124875000045 ], [ 121.346512582000059, 0.495106215000021 ], [ 121.34659496300003, 0.495084513000052 ], [ 121.346657365000056, 0.495068072000038 ], [ 121.346746466000013, 0.495044596000071 ], [ 121.346849040000052, 0.495017571000062 ], [ 121.346882365000056, 0.495008791000032 ], [ 121.346901545000037, 0.495003738000037 ], [ 121.346915986000113, 0.494999933000031 ], [ 121.346937865000086, 0.495003705000045 ], [ 121.346962341000108, 0.494993682000029 ], [ 121.347087137000017, 0.494942575000039 ], [ 121.347210242000074, 0.494892160000063 ], [ 121.347215315000085, 0.49489008200004 ], [ 121.347221079000064, 0.494887722000044 ], [ 121.347226591000094, 0.494885465000038 ], [ 121.347231834000013, 0.494883318000063 ], [ 121.347238143000027, 0.494880734000049 ], [ 121.347242853000012, 0.494878805000042 ], [ 121.347242924000057, 0.494878751000044 ], [ 121.347243924000054, 0.494877966000047 ], [ 121.34724399400011, 0.49487791100006 ], [ 121.347245947000033, 0.494876378000072 ], [ 121.347246017000089, 0.494876323000028 ], [ 121.347253059000082, 0.494870797000033 ], [ 121.347253129000023, 0.494870742000046 ], [ 121.347256807, 0.494867855000052 ], [ 121.347256877000063, 0.494867800000065 ], [ 121.34727018000001, 0.494857360000026 ], [ 121.347270250000065, 0.494857305000039 ], [ 121.347279253000011, 0.494850239000073 ], [ 121.347279323000066, 0.494850184000029 ], [ 121.34728404100008, 0.494846482000071 ], [ 121.347284111000022, 0.494846427000027 ], [ 121.347289569000054, 0.494842144000074 ], [ 121.34728963900011, 0.494842089000031 ], [ 121.347297596000089, 0.494835844000022 ], [ 121.347297666000031, 0.494835789000035 ], [ 121.347300963000066, 0.494833201000063 ], [ 121.347301033, 0.494833146000076 ], [ 121.347307709, 0.494827907000058 ], [ 121.347307779000062, 0.494827852000071 ], [ 121.347330541000019, 0.494809988000043 ], [ 121.347335711000028, 0.494809299000053 ], [ 121.347345287000053, 0.494808022000029 ], [ 121.347353576000046, 0.494806917000062 ], [ 121.347359040000015, 0.494806188000041 ], [ 121.347362707000116, 0.494804407000061 ], [ 121.347371230000022, 0.494800267000073 ], [ 121.347376557000075, 0.494797680000033 ], [ 121.347380471000065, 0.494795779000071 ], [ 121.347386275000076, 0.494792960000041 ], [ 121.347392846000048, 0.494789768000032 ], [ 121.347460703000024, 0.494756809000023 ], [ 121.347529881000014, 0.494723064000027 ], [ 121.347579794000012, 0.494698716000073 ], [ 121.347619458000054, 0.494680994000021 ], [ 121.347716312000102, 0.494637718000035 ], [ 121.347716383000034, 0.494637664000038 ], [ 121.347780262000015, 0.49458852500004 ], [ 121.34778033300006, 0.494588471000043 ], [ 121.34782731700011, 0.494552329000044 ], [ 121.347827388000042, 0.494552275000046 ], [ 121.347905115000117, 0.494492485000023 ], [ 121.347905186000048, 0.494492431000026 ], [ 121.347933029000046, 0.494454851000057 ], [ 121.347995487000048, 0.494417167000051 ], [ 121.34799556300004, 0.494417121000026 ], [ 121.348059656000032, 0.494378451000046 ], [ 121.348096413, 0.494361318000074 ], [ 121.348096485000042, 0.494361266000055 ], [ 121.348114321000025, 0.494355913000049 ], [ 121.348152719000041, 0.494326655000066 ], [ 121.348152786000014, 0.494326606000072 ], [ 121.348175248000075, 0.494309490000035 ], [ 121.348175321000099, 0.494309442000031 ], [ 121.34824495700002, 0.494271727000068 ], [ 121.348245034000115, 0.494271683000022 ], [ 121.348265999000091, 0.494259703000068 ], [ 121.348266076000073, 0.494259659000022 ], [ 121.348346620000029, 0.494213633000072 ], [ 121.348346693000053, 0.494213583000032 ], [ 121.348390162000101, 0.494177877000027 ], [ 121.348390231000053, 0.494177820000061 ], [ 121.348427954000044, 0.494146833000059 ], [ 121.3484280240001, 0.494146777000026 ], [ 121.34847185000001, 0.494092694000074 ], [ 121.348532196000065, 0.494018224000058 ], [ 121.348564543000066, 0.49397830700002 ], [ 121.348572684000032, 0.493952981000064 ], [ 121.348581627000044, 0.493925159000071 ], [ 121.348584982000034, 0.493914721000067 ], [ 121.34859068500009, 0.49389697700002 ], [ 121.348597588000075, 0.493886129000032 ], [ 121.348609071000055, 0.493868085000031 ], [ 121.348618712000075, 0.493852935000064 ], [ 121.348621691000062, 0.493848254000056 ], [ 121.348631347000037, 0.493833072000029 ], [ 121.348654193000016, 0.493811700000037 ], [ 121.34865425800001, 0.493811639000057 ], [ 121.348663891000115, 0.493802628000026 ], [ 121.348663956000109, 0.493802567000046 ], [ 121.348717331000103, 0.493752635000021 ], [ 121.348717397000087, 0.493752574000041 ], [ 121.348723110000037, 0.493747425000038 ], [ 121.348723176000021, 0.493747365000047 ], [ 121.348741517, 0.49373083100005 ], [ 121.348741583000105, 0.493730772000049 ], [ 121.348765343000082, 0.493709513000056 ], [ 121.348765410000055, 0.493709454000054 ], [ 121.348781083000063, 0.493696032000059 ], [ 121.348781152000015, 0.493695975000037 ], [ 121.348798882000096, 0.49368245200003 ], [ 121.348798953000028, 0.493682398000033 ], [ 121.348817405000091, 0.493668324000055 ], [ 121.348817476000022, 0.493668270000057 ], [ 121.348826658, 0.49366126700005 ], [ 121.348826729000052, 0.493661213000053 ], [ 121.348837770000046, 0.493652792000034 ], [ 121.348981970000068, 0.493627930000059 ], [ 121.349013297000056, 0.493625319000046 ], [ 121.349037211000109, 0.493623326000034 ], [ 121.349068284000055, 0.493620737000072 ], [ 121.349100244000056, 0.493615197000054 ], [ 121.349126131000048, 0.493610710000041 ], [ 121.349155949000078, 0.493605542000068 ], [ 121.349196818000109, 0.493604303000041 ], [ 121.349218019000091, 0.493603661000066 ], [ 121.349241435000067, 0.493606449000026 ], [ 121.349257966000096, 0.493608417000075 ], [ 121.349270787000023, 0.493609943000024 ], [ 121.349301887000024, 0.493613645000039 ], [ 121.349321863000114, 0.493616023000072 ], [ 121.349340015000053, 0.49361818400007 ], [ 121.349351708000086, 0.493617334000021 ], [ 121.349364691000119, 0.493616390000057 ], [ 121.349373129000014, 0.49361577600007 ], [ 121.349381650000055, 0.493615156000033 ], [ 121.349388591000093, 0.49361465100003 ], [ 121.349395368000046, 0.493614158000071 ], [ 121.349409207, 0.493613152000023 ], [ 121.349414206, 0.493612788000064 ], [ 121.349499771000069, 0.49360656500005 ], [ 121.349688573000094, 0.493554282000048 ], [ 121.349766830000021, 0.493527230000041 ], [ 121.349897675000079, 0.493527230000041 ], [ 121.349908097000025, 0.493527230000041 ], [ 121.349950214000046, 0.493527230000041 ], [ 121.349981774000071, 0.493527230000041 ], [ 121.34998775300005, 0.493528140000024 ], [ 121.350004338000076, 0.493524153000067 ], [ 121.350006653000037, 0.493523597000035 ], [ 121.35001188800004, 0.493522338000048 ], [ 121.35002079700007, 0.493520197000066 ], [ 121.350028624000061, 0.493518315000074 ], [ 121.350038439000059, 0.493515956000067 ], [ 121.350041513000065, 0.493515217000038 ], [ 121.350124542000117, 0.493495258000053 ], [ 121.350153638000052, 0.493488264000064 ], [ 121.350181714000087, 0.493481515000042 ], [ 121.35020905600004, 0.493474942000034 ], [ 121.350225156000079, 0.493471072000034 ], [ 121.350244150000094, 0.493466506000061 ], [ 121.350259645000051, 0.493462781000062 ], [ 121.350271304000103, 0.493459978000033 ], [ 121.350273770000058, 0.493459385000051 ], [ 121.350276565000058, 0.493458713000052 ], [ 121.350277665000021, 0.493458449000059 ], [ 121.350280237000106, 0.493459249000068 ], [ 121.350282523000033, 0.493459961000042 ], [ 121.350285255000017, 0.493460811000034 ], [ 121.350286933, 0.493461333000027 ], [ 121.350287770000023, 0.493461126000057 ], [ 121.350291995000021, 0.493460280000022 ], [ 121.350293301000079, 0.493460059000029 ], [ 121.350308584000118, 0.49345700300006 ], [ 121.350325936000104, 0.493453532000046 ], [ 121.350326643000017, 0.493453356000032 ], [ 121.35032900200008, 0.493452884000021 ], [ 121.35033050200002, 0.493452619000038 ], [ 121.350333273000047, 0.49345188500007 ], [ 121.350333971000055, 0.493451665000066 ], [ 121.350337834000015, 0.493450642000028 ], [ 121.350339446000021, 0.49345025100007 ], [ 121.350351234000073, 0.493447131000039 ], [ 121.350372858000014, 0.493441407000034 ], [ 121.350377, 0.493440311000029 ], [ 121.350385128000084, 0.49343815900005 ], [ 121.350392943000088, 0.493436090000046 ], [ 121.350404726000079, 0.493432971000061 ], [ 121.350415033000104, 0.493430243000034 ], [ 121.350423867000018, 0.493427905000033 ], [ 121.350433507000048, 0.493425353000021 ], [ 121.350447242000087, 0.493421717000047 ], [ 121.350452087, 0.493420435000075 ], [ 121.35052801900008, 0.493400335000047 ], [ 121.350557167000034, 0.493388676000052 ], [ 121.35056919200008, 0.493383866000045 ], [ 121.350579747000097, 0.493379644000072 ], [ 121.350594424000064, 0.49337377300003 ], [ 121.350608944000101, 0.493367965000061 ], [ 121.350615159000085, 0.493365479000033 ], [ 121.350621194000041, 0.493362982000065 ], [ 121.350633219000088, 0.493358006000051 ], [ 121.350642626000081, 0.493354113000066 ], [ 121.350653937000061, 0.493349433000049 ], [ 121.350669751000055, 0.493342889000076 ], [ 121.350684950000073, 0.493336600000021 ], [ 121.350700190000111, 0.493330294000032 ], [ 121.350710071000094, 0.493326205000074 ], [ 121.350751320000086, 0.49330913700004 ], [ 121.350854666000032, 0.49326637300004 ], [ 121.350952099000096, 0.493226056000026 ], [ 121.351005554000039, 0.493226056000026 ], [ 121.351013096000088, 0.493226056000026 ], [ 121.351027297000087, 0.493220139000073 ], [ 121.35106005800003, 0.493206488000055 ], [ 121.351082808000115, 0.493197009000028 ], [ 121.351082882000014, 0.493196959000045 ], [ 121.351097201000016, 0.493188368000062 ], [ 121.351097277, 0.493188322000037 ], [ 121.351118573, 0.493175545000042 ], [ 121.351118649000114, 0.493175499000074 ], [ 121.351138841000079, 0.49316338400007 ], [ 121.351138917000071, 0.493163338000045 ], [ 121.351155423000023, 0.493153435000067 ], [ 121.351155496000047, 0.493153385000028 ], [ 121.351158766000026, 0.493150816000025 ], [ 121.351158836000081, 0.493150761000038 ], [ 121.351172133000091, 0.493140313000026 ], [ 121.351172203000033, 0.493140258000039 ], [ 121.351186982000058, 0.493128646000059 ], [ 121.351187052000114, 0.493128591000072 ], [ 121.351198857000099, 0.493119316000048 ], [ 121.351198927000041, 0.493119261000061 ], [ 121.35121549400003, 0.493106244000046 ], [ 121.351215564000086, 0.493106189000059 ], [ 121.351219370000081, 0.493103198000028 ], [ 121.351219440000023, 0.493103143000042 ], [ 121.351234674000011, 0.493091174000028 ], [ 121.351234744000067, 0.493091119000042 ], [ 121.351236756000048, 0.493089538000049 ], [ 121.351236828000083, 0.493089486000031 ], [ 121.351257906000114, 0.493076073000054 ], [ 121.351257981000117, 0.49307602500005 ], [ 121.351274473000103, 0.493065530000024 ], [ 121.351274548000106, 0.49306548200002 ], [ 121.351306221000073, 0.493045327000061 ], [ 121.351306296000075, 0.493045279000057 ], [ 121.351324144000046, 0.493033922000052 ], [ 121.351324219000048, 0.493033874000048 ], [ 121.351332606000028, 0.493028535000064 ], [ 121.351332680000041, 0.493028485000025 ], [ 121.351338870000063, 0.493023723000022 ], [ 121.351338941000108, 0.493023669000024 ], [ 121.351352198000086, 0.493013470000051 ], [ 121.351352269000017, 0.493013416000053 ], [ 121.351370369000051, 0.492999492000024 ], [ 121.351370441000086, 0.492999439000073 ], [ 121.351406127000018, 0.492973666000069 ], [ 121.351406199000053, 0.49297361400005 ], [ 121.3514226530001, 0.492961731000037 ], [ 121.351422724000031, 0.492961678000029 ], [ 121.351434115000075, 0.492952685000034 ], [ 121.351434185000016, 0.492952630000048 ], [ 121.351450424000063, 0.492939809000063 ], [ 121.351450494000119, 0.49293975400002 ], [ 121.351463601000091, 0.49292940600003 ], [ 121.351463671000033, 0.492929351000043 ], [ 121.351477842, 0.49291816300007 ], [ 121.351477912000064, 0.492918108000026 ], [ 121.351509864000036, 0.492874538000024 ], [ 121.351508963000015, 0.49286008200005 ], [ 121.351514570000063, 0.492856999000026 ], [ 121.351514647000045, 0.492856956000026 ], [ 121.351518292000037, 0.492854951000027 ], [ 121.351518369000019, 0.492854908000027 ], [ 121.35152288900008, 0.492852423000045 ], [ 121.351522966000061, 0.492852380000045 ], [ 121.351525489000096, 0.492850993000047 ], [ 121.351525566000078, 0.492850950000047 ], [ 121.351529015000096, 0.492849054000033 ], [ 121.351529092000078, 0.492849010000043 ], [ 121.351531511000076, 0.49284762800005 ], [ 121.351531588000057, 0.49284758400006 ], [ 121.351535161000015, 0.492845483000053 ], [ 121.351535237, 0.492845438000074 ], [ 121.351538545000039, 0.49284349200002 ], [ 121.351538621000032, 0.492843447000041 ], [ 121.351540986000032, 0.492842056000029 ], [ 121.351541062000024, 0.49284201100005 ], [ 121.35154409300003, 0.492840229000024 ], [ 121.351544169000022, 0.492840184000045 ], [ 121.351547207000067, 0.492838397000071 ], [ 121.351547283000059, 0.492838352000035 ], [ 121.351550567000118, 0.49283642000006 ], [ 121.35155064300011, 0.492836375000024 ], [ 121.35155391100011, 0.492834453000057 ], [ 121.351553987000102, 0.492834408000022 ], [ 121.351557262000028, 0.49283248200004 ], [ 121.351557338000021, 0.492832437000061 ], [ 121.351561298000092, 0.492830108000021 ], [ 121.351561374000084, 0.492830063000042 ], [ 121.351565873000027, 0.492827417000058 ], [ 121.351565949000019, 0.492827372000022 ], [ 121.351568725000106, 0.492825739000068 ], [ 121.351568801000099, 0.492825694000032 ], [ 121.351572279000038, 0.492823649000059 ], [ 121.35157235500003, 0.492823603000033 ], [ 121.351575308000065, 0.49282183400004 ], [ 121.351575384000057, 0.492821789000061 ], [ 121.351577217000113, 0.492820743000038 ], [ 121.351577294000094, 0.492820699000049 ], [ 121.351578754000116, 0.492819838000059 ], [ 121.351578830000108, 0.492819793000024 ], [ 121.35157950200005, 0.49281940000003 ], [ 121.351579571000116, 0.492819346000033 ], [ 121.351623078000102, 0.492775838000057 ], [ 121.351623145000076, 0.492775780000045 ], [ 121.351678334000098, 0.492639261000022 ], [ 121.35170447500002, 0.492528884000023 ], [ 121.351686321000102, 0.492492576000075 ], [ 121.351655096000059, 0.492430126000045 ], [ 121.35164751800005, 0.492424314000061 ], [ 121.351641609000012, 0.492419783000059 ], [ 121.351491878000047, 0.49230495200004 ], [ 121.351268777000087, 0.492133851000062 ], [ 121.351123692000101, 0.492046339000069 ], [ 121.350955979000105, 0.491945178000037 ], [ 121.350917804000119, 0.491922152000029 ], [ 121.350902791000067, 0.491913097000065 ], [ 121.350897269000029, 0.491908817000024 ], [ 121.350882953000109, 0.491897723000022 ], [ 121.350866556000028, 0.491885015000037 ], [ 121.350860705000059, 0.491880481000067 ], [ 121.350831948000064, 0.49185819500002 ], [ 121.350814102000072, 0.491844364000031 ], [ 121.350792494000075, 0.491827618000059 ], [ 121.350786604000064, 0.491823053000076 ], [ 121.350783366000087, 0.491819394000061 ], [ 121.350779808000084, 0.491815372000076 ], [ 121.350778877000039, 0.491814321000049 ], [ 121.350778225000113, 0.491813584000056 ], [ 121.350777033000099, 0.491812237000033 ], [ 121.350776432000089, 0.491811557000062 ], [ 121.350775763000115, 0.491810801000042 ], [ 121.350775273000068, 0.491810247000046 ], [ 121.350774529000091, 0.491809406000073 ], [ 121.350773443000094, 0.491808178000042 ], [ 121.350772851000102, 0.491807509000068 ], [ 121.350772241000072, 0.491806821000068 ], [ 121.350771959000099, 0.491806500000052 ], [ 121.350771782000038, 0.491806300000064 ], [ 121.350769565000064, 0.49180379400002 ], [ 121.350767415000064, 0.491801365000072 ], [ 121.350766843000088, 0.491800716000057 ], [ 121.35075890600001, 0.491791743000022 ], [ 121.35075182300011, 0.491783736000059 ], [ 121.350748034000048, 0.49177945200006 ], [ 121.350745190000112, 0.491776238000057 ], [ 121.350664766000023, 0.49168532300007 ], [ 121.350593431000107, 0.491604683000048 ], [ 121.350591417000032, 0.491602407000073 ], [ 121.350588290000019, 0.491598872000054 ], [ 121.350586183000019, 0.491596490000063 ], [ 121.350584076000018, 0.491592979000075 ], [ 121.350582062000058, 0.491589622000049 ], [ 121.350579461000052, 0.491585286000031 ], [ 121.350577469000086, 0.491581967000059 ], [ 121.350574564000112, 0.491576157000054 ], [ 121.3505695, 0.491565421000075 ], [ 121.350565363000101, 0.491556651000053 ], [ 121.350561765000066, 0.491549023000061 ], [ 121.350557246000108, 0.491539442000033 ], [ 121.35055305100002, 0.491530549000061 ], [ 121.350548856000046, 0.491521656000032 ], [ 121.350542639000082, 0.491508475000046 ], [ 121.350540330000058, 0.491503579000039 ], [ 121.350538334000021, 0.491499348000048 ], [ 121.350501948000101, 0.491422210000053 ], [ 121.35044095, 0.491332166000063 ], [ 121.350426427000116, 0.491279882000072 ], [ 121.350391571000046, 0.49120726600006 ], [ 121.350425145000031, 0.491105085000072 ], [ 121.350447392000092, 0.491037377000055 ], [ 121.350460383000041, 0.490996923000068 ], [ 121.35046937900006, 0.490965434000032 ], [ 121.350475090000032, 0.490945446000069 ], [ 121.350481615000035, 0.490922610000041 ], [ 121.350493740000047, 0.490879308000046 ], [ 121.350501948000101, 0.49084999300004 ], [ 121.350514559000089, 0.490822068000057 ], [ 121.350533360000099, 0.490780437000069 ], [ 121.350537816000042, 0.490770572000031 ], [ 121.350542613000016, 0.490759949000051 ], [ 121.350557419000097, 0.490726635000044 ], [ 121.350565850000066, 0.490707665000059 ], [ 121.350568190000104, 0.49067162800003 ], [ 121.350569983000014, 0.490644019000058 ], [ 121.350571313000046, 0.490623541000048 ], [ 121.350572640000109, 0.490603111000041 ], [ 121.350579502000073, 0.490497436000055 ], [ 121.350582974000076, 0.49044396100004 ], [ 121.350584813000069, 0.490415643000063 ], [ 121.350588391000088, 0.490360546000034 ], [ 121.350590744000101, 0.490324303000023 ], [ 121.350592740000025, 0.490293566000048 ], [ 121.350594897000065, 0.490260348000049 ], [ 121.350594897000065, 0.490147734000061 ], [ 121.350594897000065, 0.490010677000043 ], [ 121.350594897000065, 0.489830219000055 ], [ 121.350594897000065, 0.489758264000045 ], [ 121.350594897000065, 0.489721078000059 ], [ 121.350594897000065, 0.489688131000037 ], [ 121.350599981000073, 0.489658475000056 ], [ 121.350607722000063, 0.489613320000046 ], [ 121.350613956000075, 0.489574355000059 ], [ 121.35062791200005, 0.489503658000046 ], [ 121.350636105000035, 0.489453599000058 ], [ 121.350655827000082, 0.48935450700003 ], [ 121.35065983800007, 0.489316727000073 ], [ 121.350661411000033, 0.489282119000052 ], [ 121.35066314900007, 0.48926700200002 ], [ 121.350667347000012, 0.489241813000035 ], [ 121.35067041800005, 0.489223386000049 ], [ 121.350674521000087, 0.48918954200002 ], [ 121.350678065000011, 0.489160309000056 ], [ 121.35067924100008, 0.489150606000067 ], [ 121.350681619000056, 0.489130983000052 ], [ 121.350681781000048, 0.489123841000037 ], [ 121.35068203700007, 0.489112542000044 ], [ 121.35068203700007, 0.489103405000037 ], [ 121.35068203700007, 0.489096317000076 ], [ 121.35068203700007, 0.489093126000057 ], [ 121.35068203700007, 0.489075422000042 ], [ 121.35068203700007, 0.489071139000032 ], [ 121.35068203700007, 0.489067374000058 ], [ 121.35068203700007, 0.489065714000049 ], [ 121.35068203700007, 0.489063630000032 ], [ 121.350681363000035, 0.489060665000068 ], [ 121.350680994000072, 0.489059043000054 ], [ 121.350678158000051, 0.48904656600007 ], [ 121.350677680000103, 0.489044464000074 ], [ 121.350676072000056, 0.489037389000032 ], [ 121.350674517000016, 0.489030546000038 ], [ 121.350671892000037, 0.489018995000038 ], [ 121.350669885000116, 0.489010164000035 ], [ 121.350667951000105, 0.489001653000059 ], [ 121.350667298000076, 0.488998279000043 ], [ 121.350666737000097, 0.488994491000028 ], [ 121.350665641000091, 0.488987090000023 ], [ 121.350664607000112, 0.488980112000036 ], [ 121.350663643000075, 0.488973609000027 ], [ 121.350663259000044, 0.48897101700004 ], [ 121.350663016000112, 0.488969374000021 ], [ 121.350655895000045, 0.488921302000051 ], [ 121.350651897000034, 0.488890647000062 ], [ 121.350650059000031, 0.488876559000062 ], [ 121.350647999000103, 0.488860763000048 ], [ 121.350647324000079, 0.488850490000061 ], [ 121.350647866000031, 0.488835314000028 ], [ 121.350648425000031, 0.488819640000031 ], [ 121.350649230000045, 0.488797091000038 ], [ 121.35064973100009, 0.488783067000043 ], [ 121.350650085000098, 0.488773165000055 ], [ 121.350640822000059, 0.48874074400004 ], [ 121.350632658000109, 0.488712167000074 ], [ 121.350612325000043, 0.488683120000076 ], [ 121.35056875500004, 0.488668597000071 ], [ 121.35054006900009, 0.488669745000038 ], [ 121.350496139000029, 0.488671502000045 ], [ 121.350496066000119, 0.488671552000028 ], [ 121.350467095000113, 0.488688934000038 ], [ 121.350467019, 0.488688981000053 ], [ 121.350435143000027, 0.488709265000068 ], [ 121.350435071000106, 0.48870931700003 ], [ 121.350386527000069, 0.488747868000075 ], [ 121.350386456000024, 0.488747922000073 ], [ 121.3503617020001, 0.488755348000041 ], [ 121.350315839000018, 0.488788981000027 ], [ 121.350315767000097, 0.488789034000035 ], [ 121.350253881000071, 0.488834416000032 ], [ 121.350253809000037, 0.488834469000039 ], [ 121.35019145900003, 0.488856156000054 ], [ 121.350141955000026, 0.488873375000026 ], [ 121.350088374000052, 0.488892012000065 ], [ 121.350034069000117, 0.488899770000046 ], [ 121.349972108000088, 0.488908621000064 ], [ 121.349937324000052, 0.488913590000038 ], [ 121.349897919000114, 0.488926725000056 ], [ 121.349851010000066, 0.488942361000056 ], [ 121.349786275000042, 0.488971133000064 ], [ 121.349759508000034, 0.48898005500007 ], [ 121.349740748000045, 0.488986308000051 ], [ 121.349710681000033, 0.488996331000067 ], [ 121.349699961000056, 0.488999904000025 ], [ 121.349673709000058, 0.489005530000043 ], [ 121.349656712000069, 0.489009172000067 ], [ 121.349634736000098, 0.489013881000062 ], [ 121.349599261000094, 0.489021483000045 ], [ 121.349520140000095, 0.489043061000075 ], [ 121.349477701000069, 0.489041973000042 ], [ 121.349351855, 0.489038746000062 ], [ 121.349239620000048, 0.48903586800003 ], [ 121.34922619800011, 0.489034377000053 ], [ 121.349214686000096, 0.48903309800005 ], [ 121.349199037000062, 0.489031359000023 ], [ 121.349189238, 0.489030270000057 ], [ 121.349178165000012, 0.489029040000048 ], [ 121.349174884000035, 0.489028675000043 ], [ 121.349167151000074, 0.489028675000043 ], [ 121.349163915000076, 0.489028675000043 ], [ 121.349160749000021, 0.489028675000043 ], [ 121.349156133000065, 0.489026275000072 ], [ 121.349148503000038, 0.489022307000027 ], [ 121.349146199000074, 0.489021109000021 ], [ 121.349143175000108, 0.489019537000047 ], [ 121.349141947000021, 0.48901889800004 ], [ 121.349139771000068, 0.489017766000075 ], [ 121.349119483000095, 0.489007217000051 ], [ 121.349116356000081, 0.489005591000023 ], [ 121.349109653000028, 0.488998070000036 ], [ 121.349099776000116, 0.488986989000068 ], [ 121.349087776000033, 0.488973526000052 ], [ 121.349079478000021, 0.488964216000056 ], [ 121.349075016000029, 0.488959209000029 ], [ 121.349043682000115, 0.488924055000041 ], [ 121.349026808000076, 0.488905123000052 ], [ 121.349014586000067, 0.488891411000054 ], [ 121.349005941000087, 0.488881711000033 ], [ 121.348997265000094, 0.488871977000031 ], [ 121.348991390000037, 0.488859345000037 ], [ 121.348990898000011, 0.488858288000074 ], [ 121.348990265000111, 0.488856926000039 ], [ 121.348989180000103, 0.488854593000042 ], [ 121.348987415000011, 0.488850799000033 ], [ 121.348985346000063, 0.488846351000063 ], [ 121.348984209000037, 0.488843907000046 ], [ 121.348983272000055, 0.488841892000039 ], [ 121.348982251000052, 0.48883969700006 ], [ 121.3489808060001, 0.488836590000062 ], [ 121.348979577000023, 0.488833947000046 ], [ 121.348978618000046, 0.488831886000071 ], [ 121.348977938000075, 0.488830424000071 ], [ 121.348977716000036, 0.488829946000067 ], [ 121.348976863000075, 0.488828113000068 ], [ 121.348956717000078, 0.48878479800004 ], [ 121.348954806000052, 0.488780690000056 ], [ 121.348943682000026, 0.488756774000024 ], [ 121.348939172000087, 0.488747077000028 ], [ 121.348933727000031, 0.488740119000056 ], [ 121.348926371000061, 0.488730720000035 ], [ 121.348918513000058, 0.488720679000039 ], [ 121.348911594000015, 0.488711838000029 ], [ 121.3489025, 0.48870021800002 ], [ 121.348895862000063, 0.488691737000067 ], [ 121.348890796000092, 0.488685263000036 ], [ 121.348886889000028, 0.488680270000032 ], [ 121.348882575000061, 0.488676983000062 ], [ 121.348830018000058, 0.48863693900006 ], [ 121.348823526000047, 0.488631066000039 ], [ 121.348817897000117, 0.488624571000059 ], [ 121.348811325000042, 0.488616989000036 ], [ 121.348803993000047, 0.488608528000043 ], [ 121.348794744000088, 0.488597857000059 ], [ 121.348783060000073, 0.488586050000038 ], [ 121.348774144000117, 0.488578707000045 ], [ 121.348770588000093, 0.48857577900003 ], [ 121.348768031000077, 0.488573673000076 ], [ 121.348760816000095, 0.488567731000046 ], [ 121.34874801400008, 0.488557188000073 ], [ 121.348738751000042, 0.488549560000024 ], [ 121.348730716000091, 0.488547551000067 ], [ 121.348706697000011, 0.488541547000068 ], [ 121.348690013, 0.488537376000068 ], [ 121.348680658000035, 0.48853503700002 ], [ 121.348657641000045, 0.488528980000069 ], [ 121.348640341000078, 0.488524427000073 ], [ 121.348629906000042, 0.488521681000066 ], [ 121.348625470000115, 0.488520514000072 ], [ 121.348615657000096, 0.488520068000071 ], [ 121.3486101310001, 0.488519817000054 ], [ 121.348601032000033, 0.488519403000055 ], [ 121.348593267000069, 0.488519050000036 ], [ 121.348583482000095, 0.488518605000024 ], [ 121.348575117000109, 0.488518225000064 ], [ 121.348573030000011, 0.488518130000045 ], [ 121.348568889000035, 0.488517942000044 ], [ 121.348564771000042, 0.488517755000032 ], [ 121.348561567000047, 0.488517609000041 ], [ 121.348558517000015, 0.488517609000041 ], [ 121.348553711000022, 0.488517609000041 ], [ 121.348548999000059, 0.488517609000041 ], [ 121.348543051000092, 0.488517609000041 ], [ 121.34853734, 0.488517609000041 ], [ 121.348527822000051, 0.488517609000041 ], [ 121.348518780000063, 0.488517609000041 ], [ 121.348512118000031, 0.488517609000041 ], [ 121.348506645000043, 0.488517609000041 ], [ 121.348500696000087, 0.488517609000041 ], [ 121.348495937000052, 0.488517609000041 ], [ 121.348491892000084, 0.488517609000041 ], [ 121.348488951000036, 0.488517609000041 ], [ 121.348410525000077, 0.488540846000035 ], [ 121.348291434000089, 0.488590225000053 ], [ 121.348221722000062, 0.488584416000037 ], [ 121.348188164000021, 0.488564281000038 ], [ 121.348183965000089, 0.488561761000028 ], [ 121.348178153000049, 0.48855827400007 ], [ 121.348178153000049, 0.488545514000066 ], [ 121.348178153000049, 0.488523418000057 ], [ 121.34818141400001, 0.488507114000072 ], [ 121.348185404000105, 0.488487163000059 ], [ 121.348186867000095, 0.488479848000054 ], [ 121.348191713, 0.488472766000029 ], [ 121.348197094000056, 0.488464901000043 ], [ 121.348224627000036, 0.488424660000021 ], [ 121.348232464000034, 0.488408986000024 ], [ 121.348238898000091, 0.488396118000026 ], [ 121.348247692000086, 0.488378529000045 ], [ 121.348253403000058, 0.488367108000034 ], [ 121.348259483000106, 0.488354948000051 ], [ 121.348265484000081, 0.488344446000042 ], [ 121.348271575000012, 0.488333786000055 ], [ 121.348276226000053, 0.488325647000067 ], [ 121.348282720000043, 0.488314283000022 ], [ 121.348282789000109, 0.488314227000046 ], [ 121.348317794000081, 0.488283598000066 ], [ 121.348317861000055, 0.488283539000065 ], [ 121.348327701000017, 0.488274929000056 ], [ 121.348327771000072, 0.488274873000023 ], [ 121.348330607000094, 0.488272806000055 ], [ 121.348330679000014, 0.488272753000047 ], [ 121.348338457000068, 0.488267080000071 ], [ 121.348338529000102, 0.488267028000053 ], [ 121.34834890400009, 0.488259704000029 ], [ 121.348348977000114, 0.488259653000057 ], [ 121.348361467000018, 0.48825083600002 ], [ 121.348361540000042, 0.488250785000048 ], [ 121.348374045000014, 0.488241957000071 ], [ 121.348374118000038, 0.488241906000042 ], [ 121.348376713000107, 0.488240074000032 ], [ 121.348376786000017, 0.48824002300006 ], [ 121.348378573000105, 0.488238761000048 ], [ 121.348379946000023, 0.48823810600004 ], [ 121.348381913000026, 0.488237165000044 ], [ 121.348383479000063, 0.488236416000063 ], [ 121.3483853460001, 0.488235523000071 ], [ 121.348385936000113, 0.488235241000041 ], [ 121.34838744700005, 0.48823451800007 ], [ 121.348396251000054, 0.488230308000027 ], [ 121.348405843000023, 0.488225721000049 ], [ 121.348418135000088, 0.488219842000035 ], [ 121.34843034000005, 0.488214005000032 ], [ 121.348436477000064, 0.488211070000034 ], [ 121.348445381000033, 0.488206811000055 ], [ 121.348458435000111, 0.488206158000025 ], [ 121.348502471000074, 0.488203956000063 ], [ 121.34850347400004, 0.488203906000024 ], [ 121.348521170000026, 0.488202221000051 ], [ 121.348533926000073, 0.488201006000054 ], [ 121.348544943000093, 0.488199957000063 ], [ 121.348552554000094, 0.488199232000056 ], [ 121.348560452000015, 0.488198480000051 ], [ 121.348565456000074, 0.488198054000065 ], [ 121.348569199000053, 0.488197891000027 ], [ 121.348572768000054, 0.488197736000075 ], [ 121.348577090000049, 0.488197548000073 ], [ 121.348579871000084, 0.488197427000046 ], [ 121.348582132000047, 0.488197329000059 ], [ 121.3485853520001, 0.488197189000061 ], [ 121.348592034000035, 0.488196898000069 ], [ 121.348605297000063, 0.488196322000022 ], [ 121.348612699000114, 0.488196 ], [ 121.348623742000086, 0.488195520000033 ], [ 121.348629773000084, 0.488195257000029 ], [ 121.348631279000074, 0.488195192000035 ], [ 121.348633507000045, 0.488194925000073 ], [ 121.348638344000051, 0.488194345000068 ], [ 121.348644178000086, 0.488193645000024 ], [ 121.348647610000057, 0.488193233000061 ], [ 121.348649718000047, 0.488192980000065 ], [ 121.348651865000079, 0.488192722000065 ], [ 121.348663466000062, 0.488191330000063 ], [ 121.348677816000077, 0.488189608000027 ], [ 121.348683562000019, 0.488188918000048 ], [ 121.348698367000111, 0.488187142000072 ], [ 121.348702533000051, 0.488186641000027 ], [ 121.348703895000085, 0.488186478000046 ], [ 121.348706151000101, 0.488185914000042 ], [ 121.348716489000026, 0.488183330000027 ], [ 121.348731352000073, 0.488179614000046 ], [ 121.348734512000078, 0.488178824000045 ], [ 121.348740435000082, 0.488177343000075 ], [ 121.348746885000082, 0.488175730000023 ], [ 121.348752349000051, 0.488174364000031 ], [ 121.348761737000018, 0.488172017000068 ], [ 121.348776482000062, 0.488168331000054 ], [ 121.348786300000029, 0.488165877000029 ], [ 121.348792302000106, 0.488164377000032 ], [ 121.348796844000049, 0.488163241000052 ], [ 121.348796918000062, 0.488163192000059 ], [ 121.348801527000091, 0.488160460000074 ], [ 121.348801603000084, 0.488160415000038 ], [ 121.348804481000116, 0.48815871000005 ], [ 121.348804557000108, 0.488158665000071 ], [ 121.348805107000089, 0.488158339000051 ], [ 121.348808946000077, 0.488158343000066 ], [ 121.348810712000045, 0.488158343000066 ], [ 121.348813164000035, 0.488159625000037 ], [ 121.348817599000085, 0.488161943000023 ], [ 121.348820081000099, 0.488163241000052 ], [ 121.348823498000115, 0.48816281400002 ], [ 121.348826723000116, 0.488162411000076 ], [ 121.348835109000106, 0.488161362000028 ], [ 121.348843319000025, 0.488160336000021 ], [ 121.348849026000039, 0.488159521000057 ], [ 121.348864088000028, 0.488157369000021 ], [ 121.34887092200006, 0.488156393000054 ], [ 121.348878735000085, 0.488155277000033 ], [ 121.348883276000038, 0.488154628000075 ], [ 121.348883984000054, 0.488154527000063 ], [ 121.348887900000022, 0.488153582000052 ], [ 121.348897489000024, 0.488151267000035 ], [ 121.348902225000074, 0.488150124000072 ], [ 121.348903546000088, 0.488149805000035 ], [ 121.348906354000064, 0.488149127000042 ], [ 121.348941751000098, 0.488140583000074 ], [ 121.348944576, 0.488139901000068 ], [ 121.348949076000054, 0.48813881500007 ], [ 121.348956998000062, 0.488136903000054 ], [ 121.348968219000085, 0.488134194000054 ], [ 121.348968292000109, 0.488134144000071 ], [ 121.348981820000063, 0.488125689000071 ], [ 121.348981895000065, 0.488125642000057 ], [ 121.348991499000022, 0.488119640000036 ], [ 121.348991574000024, 0.488119593000022 ], [ 121.348996480000096, 0.488116527000045 ], [ 121.348996555000099, 0.488116480000031 ], [ 121.348999453000033, 0.488114669000026 ], [ 121.348999528000036, 0.488114622000069 ], [ 121.349008439000045, 0.488109052000027 ], [ 121.349008514000047, 0.488109005000069 ], [ 121.349013007000053, 0.488106197000036 ], [ 121.349013080000077, 0.488106146000064 ], [ 121.349015859000019, 0.48810398400002 ], [ 121.349015925000117, 0.488103925000075 ], [ 121.349017669000091, 0.48810217800002 ], [ 121.349017733000096, 0.488102117000039 ], [ 121.349019749000036, 0.488100098000075 ], [ 121.349019813000041, 0.488100037000038 ], [ 121.349022904000094, 0.488096943000073 ], [ 121.349022968000099, 0.488096882000036 ], [ 121.349039943000093, 0.488079907000042 ], [ 121.349040006000109, 0.488079845000073 ], [ 121.349043463000044, 0.488076385000056 ], [ 121.349043527000049, 0.488076324000076 ], [ 121.349046649000115, 0.48807320100002 ], [ 121.349046716000089, 0.488073143000065 ], [ 121.349046911000073, 0.488069246000066 ], [ 121.349047134000102, 0.488064779000069 ], [ 121.349047338000105, 0.488060701000052 ], [ 121.349048489000097, 0.488037673000065 ], [ 121.349049620000073, 0.488015049000069 ], [ 121.349004533000084, 0.487973072000045 ], [ 121.348990582000056, 0.487960083000075 ], [ 121.348985721000076, 0.487955557000021 ], [ 121.348979215000099, 0.48794950000007 ], [ 121.348971926000104, 0.487942714000042 ], [ 121.348967493000032, 0.487938587000031 ], [ 121.348965385000042, 0.487936624000042 ], [ 121.348963559000026, 0.487934167000049 ], [ 121.348962816000039, 0.487933166000062 ], [ 121.348958940000102, 0.487927948000049 ], [ 121.348908699000049, 0.487860316000024 ], [ 121.348907720000057, 0.487858998000036 ], [ 121.348905048, 0.487855401000047 ], [ 121.348903267000082, 0.487853004000044 ], [ 121.348902205000059, 0.487851574000047 ], [ 121.348901097000066, 0.487850082000023 ], [ 121.348899825000103, 0.487848370000052 ], [ 121.348898445000032, 0.487846513000022 ], [ 121.348896683000021, 0.487844141000039 ], [ 121.34889492100001, 0.487841769000056 ], [ 121.348892061000015, 0.487837919000071 ], [ 121.34889089100011, 0.487836344000073 ], [ 121.348889864000057, 0.487834961000033 ], [ 121.348888682000052, 0.487833652000063 ], [ 121.348887074000118, 0.487831872000072 ], [ 121.348885351000035, 0.48782996500006 ], [ 121.348883102000059, 0.487827475000074 ], [ 121.348881334000112, 0.487825517000033 ], [ 121.348878588000048, 0.487822476000019 ], [ 121.348876703000087, 0.487820389000035 ], [ 121.348875042000031, 0.487818549000053 ], [ 121.348872052000047, 0.487815239000042 ], [ 121.348869085000047, 0.487811955000041 ], [ 121.348866164000015, 0.487808721000022 ], [ 121.348863273, 0.487805521000041 ], [ 121.348862150000059, 0.487804277000066 ], [ 121.348859984000114, 0.487801879000074 ], [ 121.348859491000098, 0.48780133300005 ], [ 121.348858789000019, 0.487800556000025 ], [ 121.348844565000036, 0.487784808000072 ], [ 121.348841684000035, 0.487781618000042 ], [ 121.348838856000043, 0.487778487000071 ], [ 121.348832738000056, 0.487771714000075 ], [ 121.348828129000026, 0.48776661100004 ], [ 121.348819506000041, 0.48775706400005 ], [ 121.348815487000024, 0.487752614000044 ], [ 121.348813315000029, 0.487750209000069 ], [ 121.348810252000021, 0.487746818000062 ], [ 121.348806397000089, 0.487741969000069 ], [ 121.348803408000094, 0.487737845000026 ], [ 121.348798980000083, 0.487731738000036 ], [ 121.348794757000064, 0.487725914000066 ], [ 121.348790707000035, 0.487720327000034 ], [ 121.348786591000021, 0.487714650000044 ], [ 121.348783405000063, 0.487710255000025 ], [ 121.348781104000068, 0.487707082000043 ], [ 121.348778911000068, 0.48770405700003 ], [ 121.348774970000022, 0.48769862100005 ], [ 121.348769781000101, 0.487691464000022 ], [ 121.348749810000072, 0.48766391700002 ], [ 121.348730587000091, 0.487637403000065 ], [ 121.348724299000082, 0.48762873000004 ], [ 121.34869742, 0.487609815000042 ], [ 121.34869070100001, 0.48760508700002 ], [ 121.348683057000017, 0.487599708000062 ], [ 121.348670835, 0.487591108000061 ], [ 121.348658698, 0.487582567000061 ], [ 121.348645873, 0.487573542000064 ], [ 121.348638046000019, 0.487571492000029 ], [ 121.348629949000042, 0.487569371000063 ], [ 121.348523878000037, 0.487541591000024 ], [ 121.348426963000065, 0.487568511000063 ], [ 121.348419312000033, 0.487570644000073 ], [ 121.348400112000036, 0.487576013000023 ], [ 121.34835517800002, 0.487588595000034 ], [ 121.348346694000043, 0.487590970000042 ], [ 121.348333515000036, 0.487589322000019 ], [ 121.348320115000092, 0.487587647000055 ], [ 121.348263886000041, 0.487580619000028 ], [ 121.348253745000079, 0.487579351000022 ], [ 121.348235048000106, 0.487572552000074 ], [ 121.348211602000106, 0.487564027000076 ], [ 121.348194545000069, 0.487557824000021 ], [ 121.348189842000011, 0.487556114000029 ], [ 121.348172497000064, 0.487538126000061 ], [ 121.348158325000099, 0.487523429000021 ], [ 121.348146911000072, 0.487511592000033 ], [ 121.348126719000106, 0.487490653000066 ], [ 121.348119069000063, 0.48748272000006 ], [ 121.348111417000041, 0.487474784000028 ], [ 121.348109032000025, 0.487468610000064 ], [ 121.348062037000091, 0.487346979000051 ], [ 121.348073656000111, 0.48726274400002 ], [ 121.348066048000078, 0.487181588000055 ], [ 121.348065714000086, 0.48717802300007 ], [ 121.348065113000075, 0.487171614000033 ], [ 121.348064942000065, 0.487169795000057 ], [ 121.348064228000112, 0.487168447000045 ], [ 121.348063061000062, 0.487166243000047 ], [ 121.348062363000054, 0.487164924000069 ], [ 121.348061270000017, 0.487162859000023 ], [ 121.348053510000113, 0.487148202000071 ], [ 121.348040240000046, 0.487123135000047 ], [ 121.348025803000041, 0.487095865000072 ], [ 121.348016625000014, 0.48707852900003 ], [ 121.348015848000045, 0.487077061000036 ], [ 121.34801376900009, 0.48707313500006 ], [ 121.348012658000016, 0.487071036000032 ], [ 121.34801174100005, 0.487066858000048 ], [ 121.348011367000026, 0.487065157000075 ], [ 121.348011039000085, 0.487063663000072 ], [ 121.348004629000116, 0.487034461000064 ], [ 121.347993782000117, 0.486985046000029 ], [ 121.347989224000116, 0.486964281000041 ], [ 121.347986516000105, 0.486951946000033 ], [ 121.347982216000105, 0.486941600000023 ], [ 121.347893567000028, 0.486728287000062 ], [ 121.347812882000085, 0.486476351000022 ], [ 121.347757107, 0.486302196000054 ], [ 121.34775606900007, 0.486298955000052 ], [ 121.347751239000104, 0.486283875000026 ], [ 121.347745920000079, 0.486278325000058 ], [ 121.347739273000116, 0.486271389000024 ], [ 121.347736361000102, 0.486268350000046 ], [ 121.347723098000074, 0.486254510000037 ], [ 121.347706362000054, 0.486237046000042 ], [ 121.34770934200003, 0.486219830000039 ], [ 121.347710574000075, 0.486212711000064 ], [ 121.347689409000054, 0.486191546000043 ], [ 121.347658952000074, 0.486161089000063 ], [ 121.347643767000022, 0.486145904000068 ], [ 121.347617816000025, 0.486115687000051 ], [ 121.347587448000013, 0.486080327000025 ], [ 121.347568074000037, 0.48605776900007 ], [ 121.347548501, 0.486034979000067 ], [ 121.34752341300009, 0.486005767000051 ], [ 121.347511054000051, 0.485991376000072 ], [ 121.347431727000071, 0.485899008000047 ], [ 121.347283888000106, 0.48570528800002 ], [ 121.347260646000109, 0.485674833000076 ], [ 121.347251865000089, 0.485663327000054 ], [ 121.347219057000075, 0.485620337000057 ], [ 121.347176936000096, 0.48556514400002 ], [ 121.347144720000074, 0.485522929000069 ], [ 121.347120355000015, 0.48549100300005 ], [ 121.34709478700006, 0.485457500000052 ], [ 121.347081218000085, 0.485436801000048 ], [ 121.347058190000098, 0.485401674000059 ], [ 121.347040671000059, 0.48537495000005 ], [ 121.347026629000084, 0.485353530000054 ], [ 121.347009100000037, 0.485326791000034 ], [ 121.346993575000056, 0.485314089000042 ], [ 121.34692597600008, 0.485258780000038 ], [ 121.346801417000052, 0.485156868000047 ], [ 121.346747681000011, 0.485122012000033 ], [ 121.346682326000064, 0.485079895000069 ], [ 121.34665334400006, 0.485078045000023 ], [ 121.346614067000019, 0.485075538000046 ], [ 121.346613994000109, 0.485075588000029 ], [ 121.346595583000067, 0.485086380000041 ], [ 121.346595507000075, 0.48508642500002 ], [ 121.346577385000046, 0.485097048000057 ], [ 121.346577309000054, 0.485097093000036 ], [ 121.34657195200009, 0.485100233000026 ], [ 121.346571881000045, 0.485100286000034 ], [ 121.346560540000041, 0.485110960000043 ], [ 121.346560475000047, 0.485111021000023 ], [ 121.346542281000097, 0.485128144000043 ], [ 121.346542216000103, 0.485128205000024 ], [ 121.346534028000065, 0.485135912000032 ], [ 121.34653396300007, 0.485135973000069 ], [ 121.346522567000079, 0.48514669900004 ], [ 121.346522499000116, 0.485146756000063 ], [ 121.346499337000068, 0.485179393000067 ], [ 121.346490692000089, 0.485191582000027 ], [ 121.346390406000069, 0.48528176700006 ], [ 121.346390337000116, 0.485281823000037 ], [ 121.346367183000098, 0.485287483000036 ], [ 121.346324982000056, 0.485297798000033 ], [ 121.346303444000114, 0.485296739000034 ], [ 121.346294202000081, 0.485296280000057 ], [ 121.346277278000116, 0.485306434000051 ], [ 121.34627720200001, 0.48530648000002 ], [ 121.346247475000041, 0.48532431600006 ], [ 121.346247401000028, 0.485324366000043 ], [ 121.346153849000075, 0.485286946000031 ], [ 121.346141989000103, 0.485273109000047 ], [ 121.346093684000039, 0.48521138600006 ], [ 121.346089705000054, 0.485206301000062 ], [ 121.346085464000112, 0.485201289000031 ], [ 121.346078755, 0.485193360000039 ], [ 121.346057754000071, 0.485168541000064 ], [ 121.34604481000008, 0.485157641000058 ], [ 121.346018626000046, 0.485135590000027 ], [ 121.346007670000063, 0.485126364000052 ], [ 121.346002566000038, 0.485122066000031 ], [ 121.345971948000056, 0.485119711000038 ], [ 121.345963134000044, 0.485119563000069 ], [ 121.345939324000028, 0.485119162000046 ], [ 121.345921235000105, 0.485119162000046 ], [ 121.345911920000049, 0.485122745000069 ], [ 121.345897034000018, 0.485128470000063 ], [ 121.345883516000072, 0.485133669000049 ], [ 121.345883475000051, 0.485133685000051 ], [ 121.345879410000066, 0.485138859000074 ], [ 121.345878644000095, 0.485139833000062 ], [ 121.345874886000047, 0.485144616000071 ], [ 121.345874845000026, 0.485144669000022 ], [ 121.345865531000072, 0.485145069000055 ], [ 121.34585349800011, 0.485145871000043 ], [ 121.345853470000065, 0.485145873000022 ], [ 121.345845910000094, 0.485154944000044 ], [ 121.345841860000064, 0.485159805000023 ], [ 121.345834270000068, 0.485168912000063 ], [ 121.345824983000057, 0.485180057000036 ], [ 121.345816243000058, 0.48519107900006 ], [ 121.345801895000022, 0.485209527000052 ], [ 121.345800570000051, 0.485211230000061 ], [ 121.345794027000011, 0.48521964300005 ], [ 121.345788976000108, 0.48522613800003 ], [ 121.345781812000041, 0.48523534800006 ], [ 121.345703386000082, 0.48548805300004 ], [ 121.345700115000113, 0.48549786600006 ], [ 121.345698069000036, 0.485504005000053 ], [ 121.345693714000049, 0.485517068000036 ], [ 121.345689340000035, 0.485532198000044 ], [ 121.345685349000064, 0.485544740000023 ], [ 121.345683054, 0.485551951000048 ], [ 121.345681881000019, 0.485552735000056 ], [ 121.345681807, 0.485552784000049 ], [ 121.345680260000108, 0.48555381500006 ], [ 121.345680186000095, 0.485553864000053 ], [ 121.345676404000073, 0.485556386000042 ], [ 121.34567633100005, 0.485556437000071 ], [ 121.345677244000058, 0.485566479000056 ], [ 121.345674176000102, 0.485571081000046 ], [ 121.345629317000089, 0.485638368000025 ], [ 121.345628607000094, 0.485639434000063 ], [ 121.345626930000094, 0.485641949000069 ], [ 121.34562496500007, 0.485644894000075 ], [ 121.345622960000014, 0.485646150000036 ], [ 121.345622885000012, 0.485646197000051 ], [ 121.345622002000027, 0.485646749000068 ], [ 121.345621927000025, 0.485646796000026 ], [ 121.345613507000053, 0.485652058000028 ], [ 121.34561343200005, 0.485652105000042 ], [ 121.345601796000096, 0.485659378000037 ], [ 121.345601723000073, 0.485659428000019 ], [ 121.34558625000011, 0.485666570000035 ], [ 121.345574254000098, 0.485672106000038 ], [ 121.345566211000119, 0.485675818000061 ], [ 121.345563963000018, 0.485676856000055 ], [ 121.345551918000069, 0.485674705000065 ], [ 121.345534545000078, 0.485671603000071 ], [ 121.345525957000063, 0.485673863000045 ], [ 121.345514583000067, 0.485676856000055 ], [ 121.34550092500001, 0.485676856000055 ], [ 121.345489266000072, 0.485676856000055 ], [ 121.345485537000059, 0.485676856000055 ], [ 121.345472891000099, 0.485673528000063 ], [ 121.345447518000014, 0.48566685000003 ], [ 121.345436094000092, 0.485663844000044 ], [ 121.345431844000018, 0.485662726000044 ], [ 121.345430348000036, 0.485662332000061 ], [ 121.345424791000028, 0.485659992000024 ], [ 121.34540886700006, 0.485653288000037 ], [ 121.345403488000102, 0.485651023000059 ], [ 121.345401711000022, 0.485650275000069 ], [ 121.345400391000112, 0.485649719000037 ], [ 121.345398144000114, 0.485648773000037 ], [ 121.345396413000117, 0.485648044000072 ], [ 121.345394877000103, 0.485648044000072 ], [ 121.345393138000077, 0.485648044000072 ], [ 121.34538223800007, 0.485648044000072 ], [ 121.345368227000108, 0.485648044000072 ], [ 121.345364952000068, 0.485648044000072 ], [ 121.345360886000094, 0.485646650000035 ], [ 121.345358168000075, 0.485645718000058 ], [ 121.345354738000083, 0.485644542000045 ], [ 121.345288020000112, 0.485621667000032 ], [ 121.345241463000093, 0.485600671000043 ], [ 121.345198648000064, 0.485581362000062 ], [ 121.345099218000087, 0.485505481000075 ], [ 121.34498867100001, 0.48543283600003 ], [ 121.344794229000058, 0.48530506000003 ], [ 121.344742183000108, 0.485266645000024 ], [ 121.344685543000082, 0.485224839000068 ], [ 121.344657857000016, 0.485200639000027 ], [ 121.34463044600011, 0.485173228000065 ], [ 121.344583237000052, 0.485126019000063 ], [ 121.34453679, 0.485079572000075 ], [ 121.344518287000028, 0.485061069000039 ], [ 121.344416624000019, 0.484950692000041 ], [ 121.344358530000022, 0.484782222000035 ], [ 121.344192314000111, 0.484589653000057 ], [ 121.344170119000069, 0.484564360000036 ], [ 121.344155897000064, 0.484547463000069 ], [ 121.344142322000039, 0.484531736000065 ], [ 121.344126719000087, 0.484513660000061 ], [ 121.344117127000118, 0.484503237000069 ], [ 121.344113380000067, 0.484499698000036 ], [ 121.344101063000039, 0.48448806500005 ], [ 121.344078299000103, 0.484466566000037 ], [ 121.344068065000101, 0.484456900000055 ], [ 121.344058403000076, 0.484443787000032 ], [ 121.344045226000048, 0.484425905000023 ], [ 121.344036693000021, 0.484414324000056 ], [ 121.344032375000097, 0.484408464000069 ], [ 121.344031539000071, 0.484407330000067 ], [ 121.34403007800006, 0.484405347000063 ], [ 121.344027400000073, 0.484401712000022 ], [ 121.344024416000025, 0.48439935600004 ], [ 121.344023532000051, 0.484398659000021 ], [ 121.344017, 0.484393502000046 ], [ 121.34397221100005, 0.484358142000076 ], [ 121.343835692000084, 0.484326191000036 ], [ 121.343823945000054, 0.484326191000036 ], [ 121.343812761000095, 0.484326191000036 ], [ 121.343803957000091, 0.484326191000036 ], [ 121.343778105000069, 0.484326191000036 ], [ 121.343769687000076, 0.484326362000047 ], [ 121.343755416000022, 0.484326191000036 ], [ 121.343738522000081, 0.484326191000036 ], [ 121.343723770000111, 0.484326191000036 ], [ 121.343716602000086, 0.484326191000036 ], [ 121.343710331000011, 0.484327219000022 ], [ 121.343688536000059, 0.484330792000037 ], [ 121.34365037900011, 0.48432376300002 ], [ 121.343610323, 0.484316384000067 ], [ 121.343553024000016, 0.484311311000056 ], [ 121.343528097000103, 0.484309999000061 ], [ 121.343337183000017, 0.484295313000075 ], [ 121.343161883000107, 0.484230282000055 ], [ 121.343031174000089, 0.484160570000029 ], [ 121.342912083000101, 0.484044384000072 ], [ 121.342861782000114, 0.483840894000025 ], [ 121.342848181000022, 0.48378587000002 ], [ 121.342743613000039, 0.483338553000067 ], [ 121.342668092000054, 0.482963852000069 ], [ 121.342598380000027, 0.48285347500007 ], [ 121.342389516000026, 0.482613281000056 ], [ 121.342389040000057, 0.482612733000053 ], [ 121.342313653000019, 0.482500615000049 ], [ 121.342223499000056, 0.48201806700007 ], [ 121.342197467, 0.481828187000076 ], [ 121.342206181000051, 0.481418631000054 ], [ 121.342275892000089, 0.481194972000026 ], [ 121.342357223000022, 0.480985837000048 ], [ 121.342375821000019, 0.48081845300004 ], [ 121.342378983000117, 0.480772460000026 ], [ 121.342388490000076, 0.480634165000026 ], [ 121.342392079000092, 0.480570471000021 ], [ 121.342312637000077, 0.480494725000028 ], [ 121.342267178000043, 0.480451380000034 ], [ 121.342157264000093, 0.480410555000049 ], [ 121.342079360000071, 0.48038161900007 ], [ 121.342063853000013, 0.480375859000048 ], [ 121.341981133000104, 0.480327201000023 ], [ 121.341915715000027, 0.480288720000033 ], [ 121.341904096, 0.48017543800006 ], [ 121.341956380000056, 0.480001159000039 ], [ 121.341921524000099, 0.479559651000045 ], [ 121.341929598000092, 0.479050452000024 ], [ 121.341929601000061, 0.479050277000056 ], [ 121.341934595000112, 0.478744966000022 ], [ 121.341936048000093, 0.478627257000028 ], [ 121.341899071000057, 0.47855467200003 ], [ 121.34187681700007, 0.478510989000029 ], [ 121.34186244700004, 0.478482781000025 ], [ 121.34185762200002, 0.478473310000027 ], [ 121.34184183900004, 0.47845703400003 ], [ 121.341831429000081, 0.478446299000041 ], [ 121.341822891000106, 0.478437495000037 ], [ 121.341816963000042, 0.478431381000064 ], [ 121.341809794000028, 0.478423987000042 ], [ 121.341806236000025, 0.478420318000076 ], [ 121.341803467000091, 0.478417463000028 ], [ 121.34179946200004, 0.478413332000059 ], [ 121.341794310000068, 0.478408019000028 ], [ 121.341773692000061, 0.478386757000067 ], [ 121.341764673000057, 0.478377456000032 ], [ 121.341741848000083, 0.478369156000042 ], [ 121.34173221900005, 0.478365655000061 ], [ 121.341702721000047, 0.478354928000044 ], [ 121.341698555000107, 0.478353413000036 ], [ 121.341693282000051, 0.478351496000073 ], [ 121.341686825000011, 0.478349148000063 ], [ 121.341668819, 0.478342600000076 ], [ 121.341665856000077, 0.478342485000042 ], [ 121.341641255000013, 0.478341526000065 ], [ 121.341611183000055, 0.478340355000057 ], [ 121.341607002000046, 0.478340192000076 ], [ 121.341580960000101, 0.478339177000066 ], [ 121.341539973000067, 0.478337580000073 ], [ 121.341500349000057, 0.47834550500005 ], [ 121.34144565500003, 0.478361457000062 ], [ 121.341333268000085, 0.478394237000032 ], [ 121.341184538000107, 0.478437462000045 ], [ 121.341123158000073, 0.478455109000038 ], [ 121.341081516000031, 0.478467081000019 ], [ 121.341069681000022, 0.47847048400007 ], [ 121.340989130000025, 0.478493642000046 ], [ 121.340928556000108, 0.478495019000036 ], [ 121.340907964000053, 0.478495487000032 ], [ 121.340733520000072, 0.478499452000051 ], [ 121.34055769500003, 0.478480614000034 ], [ 121.340489529000024, 0.478473310000027 ], [ 121.340398583000024, 0.478443468000023 ], [ 121.340390045000049, 0.478440667000029 ], [ 121.340353008000079, 0.478428514000029 ], [ 121.340313201000072, 0.478415452000036 ], [ 121.340303631000097, 0.478412312000046 ], [ 121.34030379100011, 0.478407830000037 ], [ 121.34030387700011, 0.478405427000041 ], [ 121.340298643000096, 0.478404119000061 ], [ 121.340293067000061, 0.478402725000024 ], [ 121.340285244000029, 0.478400769000075 ], [ 121.340275759000065, 0.478390019000074 ], [ 121.34023392000006, 0.478342600000076 ], [ 121.340184540000109, 0.47823222300002 ], [ 121.340190100000086, 0.478141408000056 ], [ 121.34019257500006, 0.478100993000055 ], [ 121.340193254000042, 0.478089895000039 ], [ 121.340198611000119, 0.478079851000075 ], [ 121.34021176400006, 0.478055190000021 ], [ 121.340225148000059, 0.478030095000065 ], [ 121.340236553000068, 0.47800871100003 ], [ 121.340239729000018, 0.478002756000024 ], [ 121.340243495000095, 0.477997286000061 ], [ 121.340250591000085, 0.477986980000026 ], [ 121.340256645000068, 0.477978188000066 ], [ 121.340264112000114, 0.477967343000046 ], [ 121.34027362900008, 0.477953520000028 ], [ 121.340289667000093, 0.477930227000058 ], [ 121.340293839000083, 0.477924167000026 ], [ 121.34029892600006, 0.477916779000054 ], [ 121.340361724000104, 0.477825572000029 ], [ 121.340422722000085, 0.477671625000028 ], [ 121.340460483000015, 0.477558343000055 ], [ 121.340443052000069, 0.477469014000064 ], [ 121.340440220000119, 0.477454500000022 ], [ 121.340437245000089, 0.477439252000067 ], [ 121.340424860000098, 0.477429190000066 ], [ 121.340406388000019, 0.477414181000029 ], [ 121.340379442000085, 0.477392287000043 ], [ 121.340357313000027, 0.477374307000048 ], [ 121.340344296000012, 0.477363731000025 ], [ 121.340328678000105, 0.477358108000033 ], [ 121.340309318000095, 0.477351139000064 ], [ 121.340293111000051, 0.477345305000028 ], [ 121.340272973000083, 0.477338055000075 ], [ 121.340236735000076, 0.477325009000026 ], [ 121.340199064000103, 0.477311448000023 ], [ 121.340179016000093, 0.477315174000069 ], [ 121.34016280600008, 0.477318186000048 ], [ 121.340144613, 0.477321567000047 ], [ 121.340115787000059, 0.477326924000067 ], [ 121.340098915000112, 0.477330059000053 ], [ 121.340036040000086, 0.477341744000057 ], [ 121.33993737600008, 0.477360080000039 ], [ 121.3397299720001, 0.477403399000025 ], [ 121.339645708000035, 0.477451550000069 ], [ 121.339645634000021, 0.477451599000062 ], [ 121.339535504000082, 0.477473625000073 ], [ 121.33945511200011, 0.477443765000032 ], [ 121.339408799000012, 0.477426563000051 ], [ 121.339379980000103, 0.477415859000075 ], [ 121.339278533000083, 0.477378179000027 ], [ 121.339182844000106, 0.477266542000052 ], [ 121.339118750000011, 0.477191765000043 ], [ 121.339047802000096, 0.477108993000058 ], [ 121.33901422100007, 0.47706981500005 ], [ 121.338873479000085, 0.47705011100004 ], [ 121.338743201000057, 0.477031872000055 ], [ 121.338647120000019, 0.477018420000036 ], [ 121.338453678000064, 0.476999746000047 ], [ 121.338368123, 0.476989052000022 ], [ 121.338343775000112, 0.476987179000048 ], [ 121.338279086000057, 0.476948366000045 ], [ 121.338161039000056, 0.476871498000037 ], [ 121.338158317000079, 0.476869725000029 ], [ 121.338157180000053, 0.476868985000067 ], [ 121.338154186000111, 0.476867035000055 ], [ 121.33815103500001, 0.476864049000028 ], [ 121.338147626000023, 0.47686082000007 ], [ 121.33814498400011, 0.476858317000051 ], [ 121.338142816000072, 0.476856263000059 ], [ 121.338142167000115, 0.476855649000072 ], [ 121.338140121000038, 0.476853710000057 ], [ 121.338137975000109, 0.47685167700007 ], [ 121.338135234000106, 0.476849080000022 ], [ 121.338134140000079, 0.476848044000064 ], [ 121.338133181000103, 0.476847135000071 ], [ 121.338131149000105, 0.476845210000022 ], [ 121.338116325000101, 0.476831166000068 ], [ 121.338103788000012, 0.476819289000048 ], [ 121.338102887000105, 0.476818435000041 ], [ 121.338098998000078, 0.476814751000063 ], [ 121.338097866000112, 0.476813315000072 ], [ 121.338096144000019, 0.476811128000065 ], [ 121.338094401000035, 0.476808916000039 ], [ 121.338093076000064, 0.476807235000024 ], [ 121.338092447, 0.47680643700005 ], [ 121.338090978000082, 0.476804572000049 ], [ 121.33808204200011, 0.476793230000055 ], [ 121.338073076000114, 0.47678184900002 ], [ 121.338054828000054, 0.476758689000064 ], [ 121.338039741000102, 0.476739541000029 ], [ 121.338032051000027, 0.476729780000028 ], [ 121.338023477000092, 0.476718898000058 ], [ 121.337982811000074, 0.476611426000034 ], [ 121.337982811000074, 0.476527191000059 ], [ 121.338000239000053, 0.476466193000022 ], [ 121.338012905000028, 0.476446138000028 ], [ 121.338029710000114, 0.476419531000033 ], [ 121.338035095, 0.476411004000056 ], [ 121.338041332000103, 0.476402499000073 ], [ 121.338067046000106, 0.476367435000043 ], [ 121.338098998000078, 0.476289009000027 ], [ 121.33805833200006, 0.476193155000033 ], [ 121.337989337000067, 0.476174122000032 ], [ 121.337900584000067, 0.476149639000027 ], [ 121.337815365000097, 0.476126130000068 ], [ 121.3377577010001, 0.476056636000067 ], [ 121.337693099000035, 0.476017875000025 ], [ 121.337660066000012, 0.475998056000037 ], [ 121.337641514000097, 0.475986925000029 ], [ 121.337625494, 0.475966797000069 ], [ 121.337606191000077, 0.47594254400002 ], [ 121.337568157000078, 0.475894757000049 ], [ 121.337561318000098, 0.47588616400003 ], [ 121.337557792000098, 0.475881734000041 ], [ 121.33755601900009, 0.475876576000076 ], [ 121.337554434000026, 0.475871967000046 ], [ 121.337550018000115, 0.475859120000052 ], [ 121.337539676, 0.475839584000028 ], [ 121.33753850800008, 0.475837605000038 ], [ 121.337530830000105, 0.475822875000063 ], [ 121.337524370000096, 0.475810674000058 ], [ 121.337518987000067, 0.475800507000031 ], [ 121.337517269000045, 0.475797262000071 ], [ 121.337514548000058, 0.47579212200003 ], [ 121.337471592000043, 0.475710982000066 ], [ 121.33743964100006, 0.475594796000053 ], [ 121.33741640400001, 0.475478610000039 ], [ 121.337378511000111, 0.47530388000007 ], [ 121.337364120000075, 0.475237524000022 ], [ 121.337296683000091, 0.475170087000038 ], [ 121.337275528000077, 0.47511552800006 ], [ 121.337188025000046, 0.474965523000037 ], [ 121.337143493000099, 0.474889183000073 ], [ 121.337093576000029, 0.474803611000027 ], [ 121.33703153700003, 0.474697258000049 ], [ 121.33700029900001, 0.47462176800002 ], [ 121.336970731000065, 0.47455031100003 ], [ 121.33693427500009, 0.47446221000007 ], [ 121.336905055000102, 0.474391594000053 ], [ 121.33689211300009, 0.474360318000038 ], [ 121.336871449000114, 0.474298325000063 ], [ 121.336834329000112, 0.474186966000048 ], [ 121.336810344000014, 0.474115011000038 ], [ 121.336766943000043, 0.473984807000022 ], [ 121.336745814000096, 0.473921418000032 ], [ 121.336727433000078, 0.473866276000024 ], [ 121.336788488000025, 0.473741724000035 ], [ 121.336825530000056, 0.473666159000061 ], [ 121.336863010000116, 0.473589699000058 ], [ 121.336863077000089, 0.473589641000046 ], [ 121.336870356000077, 0.473582361000069 ], [ 121.336914404000026, 0.47353096300003 ], [ 121.336929154000018, 0.473508838000043 ], [ 121.336792604000038, 0.47354057900003 ], [ 121.336737165000045, 0.473553466000055 ], [ 121.33627965900007, 0.47365981400003 ], [ 121.335301189, 0.474053984000022 ], [ 121.334479299, 0.474605734000022 ], [ 121.334009679000019, 0.475157444000047 ], [ 121.334479509000062, 0.476260684000067 ], [ 121.334596989000033, 0.476694104000046 ], [ 121.334362179000095, 0.476930554000035 ], [ 121.334205629000053, 0.477048784000033 ], [ 121.33381875900011, 0.477137024000058 ], [ 121.332835739000075, 0.477403594000066 ], [ 121.331700769, 0.478270624000061 ], [ 121.331201676000092, 0.478631247000067 ], [ 121.331201604000057, 0.478631299000028 ], [ 121.330863370000088, 0.478875690000052 ], [ 121.329430810000076, 0.479452980000076 ], [ 121.32794350000006, 0.479847210000059 ], [ 121.326652, 0.480990080000026 ], [ 121.324303620000023, 0.48162085000007 ], [ 121.322268440000016, 0.48284263000005 ], [ 121.32148566, 0.483197370000028 ], [ 121.320585490000099, 0.483788540000035 ], [ 121.318510683000113, 0.485208144000069 ], [ 121.31844736000005, 0.485251470000037 ], [ 121.316266170000063, 0.484915910000041 ], [ 121.315362297000092, 0.485198367000066 ], [ 121.314284230000112, 0.485535260000063 ], [ 121.313581630000044, 0.485754830000076 ], [ 121.311270200000081, 0.486232800000039 ], [ 121.310565630000042, 0.485996470000032 ], [ 121.310159158000033, 0.486041678000049 ], [ 121.30821255, 0.48625818000005 ], [ 121.305281710000031, 0.487258090000068 ], [ 121.304420640000103, 0.487534030000063 ], [ 121.304245162000029, 0.487569384000039 ], [ 121.302267920000077, 0.487967750000053 ], [ 121.302020877000018, 0.488205210000046 ], [ 121.30140692000009, 0.488795350000032 ], [ 121.300127790000033, 0.490060440000036 ], [ 121.298628090000079, 0.49045067000003 ], [ 121.298481080000101, 0.490284990000021 ], [ 121.297375620000025, 0.490844870000046 ], [ 121.296866810000097, 0.491120770000066 ], [ 121.296776280000017, 0.491166840000062 ], [ 121.29671823000001, 0.491212310000037 ], [ 121.296436260000064, 0.491160230000048 ], [ 121.29616228000009, 0.491199670000071 ], [ 121.294386410000016, 0.492199500000027 ], [ 121.294258660000082, 0.492346520000069 ], [ 121.294250861000023, 0.492355495000027 ], [ 121.293525190000082, 0.493190600000048 ], [ 121.293125340000074, 0.493593240000052 ], [ 121.292971540000053, 0.493655200000035 ], [ 121.292388740000092, 0.494155420000027 ], [ 121.291786960000081, 0.494757200000038 ], [ 121.290811230000031, 0.494944510000039 ], [ 121.290351500000043, 0.495125680000058 ], [ 121.289112170000067, 0.495166090000055 ], [ 121.288032760000078, 0.495266850000064 ], [ 121.287193190000039, 0.495146220000038 ], [ 121.28667345000008, 0.495005430000049 ], [ 121.286193690000118, 0.494924990000072 ], [ 121.285653970000112, 0.494864700000051 ], [ 121.285493990000077, 0.494341510000027 ], [ 121.285294060000069, 0.494019560000027 ], [ 121.285074120000104, 0.493617130000075 ], [ 121.284941700000104, 0.493403200000046 ], [ 121.284857280000097, 0.493234350000023 ], [ 121.284640810000042, 0.492801410000027 ], [ 121.282638010000028, 0.492406500000072 ], [ 121.28203622, 0.493158720000054 ], [ 121.281509670000105, 0.493158720000054 ], [ 121.280976940000073, 0.493092130000036 ], [ 121.280940750000013, 0.493070770000031 ], [ 121.280740520000109, 0.493070770000031 ], [ 121.28018988000008, 0.49298256000003 ], [ 121.279701820000014, 0.492856560000064 ], [ 121.279538213000023, 0.492790180000043 ], [ 121.278863350000051, 0.492516370000033 ], [ 121.278394981000019, 0.492224459000056 ], [ 121.278074950000018, 0.492025 ], [ 121.276911090000112, 0.491961970000034 ], [ 121.276060090000101, 0.492226510000023 ], [ 121.275821419000067, 0.492461828000046 ], [ 121.275573260000101, 0.492706500000054 ], [ 121.274301770000079, 0.492797160000066 ], [ 121.27362099000004, 0.492545170000028 ], [ 121.272836084000119, 0.492491079000047 ], [ 121.27171877, 0.49241408000006 ], [ 121.27058245, 0.49225782000002 ], [ 121.26940508000007, 0.492257780000045 ], [ 121.268556090000061, 0.492378700000074 ], [ 121.267735140000013, 0.492140810000024 ], [ 121.267126440000084, 0.491824720000068 ], [ 121.266940542000043, 0.491753019000043 ], [ 121.266482500000052, 0.491576350000059 ], [ 121.266072440000016, 0.491184150000038 ], [ 121.265928910000071, 0.491111900000021 ], [ 121.265531660000079, 0.490856450000024 ], [ 121.265127980000102, 0.490946750000035 ], [ 121.264961410000069, 0.490430710000055 ], [ 121.264532130000021, 0.489940460000071 ], [ 121.264038760000062, 0.48971468000002 ], [ 121.263603060000037, 0.489514700000029 ], [ 121.263295500000027, 0.489392130000056 ], [ 121.263186580000024, 0.489392130000056 ], [ 121.262174200000118, 0.489398540000025 ], [ 121.261174650000044, 0.489030830000047 ], [ 121.261169980000091, 0.489038440000058 ], [ 121.260672420000105, 0.489141750000044 ], [ 121.260156070000107, 0.489166570000066 ], [ 121.259938250000118, 0.489137361000076 ], [ 121.259418400000072, 0.489067650000038 ], [ 121.25882829000011, 0.489141980000056 ], [ 121.258336550000081, 0.489389580000022 ], [ 121.258090590000052, 0.488770780000038 ], [ 121.258054045000108, 0.488733999000033 ], [ 121.257869270000015, 0.488548030000061 ], [ 121.257180700000049, 0.487805520000052 ], [ 121.256621360000054, 0.487950900000044 ], [ 121.256418480000093, 0.488003640000045 ], [ 121.256270930000028, 0.487855140000022 ], [ 121.256203803000062, 0.487840667000057 ], [ 121.256138775000068, 0.487487903000044 ], [ 121.256506349, 0.487167465000027 ], [ 121.256063376000043, 0.487073219000024 ], [ 121.255658318000087, 0.487140071000056 ], [ 121.255362280000099, 0.48691984900006 ], [ 121.255188910000015, 0.486790880000058 ], [ 121.254480220000119, 0.486391620000063 ], [ 121.254478469000105, 0.486392524000053 ], [ 121.253030011000078, 0.485147403000042 ], [ 121.252953565000098, 0.483771415000035 ], [ 121.251649759000088, 0.482342294000034 ], [ 121.251628928000059, 0.482290219000049 ], [ 121.250658157000089, 0.481734166000024 ], [ 121.249733871000103, 0.481952493000051 ], [ 121.249462507000089, 0.481656470000075 ], [ 121.248606371000051, 0.481601825000041 ], [ 121.248513470000034, 0.481526490000022 ], [ 121.248231370000099, 0.481286970000042 ], [ 121.24818864000008, 0.481250690000024 ], [ 121.247661640000047, 0.480803240000057 ], [ 121.24664723, 0.479941950000068 ], [ 121.244816210000067, 0.477441900000031 ], [ 121.243266880000078, 0.473357300000032 ], [ 121.24315419800007, 0.473082736000038 ], [ 121.241789650000101, 0.469757850000065 ], [ 121.24178487000006, 0.469746200000031 ], [ 121.241019470000083, 0.46788121000003 ], [ 121.240766830000098, 0.467265620000035 ], [ 121.240604259000065, 0.466884426000036 ], [ 121.240447040000049, 0.466515780000066 ], [ 121.240011880000111, 0.465495400000066 ], [ 121.240007290000108, 0.465484640000057 ], [ 121.239513233000025, 0.464326163000067 ], [ 121.238731075000032, 0.462492136000037 ], [ 121.238724530000013, 0.462476790000039 ], [ 121.238712409000073, 0.462472497000022 ], [ 121.238743858000021, 0.462423078000029 ], [ 121.23808030500004, 0.461885388000042 ], [ 121.237355578, 0.46168456700002 ], [ 121.237345735000076, 0.461634532000062 ], [ 121.236135332000117, 0.460901944000057 ], [ 121.236019649000013, 0.460919081000043 ], [ 121.235659810000016, 0.460578960000021 ], [ 121.235616550000032, 0.460538070000041 ], [ 121.23558899000011, 0.460512010000059 ], [ 121.235568108000052, 0.460512017000042 ], [ 121.235569188000113, 0.460486624000055 ], [ 121.235285005000037, 0.460161092000021 ], [ 121.232909527000061, 0.457439973000021 ], [ 121.232135353000103, 0.456665824000027 ], [ 121.231209367000019, 0.456838900000037 ], [ 121.229463204000012, 0.457165275000023 ], [ 121.229228874000114, 0.458664940000062 ], [ 121.229146860000014, 0.458709100000021 ], [ 121.22882995000009, 0.458885160000023 ], [ 121.228397850000079, 0.45907303000007 ], [ 121.228020080000078, 0.459237280000025 ], [ 121.227210200000059, 0.459518980000041 ], [ 121.226611590000061, 0.460082370000066 ], [ 121.226487949000102, 0.46016237300006 ], [ 121.225984570000037, 0.460488090000069 ], [ 121.225952830000097, 0.460578790000056 ], [ 121.22594451000009, 0.460589610000056 ], [ 121.22558360000005, 0.46105878000003 ], [ 121.225460320000025, 0.461148440000045 ], [ 121.225429390000045, 0.461170940000045 ], [ 121.225348460000077, 0.461229790000061 ], [ 121.225212870000064, 0.46132840000007 ], [ 121.225177460000054, 0.461354160000042 ], [ 121.224962949000087, 0.461476737000055 ], [ 121.224660540000059, 0.461649540000053 ], [ 121.224503670000104, 0.461660750000021 ], [ 121.224143630000071, 0.461686460000067 ], [ 121.223674440000082, 0.46171406000002 ], [ 121.223515940000084, 0.461723390000031 ], [ 121.223392770000032, 0.461754180000071 ], [ 121.22307287000001, 0.461834150000072 ], [ 121.222827840000036, 0.461956670000063 ], [ 121.222638577000112, 0.462051306000035 ], [ 121.222629810000058, 0.462055690000057 ], [ 121.222585840000079, 0.461335520000034 ], [ 121.221595030000117, 0.461195150000037 ], [ 121.220883400000048, 0.461785260000056 ], [ 121.220029804000092, 0.462174762000075 ], [ 121.219990340000095, 0.462192770000058 ], [ 121.21948795000003, 0.462066390000075 ], [ 121.219153060000053, 0.462235010000029 ], [ 121.218553020000058, 0.462389610000059 ], [ 121.218424773000038, 0.462350332000028 ], [ 121.217911070000014, 0.462193 ], [ 121.217617980000114, 0.461869920000026 ], [ 121.21757918000003, 0.46183086000002 ], [ 121.217380720000051, 0.46163112000005 ], [ 121.217129520000071, 0.461476620000042 ], [ 121.216850390000104, 0.461139490000051 ], [ 121.216557320000106, 0.460984990000043 ], [ 121.216145816000108, 0.460680457000024 ], [ 121.216134780000061, 0.460672290000048 ], [ 121.216082810000103, 0.460633830000063 ], [ 121.215524570000071, 0.460184340000069 ], [ 121.215050060000067, 0.459805090000032 ], [ 121.214631390000022, 0.459510120000061 ], [ 121.21396148000008, 0.458863970000039 ], [ 121.213937184000088, 0.458850496000025 ], [ 121.213938482000117, 0.458827554000038 ], [ 121.211761315000103, 0.456867223000074 ], [ 121.21080939300009, 0.456527935000054 ], [ 121.210253320000106, 0.457112264000045 ], [ 121.210262745000023, 0.457602347000034 ], [ 121.210192156000062, 0.45829253200003 ], [ 121.210151750000023, 0.458358650000037 ], [ 121.210026180000114, 0.458555340000032 ], [ 121.209942470000101, 0.458709880000072 ], [ 121.209852243000114, 0.458838895000042 ], [ 121.209846209000034, 0.458834960000047 ], [ 121.209370949000117, 0.458859521000022 ], [ 121.209266273000026, 0.458864930000061 ], [ 121.208358901000111, 0.458978348000073 ], [ 121.20686975700005, 0.458290348000048 ], [ 121.205559686000015, 0.457545799000059 ], [ 121.204957610000065, 0.457792642000072 ], [ 121.204892200000018, 0.457792650000044 ], [ 121.204324710000037, 0.458017160000054 ], [ 121.203980160000015, 0.458180430000027 ], [ 121.203473450000047, 0.458180490000075 ], [ 121.203334360000099, 0.45816614000006 ], [ 121.20309880800005, 0.458141847000036 ], [ 121.203059754000037, 0.458137819000058 ], [ 121.203059713000016, 0.458137197000042 ], [ 121.202941901000031, 0.457948703000056 ], [ 121.202661121, 0.457896403000063 ], [ 121.202649727000107, 0.457882731000041 ], [ 121.201452756000094, 0.457562292000034 ], [ 121.201357002, 0.457624353000028 ], [ 121.201318030000039, 0.457615390000058 ], [ 121.201159190000112, 0.457671130000051 ], [ 121.200616450000098, 0.457921630000044 ], [ 121.200141570000028, 0.458377030000065 ], [ 121.199938060000022, 0.458627490000026 ], [ 121.199723240000026, 0.458889340000042 ], [ 121.199542340000107, 0.459151180000049 ], [ 121.19935018000001, 0.459811450000075 ], [ 121.199327620000076, 0.460346480000055 ], [ 121.199320587000102, 0.460391353000034 ], [ 121.199293720000014, 0.460562770000024 ], [ 121.199215807000087, 0.460630021000043 ], [ 121.199209614000097, 0.460630021000043 ], [ 121.19741706100001, 0.462043506000043 ], [ 121.19739418000006, 0.462042850000046 ], [ 121.19712281000011, 0.462225020000062 ], [ 121.196693150000101, 0.462498270000026 ], [ 121.19621824, 0.462657690000071 ], [ 121.195822480000061, 0.462828490000049 ], [ 121.195623536000085, 0.462867276000054 ], [ 121.195483367000065, 0.462894604000041 ], [ 121.195463189000066, 0.462891939000031 ], [ 121.194589885000028, 0.46320130600003 ], [ 121.194001980000053, 0.463249880000035 ], [ 121.193700082000078, 0.463322732000051 ], [ 121.193686583000044, 0.463320761000034 ], [ 121.189963721000026, 0.463026241000023 ], [ 121.189402291000079, 0.462718015000064 ], [ 121.1892074000001, 0.462521860000038 ], [ 121.189139540000042, 0.462419410000052 ], [ 121.189094300000079, 0.46236250000004 ], [ 121.188879430000043, 0.462134850000041 ], [ 121.188743720000048, 0.462009640000019 ], [ 121.188619320000043, 0.461861670000076 ], [ 121.188438380000093, 0.461713700000075 ], [ 121.188223530000073, 0.461725110000032 ], [ 121.187997370000062, 0.461702370000069 ], [ 121.187827760000118, 0.46174792000005 ], [ 121.187703380000016, 0.461747930000058 ], [ 121.187477220000119, 0.461747960000025 ], [ 121.187205830000039, 0.461759370000038 ], [ 121.186889220000012, 0.461804940000036 ], [ 121.186708300000078, 0.461804960000052 ], [ 121.186692526000115, 0.461798862000023 ], [ 121.186611420000077, 0.461767510000072 ], [ 121.18650475000004, 0.461759450000045 ], [ 121.186337210000033, 0.461572300000057 ], [ 121.186323820000098, 0.461430920000055 ], [ 121.186230200000068, 0.461498250000034 ], [ 121.18606302, 0.461558860000025 ], [ 121.185935960000052, 0.461572340000032 ], [ 121.185775470000067, 0.461693540000056 ], [ 121.185671610000099, 0.461677870000074 ], [ 121.185641710000027, 0.46167336000002 ], [ 121.185334090000083, 0.461686860000043 ], [ 121.185394250000058, 0.461484880000057 ], [ 121.18536749000009, 0.461316570000065 ], [ 121.185394210000027, 0.461101130000031 ], [ 121.185709840000072, 0.46067381000006 ], [ 121.185728520000112, 0.460387450000042 ], [ 121.186069540000062, 0.459943080000073 ], [ 121.18594242000006, 0.459444890000043 ], [ 121.185795240000061, 0.458993830000054 ], [ 121.185628010000073, 0.458536050000021 ], [ 121.185266830000046, 0.458105210000042 ], [ 121.184417450000069, 0.457593640000027 ], [ 121.183721260000084, 0.458185710000066 ], [ 121.182575370000109, 0.459210080000048 ], [ 121.182557152000072, 0.459104966000041 ], [ 121.182228840000107, 0.457210700000076 ], [ 121.181370990000119, 0.45672417000003 ], [ 121.181046030000061, 0.455558670000073 ], [ 121.17984247000004, 0.455633890000058 ], [ 121.179761069000051, 0.455511791000049 ], [ 121.179789075000031, 0.455496711000023 ], [ 121.179967450000049, 0.454197161000025 ], [ 121.179534253000043, 0.453126944000076 ], [ 121.178311109000106, 0.452897611000026 ], [ 121.178257773000041, 0.452903101000061 ], [ 121.177771980000102, 0.451819410000041 ], [ 121.177661010000065, 0.451571870000066 ], [ 121.17758579000008, 0.450368310000044 ], [ 121.177661010000065, 0.449164740000072 ], [ 121.177714940000101, 0.449101010000049 ], [ 121.177718870000035, 0.449096370000063 ], [ 121.177785500000027, 0.449017620000063 ], [ 121.178935796000019, 0.447658177000051 ], [ 121.178935422000109, 0.447654816000068 ], [ 121.178642377000074, 0.446125933000076 ], [ 121.178663370000095, 0.446117130000061 ], [ 121.178651683000112, 0.446110255000065 ], [ 121.177634789000081, 0.442978316000051 ], [ 121.174647892000053, 0.443764318000035 ], [ 121.172807766, 0.444745689000058 ], [ 121.170292927000105, 0.445911067000054 ], [ 121.167967709000095, 0.445684223000058 ], [ 121.167778088000091, 0.445665724000037 ], [ 121.167410062000044, 0.442966954000042 ], [ 121.169202627000118, 0.442388724000068 ], [ 121.169219439000017, 0.442338290000066 ], [ 121.169198460000075, 0.442338290000066 ], [ 121.169197163000035, 0.442340176000073 ], [ 121.169193270000051, 0.442332388000068 ], [ 121.169192279000072, 0.442330954000056 ], [ 121.1704697670001, 0.441931056000044 ], [ 121.17118326800005, 0.43930647000002 ], [ 121.170520731000011, 0.439153582000074 ], [ 121.169705302000011, 0.437369882000041 ], [ 121.163499021, 0.439964235000048 ], [ 121.162568754000063, 0.439691970000069 ], [ 121.162557553000056, 0.439688691000072 ], [ 121.161003140000048, 0.438975212000059 ], [ 121.160493497000061, 0.437675659000035 ], [ 121.160620908000055, 0.435356849000073 ], [ 121.160634086000073, 0.435339279000061 ], [ 121.160446767000053, 0.434711781000033 ], [ 121.158867490000034, 0.42942135200002 ], [ 121.157825832000071, 0.425931897000055 ], [ 121.158284511000033, 0.423893379000049 ], [ 121.157112331, 0.420937528000024 ], [ 121.157214260000046, 0.419816342000047 ], [ 121.159966335000036, 0.416503748000025 ], [ 121.159609584, 0.414159450000056 ], [ 121.159625092000056, 0.414137413000049 ], [ 121.158513851000066, 0.411573077000071 ], [ 121.156373348000102, 0.41024803800002 ], [ 121.152538282000023, 0.410528335000038 ], [ 121.151666126, 0.410228321000034 ], [ 121.149837172000048, 0.407827293000025 ], [ 121.148766920000071, 0.406196475000058 ], [ 121.147594740000045, 0.405253659000039 ], [ 121.145963882000046, 0.404998843000044 ], [ 121.143186325000102, 0.405024325000056 ], [ 121.139567857000088, 0.406986403000076 ], [ 121.139499275000048, 0.407018055000037 ], [ 121.13761847, 0.406438550000075 ], [ 121.131768914000077, 0.403787128000033 ], [ 121.131209704000071, 0.403533655000047 ], [ 121.129753544000096, 0.403704964000042 ], [ 121.128177326000014, 0.403890397000055 ], [ 121.123310231000119, 0.406718847000036 ], [ 121.120876684000109, 0.409165073000054 ], [ 121.120116973000108, 0.408980906000068 ], [ 121.120035772000051, 0.408961221000027 ], [ 121.118737319000047, 0.407956783000031 ], [ 121.118657530000064, 0.407729070000073 ], [ 121.118205340000031, 0.40710923000006 ], [ 121.117522080000072, 0.406190860000038 ], [ 121.117258280000101, 0.405899910000073 ], [ 121.117120110000087, 0.405722810000043 ], [ 121.116843740000036, 0.405457150000075 ], [ 121.116441710000117, 0.405229400000053 ], [ 121.116115090000108, 0.404913130000068 ], [ 121.115851310000039, 0.404508340000064 ], [ 121.115386530000023, 0.40402763000003 ], [ 121.114359150000041, 0.403345210000055 ], [ 121.114306360000114, 0.403310140000031 ], [ 121.114205590000097, 0.40324320000002 ], [ 121.113765880000074, 0.402964860000054 ], [ 121.11341411, 0.402724470000067 ], [ 121.112878740000042, 0.402179530000069 ], [ 121.112640050000095, 0.402002410000023 ], [ 121.112439050000035, 0.401825300000041 ], [ 121.112275730000079, 0.401711430000034 ], [ 121.11196163000011, 0.40159753000006 ], [ 121.111760630000049, 0.401433070000053 ], [ 121.11152195000011, 0.401230650000059 ], [ 121.111295800000107, 0.401078830000074 ], [ 121.111019360000114, 0.40117994000002 ], [ 121.11080572000003, 0.401344320000021 ], [ 121.110416150000106, 0.401533930000028 ], [ 121.109988890000068, 0.40179943000004 ], [ 121.108908170000063, 0.40231773000005 ], [ 121.108506040000066, 0.402532640000061 ], [ 121.108091340000101, 0.402785490000042 ], [ 121.107752040000037, 0.403013070000043 ], [ 121.106450980000091, 0.403826020000054 ], [ 121.106136820000074, 0.403977710000049 ], [ 121.105759820000117, 0.404167340000072 ], [ 121.105508500000042, 0.404319060000034 ], [ 121.105156640000018, 0.404496040000026 ], [ 121.10474191000003, 0.404799480000065 ], [ 121.103711440000097, 0.405431610000051 ], [ 121.103321900000083, 0.40554534000006 ], [ 121.102944920000027, 0.405747610000049 ], [ 121.102580470000021, 0.405987830000072 ], [ 121.10226630000011, 0.40619010000006 ], [ 121.100877920000016, 0.406560040000045 ], [ 121.100551200000041, 0.406661150000048 ], [ 121.100199320000115, 0.406926660000067 ], [ 121.09973436000007, 0.407141560000071 ], [ 121.099432760000013, 0.407331200000044 ], [ 121.098879880000027, 0.407444890000022 ], [ 121.097786720000045, 0.40752051000004 ], [ 121.097535420000099, 0.407533100000023 ], [ 121.09704540000007, 0.407482390000041 ], [ 121.096580530000097, 0.407305220000069 ], [ 121.096341850000044, 0.407102810000026 ], [ 121.096078050000074, 0.406811850000054 ], [ 121.095763990000023, 0.406571480000025 ], [ 121.095374500000048, 0.406444900000054 ], [ 121.095060390000071, 0.406419540000059 ], [ 121.093763170000102, 0.406097430000045 ], [ 121.093430590000025, 0.405994330000055 ], [ 121.093200330000059, 0.405942780000032 ], [ 121.093199870000035, 0.405942630000027 ], [ 121.092920050000089, 0.405848660000061 ], [ 121.09290090200011, 0.405842230000076 ], [ 121.092663100000095, 0.405762380000056 ], [ 121.092432860000031, 0.405633560000069 ], [ 121.092177050000032, 0.405478980000055 ], [ 121.091588670000078, 0.405169810000075 ], [ 121.091179350000061, 0.404937930000074 ], [ 121.090821220000066, 0.404757570000072 ], [ 121.090463070000055, 0.40455146000005 ], [ 121.090053760000046, 0.404371100000049 ], [ 121.089567730000113, 0.403984690000073 ], [ 121.089184050000085, 0.403598310000064 ], [ 121.088416640000105, 0.403005810000025 ], [ 121.08698426, 0.401357290000021 ], [ 121.086702930000115, 0.40097092000002 ], [ 121.086498340000048, 0.400584580000043 ], [ 121.086089060000063, 0.400223950000054 ], [ 121.085756540000034, 0.399863320000065 ], [ 121.0852705100001, 0.399502670000061 ], [ 121.083530930000052, 0.398703930000067 ], [ 121.082865740000102, 0.398600760000022 ], [ 121.082481980000011, 0.398574920000044 ], [ 121.08202150000011, 0.398394530000076 ], [ 121.081586590000029, 0.398239920000037 ], [ 121.081279640000048, 0.39800807000006 ], [ 121.081100610000021, 0.397724740000058 ], [ 121.08079362, 0.397595910000064 ], [ 121.080486600000086, 0.397595840000065 ], [ 121.080153970000083, 0.397698770000034 ], [ 121.079616630000032, 0.397930420000023 ], [ 121.079156060000059, 0.398162090000028 ], [ 121.078669950000062, 0.398187720000067 ], [ 121.078055840000047, 0.39849662000006 ], [ 121.074709690000077, 0.400004830000057 ], [ 121.074300300000118, 0.400210750000042 ], [ 121.073839710000016, 0.400519680000059 ], [ 121.073353520000069, 0.40080284000004 ], [ 121.072739450000086, 0.40098297000003 ], [ 121.0721765400001, 0.401240360000031 ], [ 121.071332140000095, 0.401652200000058 ], [ 121.070666860000074, 0.402012580000076 ], [ 121.070078360000025, 0.402244210000049 ], [ 121.069540970000048, 0.402681880000046 ], [ 121.069029190000037, 0.403068050000059 ], [ 121.068625950000069, 0.403300810000076 ], [ 121.067468310000095, 0.403969020000034 ], [ 121.067186800000059, 0.404355240000029 ], [ 121.067161120000037, 0.404767270000036 ], [ 121.067186530000072, 0.405462600000021 ], [ 121.06705842000008, 0.406286660000035 ], [ 121.066802430000052, 0.406878900000038 ], [ 121.066623270000036, 0.407162130000074 ], [ 121.066444020000063, 0.407780160000073 ], [ 121.066188040000043, 0.408372400000076 ], [ 121.065778590000036, 0.408784350000076 ], [ 121.065420320000044, 0.409144790000028 ], [ 121.065062110000099, 0.409273460000065 ], [ 121.064461100000017, 0.409223130000044 ], [ 121.064026130000116, 0.409377540000037 ], [ 121.063591210000027, 0.409351680000043 ], [ 121.063386560000026, 0.409197110000036 ], [ 121.063028410000015, 0.409094010000047 ], [ 121.062644670000054, 0.408990920000065 ], [ 121.062030660000119, 0.408887760000027 ], [ 121.061416590000022, 0.409016370000074 ], [ 121.060942216000058, 0.409278826000048 ], [ 121.060904830000027, 0.409299510000039 ], [ 121.060435681000058, 0.40964731400004 ], [ 121.060418650000088, 0.40965994000004 ], [ 121.058704260000013, 0.410638110000036 ], [ 121.058269260000088, 0.410869770000033 ], [ 121.057808680000107, 0.411152940000022 ], [ 121.057271300000025, 0.411539090000019 ], [ 121.05658040000003, 0.412028230000033 ], [ 121.055710450000106, 0.412414290000072 ], [ 121.054994, 0.412723150000033 ], [ 121.053420810000034, 0.413329720000036 ], [ 121.051347960000044, 0.415466650000042 ], [ 121.048860370000057, 0.418114820000028 ], [ 121.048849060000066, 0.418126860000029 ], [ 121.04865458200004, 0.418333892000021 ], [ 121.04604844000005, 0.420636148000028 ], [ 121.046049119000031, 0.420647927000061 ], [ 121.046025328000042, 0.420658255000035 ], [ 121.046022744000084, 0.420663665000063 ], [ 121.046019557000022, 0.420660520000069 ], [ 121.041266187000019, 0.425113798000041 ], [ 121.040341692000084, 0.425539858000036 ], [ 121.039437294000095, 0.42573279100003 ], [ 121.038492701000109, 0.425736811000036 ], [ 121.037737027000048, 0.426420114000052 ], [ 121.036442733000058, 0.429189503000032 ], [ 121.036129209000023, 0.429679874000044 ], [ 121.036386460000017, 0.430893742000023 ], [ 121.03657135900005, 0.431132898000044 ], [ 121.036617584000055, 0.431535846000031 ], [ 121.036760277000099, 0.431811177000043 ], [ 121.036761402000025, 0.431811190000076 ], [ 121.036684605000119, 0.431898274000048 ], [ 121.035713435000048, 0.431853285000045 ], [ 121.03373802200008, 0.432154619000073 ], [ 121.033419947000084, 0.432757288000062 ], [ 121.032984686000077, 0.43349388300004 ], [ 121.032633129000033, 0.434381144000042 ], [ 121.031980239000063, 0.435151221000069 ], [ 121.031611941000051, 0.436373299000024 ], [ 121.030791642000054, 0.436775078000039 ], [ 121.029946232000043, 0.437796266000021 ], [ 121.029385416000082, 0.437988785000073 ], [ 121.028978582000036, 0.43847385600003 ], [ 121.028952285000059, 0.438427836000074 ], [ 121.023071105000099, 0.43469565700002 ], [ 121.018471721000083, 0.432659923000074 ], [ 121.011610344000019, 0.432697622000035 ], [ 121.002863974000093, 0.429530922000026 ], [ 121.002282525000055, 0.431638615000054 ], [ 121.002170383000021, 0.431593803000055 ], [ 121.001967636000018, 0.431857893000029 ], [ 121.001965763000044, 0.431856282000069 ], [ 121.00180273, 0.432065850000072 ], [ 121.001538080000046, 0.432127250000065 ], [ 121.001151370000116, 0.431942740000068 ], [ 121.000927570000044, 0.431532900000036 ], [ 121.000744520000012, 0.43093865000003 ], [ 121.000704120000023, 0.429750260000048 ], [ 121.000317450000011, 0.429381360000036 ], [ 120.999890040000082, 0.429155850000029 ], [ 120.999299820000033, 0.428786890000026 ], [ 120.999096998000027, 0.428675461000068 ], [ 120.999093987000037, 0.428663849000031 ], [ 120.995889498000111, 0.425308654000048 ], [ 120.993412777000117, 0.424842461000026 ], [ 120.99268500900007, 0.424705473000074 ], [ 120.990956518000075, 0.424729150000076 ], [ 120.990619580000043, 0.424659490000067 ], [ 120.990192150000098, 0.424515960000065 ], [ 120.990103839000085, 0.424458783000034 ], [ 120.990090490000057, 0.424450140000033 ], [ 120.989943880000055, 0.424355221000042 ], [ 120.989951768000083, 0.424347334000061 ], [ 120.990300492000074, 0.423838399000033 ], [ 120.989659594000045, 0.422255048000068 ], [ 120.989282596000066, 0.421972307000033 ], [ 120.987840576000053, 0.422264473000041 ], [ 120.986931526000035, 0.421862716000021 ], [ 120.986904430000095, 0.421822500000076 ], [ 120.986273520000054, 0.42135109000003 ], [ 120.985744380000028, 0.420961650000038 ], [ 120.984889510000016, 0.420695070000022 ], [ 120.983423950000088, 0.420592250000027 ], [ 120.982650400000011, 0.420714980000071 ], [ 120.982100720000062, 0.421001680000074 ], [ 120.981723180000017, 0.421114560000035 ], [ 120.980833321000091, 0.421007055000075 ], [ 120.980829220000032, 0.421006560000023 ], [ 120.980800260000024, 0.42118148000003 ], [ 120.980531700000029, 0.421260820000043 ], [ 120.979636040000059, 0.421342540000069 ], [ 120.978984670000045, 0.421301390000053 ], [ 120.97867937, 0.421157890000075 ], [ 120.978659070000049, 0.420912 ], [ 120.978821980000021, 0.420727640000052 ], [ 120.978923840000107, 0.42035887000003 ], [ 120.979025810000053, 0.419621290000066 ], [ 120.978964870000027, 0.419109040000023 ], [ 120.978741, 0.418924580000066 ], [ 120.97850969000001, 0.418835810000076 ], [ 120.978313580000076, 0.418760560000067 ], [ 120.977967590000048, 0.418596560000026 ], [ 120.97738555, 0.418021650000071 ], [ 120.976734210000018, 0.417919040000072 ], [ 120.976306750000049, 0.417918930000042 ], [ 120.975879300000088, 0.417877840000074 ], [ 120.975574, 0.417734340000038 ], [ 120.97554944, 0.417714560000036 ], [ 120.975268720000031, 0.417488390000074 ], [ 120.974861660000101, 0.41730388000002 ], [ 120.974238230000083, 0.417158890000053 ], [ 120.974067850000097, 0.417119270000057 ], [ 120.97396609000009, 0.41705778000005 ], [ 120.973558950000097, 0.417160120000062 ], [ 120.973464268000043, 0.417241767000064 ], [ 120.972647528000039, 0.417099729000029 ], [ 120.971883086000048, 0.417864150000071 ], [ 120.971804580000025, 0.417852840000023 ], [ 120.971799562000115, 0.417852117000052 ], [ 120.971725720000109, 0.41784148000005 ], [ 120.971624380000094, 0.417066100000056 ], [ 120.971504680000066, 0.417043480000075 ], [ 120.971138280000105, 0.41706387000005 ], [ 120.970731160000014, 0.41710474000007 ], [ 120.970303680000029, 0.417145610000034 ], [ 120.969978010000091, 0.417166010000074 ], [ 120.969652280000105, 0.417309350000039 ], [ 120.969285840000111, 0.417473180000059 ], [ 120.96906191000005, 0.417534590000059 ], [ 120.967728080000029, 0.418127490000074 ], [ 120.967529970000101, 0.418139900000028 ], [ 120.96751724, 0.418140700000038 ], [ 120.967514198000117, 0.418140890000075 ], [ 120.967402390000075, 0.418147890000057 ], [ 120.9668732, 0.417963360000044 ], [ 120.966425470000104, 0.417655910000065 ], [ 120.966099850000091, 0.417389460000038 ], [ 120.965713160000064, 0.417123010000068 ], [ 120.96570293000002, 0.417119190000051 ], [ 120.96546985000009, 0.417032230000075 ], [ 120.96516363, 0.416917980000051 ], [ 120.964899060000107, 0.416692530000034 ], [ 120.964573470000119, 0.416303150000033 ], [ 120.964532870000085, 0.415872880000052 ], [ 120.96392241, 0.415155600000048 ], [ 120.963596750000079, 0.415032590000067 ], [ 120.963332150000042, 0.414950560000023 ], [ 120.962925060000089, 0.414868500000068 ], [ 120.962355120000097, 0.414868360000071 ], [ 120.961663010000052, 0.414950130000022 ], [ 120.961113390000037, 0.415113900000051 ], [ 120.960767310000051, 0.415257230000066 ], [ 120.960400900000081, 0.415298110000037 ], [ 120.960095610000053, 0.415175100000056 ], [ 120.96009028900005, 0.415168667000046 ], [ 120.960077760000104, 0.415153520000047 ], [ 120.959991030000083, 0.415048710000065 ], [ 120.959892120000063, 0.414929180000058 ], [ 120.959851470000103, 0.414683300000036 ], [ 120.959770140000046, 0.414355460000024 ], [ 120.959688790000087, 0.414089080000053 ], [ 120.95889894000004, 0.41352186000006 ], [ 120.958607480000069, 0.413277260000029 ], [ 120.958299810000085, 0.41303264000004 ], [ 120.957927450000057, 0.412527190000048 ], [ 120.957700850000037, 0.411989160000076 ], [ 120.957312270000102, 0.411483690000068 ], [ 120.956907410000099, 0.411385780000046 ], [ 120.956534880000049, 0.411467190000053 ], [ 120.956478910000101, 0.411551640000027 ], [ 120.956097600000021, 0.411435590000053 ], [ 120.954416140000035, 0.412026370000035 ], [ 120.954414360000101, 0.412029370000027 ], [ 120.953825350000102, 0.413026160000072 ], [ 120.953234570000063, 0.414071390000061 ], [ 120.952734670000041, 0.415162070000065 ], [ 120.952433720000045, 0.415506020000066 ], [ 120.952015800000027, 0.415202040000054 ], [ 120.95164546, 0.414843990000065 ], [ 120.951067650000027, 0.414575380000031 ], [ 120.951030840000044, 0.41456302000006 ], [ 120.950553430000014, 0.414402700000039 ], [ 120.950529500000016, 0.414442100000031 ], [ 120.949804020000101, 0.414354456000069 ], [ 120.949775660000114, 0.414351030000034 ], [ 120.94972121, 0.414433580000036 ], [ 120.94872096000006, 0.414424570000051 ], [ 120.94830615, 0.414141080000036 ], [ 120.94809878, 0.413887480000028 ], [ 120.948009980000052, 0.413484770000025 ], [ 120.947876720000068, 0.413067130000059 ], [ 120.947536040000045, 0.412589780000076 ], [ 120.94712125, 0.412261540000031 ], [ 120.946703360000015, 0.411826160000032 ], [ 120.946466310000119, 0.411736610000048 ], [ 120.946244080000042, 0.411661980000019 ], [ 120.946051490000059, 0.411527700000022 ], [ 120.945888560000071, 0.41127412000003 ], [ 120.945621900000106, 0.41108016000004 ], [ 120.945295940000051, 0.411005500000044 ], [ 120.945094526000048, 0.411018966000029 ], [ 120.945079497000052, 0.411001934000069 ], [ 120.943326453000054, 0.410285655000052 ], [ 120.940649762000021, 0.407844651000062 ], [ 120.938312370000062, 0.406374393000021 ], [ 120.937464123000041, 0.405808909000029 ], [ 120.936220027000104, 0.403961661000039 ], [ 120.935183281000036, 0.402039015000071 ], [ 120.933486787000106, 0.400436810000031 ], [ 120.932977839000046, 0.400088095000058 ], [ 120.932110741000088, 0.399956149000047 ], [ 120.931693489000054, 0.400131121000072 ], [ 120.931461001000116, 0.400108415000034 ], [ 120.931253100000049, 0.40008811000007 ], [ 120.930704850000097, 0.400117800000032 ], [ 120.930186210000102, 0.400281730000074 ], [ 120.929113530000109, 0.400401380000062 ], [ 120.928698640000107, 0.400460940000073 ], [ 120.928105950000031, 0.40046078000006 ], [ 120.927840950000018, 0.400474750000058 ], [ 120.927542900000049, 0.400490460000071 ], [ 120.927083570000036, 0.400490350000041 ], [ 120.926505730000031, 0.400460380000027 ], [ 120.92576487000008, 0.400475100000051 ], [ 120.925142570000048, 0.400400360000049 ], [ 120.92403403000003, 0.400199160000057 ], [ 120.923776580000094, 0.400112500000034 ], [ 120.923346930000093, 0.399948340000037 ], [ 120.923020980000047, 0.399843860000033 ], [ 120.922680230000083, 0.399694620000048 ], [ 120.921983890000092, 0.399515490000056 ], [ 120.92152456000008, 0.399500440000054 ], [ 120.921088860000054, 0.399532820000047 ], [ 120.920724420000056, 0.399559900000042 ], [ 120.920265070000028, 0.399708920000023 ], [ 120.919835320000061, 0.39994745000007 ], [ 120.919346300000029, 0.400141210000072 ], [ 120.918362140000113, 0.400471100000061 ], [ 120.917458240000087, 0.400739330000022 ], [ 120.916895180000097, 0.400813760000062 ], [ 120.916616170000111, 0.400831810000057 ], [ 120.916435850000084, 0.400843470000041 ], [ 120.915902440000082, 0.40087316000006 ], [ 120.91516157, 0.400902810000048 ], [ 120.914776320000101, 0.400962360000051 ], [ 120.913986430000023, 0.401006910000035 ], [ 120.913749350000103, 0.401051600000073 ], [ 120.913393720000045, 0.401140990000044 ], [ 120.912993660000097, 0.401140890000022 ], [ 120.912563980000073, 0.401096030000076 ], [ 120.912089890000061, 0.400931860000071 ], [ 120.91168984, 0.40085718000006 ], [ 120.911334270000111, 0.400752690000047 ], [ 120.911098320000065, 0.400666250000029 ], [ 120.910845350000045, 0.400573590000022 ], [ 120.910371250000026, 0.400469070000042 ], [ 120.909882330000073, 0.400289980000025 ], [ 120.909452720000104, 0.400051240000039 ], [ 120.909023090000119, 0.399782680000044 ], [ 120.90856382000004, 0.399573760000067 ], [ 120.908089720000021, 0.399424490000058 ], [ 120.9072226400001, 0.399256620000074 ], [ 120.906926340000041, 0.399107400000048 ], [ 120.906541150000066, 0.398943250000059 ], [ 120.90620041000011, 0.398749280000061 ], [ 120.905815220000022, 0.398585120000064 ], [ 120.905474470000058, 0.398406070000021 ], [ 120.90494114, 0.398137470000052 ], [ 120.904600370000026, 0.398047900000051 ], [ 120.904066990000047, 0.39795829000002 ], [ 120.903518810000037, 0.397794090000048 ], [ 120.903015080000046, 0.397629900000027 ], [ 120.901666860000091, 0.397256710000022 ], [ 120.901252020000015, 0.397152210000058 ], [ 120.900881630000072, 0.397017890000029 ], [ 120.900526080000077, 0.396838820000028 ], [ 120.900140860000079, 0.396779060000028 ], [ 120.899949730000117, 0.396753370000056 ], [ 120.89969636, 0.396719300000029 ], [ 120.899103710000077, 0.396659490000047 ], [ 120.8982191, 0.396184140000059 ], [ 120.89787836000005, 0.39601999000007 ], [ 120.897552420000011, 0.395915510000066 ], [ 120.897256090000042, 0.39588561000005 ], [ 120.896989340000118, 0.396019760000058 ], [ 120.89669299000002, 0.396109170000045 ], [ 120.896431350000057, 0.396255410000038 ], [ 120.896426250000104, 0.396258250000074 ], [ 120.896100230000116, 0.396481880000067 ], [ 120.89575939000008, 0.396690590000048 ], [ 120.895388920000073, 0.396944030000043 ], [ 120.895269344000098, 0.397011170000042 ], [ 120.894751710000037, 0.397301810000044 ], [ 120.894470140000067, 0.397495610000021 ], [ 120.894188530000065, 0.397883300000046 ], [ 120.893981020000069, 0.398211350000054 ], [ 120.893906860000016, 0.398494710000023 ], [ 120.893825390000075, 0.398674980000067 ], [ 120.893758610000077, 0.398822770000038 ], [ 120.893551080000066, 0.399195560000067 ], [ 120.893047130000014, 0.399956050000071 ], [ 120.892973010000105, 0.400045510000041 ], [ 120.892839590000108, 0.400343750000047 ], [ 120.8926617300001, 0.400522680000051 ], [ 120.8924838800001, 0.400746340000069 ], [ 120.892439380000042, 0.400984950000066 ], [ 120.892380040000035, 0.401268310000034 ], [ 120.892113270000095, 0.40155161000007 ], [ 120.892068800000061, 0.401596330000075 ], [ 120.891876140000022, 0.401790160000076 ], [ 120.891683480000097, 0.401939250000055 ], [ 120.891505630000097, 0.402148 ], [ 120.891187880000075, 0.402710420000062 ], [ 120.891069290000019, 0.402934100000039 ], [ 120.891047269000069, 0.40294517500007 ], [ 120.891019740000047, 0.402959020000026 ], [ 120.890950740000108, 0.402993730000048 ], [ 120.890669180000032, 0.403142790000061 ], [ 120.890565450000054, 0.40323225000003 ], [ 120.890476500000091, 0.403426110000055 ], [ 120.890254200000072, 0.403590090000023 ], [ 120.890031930000077, 0.403664610000021 ], [ 120.889705960000015, 0.403664520000063 ], [ 120.8894244600001, 0.403664450000065 ], [ 120.889054050000027, 0.403604710000025 ], [ 120.888624340000092, 0.403694070000029 ], [ 120.888446490000092, 0.403887900000029 ], [ 120.888357520000113, 0.404171250000047 ], [ 120.888313010000047, 0.404454610000073 ], [ 120.888268470000071, 0.404767790000051 ], [ 120.888135080000097, 0.404946710000047 ], [ 120.887956622000047, 0.40515018800005 ], [ 120.887912760000063, 0.405200200000024 ], [ 120.887660780000033, 0.405558060000033 ], [ 120.887408810000011, 0.405930850000061 ], [ 120.887073730000111, 0.406195700000069 ], [ 120.886786370000095, 0.406422830000054 ], [ 120.88657889000001, 0.406631570000059 ], [ 120.886460320000083, 0.406750850000037 ], [ 120.886267640000028, 0.407049080000036 ], [ 120.88601570000003, 0.407242900000028 ], [ 120.88580821000005, 0.407481460000042 ], [ 120.884993150000014, 0.408018150000032 ], [ 120.884800520000113, 0.408107580000035 ], [ 120.884607850000066, 0.408301410000036 ], [ 120.884415200000035, 0.408420670000055 ], [ 120.884192920000032, 0.408569740000075 ], [ 120.883664620000104, 0.408856300000025 ], [ 120.883501620000061, 0.408975570000052 ], [ 120.883338570000092, 0.409199240000021 ], [ 120.883042150000051, 0.409542180000074 ], [ 120.882864310000059, 0.409706180000057 ], [ 120.882727790000104, 0.409843530000046 ], [ 120.882686470000067, 0.409885100000054 ], [ 120.88262713000006, 0.410153540000067 ], [ 120.88244928000006, 0.410362290000023 ], [ 120.882241800000088, 0.410556100000065 ], [ 120.88204909000001, 0.410869240000068 ], [ 120.881634040000108, 0.411599910000064 ], [ 120.88158954000005, 0.41176396000003 ], [ 120.881485750000024, 0.412077120000049 ], [ 120.881263440000112, 0.412285860000054 ], [ 120.88107229000002, 0.412394020000022 ], [ 120.881026340000062, 0.41242002000007 ], [ 120.880789230000119, 0.412584010000046 ], [ 120.880522500000097, 0.412718160000054 ], [ 120.880181700000094, 0.412792640000021 ], [ 120.879855760000055, 0.41270307000002 ], [ 120.879589070000065, 0.41265825000005 ], [ 120.879263060000085, 0.412837130000071 ], [ 120.879159270000059, 0.413105550000068 ], [ 120.879101160000118, 0.413317360000065 ], [ 120.879040620000069, 0.413538030000041 ], [ 120.878967320000015, 0.413753450000058 ], [ 120.878889740000091, 0.413981420000027 ], [ 120.878860020000047, 0.414309520000074 ], [ 120.878815490000079, 0.414592870000035 ], [ 120.878667240000027, 0.414906020000046 ], [ 120.878459740000039, 0.415159500000073 ], [ 120.87822261000008, 0.415427890000046 ], [ 120.878044730000056, 0.415741030000049 ], [ 120.877777930000093, 0.416128720000074 ], [ 120.87752558000011, 0.416334220000067 ], [ 120.877466710000022, 0.41638217000002 ], [ 120.87705179000011, 0.41657594000003 ], [ 120.876918290000049, 0.417112800000041 ], [ 120.876903370000036, 0.417530380000073 ], [ 120.876932930000066, 0.417828670000063 ], [ 120.876888370000074, 0.41821641000007 ], [ 120.876740150000046, 0.418395340000075 ], [ 120.876399280000101, 0.418768080000063 ], [ 120.876206610000054, 0.418947 ], [ 120.875687820000053, 0.419737300000065 ], [ 120.875554900000111, 0.419896080000058 ], [ 120.875450680000085, 0.420020580000028 ], [ 120.875124630000073, 0.420348600000068 ], [ 120.874828230000048, 0.420616970000026 ], [ 120.87475586000005, 0.420665950000057 ], [ 120.87364897000009, 0.42141502000004 ], [ 120.873471130000098, 0.421593940000037 ], [ 120.873204350000037, 0.421892150000076 ], [ 120.873168938000049, 0.421921836000024 ], [ 120.872937590000106, 0.42211578000007 ], [ 120.872389330000033, 0.422294600000043 ], [ 120.871915210000111, 0.422279540000034 ], [ 120.871678140000085, 0.422234740000022 ], [ 120.87133739, 0.42217499000003 ], [ 120.871026230000098, 0.422204740000041 ], [ 120.870922480000104, 0.422368750000032 ], [ 120.870922440000072, 0.422502970000039 ], [ 120.871040900000025, 0.422771460000035 ], [ 120.87105564, 0.423039920000065 ], [ 120.870981470000061, 0.423397820000048 ], [ 120.870759050000061, 0.423979390000056 ], [ 120.870684960000062, 0.424053940000022 ], [ 120.870477430000051, 0.424367080000025 ], [ 120.870225510000068, 0.424545970000054 ], [ 120.869943940000098, 0.424724850000075 ], [ 120.869706870000073, 0.424754620000044 ], [ 120.869291960000055, 0.424933460000034 ], [ 120.868980780000015, 0.425052700000037 ], [ 120.868595480000067, 0.425321030000021 ], [ 120.868210150000095, 0.425693770000066 ], [ 120.868165630000021, 0.425947290000067 ], [ 120.868047020000063, 0.426230620000069 ], [ 120.867839530000083, 0.426439360000074 ], [ 120.86757276000003, 0.426707720000024 ], [ 120.867001770000115, 0.426778790000071 ], [ 120.866853630000037, 0.42667436000005 ], [ 120.866705520000096, 0.426510260000043 ], [ 120.866527740000038, 0.426420720000067 ], [ 120.866201820000015, 0.42630132000005 ], [ 120.865935180000065, 0.426107380000076 ], [ 120.865594480000027, 0.425809010000023 ], [ 120.865313030000038, 0.425555390000056 ], [ 120.865061170000104, 0.425510590000044 ], [ 120.864394350000111, 0.425808680000046 ], [ 120.864127600000074, 0.426002480000022 ], [ 120.86380164000002, 0.426017300000069 ], [ 120.863505340000074, 0.42589791000006 ], [ 120.863253470000018, 0.425838180000028 ], [ 120.863090410000041, 0.426106590000074 ], [ 120.863090340000099, 0.426375030000031 ], [ 120.863194020000037, 0.426509280000062 ], [ 120.863475480000034, 0.426673410000035 ], [ 120.863742160000015, 0.426777880000031 ], [ 120.864038450000066, 0.42689727000004 ], [ 120.864466950000065, 0.427506350000044 ], [ 120.86458545000005, 0.427595870000061 ], [ 120.864634830000114, 0.427703620000045 ], [ 120.864674300000047, 0.427789770000061 ], [ 120.864748310000095, 0.428058230000033 ], [ 120.864763040000071, 0.428341600000067 ], [ 120.864777760000038, 0.428729370000042 ], [ 120.86476287000005, 0.428967980000039 ], [ 120.864703500000019, 0.429340810000042 ], [ 120.864570070000013, 0.429683780000062 ], [ 120.864392180000095, 0.430011830000069 ], [ 120.864258740000082, 0.430324980000023 ], [ 120.864110450000112, 0.430772350000041 ], [ 120.863799070000027, 0.431637250000051 ], [ 120.863606360000063, 0.431965300000059 ], [ 120.86348777, 0.432188970000027 ], [ 120.863250620000031, 0.432502090000071 ], [ 120.862539090000041, 0.433680080000045 ], [ 120.862376060000088, 0.433888830000058 ], [ 120.862050020000083, 0.434186990000057 ], [ 120.861798030000045, 0.434544860000074 ], [ 120.861363090000054, 0.435219390000043 ], [ 120.861185240000054, 0.435353560000067 ], [ 120.861022560000038, 0.435392500000034 ], [ 120.860874080000031, 0.435428040000033 ], [ 120.860696290000078, 0.435427990000051 ], [ 120.860577770000077, 0.43536830000005 ], [ 120.860414800000058, 0.435308600000042 ], [ 120.860251850000054, 0.435248900000033 ], [ 120.859911060000059, 0.435248800000068 ], [ 120.859673980000025, 0.435338220000062 ], [ 120.859392430000071, 0.435442530000046 ], [ 120.859170170000084, 0.435546860000045 ], [ 120.858844200000021, 0.435502020000058 ], [ 120.858533080000029, 0.43545720000003 ], [ 120.858340450000014, 0.435501880000061 ], [ 120.858177430000069, 0.435680800000057 ], [ 120.858014310000044, 0.436143070000071 ], [ 120.857686640000111, 0.43710580000004 ], [ 120.857642130000045, 0.437344420000045 ], [ 120.857568, 0.437508440000045 ], [ 120.857493810000051, 0.437896180000052 ], [ 120.857419620000087, 0.43826899000004 ], [ 120.857330620000084, 0.438611990000027 ], [ 120.857271300000093, 0.438820760000056 ], [ 120.8572860700001, 0.438999720000027 ], [ 120.857345280000118, 0.43920853000003 ], [ 120.857256320000033, 0.439417290000051 ], [ 120.857137750000106, 0.439551480000034 ], [ 120.85694508000006, 0.439730390000022 ], [ 120.856752380000103, 0.440013700000065 ], [ 120.85661661000006, 0.44015029000002 ], [ 120.856530080000084, 0.440237330000059 ], [ 120.856129900000042, 0.44071445000003 ], [ 120.855907600000023, 0.440938100000039 ], [ 120.85565564, 0.441191550000042 ], [ 120.854726400000118, 0.442206490000046 ], [ 120.854618180000102, 0.442324690000021 ], [ 120.854395870000076, 0.442518490000054 ], [ 120.85411432, 0.442622800000038 ], [ 120.853788350000059, 0.442682370000057 ], [ 120.853477780000048, 0.442577450000044 ], [ 120.85330663000002, 0.442519640000057 ], [ 120.853114000000119, 0.442564320000031 ], [ 120.852862090000031, 0.442683550000027 ], [ 120.852550870000073, 0.442937 ], [ 120.852485391000073, 0.442988232000062 ], [ 120.852284120000036, 0.443145710000067 ], [ 120.8520470200001, 0.443279860000075 ], [ 120.851721050000037, 0.443324500000074 ], [ 120.851469160000079, 0.443339340000023 ], [ 120.850535690000015, 0.443488210000055 ], [ 120.850194870000109, 0.443667060000053 ], [ 120.849957760000052, 0.443845960000033 ], [ 120.849809540000024, 0.444009970000025 ], [ 120.849602090000076, 0.444084470000064 ], [ 120.849365030000058, 0.444099330000029 ], [ 120.849263370000017, 0.444107820000056 ], [ 120.849009430000024, 0.444129050000072 ], [ 120.848742730000026, 0.444158790000074 ], [ 120.848522340000045, 0.444228050000049 ], [ 120.848505650000106, 0.444233290000057 ], [ 120.848238950000109, 0.444263040000067 ], [ 120.847699190000071, 0.44465346000004 ], [ 120.847521390000111, 0.444698140000071 ], [ 120.847269490000031, 0.444757730000049 ], [ 120.847062030000075, 0.444847150000044 ], [ 120.846587840000097, 0.445100540000055 ], [ 120.846202590000075, 0.445219730000019 ], [ 120.845980320000081, 0.44526441000005 ], [ 120.845713610000075, 0.445338890000073 ], [ 120.845520950000036, 0.445532710000066 ], [ 120.845364816000028, 0.445607494000058 ], [ 120.845287939000059, 0.44559059900007 ], [ 120.844314835000091, 0.445422182000073 ], [ 120.843327546000069, 0.44525131000006 ], [ 120.840839354000082, 0.44570369500002 ], [ 120.838049564000016, 0.445515201000035 ], [ 120.835976071000118, 0.444271143000037 ], [ 120.833649651000087, 0.441592315000037 ], [ 120.833487879000018, 0.441406038000025 ], [ 120.83077348900008, 0.439747293000039 ], [ 120.829830992000097, 0.439898088000064 ], [ 120.82930319400009, 0.44155683300005 ], [ 120.829175051000107, 0.443137210000032 ], [ 120.829033630000026, 0.443279490000066 ], [ 120.828826130000039, 0.443532950000019 ], [ 120.828589, 0.443786400000022 ], [ 120.828381500000091, 0.444024970000044 ], [ 120.827933120000012, 0.444494830000053 ], [ 120.82779972000003, 0.444673740000042 ], [ 120.827518130000044, 0.44498684000007 ], [ 120.827206900000078, 0.445270110000024 ], [ 120.826955000000112, 0.44535951000006 ], [ 120.82671791000007, 0.445448930000055 ], [ 120.826199290000091, 0.445702290000042 ], [ 120.826095550000105, 0.445761920000052 ], [ 120.82591772, 0.445911 ], [ 120.825710250000043, 0.446060080000052 ], [ 120.825530765000053, 0.446282283000073 ], [ 120.825521207000065, 0.446285505000048 ], [ 120.825457807000021, 0.446306875000062 ], [ 120.823685913000077, 0.447400138000035 ], [ 120.821800919000111, 0.448116413000037 ], [ 120.81957662700006, 0.44800331700003 ], [ 120.818483331000039, 0.447400138000035 ], [ 120.817890679000016, 0.447359266000035 ], [ 120.817879240000025, 0.447324690000073 ], [ 120.817716300000029, 0.447220250000044 ], [ 120.817479250000019, 0.44719034000002 ], [ 120.817168090000109, 0.447279730000048 ], [ 120.816916210000045, 0.447339310000075 ], [ 120.816708740000081, 0.44742873000007 ], [ 120.816382740000108, 0.447592670000063 ], [ 120.816071590000092, 0.447682060000034 ], [ 120.815775210000083, 0.44783110000003 ], [ 120.815552920000073, 0.44803982000002 ], [ 120.814879830000109, 0.448687050000046 ], [ 120.814672390000055, 0.448761540000021 ], [ 120.814494550000063, 0.448865880000028 ], [ 120.81433152000011, 0.449059700000021 ], [ 120.814153690000012, 0.449223700000061 ], [ 120.813931440000033, 0.449208720000058 ], [ 120.813561020000066, 0.449283170000058 ], [ 120.813264630000049, 0.449521700000048 ], [ 120.8130423, 0.449864630000036 ], [ 120.812919510000029, 0.450019030000021 ], [ 120.812508730000104, 0.450535560000048 ], [ 120.812301220000109, 0.450774100000046 ], [ 120.812034440000048, 0.45107229000007 ], [ 120.811708390000035, 0.451415190000034 ], [ 120.810937710000076, 0.452279930000032 ], [ 120.810745010000119, 0.452563210000051 ], [ 120.810732040000062, 0.452654430000052 ], [ 120.810730170000056, 0.452667600000041 ], [ 120.810774540000011, 0.452891310000041 ], [ 120.810567050000031, 0.453114940000034 ], [ 120.810463370000093, 0.453040360000045 ], [ 120.810330040000053, 0.452980660000037 ], [ 120.810093, 0.452935850000074 ], [ 120.80973739, 0.453025230000037 ], [ 120.809322530000031, 0.453084740000065 ], [ 120.80905580000001, 0.453174140000044 ], [ 120.808803920000059, 0.453248640000027 ], [ 120.808596420000072, 0.453517 ], [ 120.808611130000031, 0.453845090000073 ], [ 120.808685160000095, 0.454024080000067 ], [ 120.808833310000068, 0.454068870000071 ], [ 120.808936970000104, 0.454203120000045 ], [ 120.808951080000043, 0.455106220000062 ], [ 120.809025070000075, 0.455404500000043 ], [ 120.809128730000111, 0.45559841000005 ], [ 120.809276870000076, 0.455643190000046 ], [ 120.809528710000109, 0.455717830000026 ], [ 120.809765740000103, 0.455807390000075 ], [ 120.810017590000029, 0.45586712000005 ], [ 120.810195290000024, 0.456180360000076 ], [ 120.810269290000065, 0.456463720000045 ], [ 120.810224750000089, 0.456747060000055 ], [ 120.810150610000051, 0.456985640000028 ], [ 120.810180110000033, 0.457418130000065 ], [ 120.810141360000102, 0.457799130000069 ], [ 120.810105800000088, 0.458148860000051 ], [ 120.809927920000064, 0.458447070000034 ], [ 120.80972040000006, 0.458775090000074 ], [ 120.809690650000107, 0.459147920000021 ], [ 120.809631290000084, 0.459475990000044 ], [ 120.808890200000064, 0.460430200000076 ], [ 120.808642900000109, 0.460728700000061 ], [ 120.80859376, 0.460788020000052 ], [ 120.808386240000118, 0.461116040000036 ], [ 120.808252840000023, 0.461339690000045 ], [ 120.808104600000092, 0.461608090000027 ], [ 120.807289600000104, 0.462108810000075 ], [ 120.807082120000018, 0.462272780000035 ], [ 120.807043610000051, 0.462317060000032 ], [ 120.806978370000024, 0.462392050000062 ], [ 120.806904210000084, 0.462690290000069 ], [ 120.806918960000075, 0.462884170000052 ], [ 120.80706706, 0.463063180000063 ], [ 120.807244830000059, 0.463137790000076 ], [ 120.807348490000095, 0.463316780000071 ], [ 120.807378030000109, 0.463629970000056 ], [ 120.8076, 0.463781690000076 ], [ 120.807792780000113, 0.463913450000064 ], [ 120.808118720000039, 0.463928470000042 ], [ 120.808415060000016, 0.463883810000027 ], [ 120.808726190000016, 0.463913740000066 ], [ 120.808903950000058, 0.464003280000043 ], [ 120.80911126, 0.464361250000024 ], [ 120.809437130000106, 0.46462979000006 ], [ 120.809851940000044, 0.46473431000004 ], [ 120.810311180000099, 0.464913410000065 ], [ 120.810429610000028, 0.465226630000075 ], [ 120.810429510000063, 0.465554710000049 ], [ 120.810444220000022, 0.465942470000073 ], [ 120.8106071200001, 0.466136390000031 ], [ 120.810933030000115, 0.46627071000006 ], [ 120.810973640000043, 0.466508720000036 ], [ 120.811011180000037, 0.466728750000073 ], [ 120.811169670000027, 0.467657700000075 ], [ 120.811258400000042, 0.468194600000061 ], [ 120.811154560000091, 0.468597230000057 ], [ 120.811169240000027, 0.469044630000042 ], [ 120.811243140000101, 0.469596430000024 ], [ 120.811302300000079, 0.469939470000043 ], [ 120.811346030000095, 0.470826220000049 ], [ 120.811464480000041, 0.471064870000021 ], [ 120.811612530000048, 0.471422830000051 ], [ 120.811642070000062, 0.47170619000002 ], [ 120.811627150000049, 0.472049190000064 ], [ 120.811620030000086, 0.472290190000024 ], [ 120.811612170000103, 0.472556230000066 ], [ 120.811419330000035, 0.47331674000003 ], [ 120.811330360000056, 0.473597860000041 ], [ 120.811315510000099, 0.473644790000037 ], [ 120.8112413, 0.474107090000075 ], [ 120.811160200000018, 0.474310970000033 ], [ 120.811063360000048, 0.474554420000061 ], [ 120.810663200000022, 0.474956950000035 ], [ 120.810263120000059, 0.475105950000057 ], [ 120.810044990000051, 0.475145798000028 ], [ 120.809786380000105, 0.475193040000022 ], [ 120.80911441, 0.473906250000027 ], [ 120.809107660000109, 0.473892750000061 ], [ 120.809062870000048, 0.47391078000004 ], [ 120.809052980000047, 0.473914760000071 ], [ 120.808684720000088, 0.473965780000071 ], [ 120.808373550000056, 0.474055140000075 ], [ 120.80821061000006, 0.473980540000071 ], [ 120.808210640000084, 0.473891060000028 ], [ 120.808210680000116, 0.473771750000026 ], [ 120.808283980000056, 0.473335740000039 ], [ 120.808387790000097, 0.473037500000032 ], [ 120.808536080000067, 0.472619980000047 ], [ 120.808477230000108, 0.471322530000066 ], [ 120.808447750000028, 0.470815470000048 ], [ 120.808344100000113, 0.470606650000036 ], [ 120.807995770000048, 0.469890750000047 ], [ 120.807669900000064, 0.469592380000051 ], [ 120.807521780000116, 0.469487940000022 ], [ 120.807255110000028, 0.469428220000054 ], [ 120.806618, 0.469487660000027 ], [ 120.806366130000015, 0.46953233000005 ], [ 120.805980870000099, 0.469696240000076 ], [ 120.805758550000064, 0.469934790000025 ], [ 120.805639930000098, 0.470233 ], [ 120.805462030000058, 0.470561050000072 ], [ 120.805388770000036, 0.470589380000035 ], [ 120.805269400000043, 0.470635540000046 ], [ 120.805047130000048, 0.470754770000042 ], [ 120.804721140000083, 0.470888900000034 ], [ 120.804662279000013, 0.470870028000036 ], [ 120.804395210000052, 0.47078440000007 ], [ 120.80401001000007, 0.47073953000006 ], [ 120.803751860000034, 0.470791420000069 ], [ 120.80341734000001, 0.470858650000025 ], [ 120.803061720000073, 0.470992760000058 ], [ 120.801787390000072, 0.471484480000072 ], [ 120.80143178000003, 0.471588760000031 ], [ 120.801431490000027, 0.471588840000038 ], [ 120.80129855000007, 0.471624820000045 ], [ 120.801047080000103, 0.471692880000035 ], [ 120.801046540000016, 0.47169303000004 ], [ 120.80054279, 0.471722710000051 ], [ 120.800441080000041, 0.470977310000023 ], [ 120.799723370000038, 0.470977310000023 ], [ 120.799390780000067, 0.470889790000058 ], [ 120.799163210000074, 0.470767250000051 ], [ 120.798988160000022, 0.470697230000042 ], [ 120.798743090000016, 0.470574700000043 ], [ 120.798498020000011, 0.470557190000022 ], [ 120.797971120000057, 0.470340130000068 ], [ 120.797607010000092, 0.470116070000074 ], [ 120.797312930000089, 0.469976030000055 ], [ 120.797074860000066, 0.469821980000063 ], [ 120.796878800000059, 0.469681940000044 ], [ 120.796738760000039, 0.469569910000075 ], [ 120.796706702000051, 0.469554949000042 ], [ 120.796528700000067, 0.469471880000071 ], [ 120.796360650000111, 0.46938786000004 ], [ 120.796234620000064, 0.469261820000042 ], [ 120.79613659000006, 0.469121780000023 ], [ 120.795982550000076, 0.469023750000019 ], [ 120.795800490000033, 0.468813690000047 ], [ 120.795646450000049, 0.468603630000075 ], [ 120.79526834, 0.468309550000072 ], [ 120.794932240000094, 0.467945440000051 ], [ 120.794554130000051, 0.467539320000071 ], [ 120.794344070000079, 0.467329260000042 ], [ 120.79420403000006, 0.46711920000007 ], [ 120.794078, 0.46689514000002 ], [ 120.793867940000041, 0.466671070000075 ], [ 120.793615860000045, 0.466405 ], [ 120.79336029000001, 0.466124920000027 ], [ 120.793272770000044, 0.465897350000034 ], [ 120.793167740000058, 0.465914860000055 ], [ 120.793132720000017, 0.465792320000048 ], [ 120.793045200000051, 0.465232160000028 ], [ 120.792922660000045, 0.465127130000042 ], [ 120.792905160000032, 0.465074610000045 ], [ 120.792940170000065, 0.465039600000068 ], [ 120.792957670000078, 0.464952080000046 ], [ 120.792922660000045, 0.46475952000003 ], [ 120.792870150000113, 0.464601980000054 ], [ 120.792817630000059, 0.46421687000003 ], [ 120.792782620000025, 0.463796750000029 ], [ 120.792751098000053, 0.463730546000022 ], [ 120.792718900000068, 0.463662920000047 ], [ 120.792607570000087, 0.463429140000073 ], [ 120.792467530000067, 0.463061530000061 ], [ 120.792257470000095, 0.46271143000007 ], [ 120.792117430000076, 0.46209876000006 ], [ 120.79192488000001, 0.461801170000058 ], [ 120.791819850000024, 0.461451070000066 ], [ 120.791592280000032, 0.461100970000075 ], [ 120.791119650000041, 0.46062833000002 ], [ 120.790594490000103, 0.460313240000062 ], [ 120.790384430000017, 0.460190710000063 ], [ 120.790121860000113, 0.460015660000067 ], [ 120.789614210000082, 0.459840610000072 ], [ 120.789211590000036, 0.459840610000072 ], [ 120.789036540000097, 0.459840610000072 ], [ 120.788843990000032, 0.459840610000072 ], [ 120.788598920000027, 0.459928130000037 ], [ 120.788126280000029, 0.460050670000044 ], [ 120.787513610000019, 0.460225720000039 ], [ 120.787075980000054, 0.460523300000034 ], [ 120.786568330000023, 0.46062833000002 ], [ 120.785780610000074, 0.460750870000027 ], [ 120.785342980000109, 0.460995940000032 ], [ 120.784493990000101, 0.461276020000071 ], [ 120.783667750000063, 0.461458070000049 ], [ 120.783093580000013, 0.461668130000021 ], [ 120.782757490000108, 0.461738150000031 ], [ 120.782239340000046, 0.461766160000025 ], [ 120.781889240000055, 0.46175216000006 ], [ 120.781679170000075, 0.46175216000006 ], [ 120.781595150000044, 0.461780160000046 ], [ 120.781525130000091, 0.461794170000076 ], [ 120.781399090000036, 0.46180817000004 ], [ 120.781189030000064, 0.461738150000031 ], [ 120.780726900000104, 0.461724150000066 ], [ 120.780208750000043, 0.461374050000074 ], [ 120.779629080000063, 0.461352110000064 ], [ 120.779080960000101, 0.461158070000067 ], [ 120.77886138000008, 0.461037420000025 ], [ 120.77885914, 0.461036190000073 ], [ 120.778744890000098, 0.460856370000045 ], [ 120.778682310000022, 0.460757870000066 ], [ 120.778290200000015, 0.460463790000063 ], [ 120.777856070000098, 0.460169700000051 ], [ 120.777303520000032, 0.459755710000024 ], [ 120.776613920000045, 0.459200580000072 ], [ 120.776110280000012, 0.458917080000049 ], [ 120.775754750000033, 0.45875293000006 ], [ 120.775191850000056, 0.458409760000052 ], [ 120.774717890000034, 0.457977150000033 ], [ 120.774470690000044, 0.457881600000064 ], [ 120.774376070000017, 0.457845030000044 ], [ 120.774230430000102, 0.457777810000039 ], [ 120.774174410000114, 0.457721800000058 ], [ 120.773502220000069, 0.457419310000034 ], [ 120.773030560000052, 0.457098900000062 ], [ 120.772600360000069, 0.456821060000038 ], [ 120.772170160000087, 0.456650770000067 ], [ 120.77154277000011, 0.456498400000044 ], [ 120.771031910000033, 0.456498400000044 ], [ 120.770798880000029, 0.456507370000054 ], [ 120.770386600000052, 0.456453590000024 ], [ 120.770296980000012, 0.456444630000021 ], [ 120.77018046, 0.456444630000021 ], [ 120.76965167000003, 0.456426700000065 ], [ 120.769477620000089, 0.456426700000065 ], [ 120.769221470000048, 0.456426700000065 ], [ 120.768791260000057, 0.456399820000058 ], [ 120.768361060000075, 0.456480480000039 ], [ 120.767774640000084, 0.456590580000068 ], [ 120.767225430000053, 0.456708270000036 ], [ 120.76683313, 0.456825950000052 ], [ 120.766381990000014, 0.457080950000034 ], [ 120.765970080000102, 0.457394790000023 ], [ 120.765518940000106, 0.457924390000073 ], [ 120.764210630000093, 0.458630520000042 ], [ 120.763708490000113, 0.458975740000028 ], [ 120.76326911000001, 0.45932096000007 ], [ 120.762782660000084, 0.45963480000006 ], [ 120.761877630000072, 0.460235440000019 ], [ 120.76186700400001, 0.460248862000071 ], [ 120.761146050000093, 0.460457223000049 ], [ 120.760274362000018, 0.460613675000047 ], [ 120.759821755000075, 0.461010392000048 ], [ 120.759308622000049, 0.461385574000076 ], [ 120.759307683000088, 0.461384758000065 ], [ 120.758715383000094, 0.461792650000064 ], [ 120.758751656000072, 0.461847764000026 ], [ 120.758419232000051, 0.462105553000072 ], [ 120.758420561000094, 0.462107995000054 ], [ 120.758413645000019, 0.462105553000072 ], [ 120.757111701000099, 0.462854286000038 ], [ 120.755837297000085, 0.463489300000049 ], [ 120.755832730000066, 0.463482450000072 ], [ 120.755749834000085, 0.463504556000032 ], [ 120.755456130000084, 0.463582880000047 ], [ 120.75529293000011, 0.46363309000003 ], [ 120.75523016000011, 0.463846500000045 ], [ 120.755217610000045, 0.464085020000027 ], [ 120.755255270000021, 0.46431098000005 ], [ 120.755242720000069, 0.46456205000004 ], [ 120.75523016000011, 0.465013980000037 ], [ 120.755016750000095, 0.46530271000006 ], [ 120.754665250000016, 0.465503560000059 ], [ 120.75412545000006, 0.465478460000043 ], [ 120.753246710000099, 0.465378030000068 ], [ 120.752807340000118, 0.465126960000021 ], [ 120.752179660000024, 0.465152070000045 ], [ 120.751690070000109, 0.465591440000026 ], [ 120.751551990000053, 0.466068470000039 ], [ 120.751476660000094, 0.466419970000061 ], [ 120.751300920000062, 0.466683590000059 ], [ 120.751125170000023, 0.46679658000005 ], [ 120.750906420000092, 0.466684600000065 ], [ 120.750869580000085, 0.466665740000053 ], [ 120.750746990000039, 0.466445080000028 ], [ 120.749962400000072, 0.46588115000003 ], [ 120.748981660000027, 0.46575856000004 ], [ 120.748344170000109, 0.46602826000003 ], [ 120.747755730000108, 0.466371520000052 ], [ 120.74719180000011, 0.466665740000053 ], [ 120.7466033500001, 0.466861890000075 ], [ 120.746192987000086, 0.467067076000035 ], [ 120.746183200000019, 0.467071970000063 ], [ 120.74606395, 0.467131600000073 ], [ 120.745475500000111, 0.467523890000052 ], [ 120.74488706000011, 0.46779360000005 ], [ 120.744880521000027, 0.467797959000052 ], [ 120.744298610000101, 0.468185900000037 ], [ 120.743930830000068, 0.468357530000048 ], [ 120.743587570000045, 0.468431080000073 ], [ 120.742999130000044, 0.468651750000049 ], [ 120.74227583000004, 0.468941070000028 ], [ 120.741824690000044, 0.469254900000067 ], [ 120.741432390000114, 0.469509900000048 ], [ 120.740922400000045, 0.469961040000044 ], [ 120.740549720000104, 0.469961040000044 ], [ 120.740333180000107, 0.469997130000024 ], [ 120.739961280000102, 0.470059110000022 ], [ 120.738764770000103, 0.470235650000063 ], [ 120.738156710000112, 0.470490640000037 ], [ 120.736783670000023, 0.470882940000024 ], [ 120.735626390000107, 0.471608690000039 ], [ 120.733462880000047, 0.472840500000075 ], [ 120.733382930000062, 0.472909410000057 ], [ 120.733007810000117, 0.473232800000062 ], [ 120.732599820000019, 0.473374020000051 ], [ 120.732113370000093, 0.473656480000045 ], [ 120.731391550000012, 0.473829090000038 ], [ 120.731109090000018, 0.474017390000029 ], [ 120.730701110000041, 0.474205690000019 ], [ 120.730293120000056, 0.474394 ], [ 120.729665440000076, 0.474613680000061 ], [ 120.7291319200001, 0.474849060000054 ], [ 120.728802390000055, 0.474958900000047 ], [ 120.728676850000056, 0.475021670000046 ], [ 120.72797072000003, 0.475304120000033 ], [ 120.727389807, 0.475438824000037 ], [ 120.726887980000015, 0.475555190000023 ], [ 120.725271710000015, 0.476292710000052 ], [ 120.724706810000043, 0.477438220000067 ], [ 120.72457656000006, 0.477764610000065 ], [ 120.724099530000103, 0.478304410000021 ], [ 120.724079720000077, 0.478313126000046 ], [ 120.723471860000018, 0.478580590000035 ], [ 120.722919500000103, 0.479019960000073 ], [ 120.722530340000048, 0.479220820000023 ], [ 120.721940330000052, 0.479497 ], [ 120.721526060000087, 0.479810830000019 ], [ 120.721375420000072, 0.480124670000066 ], [ 120.721220793000043, 0.480327156000044 ], [ 120.720848170000068, 0.480815110000037 ], [ 120.72024435000003, 0.481611010000051 ], [ 120.71951123000008, 0.482002670000043 ], [ 120.719280240000103, 0.482344130000058 ], [ 120.719029170000113, 0.482715710000036 ], [ 120.718667630000027, 0.483137510000063 ], [ 120.718476820000092, 0.483348410000076 ], [ 120.718286, 0.483579390000045 ], [ 120.71790438000005, 0.484041360000049 ], [ 120.716923190000102, 0.485081800000046 ], [ 120.716577720000032, 0.485604020000039 ], [ 120.716272420000109, 0.486029840000072 ], [ 120.71583054000007, 0.486544030000061 ], [ 120.715862670000092, 0.487130530000059 ], [ 120.71583054000007, 0.487379590000046 ], [ 120.715742160000104, 0.487813440000025 ], [ 120.715677890000052, 0.487837540000044 ], [ 120.715452930000083, 0.48803840000005 ], [ 120.715059250000081, 0.488279430000034 ], [ 120.714271890000077, 0.488946270000042 ], [ 120.713678870000081, 0.489285420000044 ], [ 120.712667470000042, 0.489837090000037 ], [ 120.712391640000078, 0.490603290000024 ], [ 120.712249680000014, 0.491403070000047 ], [ 120.711946700000112, 0.491799610000044 ], [ 120.711878726, 0.491980991000048 ], [ 120.711717380000096, 0.492411530000027 ], [ 120.711280150000107, 0.492653720000021 ], [ 120.710920530000067, 0.493085790000066 ], [ 120.71067534000008, 0.493392280000023 ], [ 120.710431800000038, 0.493660340000019 ], [ 120.710338210000032, 0.494127830000025 ], [ 120.710246270000084, 0.494464960000073 ], [ 120.710158720000095, 0.494486850000044 ], [ 120.71012367000003, 0.494495610000058 ], [ 120.710031730000082, 0.494740800000045 ], [ 120.709798320000118, 0.495164180000074 ], [ 120.708993950000036, 0.496299770000064 ], [ 120.707886350000081, 0.496978120000051 ], [ 120.707150800000022, 0.49734589000002 ], [ 120.706568480000101, 0.49783627000005 ], [ 120.705610830000069, 0.498831190000033 ], [ 120.705308840000043, 0.499264470000071 ], [ 120.703813210000021, 0.499705810000023 ], [ 120.702685350000024, 0.500147140000024 ], [ 120.701336830000059, 0.500686550000069 ], [ 120.700748390000058, 0.501029810000034 ], [ 120.700274125000078, 0.501396268000065 ], [ 120.70027253, 0.501397500000053 ], [ 120.69841912000004, 0.502795150000054 ], [ 120.69844364000005, 0.503677810000056 ], [ 120.698811420000084, 0.504903740000032 ], [ 120.699056610000071, 0.505786410000042 ], [ 120.698909500000013, 0.50676715000003 ], [ 120.697291270000051, 0.508630560000029 ], [ 120.696388840000054, 0.509204833000069 ], [ 120.695403340000098, 0.50983197000005 ], [ 120.6948394100001, 0.509611310000025 ], [ 120.6936870400001, 0.509758420000026 ], [ 120.693539930000043, 0.510175230000073 ], [ 120.692951490000041, 0.51029783000007 ], [ 120.691848150000055, 0.510469460000024 ], [ 120.691431330000114, 0.511229530000037 ], [ 120.691063560000089, 0.511352120000026 ], [ 120.689126590000114, 0.511106940000047 ], [ 120.688268440000115, 0.512038640000071 ], [ 120.688269517000094, 0.51205255800005 ], [ 120.687908327000059, 0.511660299000027 ], [ 120.687473067000042, 0.512095559000045 ], [ 120.687221955000041, 0.512999562000061 ], [ 120.686435138000093, 0.512631264000049 ], [ 120.685648320000041, 0.512614524000071 ], [ 120.684794540000098, 0.511794225000074 ], [ 120.684275576000118, 0.511057630000039 ], [ 120.682902831000092, 0.51012014600002 ], [ 120.682459491000031, 0.50999261000004 ], [ 120.682457545000034, 0.509992050000051 ], [ 120.681680753000023, 0.509768589000032 ], [ 120.679973192000034, 0.509701626000037 ], [ 120.679740689000027, 0.509701626000037 ], [ 120.679532896000069, 0.509637363000024 ], [ 120.679327546000081, 0.509675078000043 ], [ 120.679245127000058, 0.509612219000076 ], [ 120.67924291700001, 0.509613652000041 ], [ 120.677046403000077, 0.50952213000005 ], [ 120.67603073600003, 0.509479810000073 ], [ 120.674189249000051, 0.509278921000032 ], [ 120.673017393, 0.509329143000059 ], [ 120.67196040400006, 0.509428125000056 ], [ 120.669837009000048, 0.509626972000035 ], [ 120.669830854000111, 0.509627549000072 ], [ 120.668011897000042, 0.509797886000058 ], [ 120.665232926000044, 0.511639373000037 ], [ 120.662310404000095, 0.512613547000058 ], [ 120.662299325000049, 0.512617240000054 ], [ 120.66121513600001, 0.512978636000071 ], [ 120.656728604000023, 0.514451825000037 ], [ 120.655121488000077, 0.514853604000052 ], [ 120.654776975000118, 0.515023564000046 ], [ 120.652610369000058, 0.516092423000032 ], [ 120.651709483000104, 0.516993309000043 ], [ 120.649797916000011, 0.518904876000022 ], [ 120.647521169000015, 0.520378066000035 ], [ 120.647440009000093, 0.520360674000074 ], [ 120.643771231000073, 0.519574508000062 ], [ 120.642002539000032, 0.517679480000027 ], [ 120.641900448000115, 0.517716280000059 ], [ 120.641899103000014, 0.517715009000028 ], [ 120.640862519000052, 0.518025984000076 ], [ 120.64086890100009, 0.518046621000053 ], [ 120.640869588000101, 0.518048842000042 ], [ 120.640869058000021, 0.518048480000061 ], [ 120.640658403000089, 0.522691718000033 ], [ 120.640656921000073, 0.522688189000064 ], [ 120.640729994000026, 0.52107752400002 ], [ 120.640859231000036, 0.518228892000025 ], [ 120.640861048000033, 0.518188850000058 ], [ 120.640867117000084, 0.518055067000034 ], [ 120.640523384000062, 0.517800077000061 ], [ 120.640515857000082, 0.517779416000053 ], [ 120.640515468000103, 0.517778349000025 ], [ 120.640515115000085, 0.51777738100003 ], [ 120.640514045000032, 0.517777946000024 ], [ 120.640510548000066, 0.517776955000045 ], [ 120.640329020000081, 0.517725507000023 ], [ 120.640132030000018, 0.517661537000038 ], [ 120.64000494000004, 0.517591177000043 ], [ 120.63980795000009, 0.517456847000062 ], [ 120.639598260000071, 0.517437667000024 ], [ 120.63936315, 0.51745046700006 ], [ 120.638708650000012, 0.517412107000041 ], [ 120.637717370000018, 0.51734177700007 ], [ 120.636516390000111, 0.517105137000044 ], [ 120.635969920000093, 0.517226697000069 ], [ 120.6349405200001, 0.517258717000061 ], [ 120.634788020000087, 0.517245927000033 ], [ 120.634679990000109, 0.517188357000066 ], [ 120.634438530000011, 0.517213957000024 ], [ 120.634254250000026, 0.517169177000028 ], [ 120.633942890000071, 0.517169187000036 ], [ 120.633676, 0.517098837000049 ], [ 120.633377350000046, 0.517143627000053 ], [ 120.632875360000071, 0.517194817000075 ], [ 120.632449610000094, 0.517022117000067 ], [ 120.632125520000045, 0.516344057000026 ], [ 120.631382040000062, 0.515749167000024 ], [ 120.630479740000055, 0.516171387000043 ], [ 120.629717240000105, 0.516676767000035 ], [ 120.629278800000066, 0.516900677000024 ], [ 120.628732330000048, 0.517201347000025 ], [ 120.628052430000025, 0.517508427000053 ], [ 120.627671170000099, 0.517668357000048 ], [ 120.6272212, 0.517914857000051 ], [ 120.626599310000074, 0.518010537000066 ], [ 120.626305030000026, 0.518055807000053 ], [ 120.626304810000079, 0.518055907000075 ], [ 120.625504360000036, 0.518244147000075 ], [ 120.625269260000096, 0.518404077000071 ], [ 120.62472278000007, 0.518442477000065 ], [ 120.624278295000067, 0.51846409500007 ], [ 120.624267077000013, 0.518500844000073 ], [ 120.624156110000058, 0.518506240000022 ], [ 120.623801410000056, 0.518523490000064 ], [ 120.623356610000087, 0.518779380000069 ], [ 120.62296265000009, 0.519067250000035 ], [ 120.622683060000099, 0.519207990000041 ], [ 120.62245431000008, 0.519297560000041 ], [ 120.622142950000011, 0.519451090000075 ], [ 120.621914200000106, 0.519521470000029 ], [ 120.621544690000064, 0.519669020000038 ], [ 120.621503800000028, 0.519696460000034 ], [ 120.621299780000072, 0.519793120000031 ], [ 120.62104776000001, 0.519885750000071 ], [ 120.620747730000062, 0.519958250000059 ], [ 120.620628211000053, 0.519988337000029 ], [ 120.620587720000117, 0.519998530000066 ], [ 120.620307690000118, 0.52001867000007 ], [ 120.620079660000101, 0.520030760000054 ], [ 120.61979163, 0.520026740000048 ], [ 120.619379590000108, 0.520026760000064 ], [ 120.618951540000012, 0.520026770000072 ], [ 120.618659510000043, 0.520014700000047 ], [ 120.618497570000045, 0.520006810000041 ], [ 120.61843827000007, 0.520031070000073 ], [ 120.617697680000106, 0.519951210000045 ], [ 120.617116665000026, 0.519895266000049 ], [ 120.616895490000047, 0.519873970000049 ], [ 120.615815960000077, 0.520127990000049 ], [ 120.615028030000076, 0.520313380000061 ], [ 120.614974760000109, 0.520325910000054 ], [ 120.614964900000018, 0.520328230000075 ], [ 120.614777380000078, 0.52038790000006 ], [ 120.614414440000019, 0.520503380000036 ], [ 120.613715690000049, 0.520725710000022 ], [ 120.610990150000021, 0.521236750000071 ], [ 120.609839817000079, 0.521347357000025 ], [ 120.60975846000008, 0.521355180000057 ], [ 120.608887260000074, 0.521438950000061 ], [ 120.608427630000051, 0.521483140000043 ], [ 120.608179470000096, 0.52150701000005 ], [ 120.60803748, 0.521520660000022 ], [ 120.607829950000109, 0.521495750000042 ], [ 120.606617930000084, 0.521350310000059 ], [ 120.606572680000113, 0.521307730000046 ], [ 120.60599529000001, 0.520764300000053 ], [ 120.605744320000099, 0.520806770000036 ], [ 120.605449710000016, 0.520856630000026 ], [ 120.60475507000001, 0.520901700000024 ], [ 120.604296220000037, 0.52084737000007 ], [ 120.604012820000094, 0.52083379000004 ], [ 120.603837380000073, 0.520915310000021 ], [ 120.603553020000049, 0.521064399000068 ], [ 120.603545980000035, 0.521068090000028 ], [ 120.603539770000111, 0.521071350000057 ], [ 120.603141830000027, 0.520904040000062 ], [ 120.602833600000054, 0.520995260000063 ], [ 120.602203580000037, 0.520885650000025 ], [ 120.602001306000034, 0.520719800000052 ], [ 120.60147165, 0.520285520000073 ], [ 120.601459980000072, 0.519822898000029 ], [ 120.601460677000091, 0.519822591000036 ], [ 120.601578980000113, 0.519480147000024 ], [ 120.60167724400003, 0.519195711000066 ], [ 120.601717138000026, 0.518956357000036 ], [ 120.601682943000014, 0.518722702000048 ], [ 120.601500571000088, 0.518283886000063 ], [ 120.601284003000046, 0.517993241000056 ], [ 120.600970550000056, 0.517845070000021 ], [ 120.60037839000006, 0.517898495000054 ], [ 120.600232629000061, 0.517911646000073 ], [ 120.60015063000003, 0.517931560000022 ], [ 120.599935950000031, 0.517981170000041 ], [ 120.599724180000067, 0.518051230000026 ], [ 120.599495, 0.518124200000045 ], [ 120.59944737100011, 0.51814455300007 ], [ 120.599283220000075, 0.518214700000044 ], [ 120.59912076, 0.518290610000065 ], [ 120.599080150000077, 0.518299360000071 ], [ 120.5989293, 0.518346070000064 ], [ 120.59876974000008, 0.518389850000062 ], [ 120.59864790000006, 0.518424870000047 ], [ 120.598645180000062, 0.518428300000039 ], [ 120.598645140000031, 0.518424580000044 ], [ 120.598588220000011, 0.518436520000023 ], [ 120.598334830000113, 0.518479790000072 ], [ 120.597985830000084, 0.518523060000064 ], [ 120.597847180000031, 0.51857117000003 ], [ 120.59782623000001, 0.518579602000045 ], [ 120.597632030000113, 0.518657770000061 ], [ 120.59743122000009, 0.518744370000036 ], [ 120.597149130000048, 0.518893530000071 ], [ 120.596910080000043, 0.519023440000069 ], [ 120.596723610000026, 0.519129290000024 ], [ 120.596618430000035, 0.519167780000032 ], [ 120.596465440000088, 0.51923032000002 ], [ 120.596259850000024, 0.519316920000051 ], [ 120.596068610000088, 0.519389090000061 ], [ 120.595901270000013, 0.519461260000071 ], [ 120.595179390000112, 0.519355270000062 ], [ 120.59483517000001, 0.519335970000043 ], [ 120.594603353000025, 0.519327980000071 ], [ 120.594414460000053, 0.519321470000023 ], [ 120.594127630000116, 0.519210740000062 ], [ 120.594123150000087, 0.519212740000057 ], [ 120.59412240000006, 0.519207030000075 ], [ 120.593932020000011, 0.519133330000045 ], [ 120.593496640000012, 0.519060290000027 ], [ 120.593097530000023, 0.519005510000056 ], [ 120.59300974700011, 0.518995694000068 ], [ 120.592444460000024, 0.518932480000046 ], [ 120.59190022000007, 0.518658560000063 ], [ 120.591410410000094, 0.518622040000025 ], [ 120.590993170000047, 0.518567270000062 ], [ 120.59077547000004, 0.518329860000051 ], [ 120.59055778000004, 0.518439440000066 ], [ 120.590358230000106, 0.518366400000048 ], [ 120.590104250000081, 0.518165520000025 ], [ 120.589904700000034, 0.518147260000035 ], [ 120.589652430000115, 0.517958260000057 ], [ 120.588761800000043, 0.517453320000072 ], [ 120.588329892000047, 0.517345717000069 ], [ 120.588193750000073, 0.517311800000073 ], [ 120.58745676, 0.516798180000023 ], [ 120.586549690000084, 0.515999220000026 ], [ 120.586535370000092, 0.515981200000056 ], [ 120.586209540000027, 0.515571200000068 ], [ 120.585277875000088, 0.514430570000059 ], [ 120.585160730000098, 0.51428715000003 ], [ 120.584338710000111, 0.513944750000064 ], [ 120.582666320000044, 0.513488230000064 ], [ 120.581957690000081, 0.513317030000053 ], [ 120.581475810000029, 0.513060230000065 ], [ 120.580908890000046, 0.512603680000041 ], [ 120.580341980000071, 0.512461020000046 ], [ 120.579293200000052, 0.512175700000057 ], [ 120.579054327000108, 0.512046221000048 ], [ 120.57901311, 0.512023880000072 ], [ 120.578556210000102, 0.511776220000058 ], [ 120.577901720000114, 0.511357690000068 ], [ 120.57735356, 0.511348360000056 ], [ 120.576768410000113, 0.511320320000038 ], [ 120.576136810000094, 0.511376440000049 ], [ 120.575802440000075, 0.511311 ], [ 120.573727620000113, 0.510907170000053 ], [ 120.573323800000026, 0.510571690000063 ], [ 120.57250375000001, 0.509782700000073 ], [ 120.572502647000078, 0.509780875000047 ], [ 120.572416390000058, 0.509638230000064 ], [ 120.57234222000011, 0.509515560000068 ], [ 120.572050230000059, 0.509279480000032 ], [ 120.571646410000085, 0.509099310000067 ], [ 120.571310930000095, 0.509049610000034 ], [ 120.570963650000067, 0.509071980000044 ], [ 120.570615750000115, 0.509111740000037 ], [ 120.570198260000097, 0.509206170000027 ], [ 120.569174430000089, 0.509608740000033 ], [ 120.568722160000107, 0.509887070000048 ], [ 120.568686630000116, 0.509903160000022 ], [ 120.568100640000011, 0.510168560000068 ], [ 120.567418026000041, 0.510488490000057 ], [ 120.566900640000085, 0.510730980000062 ], [ 120.566622320000079, 0.510899960000074 ], [ 120.565961300000026, 0.511054030000025 ], [ 120.565807230000019, 0.511093790000075 ], [ 120.565509020000036, 0.511138530000039 ], [ 120.565265490000115, 0.511173320000069 ], [ 120.565036870000085, 0.51123793000005 ], [ 120.564636780000114, 0.51124290000007 ], [ 120.56435448000002, 0.511250850000067 ], [ 120.564088090000041, 0.511270730000035 ], [ 120.563849530000084, 0.511274700000058 ], [ 120.562704430000053, 0.511648450000052 ], [ 120.561566090000042, 0.511779660000059 ], [ 120.5607191900001, 0.512073890000067 ], [ 120.56028183, 0.512248830000033 ], [ 120.56027674500001, 0.512250463000044 ], [ 120.55984844000011, 0.512387990000036 ], [ 120.559128780000037, 0.51257884000006 ], [ 120.558753540000112, 0.512606680000033 ], [ 120.558405630000038, 0.512601710000069 ], [ 120.558132280000109, 0.512611650000053 ], [ 120.557918570000083, 0.512626560000058 ], [ 120.557625340000072, 0.512626560000058 ], [ 120.557011540000076, 0.512630530000024 ], [ 120.556550310000034, 0.512638490000029 ], [ 120.555305820000058, 0.512642460000052 ], [ 120.554865273000019, 0.512653065000052 ], [ 120.554777400000035, 0.512655180000024 ], [ 120.554519750000054, 0.512658370000054 ], [ 120.554476070000078, 0.512651530000028 ], [ 120.55415396, 0.512601110000048 ], [ 120.553931300000045, 0.512559760000045 ], [ 120.553727730000105, 0.512521590000063 ], [ 120.55346054000006, 0.51246752000003 ], [ 120.553346030000057, 0.512477060000037 ], [ 120.553187300000104, 0.512382650000063 ], [ 120.553097730000104, 0.51233583000004 ], [ 120.55298984, 0.512272720000055 ], [ 120.552816800000073, 0.512175010000021 ], [ 120.552468690000069, 0.511969400000055 ], [ 120.552370970000084, 0.511922580000032 ], [ 120.552188920000049, 0.511827150000045 ], [ 120.552097686000025, 0.511779335000028 ], [ 120.552075790000117, 0.51176786000002 ], [ 120.551884430000086, 0.511672180000062 ], [ 120.551782360000061, 0.511618930000054 ], [ 120.551686940000081, 0.511531460000072 ], [ 120.551440420000063, 0.511511580000047 ], [ 120.551289330000031, 0.511495680000053 ], [ 120.551146200000062, 0.511479770000051 ], [ 120.550947390000033, 0.51145592000006 ], [ 120.550673050000114, 0.511440010000058 ], [ 120.550430510000069, 0.511463870000057 ], [ 120.549873860000048, 0.51150363000005 ], [ 120.549651200000085, 0.51105036000007 ], [ 120.549184020000098, 0.510585160000062 ], [ 120.548836884000025, 0.510444293000035 ], [ 120.548525590000054, 0.510317970000074 ], [ 120.548038920000067, 0.51075693000007 ], [ 120.547128250000014, 0.511194610000075 ], [ 120.546819710000022, 0.511366380000027 ], [ 120.546380750000026, 0.511639930000058 ], [ 120.545639620000088, 0.511841910000044 ], [ 120.54516250000006, 0.511949260000051 ], [ 120.544653560000029, 0.512052640000036 ], [ 120.544350147000046, 0.512142660000052 ], [ 120.544078820000095, 0.512223160000076 ], [ 120.543250020000073, 0.512530760000061 ], [ 120.542772270000114, 0.512673170000028 ], [ 120.542599400000086, 0.512727100000063 ], [ 120.54240139, 0.512775530000056 ], [ 120.542392910000103, 0.512777650000032 ], [ 120.54227714000001, 0.512806600000033 ], [ 120.542177730000049, 0.512837660000059 ], [ 120.54210756000009, 0.512859470000024 ], [ 120.542054, 0.51287418000004 ], [ 120.541988250000031, 0.512883980000026 ], [ 120.541916010000023, 0.51289515000002 ], [ 120.541510320000043, 0.512980250000055 ], [ 120.541239870000027, 0.513048320000053 ], [ 120.540866880000067, 0.51317935000003 ], [ 120.54036090000011, 0.51330358000007 ], [ 120.539978490000067, 0.513396790000058 ], [ 120.539647670000022, 0.513476 ], [ 120.539065240000014, 0.513507060000052 ], [ 120.539014757000018, 0.513510318000044 ], [ 120.538583770000059, 0.513538130000029 ], [ 120.53803240000002, 0.513662380000028 ], [ 120.537500450000039, 0.51381458000003 ], [ 120.537078, 0.51401960000004 ], [ 120.536612060000039, 0.514261890000057 ], [ 120.536481590000108, 0.514255680000076 ], [ 120.536009440000043, 0.514429630000052 ], [ 120.535381970000117, 0.514665710000031 ], [ 120.535360860000083, 0.514676380000026 ], [ 120.53500363, 0.514857050000046 ], [ 120.534546380000052, 0.515090640000039 ], [ 120.534173630000055, 0.515309330000036 ], [ 120.533751170000073, 0.515478310000049 ], [ 120.533156260000055, 0.515702950000048 ], [ 120.532822270000111, 0.51581826000006 ], [ 120.53229942300004, 0.516000788000042 ], [ 120.532150320000028, 0.516052840000043 ], [ 120.531040010000083, 0.516532950000055 ], [ 120.530547980000051, 0.51664229000005 ], [ 120.530478400000106, 0.516627380000045 ], [ 120.530325050000101, 0.51663738000002 ], [ 120.530249770000069, 0.51664229000005 ], [ 120.529911810000044, 0.516672110000059 ], [ 120.529681950000054, 0.516688270000031 ], [ 120.529675179000037, 0.516690427000071 ], [ 120.528979930000105, 0.516911920000041 ], [ 120.528582320000055, 0.517079660000036 ], [ 120.527346020000095, 0.516874640000026 ], [ 120.526892510000039, 0.516769030000034 ], [ 120.526471610000044, 0.516649440000037 ], [ 120.525912480000102, 0.51637764000003 ], [ 120.525514193000049, 0.516210790000059 ], [ 120.525496790000034, 0.516203500000074 ], [ 120.52533781000011, 0.516136900000049 ], [ 120.524887400000011, 0.515958290000071 ], [ 120.524312740000028, 0.515748620000068 ], [ 120.523986580000042, 0.515593300000035 ], [ 120.523499660000084, 0.515392520000034 ], [ 120.523085760000072, 0.514847790000033 ], [ 120.52281396, 0.514459510000052 ], [ 120.522650880000015, 0.514226540000038 ], [ 120.522511100000088, 0.514055690000021 ], [ 120.522363550000023, 0.513884850000068 ], [ 120.52220047000003, 0.513698470000065 ], [ 120.521996707000085, 0.513524043000075 ], [ 120.521936040000014, 0.513472110000066 ], [ 120.521803330000012, 0.513244600000064 ], [ 120.521613740000021, 0.512903340000037 ], [ 120.520988080000052, 0.512599990000069 ], [ 120.519395510000095, 0.512372480000067 ], [ 120.519042932000048, 0.512464821000037 ], [ 120.518599220000056, 0.512581030000035 ], [ 120.517870200000061, 0.512769570000046 ], [ 120.517499590000057, 0.512865420000026 ], [ 120.515138260000072, 0.51301791000003 ], [ 120.514904700000102, 0.513017920000038 ], [ 120.514484300000049, 0.512970900000028 ], [ 120.514110610000102, 0.513041440000052 ], [ 120.513897330000077, 0.51307397000005 ], [ 120.513870737000047, 0.513081568000075 ], [ 120.513631900000064, 0.513149810000073 ], [ 120.513129480000089, 0.513121370000022 ], [ 120.512489610000102, 0.513050270000065 ], [ 120.512015630000064, 0.51307397000005 ], [ 120.511280960000022, 0.513026570000022 ], [ 120.511137440000084, 0.513025160000041 ], [ 120.510578290000012, 0.513019660000055 ], [ 120.510024910000084, 0.512955470000065 ], [ 120.509313940000084, 0.51321616000007 ], [ 120.508982150000065, 0.513310960000069 ], [ 120.508555570000112, 0.513334660000055 ], [ 120.507986790000018, 0.513358360000041 ], [ 120.507346920000032, 0.513334660000055 ], [ 120.506778140000051, 0.513192460000027 ], [ 120.506609172000026, 0.512946640000052 ], [ 120.506496630000015, 0.512782910000055 ], [ 120.50643234000006, 0.51273137000004 ], [ 120.506209360000071, 0.512552590000041 ], [ 120.505842660000098, 0.512265650000074 ], [ 120.505616890000056, 0.512149710000074 ], [ 120.505048110000075, 0.511580930000036 ], [ 120.504479340000103, 0.511343940000074 ], [ 120.504114320000099, 0.511113580000028 ], [ 120.503839460000108, 0.510751460000051 ], [ 120.503626170000075, 0.510514470000032 ], [ 120.503152190000037, 0.510158990000036 ], [ 120.50265451000007, 0.509376920000022 ], [ 120.502370120000023, 0.509116230000075 ], [ 120.50137476000009, 0.509021430000075 ], [ 120.499834320000105, 0.509045130000061 ], [ 120.498789115000022, 0.509040250000055 ], [ 120.498788994000051, 0.509041717000059 ], [ 120.498570114000017, 0.509039815000051 ], [ 120.498570581000081, 0.509039149000046 ], [ 120.494653211000013, 0.507346268000049 ], [ 120.493747878000022, 0.50707632700005 ], [ 120.493106798000099, 0.506571659000031 ], [ 120.490670518000115, 0.505390710000029 ], [ 120.485128530000111, 0.502525195000032 ], [ 120.484591425000076, 0.50196251400007 ], [ 120.482273887000019, 0.500756631000058 ], [ 120.481909857000119, 0.500315056000034 ], [ 120.481690946000072, 0.499829663000071 ], [ 120.480972357000041, 0.499484224000071 ], [ 120.479179571000032, 0.499143705000051 ], [ 120.478608027000064, 0.498570947000076 ], [ 120.477710289000015, 0.495751474000031 ], [ 120.477159599000061, 0.494940356000029 ], [ 120.476124656000025, 0.494496597000023 ], [ 120.475240965000012, 0.493938915000058 ], [ 120.474932842000044, 0.493262046000041 ], [ 120.474470791000044, 0.492847909000034 ], [ 120.474251582000079, 0.492651432000059 ], [ 120.47311779100005, 0.492368567000028 ], [ 120.471603332000086, 0.492561025000043 ], [ 120.468383550000112, 0.493028142000071 ], [ 120.465057286000047, 0.492995024000038 ], [ 120.465053288000036, 0.492994984000063 ], [ 120.464374545000055, 0.492988226000023 ], [ 120.462282236000078, 0.493002972000056 ], [ 120.459740537000016, 0.49201766300007 ], [ 120.457787731000053, 0.489206195000065 ], [ 120.456551316000059, 0.487426120000066 ], [ 120.453356347000067, 0.482826300000056 ], [ 120.453078003000087, 0.482425568000053 ], [ 120.450470102000054, 0.478670955000041 ], [ 120.446518094000112, 0.472981221000055 ], [ 120.446511070000042, 0.472979855000062 ], [ 120.446509714000058, 0.472976073000041 ], [ 120.446485704000111, 0.472704337000039 ], [ 120.446488697000063, 0.472701113000028 ], [ 120.446488540000018, 0.472698238000021 ], [ 120.446487693000108, 0.472682746000032 ], [ 120.446486668000034, 0.472682626000051 ], [ 120.446449840000014, 0.472375470000031 ], [ 120.446167540000033, 0.471842680000066 ], [ 120.445573120000063, 0.471110300000021 ], [ 120.444876520000093, 0.470725420000065 ], [ 120.443594650000023, 0.470369170000026 ], [ 120.442576780000081, 0.470264200000031 ], [ 120.44245525000008, 0.470209700000055 ], [ 120.441011260000096, 0.469608040000026 ], [ 120.440748920000033, 0.469498730000055 ], [ 120.439288300000044, 0.468537760000061 ], [ 120.43774661000009, 0.467304400000046 ], [ 120.43727673, 0.46691136000004 ], [ 120.43702106, 0.466697510000074 ], [ 120.436471250000068, 0.466147690000071 ], [ 120.435693920000062, 0.465787460000058 ], [ 120.435067362000041, 0.46577140200003 ], [ 120.434954510000011, 0.465768510000032 ], [ 120.434101340000097, 0.466280400000073 ], [ 120.433134420000101, 0.466280400000073 ], [ 120.432817060000048, 0.46627017000003 ], [ 120.432764170000041, 0.466268460000038 ], [ 120.432539670000097, 0.466260090000048 ], [ 120.432416080000053, 0.466236170000059 ], [ 120.432336030000101, 0.466220670000041 ], [ 120.432231570000113, 0.466200460000039 ], [ 120.43226479000009, 0.466235270000027 ], [ 120.431980600000088, 0.466323070000044 ], [ 120.431860450000045, 0.466482490000033 ], [ 120.43183504000001, 0.466644230000043 ], [ 120.431741936000094, 0.466714053000032 ], [ 120.431733380000082, 0.466720470000041 ], [ 120.431553160000021, 0.466752820000067 ], [ 120.431469980000088, 0.466591090000065 ], [ 120.431433010000092, 0.466334620000055 ], [ 120.43135446000008, 0.466034260000072 ], [ 120.431353060000106, 0.466028330000029 ], [ 120.431350210000119, 0.466016300000035 ], [ 120.431242400000087, 0.465879460000053 ], [ 120.431166433000044, 0.465823120000039 ], [ 120.430276620000086, 0.465163210000071 ], [ 120.429629680000062, 0.46495064000004 ], [ 120.429064233000076, 0.46498882100002 ], [ 120.42819256000007, 0.465047680000055 ], [ 120.42746245, 0.465408120000063 ], [ 120.427148220000049, 0.46575469000004 ], [ 120.427148940000052, 0.465756360000057 ], [ 120.426653177000048, 0.465952216000062 ], [ 120.426289980000092, 0.466095700000039 ], [ 120.426265620000095, 0.465976500000068 ], [ 120.426062290000118, 0.46596726000007 ], [ 120.425304450000112, 0.466299970000023 ], [ 120.424759180000024, 0.466651160000026 ], [ 120.424253210000074, 0.466929250000021 ], [ 120.423548480000022, 0.467316580000045 ], [ 120.422762920000082, 0.467945030000067 ], [ 120.421515260000092, 0.468416370000057 ], [ 120.420692730000042, 0.469331320000038 ], [ 120.420350770000027, 0.470135370000037 ], [ 120.419468170000073, 0.470782310000061 ], [ 120.418946, 0.47134144000006 ], [ 120.418580940000084, 0.471942170000034 ], [ 120.418262100000106, 0.472247150000044 ], [ 120.418068020000078, 0.47245048000002 ], [ 120.417758410000033, 0.472736980000036 ], [ 120.417813860000024, 0.472986510000055 ], [ 120.418373280000083, 0.473148920000028 ], [ 120.418386860000055, 0.473152860000027 ], [ 120.41862384, 0.473181360000069 ], [ 120.418654880000076, 0.473282250000068 ], [ 120.418733440000096, 0.473651930000074 ], [ 120.418446930000073, 0.473961530000054 ], [ 120.41822513000011, 0.474132510000061 ], [ 120.418017180000106, 0.474257280000074 ], [ 120.417836970000053, 0.47441901000002 ], [ 120.417835750000108, 0.474409950000052 ], [ 120.417833170000108, 0.47441372000003 ], [ 120.417818480000051, 0.474349690000054 ], [ 120.417776890000027, 0.474285 ], [ 120.417689100000075, 0.47402623000005 ], [ 120.417444180000075, 0.473980020000056 ], [ 120.417263970000022, 0.474063190000038 ], [ 120.417222380000112, 0.474206440000046 ], [ 120.417222380000112, 0.474428250000074 ], [ 120.417411840000113, 0.474557640000057 ], [ 120.417573570000059, 0.474603850000051 ], [ 120.417467290000104, 0.474677780000036 ], [ 120.41737025000009, 0.474802550000049 ], [ 120.41735639, 0.474964280000052 ], [ 120.417375300000117, 0.474969650000048 ], [ 120.4173692600001, 0.47497517000005 ], [ 120.417384110000057, 0.474973530000057 ], [ 120.417434940000021, 0.475001250000048 ], [ 120.417610540000055, 0.475112150000029 ], [ 120.417608078000058, 0.475114371000075 ], [ 120.417374870000117, 0.47532472000006 ], [ 120.417134580000038, 0.475375550000024 ], [ 120.416829820000089, 0.475469660000044 ], [ 120.41682035000008, 0.475472590000038 ], [ 120.416787800000066, 0.475401330000068 ], [ 120.416242730000022, 0.475555770000028 ], [ 120.416057890000047, 0.475389410000048 ], [ 120.415780640000094, 0.475352450000059 ], [ 120.415549590000069, 0.475509560000035 ], [ 120.415198390000114, 0.47571288000006 ], [ 120.415193690000024, 0.475781040000072 ], [ 120.415200280000022, 0.47578167000006 ], [ 120.415204670000094, 0.476005640000039 ], [ 120.41520499, 0.476021590000073 ], [ 120.415186110000036, 0.476014280000072 ], [ 120.414927440000042, 0.476266200000055 ], [ 120.414767917000063, 0.476368482000055 ], [ 120.414662447000069, 0.476240067000049 ], [ 120.413791249000042, 0.476744550000035 ], [ 120.413793560000045, 0.476890638000043 ], [ 120.413697290000073, 0.476938910000058 ], [ 120.413659340000095, 0.476967180000031 ], [ 120.4135932800001, 0.477016400000025 ], [ 120.41359057000011, 0.477018420000036 ], [ 120.413107030000106, 0.477083370000059 ], [ 120.412196990000098, 0.477192580000064 ], [ 120.411347620000015, 0.477168310000025 ], [ 120.411110506000114, 0.477105911000024 ], [ 120.410886530000084, 0.47704697000006 ], [ 120.410142720000067, 0.476864960000057 ], [ 120.408550750000018, 0.475952490000054 ], [ 120.407910080000079, 0.475535090000051 ], [ 120.407026730000098, 0.475292410000066 ], [ 120.406868125000074, 0.475225880000039 ], [ 120.406189010000048, 0.474941010000066 ], [ 120.405327020000072, 0.474746870000047 ], [ 120.40397578000011, 0.474063490000049 ], [ 120.403082730000051, 0.473737330000063 ], [ 120.402707610000107, 0.473498220000067 ], [ 120.402596050000056, 0.473427120000053 ], [ 120.401494840000055, 0.472810440000046 ], [ 120.400475780000079, 0.472238550000043 ], [ 120.40001605000009, 0.471872010000027 ], [ 120.399624291, 0.471423826000034 ], [ 120.399590100000069, 0.471384710000052 ], [ 120.399357130000112, 0.471122620000074 ], [ 120.398731020000014, 0.470710060000044 ], [ 120.397590440000045, 0.470540190000065 ], [ 120.39665613000011, 0.469848560000059 ], [ 120.395952360000024, 0.469108390000031 ], [ 120.395527670000092, 0.468477420000056 ], [ 120.395115120000014, 0.467895 ], [ 120.3947511, 0.467446040000027 ], [ 120.393913290000114, 0.467151570000055 ], [ 120.391958120000027, 0.467240440000069 ], [ 120.391484140000102, 0.466973830000029 ], [ 120.390999410000063, 0.465840050000054 ], [ 120.390417680000041, 0.464929790000042 ], [ 120.388669880000066, 0.463418970000021 ], [ 120.38606298000002, 0.462530260000051 ], [ 120.385203890000071, 0.462441390000038 ], [ 120.382893240000044, 0.461937780000028 ], [ 120.381272820000049, 0.46183706000005 ], [ 120.380046416000027, 0.461554048000039 ], [ 120.379841150000061, 0.46150668000007 ], [ 120.379732380000064, 0.461481580000054 ], [ 120.379571769000108, 0.461467613000025 ], [ 120.379428412000038, 0.461389962000055 ], [ 120.379251203000081, 0.461264201000063 ], [ 120.378731010000024, 0.461081275000026 ], [ 120.378142219000097, 0.461098425000046 ], [ 120.377593443000023, 0.461075559000051 ], [ 120.377404801000012, 0.460909783000034 ], [ 120.376987503, 0.460692559000051 ], [ 120.376753130000111, 0.460555365000062 ], [ 120.376095742000075, 0.460675410000022 ], [ 120.375289728000098, 0.460909783000034 ], [ 120.374563743000067, 0.461086992000048 ], [ 120.374550969000097, 0.461291386000028 ], [ 120.374469584000053, 0.461296999000069 ], [ 120.373855020000065, 0.461339380000027 ], [ 120.372527870000113, 0.460889100000031 ], [ 120.372030348000067, 0.460272165000049 ], [ 120.371997030000102, 0.460230850000073 ], [ 120.371935400000098, 0.460154430000046 ], [ 120.370312010000021, 0.459779990000072 ], [ 120.36968636000006, 0.459457680000071 ], [ 120.367866270000036, 0.458680350000066 ], [ 120.367722576, 0.458539090000045 ], [ 120.367723447000117, 0.458537972000045 ], [ 120.36684195600003, 0.457657366000035 ], [ 120.366841459000057, 0.457657927000071 ], [ 120.366784254000095, 0.457616664000057 ], [ 120.366747680000117, 0.457580710000059 ], [ 120.364946550000013, 0.456727550000039 ], [ 120.362993750000101, 0.45663275000004 ], [ 120.361363260000076, 0.455874380000068 ], [ 120.361074291000023, 0.455810358000065 ], [ 120.360571710000045, 0.455699010000046 ], [ 120.360302528000034, 0.45548412100004 ], [ 120.359825140000112, 0.455103020000024 ], [ 120.358616540000071, 0.454381350000062 ], [ 120.357801290000111, 0.453679850000071 ], [ 120.356777490000013, 0.452978360000031 ], [ 120.355810570000017, 0.452485420000073 ], [ 120.354983413000014, 0.452452981000022 ], [ 120.354986906000022, 0.452420696000047 ], [ 120.354959787000098, 0.452435488000049 ], [ 120.354958059000069, 0.452451987000074 ], [ 120.354843650000021, 0.452447500000062 ], [ 120.354124650000017, 0.452272140000048 ], [ 120.354066320000015, 0.452257910000071 ], [ 120.353118360000053, 0.451916650000044 ], [ 120.352246240000113, 0.451689130000034 ], [ 120.351658500000099, 0.45117724000005 ], [ 120.351336200000105, 0.450608460000069 ], [ 120.351051810000058, 0.449622580000039 ], [ 120.350028010000074, 0.448162720000028 ], [ 120.349244500000054, 0.447467470000049 ], [ 120.348014370000101, 0.446806110000068 ], [ 120.346519690000036, 0.44581407000004 ], [ 120.34494566, 0.445390800000041 ], [ 120.343636160000074, 0.445179160000066 ], [ 120.342929540000114, 0.44508208000002 ], [ 120.342542270000081, 0.444991340000058 ], [ 120.342034350000063, 0.444726790000061 ], [ 120.341431190000094, 0.44426119000002 ], [ 120.341405196000096, 0.444205040000043 ], [ 120.341098970000075, 0.443543550000072 ], [ 120.34107288000007, 0.443524300000036 ], [ 120.339155050000045, 0.442108860000076 ], [ 120.338562470000056, 0.441719460000058 ], [ 120.338181530000043, 0.441067620000069 ], [ 120.337665140000013, 0.440602020000028 ], [ 120.337276570000085, 0.440326050000067 ], [ 120.337025953000079, 0.440099075000035 ], [ 120.336917640000024, 0.440000980000036 ], [ 120.336775420000095, 0.439879070000075 ], [ 120.336646750000114, 0.439757170000064 ], [ 120.336538390000101, 0.439682680000033 ], [ 120.33638940000003, 0.43960818000005 ], [ 120.336226860000011, 0.439513370000043 ], [ 120.33613205000006, 0.43943887000006 ], [ 120.33603724000011, 0.439411780000057 ], [ 120.335915340000042, 0.43931697000005 ], [ 120.335766350000085, 0.439208610000037 ], [ 120.335603810000066, 0.439107030000059 ], [ 120.33535323000001, 0.438964810000073 ], [ 120.334973980000086, 0.438558470000032 ], [ 120.334669230000031, 0.438307890000033 ], [ 120.334471360000066, 0.438160570000036 ], [ 120.334403190000103, 0.438109810000071 ], [ 120.334022910000044, 0.437861800000064 ], [ 120.333576490000041, 0.437531120000074 ], [ 120.332827556000098, 0.43728556700006 ], [ 120.332567920000088, 0.437200440000026 ], [ 120.331873490000021, 0.437068170000032 ], [ 120.330782240000076, 0.436638280000068 ], [ 120.330021680000073, 0.436043060000031 ], [ 120.329542190000097, 0.435530500000027 ], [ 120.32859975000008, 0.434555 ], [ 120.327703210000095, 0.432183710000061 ], [ 120.32765138700006, 0.432125018000022 ], [ 120.32661733000009, 0.430953890000069 ], [ 120.325479790000031, 0.429895710000039 ], [ 120.325308126000095, 0.429749958000059 ], [ 120.324778750000064, 0.42930049000006 ], [ 120.324341350000054, 0.428853380000021 ], [ 120.32418352000002, 0.428692040000044 ], [ 120.323971890000053, 0.42840104000004 ], [ 120.323680890000105, 0.428043900000034 ], [ 120.323423030000072, 0.428102870000032 ], [ 120.322224910000045, 0.427874660000043 ], [ 120.322192836000113, 0.427847168000028 ], [ 120.321843820000026, 0.427548010000066 ], [ 120.321426160000101, 0.427190020000069 ], [ 120.319856970000046, 0.427026560000058 ], [ 120.318687610000097, 0.42690476000007 ], [ 120.317441730000041, 0.426425570000049 ], [ 120.316462530000081, 0.42604896000006 ], [ 120.315551902000038, 0.426092321000056 ], [ 120.315096414000095, 0.425509848000047 ], [ 120.314503073000083, 0.424732596000069 ], [ 120.314400156000033, 0.424597779000067 ], [ 120.313151750000088, 0.423987878000048 ], [ 120.312325384000019, 0.423990682000067 ], [ 120.311207717000116, 0.423317118000057 ], [ 120.309721109000066, 0.421710053000027 ], [ 120.309001878000117, 0.42134672100002 ], [ 120.307148830000074, 0.420208276000039 ], [ 120.306496734, 0.41953641300006 ], [ 120.306299163000062, 0.419332853000071 ], [ 120.304829640000094, 0.41810279200007 ], [ 120.303090172000111, 0.417537785000036 ], [ 120.303052590000107, 0.417501770000058 ], [ 120.302880195000057, 0.417301790000067 ], [ 120.30279164500007, 0.417199071000027 ], [ 120.302773353000021, 0.417148260000033 ], [ 120.302699851000057, 0.416944559000058 ], [ 120.302582247000032, 0.416717758000061 ], [ 120.302321839000115, 0.416331356000057 ], [ 120.301826223000035, 0.415827353000054 ], [ 120.301321647, 0.415474159000041 ], [ 120.300990130000059, 0.415071240000032 ], [ 120.300533370000039, 0.414516100000071 ], [ 120.300324961000115, 0.41426042400002 ], [ 120.300242773000036, 0.413748342000019 ], [ 120.299671555000032, 0.412874737000038 ], [ 120.29929354300009, 0.412404335000076 ], [ 120.299100337000027, 0.412278334000064 ], [ 120.298676124000053, 0.411459329000024 ], [ 120.298533319000057, 0.411282928000048 ], [ 120.297063273000049, 0.408510912000054 ], [ 120.296492055000044, 0.407813707000059 ], [ 120.29627364800001, 0.407452505000037 ], [ 120.296061725000072, 0.407394045000046 ], [ 120.296056920000069, 0.407384950000051 ], [ 120.296044500000107, 0.407320360000028 ], [ 120.296034951000024, 0.407270704000041 ], [ 120.295765710000069, 0.405870650000054 ], [ 120.294397650000064, 0.404434180000067 ], [ 120.292208740000092, 0.401356030000045 ], [ 120.292115100000046, 0.401220770000066 ], [ 120.292103550000093, 0.401204090000022 ], [ 120.292100758000061, 0.40120005700004 ], [ 120.291924633, 0.400945652000075 ], [ 120.29159311, 0.400466780000045 ], [ 120.291503776000013, 0.399141661000044 ], [ 120.291182690000028, 0.394378880000033 ], [ 120.291279080000095, 0.394234300000051 ], [ 120.291401010000072, 0.393833910000069 ], [ 120.291556133000086, 0.393513967000047 ], [ 120.291344282000068, 0.393366005000075 ], [ 120.291329629000074, 0.393323991000045 ], [ 120.290803913000104, 0.391816691000031 ], [ 120.290342422000094, 0.390224210000042 ], [ 120.289908622000098, 0.388989786000025 ], [ 120.28986136900005, 0.38885532300003 ], [ 120.28942530900008, 0.38793101300007 ], [ 120.289417897000021, 0.387915302000067 ], [ 120.289664465000101, 0.38738612700007 ], [ 120.289306392000071, 0.386328407000065 ], [ 120.288845228000014, 0.386162890000037 ], [ 120.288724590000015, 0.385989552000069 ], [ 120.287751263000018, 0.384591030000024 ], [ 120.286947489000113, 0.383436129000074 ], [ 120.28548722700009, 0.381337956000039 ], [ 120.282658119000075, 0.379338064000024 ], [ 120.282392375000086, 0.379039133000049 ], [ 120.282265770000095, 0.379032290000055 ], [ 120.28211547, 0.37904326000006 ], [ 120.280995540000049, 0.376559890000067 ], [ 120.280412700000056, 0.375565640000048 ], [ 120.279571180000062, 0.37525007000005 ], [ 120.27931559000001, 0.37515422000007 ], [ 120.27929137600006, 0.37515422000007 ], [ 120.277704220000032, 0.37515422000007 ], [ 120.276744250000093, 0.374777090000066 ], [ 120.276744250000093, 0.373954260000062 ], [ 120.277088010000057, 0.37331585000004 ], [ 120.27722424000001, 0.373062870000069 ], [ 120.27745196, 0.372775210000043 ], [ 120.277875640000047, 0.372240040000065 ], [ 120.277875640000047, 0.371520060000023 ], [ 120.277189950000093, 0.370834370000068 ], [ 120.277006400000118, 0.370809340000051 ], [ 120.276435690000085, 0.370731520000049 ], [ 120.275754360000064, 0.370566350000047 ], [ 120.275304300000016, 0.370457240000064 ], [ 120.2747679900001, 0.370278470000073 ], [ 120.274378620000107, 0.370148680000057 ], [ 120.273795780000114, 0.369497270000068 ], [ 120.273789150000084, 0.369411090000028 ], [ 120.273770870000021, 0.369173440000054 ], [ 120.274168240000108, 0.369276800000023 ], [ 120.274168280000026, 0.369276810000031 ], [ 120.274582940000073, 0.369291840000074 ], [ 120.275086550000083, 0.369038570000043 ], [ 120.275205070000084, 0.368919350000056 ], [ 120.275212650000071, 0.368908670000053 ], [ 120.275647150000054, 0.369017290000045 ], [ 120.276229980000039, 0.369017290000045 ], [ 120.276812820000032, 0.368365880000056 ], [ 120.276681170000074, 0.367858100000035 ], [ 120.276572830000077, 0.367440200000033 ], [ 120.275928960000101, 0.36682699000005 ], [ 120.275852850000092, 0.366754510000021 ], [ 120.274705880000056, 0.366349700000058 ], [ 120.272929640000029, 0.364324160000024 ], [ 120.272918060000052, 0.364283090000072 ], [ 120.272874730000012, 0.364129490000039 ], [ 120.272664090000035, 0.363637990000029 ], [ 120.272228760000075, 0.362977970000031 ], [ 120.271863640000106, 0.362570730000073 ], [ 120.271217670000055, 0.362247740000043 ], [ 120.270529560000114, 0.361896670000021 ], [ 120.270038060000047, 0.361798370000031 ], [ 120.269658900000081, 0.361784320000027 ], [ 120.269622320000053, 0.36183716000005 ], [ 120.268212180000091, 0.362013430000047 ], [ 120.266872940000098, 0.362281280000047 ], [ 120.266592850000052, 0.362357660000043 ], [ 120.266026550000106, 0.362512106000054 ], [ 120.26598338000008, 0.362523880000026 ], [ 120.265853805, 0.362559219000048 ], [ 120.265817051000113, 0.36242909300006 ], [ 120.265732930000013, 0.362131268000041 ], [ 120.265687172000071, 0.361969262000059 ], [ 120.264085997000052, 0.362530129000049 ], [ 120.260122769000077, 0.36033087800007 ], [ 120.255296810000118, 0.355402548000029 ], [ 120.255191881000087, 0.355253834000052 ], [ 120.252134147000106, 0.350920145000032 ], [ 120.248940446, 0.347937065000053 ], [ 120.2442678970001, 0.342972089000057 ], [ 120.244154518000073, 0.342935677000071 ], [ 120.244172610000078, 0.342924370000048 ], [ 120.244158053000092, 0.342867803000047 ], [ 120.244157350000023, 0.342865070000073 ], [ 120.244098, 0.341979380000055 ], [ 120.24415733, 0.341636550000032 ], [ 120.244127790000107, 0.341383130000054 ], [ 120.24411305000001, 0.341114800000071 ], [ 120.244113150000089, 0.340757040000028 ], [ 120.244113230000039, 0.340488710000045 ], [ 120.244202150000092, 0.340235330000041 ], [ 120.244291070000031, 0.340026660000035 ], [ 120.244439220000118, 0.339818010000045 ], [ 120.24458737000009, 0.339609350000046 ], [ 120.244720750000056, 0.339311250000037 ], [ 120.244750420000059, 0.339117470000076 ], [ 120.244987540000011, 0.338521280000066 ], [ 120.24510607000002, 0.338312620000067 ], [ 120.245106130000067, 0.338089010000033 ], [ 120.24510478000002, 0.33806702000004 ], [ 120.245102360000033, 0.338027880000027 ], [ 120.245091400000092, 0.337850500000059 ], [ 120.24506185000007, 0.337626890000024 ], [ 120.24500859300008, 0.337541067000075 ], [ 120.244913820000079, 0.337388340000075 ], [ 120.24442023000006, 0.336621290000039 ], [ 120.244242560000089, 0.336472180000044 ], [ 120.244109310000113, 0.336337980000053 ], [ 120.243931640000028, 0.33618886000005 ], [ 120.243724340000085, 0.336069550000047 ], [ 120.243591090000109, 0.335980070000062 ], [ 120.243413410000016, 0.335830950000059 ], [ 120.24326536, 0.335666930000059 ], [ 120.243132140000057, 0.335473120000074 ], [ 120.243043330000091, 0.335294210000029 ], [ 120.242880480000053, 0.335085470000024 ], [ 120.242702850000114, 0.334817090000058 ], [ 120.242658500000061, 0.334548760000075 ], [ 120.242584490000013, 0.334384760000034 ], [ 120.242495710000071, 0.334146230000044 ], [ 120.242451340000116, 0.333967330000064 ], [ 120.242406960000039, 0.333758630000034 ], [ 120.242318150000074, 0.333579730000054 ], [ 120.241768160000106, 0.332964520000075 ], [ 120.241738600000076, 0.332740920000049 ], [ 120.241605400000026, 0.332487460000038 ], [ 120.241516570000044, 0.332338370000059 ], [ 120.241412960000048, 0.332174360000067 ], [ 120.241294560000028, 0.331920920000073 ], [ 120.24119092, 0.331771830000037 ], [ 120.241131740000014, 0.331592930000056 ], [ 120.241042930000049, 0.331428920000064 ], [ 120.240880120000043, 0.331100930000048 ], [ 120.24070246000008, 0.330921990000036 ], [ 120.240421120000065, 0.330772850000074 ], [ 120.240154590000088, 0.330653530000063 ], [ 120.239979290000065, 0.330584430000044 ], [ 120.239814010000032, 0.330519280000033 ], [ 120.23948823, 0.330429740000056 ], [ 120.239482435000014, 0.330426148000072 ], [ 120.239103250000085, 0.33019113000006 ], [ 120.238925600000016, 0.329997290000051 ], [ 120.2387627600001, 0.329728920000036 ], [ 120.238644340000064, 0.329535100000044 ], [ 120.238451860000055, 0.329430700000046 ], [ 120.238244550000104, 0.329371020000053 ], [ 120.238140890000068, 0.32931136000002 ], [ 120.237143730000071, 0.328633790000026 ], [ 120.236995720000095, 0.328365440000027 ], [ 120.236906890000114, 0.328261070000053 ], [ 120.236758840000107, 0.32811195000005 ], [ 120.236521930000094, 0.327977730000043 ], [ 120.236359060000041, 0.327828620000048 ], [ 120.236151780000114, 0.327664580000032 ], [ 120.235974130000045, 0.327455840000027 ], [ 120.235796500000106, 0.327157660000069 ], [ 120.235692870000094, 0.327008570000032 ], [ 120.234612110000057, 0.32586045000005 ], [ 120.234567720000086, 0.325756100000035 ], [ 120.23446411000009, 0.325517560000037 ], [ 120.234345670000039, 0.325383380000062 ], [ 120.234197620000032, 0.325234260000059 ], [ 120.234005180000054, 0.324995710000053 ], [ 120.233768310000073, 0.324697510000021 ], [ 120.233556571, 0.324384868000038 ], [ 120.233259560000079, 0.323946320000061 ], [ 120.2332151600001, 0.32381214000003 ], [ 120.233200420000117, 0.323603440000056 ], [ 120.233111640000061, 0.323260570000059 ], [ 120.233008070000096, 0.322947500000055 ], [ 120.232904480000116, 0.322634430000051 ], [ 120.232904530000042, 0.322440640000025 ], [ 120.232919410000022, 0.322217050000063 ], [ 120.232860500000015, 0.321009600000025 ], [ 120.23284577000004, 0.320696560000044 ], [ 120.232697730000041, 0.320487830000047 ], [ 120.232490450000114, 0.320308890000035 ], [ 120.23229802000003, 0.320010720000028 ], [ 120.231720720000112, 0.319041620000064 ], [ 120.231587510000054, 0.318728540000052 ], [ 120.231439500000079, 0.318445290000057 ], [ 120.231321070000035, 0.318296180000061 ], [ 120.231158220000111, 0.318117270000073 ], [ 120.230995350000057, 0.317983050000066 ], [ 120.230728820000081, 0.317863730000056 ], [ 120.230373450000116, 0.317669850000073 ], [ 120.230092140000011, 0.317431270000043 ], [ 120.229958930000066, 0.317177830000048 ], [ 120.229825710000114, 0.316909470000041 ], [ 120.229751720000081, 0.316670950000059 ], [ 120.229394160000084, 0.315736980000054 ], [ 120.229453450000051, 0.31552830000004 ], [ 120.229512800000066, 0.315125830000056 ], [ 120.229616570000076, 0.314723400000048 ], [ 120.229705520000039, 0.314380560000075 ], [ 120.229764820000014, 0.314112260000059 ], [ 120.229750080000031, 0.313843940000027 ], [ 120.229705740000099, 0.313530890000038 ], [ 120.229676200000085, 0.313247660000059 ], [ 120.229631840000025, 0.312949520000075 ], [ 120.229646740000021, 0.312651390000042 ], [ 120.229614730000094, 0.312348220000047 ], [ 120.229614760000118, 0.312214050000023 ], [ 120.229555570000116, 0.312050070000055 ], [ 120.229511190000039, 0.311886080000022 ], [ 120.229407560000027, 0.311722090000046 ], [ 120.229259520000028, 0.311528260000046 ], [ 120.229111490000037, 0.311304620000044 ], [ 120.228830170000037, 0.311080950000076 ], [ 120.228578460000108, 0.310931810000056 ], [ 120.228400790000023, 0.310812510000062 ], [ 120.228267530000039, 0.310678320000022 ], [ 120.228075090000061, 0.31042487000002 ], [ 120.228075060000037, 0.310424840000053 ], [ 120.227867670000023, 0.310226960000023 ], [ 120.227803494000113, 0.310181646000046 ], [ 120.227408810000043, 0.309902960000045 ], [ 120.227142300000082, 0.309694200000024 ], [ 120.226757300000031, 0.309559930000034 ], [ 120.225584440000034, 0.309153070000036 ], [ 120.225541960000101, 0.309135240000046 ], [ 120.225406750000047, 0.309078480000039 ], [ 120.225095800000076, 0.308899530000076 ], [ 120.224799680000046, 0.308660940000038 ], [ 120.2245924, 0.308482020000042 ], [ 120.2240741600001, 0.308168840000064 ], [ 120.22388168000009, 0.308004810000057 ], [ 120.223748450000016, 0.307810990000064 ], [ 120.223393080000051, 0.307661840000037 ], [ 120.223259820000067, 0.307527650000054 ], [ 120.223171060000027, 0.307184770000049 ], [ 120.223165670000071, 0.307114020000029 ], [ 120.223141540000029, 0.306797200000062 ], [ 120.223171210000032, 0.306603420000044 ], [ 120.22318807900001, 0.30657136700006 ], [ 120.223304560000088, 0.306350040000041 ], [ 120.223349020000114, 0.30618609000004 ], [ 120.223304650000046, 0.306022100000064 ], [ 120.223215830000072, 0.305873020000035 ], [ 120.223097410000037, 0.305694100000039 ], [ 120.223053030000074, 0.305470490000062 ], [ 120.222888920000059, 0.304615110000043 ], [ 120.222888990000115, 0.304361710000023 ], [ 120.22287424000001, 0.304123200000049 ], [ 120.222889100000089, 0.303929420000031 ], [ 120.222815170000104, 0.303482210000027 ], [ 120.222637500000019, 0.303288380000026 ], [ 120.222548700000061, 0.303064760000041 ], [ 120.222608, 0.302826270000025 ], [ 120.222682100000043, 0.30264741000002 ], [ 120.222652530000119, 0.302438710000047 ], [ 120.222578540000086, 0.302185270000052 ], [ 120.222697080000103, 0.301991530000066 ], [ 120.22284521000006, 0.301842500000021 ], [ 120.222874910000087, 0.301529470000048 ], [ 120.222830550000026, 0.30121642000006 ], [ 120.222652910000079, 0.300933160000056 ], [ 120.22214517000009, 0.300391030000071 ], [ 120.221967470000095, 0.300286640000024 ], [ 120.221789790000116, 0.300197150000031 ], [ 120.221567690000029, 0.300077840000029 ], [ 120.221330830000056, 0.299749830000053 ], [ 120.22106430000008, 0.299645430000055 ], [ 120.22085698, 0.299555930000054 ], [ 120.220753340000101, 0.299496280000028 ], [ 120.22060531000011, 0.29925774000003 ], [ 120.220442450000064, 0.299078810000026 ], [ 120.22023515, 0.298989320000032 ], [ 120.219953810000106, 0.298884900000076 ], [ 120.219864990000019, 0.298780540000052 ], [ 120.219702140000095, 0.298542 ], [ 120.219583710000052, 0.298378 ], [ 120.219346800000039, 0.298228870000059 ], [ 120.219095070000094, 0.298109560000057 ], [ 120.219006280000031, 0.297856130000071 ], [ 120.218947090000029, 0.297677230000033 ], [ 120.21848384000009, 0.296927330000074 ], [ 120.218409810000026, 0.296837870000047 ], [ 120.218276550000041, 0.296778220000022 ], [ 120.218158090000088, 0.296718560000045 ], [ 120.218024810000088, 0.296703620000073 ], [ 120.217832290000047, 0.296703570000034 ], [ 120.217773060000013, 0.296658840000021 ], [ 120.217610210000089, 0.296494820000021 ], [ 120.217373310000085, 0.296315880000066 ], [ 120.217106760000092, 0.296286010000074 ], [ 120.216780940000035, 0.29631573000006 ], [ 120.216484760000071, 0.296330560000058 ], [ 120.21623304000002, 0.296270880000066 ], [ 120.215670370000112, 0.295912990000033 ], [ 120.215513940000051, 0.295726789000071 ], [ 120.21550684500005, 0.295680754000045 ], [ 120.215445756, 0.295548211000039 ], [ 120.215420055000095, 0.295492447000072 ], [ 120.215294399000072, 0.295453290000069 ], [ 120.215263355000047, 0.295463957000038 ], [ 120.214810230000012, 0.29489755000003 ], [ 120.214810230000012, 0.292934210000055 ], [ 120.214887487000055, 0.292741066000076 ], [ 120.215151580000111, 0.292080830000032 ], [ 120.215151340000034, 0.292080380000073 ], [ 120.21515179000005, 0.292080310000074 ], [ 120.215272190000064, 0.291779310000038 ], [ 120.215041210000095, 0.289815970000063 ], [ 120.21421311000006, 0.28884985000002 ], [ 120.213815710000063, 0.288386220000064 ], [ 120.213655330000051, 0.288199100000043 ], [ 120.213522175000094, 0.287719751000054 ], [ 120.21307787, 0.286120280000034 ], [ 120.211576500000092, 0.284849880000024 ], [ 120.211572600000068, 0.284833590000062 ], [ 120.211444912000047, 0.284299619000024 ], [ 120.210889131000044, 0.281975435000049 ], [ 120.210830119000093, 0.281961293000052 ], [ 120.210874696000019, 0.281967044000055 ], [ 120.21088764000001, 0.281969202000028 ], [ 120.210600080000063, 0.280766670000048 ], [ 120.210306100000025, 0.279537320000031 ], [ 120.210151050000036, 0.279265980000048 ], [ 120.210089226000036, 0.27915778800002 ], [ 120.210220627000012, 0.279010677000031 ], [ 120.210335898000039, 0.279015689000062 ], [ 120.210233186000096, 0.278672135000022 ], [ 120.210238692000075, 0.278670376000036 ], [ 120.210079460000088, 0.278163054000061 ], [ 120.210033830000043, 0.278144265000037 ], [ 120.208764641000016, 0.275370983000073 ], [ 120.2088463340001, 0.275307978000058 ], [ 120.20863896100002, 0.274319255000023 ], [ 120.208224216000076, 0.273541608000073 ], [ 120.207498003000069, 0.272468794000019 ], [ 120.207735409000065, 0.272341810000057 ], [ 120.206135918000086, 0.270327636000047 ], [ 120.20613567800001, 0.270312521000051 ], [ 120.204150826000046, 0.26759816200007 ], [ 120.20409521800002, 0.267640530000051 ], [ 120.204094250000026, 0.267638990000023 ], [ 120.203940930000044, 0.26739507000002 ], [ 120.201990790000082, 0.264292590000025 ], [ 120.201981271000022, 0.264281286000028 ], [ 120.201969519000045, 0.264267330000052 ], [ 120.2001429500001, 0.262098270000024 ], [ 120.197046512000043, 0.262098270000024 ], [ 120.197024700000043, 0.262098270000024 ], [ 120.197005860000104, 0.262087720000068 ], [ 120.194137440000077, 0.26048140000006 ], [ 120.192751560000033, 0.258287080000059 ], [ 120.191784759000029, 0.257803682000031 ], [ 120.191134690000013, 0.257478650000053 ], [ 120.189633320000098, 0.255977280000025 ], [ 120.187092530000086, 0.254937860000041 ], [ 120.184782720000044, 0.254244920000076 ], [ 120.184688460000075, 0.254244920000076 ], [ 120.184689555000091, 0.254238348000058 ], [ 120.184721590000095, 0.254046140000071 ], [ 120.184662270000103, 0.253990670000064 ], [ 120.184662180000032, 0.25399058000005 ], [ 120.184491900000012, 0.253894130000049 ], [ 120.184342910000055, 0.253744090000055 ], [ 120.184098120000044, 0.25363690000006 ], [ 120.183863980000069, 0.253529710000066 ], [ 120.183693700000049, 0.253454680000061 ], [ 120.183502130000079, 0.253315350000037 ], [ 120.18335314, 0.253197470000032 ], [ 120.183087070000056, 0.253058120000048 ], [ 120.182884870000066, 0.252918800000032 ], [ 120.18272529, 0.252608050000049 ], [ 120.182608250000044, 0.252329460000055 ], [ 120.182555080000043, 0.252104470000063 ], [ 120.182542093000052, 0.252033767000057 ], [ 120.182501940000066, 0.251815170000043 ], [ 120.182427450000091, 0.251633010000035 ], [ 120.182257190000087, 0.251482990000056 ], [ 120.182150780000029, 0.251290100000062 ], [ 120.182140170000025, 0.251182970000059 ], [ 120.182097350000049, 0.250685520000047 ], [ 120.182065460000103, 0.250524800000051 ], [ 120.182054860000108, 0.250267670000028 ], [ 120.182022990000064, 0.25003195000005 ], [ 120.181895320000081, 0.249753360000057 ], [ 120.181799570000067, 0.249517640000022 ], [ 120.181739360000051, 0.249363685000048 ], [ 120.181733100000088, 0.249347680000028 ], [ 120.181661280000071, 0.249164050000047 ], [ 120.18159748000005, 0.248896180000031 ], [ 120.18151239000008, 0.248596170000042 ], [ 120.181501800000092, 0.248328320000041 ], [ 120.181374130000108, 0.248081880000029 ], [ 120.181193220000068, 0.247888980000027 ], [ 120.180592490000095, 0.24755349000003 ], [ 120.180273085000067, 0.247437319000028 ], [ 120.180209330000025, 0.247414130000038 ], [ 120.179985830000078, 0.247328380000056 ], [ 120.17970911000009, 0.247264020000046 ], [ 120.179496250000057, 0.247124700000029 ], [ 120.179198260000021, 0.246942510000054 ], [ 120.178878980000036, 0.246760300000062 ], [ 120.178517130000046, 0.246631660000048 ], [ 120.178251090000117, 0.246363750000057 ], [ 120.178102120000062, 0.246138720000033 ], [ 120.17759129, 0.245731480000074 ], [ 120.177282650000052, 0.24556 ], [ 120.177048520000085, 0.24544209000004 ], [ 120.176963400000091, 0.245302790000039 ], [ 120.176867640000069, 0.245131340000057 ], [ 120.176558980000095, 0.245099140000036 ], [ 120.176250300000106, 0.245131210000068 ], [ 120.175994870000068, 0.245034730000043 ], [ 120.175760740000101, 0.244820420000053 ], [ 120.175590500000112, 0.244573950000074 ], [ 120.175367, 0.244456040000046 ], [ 120.175228640000114, 0.244402450000052 ], [ 120.175122220000048, 0.244263150000052 ], [ 120.174930660000086, 0.244188110000039 ], [ 120.174824240000021, 0.24408094000006 ], [ 120.174578140000108, 0.243561 ], [ 120.174514330000079, 0.243325270000071 ], [ 120.174450490000027, 0.243207410000025 ], [ 120.174312920000034, 0.243119910000075 ], [ 120.174248290000037, 0.243078790000027 ], [ 120.174003490000018, 0.242971610000041 ], [ 120.173918370000024, 0.24283231000004 ], [ 120.173922940000011, 0.242829450000045 ], [ 120.174088700000084, 0.242725200000052 ], [ 120.174461250000036, 0.242639570000051 ], [ 120.174652880000053, 0.242511050000076 ], [ 120.174748720000025, 0.242264650000038 ], [ 120.17474768000011, 0.242254690000038 ], [ 120.174727470000107, 0.242061070000034 ], [ 120.174812670000051, 0.241803970000035 ], [ 120.174897860000101, 0.24163255000002 ], [ 120.174853007000024, 0.24149701500005 ], [ 120.174834040000064, 0.241439700000058 ], [ 120.17475955000009, 0.241300390000049 ], [ 120.174514910000084, 0.240550370000051 ], [ 120.174504310000088, 0.24033608000002 ], [ 120.174472440000045, 0.240046810000024 ], [ 120.174397980000094, 0.239768230000038 ], [ 120.174259680000091, 0.239478920000067 ], [ 120.174078780000059, 0.239243180000074 ], [ 120.173897870000019, 0.239071720000027 ], [ 120.173661650000099, 0.23865870000003 ], [ 120.173640400000068, 0.238444410000056 ], [ 120.173629810000079, 0.238262280000072 ], [ 120.173576640000078, 0.238005130000033 ], [ 120.173438320000059, 0.237747970000044 ], [ 120.17322549000005, 0.237533650000046 ], [ 120.172906200000057, 0.237362160000032 ], [ 120.172597560000099, 0.23725496000003 ], [ 120.172342150000077, 0.23705134000005 ], [ 120.171463050000057, 0.236460710000074 ], [ 120.171175660000017, 0.236460650000026 ], [ 120.171033961000035, 0.236465714000076 ], [ 120.170877640000072, 0.236471300000062 ], [ 120.170515740000042, 0.236492650000059 ], [ 120.170281590000059, 0.23649260000002 ], [ 120.169909050000115, 0.236471100000074 ], [ 120.169579130000102, 0.236331760000041 ], [ 120.169302410000114, 0.236245990000043 ], [ 120.16911081, 0.236245960000019 ], [ 120.168919210000013, 0.236278060000075 ], [ 120.168610540000032, 0.236310130000049 ], [ 120.168280610000011, 0.236181490000035 ], [ 120.168014560000074, 0.235999310000068 ], [ 120.167833640000026, 0.235849270000074 ], [ 120.167386620000116, 0.235763470000052 ], [ 120.167131170000062, 0.235763420000069 ], [ 120.166886390000059, 0.235613380000075 ], [ 120.166781051000044, 0.235433862000036 ], [ 120.166748060000032, 0.235377640000024 ], [ 120.166748110000071, 0.235141930000054 ], [ 120.166651160000015, 0.234623280000051 ], [ 120.166640560000019, 0.23436614000002 ], [ 120.16658738000001, 0.234194710000054 ], [ 120.166544840000029, 0.233991130000049 ], [ 120.166672600000084, 0.233830460000036 ], [ 120.166662020000103, 0.233551890000058 ], [ 120.166598200000067, 0.233326890000058 ], [ 120.16652375000001, 0.233048310000072 ], [ 120.166523790000042, 0.232844750000027 ], [ 120.166662220000035, 0.232566220000024 ], [ 120.166630340000097, 0.232244800000046 ], [ 120.166406900000084, 0.23186977000006 ], [ 120.166396320000104, 0.231601910000052 ], [ 120.166364430000044, 0.231323350000025 ], [ 120.166321900000071, 0.231076930000029 ], [ 120.166236800000092, 0.230851920000021 ], [ 120.166130410000051, 0.230659050000042 ], [ 120.165949520000026, 0.230369740000071 ], [ 120.16563546000009, 0.230131270000072 ], [ 120.165401370000041, 0.229777670000033 ], [ 120.165177890000109, 0.229584790000047 ], [ 120.164879910000082, 0.229327590000025 ], [ 120.164518080000107, 0.229070380000053 ], [ 120.164103010000076, 0.228888170000062 ], [ 120.164090143000067, 0.228883429000064 ], [ 120.163666650000096, 0.228727370000058 ], [ 120.163666610000064, 0.22872736000005 ], [ 120.163481420000039, 0.228680720000057 ], [ 120.163414230000058, 0.228663800000049 ], [ 120.163198370000032, 0.228609440000071 ], [ 120.16319834, 0.228609430000063 ], [ 120.162793880000095, 0.228662920000033 ], [ 120.162463900000034, 0.228748560000042 ], [ 120.161910380000108, 0.229027010000038 ], [ 120.161569790000044, 0.228951950000067 ], [ 120.161399500000016, 0.228898350000065 ], [ 120.16115471, 0.228844720000041 ], [ 120.160856670000044, 0.228887530000065 ], [ 120.16059056000006, 0.228941040000052 ], [ 120.160132870000098, 0.229058790000067 ], [ 120.159834820000015, 0.229133730000058 ], [ 120.159674634000112, 0.229174002000036 ], [ 120.159621940000079, 0.229187250000052 ], [ 120.159334590000071, 0.229101490000062 ], [ 120.159174960000087, 0.228930040000023 ], [ 120.159079190000057, 0.228758600000049 ], [ 120.159036640000068, 0.228651450000029 ], [ 120.15817254000001, 0.227606140000034 ], [ 120.158034220000104, 0.227327550000041 ], [ 120.157895890000077, 0.22714540000004 ], [ 120.157757570000058, 0.226845390000051 ], [ 120.157693770000037, 0.226598950000039 ], [ 120.15773640000009, 0.226320410000028 ], [ 120.157821610000042, 0.22598830000004 ], [ 120.157832290000101, 0.225731170000074 ], [ 120.157938830000035, 0.225238360000048 ], [ 120.158066580000082, 0.225099100000023 ], [ 120.158236920000036, 0.224874140000054 ], [ 120.158275767000077, 0.224702271000069 ], [ 120.158290190000116, 0.224638460000051 ], [ 120.158332820000055, 0.224327770000059 ], [ 120.158300940000117, 0.224102770000059 ], [ 120.158183940000072, 0.223443820000057 ], [ 120.158237210000038, 0.223186690000034 ], [ 120.158237260000078, 0.222918840000034 ], [ 120.158279900000025, 0.222618860000068 ], [ 120.158271120000109, 0.222396670000023 ], [ 120.158240850000084, 0.22223955000004 ], [ 120.158214150000049, 0.222100960000034 ], [ 120.158326510000052, 0.221862200000032 ], [ 120.158357680000108, 0.221795970000073 ], [ 120.158357680000108, 0.221239620000063 ], [ 120.158333251000045, 0.220987197000056 ], [ 120.158269830000108, 0.220331890000068 ], [ 120.157684200000062, 0.219424150000066 ], [ 120.15702624000005, 0.218566810000027 ], [ 120.156717900000103, 0.218165040000031 ], [ 120.15643921000003, 0.21765165000005 ], [ 120.156161550000093, 0.217140180000058 ], [ 120.155583710000087, 0.216435210000043 ], [ 120.154697470000087, 0.215354 ], [ 120.15440465000006, 0.214065600000026 ], [ 120.154287520000025, 0.212337980000029 ], [ 120.153698290000079, 0.212224670000069 ], [ 120.153526200000101, 0.212191570000073 ], [ 120.153290720000086, 0.21212735000006 ], [ 120.153204100000039, 0.212103730000024 ], [ 120.153142600000024, 0.211999650000052 ], [ 120.15282344000002, 0.21145953000007 ], [ 120.152451690000021, 0.210931260000052 ], [ 120.152267080000115, 0.210668920000046 ], [ 120.15180612600011, 0.210207966000041 ], [ 120.151805242000023, 0.210172254000042 ], [ 120.151938763000089, 0.208932238000045 ], [ 120.151899186000037, 0.208940331000065 ], [ 120.151533160000099, 0.208399990000032 ], [ 120.151282100000117, 0.208029380000028 ], [ 120.151207470000031, 0.207939210000063 ], [ 120.150805047000063, 0.207452947000036 ], [ 120.150558480000086, 0.207155010000065 ], [ 120.149919290000071, 0.207016060000058 ], [ 120.14917155, 0.20685351000003 ], [ 120.14841884000009, 0.207120090000046 ], [ 120.147724320000066, 0.207366070000035 ], [ 120.146752760000027, 0.206899720000024 ], [ 120.146216780000032, 0.206642450000061 ], [ 120.146126330000016, 0.205979140000068 ], [ 120.146150480000074, 0.20515811000007 ], [ 120.146156480000059, 0.204954010000051 ], [ 120.146246930000075, 0.203928890000043 ], [ 120.145992050000018, 0.203180160000045 ], [ 120.145764520000057, 0.202511810000033 ], [ 120.145055980000052, 0.201712820000068 ], [ 120.144415280000089, 0.200544480000076 ], [ 120.143586140000025, 0.198999250000043 ], [ 120.143301350000115, 0.198445504000063 ], [ 120.14308415000005, 0.198023180000064 ], [ 120.142907750000063, 0.197680160000061 ], [ 120.142583690000038, 0.197258890000057 ], [ 120.141777100000013, 0.196210320000034 ], [ 120.141777080000111, 0.196210300000075 ], [ 120.140798980000113, 0.195155400000033 ], [ 120.140672850000101, 0.195070360000045 ], [ 120.137556, 0.192969120000043 ], [ 120.136948860000075, 0.192325180000068 ], [ 120.136312290000092, 0.191650030000062 ], [ 120.135814310000114, 0.19047396000002 ], [ 120.135426610000081, 0.18955832000006 ], [ 120.135405700000092, 0.189119150000067 ], [ 120.135388230000103, 0.188752270000066 ], [ 120.13537792000011, 0.188535820000027 ], [ 120.135366310000109, 0.188291990000039 ], [ 120.135205600000063, 0.187763970000049 ], [ 120.135155250000025, 0.187598530000059 ], [ 120.134856810000088, 0.187288610000053 ], [ 120.13437134000003, 0.186784460000069 ], [ 120.13401022000005, 0.186328310000022 ], [ 120.133798470000102, 0.186060840000039 ], [ 120.133862300000033, 0.185656610000024 ], [ 120.133888920000118, 0.185487980000062 ], [ 120.133910830000104, 0.185385010000061 ], [ 120.134057670000061, 0.184694860000036 ], [ 120.134190430000103, 0.184070900000052 ], [ 120.134190430000103, 0.183876562000023 ], [ 120.134190430000103, 0.183377595000024 ], [ 120.134190430000103, 0.183317130000034 ], [ 120.134009230000061, 0.182207290000065 ], [ 120.133949230000098, 0.181839750000051 ], [ 120.1330758900001, 0.181266620000031 ], [ 120.132984400000055, 0.181206580000037 ], [ 120.131416570000056, 0.181055830000048 ], [ 120.131054760000097, 0.17921664000005 ], [ 120.130731860000083, 0.178872210000065 ], [ 120.130694050000102, 0.178831880000075 ], [ 120.1306025, 0.178734230000032 ], [ 120.129517080000028, 0.177648800000043 ], [ 120.1292614890001, 0.176421977000075 ], [ 120.129215570000042, 0.176201570000046 ], [ 120.12920922, 0.175909730000058 ], [ 120.129195500000037, 0.175278420000041 ], [ 120.129185420000113, 0.174814640000022 ], [ 120.129133750000051, 0.173497190000035 ], [ 120.129125120000026, 0.173276950000059 ], [ 120.129119700000047, 0.173114500000054 ], [ 120.129094970000097, 0.172372430000053 ], [ 120.12912279000011, 0.172080330000028 ], [ 120.129155270000069, 0.171739270000046 ], [ 120.129034660000116, 0.171196560000055 ], [ 120.12881303000006, 0.171231190000071 ], [ 120.12806984000008, 0.171347310000044 ], [ 120.128059750000034, 0.171362460000068 ], [ 120.12804871000003, 0.171379010000067 ], [ 120.128027450000104, 0.171370090000039 ], [ 120.127697510000075, 0.17140218000003 ], [ 120.127540400000044, 0.171359020000068 ], [ 120.127463360000093, 0.171337860000051 ], [ 120.127367600000071, 0.171123580000028 ], [ 120.127390394000031, 0.171058601000027 ], [ 120.127402894000056, 0.171022967000056 ], [ 120.127431490000049, 0.170941450000043 ], [ 120.127580530000046, 0.170705790000056 ], [ 120.127569940000058, 0.170437950000064 ], [ 120.127474180000036, 0.170202230000029 ], [ 120.127282620000074, 0.170030790000055 ], [ 120.126984630000038, 0.169891460000031 ], [ 120.126899520000052, 0.169634340000073 ], [ 120.126610610000057, 0.169180090000054 ], [ 120.126568040000052, 0.16912652000002 ], [ 120.12648291000005, 0.169051500000023 ], [ 120.126323270000057, 0.168901490000053 ], [ 120.12619557000005, 0.168772920000038 ], [ 120.12590823000005, 0.168655010000066 ], [ 120.1258444, 0.168387180000025 ], [ 120.125546480000025, 0.167776470000035 ], [ 120.125429430000054, 0.167551460000027 ], [ 120.125291100000027, 0.167251460000045 ], [ 120.125184720000107, 0.167005040000049 ], [ 120.124908010000013, 0.166812160000063 ], [ 120.124716460000059, 0.166587140000047 ], [ 120.124438710000049, 0.166069090000065 ], [ 120.124417460000018, 0.165876250000053 ], [ 120.124332350000032, 0.165586970000049 ], [ 120.124247260000061, 0.165211990000046 ], [ 120.124098300000014, 0.164837 ], [ 120.123970660000055, 0.16418082000007 ], [ 120.124002650000079, 0.163827280000021 ], [ 120.123906890000058, 0.163634420000051 ], [ 120.123900540000022, 0.163515870000026 ], [ 120.123898900000086, 0.163485330000071 ], [ 120.123885650000034, 0.163238020000051 ], [ 120.123885684000015, 0.162997032000021 ], [ 120.123885700000073, 0.162884480000059 ], [ 120.123907060000079, 0.162423810000064 ], [ 120.123970980000081, 0.161952430000042 ], [ 120.12420816100007, 0.161441986000057 ], [ 120.124354270000026, 0.161127540000052 ], [ 120.124407530000099, 0.160816860000068 ], [ 120.124471400000061, 0.160666880000065 ], [ 120.124588500000073, 0.160484780000047 ], [ 120.124758830000019, 0.160302670000021 ], [ 120.125028220000104, 0.159861560000024 ], [ 120.125092110000082, 0.159711580000021 ], [ 120.125187930000038, 0.159508040000048 ], [ 120.125294390000022, 0.159283060000064 ], [ 120.125432780000096, 0.159100960000046 ], [ 120.12557116000005, 0.158993850000059 ], [ 120.125858540000081, 0.158940310000048 ], [ 120.125922370000012, 0.159101030000045 ], [ 120.126028790000078, 0.15927245000006 ], [ 120.126284210000108, 0.159326050000061 ], [ 120.126550300000076, 0.159293950000063 ], [ 120.12673127000005, 0.159122570000022 ], [ 120.127340010000012, 0.158431650000068 ], [ 120.127542280000057, 0.158206690000043 ], [ 120.127638100000013, 0.158024580000074 ], [ 120.127723270000047, 0.157831740000063 ], [ 120.128010700000118, 0.157285400000035 ], [ 120.128074600000105, 0.157071140000028 ], [ 120.128308750000087, 0.157017600000074 ], [ 120.128479070000026, 0.156953350000038 ], [ 120.128542940000102, 0.156814070000053 ], [ 120.128564260000076, 0.156631960000027 ], [ 120.128564260000076, 0.156587020000075 ], [ 120.128564261000065, 0.156581098000061 ], [ 120.128564280000091, 0.156439110000065 ], [ 120.128574930000013, 0.156321270000035 ], [ 120.12871331000008, 0.156214150000039 ], [ 120.12880911000002, 0.156171310000047 ], [ 120.129085840000016, 0.156149910000067 ], [ 120.129500930000063, 0.156149970000058 ], [ 120.129798960000016, 0.156085730000029 ], [ 120.129888550000032, 0.155950500000074 ], [ 120.129905410000106, 0.155925050000064 ], [ 120.129969300000084, 0.155710780000049 ], [ 120.130011920000015, 0.155357240000058 ], [ 120.130302990000018, 0.15506651000004 ], [ 120.130547810000053, 0.154873690000045 ], [ 120.130813920000037, 0.154638040000066 ], [ 120.131101330000092, 0.154423800000075 ], [ 120.131335510000099, 0.154305990000069 ], [ 120.131963490000089, 0.154038230000026 ], [ 120.13218702000006, 0.153888270000039 ], [ 120.132399910000117, 0.153813300000024 ], [ 120.132815, 0.153813360000072 ], [ 120.133208800000034, 0.153834840000059 ], [ 120.13364518000003, 0.153749190000042 ], [ 120.133847450000076, 0.153524230000073 ], [ 120.13393262000011, 0.153352830000074 ], [ 120.134007150000116, 0.153085 ], [ 120.134007190000034, 0.152785020000067 ], [ 120.134059900000011, 0.152136050000024 ], [ 120.134081220000098, 0.151836070000058 ], [ 120.134017420000077, 0.151428950000025 ], [ 120.133889740000086, 0.151128950000043 ], [ 120.133687550000104, 0.150786090000054 ], [ 120.133496020000052, 0.150528950000023 ], [ 120.133378980000089, 0.150143250000042 ], [ 120.133406950000108, 0.149503250000066 ], [ 120.133432360000029, 0.14892191000007 ], [ 120.133496270000023, 0.148589790000074 ], [ 120.133613380000043, 0.148246980000067 ], [ 120.133783700000095, 0.148022020000042 ], [ 120.134266380000099, 0.146804490000022 ], [ 120.134404780000068, 0.146547380000072 ], [ 120.13441545, 0.146354550000069 ], [ 120.134543200000053, 0.146151 ], [ 120.134692240000049, 0.145926030000055 ], [ 120.134756130000028, 0.145583200000033 ], [ 120.134734900000012, 0.145208230000037 ], [ 120.134873290000087, 0.144876130000057 ], [ 120.134898593000116, 0.144791280000049 ], [ 120.135001080000052, 0.144447600000035 ], [ 120.135512070000118, 0.143526300000076 ], [ 120.135650470000087, 0.14326920000002 ], [ 120.135810150000111, 0.14297995000004 ], [ 120.135883560000025, 0.142649340000048 ], [ 120.135884710000028, 0.142644140000073 ], [ 120.135884760000067, 0.142272860000048 ], [ 120.135861780000027, 0.14114126000004 ], [ 120.13593633000005, 0.140777010000022 ], [ 120.136010870000064, 0.140434180000057 ], [ 120.136117350000063, 0.140155640000046 ], [ 120.136213170000019, 0.139812820000031 ], [ 120.136309, 0.139480710000043 ], [ 120.136330340000086, 0.139084310000044 ], [ 120.13623460000008, 0.138645050000036 ], [ 120.136064360000091, 0.138237900000036 ], [ 120.135775670000044, 0.137580610000043 ], [ 120.135765050000032, 0.137334190000047 ], [ 120.135711890000039, 0.13696992000007 ], [ 120.135711920000062, 0.136680650000073 ], [ 120.135594870000091, 0.136402100000055 ], [ 120.135477850000029, 0.135962820000032 ], [ 120.135328890000096, 0.13554498000002 ], [ 120.135222490000046, 0.135266410000042 ], [ 120.135020290000057, 0.134998560000042 ], [ 120.134860660000072, 0.13486996000006 ], [ 120.134764890000042, 0.134709260000022 ], [ 120.134763950000092, 0.134264840000071 ], [ 120.134785260000058, 0.13402915000006 ], [ 120.13483851, 0.133804170000076 ], [ 120.134859830000096, 0.133568470000057 ], [ 120.134859870000014, 0.133225630000027 ], [ 120.134913120000078, 0.132775670000058 ], [ 120.134923810000032, 0.132464980000066 ], [ 120.13492382000004, 0.132315 ], [ 120.134955770000033, 0.13209001000007 ], [ 120.134881310000083, 0.131800730000066 ], [ 120.134742970000048, 0.131543590000035 ], [ 120.134540780000066, 0.131297160000031 ], [ 120.134338570000068, 0.131115 ], [ 120.134115080000015, 0.130911430000026 ], [ 120.133902240000111, 0.130697130000044 ], [ 120.133474830000068, 0.130241730000023 ], [ 120.133368410000116, 0.130048870000053 ], [ 120.133336520000057, 0.129759590000049 ], [ 120.133293970000068, 0.129545330000042 ], [ 120.133219510000117, 0.129266760000064 ], [ 120.133123750000095, 0.128945350000038 ], [ 120.133049290000031, 0.128602500000056 ], [ 120.133049310000047, 0.128398960000027 ], [ 120.13299612000003, 0.128173960000026 ], [ 120.132857837000074, 0.127965121000045 ], [ 120.132837860000109, 0.127934950000054 ], [ 120.132963580000023, 0.127510190000066 ], [ 120.132937020000099, 0.127417240000057 ], [ 120.132937020000099, 0.127320600000076 ], [ 120.132743750000031, 0.126982380000072 ], [ 120.132405530000028, 0.12659584000005 ], [ 120.131511660000115, 0.125701970000023 ], [ 120.131318390000047, 0.125508700000069 ], [ 120.130854540000087, 0.12500620000003 ], [ 120.130441619000067, 0.124832338000033 ], [ 120.130120120000015, 0.124696970000059 ], [ 120.129859360000069, 0.124547970000037 ], [ 120.12984954, 0.124542360000021 ], [ 120.129424350000022, 0.124001200000066 ], [ 120.12910661, 0.123683460000052 ], [ 120.128660880000098, 0.123206660000051 ], [ 120.128647500000056, 0.123190420000071 ], [ 120.128264740000077, 0.122725630000048 ], [ 120.127989205000063, 0.122433889000035 ], [ 120.127607620000049, 0.122029860000055 ], [ 120.127182430000062, 0.121566010000038 ], [ 120.126486660000069, 0.121024860000034 ], [ 120.126138770000011, 0.120522360000052 ], [ 120.125948710000102, 0.120223690000046 ], [ 120.125868200000014, 0.120097170000065 ], [ 120.125481660000105, 0.119826590000059 ], [ 120.125017810000031, 0.119401400000072 ], [ 120.124674740000046, 0.11905833000003 ], [ 120.12405147000004, 0.118435050000073 ], [ 120.123862200000076, 0.118224750000024 ], [ 120.123703580000097, 0.118048510000051 ], [ 120.123123780000014, 0.117546010000069 ], [ 120.122636250000028, 0.117109810000045 ], [ 120.122389350000049, 0.116888900000049 ], [ 120.122228650000011, 0.116757420000056 ], [ 120.122225980000053, 0.116755230000024 ], [ 120.121964160000061, 0.116541010000049 ], [ 120.121637120000059, 0.116494290000048 ], [ 120.121423010000058, 0.116463710000062 ], [ 120.12076589000003, 0.116463710000062 ], [ 120.120418010000094, 0.116270440000051 ], [ 120.120186080000053, 0.11607717000004 ], [ 120.120048460000021, 0.115978866000034 ], [ 120.119926740000096, 0.115891920000024 ], [ 120.119644930000049, 0.115690630000074 ], [ 120.119276010000021, 0.115348060000031 ], [ 120.119103780000046, 0.115188130000035 ], [ 120.118868670000097, 0.115203800000074 ], [ 120.118523970000069, 0.115226780000057 ], [ 120.11819184, 0.115203060000056 ], [ 120.117982820000066, 0.115188130000035 ], [ 120.117874680000114, 0.115116040000032 ], [ 120.117403010000089, 0.11480159000007 ], [ 120.116745890000061, 0.114376400000026 ], [ 120.116653980000024, 0.11435597000002 ], [ 120.116398010000012, 0.114299090000031 ], [ 120.115934160000052, 0.114221780000037 ], [ 120.115431660000013, 0.113873900000044 ], [ 120.114929160000088, 0.113487360000022 ], [ 120.114731840000104, 0.113240700000063 ], [ 120.114619583000035, 0.113100379000059 ], [ 120.114465320000022, 0.112907550000045 ], [ 120.114313830000015, 0.11263488000003 ], [ 120.114078780000114, 0.11221179000006 ], [ 120.113728490000085, 0.112615970000036 ], [ 120.113696800000071, 0.11253873000004 ], [ 120.113351540000053, 0.111697070000048 ], [ 120.113159980000091, 0.111407790000044 ], [ 120.112957800000117, 0.111043520000067 ], [ 120.112787540000113, 0.110582830000055 ], [ 120.112691810000115, 0.11017570000007 ], [ 120.112682080000013, 0.110129020000045 ], [ 120.112489220000043, 0.109203760000071 ], [ 120.112467940000101, 0.109075210000071 ], [ 120.112467960000117, 0.108871650000026 ], [ 120.112404130000073, 0.10861452000006 ], [ 120.112244500000088, 0.108368100000064 ], [ 120.112233880000076, 0.108025280000049 ], [ 120.11229784000011, 0.107050360000073 ], [ 120.112297860000012, 0.106793240000059 ], [ 120.112361730000089, 0.106611130000033 ], [ 120.112510760000077, 0.10646115000003 ], [ 120.112627840000073, 0.106321890000061 ], [ 120.112627870000097, 0.105968350000069 ], [ 120.112621980000085, 0.105913070000042 ], [ 120.11256010000011, 0.105332040000064 ], [ 120.112527810000074, 0.105028780000055 ], [ 120.112494200000015, 0.104713240000024 ], [ 120.112477830000103, 0.104559450000067 ], [ 120.112339490000068, 0.104216610000037 ], [ 120.112201140000025, 0.104088040000022 ], [ 120.112030870000012, 0.103873750000048 ], [ 120.112041540000064, 0.103670190000059 ], [ 120.112105194000037, 0.103307241000039 ], [ 120.112105420000034, 0.103305950000049 ], [ 120.111988380000071, 0.103048830000034 ], [ 120.111828740000078, 0.102813110000056 ], [ 120.111733, 0.102427430000034 ], [ 120.111562720000052, 0.10213815000003 ], [ 120.111349880000034, 0.101870290000022 ], [ 120.111381850000043, 0.101645320000046 ], [ 120.111467, 0.101473910000038 ], [ 120.111381880000067, 0.101216790000024 ], [ 120.111264820000088, 0.100981090000062 ], [ 120.11113712000008, 0.100756090000061 ], [ 120.110846480000077, 0.100450720000026 ], [ 120.110665550000022, 0.100386420000063 ], [ 120.11045270000011, 0.100332840000021 ], [ 120.110197250000056, 0.100247110000055 ], [ 120.109909910000056, 0.100139960000035 ], [ 120.109739640000043, 0.099936390000039 ], [ 120.109718360000102, 0.099722110000073 ], [ 120.109665160000077, 0.099507850000066 ], [ 120.10953746000007, 0.099357850000047 ], [ 120.10933526000008, 0.099175710000054 ], [ 120.109143700000118, 0.098950710000054 ], [ 120.108909580000045, 0.098747140000057 ], [ 120.108632880000073, 0.098468570000023 ], [ 120.10837747000005, 0.098168570000041 ], [ 120.108302980000076, 0.097857880000049 ], [ 120.108164630000033, 0.097686460000034 ], [ 120.107983720000107, 0.097504310000033 ], [ 120.107909240000026, 0.097279320000041 ], [ 120.107696390000115, 0.097161460000052 ], [ 120.107547380000028, 0.097172160000071 ], [ 120.107323870000073, 0.09714 ], [ 120.107291960000111, 0.097000730000047 ], [ 120.107334540000011, 0.096893590000036 ], [ 120.107216310000013, 0.096373970000059 ], [ 120.10721632000002, 0.096202550000044 ], [ 120.1072376300001, 0.096041860000071 ], [ 120.107205710000017, 0.095891880000067 ], [ 120.10696092, 0.095763290000036 ], [ 120.106801290000021, 0.095709710000051 ], [ 120.106748080000102, 0.095624 ], [ 120.106694880000077, 0.095388300000025 ], [ 120.106492680000088, 0.095216880000066 ], [ 120.10630110000011, 0.095249 ], [ 120.10606694, 0.095227550000061 ], [ 120.105981810000117, 0.095088270000019 ], [ 120.105992490000062, 0.09472401000005 ], [ 120.106003180000016, 0.094220500000063 ], [ 120.105939360000093, 0.093684820000021 ], [ 120.105928750000089, 0.093427710000071 ], [ 120.105886300000066, 0.092694660000063 ], [ 120.105992750000041, 0.092469680000022 ], [ 120.106024710000042, 0.092148290000068 ], [ 120.1060183620001, 0.092052402000036 ], [ 120.106013590000089, 0.091980330000069 ], [ 120.106003440000109, 0.091826880000042 ], [ 120.105971530000033, 0.091569760000027 ], [ 120.10585449000007, 0.091323360000047 ], [ 120.10574806000011, 0.09113050000002 ], [ 120.105780020000111, 0.090701980000063 ], [ 120.105854550000117, 0.090552 ], [ 120.105897130000017, 0.090412720000074 ], [ 120.105897140000025, 0.090252030000045 ], [ 120.105822640000042, 0.090091320000056 ], [ 120.105801380000116, 0.089877060000049 ], [ 120.105804663000072, 0.089784755000039 ], [ 120.105812050000054, 0.089577090000034 ], [ 120.105875920000017, 0.08930926000005 ], [ 120.105929170000081, 0.088945010000032 ], [ 120.106014360000017, 0.088398630000029 ], [ 120.106025030000069, 0.088055820000022 ], [ 120.106260620000057, 0.087266840000041 ], [ 120.106345800000099, 0.087009720000026 ], [ 120.10642031000009, 0.086763320000045 ], [ 120.106516120000038, 0.086495500000069 ], [ 120.106611920000091, 0.086195540000062 ], [ 120.106697100000019, 0.085895570000048 ], [ 120.106792900000073, 0.085584890000064 ], [ 120.107027100000096, 0.085006380000038 ], [ 120.107069680000109, 0.084856410000043 ], [ 120.107197400000018, 0.084738580000021 ], [ 120.107197450000058, 0.084738510000022 ], [ 120.107238450000068, 0.084680060000039 ], [ 120.107325130000049, 0.084556450000036 ], [ 120.107378360000098, 0.084395760000064 ], [ 120.10742095, 0.084160070000053 ], [ 120.107474190000062, 0.083881530000042 ], [ 120.107591280000065, 0.083667280000043 ], [ 120.107708370000068, 0.083592280000062 ], [ 120.107846740000014, 0.083538730000043 ], [ 120.107963800000107, 0.083538740000051 ], [ 120.108146040000065, 0.083244260000072 ], [ 120.108380190000048, 0.083030020000024 ], [ 120.108430625000096, 0.082914667000068 ], [ 120.108497290000059, 0.082762190000039 ], [ 120.108635670000012, 0.082590780000032 ], [ 120.108774030000063, 0.082419390000041 ], [ 120.108901770000102, 0.08226940000003 ], [ 120.10900821000007, 0.082076580000034 ], [ 120.109129100000018, 0.081529130000035 ], [ 120.109178550000024, 0.081305240000063 ], [ 120.10917857000004, 0.080973120000067 ], [ 120.109072170000104, 0.080683850000071 ], [ 120.108923190000041, 0.080341020000049 ], [ 120.108721, 0.079987460000041 ], [ 120.108603930000072, 0.079762470000048 ], [ 120.108326390000116, 0.079082520000043 ], [ 120.10820934000003, 0.078921800000046 ], [ 120.108251920000043, 0.07878254000002 ], [ 120.108294510000064, 0.078557560000036 ], [ 120.108188080000104, 0.078321850000066 ], [ 120.108007160000057, 0.078107580000051 ], [ 120.107879460000049, 0.077925440000058 ], [ 120.107826300000056, 0.077057670000045 ], [ 120.107826320000072, 0.076725550000049 ], [ 120.107832398000028, 0.076585195000064 ], [ 120.10783699000001, 0.07647914000006 ], [ 120.107922150000036, 0.076211310000076 ], [ 120.108007300000054, 0.076093480000054 ], [ 120.108071180000024, 0.075900640000043 ], [ 120.108039470000108, 0.075349710000069 ], [ 120.108039480000116, 0.075167600000043 ], [ 120.108060790000081, 0.074964040000054 ], [ 120.108060800000089, 0.074760480000066 ], [ 120.108103380000102, 0.074599790000036 ], [ 120.108124670000052, 0.074471240000037 ], [ 120.108103400000118, 0.074289100000044 ], [ 120.108028920000038, 0.074139120000041 ], [ 120.107954420000056, 0.073924840000075 ], [ 120.108018300000026, 0.073732010000072 ], [ 120.107997010000076, 0.07359273000003 ], [ 120.107869310000069, 0.073399890000076 ], [ 120.107752270000105, 0.072928490000038 ], [ 120.107826780000096, 0.072671390000039 ], [ 120.108060970000111, 0.072167870000044 ], [ 120.108114210000053, 0.071835760000056 ], [ 120.108135120000043, 0.071709485000042 ], [ 120.108167430000094, 0.071514360000037 ], [ 120.108231580000052, 0.07058655000003 ], [ 120.108242220000079, 0.070447280000053 ], [ 120.108210320000012, 0.070104460000039 ], [ 120.108125180000116, 0.069965170000046 ], [ 120.108114550000096, 0.069729490000043 ], [ 120.108061340000063, 0.06959020000005 ], [ 120.10795493, 0.069418790000043 ], [ 120.108029430000101, 0.069247370000028 ], [ 120.108018800000082, 0.069022400000051 ], [ 120.107965610000065, 0.068840270000067 ], [ 120.107837880000034, 0.068722420000029 ], [ 120.10782727000003, 0.068497430000036 ], [ 120.107869860000051, 0.068186750000052 ], [ 120.107965660000104, 0.067993920000049 ], [ 120.10798434000003, 0.06795819000007 ], [ 120.108072090000064, 0.067790370000068 ], [ 120.108146600000055, 0.067543980000039 ], [ 120.108175190000111, 0.067146930000035 ], [ 120.108178560000056, 0.067100260000075 ], [ 120.108157280000114, 0.066982420000045 ], [ 120.108152099000108, 0.066945907000047 ], [ 120.108136, 0.066832440000042 ], [ 120.108136010000067, 0.066650300000049 ], [ 120.108210540000073, 0.066446750000068 ], [ 120.108306320000111, 0.066275350000069 ], [ 120.108465990000013, 0.066039660000058 ], [ 120.108688080000093, 0.065716790000067 ], [ 120.108753370000045, 0.065621860000022 ], [ 120.108859820000021, 0.065504030000056 ], [ 120.109019460000013, 0.065407610000022 ], [ 120.109147180000036, 0.065311200000053 ], [ 120.109253630000012, 0.065150510000024 ], [ 120.109392, 0.065032670000051 ], [ 120.109583590000057, 0.064925550000055 ], [ 120.109775160000027, 0.064839860000063 ], [ 120.10987096000008, 0.064614880000022 ], [ 120.109934840000051, 0.064357760000064 ], [ 120.109956130000114, 0.064132790000031 ], [ 120.110041290000026, 0.063950660000046 ], [ 120.110276670000076, 0.063582110000027 ], [ 120.110351190000074, 0.063517840000031 ], [ 120.110478910000097, 0.063389280000024 ], [ 120.11056407, 0.063217880000025 ], [ 120.110681150000119, 0.063003610000067 ], [ 120.110787600000094, 0.062714370000037 ], [ 120.110840830000029, 0.062478680000027 ], [ 120.111043090000067, 0.061760890000073 ], [ 120.111064390000024, 0.061653750000062 ], [ 120.111128250000093, 0.061428790000036 ], [ 120.111192130000063, 0.061171670000022 ], [ 120.111298560000023, 0.060903830000029 ], [ 120.111309230000074, 0.060625300000027 ], [ 120.111309240000082, 0.060357460000034 ], [ 120.111298610000063, 0.060036060000073 ], [ 120.111296512000081, 0.059947007000062 ], [ 120.111292020000064, 0.059756330000027 ], [ 120.111287890000085, 0.059581300000048 ], [ 120.111224050000033, 0.059399180000071 ], [ 120.111202760000083, 0.059217040000021 ], [ 120.111202780000099, 0.05889564000006 ], [ 120.11124537, 0.058552810000037 ], [ 120.111287960000027, 0.058113570000046 ], [ 120.111362490000033, 0.057877890000043 ], [ 120.111415720000082, 0.057685050000032 ], [ 120.111479580000037, 0.057438640000044 ], [ 120.11157538000009, 0.057288670000048 ], [ 120.11167118000003, 0.057074400000033 ], [ 120.111649900000089, 0.056795850000071 ], [ 120.11163819, 0.056513120000034 ], [ 120.111659490000079, 0.056288140000049 ], [ 120.111638210000024, 0.056084590000069 ], [ 120.111553080000022, 0.055752480000024 ], [ 120.111503120000066, 0.05566194000005 ], [ 120.111446690000093, 0.055559670000036 ], [ 120.111446670000078, 0.055559620000054 ], [ 120.111439229000098, 0.055534266000052 ], [ 120.111308330000043, 0.055088240000032 ], [ 120.111223190000032, 0.054884670000035 ], [ 120.111169980000113, 0.054638270000055 ], [ 120.111138070000038, 0.054391860000067 ], [ 120.111052940000036, 0.054124020000074 ], [ 120.110925220000013, 0.053888330000063 ], [ 120.110925230000021, 0.053695490000052 ], [ 120.110808170000041, 0.053470490000052 ], [ 120.110712390000117, 0.053266940000071 ], [ 120.110679920000052, 0.053102090000039 ], [ 120.11069056000008, 0.052887820000024 ], [ 120.110690570000088, 0.052726440000072 ], [ 120.110690570000088, 0.052662830000031 ], [ 120.110648010000091, 0.052405720000024 ], [ 120.110584180000046, 0.052137880000032 ], [ 120.110594830000082, 0.05185933000007 ], [ 120.11064805, 0.051602210000055 ], [ 120.110648060000017, 0.051291540000022 ], [ 120.110594870000114, 0.051077260000056 ], [ 120.110488450000048, 0.050766570000064 ], [ 120.110403310000038, 0.050488020000046 ], [ 120.110275610000031, 0.050145190000023 ], [ 120.110246532000019, 0.049922673000026 ], [ 120.11022241, 0.049738080000054 ], [ 120.110189760000026, 0.049632910000071 ], [ 120.110115990000054, 0.049395250000032 ], [ 120.109956360000069, 0.049063130000036 ], [ 120.109796740000093, 0.04876315000007 ], [ 120.109790226000086, 0.048757412000043 ], [ 120.109626440000056, 0.048613160000059 ], [ 120.109445530000016, 0.048409590000063 ], [ 120.109335030000011, 0.047985220000044 ], [ 120.109260550000045, 0.047599540000022 ], [ 120.109154130000093, 0.047342410000056 ], [ 120.10909029000004, 0.047171 ], [ 120.108951930000103, 0.04696744000006 ], [ 120.108866800000101, 0.046710310000037 ], [ 120.108760380000035, 0.046292490000042 ], [ 120.108622020000098, 0.046003220000046 ], [ 120.108249540000088, 0.045746090000023 ], [ 120.108026030000019, 0.045628230000034 ], [ 120.107696090000104, 0.045521090000022 ], [ 120.107419370000116, 0.045456800000068 ], [ 120.107100070000115, 0.045435370000064 ], [ 120.106280570000081, 0.045263910000074 ], [ 120.105854860000022, 0.045017490000021 ], [ 120.105546220000065, 0.044878210000036 ], [ 120.105397210000092, 0.044674640000039 ], [ 120.10522694000008, 0.044481810000036 ], [ 120.105067290000079, 0.044171110000036 ], [ 120.104928950000044, 0.043988970000044 ], [ 120.104801230000021, 0.043828280000071 ], [ 120.1045444, 0.043372470000065 ], [ 120.104515420000098, 0.043293280000057 ], [ 120.104469900000026, 0.043168920000028 ], [ 120.104437980000057, 0.043018940000024 ], [ 120.104331550000097, 0.042858230000036 ], [ 120.10419322000007, 0.042611830000055 ], [ 120.104076140000075, 0.042354700000033 ], [ 120.104066171000113, 0.042337137000061 ], [ 120.103999600000066, 0.042219860000046 ], [ 120.103948430000059, 0.042129720000048 ], [ 120.103810080000017, 0.041840450000052 ], [ 120.103650450000032, 0.041583340000045 ], [ 120.103107660000092, 0.041197640000064 ], [ 120.102862890000097, 0.041069060000041 ], [ 120.102681960000041, 0.040908370000068 ], [ 120.102511680000021, 0.040672660000041 ], [ 120.102383950000103, 0.040522680000038 ], [ 120.102192400000035, 0.040361970000049 ], [ 120.10216046000005, 0.040169130000038 ], [ 120.102107270000033, 0.039901300000054 ], [ 120.10209663, 0.039687030000039 ], [ 120.102117910000061, 0.039494200000036 ], [ 120.102064720000044, 0.039290640000047 ], [ 120.10188203000007, 0.039156580000054 ], [ 120.101775610000118, 0.03909230000005 ], [ 120.10165853, 0.038931600000069 ], [ 120.10159469000007, 0.038792320000027 ], [ 120.101540721000106, 0.038719895000042 ], [ 120.101466960000039, 0.03862091000002 ], [ 120.1014031200001, 0.038406640000062 ], [ 120.101349910000067, 0.038149510000039 ], [ 120.101286070000015, 0.037870980000037 ], [ 120.101286080000023, 0.037367450000033 ], [ 120.101264800000081, 0.037099610000041 ], [ 120.101264810000089, 0.036821080000038 ], [ 120.101083880000033, 0.036606810000023 ], [ 120.100913600000013, 0.036542520000069 ], [ 120.100913610000021, 0.03617827000005 ], [ 120.100902970000107, 0.035889010000062 ], [ 120.100892330000079, 0.035642610000025 ], [ 120.100977500000113, 0.035449780000022 ], [ 120.101020080000012, 0.035203370000033 ], [ 120.10111586000005, 0.035042670000053 ], [ 120.101243590000081, 0.034892690000049 ], [ 120.101243610000097, 0.034892620000051 ], [ 120.101274430000103, 0.034743690000028 ], [ 120.101279181000109, 0.034630661000051 ], [ 120.101286180000102, 0.034464170000035 ], [ 120.101222310000026, 0.03433560000002 ], [ 120.101137170000015, 0.034207040000069 ], [ 120.101178490000052, 0.033975910000038 ], [ 120.10117850000006, 0.033729520000065 ], [ 120.101135940000063, 0.033493820000047 ], [ 120.101072090000116, 0.033300970000028 ], [ 120.10102953, 0.033108140000024 ], [ 120.100997610000036, 0.03287245000007 ], [ 120.100933750000081, 0.032647460000021 ], [ 120.100930370000015, 0.032635310000046 ], [ 120.100859260000107, 0.032379640000045 ], [ 120.100763480000069, 0.032143940000026 ], [ 120.100699620000114, 0.031897530000037 ], [ 120.100529340000094, 0.031651130000057 ], [ 120.100350745000014, 0.03124660800006 ], [ 120.100316490000068, 0.03116902000005 ], [ 120.100220710000031, 0.030879760000062 ], [ 120.100071730000082, 0.030601220000051 ], [ 120.099890800000026, 0.030408370000032 ], [ 120.099709870000083, 0.030247680000059 ], [ 120.099507650000078, 0.03012982000007 ], [ 120.099422510000068, 0.030065540000066 ], [ 120.099387580000098, 0.029935610000052 ], [ 120.099369180000053, 0.02986715000003 ], [ 120.099369180000053, 0.029706460000057 ], [ 120.099347890000104, 0.029545750000068 ], [ 120.099294680000071, 0.029342210000038 ], [ 120.099230840000018, 0.029127940000024 ], [ 120.099209550000069, 0.028849390000062 ], [ 120.099220200000104, 0.028549420000047 ], [ 120.0993372800001, 0.028260160000059 ], [ 120.099433070000032, 0.028035190000026 ], [ 120.099592740000048, 0.027563820000069 ], [ 120.099571450000099, 0.027338840000027 ], [ 120.099528890000101, 0.027081720000069 ], [ 120.099454400000013, 0.026792460000024 ], [ 120.099454400000013, 0.02661099200003 ], [ 120.099454400000013, 0.026610340000047 ], [ 120.099476550000077, 0.026493380000034 ], [ 120.099317380000116, 0.026493380000034 ], [ 120.099135140000044, 0.026063820000047 ], [ 120.099192880000032, 0.025855980000074 ], [ 120.099194150000017, 0.025856020000049 ], [ 120.099193620000051, 0.025853290000043 ], [ 120.099663360000022, 0.025873400000023 ], [ 120.09967886000004, 0.025834400000065 ], [ 120.099710790000017, 0.02562013000005 ], [ 120.099742720000108, 0.025341600000047 ], [ 120.099742730000116, 0.025020200000029 ], [ 120.099849170000084, 0.024805940000022 ], [ 120.099976890000107, 0.024580950000029 ], [ 120.100115260000052, 0.02440955000003 ], [ 120.100296190000108, 0.024259560000075 ], [ 120.100391990000048, 0.024152440000023 ], [ 120.100668710000036, 0.023509650000051 ], [ 120.100711280000041, 0.023348960000021 ], [ 120.100764500000082, 0.023231120000048 ], [ 120.10083902000008, 0.023070410000059 ], [ 120.100979970000026, 0.022746090000055 ], [ 120.101011900000117, 0.022681820000059 ], [ 120.101150260000054, 0.022703250000063 ], [ 120.101224750000029, 0.022831800000063 ], [ 120.101309900000047, 0.02284252000004 ], [ 120.101395040000057, 0.022767530000067 ], [ 120.101448260000097, 0.022649670000021 ], [ 120.101384400000029, 0.022467560000052 ], [ 120.101480200000083, 0.02215687000006 ], [ 120.101693050000108, 0.022103310000034 ], [ 120.101778220000028, 0.021953320000023 ], [ 120.101767570000106, 0.021781920000024 ], [ 120.101778230000036, 0.021460520000062 ], [ 120.101927220000107, 0.021246250000047 ], [ 120.10204431000011, 0.021192690000021 ], [ 120.10232102000009, 0.021171270000025 ], [ 120.102459380000028, 0.021042720000025 ], [ 120.102480680000099, 0.020849870000063 ], [ 120.102480680000099, 0.02065704000006 ], [ 120.102139140000077, 0.02049205000003 ], [ 120.102022060000081, 0.020384920000026 ], [ 120.101947560000099, 0.020267070000045 ], [ 120.101894350000066, 0.020095660000038 ], [ 120.101926280000043, 0.019924240000023 ], [ 120.102096580000079, 0.019849260000058 ], [ 120.102330720000054, 0.019859970000027 ], [ 120.102564870000037, 0.019806410000058 ], [ 120.102756450000015, 0.01971 ], [ 120.10291609, 0.01960286000002 ], [ 120.103128960000049, 0.01899222000003 ], [ 120.10315026, 0.018777950000072 ], [ 120.103139620000093, 0.018531540000026 ], [ 120.103160910000042, 0.018295860000023 ], [ 120.10330991, 0.018145870000069 ], [ 120.103427, 0.018006600000035 ], [ 120.103469570000016, 0.017781620000051 ], [ 120.103331210000078, 0.017599500000074 ], [ 120.103139630000101, 0.017460220000032 ], [ 120.102873560000035, 0.017320950000055 ], [ 120.102703280000014, 0.017181680000022 ], [ 120.102596840000047, 0.017020970000033 ], [ 120.102595840000049, 0.016662680000024 ], [ 120.102574550000099, 0.016384130000063 ], [ 120.102500060000011, 0.016244870000037 ], [ 120.102382990000024, 0.016019880000044 ], [ 120.102308490000041, 0.015741330000026 ], [ 120.1022872100001, 0.015430650000042 ], [ 120.101946650000059, 0.014873560000069 ], [ 120.101765710000109, 0.014691430000028 ], [ 120.101552840000068, 0.014455730000066 ], [ 120.10144643000001, 0.014220050000063 ], [ 120.101350640000078, 0.013941500000044 ], [ 120.10132937000003, 0.013448690000075 ], [ 120.101297430000045, 0.013180860000034 ], [ 120.101297430000045, 0.012945170000023 ], [ 120.101297440000053, 0.012623770000062 ], [ 120.101329380000038, 0.012248810000074 ], [ 120.101531600000044, 0.011820280000052 ], [ 120.10162739000009, 0.011563160000037 ], [ 120.101691240000036, 0.011241760000075 ], [ 120.101638040000012, 0.011016790000042 ], [ 120.101584830000093, 0.010813240000061 ], [ 120.101659320000067, 0.010663260000058 ], [ 120.101780880000092, 0.010470290000058 ], [ 120.101715950000084, 0.009745030000033 ], [ 120.101735817000076, 0.009265300000038 ], [ 120.10173670000006, 0.009243970000057 ], [ 120.101797230000102, 0.008891220000066 ], [ 120.101871930000016, 0.008794660000035 ], [ 120.101914560000068, 0.008708820000038 ], [ 120.101946590000011, 0.008633720000034 ], [ 120.102031890000035, 0.008515700000032 ], [ 120.102106580000054, 0.008419140000058 ], [ 120.102159900000061, 0.008322580000026 ], [ 120.102255910000054, 0.008236740000029 ], [ 120.102362700000072, 0.007782560000066 ], [ 120.102362700000072, 0.007755680000059 ], [ 120.102362700000072, 0.007621630000074 ], [ 120.102341350000074, 0.007364130000042 ], [ 120.102341350000074, 0.007149550000065 ], [ 120.102341350000074, 0.007010070000035 ], [ 120.102458680000041, 0.006677470000056 ], [ 120.102554690000034, 0.00650580000007 ], [ 120.102661350000062, 0.006312680000065 ], [ 120.102661350000062, 0.00619467000007 ], [ 120.102544020000096, 0.005797680000057 ], [ 120.102437370000075, 0.005550920000076 ], [ 120.102021270000023, 0.004559310000047 ], [ 120.101978600000052, 0.004366190000042 ], [ 120.101893270000119, 0.004173070000036 ], [ 120.101786620000098, 0.003958480000051 ], [ 120.101701280000043, 0.002992870000071 ], [ 120.101722640000048, 0.002724640000054 ], [ 120.10181861, 0.002477870000064 ], [ 120.101935940000089, 0.002349120000019 ], [ 120.102181270000074, 0.002177450000033 ], [ 120.10241593, 0.00203797000006 ], [ 120.102629240000056, 0.001844850000055 ], [ 120.102799910000044, 0.001651730000049 ], [ 120.10293855000009, 0.00146933000002 ], [ 120.103055880000056, 0.001276210000071 ], [ 120.103066560000116, 0.001115280000022 ], [ 120.102767690000064, 0.00062760000003 ], [ 120.102629010000101, 0.000413010000045 ], [ 120.102458370000022, 0.000187710000034 ], [ 120.102319690000058, 0.000005310000063 ], [ 120.102191690000041, -0.000241459999927 ], [ 120.102181030000111, -0.000283019999927 ], [ 120.10210638, -0.000574069999971 ], [ 120.101850380000087, -0.001228539999943 ], [ 120.101871730000084, -0.001561139999978 ], [ 120.101878276000093, -0.001618224999959 ], [ 120.101903720000109, -0.001840099999924 ], [ 120.101999690000071, -0.002161969999975 ], [ 120.102042360000041, -0.00241946999995 ], [ 120.102042214000107, -0.003112854999927 ], [ 120.10204219000002, -0.003229559999966 ], [ 120.101988850000112, -0.003358319999961 ], [ 120.101985460000037, -0.003372829999932 ], [ 120.101981590000037, -0.003373309999972 ], [ 120.101969380000014, -0.003374839999935 ], [ 120.101804630000061, -0.00405442999994 ], [ 120.101781600000095, -0.004235359999939 ], [ 120.101764730000014, -0.004367959999968 ], [ 120.101662120000015, -0.004681499999947 ], [ 120.101635510000051, -0.004883689999929 ], [ 120.101639380000051, -0.004882749999979 ], [ 120.101649050000105, -0.004880399999934 ], [ 120.101626210000063, -0.005117649999931 ], [ 120.101626180000039, -0.005117879999943 ], [ 120.101594190000014, -0.005868919999955 ], [ 120.1015835500001, -0.00612641999993 ], [ 120.10161711, -0.006255858999964 ], [ 120.101647530000037, -0.006373189999977 ], [ 120.101722190000032, -0.006598499999939 ], [ 120.101796850000028, -0.006834539999943 ], [ 120.101775530000054, -0.007070579999947 ], [ 120.101626170000031, -0.007392459999949 ], [ 120.101103250000051, -0.007891449999931 ], [ 120.101028590000055, -0.007998739999948 ], [ 120.100836480000112, -0.008133159999943 ], [ 120.100783250000063, -0.008170409999934 ], [ 120.100579800000105, -0.00820916999993 ], [ 120.100463260000083, -0.008320609999942 ], [ 120.100453108000011, -0.00833876799993 ], [ 120.100367280000114, -0.008492269999977 ], [ 120.100345930000117, -0.008642489999943 ], [ 120.100228600000037, -0.008878529999947 ], [ 120.100100600000019, -0.009082379999938 ], [ 120.099993940000104, -0.009275499999944 ], [ 120.09985529000005, -0.009447159999979 ], [ 120.099503270000014, -0.010040559999936 ], [ 120.099439290000078, -0.010233679999942 ], [ 120.099332600000025, -0.010437539999941 ], [ 120.099172630000112, -0.010652119999975 ], [ 120.099044630000094, -0.010770129999969 ], [ 120.098916620000068, -0.01095252999994 ], [ 120.09878862000005, -0.011231479999935 ], [ 120.098671290000084, -0.011510439999938 ], [ 120.098682480000093, -0.012725659999944 ], [ 120.09869312, -0.012961699999948 ], [ 120.098714470000118, -0.01321919999998 ], [ 120.098778450000054, -0.013498149999975 ], [ 120.098863780000102, -0.013830749999954 ], [ 120.09899178, -0.014056079999932 ], [ 120.09910694000007, -0.014171909999959 ], [ 120.099133510000115, -0.014198639999961 ], [ 120.099136512000086, -0.01420165899998 ], [ 120.099151370000072, -0.014216599999941 ], [ 120.099151780000057, -0.014217009999925 ], [ 120.09941842, -0.014356489999955 ], [ 120.099631730000056, -0.014485239999942 ], [ 120.099887730000091, -0.014699829999927 ], [ 120.100058370000056, -0.014935869999931 ], [ 120.100175690000015, -0.015214819999926 ], [ 120.1002717, -0.015493789999937 ], [ 120.100293010000087, -0.015837119999958 ], [ 120.100197030000118, -0.016169719999937 ], [ 120.100079700000038, -0.016309199999966 ], [ 120.099834360000045, -0.016480859999945 ], [ 120.099651498000071, -0.016652914999952 ], [ 120.099588830000016, -0.016711879999946 ], [ 120.099546160000045, -0.016819159999955 ], [ 120.09947150000005, -0.016905 ], [ 120.099396840000054, -0.016958639999928 ], [ 120.099226200000089, -0.017087389999972 ], [ 120.09910887, -0.017173219999961 ], [ 120.0989595100001, -0.01725904999995 ], [ 120.098714210000026, -0.017366339999967 ], [ 120.098468880000041, -0.017419989999951 ], [ 120.098244900000054, -0.017495079999946 ], [ 120.098237272, -0.017498415999967 ], [ 120.09799957000007, -0.017602369999963 ], [ 120.097839570000019, -0.017720389999965 ], [ 120.097700920000079, -0.017881319999958 ], [ 120.097594270000059, -0.018052989999944 ], [ 120.097508930000117, -0.018192459999966 ], [ 120.097412920000011, -0.018331929999931 ], [ 120.097295590000044, -0.018578699999978 ], [ 120.097188930000016, -0.018846929999938 ], [ 120.097114260000012, -0.01910442999997 ], [ 120.096986260000108, -0.019404839999936 ], [ 120.096858250000082, -0.019683789999931 ], [ 120.096833370000013, -0.019780349999962 ], [ 120.096832273000018, -0.019784608999942 ], [ 120.096819830000072, -0.01983292999995 ], [ 120.09663316000001, -0.020557589999953 ], [ 120.096633150000116, -0.020707799999968 ], [ 120.09665447000009, -0.02091164999996 ], [ 120.096654460000082, -0.021104769999965 ], [ 120.096654460000082, -0.021383729999968 ], [ 120.096601110000051, -0.02160903999993 ], [ 120.09658550100005, -0.021671868999931 ], [ 120.096547800000053, -0.021823619999964 ], [ 120.096441110000114, -0.022081109999931 ], [ 120.096428040000092, -0.022238959999925 ], [ 120.096419780000019, -0.022338609999963 ], [ 120.096462540000061, -0.022899729999949 ], [ 120.096469810000031, -0.022947199999976 ], [ 120.096483890000059, -0.023039209999979 ], [ 120.096505200000024, -0.023275249999926 ], [ 120.096510290000083, -0.02335199099997 ], [ 120.096526550000021, -0.023597109999969 ], [ 120.096622520000096, -0.023843889999966 ], [ 120.09677183000008, -0.024079929999971 ], [ 120.096942500000068, -0.024326709999968 ], [ 120.097038500000053, -0.024498379999955 ], [ 120.097038500000053, -0.024777319999941 ], [ 120.096878500000116, -0.024991909999926 ], [ 120.096803830000113, -0.025442529999964 ], [ 120.096568180000077, -0.026874699999951 ], [ 120.096504150000101, -0.027089279999927 ], [ 120.096333510000022, -0.027239479999935 ], [ 120.096194830000059, -0.027389679999942 ], [ 120.096013510000034, -0.027636449999932 ], [ 120.095821520000072, -0.027926129999969 ], [ 120.095554860000107, -0.028269449999925 ], [ 120.095352190000085, -0.028580589999933 ], [ 120.095245530000057, -0.028859539999928 ], [ 120.095170860000053, -0.029320889999951 ], [ 120.095127470000079, -0.030172869999944 ], [ 120.095052810000084, -0.030430359999968 ], [ 120.094935470000109, -0.030623469999966 ], [ 120.09499948000007, -0.030891699999927 ], [ 120.095084810000117, -0.031127739999931 ], [ 120.095031460000087, -0.031438889999947 ], [ 120.09486078000009, -0.031664189999958 ], [ 120.094700780000039, -0.031835849999936 ], [ 120.094508790000077, -0.031975319999958 ], [ 120.094252820000065, -0.032136249999951 ], [ 120.093986170000107, -0.032297169999936 ], [ 120.093698160000031, -0.032404459999952 ], [ 120.093047540000043, -0.032543919999966 ], [ 120.092620880000027, -0.033058899999958 ], [ 120.09241821, -0.033370039999966 ], [ 120.092268890000014, -0.033584609999934 ], [ 120.091959560000078, -0.033831369999973 ], [ 120.091682990000095, -0.034566599999948 ], [ 120.091682980000087, -0.034759729999962 ], [ 120.091661620000082, -0.035049399999934 ], [ 120.091586950000078, -0.035296169999924 ], [ 120.091512440000088, -0.03577920999993 ], [ 120.091490960000101, -0.035918439999932 ], [ 120.091458960000068, -0.036122299999931 ], [ 120.091480270000034, -0.036315429999945 ], [ 120.091395360000092, -0.03657321999998 ], [ 120.091160700000046, -0.036691229999974 ], [ 120.090992957000026, -0.036775594999938 ], [ 120.090926040000113, -0.036809249999976 ], [ 120.090574060000108, -0.036959449999927 ], [ 120.090286050000032, -0.037141819999931 ], [ 120.08984952000003, -0.037584979999963 ], [ 120.089700200000038, -0.037810289999925 ], [ 120.089604180000038, -0.03802485999995 ], [ 120.089508200000068, -0.038185789999943 ], [ 120.089444170000093, -0.038336 ], [ 120.089316200000098, -0.038529109999956 ], [ 120.08915619000004, -0.038861709999935 ], [ 120.089049510000109, -0.039698559999977 ], [ 120.088868160000061, -0.039902409999968 ], [ 120.088590830000044, -0.040181349999955 ], [ 120.088345520000075, -0.040417379999951 ], [ 120.087158860000045, -0.041300919999969 ], [ 120.086860210000054, -0.041612049999969 ], [ 120.086444230000097, -0.041912449999927 ], [ 120.084865600000057, -0.043103289999976 ], [ 120.084609630000045, -0.04328567999994 ], [ 120.08434297000008, -0.04346806999996 ], [ 120.083980310000015, -0.043714809999926 ], [ 120.083008050000103, -0.044352979999928 ], [ 120.082730730000094, -0.044470989999979 ], [ 120.082496070000047, -0.044567539999946 ], [ 120.08226142, -0.044707009999968 ], [ 120.082016080000017, -0.044921569999929 ], [ 120.081845440000052, -0.045018139999968 ], [ 120.081493460000047, -0.045114679999926 ], [ 120.081301460000077, -0.045372159999943 ], [ 120.080810780000093, -0.045983689999957 ], [ 120.080597480000051, -0.04616606999997 ], [ 120.08028816, -0.046305529999927 ], [ 120.079925500000058, -0.046434269999963 ], [ 120.079680170000074, -0.046616649999976 ], [ 120.079221530000041, -0.046809749999966 ], [ 120.078976200000056, -0.04690630999994 ], [ 120.07784955000011, -0.04710764999993 ], [ 120.077798490000077, -0.047116779999953 ], [ 120.077139120000083, -0.047145489999934 ], [ 120.076990926, -0.047170328999925 ], [ 120.07694713, -0.04717766999994 ], [ 120.076744470000108, -0.047295679999934 ], [ 120.076477820000036, -0.047402959999943 ], [ 120.076189820000081, -0.04757460999997 ], [ 120.07572051000011, -0.047842809999963 ], [ 120.075592530000108, -0.048025189999976 ], [ 120.075571170000103, -0.048239769999952 ], [ 120.075528500000019, -0.048443619999944 ], [ 120.075389850000079, -0.04857235999998 ], [ 120.075197860000117, -0.048625989999948 ], [ 120.075027190000014, -0.048722549999979 ], [ 120.074845870000104, -0.048926389999963 ], [ 120.074621860000093, -0.049108769999975 ], [ 120.074387200000047, -0.049291149999931 ], [ 120.074152570000024, -0.049452069999973 ], [ 120.07384323000008, -0.049527159999968 ], [ 120.073619250000093, -0.04954859999998 ], [ 120.072902250000084, -0.049841819999926 ], [ 120.07271026, -0.049927639999964 ], [ 120.072507600000108, -0.049992009999926 ], [ 120.072347610000065, -0.050099289999935 ], [ 120.072159160000069, -0.050222499999961 ], [ 120.072123600000054, -0.050182749999976 ], [ 120.072122620000073, -0.050181659999964 ], [ 120.071284800000058, -0.05033396999994 ], [ 120.071439440000063, -0.050643259999958 ], [ 120.0713066940001, -0.050900113999944 ], [ 120.071243340000024, -0.051022699999976 ], [ 120.071053140000117, -0.051086099999964 ], [ 120.070914210000069, -0.05113240999998 ], [ 120.070824100000095, -0.051282599999979 ], [ 120.070820180000055, -0.051289139999938 ], [ 120.070553740000037, -0.051492879999955 ], [ 120.070470290000117, -0.051515139999935 ], [ 120.070471990000101, -0.051517589999946 ], [ 120.070486610000103, -0.051538709999932 ], [ 120.070427700000096, -0.05160122999996 ], [ 120.069979690000082, -0.052277139999944 ], [ 120.069894350000027, -0.052491699999962 ], [ 120.069819680000023, -0.052674089999925 ], [ 120.069734340000082, -0.052910119999979 ], [ 120.069574370000055, -0.053146149999975 ], [ 120.06930689, -0.053967229999955 ], [ 120.069210910000038, -0.05411743999997 ], [ 120.069125570000097, -0.05426762999997 ], [ 120.069050900000093, -0.054439289999948 ], [ 120.068880220000096, -0.054643129999931 ], [ 120.068677590000107, -0.054911339999933 ], [ 120.068496230000051, -0.055125909999958 ], [ 120.068261570000118, -0.055351199999961 ], [ 120.067706900000076, -0.056263119999926 ], [ 120.06764290000001, -0.056552799999963 ], [ 120.067514890000098, -0.056842469999935 ], [ 120.067354910000063, -0.057132129999957 ], [ 120.067194910000012, -0.057368159999953 ], [ 120.067066860000068, -0.058323009999924 ], [ 120.067024180000089, -0.058580499999948 ], [ 120.066970830000059, -0.058805809999967 ], [ 120.066874840000082, -0.059052559999941 ], [ 120.066853480000077, -0.059234949999961 ], [ 120.066832150000096, -0.059438799999953 ], [ 120.06670414000007, -0.05965335999997 ], [ 120.066499330000056, -0.060125439999979 ], [ 120.066296710000074, -0.060157609999976 ], [ 120.06619003000003, -0.059985939999933 ], [ 120.066030050000109, -0.059771369999964 ], [ 120.065516050000042, -0.059619719999944 ], [ 120.065396235000094, -0.059829234999938 ], [ 120.065251430000103, -0.060082449999925 ], [ 120.065240780000067, -0.060275579999939 ], [ 120.065176750000091, -0.060468689999936 ], [ 120.064942100000053, -0.060543779999932 ], [ 120.064590130000056, -0.060554479999951 ], [ 120.064334160000044, -0.060479369999939 ], [ 120.063952290000088, -0.060461339999961 ], [ 120.063651570000047, -0.060447139999951 ], [ 120.062998210000046, -0.060206189999974 ], [ 120.062872980000066, -0.060146689999954 ], [ 120.062361030000034, -0.059964279999974 ], [ 120.06208373000004, -0.059792609999931 ], [ 120.061742440000103, -0.059599479999974 ], [ 120.061131960000012, -0.059266669999943 ], [ 120.06091863000006, -0.059266649999927 ], [ 120.060630670000023, -0.059277369999961 ], [ 120.060289370000078, -0.059277349999945 ], [ 120.059948040000108, -0.059330969999962 ], [ 120.059638730000074, -0.059406059999958 ], [ 120.059425430000033, -0.059524069999952 ], [ 120.05912679000005, -0.059749349999947 ], [ 120.058465470000101, -0.059867339999926 ], [ 120.058166850000021, -0.059792219999963 ], [ 120.057846870000049, -0.059706369999958 ], [ 120.057484260000024, -0.059609789999968 ], [ 120.056929640000021, -0.059545389999926 ], [ 120.056567, -0.059534639999924 ], [ 120.056215030000089, -0.059491709999975 ], [ 120.055809750000094, -0.059438039999975 ], [ 120.05532740000001, -0.059296549999942 ], [ 120.055039420000071, -0.059092689999943 ], [ 120.054772800000023, -0.058856649999939 ], [ 120.054463510000119, -0.05858840999997 ], [ 120.054166960000089, -0.058401949999961 ], [ 120.054122220000068, -0.058373819999929 ], [ 120.053823560000069, -0.05833089999993 ], [ 120.053747410000028, -0.058341839999969 ], [ 120.053450270000098, -0.058384519999947 ], [ 120.053098300000102, -0.058470319999969 ], [ 120.051925050000023, -0.058877949999953 ], [ 120.051679720000038, -0.058995959999947 ], [ 120.051552156000071, -0.059101957999928 ], [ 120.051434420000078, -0.05919978999998 ], [ 120.051061100000084, -0.059242669999946 ], [ 120.050794470000028, -0.05913537999993 ], [ 120.050463870000044, -0.058877869999947 ], [ 120.050047920000111, -0.058191219999969 ], [ 120.049877300000048, -0.057976639999936 ], [ 120.049717320000013, -0.05780496999995 ], [ 120.04956801000003, -0.057633299999964 ], [ 120.04942936000009, -0.057322179999971 ], [ 120.049429370000098, -0.057053949999954 ], [ 120.049557370000116, -0.056957399999931 ], [ 120.049834690000012, -0.056914509999956 ], [ 120.050047980000045, -0.056978889999925 ], [ 120.050197290000028, -0.057053989999929 ], [ 120.050378630000068, -0.057043279999959 ], [ 120.050442620000013, -0.056968179999956 ], [ 120.050506640000094, -0.056775069999958 ], [ 120.050421320000055, -0.056560489999924 ], [ 120.05026134000002, -0.056367369999975 ], [ 120.050058700000022, -0.056174239999962 ], [ 120.049802740000018, -0.056088399999965 ], [ 120.049482770000054, -0.056034739999973 ], [ 120.048970810000014, -0.056023979999964 ], [ 120.04823212000008, -0.056076239999925 ], [ 120.048050810000063, -0.056086949999951 ], [ 120.047848160000058, -0.056119129999956 ], [ 120.047560200000021, -0.056247859999928 ], [ 120.047240220000049, -0.056376589999957 ], [ 120.046600260000105, -0.056483839999942 ], [ 120.046205620000023, -0.056623289999948 ], [ 120.045778990000031, -0.056784199999925 ], [ 120.045405690000052, -0.056966559999978 ], [ 120.045168650000051, -0.057092779999948 ], [ 120.045154380000099, -0.057066839999948 ], [ 120.04511084, -0.056987679999963 ], [ 120.045099100000016, -0.057017039999948 ], [ 120.045081780000032, -0.057060349999972 ], [ 120.044834051000066, -0.057204857999977 ], [ 120.044344220000085, -0.057490589999929 ], [ 120.043991900000037, -0.057602699999961 ], [ 120.043668130000015, -0.057705709999937 ], [ 120.043268620000049, -0.057644249999953 ], [ 120.04319871000007, -0.057652989999951 ], [ 120.043022760000099, -0.057674979999945 ], [ 120.042874580000102, -0.057730549999974 ], [ 120.042776910000043, -0.057767179999928 ], [ 120.042711680000025, -0.057795139999939 ], [ 120.042561790000036, -0.05785936999996 ], [ 120.042417270000101, -0.058112279999932 ], [ 120.042315940000094, -0.058289609999974 ], [ 120.041846090000035, -0.058309479999934 ], [ 120.041503220000095, -0.05834780999993 ], [ 120.041198350000059, -0.058373379999978 ], [ 120.040439550000087, -0.058436989999961 ], [ 120.039021260000027, -0.059418519999952 ], [ 120.038711430000035, -0.059668029999955 ], [ 120.038134830000104, -0.060132369999963 ], [ 120.037575809000032, -0.061570367999934 ], [ 120.037336960000061, -0.062184769999931 ], [ 120.037159620000011, -0.063434069999971 ], [ 120.036361810000017, -0.064326389999962 ], [ 120.035411848000081, -0.065214340999944 ], [ 120.035120800000072, -0.065486389999933 ], [ 120.034943410000096, -0.067360339999937 ], [ 120.034943355000109, -0.06819451399997 ], [ 120.034943310000017, -0.068864449999978 ], [ 120.034943310000017, -0.069008199999928 ], [ 120.0349433, -0.069055829999968 ], [ 120.034499990000086, -0.070929769999964 ], [ 120.034267120000095, -0.07146247999998 ], [ 120.034095, -0.071856231999959 ], [ 120.033524820000025, -0.073160609999945 ], [ 120.033431570000062, -0.07423928999998 ], [ 120.033347400000025, -0.075213029999929 ], [ 120.03335190700011, -0.07534944899993 ], [ 120.033419060000028, -0.077381919999937 ], [ 120.033426938000048, -0.077620226999954 ], [ 120.033435860000054, -0.07789011999995 ], [ 120.033448560000011, -0.077941309999972 ], [ 120.033622070000092, -0.078640219999954 ], [ 120.033629320000045, -0.078669419999926 ], [ 120.033940900000061, -0.079924519999963 ], [ 120.033967540000049, -0.080031829999939 ], [ 120.034146790000023, -0.08021231999993 ], [ 120.03465390000008, -0.080722919999971 ], [ 120.03465390000008, -0.080963439999948 ], [ 120.034752880000042, -0.080999279999958 ], [ 120.034755530000098, -0.08100023999998 ], [ 120.034757070000069, -0.08100141999995 ], [ 120.034769290000099, -0.081010789999937 ], [ 120.034956180000108, -0.08115405999996 ], [ 120.034979490000069, -0.081171919999974 ], [ 120.035107470000071, -0.081300669999962 ], [ 120.035214110000084, -0.081429409999942 ], [ 120.035235410000041, -0.081611799999962 ], [ 120.035192730000063, -0.081858559999944 ], [ 120.035075390000088, -0.082051659999934 ], [ 120.03495806, -0.082255489999966 ], [ 120.03480873, -0.082448589999956 ], [ 120.034757158000048, -0.082518078999954 ], [ 120.034413630000017, -0.082980949999978 ], [ 120.03437099000007, -0.083163329999934 ], [ 120.03428564, -0.083334979999961 ], [ 120.0341789900001, -0.083452979999947 ], [ 120.03407229000004, -0.083646099999953 ], [ 120.033965630000012, -0.083828469999958 ], [ 120.033858980000105, -0.083967929999972 ], [ 120.033752290000052, -0.084118119999971 ], [ 120.033666970000013, -0.084343409999974 ], [ 120.033549610000023, -0.084804719999966 ], [ 120.03346418000001, -0.086188689999972 ], [ 120.033453480000048, -0.086456899999973 ], [ 120.033453820000091, -0.086467769999956 ], [ 120.033460780000041, -0.086692179999943 ], [ 120.033460982000065, -0.086698690999924 ], [ 120.033464130000084, -0.086800209999979 ], [ 120.03345343, -0.087154239999961 ], [ 120.033432100000027, -0.087347359999967 ], [ 120.03341072, -0.087712129999943 ], [ 120.033496090000085, -0.089329129999953 ], [ 120.033485430000042, -0.089500789999931 ], [ 120.033496060000061, -0.089672429999951 ], [ 120.033506710000097, -0.089929919999975 ], [ 120.033528040000078, -0.090198129999976 ], [ 120.03360267000005, -0.090477079999971 ], [ 120.033645300000103, -0.090959859999941 ], [ 120.033645280000087, -0.091164619999972 ], [ 120.033645270000079, -0.091281719999927 ], [ 120.03367723000008, -0.091667939999979 ], [ 120.033730510000055, -0.091968339999937 ], [ 120.033837170000083, -0.092247289999932 ], [ 120.033890450000058, -0.092590609999945 ], [ 120.033965090000038, -0.092815909999956 ], [ 120.033943750000049, -0.093030479999925 ], [ 120.033944280000014, -0.094679239999948 ], [ 120.034040270000105, -0.094883089999939 ], [ 120.03414690000011, -0.09504402999994 ], [ 120.034242850000055, -0.095237139999938 ], [ 120.03430685, -0.095408809999924 ], [ 120.034338830000024, -0.095591199999944 ], [ 120.03434948000006, -0.095891589999951 ], [ 120.034306790000073, -0.096202719999951 ], [ 120.034274760000017, -0.096556749999934 ], [ 120.034253380000109, -0.096900059999939 ], [ 120.034274710000091, -0.097232639999959 ], [ 120.034338650000109, -0.097661779999953 ], [ 120.034338620000085, -0.097994359999973 ], [ 120.03432792000001, -0.098316219999958 ], [ 120.034434820000115, -0.09914815999997 ], [ 120.034456150000096, -0.099362719999931 ], [ 120.034520110000017, -0.099577299999964 ], [ 120.034584100000075, -0.099856249999959 ], [ 120.034797300000037, -0.100961299999938 ], [ 120.034839950000105, -0.101165139999978 ], [ 120.034849980000104, -0.101185339999972 ], [ 120.034869150000077, -0.101223899999979 ], [ 120.034967920000099, -0.101422639999953 ], [ 120.03505322, -0.101701589999948 ], [ 120.035106500000097, -0.101980519999927 ], [ 120.035117361000061, -0.102013846999967 ], [ 120.035576850000098, -0.103423789999965 ], [ 120.035619500000053, -0.103616899999963 ], [ 120.03570478000006, -0.103831489999948 ], [ 120.035875420000025, -0.10407824999993 ], [ 120.03603186700002, -0.104281955999966 ], [ 120.036056700000017, -0.104314289999934 ], [ 120.03627, -0.104593259999945 ], [ 120.036419290000026, -0.104797109999936 ], [ 120.036600570000019, -0.105000969999935 ], [ 120.036749910000026, -0.105140459999973 ], [ 120.037339512000017, -0.105633498999964 ], [ 120.037571090000029, -0.105827149999925 ], [ 120.037741710000091, -0.105966639999963 ], [ 120.037891, -0.106170499999962 ], [ 120.038008300000115, -0.106363629999976 ], [ 120.038050940000062, -0.106674749999968 ], [ 120.038072270000043, -0.10690005999993 ], [ 120.038200210000014, -0.107071729999973 ], [ 120.038434850000044, -0.107168309999963 ], [ 120.038765690000105, -0.107882199999949 ], [ 120.038872360000028, -0.108064589999969 ], [ 120.038968310000087, -0.108279169999946 ], [ 120.039012046000039, -0.108411193999927 ], [ 120.03905361000011, -0.10853665999997 ], [ 120.03912825000009, -0.108772699999975 ], [ 120.039234870000087, -0.109051649999969 ], [ 120.039394830000106, -0.109255509999969 ], [ 120.039672120000091, -0.109502299999974 ], [ 120.039864080000029, -0.10967396999996 ], [ 120.040109380000104, -0.10991002999998 ], [ 120.040599940000106, -0.110307029999944 ], [ 120.040855920000013, -0.110414339999977 ], [ 120.041015900000048, -0.110564549999935 ], [ 120.041165190000015, -0.110725489999936 ], [ 120.041239830000109, -0.110929339999927 ], [ 120.041250470000023, -0.11125119999997 ], [ 120.04119710000009, -0.111605229999952 ], [ 120.0410797400001, -0.111937799999964 ], [ 120.040973060000056, -0.112291839999955 ], [ 120.040845030000014, -0.112624409999967 ], [ 120.040759670000057, -0.112892619999968 ], [ 120.040354240000056, -0.113758279999956 ], [ 120.040279570000052, -0.11389773999997 ], [ 120.04024757000002, -0.11402647999995 ], [ 120.040130200000021, -0.114455599999928 ], [ 120.040108860000032, -0.114745279999966 ], [ 120.040130140000088, -0.11504567999998 ], [ 120.040130110000064, -0.115346079999938 ], [ 120.040183410000054, -0.115700119999929 ], [ 120.040183370000022, -0.116086349999932 ], [ 120.04019401000005, -0.116440379999972 ], [ 120.040183310000089, -0.116676409999968 ], [ 120.040641840000035, -0.119333519999941 ], [ 120.040652500000078, -0.119472989999963 ], [ 120.040684480000095, -0.119644649999941 ], [ 120.04074847000004, -0.11986995999996 ], [ 120.040812430000074, -0.120041619999938 ], [ 120.040929710000114, -0.120384949999959 ], [ 120.041036330000111, -0.120685359999925 ], [ 120.04119628, -0.121050139999966 ], [ 120.041242730000022, -0.121163099999933 ], [ 120.041247582000096, -0.121174895999957 ], [ 120.041324240000108, -0.121361289999925 ], [ 120.041409550000026, -0.121597329999929 ], [ 120.041505490000077, -0.121833369999933 ], [ 120.041580130000057, -0.121994299999926 ], [ 120.041609870000116, -0.122151436999957 ], [ 120.041622770000117, -0.122219599999937 ], [ 120.041857330000084, -0.123888539999939 ], [ 120.041889300000093, -0.12409238999993 ], [ 120.04187859000001, -0.124382049999952 ], [ 120.041921230000071, -0.124628819999941 ], [ 120.041953190000072, -0.124875569999972 ], [ 120.041995830000019, -0.125165249999952 ], [ 120.041985150000073, -0.125454919999925 ], [ 120.042006440000023, -0.125723129999926 ], [ 120.042038410000032, -0.125926979999974 ], [ 120.042038460000072, -0.125927439999941 ], [ 120.04220599000007, -0.127315549999935 ], [ 120.042251370000031, -0.127691589999927 ], [ 120.042262030000074, -0.127841789999934 ], [ 120.042262, -0.128034899999932 ], [ 120.042240660000061, -0.128260199999943 ], [ 120.042251280000073, -0.128485499999954 ], [ 120.042229940000084, -0.12872152999995 ], [ 120.042229920000068, -0.12885026999993 ], [ 120.042229890000044, -0.129086299999926 ], [ 120.042144540000095, -0.129268669999931 ], [ 120.042059190000032, -0.129451039999935 ], [ 120.041984520000028, -0.12957978999998 ], [ 120.041663630000016, -0.13111527999996 ], [ 120.041578260000051, -0.131404939999925 ], [ 120.04150358000004, -0.131651679999948 ], [ 120.041428880000012, -0.132027179999966 ], [ 120.04140752, -0.132402669999976 ], [ 120.041339436000044, -0.132715573999974 ], [ 120.041332820000093, -0.132745979999925 ], [ 120.041278440000042, -0.134255179999968 ], [ 120.041289100000085, -0.134341 ], [ 120.041310390000035, -0.13452338999997 ], [ 120.041289040000038, -0.13483451999997 ], [ 120.041225030000078, -0.135102729999971 ], [ 120.041128980000053, -0.13540310999997 ], [ 120.041000950000011, -0.135735679999925 ], [ 120.040883580000013, -0.136068249999937 ], [ 120.040830230000097, -0.136411549999934 ], [ 120.040823880000062, -0.136451079999972 ], [ 120.040769110000042, -0.136792029999924 ], [ 120.040769090000026, -0.136792119999939 ], [ 120.040633109000055, -0.137632769999925 ], [ 120.04056340000011, -0.138063719999934 ], [ 120.040531330000022, -0.138417749999974 ], [ 120.040488630000027, -0.138653769999962 ], [ 120.040467270000022, -0.13901852999993 ], [ 120.040307250000069, -0.139308189999952 ], [ 120.040050900000097, -0.140249319999953 ], [ 120.040050880000081, -0.140485339999941 ], [ 120.040040170000111, -0.140753549999943 ], [ 120.040061490000085, -0.140946669999948 ], [ 120.040073016000065, -0.141027921999978 ], [ 120.040093450000086, -0.141171969999959 ], [ 120.039997410000069, -0.141450899999938 ], [ 120.039912050000112, -0.14174055999996 ], [ 120.03974138, -0.142062389999978 ], [ 120.039670600000022, -0.142236009999976 ], [ 120.039666460000035, -0.142246159999956 ], [ 120.039037220000068, -0.143789599999934 ], [ 120.038887860000045, -0.144197259999942 ], [ 120.038695830000052, -0.144572719999928 ], [ 120.038578470000061, -0.144883839999977 ], [ 120.038193250000063, -0.145856379999941 ], [ 120.038144350000039, -0.14605298999993 ], [ 120.03810787000009, -0.146285509999927 ], [ 120.038065160000087, -0.146564449999971 ], [ 120.038054460000012, -0.146811209999953 ], [ 120.038065090000032, -0.147133059999931 ], [ 120.038001070000064, -0.147390539999947 ], [ 120.037809030000062, -0.147637259999954 ], [ 120.037510370000064, -0.147883979999961 ], [ 120.037275710000017, -0.148001959999931 ], [ 120.037197740000011, -0.148011287999964 ], [ 120.036827770000059, -0.148055549999924 ], [ 120.03634777000002, -0.148323689999927 ], [ 120.036198430000013, -0.148527519999959 ], [ 120.036006420000035, -0.148784969999951 ], [ 120.035878390000107, -0.149010249999947 ], [ 120.035707700000103, -0.149246249999976 ], [ 120.035579700000085, -0.149482259999957 ], [ 120.035430360000078, -0.149696809999966 ], [ 120.035291660000098, -0.149965 ], [ 120.035248970000112, -0.150147389999972 ], [ 120.035163500000067, -0.150883389999933 ], [ 120.035131480000018, -0.151087229999973 ], [ 120.03513147000001, -0.151182837999954 ], [ 120.035131460000116, -0.151269619999937 ], [ 120.035099420000051, -0.151645109999947 ], [ 120.035067390000108, -0.151934769999968 ], [ 120.03506655000001, -0.151955739999948 ], [ 120.035056680000025, -0.152202949999946 ], [ 120.035056680000025, -0.15220297999997 ], [ 120.034779220000019, -0.153307969999958 ], [ 120.034640550000063, -0.153511789999925 ], [ 120.034469840000042, -0.153876539999942 ], [ 120.034288500000116, -0.154144719999977 ], [ 120.034085820000087, -0.154327079999973 ], [ 120.03387250000003, -0.154541629999926 ], [ 120.033659140000054, -0.154756159999977 ], [ 120.033392480000089, -0.154981409999948 ], [ 120.033381524000106, -0.154989121999961 ], [ 120.03317913, -0.155131589999939 ], [ 120.032568240000046, -0.155920429999981 ], [ 120.03242957000009, -0.156102799999928 ], [ 120.032312230000116, -0.156274439999947 ], [ 120.032237560000112, -0.156381719999956 ], [ 120.031999450000058, -0.156644239999935 ], [ 120.031960449000053, -0.156687246999979 ], [ 120.031958850000024, -0.15668900999998 ], [ 120.031864190000078, -0.156800069999974 ], [ 120.031608200000051, -0.15699313999994 ], [ 120.031341560000101, -0.157068199999969 ], [ 120.031096220000109, -0.157196909999925 ], [ 120.030893550000087, -0.15731489999996 ], [ 120.030658890000041, -0.157475789999978 ], [ 120.03047756, -0.157679599999938 ], [ 120.030328220000115, -0.157883419999962 ], [ 120.030210870000019, -0.158033609999961 ], [ 120.03004017, -0.158323239999959 ], [ 120.029944170000022, -0.158516339999949 ], [ 120.029549020000104, -0.159165069999972 ], [ 120.029474340000093, -0.159304529999929 ], [ 120.029410310000117, -0.159465449999971 ], [ 120.029367620000016, -0.159626379999963 ], [ 120.029292930000111, -0.159873109999978 ], [ 120.029207600000063, -0.160076939999954 ], [ 120.029124415000069, -0.160208359999956 ], [ 120.029058220000024, -0.160312939999926 ], [ 120.028908890000025, -0.160473859999968 ], [ 120.028524770000104, -0.161119739999947 ], [ 120.028507440000112, -0.161171929999966 ], [ 120.028369050000038, -0.161311109999929 ], [ 120.028230650000069, -0.161519879999958 ], [ 120.028092230000084, -0.16162425999994 ], [ 120.027901970000016, -0.161728639999978 ], [ 120.027659750000112, -0.16192 ], [ 120.027400270000044, -0.162093949999928 ], [ 120.026933150000104, -0.162581079999939 ], [ 120.026502350000101, -0.163158689999932 ], [ 120.026468910000062, -0.163203529999976 ], [ 120.026395044000083, -0.163302570999974 ], [ 120.02625842000009, -0.163485759999958 ], [ 120.026137320000089, -0.163659739999957 ], [ 120.025895110000079, -0.16378149999997 ], [ 120.0256529400001, -0.163903269999935 ], [ 120.025341560000015, -0.16402501999994 ], [ 120.024995610000019, -0.164094559999967 ], [ 120.024805320000041, -0.16414672999997 ], [ 120.02466693000008, -0.164233709999962 ], [ 120.024338220000118, -0.164477249999948 ], [ 120.024177160000022, -0.164639209999962 ], [ 120.024113320000083, -0.164703419999967 ], [ 120.023957630000041, -0.164859989999968 ], [ 120.023836510000024, -0.165173159999938 ], [ 120.023817246000021, -0.16520759399998 ], [ 120.023680770000055, -0.165451539999935 ], [ 120.023421290000101, -0.165642889999958 ], [ 120.023006100000089, -0.165973429999951 ], [ 120.022712020000085, -0.166060379999976 ], [ 120.02234873000009, -0.166216919999954 ], [ 120.022002770000086, -0.166321269999969 ], [ 120.021674100000041, -0.166460419999964 ], [ 120.021431930000062, -0.166564769999979 ], [ 120.021189720000052, -0.166686529999936 ], [ 120.020981530000086, -0.167268409999963 ], [ 120.020877720000044, -0.167477189999943 ], [ 120.02080852000006, -0.167633769999952 ], [ 120.020756570000117, -0.167912159999958 ], [ 120.020670060000043, -0.168242729999974 ], [ 120.020566200000076, -0.168729909999968 ], [ 120.020479650000084, -0.169095289999973 ], [ 120.020358500000043, -0.169582459999958 ], [ 120.020237340000108, -0.169895629999928 ], [ 120.020237320000092, -0.169895659999952 ], [ 120.020103340000105, -0.170131459999936 ], [ 120.020098940000025, -0.170139209999945 ], [ 120.020012410000049, -0.170365379999964 ], [ 120.019821980000074, -0.171287529999972 ], [ 120.019752770000082, -0.171600719999958 ], [ 120.019683530000066, -0.171826899999928 ], [ 120.0195797, -0.172122679999973 ], [ 120.019441290000032, -0.172401049999962 ], [ 120.019250980000038, -0.172575019999954 ], [ 120.019069720000061, -0.172679570999946 ], [ 120.01843349, -0.173046549999924 ], [ 120.018277780000062, -0.173150919999955 ], [ 120.018070180000109, -0.173324889999947 ], [ 120.01784530000009, -0.17344664999996 ], [ 120.017603130000111, -0.173516199999938 ], [ 120.017291770000043, -0.173603149999963 ], [ 120.017049560000032, -0.173690109999939 ], [ 120.016790110000102, -0.173724859999936 ], [ 120.016357680000056, -0.17369 ], [ 120.015959860000066, -0.173533339999949 ], [ 120.015717740000014, -0.173324509999929 ], [ 120.015406410000082, -0.173150469999939 ], [ 120.015233440000088, -0.173046039999974 ], [ 120.014870190000011, -0.172941579999929 ], [ 120.014299390000019, -0.172906689999934 ], [ 120.014022630000113, -0.172889259999977 ], [ 120.013555610000026, -0.17288917999997 ], [ 120.013278820000096, -0.172976139999946 ], [ 120.012950150000052, -0.173132679999981 ], [ 120.01246578000007, -0.173306589999925 ], [ 120.011893490000034, -0.173730829999954 ], [ 120.01163401000008, -0.173922169999969 ], [ 120.011530210000046, -0.174009149999961 ], [ 120.011426410000013, -0.174113539999951 ], [ 120.011201530000108, -0.174252699999954 ], [ 120.011123539000096, -0.174319899999944 ], [ 120.011080400000083, -0.174357069999928 ], [ 120.01073443000007, -0.174600619999978 ], [ 120.010647910000102, -0.174722399999951 ], [ 120.010146220000024, -0.175105099999939 ], [ 120.010042410000096, -0.175279079999939 ], [ 120.009921300000087, -0.175487849999968 ], [ 120.009872562000055, -0.175590313999976 ], [ 120.00973096000007, -0.175888009999937 ], [ 120.009177350000073, -0.176496899999961 ], [ 120.009073540000031, -0.17663607999998 ], [ 120.009038930000088, -0.17682745999997 ], [ 120.008972750000112, -0.176993779999975 ], [ 120.008900470000071, -0.177175429999977 ], [ 120.008890518000044, -0.177207113999941 ], [ 120.008796640000014, -0.177506009999945 ], [ 120.008710140000062, -0.177749579999954 ], [ 120.008710080000014, -0.178080179999938 ], [ 120.008710061000102, -0.178221916999973 ], [ 120.008710040000096, -0.178375959999926 ], [ 120.00877899000011, -0.179705909999939 ], [ 120.008848150000063, -0.179914719999942 ], [ 120.008900040000071, -0.180036519999931 ], [ 120.009021090000033, -0.180210529999954 ], [ 120.009124840000027, -0.180401949999975 ], [ 120.009161035000034, -0.18048693399993 ], [ 120.009228590000021, -0.180645549999952 ], [ 120.009384200000113, -0.180923979999932 ], [ 120.009487960000115, -0.181132779999928 ], [ 120.009591700000101, -0.181393789999959 ], [ 120.009660860000054, -0.181654789999925 ], [ 120.00978753000004, -0.182025 ], [ 120.009791110000037, -0.182061029999943 ], [ 120.009816410000099, -0.182316 ], [ 120.009816310000019, -0.182872779999968 ], [ 120.009789588000103, -0.183154639999941 ], [ 120.009781670000052, -0.183238159999974 ], [ 120.009824872000081, -0.184000744999935 ], [ 120.009850670000105, -0.184456129999944 ], [ 120.01002359000006, -0.184647559999974 ], [ 120.010213830000112, -0.184856379999928 ], [ 120.01030030000004, -0.184995589999971 ], [ 120.010300250000114, -0.185326179999947 ], [ 120.01014452000004, -0.185691539999937 ], [ 120.009902290000014, -0.185952489999977 ], [ 120.00971198000002, -0.186161249999941 ], [ 120.009504380000067, -0.186370009999962 ], [ 120.008604470000023, -0.187110089999976 ], [ 120.008396860000062, -0.18738843999995 ], [ 120.008380290000105, -0.18742175999995 ], [ 120.008258440000077, -0.187666809999939 ], [ 120.008102740000027, -0.187927769999931 ], [ 120.007981570000084, -0.188258339999948 ], [ 120.007969220000064, -0.188298059999966 ], [ 120.007895070000018, -0.18853667999997 ], [ 120.00789506000001, -0.188536719999945 ], [ 120.007828577000055, -0.188803977999953 ], [ 120.007825810000099, -0.188815099999943 ], [ 120.007877650000069, -0.189023899999938 ], [ 120.007912260000012, -0.189093499999956 ], [ 120.008067860000097, -0.189441509999938 ], [ 120.008119700000066, -0.189824309999949 ], [ 120.008240730000011, -0.19012011999996 ], [ 120.008586560000026, -0.190729159999933 ], [ 120.008586520000108, -0.190990149999948 ], [ 120.008430820000058, -0.19118151999993 ], [ 120.008171330000096, -0.191285869999945 ], [ 120.0078946000001, -0.191216219999944 ], [ 120.007496770000103, -0.191111759999956 ], [ 120.007289200000059, -0.191129119999971 ], [ 120.007150810000098, -0.191233499999953 ], [ 120.00720264000006, -0.191494489999968 ], [ 120.00735829000007, -0.191790309999931 ], [ 120.007410130000039, -0.191964309999946 ], [ 120.007634960000019, -0.192173139999966 ], [ 120.007790630000045, -0.192277569999931 ], [ 120.007928980000088, -0.192416789999925 ], [ 120.008344100000045, -0.192503859999931 ], [ 120.008551670000088, -0.192486499999973 ], [ 120.008707390000041, -0.192138539999974 ], [ 120.00879395000004, -0.191790559999959 ], [ 120.00898423000001, -0.191738399999963 ], [ 120.009157200000118, -0.19182541999993 ], [ 120.009209060000103, -0.191964629999973 ], [ 120.009243590000096, -0.192451819999974 ], [ 120.009260800000106, -0.192886809999948 ], [ 120.009522324000045, -0.193915470999968 ], [ 120.009537420000015, -0.193974849999961 ], [ 120.009693070000026, -0.194027079999955 ], [ 120.009814130000109, -0.194114099999979 ], [ 120.009917900000119, -0.194201109999938 ], [ 120.010073570000031, -0.19434033999994 ], [ 120.010160040000073, -0.194479549999926 ], [ 120.010211880000043, -0.194653559999949 ], [ 120.010332930000118, -0.194810169999926 ], [ 120.010454020000111, -0.194949389999977 ], [ 120.010540440000113, -0.195158189999972 ], [ 120.010609610000074, -0.195332199999939 ], [ 120.010678760000019, -0.19561060999996 ], [ 120.010678730000109, -0.195784599999968 ], [ 120.010626780000052, -0.196045589999926 ], [ 120.010626720000118, -0.196045739999931 ], [ 120.010565430000042, -0.196210039999926 ], [ 120.010555980000049, -0.19623538999997 ], [ 120.010522940000101, -0.196323949999964 ], [ 120.010436370000093, -0.196758919999979 ], [ 120.010246050000092, -0.197159079999949 ], [ 120.010159510000108, -0.197437459999946 ], [ 120.010090260000084, -0.197750629999973 ], [ 120.010055620000117, -0.198029009999971 ], [ 120.010054663, -0.198034135999933 ], [ 120.010003660000052, -0.198307399999976 ], [ 120.009969010000077, -0.198707569999954 ], [ 120.010020860000054, -0.19884677999994 ], [ 120.01009002, -0.199038189999953 ], [ 120.010124580000024, -0.199212189999969 ], [ 120.009899420000011, -0.199933149999936 ], [ 120.009864760000028, -0.20014193999998 ], [ 120.009899360000077, -0.200246339999978 ], [ 120.010003110000071, -0.200437759999943 ], [ 120.009985760000063, -0.200594339999952 ], [ 120.009899260000111, -0.20078572999995 ], [ 120.009760830000118, -0.200942289999944 ], [ 120.009657040000093, -0.200994469999955 ], [ 120.009501360000058, -0.201081439999939 ], [ 120.009498547000021, -0.201082382999971 ], [ 120.00934566, -0.201133609999943 ], [ 120.00917268, -0.201290169999936 ], [ 120.009051560000103, -0.201359749999938 ], [ 120.008878590000108, -0.201446719999979 ], [ 120.008480730000088, -0.201481439999952 ], [ 120.008497850000026, -0.202455809999947 ], [ 120.008618890000093, -0.20262981999997 ], [ 120.008670760000086, -0.202838629999974 ], [ 120.00870529000008, -0.20315181999996 ], [ 120.00863602000004, -0.203534589999947 ], [ 120.008532180000088, -0.203830369999935 ], [ 120.008411040000055, -0.204143529999953 ], [ 120.008324490000064, -0.204456709999931 ], [ 120.008255320000103, -0.204828439999972 ], [ 120.008428290000097, -0.204932869999936 ], [ 120.008583920000092, -0.205072099999938 ], [ 120.008670380000012, -0.205280909999942 ], [ 120.008791410000072, -0.205524519999926 ], [ 120.0089816200001, -0.205889949999971 ], [ 120.00905079000006, -0.20604654999994 ], [ 120.009241030000112, -0.206272779999949 ], [ 120.009431240000026, -0.206412009999951 ], [ 120.009483090000117, -0.20677741999998 ], [ 120.009413810000069, -0.207194989999948 ], [ 120.009223460000044, -0.20756033999993 ], [ 120.009067770000115, -0.207734309999978 ], [ 120.008912040000041, -0.207925659999944 ], [ 120.008911950000083, -0.208378049999965 ], [ 120.00886, -0.208778219999942 ], [ 120.008721560000026, -0.20914358999994 ], [ 120.008635020000042, -0.209387159999949 ], [ 120.008686840000109, -0.20968296999996 ], [ 120.008773290000022, -0.209909169999946 ], [ 120.008773240000096, -0.210170159999961 ], [ 120.008748880000098, -0.210286444999952 ], [ 120.008742010000105, -0.210319239999933 ], [ 120.008703980000064, -0.210500739999929 ], [ 120.008530980000046, -0.21074428999998 ], [ 120.008392540000045, -0.210918259999971 ], [ 120.008236840000109, -0.211127019999935 ], [ 120.00818490000006, -0.211283609999953 ], [ 120.008184290000031, -0.212076159999924 ], [ 120.008201580000105, -0.212232759999949 ], [ 120.008253420000074, -0.212441559999945 ], [ 120.008305290000067, -0.212632959999951 ], [ 120.008287920000043, -0.212841759999947 ], [ 120.008253280000076, -0.213172329999963 ], [ 120.008305150000069, -0.213363739999977 ], [ 120.008391550000056, -0.213676939999971 ], [ 120.008529760000101, -0.214633929999934 ], [ 120.00858160000007, -0.214842749999946 ], [ 120.008668060000105, -0.215016759999969 ], [ 120.008858300000043, -0.215190779999944 ], [ 120.008962060000044, -0.215347399999928 ], [ 120.009083090000104, -0.215556219999939 ], [ 120.009186840000098, -0.215765029999943 ], [ 120.009290560000068, -0.216060839999955 ], [ 120.009307810000109, -0.216287029999933 ], [ 120.009221260000118, -0.216582799999969 ], [ 120.009134760000052, -0.216808979999939 ], [ 120.009082800000101, -0.217052569999964 ], [ 120.008996250000109, -0.217330939999954 ], [ 120.008788650000042, -0.217470089999949 ], [ 120.008581070000105, -0.217557049999925 ], [ 120.008408070000087, -0.217765809999946 ], [ 120.008183090000102, -0.218218149999927 ], [ 120.008096570000021, -0.218548719999944 ], [ 120.007975400000078, -0.218844479999973 ], [ 120.007992480000098, -0.21939354999995 ], [ 120.008061650000059, -0.219550169999934 ], [ 120.008113490000028, -0.219706769999959 ], [ 120.008199950000062, -0.219915579999963 ], [ 120.008269090000113, -0.220176579999929 ], [ 120.008338240000057, -0.22043758999996 ], [ 120.008839630000011, -0.221516459999975 ], [ 120.009029840000039, -0.221829679999928 ], [ 120.009116300000073, -0.222021099999949 ], [ 120.009116260000042, -0.222212499999955 ], [ 120.009047020000025, -0.222369079999964 ], [ 120.008856750000064, -0.22252562999995 ], [ 120.008510770000044, -0.222560359999932 ], [ 120.008199410000088, -0.22257768999998 ], [ 120.007870780000076, -0.222508029999972 ], [ 120.007628670000031, -0.222281789999954 ], [ 120.007403870000076, -0.222003349999966 ], [ 120.007057890000056, -0.222003279999967 ], [ 120.006833030000053, -0.222038039999973 ], [ 120.00643518000004, -0.222020549999968 ], [ 120.006158430000028, -0.222072699999956 ], [ 120.005760550000105, -0.222264 ], [ 120.005570230000103, -0.222455359999969 ], [ 120.005414530000053, -0.222698919999971 ], [ 120.005276070000036, -0.22294248999998 ], [ 120.00520683000002, -0.223307849999969 ], [ 120.005172160000029, -0.223568839999928 ], [ 120.005102950000037, -0.223812419999945 ], [ 120.005102860000079, -0.224247399999967 ], [ 120.005206580000049, -0.224560599999961 ], [ 120.005327620000116, -0.224734619999936 ], [ 120.005690800000025, -0.225629939999976 ], [ 120.005742620000092, -0.225908349999941 ], [ 120.00582906000011, -0.226134559999934 ], [ 120.00593278000008, -0.226447769999936 ], [ 120.005863530000056, -0.226847939999971 ], [ 120.005813867000029, -0.227246829999956 ], [ 120.005811540000082, -0.227265519999946 ], [ 120.005707550000011, -0.228257259999964 ], [ 120.005655570000044, -0.228761819999932 ], [ 120.00543059000006, -0.229161959999942 ], [ 120.005257570000026, -0.229475119999961 ], [ 120.005049940000049, -0.229805659999954 ], [ 120.00497491200008, -0.22993594999997 ], [ 120.004859590000024, -0.230136209999955 ], [ 120.004721160000031, -0.230414559999929 ], [ 120.004651890000105, -0.230745139999954 ], [ 120.004738300000099, -0.231145339999955 ], [ 120.004790060000119, -0.231702139999925 ], [ 120.004789950000031, -0.232224119999955 ], [ 120.005092680000075, -0.233740779999948 ], [ 120.005121350000081, -0.233884389999957 ], [ 120.005228675000012, -0.234422094999957 ], [ 120.005327200000011, -0.234915709999939 ], [ 120.005327230000034, -0.234915839999928 ], [ 120.005396320000045, -0.235263839999959 ], [ 120.005482760000064, -0.235490059999961 ], [ 120.005586520000065, -0.235629279999955 ], [ 120.005759450000028, -0.235872899999947 ], [ 120.005915070000015, -0.236064329999977 ], [ 120.00610529000005, -0.236325359999967 ], [ 120.006243620000077, -0.236534189999929 ], [ 120.006503040000098, -0.236795229999927 ], [ 120.006572180000035, -0.237091029999931 ], [ 120.00669318000007, -0.237456449999968 ], [ 120.006883400000106, -0.237700079999968 ], [ 120.007004430000052, -0.237908899999979 ], [ 120.007125460000111, -0.238135119999924 ], [ 120.007298340000034, -0.238639729999932 ], [ 120.007402070000012, -0.238900749999971 ], [ 120.007523070000047, -0.23921396999998 ], [ 120.007644110000115, -0.239387989999955 ], [ 120.007834370000069, -0.239475029999937 ], [ 120.00814567000009, -0.239736089999951 ], [ 120.008232090000092, -0.240084089999925 ], [ 120.008197410000093, -0.240362479999931 ], [ 120.00816275000011, -0.240710459999946 ], [ 120.008231910000063, -0.240901859999951 ], [ 120.008560510000052, -0.241093329999956 ], [ 120.008716110000023, -0.241389159999926 ], [ 120.008720500000095, -0.241398878999973 ], [ 120.008802560000049, -0.24158056999994 ], [ 120.009286830000065, -0.243122479999954 ], [ 120.0094251700001, -0.243279119999954 ], [ 120.009511620000012, -0.24347051999996 ], [ 120.009615350000104, -0.243714139999952 ], [ 120.00970179, -0.243940349999946 ], [ 120.009789930000011, -0.24416212999995 ], [ 120.009802630000081, -0.244194099999959 ], [ 120.0098055200001, -0.244201359999977 ], [ 120.009874680000053, -0.244392779999941 ], [ 120.009874620000119, -0.244653769999957 ], [ 120.00983994, -0.244932159999962 ], [ 120.009827328000029, -0.245197456999961 ], [ 120.009822570000097, -0.245297529999959 ], [ 120.009857110000098, -0.245628139999951 ], [ 120.009978120000028, -0.245923949999963 ], [ 120.01016831000004, -0.246167579999963 ], [ 120.010375810000028, -0.24649820999997 ], [ 120.010548730000096, -0.246794049999949 ], [ 120.010790690000022, -0.247646679999946 ], [ 120.010877140000048, -0.24787288999994 ], [ 120.010998170000107, -0.248064309999961 ], [ 120.01113655000006, -0.248186139999973 ], [ 120.011326790000112, -0.248342779999973 ], [ 120.011499700000059, -0.248551609999936 ], [ 120.011534260000076, -0.248777809999979 ], [ 120.011516870000037, -0.249073599999974 ], [ 120.01148223000007, -0.249351979999972 ], [ 120.011378390000118, -0.249560749999944 ], [ 120.011291870000036, -0.249682529999973 ], [ 120.011170790000051, -0.249699899999939 ], [ 120.011032410000098, -0.249734669999953 ], [ 120.0110151, -0.249804259999962 ], [ 120.011084240000059, -0.249960879999946 ], [ 120.011239900000078, -0.250100109999948 ], [ 120.011391106000019, -0.250160988999937 ], [ 120.011412840000048, -0.250169739999933 ], [ 120.011430110000106, -0.250413329999958 ], [ 120.011430020000034, -0.250796129999969 ], [ 120.011427430000026, -0.250840169999947 ], [ 120.011418300000059, -0.250995469999964 ], [ 120.011412630000109, -0.251091919999965 ], [ 120.011326110000027, -0.251370279999946 ], [ 120.011239590000059, -0.251457259999938 ], [ 120.011204900000052, -0.251770439999973 ], [ 120.011170260000085, -0.252031429999931 ], [ 120.011121820000085, -0.252478739999958 ], [ 120.010801080000078, -0.25248844999993 ], [ 120.010801080000078, -0.254361246999963 ], [ 120.010801080000078, -0.254714159999935 ], [ 120.010697158000085, -0.256428835999941 ], [ 120.010614710000027, -0.257789189999926 ], [ 120.010600820000036, -0.257789929999944 ], [ 120.010481760000062, -0.257796189999965 ], [ 120.010407620000024, -0.258344329999943 ], [ 120.010424860000057, -0.258570529999929 ], [ 120.010424810000018, -0.258761929999935 ], [ 120.010338270000034, -0.258970699999963 ], [ 120.010199860000057, -0.259162069999945 ], [ 120.010096020000105, -0.259405629999947 ], [ 120.009992170000032, -0.259666599999946 ], [ 120.00997983700006, -0.259706876999928 ], [ 120.009975554000107, -0.259706350999977 ], [ 120.009959673000026, -0.259771858999954 ], [ 120.009691003000057, -0.260933673999943 ], [ 120.009405391000087, -0.26226976099997 ], [ 120.009265005000088, -0.26279741899998 ], [ 120.009245641, -0.263310553999929 ], [ 120.009202073000097, -0.263654256999928 ], [ 120.009148169000014, -0.263870641999972 ], [ 120.008863210000072, -0.265014548999943 ], [ 120.008698620000018, -0.265779409999936 ], [ 120.00848393800004, -0.266227441999945 ], [ 120.00847593900005, -0.266244135999955 ], [ 120.008454846000063, -0.266250558999957 ], [ 120.008476544000018, -0.266298292999977 ], [ 120.008270199000094, -0.267275273999928 ], [ 120.007697472000018, -0.269986959999926 ], [ 120.007527728000014, -0.270790643999931 ], [ 120.007259881000095, -0.27308648099995 ], [ 120.007256638000058, -0.273114273999965 ], [ 120.007179184000051, -0.274779541999976 ], [ 120.007334093000054, -0.27667717199995 ], [ 120.007385698, -0.276997126999959 ], [ 120.007527728000014, -0.277877713999942 ], [ 120.008302272000037, -0.279388073999939 ], [ 120.008960633000015, -0.280549887999939 ], [ 120.009115542000018, -0.28128570399997 ], [ 120.009003837000023, -0.282179344999975 ], [ 120.009022960000038, -0.282180361999963 ], [ 120.008867398, -0.283347074999938 ], [ 120.008635688000027, -0.285084898999969 ], [ 120.009294050000108, -0.286595258999967 ], [ 120.010029866000082, -0.287485982999954 ], [ 120.010649501000103, -0.288841433999949 ], [ 120.011036772000011, -0.290003248999938 ], [ 120.011148320000075, -0.290356483999972 ], [ 120.011181999000087, -0.290346951999936 ], [ 120.011290919000089, -0.29055268999997 ], [ 120.011257451, -0.290571582999974 ], [ 120.011336510000092, -0.290717469999947 ], [ 120.011716930000034, -0.291082949999975 ], [ 120.011993610000104, -0.291448419999938 ], [ 120.0122011200001, -0.291692059999946 ], [ 120.01249512000004, -0.291918339999938 ], [ 120.012875610000037, -0.292075029999978 ], [ 120.013861520000091, -0.292336279999972 ], [ 120.014086380000094, -0.292371149999951 ], [ 120.014259350000088, -0.292423389999954 ], [ 120.014397680000116, -0.292597419999936 ], [ 120.014449490000061, -0.29282362999993 ], [ 120.014466760000118, -0.293032429999926 ], [ 120.014535880000039, -0.293223849999947 ], [ 120.014726120000091, -0.293363089999957 ], [ 120.015002860000095, -0.293484959999944 ], [ 120.015244980000034, -0.293624229999978 ], [ 120.015400660000068, -0.293693859999962 ], [ 120.016060940000102, -0.29388548999998 ], [ 120.01611284, -0.29390288999997 ], [ 120.016285790000097, -0.293920339999943 ], [ 120.016545260000044, -0.293990009999959 ], [ 120.016856560000065, -0.294181489999971 ], [ 120.017046830000027, -0.294251139999972 ], [ 120.017271700000038, -0.294233799999972 ], [ 120.017392780000023, -0.294216429999949 ], [ 120.017583070000114, -0.294181689999959 ], [ 120.017738730000019, -0.294199119999973 ], [ 120.017911680000111, -0.294320969999944 ], [ 120.018119220000017, -0.294442819999972 ], [ 120.018344070000012, -0.294495089999941 ], [ 120.018638110000097, -0.294599559999938 ], [ 120.018914870000117, -0.294651829999964 ], [ 120.019278120000081, -0.294599729999959 ], [ 120.019520270000044, -0.29463458999993 ], [ 120.019624070000077, -0.294582429999934 ], [ 120.019866230000048, -0.29470428999997 ], [ 120.020906250000053, -0.295370229999946 ], [ 120.02104463, -0.295457259999978 ], [ 120.021113770000056, -0.295561669999927 ], [ 120.021158400000104, -0.29561941999998 ], [ 120.021161480000046, -0.295623399999954 ], [ 120.021234840000034, -0.295718309999927 ], [ 120.02142501000003, -0.296014149999962 ], [ 120.021597910000082, -0.296327389999931 ], [ 120.02166129200009, -0.296442215999946 ], [ 120.021770820000029, -0.296640639999964 ], [ 120.02190913000004, -0.296849469999927 ], [ 120.023132330000067, -0.298015729999975 ], [ 120.023162330000105, -0.298044329999925 ], [ 120.023223440000038, -0.298102599999936 ], [ 120.023430960000042, -0.298328849999962 ], [ 120.023552010000117, -0.298415879999936 ], [ 120.023828720000097, -0.29853774999998 ], [ 120.023949830000106, -0.298537789999955 ], [ 120.024122780000084, -0.298572629999967 ], [ 120.024468740000088, -0.29864232999995 ], [ 120.02480575900006, -0.298713048999957 ], [ 120.024883870000053, -0.298729439999931 ], [ 120.025108700000033, -0.298851299999967 ], [ 120.025454620000119, -0.298955779999972 ], [ 120.026309400000059, -0.299538319999954 ], [ 120.02671969000005, -0.299817929999961 ], [ 120.02671978, -0.299818 ], [ 120.027134860000047, -0.300096509999946 ], [ 120.02741160000005, -0.300218379999933 ], [ 120.027740220000055, -0.300357669999926 ], [ 120.027925398000093, -0.300486706999948 ], [ 120.027965040000026, -0.300514329999942 ], [ 120.028189860000111, -0.300688389999948 ], [ 120.028414660000067, -0.300966849999952 ], [ 120.02855301000011, -0.301140879999934 ], [ 120.028760490000082, -0.30136712999996 ], [ 120.028968010000085, -0.301575989999947 ], [ 120.02914093000004, -0.301854429999935 ], [ 120.029331120000052, -0.302185079999958 ], [ 120.029452110000079, -0.302498299999968 ], [ 120.029676900000027, -0.302794159999962 ], [ 120.029901690000088, -0.303072619999966 ], [ 120.029959766000047, -0.303155423999954 ], [ 120.030109190000076, -0.303368469999953 ], [ 120.030423370000108, -0.303678919999925 ], [ 120.030717210000034, -0.304159659999925 ], [ 120.030990380000048, -0.306944589999944 ], [ 120.0310421800001, -0.307240399999955 ], [ 120.031059390000109, -0.307536189999951 ], [ 120.031111220000071, -0.307832019999978 ], [ 120.03118032000009, -0.308197419999942 ], [ 120.031249370000069, -0.30861503999995 ], [ 120.031370280000033, -0.309241459999953 ], [ 120.031456630000093, -0.309780879999948 ], [ 120.031577550000065, -0.310337709999942 ], [ 120.031963235000035, -0.310997029999953 ], [ 120.032034690000046, -0.311119179999935 ], [ 120.032095655000035, -0.311223401999939 ], [ 120.03210437000007, -0.311238299999957 ], [ 120.032666750000089, -0.312199689999943 ], [ 120.032666820000031, -0.312199789999966 ], [ 120.032805060000101, -0.31268702999995 ], [ 120.03285685000003, -0.313104639999949 ], [ 120.032908630000065, -0.313435249999941 ], [ 120.032960450000019, -0.313748459999942 ], [ 120.03334064, -0.314995429999954 ], [ 120.033375150000097, -0.315256439999928 ], [ 120.033340450000082, -0.31563921999998 ], [ 120.03328840000006, -0.316161199999954 ], [ 120.033219110000118, -0.316578779999929 ], [ 120.033097890000022, -0.316944139999976 ], [ 120.032976680000047, -0.317396499999973 ], [ 120.032855470000072, -0.317848849999962 ], [ 120.032768820000115, -0.318405619999965 ], [ 120.032699480000019, -0.318997199999956 ], [ 120.032771192000041, -0.31972075799996 ], [ 120.032854690000022, -0.320563229999948 ], [ 120.03295834000005, -0.321050459999924 ], [ 120.033027410000045, -0.321520269999951 ], [ 120.033052130000101, -0.321707289999949 ], [ 120.033091630000058, -0.322006 ], [ 120.033096430000114, -0.322042279999948 ], [ 120.033148230000052, -0.322425089999967 ], [ 120.033147580000104, -0.32395017999994 ], [ 120.033130200000073, -0.324245979999944 ], [ 120.033078210000099, -0.324524359999941 ], [ 120.033043550000116, -0.324802749999947 ], [ 120.03299155000002, -0.325220319999971 ], [ 120.032939500000111, -0.325690099999974 ], [ 120.032956640000066, -0.326194709999925 ], [ 120.032956596000076, -0.326346935999936 ], [ 120.032956490000061, -0.326716699999963 ], [ 120.03326694000009, -0.329813949999959 ], [ 120.03328444300007, -0.329966876999947 ], [ 120.033290806000082, -0.330022476999943 ], [ 120.033318720000011, -0.330266369999947 ], [ 120.033353130000023, -0.330840569999964 ], [ 120.033353040000065, -0.331136369999967 ], [ 120.033525740000073, -0.332139029999951 ], [ 120.03359488000001, -0.332347849999962 ], [ 120.033698590000085, -0.332608879999952 ], [ 120.033782889, -0.332948477999935 ], [ 120.033784980000064, -0.332956899999942 ], [ 120.03376757, -0.333339689999946 ], [ 120.033698240000035, -0.33375725999997 ], [ 120.033698120000054, -0.334157459999972 ], [ 120.033646110000063, -0.334627229999967 ], [ 120.033507580000105, -0.335027389999937 ], [ 120.033317110000098, -0.335653729999933 ], [ 120.033178650000082, -0.335932079999964 ], [ 120.033092060000058, -0.336245249999934 ], [ 120.033079337000117, -0.336291263999954 ], [ 120.033005470000035, -0.33655841999996 ], [ 120.032901560000028, -0.33694117999994 ], [ 120.032901400000014, -0.337497969999959 ], [ 120.032681110000112, -0.33810681999995 ], [ 120.032681060000073, -0.339327139999966 ], [ 120.032791240000051, -0.339789389999964 ], [ 120.032993250000118, -0.340325599999971 ], [ 120.033231990000104, -0.340861809999979 ], [ 120.033540270000117, -0.341352599999937 ], [ 120.033591170000022, -0.341709599999945 ], [ 120.033651330000112, -0.342148849999944 ], [ 120.033658850000052, -0.342209439999976 ], [ 120.0337566500001, -0.342270029999952 ], [ 120.033869480000021, -0.342557829999976 ], [ 120.033892040000069, -0.342853189999971 ], [ 120.033876980000059, -0.343027379999967 ], [ 120.033884500000113, -0.343118259999926 ], [ 120.033869450000111, -0.343224279999959 ], [ 120.033861920000049, -0.343353029999946 ], [ 120.033816780000052, -0.343466629999966 ], [ 120.033786690000056, -0.34357265999995 ], [ 120.033726500000057, -0.34369382999995 ], [ 120.033666310000058, -0.343830149999974 ], [ 120.033673830000112, -0.344011909999949 ], [ 120.033576030000063, -0.344087639999941 ], [ 120.033425570000077, -0.34417093999997 ], [ 120.033357860000024, -0.344246669999961 ], [ 120.033252540000035, -0.344314829999973 ], [ 120.033102070000041, -0.344504149999977 ], [ 120.032929040000113, -0.344617749999941 ], [ 120.032786110000075, -0.344701049999969 ], [ 120.032620600000087, -0.344844939999973 ], [ 120.032447570000045, -0.344966099999965 ], [ 120.032146650000072, -0.345109979999961 ], [ 120.031851290000077, -0.345305449999955 ], [ 120.031827640000074, -0.345306169999958 ], [ 120.031831169000043, -0.345322760999977 ], [ 120.031862310000065, -0.345469179999952 ], [ 120.031460150000044, -0.346321179999961 ], [ 120.031227210000111, -0.347514039999965 ], [ 120.031480970000075, -0.348557869999979 ], [ 120.032060767000075, -0.349330661999943 ], [ 120.032200240000066, -0.349516559999927 ], [ 120.032665640000118, -0.350240889999952 ], [ 120.032771240000102, -0.351476409999975 ], [ 120.03298261000009, -0.352946259999953 ], [ 120.03321523000011, -0.353777069999978 ], [ 120.033102572000075, -0.354683226999953 ], [ 120.033045740000034, -0.355140349999942 ], [ 120.033172550000018, -0.356098949999932 ], [ 120.033468700000071, -0.356610239999952 ], [ 120.03415623, -0.357608869999979 ], [ 120.034461970000052, -0.357803335999961 ], [ 120.034658720000039, -0.357928479999941 ], [ 120.035134680000056, -0.35872736999994 ], [ 120.035081640000044, -0.359606059999976 ], [ 120.034896380000077, -0.360324959999957 ], [ 120.034585520000064, -0.360746629999937 ], [ 120.034767090000059, -0.360740399999941 ], [ 120.034693840000045, -0.360810159999971 ], [ 120.034468810000021, -0.361192879999976 ], [ 120.034399510000071, -0.361593059999961 ], [ 120.034468340000103, -0.362637069999948 ], [ 120.034520090000115, -0.363141679999956 ], [ 120.034606470000085, -0.363472309999963 ], [ 120.035494170000106, -0.364214559999937 ], [ 120.03623261000007, -0.365609809999967 ], [ 120.036382810000077, -0.365931189999969 ], [ 120.036551880000047, -0.366158059999975 ], [ 120.03673974000003, -0.366347149999967 ], [ 120.036908800000106, -0.366479509999976 ], [ 120.03717180000001, -0.366706419999957 ], [ 120.037378470000021, -0.366857689999961 ], [ 120.037641440000016, -0.367065709999963 ], [ 120.038173480000069, -0.367399969999951 ], [ 120.038273960000083, -0.367771019999964 ], [ 120.038307350000082, -0.368158919999928 ], [ 120.038307270000018, -0.368395029999931 ], [ 120.038223310000035, -0.368766029999961 ], [ 120.038021980000053, -0.369187579999959 ], [ 120.037753630000111, -0.369524779999949 ], [ 120.037485280000055, -0.369777659999954 ], [ 120.037216970000031, -0.369895629999974 ], [ 120.036831360000065, -0.369861769999943 ], [ 120.036529640000026, -0.369659289999959 ], [ 120.036144130000025, -0.369389319999925 ], [ 120.03559086000007, -0.369304819999968 ], [ 120.035238750000076, -0.369338429999971 ], [ 120.035054310000078, -0.369473279999966 ], [ 120.034903320000012, -0.369709329999978 ], [ 120.034903140000097, -0.370232139999928 ], [ 120.034921119000046, -0.370468316999961 ], [ 120.034936520000088, -0.37067062999995 ], [ 120.035020210000084, -0.371092269999963 ], [ 120.035757610000019, -0.372104409999963 ], [ 120.036210180000012, -0.372374399999956 ], [ 120.036377770000058, -0.372627429999966 ], [ 120.03639132, -0.372645319999947 ], [ 120.03634417, -0.372670569999968 ], [ 120.036349644000097, -0.37268159599995 ], [ 120.036514300000022, -0.373013259999937 ], [ 120.036912090000101, -0.373832339999979 ], [ 120.037028863000046, -0.37407409399998 ], [ 120.037025659000051, -0.37407542699998 ], [ 120.03702773100008, -0.374075405999974 ], [ 120.037029050000115, -0.374074474999929 ], [ 120.03702923600008, -0.374074859999951 ], [ 120.037230330000057, -0.374491169999942 ], [ 120.037592790000076, -0.37508768999993 ], [ 120.037822640000059, -0.375497229999951 ], [ 120.037881110000058, -0.375591439999937 ], [ 120.037954520000085, -0.375561859999948 ], [ 120.037969970000063, -0.375555629999951 ], [ 120.038010770000028, -0.375637789999928 ], [ 120.038092420000112, -0.375802199999953 ], [ 120.038120740000068, -0.375859249999962 ], [ 120.038355400000114, -0.376146029999973 ], [ 120.038707450000061, -0.376196739999955 ], [ 120.038959, -0.376061899999968 ], [ 120.039227310000115, -0.375842759999955 ], [ 120.039529170000037, -0.375657349999926 ], [ 120.039847780000059, -0.375556269999947 ], [ 120.040250170000036, -0.375556409999945 ], [ 120.04048484000009, -0.375691409999945 ], [ 120.040634329000113, -0.375902050999969 ], [ 120.040513768000096, -0.375953598999956 ], [ 120.040503883000042, -0.375957825999933 ], [ 120.041119302000084, -0.376111680999941 ], [ 120.041810154000018, -0.376956055999926 ], [ 120.041810154000018, -0.378721566999957 ], [ 120.04101722300004, -0.379811846999928 ], [ 120.040581972000041, -0.380410316999928 ], [ 120.040428449000046, -0.381331453999962 ], [ 120.040428449000046, -0.383634294999979 ], [ 120.041048113000102, -0.384212647999959 ], [ 120.041579870000078, -0.384708953999962 ], [ 120.041215253000018, -0.386340132999976 ], [ 120.041157682000062, -0.386608797999941 ], [ 120.041311205000056, -0.387357220999945 ], [ 120.041618251000045, -0.387030984999967 ], [ 120.041829344, -0.38662798799993 ], [ 120.042577768000115, -0.386436083999968 ], [ 120.043191858000114, -0.387030984999967 ], [ 120.043115097000054, -0.387913740999977 ], [ 120.042289912000115, -0.388892447999979 ], [ 120.042261926000037, -0.388929619999942 ], [ 120.041032945000097, -0.390562007999961 ], [ 120.041040281000051, -0.390571250999926 ], [ 120.04151270400007, -0.391166503999955 ], [ 120.041829344, -0.391041765999944 ], [ 120.04265452900006, -0.391310430999965 ], [ 120.04291359900003, -0.391511929999979 ], [ 120.04324943000006, -0.391934116999948 ], [ 120.043412547000116, -0.392365899999959 ], [ 120.043604451000078, -0.392989585999942 ], [ 120.04352768900003, -0.393498129999955 ], [ 120.043364572000087, -0.393881936999946 ], [ 120.043564974000105, -0.394395050999947 ], [ 120.043565035000029, -0.394395138999926 ], [ 120.043565373000092, -0.394395592999956 ], [ 120.043565403000116, -0.394395791999955 ], [ 120.043565471000079, -0.394395733999943 ], [ 120.04361128000005, -0.394458309999948 ], [ 120.04378642000006, -0.394601049999949 ], [ 120.04402889000005, -0.394955469999957 ], [ 120.044187360000024, -0.39511497999996 ], [ 120.044251320000058, -0.395179349999978 ], [ 120.044279110000048, -0.395207329999948 ], [ 120.044412580000085, -0.395366839999951 ], [ 120.044479230000093, -0.395627029999957 ], [ 120.044562610000071, -0.395794919999958 ], [ 120.044787840000026, -0.395895709999934 ], [ 120.044971310000051, -0.396097189999978 ], [ 120.04507134000005, -0.39637418999996 ], [ 120.045096230000013, -0.396802229999935 ], [ 120.0453463, -0.397490519999963 ], [ 120.045504770000093, -0.397666809999976 ], [ 120.045629840000061, -0.397851489999937 ], [ 120.045788300000027, -0.398044589999927 ], [ 120.045996850000051, -0.398229309999977 ], [ 120.046782790000066, -0.398464279999928 ], [ 120.047024750000105, -0.398472749999939 ], [ 120.047212160000072, -0.398389879999968 ], [ 120.047233360000064, -0.398380509999924 ], [ 120.047458700000107, -0.39820433999995 ], [ 120.047684080000067, -0.397994609999955 ], [ 120.047684160000017, -0.397994539999956 ], [ 120.047877310000104, -0.397822779999956 ], [ 120.047901060000072, -0.397801649999963 ], [ 120.048176430000012, -0.397701039999959 ], [ 120.048418420000075, -0.397625599999969 ], [ 120.048627060000058, -0.397550139999964 ], [ 120.048994220000054, -0.397390809999933 ], [ 120.049227890000111, -0.397265009999956 ], [ 120.049544960000048, -0.397231549999958 ], [ 120.0503893, -0.397014199999944 ], [ 120.05057282000007, -0.397047839999971 ], [ 120.050773060000097, -0.397115049999968 ], [ 120.051140130000022, -0.397224279999932 ], [ 120.05158232000008, -0.397358729999951 ], [ 120.051982730000077, -0.397577079999962 ], [ 120.052199570000084, -0.397828949999962 ], [ 120.052307920000089, -0.398097539999981 ], [ 120.052483070000108, -0.398307429999932 ], [ 120.052594740000018, -0.398392974999979 ], [ 120.052883590000079, -0.39861424999998 ], [ 120.053050410000083, -0.398782149999931 ], [ 120.053142110000067, -0.398941659999934 ], [ 120.053142040000012, -0.39912628999997 ], [ 120.053091950000066, -0.399252169999954 ], [ 120.052991740000039, -0.399445159999971 ], [ 120.052866540000082, -0.399629759999925 ], [ 120.052808090000099, -0.399780799999974 ], [ 120.052766200000065, -0.400200419999976 ], [ 120.052766160000033, -0.400317919999964 ], [ 120.052807810000104, -0.400552929999947 ], [ 120.052957910000032, -0.400787979999961 ], [ 120.053099710000083, -0.400888749999979 ], [ 120.0533082500001, -0.401006319999965 ], [ 120.053508480000119, -0.401098719999936 ], [ 120.05356684000003, -0.401191059999974 ], [ 120.053541750000022, -0.401333719999968 ], [ 120.053416540000057, -0.401535099999933 ], [ 120.05323291000002, -0.401694499999962 ], [ 120.053116060000093, -0.401845519999938 ], [ 120.053082570000015, -0.40222781999995 ], [ 120.053382570000053, -0.403226649999965 ], [ 120.053324100000054, -0.403444839999963 ], [ 120.05329899000003, -0.403629469999942 ], [ 120.05339068, -0.403889679999963 ], [ 120.053524160000052, -0.404015619999939 ], [ 120.053766110000083, -0.404049279999924 ], [ 120.053991440000118, -0.403915079999933 ], [ 120.054183360000025, -0.403814429999954 ], [ 120.054425310000056, -0.403864879999958 ], [ 120.054683910000108, -0.404024439999944 ], [ 120.054892420000101, -0.404217549999942 ], [ 120.054907, -0.404314499999941 ], [ 120.054931820000093, -0.404479649999928 ], [ 120.054881400000113, -0.404560729999957 ], [ 120.05462517, -0.404972789999931 ], [ 120.054205130000014, -0.404718269999933 ], [ 120.053908930000034, -0.404815529999951 ], [ 120.05376853000007, -0.404861629999971 ], [ 120.053673880000019, -0.405282969999973 ], [ 120.053548590000105, -0.40561023999993 ], [ 120.053490090000082, -0.405903959999932 ], [ 120.053515050000101, -0.406122189999962 ], [ 120.053741790000117, -0.406764769999938 ], [ 120.053875190000099, -0.40699141999994 ], [ 120.053879442000039, -0.406997240999942 ], [ 120.054005458, -0.407169744999976 ], [ 120.054083700000092, -0.40727684999996 ], [ 120.05425045000004, -0.40753707999994 ], [ 120.054433910000057, -0.40783928999997 ], [ 120.054659080000079, -0.40814150999995 ], [ 120.054859230000034, -0.408460509999941 ], [ 120.055009310000059, -0.408745909999936 ], [ 120.055134330000101, -0.40906487999996 ], [ 120.055259410000076, -0.409325109999941 ], [ 120.05556802000001, -0.410329389999958 ], [ 120.055559600000038, -0.410530799999947 ], [ 120.055534520000037, -0.410723829999938 ], [ 120.055542710000054, -0.411299649999933 ], [ 120.056410280000023, -0.411538249999978 ], [ 120.056743980000078, -0.41168104999997 ], [ 120.056836702000055, -0.411838989999978 ], [ 120.056852400000025, -0.411865729999931 ], [ 120.056852290000052, -0.412159469999949 ], [ 120.056935620000104, -0.412444859999937 ], [ 120.057144100000073, -0.412721899999951 ], [ 120.057352630000082, -0.412956979999933 ], [ 120.057477640000116, -0.413301119999971 ], [ 120.057444120000014, -0.413662 ], [ 120.05726874000004, -0.41434744999998 ], [ 120.057218560000024, -0.414615989999959 ], [ 120.057151750000116, -0.414792219999924 ], [ 120.057093280000117, -0.414985229999957 ], [ 120.057151550000071, -0.415320959999974 ], [ 120.057209880000073, -0.415606339999954 ], [ 120.057368290000113, -0.415933709999933 ], [ 120.05751, -0.416269469999975 ], [ 120.057559960000049, -0.416512889999979 ], [ 120.057551480000029, -0.416882169999951 ], [ 120.057517910000115, -0.417461249999974 ], [ 120.057651300000089, -0.417721469999947 ], [ 120.057893170000057, -0.417981729999951 ], [ 120.058068330000083, -0.418158049999931 ], [ 120.058628940000062, -0.418561159999967 ], [ 120.058804120000104, -0.418586409999932 ], [ 120.059146240000018, -0.418561359999956 ], [ 120.059680230000026, -0.418553169999939 ], [ 120.059855470000116, -0.418502879999949 ], [ 120.06006418000004, -0.418251169999962 ], [ 120.060189430000037, -0.417957469999976 ], [ 120.060414850000029, -0.417579889999956 ], [ 120.060773740000059, -0.417328229999953 ], [ 120.061049110000113, -0.417210849999947 ], [ 120.061232690000111, -0.417177339999967 ], [ 120.061483020000082, -0.417143859999953 ], [ 120.06165825000005, -0.41705160999993 ], [ 120.061858570000027, -0.416909009999927 ], [ 120.061992100000111, -0.416799949999927 ], [ 120.06242794000002, -0.416380539999977 ], [ 120.062544780000053, -0.416271479999978 ], [ 120.062686650000046, -0.416170819999934 ], [ 120.06287860000009, -0.416112149999947 ], [ 120.063120560000016, -0.416112239999961 ], [ 120.063354230000073, -0.416003209999928 ], [ 120.063529550000112, -0.415759889999947 ], [ 120.063855010000111, -0.415608949999978 ], [ 120.06420542, -0.415625859999977 ], [ 120.064647620000073, -0.415751919999934 ], [ 120.06482273000006, -0.415953409999929 ], [ 120.064864400000033, -0.416154859999949 ], [ 120.064922710000019, -0.416381469999976 ], [ 120.065139570000042, -0.416574599999933 ], [ 120.065289700000108, -0.41679285999993 ], [ 120.065306300000088, -0.416977509999924 ], [ 120.065222770000105, -0.417204079999976 ], [ 120.065072530000066, -0.41737188999997 ], [ 120.064880600000038, -0.417480919999946 ], [ 120.06460526, -0.417413679999925 ], [ 120.064430110000103, -0.417212179999979 ], [ 120.064271670000039, -0.416960339999946 ], [ 120.06413821000001, -0.416901539999969 ], [ 120.063896200000045, -0.416985379999971 ], [ 120.063720930000045, -0.417127989999926 ], [ 120.063562320000074, -0.417337739999937 ], [ 120.063420410000049, -0.417530719999945 ], [ 120.063286830000038, -0.417765669999937 ], [ 120.063169880000032, -0.418092949999959 ], [ 120.063077980000116, -0.41883729999995 ], [ 120.063077900000053, -0.419072289999974 ], [ 120.063111160000062, -0.419324099999926 ], [ 120.063169450000032, -0.419609469999955 ], [ 120.063244410000038, -0.419962 ], [ 120.063411030000111, -0.420650269999953 ], [ 120.063486090000083, -0.420742619999942 ], [ 120.063677950000056, -0.420910539999966 ], [ 120.063886490000073, -0.421002939999937 ], [ 120.064070030000039, -0.421086939999952 ], [ 120.064236910000091, -0.421103799999969 ], [ 120.064620730000115, -0.421078759999943 ], [ 120.064904460000093, -0.421003329999962 ], [ 120.065146420000019, -0.421045389999961 ], [ 120.065363300000058, -0.42115457999995 ], [ 120.065663590000099, -0.421389689999955 ], [ 120.065847080000026, -0.421599579999963 ], [ 120.066072270000063, -0.421843059999958 ], [ 120.06609724000009, -0.422019309999939 ], [ 120.065988670000024, -0.422271059999957 ], [ 120.06581338, -0.422422059999974 ], [ 120.065654800000061, -0.422547889999976 ], [ 120.065429470000026, -0.422698879999928 ], [ 120.065262540000049, -0.422849879999944 ], [ 120.065120630000024, -0.423026079999943 ], [ 120.065078780000022, -0.42351014999997 ], [ 120.06507036000005, -0.423711589999925 ], [ 120.065103630000067, -0.423938199999952 ], [ 120.065086880000081, -0.424164799999971 ], [ 120.065061700000115, -0.424542469999949 ], [ 120.065036470000109, -0.42502922999995 ], [ 120.065102860000025, -0.425969259999931 ], [ 120.065227940000113, -0.426229479999961 ], [ 120.065377960000092, -0.426665969999931 ], [ 120.065437254000017, -0.426899469999967 ], [ 120.065469610000036, -0.427026889999979 ], [ 120.06551112000011, -0.427538869999978 ], [ 120.065460760000065, -0.42833289999993 ], [ 120.065477400000077, -0.428483979999953 ], [ 120.065510670000094, -0.428719 ], [ 120.06550225, -0.428886839999961 ], [ 120.065452140000048, -0.429063069999927 ], [ 120.065435380000054, -0.429239319999965 ], [ 120.0655103900001, -0.429440769999928 ], [ 120.065610460000016, -0.429617059999941 ], [ 120.065643780000073, -0.429784929999926 ], [ 120.065693760000045, -0.429969599999936 ], [ 120.065660310000112, -0.430221359999962 ], [ 120.065676880000069, -0.430464749999942 ], [ 120.0657519, -0.430657829999973 ], [ 120.065927070000043, -0.430792169999961 ], [ 120.06658794000009, -0.431147589999966 ], [ 120.066796460000091, -0.431307129999936 ], [ 120.066929900000105, -0.431433069999969 ], [ 120.067105090000041, -0.431533849999937 ], [ 120.067522240000017, -0.431651519999946 ], [ 120.067855970000096, -0.431735569999944 ], [ 120.068072940000093, -0.431643329999929 ], [ 120.068298300000038, -0.431408419999968 ], [ 120.068390180000051, -0.431181849999973 ], [ 120.068532100000084, -0.430946909999932 ], [ 120.068807480000032, -0.430913449999935 ], [ 120.068974340000068, -0.430972259999976 ], [ 120.06916616, -0.431140199999959 ], [ 120.069391360000054, -0.431350099999975 ], [ 120.069758450000108, -0.431509709999943 ], [ 120.070000360000108, -0.431669259999978 ], [ 120.07021721000001, -0.431879179999953 ], [ 120.070450740000069, -0.432114259999935 ], [ 120.070550055000012, -0.432230888999925 ], [ 120.070650920000048, -0.432349339999973 ], [ 120.070742560000099, -0.432643119999966 ], [ 120.070709100000045, -0.432928459999971 ], [ 120.070533800000021, -0.433104649999962 ], [ 120.070358580000061, -0.433096189999958 ], [ 120.06996627, -0.433151089999967 ], [ 120.069874430000027, -0.433285339999941 ], [ 120.069749260000094, -0.433344029999944 ], [ 120.069607400000109, -0.433402719999947 ], [ 120.069332040000063, -0.433411009999929 ], [ 120.069106730000044, -0.433478069999978 ], [ 120.069083050000017, -0.433687429999964 ], [ 120.069016470000065, -0.434275889999924 ], [ 120.068981180000037, -0.434543909999945 ], [ 120.068786682000109, -0.435004548999927 ], [ 120.068677230000048, -0.435263769999949 ], [ 120.068630400000075, -0.435374659999979 ], [ 120.06854691, -0.435525689999963 ], [ 120.068513480000092, -0.435701929999937 ], [ 120.068596800000023, -0.435920179999925 ], [ 120.068713570000114, -0.436071289999973 ], [ 120.068863710000073, -0.436205639999969 ], [ 120.069105610000065, -0.436390379999978 ], [ 120.069439320000015, -0.436508009999955 ], [ 120.069756340000026, -0.436617239999975 ], [ 120.0699064800001, -0.436743199999967 ], [ 120.070048250000013, -0.436911099999975 ], [ 120.07014176000007, -0.437046389999978 ], [ 120.070181700000035, -0.437104179999949 ], [ 120.070505830000116, -0.437648299999978 ], [ 120.070615480000015, -0.437832369999967 ], [ 120.070773950000103, -0.438008679999939 ], [ 120.070899080000117, -0.438126239999974 ], [ 120.070997023000018, -0.438219645999936 ], [ 120.071057550000091, -0.43827736999998 ], [ 120.07116596000003, -0.438394899999935 ], [ 120.07132442000011, -0.438579609999977 ], [ 120.071457890000033, -0.43872233999997 ], [ 120.07158297, -0.438873469999976 ], [ 120.071683020000023, -0.439091709999957 ], [ 120.07181641000011, -0.439360339999951 ], [ 120.071841350000113, -0.439620529999956 ], [ 120.071829940000043, -0.439766609999936 ], [ 120.071799400000032, -0.440157659999954 ], [ 120.071783341000014, -0.440494610999963 ], [ 120.0717826, -0.440510149999966 ], [ 120.071915900000022, -0.440996989999974 ], [ 120.071982620000085, -0.441080949999957 ], [ 120.072149450000097, -0.441190119999931 ], [ 120.072274570000104, -0.441358029999947 ], [ 120.072341220000112, -0.441584659999933 ], [ 120.072332790000019, -0.441802859999939 ], [ 120.072265970000103, -0.441987479999966 ], [ 120.072149070000023, -0.442172079999978 ], [ 120.072040520000087, -0.442339889999971 ], [ 120.071940350000091, -0.442524499999934 ], [ 120.071689690000085, -0.443034779999948 ], [ 120.071622910000087, -0.443135469999959 ], [ 120.071564440000088, -0.443236149999962 ], [ 120.071455950000086, -0.443320039999946 ], [ 120.071397470000079, -0.443462699999941 ], [ 120.071313940000095, -0.443680879999931 ], [ 120.071230440000022, -0.443840319999936 ], [ 120.071146920000047, -0.44405009999997 ], [ 120.071113490000016, -0.444217949999938 ], [ 120.071130100000119, -0.44445294999997 ], [ 120.071138360000077, -0.444654379999974 ], [ 120.071173101000113, -0.444851858999925 ], [ 120.071229910000056, -0.445174779999945 ], [ 120.071361463000017, -0.445732567999926 ], [ 120.071538160000046, -0.446450609999943 ], [ 120.07162457600009, -0.447446609999929 ], [ 120.071737940000048, -0.447765579999952 ], [ 120.071796280000058, -0.447925059999932 ], [ 120.071887980000042, -0.448143319999929 ], [ 120.071896644000049, -0.448170962999939 ], [ 120.07191703, -0.44823600999996 ], [ 120.071937970000022, -0.448302809999973 ], [ 120.071979610000085, -0.448521029999938 ], [ 120.072014520000039, -0.448651659999939 ], [ 120.072037930000079, -0.448739269999976 ], [ 120.072037830000113, -0.448991059999969 ], [ 120.072087790000069, -0.449209289999942 ], [ 120.072137790000056, -0.449410739999962 ], [ 120.072162710000043, -0.44963735999994 ], [ 120.07197894, -0.45021638999998 ], [ 120.071903790000079, -0.450359039999967 ], [ 120.071836940000026, -0.450543649999929 ], [ 120.071786830000065, -0.450677919999976 ], [ 120.07175337000001, -0.450862549999954 ], [ 120.071711590000064, -0.451063959999942 ], [ 120.071594357000095, -0.45137561599995 ], [ 120.071467269000095, -0.451713471999938 ], [ 120.071393850000049, -0.45190864999995 ], [ 120.071359900000061, -0.452017799999965 ], [ 120.071226480000064, -0.452862799999934 ], [ 120.07104293000009, -0.45402525999998 ], [ 120.071035650000113, -0.454071399999975 ], [ 120.070587660000115, -0.456908649999946 ], [ 120.070396550000055, -0.458937229999947 ], [ 120.070353392000015, -0.459053018999953 ], [ 120.070229500000096, -0.459385409999925 ], [ 120.070020670000076, -0.460043689999964 ], [ 120.069820700000037, -0.460605679999958 ], [ 120.069703610000033, -0.461135569999954 ], [ 120.06965346000004, -0.461311799999976 ], [ 120.069611680000094, -0.461479639999936 ], [ 120.069519830000104, -0.46164744999993 ], [ 120.069394200000033, -0.46185042999997 ], [ 120.069199360000084, -0.46214453999994 ], [ 120.068837540000118, -0.46246661999993 ], [ 120.06857315000002, -0.462634649999927 ], [ 120.068505580000078, -0.462684749999937 ], [ 120.068308760000036, -0.462830689999976 ], [ 120.068197430000055, -0.462942719999944 ], [ 120.068113940000103, -0.462970709999979 ], [ 120.067946950000078, -0.463110749999942 ], [ 120.067779970000061, -0.463180749999935 ], [ 120.067585160000021, -0.463306769999974 ], [ 120.067470689000061, -0.463467599999944 ], [ 120.067385158000093, -0.463587767999968 ], [ 120.067165950000117, -0.463895749999949 ], [ 120.067099110000072, -0.464030009999931 ], [ 120.067015580000088, -0.464248189999978 ], [ 120.066882010000086, -0.464449559999935 ], [ 120.066706690000046, -0.46468447999996 ], [ 120.066652700000077, -0.464871301999949 ], [ 120.066452680000111, -0.465563439999926 ], [ 120.066306160000067, -0.466532299999926 ], [ 120.066303547000075, -0.466549572999952 ], [ 120.066267560000028, -0.466787499999953 ], [ 120.066252700000064, -0.466822599999944 ], [ 120.066248370000039, -0.466835689999925 ], [ 120.06624459000011, -0.466841779999925 ], [ 120.0656501200001, -0.468246119999947 ], [ 120.065644156000076, -0.468260207999947 ], [ 120.065424230000076, -0.468779739999945 ], [ 120.064696350000077, -0.470702949999975 ], [ 120.064500874000032, -0.47097936199998 ], [ 120.062949960000083, -0.473172429999977 ], [ 120.062921898000013, -0.473212110999953 ], [ 120.062644670000054, -0.473604119999948 ], [ 120.061327490000053, -0.47480676999993 ], [ 120.061146810000082, -0.475055189999978 ], [ 120.060971857000027, -0.47529574999993 ], [ 120.06050343000004, -0.475939839999967 ], [ 120.060225362000097, -0.476322185999948 ], [ 120.0601251920001, -0.476459918999979 ], [ 120.059777390000022, -0.476938149999967 ], [ 120.059669, -0.477019439999935 ], [ 120.058345670000108, -0.478671339999948 ], [ 120.058208242000092, -0.478794583999957 ], [ 120.058192352000106, -0.478808833999949 ], [ 120.058037820000095, -0.478947415999926 ], [ 120.056477420000078, -0.480346759999975 ], [ 120.05585333800002, -0.48084130999996 ], [ 120.05551016000004, -0.481113259999972 ], [ 120.053063570000063, -0.484364399999947 ], [ 120.05265595000003, -0.484791799999925 ], [ 120.052636261000089, -0.484804185999963 ], [ 120.052248330000111, -0.485048239999969 ], [ 120.051891660000024, -0.485509839999963 ], [ 120.050255511000046, -0.487594951999938 ], [ 120.050040360000025, -0.48786913999993 ], [ 120.049705980000113, -0.48997221999997 ], [ 120.049496700000077, -0.491288529999963 ], [ 120.049411740000096, -0.492023699999947 ], [ 120.049412805000088, -0.492059942999958 ], [ 120.049437180000041, -0.492889299999945 ], [ 120.04942415000005, -0.493023529999959 ], [ 120.049407350000024, -0.493258509999976 ], [ 120.049465400000031, -0.494052609999926 ], [ 120.049481950000086, -0.494304409999927 ], [ 120.049498520000043, -0.494581369999935 ], [ 120.049506680000036, -0.495001009999953 ], [ 120.04952284, -0.496209559999954 ], [ 120.049522700000011, -0.496528479999938 ], [ 120.04943913000011, -0.49682219999994 ], [ 120.049322190000112, -0.497082309999939 ], [ 120.04928643300002, -0.497186456999941 ], [ 120.049238640000112, -0.497325659999944 ], [ 120.049213480000049, -0.497669749999943 ], [ 120.049205020000045, -0.497921519999977 ], [ 120.049230630000011, -0.498226799999941 ], [ 120.049235440000075, -0.498284109999929 ], [ 120.049263240000073, -0.498615489999963 ], [ 120.049329870000065, -0.498867299999972 ], [ 120.049371480000104, -0.49907713999994 ], [ 120.049373723000031, -0.49908682399996 ], [ 120.049416517000054, -0.499046227999941 ], [ 120.049451779000037, -0.49939179699993 ], [ 120.049448859000108, -0.499395565999976 ], [ 120.049465884000028, -0.499402375999978 ], [ 120.04967745700003, -0.500093514999946 ], [ 120.05008505, -0.501123221999933 ], [ 120.050181518000045, -0.501366931999939 ], [ 120.050213443000075, -0.501447582999958 ], [ 120.050227548000066, -0.502378504999967 ], [ 120.049980712000092, -0.503097853999975 ], [ 120.049916924000058, -0.503710224999963 ], [ 120.049910188000013, -0.503774887999953 ], [ 120.049994817000083, -0.504458974999977 ], [ 120.050192286000083, -0.504860963999931 ], [ 120.050615432000086, -0.505128956999954 ], [ 120.050775286000089, -0.505355726999937 ], [ 120.050841473000105, -0.505449619999979 ], [ 120.051828451, -0.506849751999937 ], [ 120.052181073000042, -0.508373078999966 ], [ 120.052322122000078, -0.508951378999939 ], [ 120.05324565, -0.511796114999925 ], [ 120.053269365, -0.511800583999957 ], [ 120.05325304400003, -0.51182877399998 ], [ 120.053456603000086, -0.512222320999967 ], [ 120.053464617000031, -0.512237815999924 ], [ 120.053472227000043, -0.512235640999961 ], [ 120.053521200000091, -0.512363899999968 ], [ 120.0535107500001, -0.512473739999962 ], [ 120.053282760000116, -0.512882379999951 ], [ 120.053214730000036, -0.514728869999942 ], [ 120.05193716000008, -0.517035289999967 ], [ 120.051948110000012, -0.51703587999998 ], [ 120.052328340000031, -0.517168679999941 ], [ 120.052358540000114, -0.517320909999967 ], [ 120.052341770000112, -0.517488749999927 ], [ 120.052191490000041, -0.517690109999933 ], [ 120.052158020000093, -0.51787472999996 ], [ 120.052107530000058, -0.518814689999942 ], [ 120.052023690000055, -0.519407229999956 ], [ 120.052090340000063, -0.519600299999979 ], [ 120.052123600000073, -0.519801729999926 ], [ 120.052156890000106, -0.520019959999956 ], [ 120.052156790000026, -0.520238169999971 ], [ 120.052138637000098, -0.520332297999971 ], [ 120.052106620000018, -0.520498319999945 ], [ 120.051981330000103, -0.520733249999978 ], [ 120.051931190000118, -0.520934659999966 ], [ 120.052081210000097, -0.521295619999933 ], [ 120.052081110000017, -0.521497039999929 ], [ 120.052031010000064, -0.521614519999957 ], [ 120.051914110000098, -0.521757139999977 ], [ 120.05179720000001, -0.521924929999955 ], [ 120.051680330000067, -0.52209272999994 ], [ 120.051631251000117, -0.522207785999967 ], [ 120.05160516, -0.522268949999955 ], [ 120.051596750000044, -0.522403229999952 ], [ 120.051596660000087, -0.522579479999933 ], [ 120.051504770000065, -0.522806019999962 ], [ 120.051346150000086, -0.522990589999949 ], [ 120.051195870000015, -0.523191949999955 ], [ 120.051062290000118, -0.523401699999965 ], [ 120.05087857, -0.523695359999977 ], [ 120.05077, -0.523905119999938 ], [ 120.050594680000017, -0.524156819999973 ], [ 120.050469420000013, -0.524341399999969 ], [ 120.050260420000086, -0.524952759999962 ], [ 120.050243650000084, -0.525112209999975 ], [ 120.050235220000104, -0.525296849999961 ], [ 120.050226770000108, -0.52550666999997 ], [ 120.050234980000027, -0.525792019999926 ], [ 120.05023489000007, -0.526001839999935 ], [ 120.050209720000112, -0.526253599999961 ], [ 120.050167920000035, -0.526471799999968 ], [ 120.05015112000001, -0.526698389999979 ], [ 120.050134300000082, -0.526966949999974 ], [ 120.050075760000027, -0.527252269999963 ], [ 120.049942150000106, -0.527520779999975 ], [ 120.049725030000104, -0.527847989999941 ], [ 120.049571180000044, -0.528082969999957 ], [ 120.049523669000109, -0.52815555199993 ], [ 120.04951630000005, -0.528166809999959 ], [ 120.049073770000064, -0.528557399999954 ], [ 120.048998650000044, -0.528624499999978 ], [ 120.048840070000097, -0.528733539999962 ], [ 120.048739900000101, -0.528809009999975 ], [ 120.048639760000015, -0.528884509999955 ], [ 120.0485395500001, -0.529043909999928 ], [ 120.048422600000094, -0.529304029999935 ], [ 120.048363030000019, -0.529551139999967 ], [ 120.048288890000094, -0.529815849999977 ], [ 120.048288870000079, -0.529815919999976 ], [ 120.047929820000036, -0.530411629999946 ], [ 120.047796230000017, -0.530545849999953 ], [ 120.04765434, -0.530663279999942 ], [ 120.047537470000066, -0.530814289999967 ], [ 120.047462270000096, -0.531032469999957 ], [ 120.047451441000021, -0.531205357999966 ], [ 120.047445450000055, -0.531301009999936 ], [ 120.047478690000048, -0.531544419999932 ], [ 120.047545340000056, -0.531737489999955 ], [ 120.047611940000024, -0.532414039999935 ], [ 120.047620250000023, -0.532489589999955 ], [ 120.047628470000063, -0.532674229999941 ], [ 120.047653450000098, -0.532816919999959 ], [ 120.04768673, -0.533035129999973 ], [ 120.047761700000024, -0.533295349999946 ], [ 120.047853370000098, -0.53353876999995 ], [ 120.047903330000054, -0.533731839999973 ], [ 120.048253260000024, -0.53481464999993 ], [ 120.048311590000026, -0.534974149999925 ], [ 120.048361540000087, -0.535175589999938 ], [ 120.048419810000041, -0.535435799999959 ], [ 120.048478170000067, -0.535595279999939 ], [ 120.048669970000105, -0.535771629999942 ], [ 120.048828410000056, -0.535973119999937 ], [ 120.049579970000082, -0.537278829999934 ], [ 120.049721710000085, -0.537471929999924 ], [ 120.049880190000067, -0.53759789999998 ], [ 120.050113720000013, -0.53778264999994 ], [ 120.050297210000053, -0.537958979999928 ], [ 120.050354971000047, -0.538017140999955 ], [ 120.050447320000103, -0.53811012999995 ], [ 120.050589100000025, -0.538227689999928 ], [ 120.050780950000103, -0.538378849999958 ], [ 120.050964430000022, -0.538521619999926 ], [ 120.051156260000084, -0.53871474999994 ], [ 120.051314680000019, -0.538933029999953 ], [ 120.051506430000018, -0.539218479999931 ], [ 120.051573100000041, -0.539445119999925 ], [ 120.05168105000007, -0.540273259999935 ], [ 120.051647590000016, -0.54043269999994 ], [ 120.051489010000068, -0.54051654999995 ], [ 120.05137215000002, -0.540592029999971 ], [ 120.051280330000054, -0.54071786999998 ], [ 120.051188460000049, -0.540902459999927 ], [ 120.051079830000049, -0.54119615999997 ], [ 120.050979520000055, -0.54156538999996 ], [ 120.051004420000027, -0.541867529999934 ], [ 120.051037390000033, -0.542029039999932 ], [ 120.051086654000073, -0.542270317999964 ], [ 120.051237490000062, -0.543009049999966 ], [ 120.051270770000087, -0.54322727999994 ], [ 120.051295660000051, -0.543479069999933 ], [ 120.051245350000045, -0.544016179999971 ], [ 120.050927760000036, -0.545835169999975 ], [ 120.050894250000056, -0.546086929999944 ], [ 120.050919220000083, -0.546238009999968 ], [ 120.051010910000059, -0.546439489999955 ], [ 120.051019415000042, -0.546452337999938 ], [ 120.051127620000102, -0.546615789999976 ], [ 120.051227680000011, -0.546758519999969 ], [ 120.051319410000019, -0.546867659999975 ], [ 120.051452830000017, -0.547018789999925 ], [ 120.05157789000009, -0.547203489999958 ], [ 120.051711310000087, -0.547413379999966 ], [ 120.051794690000065, -0.547539319999942 ], [ 120.052044990000013, -0.547903979999944 ], [ 120.052111730000092, -0.547987929999977 ], [ 120.052197840000076, -0.548121969999954 ], [ 120.052203420000069, -0.548130649999962 ], [ 120.052224150000029, -0.548203729999955 ], [ 120.052253410000048, -0.548306919999959 ], [ 120.052269990000013, -0.548550329999955 ], [ 120.052274862000104, -0.548565877999977 ], [ 120.052319960000091, -0.548709809999934 ], [ 120.052461700000094, -0.548911299999929 ], [ 120.05259516000001, -0.549037259999977 ], [ 120.052703550000047, -0.549163209999961 ], [ 120.052786920000017, -0.549314309999943 ], [ 120.052887259000045, -0.549562598999955 ], [ 120.053170260000115, -0.550262879999934 ], [ 120.053185380000059, -0.550316199999941 ], [ 120.053210210000088, -0.550403779999954 ], [ 120.053236890000107, -0.550497909999933 ], [ 120.053236790000028, -0.550716129999955 ], [ 120.05321167000011, -0.550934309999946 ], [ 120.053211550000015, -0.551177709999934 ], [ 120.053328270000065, -0.551328829999932 ], [ 120.053419960000042, -0.551530299999968 ], [ 120.053378150000071, -0.551756879999971 ], [ 120.053252860000043, -0.551983419999942 ], [ 120.053094250000072, -0.552134409999951 ], [ 120.052777040000024, -0.552349829999969 ], [ 120.052726890000031, -0.55250086999996 ], [ 120.052685110000084, -0.55265191999996 ], [ 120.052685060000044, -0.552752629999929 ], [ 120.052693350000027, -0.552870129999974 ], [ 120.052885170000081, -0.552996119999932 ], [ 120.052935180000077, -0.553163989999973 ], [ 120.052926720000073, -0.553373809999925 ], [ 120.05288492000011, -0.553499689999967 ], [ 120.052818140000113, -0.553583569999944 ], [ 120.052742970000054, -0.55372621999993 ], [ 120.052734530000066, -0.553919239999971 ], [ 120.052731276000031, -0.553980829999944 ], [ 120.052717680000114, -0.554238159999954 ], [ 120.052734160000114, -0.554666189999978 ], [ 120.052700640000012, -0.554934739999965 ], [ 120.052675540000109, -0.555110979999938 ], [ 120.052558320000117, -0.555845699999963 ], [ 120.052558230000045, -0.55601355999994 ], [ 120.052541460000043, -0.556181409999965 ], [ 120.05249131000005, -0.556374409999933 ], [ 120.052499580000017, -0.556517089999943 ], [ 120.052524480000102, -0.556743709999978 ], [ 120.052502600000025, -0.557176509999977 ], [ 120.052500390000091, -0.557220219999977 ], [ 120.052465500000039, -0.557910259999971 ], [ 120.052465400000074, -0.558120079999981 ], [ 120.05244859000004, -0.558355069999948 ], [ 120.052406760000054, -0.558606819999966 ], [ 120.0523065000001, -0.558858559999976 ], [ 120.052256330000091, -0.559085139999979 ], [ 120.05214774, -0.559303279999938 ], [ 120.051963950000072, -0.559601789999931 ], [ 120.051930520000042, -0.559694099999945 ], [ 120.051880410000081, -0.559803169999952 ], [ 120.05181360000006, -0.559929029999978 ], [ 120.051721720000046, -0.560113619999925 ], [ 120.051688250000097, -0.560348599999941 ], [ 120.051688080000076, -0.560692689999939 ], [ 120.051729987000044, -0.561508830999969 ], [ 120.051737640000056, -0.561657879999927 ], [ 120.051745860000096, -0.56192644999993 ], [ 120.051787380000064, -0.562287359999971 ], [ 120.051829000000112, -0.562522379999962 ], [ 120.051717300000064, -0.562737439999978 ], [ 120.051717290000056, -0.562822919999974 ], [ 120.051700310000115, -0.562857119999933 ], [ 120.051751240000044, -0.56306227999994 ], [ 120.051802180000095, -0.563267449999955 ], [ 120.051911640000071, -0.563852699999927 ], [ 120.052010919000054, -0.564119261999963 ], [ 120.052253810000025, -0.564771419999943 ], [ 120.05286951000005, -0.566166259999932 ], [ 120.053613166000105, -0.56716858599998 ], [ 120.05423294000002, -0.568003939999926 ], [ 120.055090570000061, -0.569221679999941 ], [ 120.055222480000111, -0.569930159999956 ], [ 120.055323, -0.570250689999966 ], [ 120.05592329000001, -0.570562029999962 ], [ 120.05599, -0.570637599999941 ], [ 120.056065040000021, -0.570746739999947 ], [ 120.056048280000027, -0.570881009999937 ], [ 120.055964800000083, -0.570948109999961 ], [ 120.055931400000077, -0.571032019999961 ], [ 120.055964650000078, -0.57124185999993 ], [ 120.056114730000104, -0.57146014999995 ], [ 120.05623398900002, -0.571620232999976 ], [ 120.056239820000087, -0.571628059999966 ], [ 120.056381550000083, -0.57184634999993 ], [ 120.056456530000105, -0.572064599999976 ], [ 120.056506460000037, -0.572299629999975 ], [ 120.056556430000114, -0.572534649999966 ], [ 120.056623030000083, -0.572820029999946 ], [ 120.0566397, -0.573049259999948 ], [ 120.05664704000003, -0.573150169999963 ], [ 120.056681010000034, -0.573617299999967 ], [ 120.056681020000042, -0.573617369999965 ], [ 120.056630850000033, -0.573835549999956 ], [ 120.05655567000008, -0.574020159999975 ], [ 120.056488860000059, -0.574146019999944 ], [ 120.056396970000037, -0.574330609999947 ], [ 120.056288430000109, -0.574448039999936 ], [ 120.056146530000092, -0.574565469999925 ], [ 120.056021100000066, -0.574738669999931 ], [ 120.056021030000011, -0.574872949999929 ], [ 120.056004270000017, -0.574998839999978 ], [ 120.055954160000056, -0.575116299999934 ], [ 120.055845620000014, -0.575225359999934 ], [ 120.05574544000001, -0.575309239999967 ], [ 120.055628550000051, -0.575493819999963 ], [ 120.055586730000073, -0.575644859999954 ], [ 120.05556974000001, -0.576494719999971 ], [ 120.055552960000114, -0.576654179999935 ], [ 120.05547781000007, -0.576763239999934 ], [ 120.055394290000095, -0.576922669999931 ], [ 120.05531910000002, -0.577098869999929 ], [ 120.055303036000055, -0.577291574999947 ], [ 120.055302310000116, -0.577300289999926 ], [ 120.055302180000012, -0.577535289999958 ], [ 120.055310420000069, -0.577745099999959 ], [ 120.055343660000062, -0.578030479999939 ], [ 120.055393560000084, -0.57832424999998 ], [ 120.055476880000015, -0.578576079999948 ], [ 120.055585280000059, -0.578727199999946 ], [ 120.055760440000086, -0.578869969999971 ], [ 120.055885510000053, -0.579004319999967 ], [ 120.0559271300001, -0.579163799999947 ], [ 120.055935370000043, -0.579373629999964 ], [ 120.055985190000115, -0.580142209999963 ], [ 120.056060230000071, -0.580251349999969 ], [ 120.056185330000062, -0.580343729999925 ], [ 120.056260390000034, -0.580410919999963 ], [ 120.056318770000075, -0.580503269999951 ], [ 120.05639378, -0.580671159999952 ], [ 120.05638531000011, -0.580906149999976 ], [ 120.056368500000076, -0.581115959999977 ], [ 120.05632667000009, -0.581367719999946 ], [ 120.056309860000056, -0.581594309999957 ], [ 120.056309720000058, -0.581854489999955 ], [ 120.05635132000009, -0.582055939999975 ], [ 120.056434650000028, -0.582274189999964 ], [ 120.056534680000027, -0.582475679999959 ], [ 120.056601330000035, -0.582651949999956 ], [ 120.056943040000078, -0.583756189999974 ], [ 120.056951310000045, -0.583907259999933 ], [ 120.056976260000056, -0.58408352999993 ], [ 120.05697616000009, -0.584259779999968 ], [ 120.057009400000084, -0.584486399999946 ], [ 120.057034350000094, -0.584662659999935 ], [ 120.057159010000078, -0.585661469999934 ], [ 120.057192260000079, -0.585862909999946 ], [ 120.057167080000113, -0.586123069999928 ], [ 120.057125260000021, -0.586358039999936 ], [ 120.05707510000002, -0.586559439999974 ], [ 120.057058140000095, -0.587378329999979 ], [ 120.057066400000053, -0.587546189999955 ], [ 120.057091350000064, -0.587739239999962 ], [ 120.057149670000058, -0.587881939999932 ], [ 120.057241360000035, -0.588058239999953 ], [ 120.057366430000116, -0.58826812999996 ], [ 120.057466450000106, -0.588436029999968 ], [ 120.057574800000111, -0.588679489999947 ], [ 120.057908230000066, -0.589317499999936 ], [ 120.057966530000044, -0.589518969999972 ], [ 120.057983080000099, -0.589779139999962 ], [ 120.057949620000045, -0.589921809999964 ], [ 120.057899460000044, -0.590123209999945 ], [ 120.057824260000075, -0.590324589999966 ], [ 120.057749090000016, -0.590467219999937 ], [ 120.057565260000047, -0.590706499999953 ], [ 120.05752351000001, -0.590782019999949 ], [ 120.057456690000095, -0.590865909999934 ], [ 120.057414920000042, -0.59099176999996 ], [ 120.057439880000061, -0.591151249999939 ], [ 120.057448120000117, -0.591344289999938 ], [ 120.057464590000109, -0.591713579999976 ], [ 120.057547930000055, -0.591915039999947 ], [ 120.057673040000054, -0.592041 ], [ 120.057906470000034, -0.592418799999962 ], [ 120.057981500000096, -0.592536339999924 ], [ 120.058098260000065, -0.592611939999927 ], [ 120.05864879, -0.592922759999965 ], [ 120.058798910000064, -0.593057129999977 ], [ 120.058857250000074, -0.593233409999925 ], [ 120.058873760000097, -0.593569119999927 ], [ 120.058806810000078, -0.593896399999949 ], [ 120.058664760000056, -0.59429917999995 ], [ 120.05848943, -0.594492119999927 ], [ 120.058172310000032, -0.594584269999928 ], [ 120.057756741000048, -0.595061455999939 ], [ 120.05760470000007, -0.595236039999975 ], [ 120.057571250000024, -0.59541226999994 ], [ 120.057546070000058, -0.595664039999974 ], [ 120.057504170000016, -0.59603328999998 ], [ 120.057470620000117, -0.596343809999951 ], [ 120.057567970000036, -0.596755789999975 ], [ 120.05760384000007, -0.596864229999937 ], [ 120.057770560000108, -0.597158069999978 ], [ 120.057979010000054, -0.597485499999948 ], [ 120.058137430000102, -0.597695399999964 ], [ 120.058420960000035, -0.597989299999938 ], [ 120.058779630000117, -0.598232879999955 ], [ 120.058971460000066, -0.598358879999978 ], [ 120.059171630000037, -0.598552019999943 ], [ 120.059321700000055, -0.598770319999971 ], [ 120.059438390000082, -0.598971799999958 ], [ 120.059722440000087, -0.599707929999965 ], [ 120.059814160000087, -0.599850649999951 ], [ 120.060064330000046, -0.600077389999967 ], [ 120.060156020000022, -0.600262079999936 ], [ 120.060264360000019, -0.600522319999925 ], [ 120.060330990000011, -0.600740559999963 ], [ 120.060447650000015, -0.601059549999945 ], [ 120.060581010000078, -0.601303019999932 ], [ 120.060681010000053, -0.601563239999962 ], [ 120.060742776000097, -0.601721200999975 ], [ 120.060897650000015, -0.602117279999959 ], [ 120.061063820000072, -0.603868379999938 ], [ 120.061138800000094, -0.604095019999932 ], [ 120.061197050000033, -0.60436360999995 ], [ 120.061263630000099, -0.604674189999969 ], [ 120.061338580000097, -0.604951189999952 ], [ 120.061480260000053, -0.605245009999976 ], [ 120.061688760000038, -0.605463339999972 ], [ 120.061743975000013, -0.605650511999954 ], [ 120.061780380000073, -0.605773919999933 ], [ 120.061738410000089, -0.606201929999941 ], [ 120.061679810000101, -0.606587969999964 ], [ 120.06150442, -0.606873219999954 ], [ 120.06136084000002, -0.607470479999961 ], [ 120.061323220000077, -0.607626939999932 ], [ 120.06123686, -0.607986159999939 ], [ 120.061236830000098, -0.607986269999969 ], [ 120.06122004000008, -0.608170899999948 ], [ 120.061203428000113, -0.608244198999955 ], [ 120.061178200000086, -0.608355519999975 ], [ 120.061078010000074, -0.608514919999948 ], [ 120.061027820000049, -0.608716309999977 ], [ 120.061044320000065, -0.609077209999953 ], [ 120.061035720000064, -0.609538809999947 ], [ 120.060985540000047, -0.609782179999968 ], [ 120.060952010000051, -0.610042329999942 ], [ 120.061184441000023, -0.612078794999945 ], [ 120.061218020000069, -0.612373 ], [ 120.061261770000101, -0.612490569999977 ], [ 120.061417910000046, -0.613019349999945 ], [ 120.061467780000044, -0.613355079999963 ], [ 120.061509360000059, -0.61364046999995 ], [ 120.061609310000108, -0.61398461999994 ], [ 120.061684270000114, -0.614219659999947 ], [ 120.062000490000059, -0.61597833999997 ], [ 120.062058760000014, -0.616204979999964 ], [ 120.0621004300001, -0.616322499999967 ], [ 120.062167060000093, -0.616532349999943 ], [ 120.06222536000007, -0.616725429999974 ], [ 120.062308680000115, -0.616952079999976 ], [ 120.062417040000014, -0.617170349999981 ], [ 120.06248367, -0.61738859999997 ], [ 120.062583660000087, -0.617657219999955 ], [ 120.06269197000006, -0.617917469999952 ], [ 120.062808640000071, -0.618202879999956 ], [ 120.062891960000115, -0.618421129999945 ], [ 120.062975300000062, -0.618614219999927 ], [ 120.062958190000018, -0.619122189999928 ], [ 120.06294141, -0.61928163999994 ], [ 120.062907950000067, -0.619457869999962 ], [ 120.062878021000074, -0.619631830999936 ], [ 120.062866080000049, -0.619701239999927 ], [ 120.062749150000059, -0.619944569999973 ], [ 120.062698570000066, -0.620834169999966 ], [ 120.062665110000012, -0.621018799999945 ], [ 120.062614900000085, -0.62124536999994 ], [ 120.062564750000092, -0.621421599999962 ], [ 120.062497890000031, -0.621631369999932 ], [ 120.062491530000102, -0.621757859999946 ], [ 120.062489450000044, -0.621799229999965 ], [ 120.062488003000112, -0.621817995999947 ], [ 120.062472630000116, -0.622017429999971 ], [ 120.062380730000086, -0.622218799999928 ], [ 120.062372050000022, -0.622886659999949 ], [ 120.062338570000065, -0.623046099999954 ], [ 120.062288430000081, -0.623205539999958 ], [ 120.062254980000034, -0.623323009999979 ], [ 120.062229820000084, -0.623591569999974 ], [ 120.062171260000014, -0.623818139999969 ], [ 120.062087710000014, -0.62400273999998 ], [ 120.061954100000094, -0.624220869999931 ], [ 120.061944540000013, -0.624253019999969 ], [ 120.061908970000104, -0.624372629999925 ], [ 120.061830409000095, -0.624636790999944 ], [ 120.061812800000098, -0.624696 ], [ 120.061786900000016, -0.624783089999937 ], [ 120.061770040000056, -0.62508521999996 ], [ 120.061761910000087, -0.625166579999927 ], [ 120.06175802000007, -0.625205559999927 ], [ 120.061383760000012, -0.625889969999946 ], [ 120.06099552, -0.62658775999995 ], [ 120.060635030000071, -0.626978509999958 ], [ 120.059702290000018, -0.627797499999929 ], [ 120.059331760000077, -0.628122849999954 ], [ 120.058943500000055, -0.629099769999925 ], [ 120.058943488000068, -0.629276447999928 ], [ 120.058943450000015, -0.629825509999932 ], [ 120.059054330000095, -0.630300029999944 ], [ 120.059248370000091, -0.631109519999939 ], [ 120.059664240000075, -0.631779459999962 ], [ 120.05967298600001, -0.631814687999963 ], [ 120.059941440000102, -0.632895989999952 ], [ 120.060096790000102, -0.633311109999966 ], [ 120.060644330000059, -0.634774225999934 ], [ 120.06065245100001, -0.634771926999974 ], [ 120.060672236000073, -0.634824686999934 ], [ 120.060735360000081, -0.63491419099995 ], [ 120.060727042000053, -0.634917415999951 ], [ 120.061383070000034, -0.635882759999959 ], [ 120.062389460000077, -0.636627919999967 ], [ 120.062630610000042, -0.638925349999965 ], [ 120.06321279000008, -0.640293119999967 ], [ 120.063656360000095, -0.641353839999965 ], [ 120.064210860000117, -0.642247089999955 ], [ 120.064515840000013, -0.642554159999975 ], [ 120.064599010000052, -0.64280537999997 ], [ 120.065042610000091, -0.643447409999965 ], [ 120.065042560000052, -0.644145229999936 ], [ 120.065094210000098, -0.646491279999964 ], [ 120.065353338000023, -0.646562793999976 ], [ 120.066337560000079, -0.646834419999948 ], [ 120.066983270000037, -0.647522819999949 ], [ 120.067343680000022, -0.648164839999936 ], [ 120.067454570000109, -0.648611459999927 ], [ 120.067537730000026, -0.648946409999951 ], [ 120.06770409, -0.649030169999946 ], [ 120.06794375000004, -0.649462599999936 ], [ 120.06795094000006, -0.649487559999955 ], [ 120.068067670000119, -0.649613519999946 ], [ 120.068192730000078, -0.649815019999949 ], [ 120.068609690000017, -0.650201339999967 ], [ 120.068868270000053, -0.650369339999941 ], [ 120.06909341000005, -0.65062125999998 ], [ 120.069293550000111, -0.650856379999937 ], [ 120.069385210000064, -0.651083039999946 ], [ 120.069426560000011, -0.651704129999928 ], [ 120.0694430100001, -0.652123779999954 ], [ 120.069526680000081, -0.652774129999955 ], [ 120.069685080000113, -0.65300923999996 ], [ 120.06986022000001, -0.653160409999941 ], [ 120.070110430000113, -0.653370369999948 ], [ 120.070310630000108, -0.653496379999979 ], [ 120.070544270000028, -0.653488129999971 ], [ 120.070719500000109, -0.653446269999961 ], [ 120.070994890000065, -0.653404459999933 ], [ 120.071236850000105, -0.653446569999971 ], [ 120.071403690000011, -0.653530599999954 ], [ 120.071662270000047, -0.653690209999979 ], [ 120.071820690000095, -0.653900129999954 ], [ 120.071987400000012, -0.654152 ], [ 120.072104660000036, -0.65449848999998 ], [ 120.072096180000017, -0.654725099999951 ], [ 120.071995940000079, -0.654901289999941 ], [ 120.071887390000029, -0.655077479999932 ], [ 120.071770370000081, -0.655396339999925 ], [ 120.071653260000062, -0.655925009999976 ], [ 120.071653110000057, -0.656185189999974 ], [ 120.071753120000039, -0.656344709999928 ], [ 120.07194496000011, -0.656495899999925 ], [ 120.072296470000083, -0.656658489999927 ], [ 120.072438280000028, -0.656717319999927 ], [ 120.07259676000001, -0.656809729999964 ], [ 120.072705180000071, -0.65692729999995 ], [ 120.072796870000047, -0.657103609999979 ], [ 120.072888490000082, -0.657389019999925 ], [ 120.073030200000062, -0.657624099999964 ], [ 120.073230300000091, -0.657867609999926 ], [ 120.073280270000055, -0.658077459999959 ], [ 120.073296750000054, -0.658438369999942 ], [ 120.073338300000046, -0.658698559999948 ], [ 120.073355130000095, -0.659205319999955 ], [ 120.073246540000014, -0.659398289999956 ], [ 120.073221400000079, -0.65961649999997 ], [ 120.073254620000057, -0.659851509999953 ], [ 120.07335463000004, -0.660061399999961 ], [ 120.07342957000003, -0.660330019999947 ], [ 120.073412560000065, -0.660867139999937 ], [ 120.073495950000051, -0.660967899999946 ], [ 120.073671110000078, -0.661093899999969 ], [ 120.073829590000059, -0.661194709999961 ], [ 120.074029790000054, -0.661329119999948 ], [ 120.074171490000026, -0.66156419999993 ], [ 120.074179720000075, -0.661774029999947 ], [ 120.074163316000067, -0.661864435999973 ], [ 120.074146220000102, -0.661958649999974 ], [ 120.074045990000059, -0.662118049999947 ], [ 120.073837730000037, -0.662398809999956 ], [ 120.073879350000084, -0.662549899999931 ], [ 120.073904240000047, -0.66280170999994 ], [ 120.073895740000012, -0.66306187999993 ], [ 120.073912190000101, -0.663481529999956 ], [ 120.073978790000069, -0.663733359999981 ], [ 120.074128730000098, -0.664153089999957 ], [ 120.074237100000119, -0.664354579999952 ], [ 120.074345500000049, -0.664505729999973 ], [ 120.074620770000024, -0.664623379999966 ], [ 120.074938670000051, -0.664920909999978 ], [ 120.075038730000074, -0.665063649999979 ], [ 120.07522197000003, -0.665634469999929 ], [ 120.075255230000039, -0.665810739999927 ], [ 120.075313580000056, -0.665945059999956 ], [ 120.075455350000084, -0.66606263999995 ], [ 120.075605490000044, -0.666163449999942 ], [ 120.07576395000001, -0.666297829999962 ], [ 120.075905670000111, -0.666499339999973 ], [ 120.075963930000057, -0.666742769999928 ], [ 120.075963810000076, -0.666952599999945 ], [ 120.075896900000089, -0.66721272999996 ], [ 120.075779970000099, -0.667439269999932 ], [ 120.075329330000045, -0.668156559999943 ], [ 120.075262470000098, -0.668357949999972 ], [ 120.075237310000034, -0.668559369999969 ], [ 120.075237150000021, -0.668827939999971 ], [ 120.075270390000014, -0.669071349999967 ], [ 120.075353700000051, -0.669298009999977 ], [ 120.075762120000036, -0.670062 ], [ 120.075953930000082, -0.670213199999978 ], [ 120.076154160000101, -0.670288839999955 ], [ 120.076312680000115, -0.670322509999949 ], [ 120.07652961000008, -0.670339419999948 ], [ 120.076838310000085, -0.670389979999925 ], [ 120.077030240000113, -0.670398489999968 ], [ 120.077338940000118, -0.670449029999929 ], [ 120.07752245000006, -0.670524669999963 ], [ 120.077664270000014, -0.670625469999948 ], [ 120.077680790000045, -0.670860479999931 ], [ 120.077655640000103, -0.67108707999995 ], [ 120.077647100000036, -0.671586779999927 ], [ 120.077659618000098, -0.671632232999968 ], [ 120.077688710000075, -0.671737869999959 ], [ 120.077705270000024, -0.671972879999942 ], [ 120.077688450000096, -0.672174309999946 ], [ 120.077679970000077, -0.672400899999957 ], [ 120.0777215600001, -0.672652719999974 ], [ 120.077788160000068, -0.672896149999929 ], [ 120.0779214800001, -0.673198379999974 ], [ 120.077954780000027, -0.67334945999994 ], [ 120.07801308, -0.673517359999948 ], [ 120.078113110000118, -0.673710459999938 ], [ 120.078223065000088, -0.673832851999975 ], [ 120.07827154000006, -0.673886809999942 ], [ 120.078392530000087, -0.674081799999954 ], [ 120.078140210000015, -0.674247099999945 ], [ 120.078341250000108, -0.674467599999957 ], [ 120.078606210000089, -0.674758189999977 ], [ 120.078608770000073, -0.674776119999933 ], [ 120.07907732000001, -0.675033059999976 ], [ 120.079802820000054, -0.675380699999948 ], [ 120.080588780000085, -0.675849249999942 ], [ 120.080814337000106, -0.676126496999927 ], [ 120.081314280000015, -0.676741009999944 ], [ 120.08179795, -0.677511859999925 ], [ 120.082115360000103, -0.678282699999954 ], [ 120.082221160000017, -0.679174469999964 ], [ 120.082054900000117, -0.679945309999937 ], [ 120.082115360000103, -0.680338289999952 ], [ 120.082115360000103, -0.681124249999925 ], [ 120.082221160000017, -0.682227619999935 ], [ 120.082447880000018, -0.68283219999995 ], [ 120.082795510000096, -0.683859989999974 ], [ 120.082976890000054, -0.685099389999948 ], [ 120.083191520000014, -0.68568960999994 ], [ 120.083196788, -0.685687634999965 ], [ 120.083475670000098, -0.685583059999942 ], [ 120.084019800000078, -0.68806184999994 ], [ 120.084047870000063, -0.688178809999954 ], [ 120.08412313000008, -0.688316789999931 ], [ 120.084110480000049, -0.68840948999997 ], [ 120.084594150000044, -0.689014069999928 ], [ 120.085259190000102, -0.68960353999995 ], [ 120.086090500000068, -0.690223239999966 ], [ 120.086256760000083, -0.690676679999967 ], [ 120.086256760000083, -0.691205689999947 ], [ 120.086256760000083, -0.691734699999927 ], [ 120.086453250000091, -0.692414859999928 ], [ 120.087798450000037, -0.694470439999975 ], [ 120.088448370000037, -0.69518082999997 ], [ 120.088901810000038, -0.695634269999971 ], [ 120.090020290000098, -0.695558699999935 ], [ 120.090549310000029, -0.695452889999956 ], [ 120.091199230000029, -0.695694729999957 ], [ 120.091350380000108, -0.696072589999972 ], [ 120.091486410000016, -0.696556259999966 ], [ 120.091834050000102, -0.697206189999974 ], [ 120.092272370000046, -0.698052609999934 ], [ 120.092892070000062, -0.698868799999957 ], [ 120.093390850000105, -0.699458259999972 ], [ 120.093890219000059, -0.700528343999963 ], [ 120.093919860000028, -0.700591859999975 ], [ 120.09469071, -0.701574309999955 ], [ 120.095476670000039, -0.702133549999928 ], [ 120.096020790000011, -0.702511409999943 ], [ 120.096474230000013, -0.703252029999931 ], [ 120.09673118, -0.703161339999951 ], [ 120.097320650000029, -0.703554319999967 ], [ 120.097519640000087, -0.703721480999945 ], [ 120.097525710000014, -0.703726579999966 ], [ 120.097683400000051, -0.703859029999933 ], [ 120.097683400000051, -0.703886839999939 ], [ 120.09828798, -0.70412867999994 ], [ 120.099089060000097, -0.704567 ], [ 120.099512260000097, -0.704808829999934 ], [ 120.099661960000049, -0.704906459999961 ], [ 120.09985990000007, -0.705035549999934 ], [ 120.099871360000066, -0.705020399999967 ], [ 120.099875020000013, -0.705035549999934 ], [ 120.100948150000022, -0.705383189999964 ], [ 120.101703880000059, -0.70544364999995 ], [ 120.101722450000011, -0.705362729999933 ], [ 120.101769140000101, -0.705384869999932 ], [ 120.101769230000059, -0.705384949999939 ], [ 120.101876930000117, -0.705477139999971 ], [ 120.101887690000012, -0.705486359999952 ], [ 120.10211111000001, -0.705645259999926 ], [ 120.102336290000039, -0.705830049999975 ], [ 120.102732441000057, -0.706743232999941 ], [ 120.102886240000089, -0.707097759999954 ], [ 120.10296956000002, -0.707299239999941 ], [ 120.103213171000107, -0.707981840999935 ], [ 120.103237744000012, -0.70805069499994 ], [ 120.103411460000075, -0.708537449999938 ], [ 120.10345308, -0.708730509999953 ], [ 120.10350303000007, -0.708906799999966 ], [ 120.103603, -0.709175439999967 ], [ 120.103694640000072, -0.709427289999951 ], [ 120.103794610000023, -0.709704319999958 ], [ 120.1039112200001, -0.710023329999956 ], [ 120.104318740000053, -0.71135049999998 ], [ 120.10431957000003, -0.711353219999978 ], [ 120.104326674000049, -0.711387866999928 ], [ 120.104369480000059, -0.711596649999933 ], [ 120.104411100000107, -0.711789709999948 ], [ 120.104502720000028, -0.712007989999961 ], [ 120.104647250000085, -0.712283689999936 ], [ 120.105020190000118, -0.712866529999928 ], [ 120.105086850000021, -0.713017659999934 ], [ 120.105186860000117, -0.713235929999939 ], [ 120.105236750000017, -0.713496149999969 ], [ 120.105244920000018, -0.713773129999936 ], [ 120.10519475000001, -0.713966139999968 ], [ 120.105186280000112, -0.714150779999954 ], [ 120.105286210000031, -0.714494959999968 ], [ 120.10545293000007, -0.714721689999976 ], [ 120.105552960000068, -0.714906399999961 ], [ 120.105636270000105, -0.715116269999953 ], [ 120.105694540000059, -0.715326139999945 ], [ 120.105792447000113, -0.715629698999976 ], [ 120.105961260000072, -0.716153099999929 ], [ 120.10603621000007, -0.716379759999938 ], [ 120.106104030000097, -0.71670703999996 ], [ 120.106119390000117, -0.71680785999996 ], [ 120.106119670000112, -0.716810829999929 ], [ 120.106144270000073, -0.717076449999979 ], [ 120.106144120000067, -0.717319859999975 ], [ 120.106164646000025, -0.717402668999966 ], [ 120.10621070000002, -0.717588469999953 ], [ 120.106302370000094, -0.717781579999951 ], [ 120.106394060000071, -0.717941099999962 ], [ 120.10656065, -0.718649599999935 ], [ 120.106602260000045, -0.718800699999974 ], [ 120.106618830000116, -0.719002159999945 ], [ 120.106618730000037, -0.719153229999961 ], [ 120.106718891000014, -0.719861713999933 ], [ 120.106743330000086, -0.720034579999947 ], [ 120.106784930000117, -0.720252829999936 ], [ 120.106843210000079, -0.720445909999967 ], [ 120.10721, -0.721809589999964 ], [ 120.107243190000077, -0.722120159999974 ], [ 120.107318130000067, -0.722380399999963 ], [ 120.107368030000089, -0.722615429999962 ], [ 120.10746796, -0.722959609999975 ], [ 120.107442680000077, -0.72338764999995 ], [ 120.10741723000001, -0.723977939999941 ], [ 120.10741707000011, -0.724221339999929 ], [ 120.107358580000096, -0.724363989999972 ], [ 120.107266650000042, -0.724565359999929 ], [ 120.107266640000034, -0.72456539999996 ], [ 120.107245620000072, -0.724635719999981 ], [ 120.107191190000094, -0.724817779999967 ], [ 120.107166300000017, -0.724901019999947 ], [ 120.107141110000043, -0.72518636999996 ], [ 120.107182660000035, -0.725421399999959 ], [ 120.107208212000046, -0.725496942999939 ], [ 120.107432540000104, -0.726160159999949 ], [ 120.10754922000001, -0.726403629999936 ], [ 120.107565670000099, -0.726739369999962 ], [ 120.107557200000088, -0.726932409999961 ], [ 120.107510393000098, -0.727703770999938 ], [ 120.107506480000097, -0.72776824999994 ], [ 120.107631530000049, -0.727919399999962 ], [ 120.107756610000024, -0.728045379999969 ], [ 120.107831640000086, -0.728204889999972 ], [ 120.107823160000066, -0.728406329999927 ], [ 120.107789600000046, -0.728666489999966 ], [ 120.1077309100001, -0.72911967999994 ], [ 120.107655470000054, -0.729656789999979 ], [ 120.10767192000003, -0.730042879999928 ], [ 120.107730230000016, -0.73018559999997 ], [ 120.107922540000118, -0.731054619999952 ], [ 120.107930820000092, -0.731163729999935 ], [ 120.107964060000086, -0.73135678999995 ], [ 120.108039040000108, -0.731541489999927 ], [ 120.108139040000083, -0.731759779999948 ], [ 120.10823065000011, -0.732045199999959 ], [ 120.108338860000117, -0.732439759999977 ], [ 120.108647180000048, -0.733161769999924 ], [ 120.108772160000058, -0.733430419999934 ], [ 120.10886382000001, -0.733640309999942 ], [ 120.10923162000006, -0.734173489999932 ], [ 120.109431800000038, -0.734333079999942 ], [ 120.109682020000037, -0.734534679999967 ], [ 120.109882110000058, -0.734786609999958 ], [ 120.110007150000115, -0.735021699999947 ], [ 120.110040320000053, -0.735307079999927 ], [ 120.109981770000104, -0.73553365999993 ], [ 120.109906540000111, -0.73573504999996 ], [ 120.109781200000043, -0.735969979999936 ], [ 120.109722690000012, -0.73613778999993 ], [ 120.109940400000028, -0.73656922999993 ], [ 120.110023770000112, -0.736686789999965 ], [ 120.110222423000096, -0.737155377999954 ], [ 120.110290280000072, -0.737315439999975 ], [ 120.11225692000005, -0.739192059999937 ], [ 120.11265681000009, -0.740739089999977 ], [ 120.11265681000009, -0.740936649999981 ], [ 120.112817370000016, -0.740930989999924 ], [ 120.112950720000072, -0.741166089999979 ], [ 120.113141420000034, -0.741412169999933 ], [ 120.113143790000095, -0.741415229999973 ], [ 120.113267570000062, -0.741552379999973 ], [ 120.113836070000048, -0.742059439999935 ], [ 120.11403628000005, -0.742177079999976 ], [ 120.114353250000022, -0.742370329999972 ], [ 120.114520070000026, -0.742496339999946 ], [ 120.114777834000051, -0.742617537999934 ], [ 120.114895450000063, -0.742672839999955 ], [ 120.115262500000085, -0.742832549999946 ], [ 120.115604560000065, -0.74295866999995 ], [ 120.116113480000081, -0.74314365999993 ], [ 120.116472190000081, -0.74328657999996 ], [ 120.116897670000071, -0.743454729999939 ], [ 120.117139550000047, -0.743631129999926 ], [ 120.117707838000115, -0.744225979999953 ], [ 120.117827519000116, -0.74435125499997 ], [ 120.118249730000116, -0.744793199999947 ], [ 120.118424810000079, -0.745036719999973 ], [ 120.118574870000089, -0.745255049999969 ], [ 120.118638410000017, -0.745340359999943 ], [ 120.118668020000086, -0.745380129999944 ], [ 120.118749960000059, -0.745490169999925 ], [ 120.118958320000047, -0.745867989999965 ], [ 120.11916675000009, -0.746136719999924 ], [ 120.119425220000039, -0.746481019999976 ], [ 120.11961701000007, -0.746716149999941 ], [ 120.11985884, -0.746976489999952 ], [ 120.120786130000056, -0.74778460999994 ], [ 120.1208218700001, -0.74781575999998 ], [ 120.121068630000082, -0.748030809999932 ], [ 120.121201021000047, -0.748122041999977 ], [ 120.121227110000063, -0.748140019999937 ], [ 120.121343860000025, -0.74822402999996 ], [ 120.121544040000117, -0.748400419999939 ], [ 120.121961610000085, -0.748762419999935 ], [ 120.122203510000077, -0.748913669999979 ], [ 120.122437030000015, -0.74911525999994 ], [ 120.122612170000025, -0.749274839999941 ], [ 120.122820660000116, -0.749451239999928 ], [ 120.123079220000022, -0.749661239999966 ], [ 120.123287650000066, -0.749921559999962 ], [ 120.123973573000058, -0.750884630999963 ], [ 120.124026020000088, -0.750958269999956 ], [ 120.124058790000049, -0.751004279999961 ], [ 120.12429730000008, -0.751326669999969 ], [ 120.124464120000084, -0.751444299999946 ], [ 120.124680970000099, -0.751603909999972 ], [ 120.124831080000035, -0.751788659999931 ], [ 120.12496447, -0.751965009999935 ], [ 120.125139610000019, -0.75213298999995 ], [ 120.125222990000111, -0.752242149999972 ], [ 120.125331360000018, -0.752376519999927 ], [ 120.125398030000042, -0.752494069999955 ], [ 120.125980880000043, -0.753249589999939 ], [ 120.125981486000114, -0.753250352999942 ], [ 120.126076090000083, -0.75336944999998 ], [ 120.126183200000014, -0.753501299999925 ], [ 120.126397400000087, -0.753800939999962 ], [ 120.126647290000051, -0.754136549999942 ], [ 120.126764084000115, -0.75444870299998 ], [ 120.126920780000091, -0.754867499999932 ], [ 120.127063550000116, -0.755083229999968 ], [ 120.12721823000004, -0.755310949999966 ], [ 120.127468210000075, -0.755562699999928 ], [ 120.127678588000094, -0.755845137999927 ], [ 120.127700280000113, -0.755874259999928 ], [ 120.127745380000079, -0.755934809999928 ], [ 120.128338790000043, -0.756731479999928 ], [ 120.128410200000076, -0.756827359999932 ], [ 120.128576850000059, -0.756947279999963 ], [ 120.128838790000032, -0.757067249999977 ], [ 120.12905309000007, -0.757223139999951 ], [ 120.129231660000073, -0.757367009999939 ], [ 120.129457860000116, -0.757522899999969 ], [ 120.129624520000107, -0.757678749999968 ], [ 120.129767320000042, -0.757870529999934 ], [ 120.129874400000062, -0.758038319999969 ], [ 120.12991777000002, -0.758071077999944 ], [ 120.130064890000085, -0.758182199999965 ], [ 120.130279220000034, -0.758278189999942 ], [ 120.130588780000039, -0.758410169999934 ], [ 120.130660650000095, -0.75873200999996 ], [ 120.130884920000085, -0.758837379999932 ], [ 120.130923530000018, -0.75885551999994 ], [ 120.130958570000075, -0.758881989999963 ], [ 120.130949810000061, -0.758917269999927 ], [ 120.130993620000027, -0.758970199999965 ], [ 120.131037430000106, -0.759067229999971 ], [ 120.131089990000078, -0.759226019999971 ], [ 120.131028650000076, -0.759349509999936 ], [ 120.131076370000073, -0.759572559999924 ], [ 120.131040530000064, -0.759764209999958 ], [ 120.130861440000103, -0.760392919999958 ], [ 120.130730290000088, -0.760596489999955 ], [ 120.130670560000112, -0.760836049999966 ], [ 120.130467970000041, -0.761051559999942 ], [ 120.130348660000095, -0.761303059999932 ], [ 120.130276770000023, -0.761985859999925 ], [ 120.130312350000054, -0.762201519999962 ], [ 120.130336, -0.762453119999975 ], [ 120.130312060000051, -0.762632799999949 ], [ 120.13021660000004, -0.762896299999966 ], [ 120.130168830000116, -0.763099919999945 ], [ 120.130192390000047, -0.763483289999954 ], [ 120.130177660000072, -0.763725269999952 ], [ 120.130168320000053, -0.763878629999965 ], [ 120.130394710000019, -0.764591349999932 ], [ 120.130525660000103, -0.764687289999927 ], [ 120.13068037000005, -0.764855109999928 ], [ 120.13084699, -0.76507085999998 ], [ 120.130977900000062, -0.765238669999974 ], [ 120.131156430000033, -0.765442439999958 ], [ 120.131370640000114, -0.765718129999925 ], [ 120.131882100000098, -0.766748749999977 ], [ 120.131995338000024, -0.766935370999931 ], [ 120.132013, -0.766964479999956 ], [ 120.132096220000108, -0.767156209999939 ], [ 120.132143750000068, -0.767359899999974 ], [ 120.132143640000095, -0.767527619999953 ], [ 120.132131510000022, -0.767851079999957 ], [ 120.132178950000025, -0.768138619999945 ], [ 120.132345490000034, -0.769378679999932 ], [ 120.132333470000049, -0.76954638999996 ], [ 120.132297640000047, -0.769702109999969 ], [ 120.132261840000069, -0.769821889999946 ], [ 120.132261740000104, -0.769965649999961 ], [ 120.132261630000016, -0.77013336999994 ], [ 120.132297210000047, -0.770349029999977 ], [ 120.132273300000065, -0.770492769999976 ], [ 120.132225480000102, -0.770720359999927 ], [ 120.132201520000081, -0.770947969999952 ], [ 120.132201410000107, -0.77111567999998 ], [ 120.132296470000028, -0.771451189999937 ], [ 120.13236767, -0.771870539999952 ], [ 120.132376300000033, -0.77191849999997 ], [ 120.132372630000077, -0.771945419999952 ], [ 120.132369190000077, -0.771970649999957 ], [ 120.132369190000077, -0.772194499999955 ], [ 120.132369190000077, -0.77245032999997 ], [ 120.132369190000077, -0.772866059999956 ], [ 120.132474040000034, -0.773135359999969 ], [ 120.13248633, -0.773166289999949 ], [ 120.132504840000024, -0.773188209999944 ], [ 120.132729690000019, -0.773640969999974 ], [ 120.132743135000055, -0.773665254999969 ], [ 120.133077190000108, -0.774268669999969 ], [ 120.133220290000054, -0.774443609999935 ], [ 120.133424710000099, -0.774618549999957 ], [ 120.133946010000045, -0.774916989999952 ], [ 120.134652300000084, -0.774987709999948 ], [ 120.134974920000104, -0.774965379999969 ], [ 120.135246190000089, -0.774946599999964 ], [ 120.135253560000024, -0.774950729999944 ], [ 120.13575435000007, -0.775077049999936 ], [ 120.136335700000018, -0.775574889999973 ], [ 120.136716580000098, -0.775958349999939 ], [ 120.136910360000115, -0.77612653999995 ], [ 120.137275984000098, -0.776317413999948 ], [ 120.137289556000042, -0.776336538999942 ], [ 120.137301542000046, -0.776330755999936 ], [ 120.137305367000067, -0.77632891099995 ], [ 120.137325882000027, -0.776319012999977 ], [ 120.137935674000119, -0.776024815999961 ], [ 120.138411760000054, -0.775577066999972 ], [ 120.138921853000056, -0.774675903999935 ], [ 120.139307256000052, -0.774511539999935 ], [ 120.139142051000022, -0.774348694999958 ], [ 120.139250340000103, -0.77428853999993 ], [ 120.139315958000111, -0.773533956999927 ], [ 120.139332750000108, -0.773340859999962 ], [ 120.139497580000011, -0.772187149999979 ], [ 120.140259920000062, -0.771775109999965 ], [ 120.140857430000096, -0.771507289999931 ], [ 120.141619770000034, -0.771672099999932 ], [ 120.142217280000068, -0.772640389999935 ], [ 120.143041430000039, -0.773711689999971 ], [ 120.143493880000051, -0.774218379999979 ], [ 120.14411283000004, -0.774535759999935 ], [ 120.14534905000005, -0.775153819999957 ], [ 120.146173200000021, -0.775421639999934 ], [ 120.146750110000085, -0.776060299999926 ], [ 120.147533050000106, -0.776760769999953 ], [ 120.14754994000009, -0.77682662999996 ], [ 120.147677280000039, -0.776904979999927 ], [ 120.148068750000107, -0.777234609999937 ], [ 120.148295390000044, -0.777646649999951 ], [ 120.148583840000015, -0.777996879999932 ], [ 120.149057730000095, -0.778326509999943 ], [ 120.150087920000033, -0.778656139999953 ], [ 120.150644220000117, -0.778944569999965 ], [ 120.151427160000026, -0.779603819999977 ], [ 120.152077636000058, -0.780017717999954 ], [ 120.152107090000072, -0.780036459999963 ], [ 120.152931240000044, -0.780530909999925 ], [ 120.152622180000094, -0.780695719999926 ], [ 120.152363330000071, -0.780834379999931 ], [ 120.15242717000001, -0.780866 ], [ 120.152618140000072, -0.780765819999942 ], [ 120.153060950000054, -0.780808129999969 ], [ 120.153382390000047, -0.781047959999967 ], [ 120.153620490000094, -0.78122781999997 ], [ 120.153834790000019, -0.78137173999994 ], [ 120.154016631000104, -0.781473502999972 ], [ 120.154016930000012, -0.781473669999968 ], [ 120.154049110000074, -0.781491689999939 ], [ 120.154203900000084, -0.781599619999952 ], [ 120.154406310000013, -0.781719549999934 ], [ 120.154561060000105, -0.781827469999939 ], [ 120.154787310000074, -0.781923469999924 ], [ 120.154787750000082, -0.781923809999967 ], [ 120.15517004000003, -0.782215276999978 ], [ 120.155333050000081, -0.782339559999969 ], [ 120.155349900000033, -0.782352399999979 ], [ 120.156193240000107, -0.782995379999932 ], [ 120.156193460000054, -0.782995549999953 ], [ 120.156363910000096, -0.783147049999968 ], [ 120.156233600000064, -0.783147829999962 ], [ 120.156120240000064, -0.783525689999976 ], [ 120.156170950000046, -0.783554509999931 ], [ 120.156452760000093, -0.783714629999963 ], [ 120.156596350000086, -0.783858219999956 ], [ 120.156994073000078, -0.784069252999927 ], [ 120.157336960000066, -0.784251189999964 ], [ 120.157986890000075, -0.784598829999936 ], [ 120.158463, -0.784749979999958 ], [ 120.159067590000063, -0.784946469999966 ], [ 120.159543700000086, -0.785173189999966 ], [ 120.160163400000101, -0.785513259999959 ], [ 120.160367105000091, -0.785727690999977 ], [ 120.160594160000073, -0.78596669999996 ], [ 120.160960690000024, -0.786299219999933 ], [ 120.161001430000056, -0.786294629999929 ], [ 120.160998950000021, -0.786295689999974 ], [ 120.161100200000078, -0.786354759999938 ], [ 120.161097190000078, -0.786358259999929 ], [ 120.161097240000117, -0.786358289999953 ], [ 120.161237, -0.78643005999993 ], [ 120.161249520000069, -0.786428329999978 ], [ 120.16124711000009, -0.786432409999975 ], [ 120.161353130000066, -0.786493969999924 ], [ 120.161355430000071, -0.786503639999978 ], [ 120.161724450000065, -0.786718899999926 ], [ 120.161785500000065, -0.786705019999943 ], [ 120.161793830000079, -0.786722279999935 ], [ 120.161800020000101, -0.786718899999926 ], [ 120.162560748000033, -0.78726977599996 ], [ 120.162671450000062, -0.787349939999956 ], [ 120.162674780000089, -0.787349939999956 ], [ 120.16273633000003, -0.787401219999936 ], [ 120.162737130000096, -0.787400949999949 ], [ 120.16273749000004, -0.787401219999936 ], [ 120.162738970000078, -0.78739859999996 ], [ 120.162827810000067, -0.787429289999977 ], [ 120.163568430000055, -0.787701349999963 ], [ 120.163691530000051, -0.787475669999935 ], [ 120.163691810000046, -0.78747575999995 ], [ 120.163894730000038, -0.787625639999931 ], [ 120.164165270000012, -0.787830019999944 ], [ 120.164314080000054, -0.787939019999953 ], [ 120.164546210000026, -0.788106029999938 ], [ 120.164354390000085, -0.788185019999958 ], [ 120.164974090000101, -0.788910519999945 ], [ 120.164999160000093, -0.788891389999947 ], [ 120.165004320000094, -0.78895585999993 ], [ 120.165167390000079, -0.789033849999953 ], [ 120.165351950000058, -0.789122119999945 ], [ 120.165402967000091, -0.789152998999953 ], [ 120.165926310000032, -0.789469759999974 ], [ 120.166470430000118, -0.789908079999975 ], [ 120.16659135000009, -0.790165029999969 ], [ 120.166707160000101, -0.790248669999926 ], [ 120.166784186000086, -0.790304301999925 ], [ 120.166863410000019, -0.790361519999976 ], [ 120.166999860000033, -0.790048829999932 ], [ 120.1671425400001, -0.790218059999972 ], [ 120.167318330000057, -0.79044958999998 ], [ 120.167507620000038, -0.790694759999951 ], [ 120.167656360000024, -0.79089904999995 ], [ 120.167845740000075, -0.791062539999928 ], [ 120.168035130000021, -0.791212419999965 ], [ 120.168346260000021, -0.791457669999943 ], [ 120.168535620000057, -0.79164837999997 ], [ 120.16864376, -0.791825419999952 ], [ 120.168724800000064, -0.792056899999977 ], [ 120.169063893000043, -0.792539345999955 ], [ 120.16936988000009, -0.792974689999937 ], [ 120.169423300000062, -0.792939839999974 ], [ 120.17136736000009, -0.794655189999958 ], [ 120.172455790000072, -0.795743609999931 ], [ 120.173455220000051, -0.796743049999975 ], [ 120.173457410000083, -0.79674523999995 ], [ 120.173593550000078, -0.796881369999937 ], [ 120.17394855200007, -0.79723637799998 ], [ 120.174161340000069, -0.797449169999936 ], [ 120.174298330000056, -0.797661499999947 ], [ 120.17433711000001, -0.797721599999932 ], [ 120.17512983000006, -0.798950329999968 ], [ 120.175653340000054, -0.799761779999926 ], [ 120.176420390000089, -0.801210649999973 ], [ 120.176941400000032, -0.802336029999935 ], [ 120.176947750000068, -0.802297949999968 ], [ 120.177058850000094, -0.802533039999958 ], [ 120.177089912000042, -0.802606094999931 ], [ 120.177685470000029, -0.80400678999996 ], [ 120.177687580000111, -0.804006009999966 ], [ 120.1777951790001, -0.804262879999953 ], [ 120.177838730000076, -0.804366849999951 ], [ 120.177838590000079, -0.804366899999934 ], [ 120.1781664, -0.805137899999977 ], [ 120.17816748000007, -0.805137649999949 ], [ 120.178172320000044, -0.805151809999927 ], [ 120.178181000000109, -0.805172219999974 ], [ 120.178180580000117, -0.805172289999973 ], [ 120.178183170000011, -0.805177309999976 ], [ 120.178195820000042, -0.805201889999978 ], [ 120.178193880000094, -0.805202509999958 ], [ 120.178218745000095, -0.805260994999969 ], [ 120.178330020000089, -0.805522719999942 ], [ 120.178451650000056, -0.805781459999935 ], [ 120.178519220000112, -0.80595846999995 ], [ 120.178559690000043, -0.806162689999951 ], [ 120.178545900000017, -0.806530239999972 ], [ 120.178545850000091, -0.806530529999975 ], [ 120.178514545000098, -0.806742001999964 ], [ 120.178513750000093, -0.806747369999925 ], [ 120.178512920000117, -0.806753009999966 ], [ 120.178491490000056, -0.806897749999962 ], [ 120.1784642, -0.807210839999925 ], [ 120.178464, -0.807510319999949 ], [ 120.178466660000026, -0.807519529999979 ], [ 120.178469780000114, -0.807530329999963 ], [ 120.178480276000073, -0.807566607999945 ], [ 120.178480347000118, -0.807566854999948 ], [ 120.178558520000024, -0.807837049999932 ], [ 120.178558530000032, -0.80783710999998 ], [ 120.178693690000046, -0.808109469999977 ], [ 120.17888296000001, -0.80838185999994 ], [ 120.178914936000069, -0.808455397999978 ], [ 120.178919190000101, -0.808465179999928 ], [ 120.178920540000036, -0.808468279999943 ], [ 120.179300894000107, -0.809343000999945 ], [ 120.179350290000116, -0.809456599999976 ], [ 120.179355000000101, -0.809467419999976 ], [ 120.179518710000025, -0.809843919999935 ], [ 120.179613300000028, -0.81010262999996 ], [ 120.179687100000024, -0.810347169999943 ], [ 120.179680560000065, -0.810348159999933 ], [ 120.179689090000011, -0.810353279999958 ], [ 120.179691670000011, -0.810456289999934 ], [ 120.179607750000059, -0.810462449999932 ], [ 120.179575550000095, -0.810745889999964 ], [ 120.179575302000103, -0.810754996999947 ], [ 120.179870402, -0.810775861999957 ], [ 120.179894070000046, -0.811168068999962 ], [ 120.179929140000013, -0.811749221999946 ], [ 120.179969411000116, -0.812416570999972 ], [ 120.17962744600004, -0.812587552999958 ], [ 120.179753160000018, -0.813019349999934 ], [ 120.179804378000085, -0.813173006999932 ], [ 120.17992189000006, -0.813525549999952 ], [ 120.180170550000071, -0.813854129999925 ], [ 120.180210430000102, -0.81391575899994 ], [ 120.180266320000101, -0.814002129999949 ], [ 120.180367350000097, -0.813972589999935 ], [ 120.180422930000077, -0.813956329999939 ], [ 120.18053980000002, -0.814209559999938 ], [ 120.180638870000053, -0.814424199999962 ], [ 120.18063552000001, -0.814443479999966 ], [ 120.180640040000071, -0.81445156999996 ], [ 120.180723349000118, -0.814572794999947 ], [ 120.180761720000078, -0.814628629999959 ], [ 120.181005100000107, -0.814955519999955 ], [ 120.181234960000097, -0.815309619999937 ], [ 120.181292258000099, -0.815463633999968 ], [ 120.181356540000024, -0.815636419999976 ], [ 120.181626760000086, -0.816533319999962 ], [ 120.181627110000022, -0.816534459999957 ], [ 120.181722900000068, -0.816852394999955 ], [ 120.182004710000115, -0.817787749999979 ], [ 120.182058580000103, -0.81814173999993 ], [ 120.18222083, -0.818386889999942 ], [ 120.182290028000011, -0.818500319999941 ], [ 120.182642860000101, -0.819078689999969 ], [ 120.183006010000099, -0.81967396999994 ], [ 120.183168210000076, -0.819987199999957 ], [ 120.183303340000066, -0.820300389999943 ], [ 120.183452000000102, -0.820613599999945 ], [ 120.183614180000063, -0.820954049999955 ], [ 120.183668120000107, -0.821253579999961 ], [ 120.183600170000091, -0.821621089999951 ], [ 120.183423690000041, -0.822424129999945 ], [ 120.183423450000078, -0.822764469999925 ], [ 120.183477410000023, -0.822982309999929 ], [ 120.183562670000015, -0.823218609999969 ], [ 120.18356368000002, -0.823221409999974 ], [ 120.183896750000031, -0.824580209999965 ], [ 120.184018330000072, -0.824907009999947 ], [ 120.184041016000037, -0.824952728999961 ], [ 120.184153480000077, -0.825179369999944 ], [ 120.184597523000093, -0.826959054999975 ], [ 120.184595430000059, -0.82695978299995 ], [ 120.184566280000013, -0.827190738999946 ], [ 120.185078683000029, -0.82797764399993 ], [ 120.18508061700004, -0.827980613999955 ], [ 120.185631692000015, -0.82932156399994 ], [ 120.185645610000051, -0.829393349999975 ], [ 120.185806200000115, -0.830221653999956 ], [ 120.185805679000055, -0.83022280299997 ], [ 120.185830182000018, -0.831006553999941 ], [ 120.185919987000034, -0.831373937999956 ], [ 120.186062858000014, -0.832002571999965 ], [ 120.186226140000031, -0.832439349999959 ], [ 120.186413913000024, -0.832925112999931 ], [ 120.186579384000083, -0.833462513999962 ], [ 120.186589766000111, -0.833460453999976 ], [ 120.186570620000111, -0.833727559999943 ], [ 120.186556920000044, -0.833958979999977 ], [ 120.186651140000095, -0.834680539999965 ], [ 120.186672760000079, -0.834712209999964 ], [ 120.186685490000059, -0.83473086999993 ], [ 120.186799870000073, -0.834898459999977 ], [ 120.186908, -0.835089119999964 ], [ 120.187000875000081, -0.835329786999978 ], [ 120.18700259000002, -0.835334229999944 ], [ 120.187056480000024, -0.835647369999947 ], [ 120.187503580000111, -0.836376309999935 ], [ 120.187598260000073, -0.83644443999998 ], [ 120.187828220000029, -0.836648799999978 ], [ 120.188003980000076, -0.836921189999941 ], [ 120.188112100000012, -0.837139079999929 ], [ 120.18820659000005, -0.837479489999964 ], [ 120.188233530000048, -0.837670089999961 ], [ 120.18826768800011, -0.838027715999942 ], [ 120.188273840000079, -0.83809212999995 ], [ 120.188300780000077, -0.838282729999946 ], [ 120.188468945000068, -0.838603458999955 ], [ 120.18867922000004, -0.83900449999993 ], [ 120.188827970000034, -0.839195199999949 ], [ 120.189030880000018, -0.839358709999942 ], [ 120.189039410000078, -0.839363259999971 ], [ 120.189042990000075, -0.839365169999951 ], [ 120.189260390000072, -0.839481139999975 ], [ 120.189260870000112, -0.839481399999954 ], [ 120.189477380000085, -0.83957683999995 ], [ 120.189761550000071, -0.839645119999943 ], [ 120.189849286000026, -0.839651716999924 ], [ 120.190047890000073, -0.83966664999997 ], [ 120.19005492000008, -0.839667179999935 ], [ 120.190126990000067, -0.839672599999972 ], [ 120.19034350000004, -0.839713599999925 ], [ 120.190532850000068, -0.839917939999964 ], [ 120.190654520000066, -0.840108609999959 ], [ 120.191793220000022, -0.840261729999952 ], [ 120.191887940000015, -0.840275399999939 ], [ 120.192145070000038, -0.840343659999974 ], [ 120.192429190000098, -0.840493609999953 ], [ 120.192605050000111, -0.840643479999926 ], [ 120.192835060000107, -0.840738939999937 ], [ 120.193037990000107, -0.84087521999993 ], [ 120.193227400000069, -0.840997879999975 ], [ 120.193457380000041, -0.841134169999975 ], [ 120.193741490000093, -0.841297739999959 ], [ 120.193903790000036, -0.841474829999925 ], [ 120.19397127000002, -0.841760759999943 ], [ 120.193930470000055, -0.842019389999962 ], [ 120.193862660000036, -0.842196299999955 ], [ 120.193781370000011, -0.842332379999959 ], [ 120.193774419000079, -0.842422369999952 ], [ 120.19376770000008, -0.842509349999943 ], [ 120.193999090000034, -0.84271745999996 ], [ 120.194202070000074, -0.842812909999964 ], [ 120.194232640000109, -0.842833439999936 ], [ 120.194250540000098, -0.842845469999929 ], [ 120.194404960000043, -0.842949189999956 ], [ 120.194607860000019, -0.843139919999942 ], [ 120.194837790000065, -0.84334427999994 ], [ 120.195135420000042, -0.843535079999924 ], [ 120.195405960000016, -0.843793939999955 ], [ 120.19558169000004, -0.844107169999972 ], [ 120.195798020000097, -0.844406819999961 ], [ 120.19612268000003, -0.844665709999958 ], [ 120.19667714000002, -0.845305939999946 ], [ 120.196744590000094, -0.845632709999961 ], [ 120.19674448, -0.845634894999932 ], [ 120.196730860000116, -0.845904959999928 ], [ 120.196838900000103, -0.84621814999997 ], [ 120.196987590000049, -0.846490519999975 ], [ 120.197244650000016, -0.846667679999939 ], [ 120.197556393000013, -0.846780816999967 ], [ 120.197582910000051, -0.84679043999995 ], [ 120.19792123000002, -0.846885989999976 ], [ 120.19819179000001, -0.847063159999948 ], [ 120.198408290000089, -0.847158599999943 ], [ 120.198408690000065, -0.847158759999957 ], [ 120.199020240000095, -0.84739473999997 ], [ 120.199644720000038, -0.847615149999967 ], [ 120.200113090000059, -0.847752899999932 ], [ 120.200388590000102, -0.847808 ], [ 120.200719200000094, -0.848111059999951 ], [ 120.201022260000059, -0.848441669999943 ], [ 120.201145440000118, -0.848519469999928 ], [ 120.201371230000063, -0.848662069999932 ], [ 120.201729390000082, -0.848910029999956 ], [ 120.201986530000113, -0.849102879999975 ], [ 120.202271220000057, -0.849304919999952 ], [ 120.20248244000004, -0.849433489999967 ], [ 120.20272121000005, -0.849506959999928 ], [ 120.20297835000008, -0.849635529999944 ], [ 120.203299780000066, -0.849745729999938 ], [ 120.203547730000082, -0.849846749999926 ], [ 120.203655301000026, -0.84983479899995 ], [ 120.203878340000074, -0.84981001999995 ], [ 120.204107930000077, -0.84981001999995 ], [ 120.204218130000072, -0.849764099999959 ], [ 120.204254870000113, -0.849754909999945 ], [ 120.204309970000054, -0.849773279999965 ], [ 120.204350923000106, -0.849766052999939 ], [ 120.204466090000096, -0.849745729999938 ], [ 120.204548740000064, -0.849754909999945 ], [ 120.204640580000046, -0.849745729999938 ], [ 120.204741590000026, -0.849718179999968 ], [ 120.20476034, -0.849721059999979 ], [ 120.204860980000035, -0.849736549999932 ], [ 120.204952820000017, -0.849745729999938 ], [ 120.205081390000032, -0.849764099999959 ], [ 120.205191590000027, -0.849754909999945 ], [ 120.205274240000108, -0.849764099999959 ], [ 120.205375260000096, -0.849782459999972 ], [ 120.205540560000031, -0.84981001999995 ], [ 120.205678320000061, -0.849819199999956 ], [ 120.205797700000062, -0.849819199999956 ], [ 120.205935460000092, -0.849819199999956 ], [ 120.206045660000086, -0.849754909999945 ], [ 120.20613749000006, -0.849727359999974 ], [ 120.206266060000075, -0.849653899999964 ], [ 120.206376270000078, -0.849598789999959 ], [ 120.206440550000025, -0.849552879999976 ], [ 120.206504840000093, -0.849525329999949 ], [ 120.206559940000034, -0.849497769999971 ], [ 120.206633410000109, -0.849470219999944 ], [ 120.206688510000049, -0.849433489999967 ], [ 120.206743610000103, -0.84937838999997 ], [ 120.206817080000064, -0.84937838999997 ], [ 120.206853810000098, -0.849332469999979 ], [ 120.206900550000114, -0.849294589999943 ], [ 120.207115720000047, -0.849169079999967 ], [ 120.20725020000009, -0.849079429999961 ], [ 120.207339860000047, -0.848989769999946 ], [ 120.207339860000047, -0.848792529999969 ], [ 120.207321930000035, -0.848649089999981 ], [ 120.207312960000081, -0.848451849999947 ], [ 120.207312960000081, -0.848236679999957 ], [ 120.207420550000052, -0.848164959999963 ], [ 120.207456410000077, -0.848048409999933 ], [ 120.20756399000004, -0.84793185999996 ], [ 120.207662610000057, -0.847788409999964 ], [ 120.20778813000004, -0.847644969999976 ], [ 120.20806605000007, -0.847609109999951 ], [ 120.208442600000012, -0.847582209999928 ], [ 120.208621900000026, -0.847492559999978 ], [ 120.208855, -0.847420829999976 ], [ 120.209204650000061, -0.847295319999944 ], [ 120.209339130000103, -0.847062219999941 ], [ 120.209462410000015, -0.846864979999964 ], [ 120.209585680000032, -0.846607229999961 ], [ 120.209708950000049, -0.84653998999994 ], [ 120.209865850000028, -0.846394299999929 ], [ 120.21004516000005, -0.846248609999975 ], [ 120.210258080000017, -0.846102919999964 ], [ 120.210448600000063, -0.845957239999962 ], [ 120.210672730000056, -0.845912409999926 ], [ 120.210840830000052, -0.84585637999993 ], [ 120.21098652, -0.845811549999951 ], [ 120.211121, -0.845766719999972 ], [ 120.211277890000019, -0.845699479999951 ], [ 120.211524440000062, -0.845598619999976 ], [ 120.212062360000118, -0.844590019999941 ], [ 120.212095980000072, -0.843245209999964 ], [ 120.21198392000008, -0.842539189999968 ], [ 120.212320120000072, -0.842393509999965 ], [ 120.212566660000107, -0.842303849999951 ], [ 120.212790800000107, -0.842337469999961 ], [ 120.213115790000074, -0.842415919999951 ], [ 120.21332872000005, -0.84246074999993 ], [ 120.213552850000042, -0.842505569999958 ], [ 120.213889060000042, -0.842572809999979 ], [ 120.214068360000056, -0.842640049999943 ], [ 120.21427008, -0.842718499999933 ], [ 120.21447817, -0.842773349999959 ], [ 120.214673520000019, -0.842808149999939 ], [ 120.214796800000045, -0.84284176999995 ], [ 120.215076970000041, -0.842931429999965 ], [ 120.215599940000061, -0.843019589999926 ], [ 120.21732363000001, -0.842855429999929 ], [ 120.217788750000068, -0.842882789999976 ], [ 120.218363310000086, -0.842910149999966 ], [ 120.218910510000114, -0.843019589999926 ], [ 120.219840760000011, -0.843867759999966 ], [ 120.220141720000015, -0.844168719999971 ], [ 120.22047004, -0.844524399999955 ], [ 120.220935160000067, -0.844962159999966 ], [ 120.221495570000116, -0.845546929999955 ], [ 120.221618760000069, -0.845671659999937 ], [ 120.221841520000112, -0.845888469999977 ], [ 120.221661920000088, -0.84584848999998 ], [ 120.221747800000117, -0.846106109999937 ], [ 120.222005430000081, -0.846936249999942 ], [ 120.22254931000009, -0.848138509999956 ], [ 120.222835560000021, -0.848911399999963 ], [ 120.223379450000039, -0.849627029999965 ], [ 120.224238210000067, -0.850170909999974 ], [ 120.224896590000071, -0.850886549999927 ], [ 120.225240090000057, -0.851344549999965 ], [ 120.226241980000054, -0.852317819999939 ], [ 120.226949468000043, -0.853220472999965 ], [ 120.227072120000116, -0.853376959999935 ], [ 120.228131250000047, -0.854894099999967 ], [ 120.228675140000064, -0.855867359999934 ], [ 120.229533900000092, -0.857155499999976 ], [ 120.230077780000101, -0.858014259999948 ], [ 120.230297343000075, -0.858633029999964 ], [ 120.23039266, -0.85890164999995 ], [ 120.230807730000038, -0.860404479999943 ], [ 120.231623550000108, -0.861893 ], [ 120.231967050000094, -0.862723129999949 ], [ 120.232138810000038, -0.86313819999998 ], [ 120.232492240000056, -0.863895559999946 ], [ 120.232639750000089, -0.864211649999959 ], [ 120.232682600000089, -0.86441272999997 ], [ 120.232970040000055, -0.864311379999947 ], [ 120.23268637000001, -0.864430399999947 ], [ 120.232808380000051, -0.865002940999943 ], [ 120.23282581, -0.865084729999978 ], [ 120.233197940000082, -0.865642919999971 ], [ 120.233484200000021, -0.866057989999945 ], [ 120.23379908000004, -0.866687749999926 ], [ 120.233877220000068, -0.866915659999961 ], [ 120.233970830000089, -0.867188689999978 ], [ 120.234765180000068, -0.86883464999994 ], [ 120.235012724000057, -0.869138451999959 ], [ 120.235120210000105, -0.869192194999926 ], [ 120.235256235000065, -0.869396231999929 ], [ 120.235236678000092, -0.869411441999944 ], [ 120.235545220000063, -0.869786439999928 ], [ 120.235752760000082, -0.870058379999932 ], [ 120.236074790000089, -0.870473449999963 ], [ 120.236683080000034, -0.871174769999925 ], [ 120.237398720000101, -0.871525429999963 ], [ 120.23794260000011, -0.871625619999975 ], [ 120.238751260000072, -0.871926189999954 ], [ 120.239399742000046, -0.872325703999934 ], [ 120.239552770000046, -0.872419979999961 ], [ 120.240455820000079, -0.873006619999956 ], [ 120.240534310000044, -0.873073039999952 ], [ 120.240973600000075, -0.873472389999961 ], [ 120.240883850000046, -0.87345763999997 ], [ 120.24120589000006, -0.873815459999946 ], [ 120.24134902000003, -0.874101709999934 ], [ 120.241492140000105, -0.874481 ], [ 120.241556550000041, -0.875017729999968 ], [ 120.241592330000117, -0.875761989999944 ], [ 120.241589120000071, -0.875770359999933 ], [ 120.241545520000045, -0.875884219999932 ], [ 120.241463520000025, -0.876098329999934 ], [ 120.241291760000081, -0.876298709999958 ], [ 120.240962570000079, -0.876785339999969 ], [ 120.240762200000063, -0.877329219999979 ], [ 120.240633380000077, -0.877916039999945 ], [ 120.240490250000107, -0.878760489999934 ], [ 120.24024694000002, -0.879018119999955 ], [ 120.240060870000093, -0.879447499999969 ], [ 120.240003620000039, -0.879805319999946 ], [ 120.240576130000022, -0.879805319999946 ], [ 120.241277450000098, -0.87951905999995 ], [ 120.241678210000032, -0.879748069999948 ], [ 120.242050340000105, -0.879934129999924 ], [ 120.242078960000072, -0.880277639999974 ], [ 120.242050340000105, -0.880764269999929 ], [ 120.24192152, -0.880921709999939 ], [ 120.24182918300005, -0.881021148999935 ], [ 120.241735460000086, -0.881122079999955 ], [ 120.24147783, -0.881494209999971 ], [ 120.241470670000012, -0.882632069999943 ], [ 120.241549390000046, -0.883333389999962 ], [ 120.241684608000014, -0.883850936999977 ], [ 120.241756930000065, -0.884127749999948 ], [ 120.242050340000105, -0.884821909999971 ], [ 120.24264431000006, -0.885637729999928 ], [ 120.243059380000091, -0.885945459999959 ], [ 120.243060830000104, -0.885944809999955 ], [ 120.243068140000105, -0.885954559999959 ], [ 120.243297680000069, -0.886260619999973 ], [ 120.244255280000061, -0.887245579999956 ], [ 120.244966650000038, -0.887820139999974 ], [ 120.24595161000002, -0.888859829999944 ], [ 120.246745050000072, -0.889844789999927 ], [ 120.246909210000013, -0.890200469999968 ], [ 120.247210180000025, -0.890829759999974 ], [ 120.247553260000018, -0.89088763999996 ], [ 120.247483780000039, -0.891021279999961 ], [ 120.248085700000047, -0.891431679999926 ], [ 120.249754670000016, -0.892361919999928 ], [ 120.250657550000028, -0.892963839999936 ], [ 120.252353880000101, -0.894167689999961 ], [ 120.253666826000085, -0.895003196999937 ], [ 120.25399493000009, -0.89521198999995 ], [ 120.254031350000105, -0.895188899999937 ], [ 120.255143950000047, -0.895806939999943 ], [ 120.255110140000056, -0.895824479999931 ], [ 120.257595800000104, -0.897104819999925 ], [ 120.257574100000056, -0.897119159999932 ], [ 120.257630920000111, -0.897140809999939 ], [ 120.257683480000082, -0.89688633999998 ], [ 120.25837875000002, -0.897291457999927 ], [ 120.260759633000021, -0.898678743999938 ], [ 120.260781945000076, -0.898821537999936 ], [ 120.262105840000117, -0.899655099999961 ], [ 120.262747090000062, -0.90013603999995 ], [ 120.263174590000062, -0.900189479999938 ], [ 120.263216476000025, -0.900237809999965 ], [ 120.263869280000108, -0.900991049999959 ], [ 120.264908010000113, -0.901817329999972 ], [ 120.26741448000007, -0.904165159999934 ], [ 120.268747040000108, -0.904990079999948 ], [ 120.268873950000057, -0.905243899999959 ], [ 120.269635410000092, -0.905688089999956 ], [ 120.269920960000036, -0.905973629999949 ], [ 120.270211660000086, -0.906174119999946 ], [ 120.270841060000066, -0.906608179999978 ], [ 120.271665970000072, -0.90717927999998 ], [ 120.271992250000039, -0.907445139999936 ], [ 120.272508026000082, -0.907865395999977 ], [ 120.272510240000088, -0.907867199999941 ], [ 120.27252261000001, -0.90787727999998 ], [ 120.272705380000048, -0.908064989999957 ], [ 120.273696530000052, -0.909082929999954 ], [ 120.27393010000003, -0.909240389999979 ], [ 120.274291180000091, -0.909782019999966 ], [ 120.275631880000105, -0.911214119999954 ], [ 120.27672881, -0.912067299999933 ], [ 120.278496100000098, -0.914718219999941 ], [ 120.279257850000022, -0.915815149999958 ], [ 120.279105500000014, -0.916333149999957 ], [ 120.279775850000078, -0.918648889999929 ], [ 120.280202440000039, -0.919989589999943 ], [ 120.280814487000043, -0.921336095999948 ], [ 120.2808236300001, -0.921356209999942 ], [ 120.280894640000042, -0.921346949999929 ], [ 120.281705200000033, -0.922630329999947 ], [ 120.283011040000019, -0.923824239999931 ], [ 120.283682610000028, -0.924831599999948 ], [ 120.283869160000108, -0.928487939999968 ], [ 120.283794540000031, -0.930092249999973 ], [ 120.283160280000061, -0.93147270999998 ], [ 120.283160280000061, -0.933375499999954 ], [ 120.284316870000112, -0.935166359999926 ], [ 120.284969781000086, -0.937043475999928 ], [ 120.28546825, -0.938476569999978 ], [ 120.286118130000091, -0.939865699999928 ], [ 120.286596920000079, -0.940681119999965 ], [ 120.286683290000042, -0.94100192999997 ], [ 120.286683597000092, -0.94100214499997 ], [ 120.287141750000046, -0.941322859999957 ], [ 120.287554360000058, -0.94158264999993 ], [ 120.288104510000039, -0.941781319999961 ], [ 120.288853330000052, -0.94207167999997 ], [ 120.289052, -0.942239779999966 ], [ 120.289768340000023, -0.942522489999931 ], [ 120.29028793000009, -0.942614189999972 ], [ 120.290593570000055, -0.942782289999968 ], [ 120.290822800000115, -0.942935109999951 ], [ 120.291043100000024, -0.943141639999965 ], [ 120.291067310000017, -0.943164339999953 ], [ 120.291220130000056, -0.943240749999973 ], [ 120.291495210000107, -0.943393569999955 ], [ 120.291663310000104, -0.943531109999981 ], [ 120.291938390000041, -0.943653359999928 ], [ 120.292182900000057, -0.943806179999967 ], [ 120.292396850000046, -0.943959 ], [ 120.292580230000112, -0.944020129999956 ], [ 120.292702490000011, -0.944142389999968 ], [ 120.29287059, -0.944234079999944 ], [ 120.293222080000078, -0.94447858999996 ], [ 120.293512430000078, -0.944677259999935 ], [ 120.293741670000031, -0.944875919999959 ], [ 120.294169560000114, -0.945074589999933 ], [ 120.294414070000016, -0.945303819999936 ], [ 120.294857250000064, -0.945609459999957 ], [ 120.295055920000095, -0.945792839999967 ], [ 120.295483810000064, -0.946052639999948 ], [ 120.296064530000081, -0.94635827999997 ], [ 120.296385450000116, -0.946495819999939 ], [ 120.296629960000018, -0.946694479999962 ], [ 120.296874480000042, -0.946816739999974 ], [ 120.297210680000035, -0.946984839999971 ], [ 120.297302370000011, -0.947076529999947 ], [ 120.297520910000117, -0.947192679999944 ], [ 120.298107730000083, -0.947559439999964 ], [ 120.29859676, -0.948024019999934 ], [ 120.29889017000005, -0.948280759999932 ], [ 120.299073560000011, -0.94845190999996 ], [ 120.299281390000033, -0.948684199999946 ], [ 120.299501450000093, -0.948916489999931 ], [ 120.299697060000085, -0.949112099999979 ], [ 120.299974580000026, -0.949425069999961 ], [ 120.299964800000112, -0.949972779999939 ], [ 120.299955020000084, -0.950178169999958 ], [ 120.299974580000026, -0.950344439999981 ], [ 120.299964800000112, -0.950569389999941 ], [ 120.299935460000029, -0.950676969999961 ], [ 120.299915900000087, -0.950823679999928 ], [ 120.299896340000032, -0.950970389999952 ], [ 120.29984744, -0.951342049999937 ], [ 120.299925680000115, -0.951527879999958 ], [ 120.299984370000061, -0.951723489999949 ], [ 120.300062610000055, -0.95190931999997 ], [ 120.300111510000079, -0.952065799999957 ], [ 120.300138932000095, -0.95214120299994 ], [ 120.30018976000008, -0.952280969999947 ], [ 120.300277780000101, -0.952515709999943 ], [ 120.300414710000041, -0.952652629999932 ], [ 120.300586100000032, -0.952811399999973 ], [ 120.300800470000013, -0.953280089999964 ], [ 120.301062970000089, -0.953293529999939 ], [ 120.30136583, -0.953530369999953 ], [ 120.301417780000065, -0.953575059999935 ], [ 120.30147012000009, -0.953620099999966 ], [ 120.301515850000101, -0.953659449999975 ], [ 120.301675020000062, -0.953794009999967 ], [ 120.302109700000074, -0.953899689999957 ], [ 120.302368160000015, -0.953994909999949 ], [ 120.303157170000077, -0.954403019999972 ], [ 120.303539550000096, -0.954657099999963 ], [ 120.30407541000011, -0.954851929999961 ], [ 120.304271300000096, -0.955113119999965 ], [ 120.304695730000049, -0.955581079999945 ], [ 120.304858970000055, -0.955853149999939 ], [ 120.304871392000109, -0.95586971299997 ], [ 120.305152810000095, -0.956244939999976 ], [ 120.305305170000111, -0.956506119999972 ], [ 120.305653420000112, -0.956984969999951 ], [ 120.305860190000089, -0.957311449999963 ], [ 120.30616491, -0.957768529999953 ], [ 120.306404330000078, -0.958138549999944 ], [ 120.306660080000029, -0.958554269999979 ], [ 120.306860320000055, -0.958850279999979 ], [ 120.307260810000116, -0.959503249999955 ], [ 120.307468870000093, -0.959760579999966 ], [ 120.307591650000063, -0.959912449999933 ], [ 120.307878960000039, -0.960251989999961 ], [ 120.308123600000044, -0.961183559999938 ], [ 120.308193250000045, -0.961420369999928 ], [ 120.308402200000046, -0.962221349999936 ], [ 120.308416130000069, -0.962325819999933 ], [ 120.308450960000073, -0.962479049999956 ], [ 120.308457920000023, -0.962569599999938 ], [ 120.308484, -0.962613609999948 ], [ 120.308662430000027, -0.962637319999942 ], [ 120.308843366000019, -0.963011109999968 ], [ 120.309546680000039, -0.964464069999963 ], [ 120.309509560000038, -0.964517559999933 ], [ 120.309585520000041, -0.964625509999962 ], [ 120.309601646000033, -0.96464842599994 ], [ 120.309675200000015, -0.964752949999934 ], [ 120.309688770000093, -0.964730829999951 ], [ 120.309824870000057, -0.964892439999971 ], [ 120.30984310000008, -0.964878409999926 ], [ 120.310028290000105, -0.965090059999966 ], [ 120.310025820000078, -0.965156739999941 ], [ 120.31023054000002, -0.965325499999949 ], [ 120.310191030000055, -0.965345789999958 ], [ 120.3102782200001, -0.965427159999933 ], [ 120.31038865000005, -0.96551433999997 ], [ 120.310719940000013, -0.965851449999946 ], [ 120.310801310000102, -0.965932819999978 ], [ 120.310934990000078, -0.966054879999945 ], [ 120.311068670000054, -0.966153679999934 ], [ 120.311231410000119, -0.966281549999962 ], [ 120.311264570000048, -0.966202799999962 ], [ 120.311339210000028, -0.966232 ], [ 120.311348570000064, -0.966253969999968 ], [ 120.311458090000087, -0.966229239999961 ], [ 120.311491860000046, -0.966294379999965 ], [ 120.311537525000062, -0.966254548999927 ], [ 120.311539690000018, -0.966252659999952 ], [ 120.311693490000039, -0.966368019999948 ], [ 120.311731400000099, -0.966353479999952 ], [ 120.312028640000108, -0.966405529999975 ], [ 120.312300030000074, -0.966366509999943 ], [ 120.3126101900001, -0.966405549999934 ], [ 120.313049580000097, -0.966379539999934 ], [ 120.313747440000043, -0.966223459999981 ], [ 120.314600380000115, -0.966119419999927 ], [ 120.315349940000033, -0.96588528999996 ], [ 120.315660100000059, -0.965729199999942 ], [ 120.31591857, -0.965612129999954 ], [ 120.316073660000029, -0.965325949999965 ], [ 120.316254590000085, -0.964948709999931 ], [ 120.316629380000109, -0.964740589999963 ], [ 120.316952460000039, -0.964584489999936 ], [ 120.317249700000048, -0.964402379999967 ], [ 120.317559870000082, -0.964064169999972 ], [ 120.317908810000063, -0.963817019999965 ], [ 120.318320610000114, -0.963568749999979 ], [ 120.318274740000106, -0.963306819999957 ], [ 120.318998640000018, -0.962408169999946 ], [ 120.320576240000037, -0.960883789999968 ], [ 120.323927430000026, -0.959742559999938 ], [ 120.32392832000005, -0.959744919999935 ], [ 120.324905430000058, -0.959441679999941 ], [ 120.324905805000071, -0.959441563999974 ], [ 120.324942780000015, -0.959430089999955 ], [ 120.324947370000018, -0.959412859999929 ], [ 120.327422840000054, -0.958819649999953 ], [ 120.329599870000038, -0.95815276999997 ], [ 120.33101970000007, -0.956691889999945 ], [ 120.33250264000003, -0.955135729999938 ], [ 120.334726570000043, -0.953811559999963 ], [ 120.334726210000099, -0.953810849999968 ], [ 120.336857790000067, -0.95235619999994 ], [ 120.336857370000075, -0.952359849999937 ], [ 120.336956350000037, -0.95240291999994 ], [ 120.336972476000028, -0.952409952999972 ], [ 120.338399470000013, -0.953032269999937 ], [ 120.338583590000098, -0.953443 ], [ 120.339339320000022, -0.954047579999951 ], [ 120.340276430000017, -0.954531249999945 ], [ 120.341153080000026, -0.954894 ], [ 120.341198060000011, -0.954907229999947 ], [ 120.341217724000103, -0.954913012999953 ], [ 120.342180870000107, -0.955196289999947 ], [ 120.343390040000031, -0.955559039999969 ], [ 120.344357370000012, -0.955770649999977 ], [ 120.34478058000002, -0.955831099999955 ], [ 120.344782690000102, -0.95580044999997 ], [ 120.344947840000032, -0.955627249999964 ], [ 120.344888690000062, -0.955804699999931 ], [ 120.345041480000077, -0.955705829999943 ], [ 120.345265940000104, -0.955668179999975 ], [ 120.345440510000117, -0.955643079999959 ], [ 120.345602620000022, -0.955605429999935 ], [ 120.34600166000007, -0.955567779999967 ], [ 120.346586200000047, -0.955706866999947 ], [ 120.34668750000003, -0.955730969999934 ], [ 120.347189320000098, -0.95598149999995 ], [ 120.347189500000013, -0.955740229999947 ], [ 120.347230270000068, -0.955549649999966 ], [ 120.347311520000062, -0.955495249999956 ], [ 120.347460360000014, -0.955577059999939 ], [ 120.347717560000092, -0.955618099999924 ], [ 120.347785220000105, -0.955618149999964 ], [ 120.348028990000103, -0.955468579999945 ], [ 120.348245630000065, -0.955427909999969 ], [ 120.348516540000105, -0.955196659999956 ], [ 120.348548357000027, -0.955062747999932 ], [ 120.348584460000097, -0.954910799999936 ], [ 120.348693040000057, -0.954529659999935 ], [ 120.348909840000033, -0.95428475999995 ], [ 120.349085950000017, -0.954121509999936 ], [ 120.34937036000008, -0.953944749999948 ], [ 120.349559920000047, -0.95384957999994 ], [ 120.349654810000061, -0.953713499999935 ], [ 120.349817450000046, -0.95345494999998 ], [ 120.349993490000088, -0.953387 ], [ 120.350074690000042, -0.953400689999967 ], [ 120.350264650000099, -0.953133389999948 ], [ 120.350332500000036, -0.952942829999927 ], [ 120.350468030000116, -0.952725089999944 ], [ 120.350630590000037, -0.95258905999998 ], [ 120.350833740000098, -0.952480299999934 ], [ 120.351118070000098, -0.952398829999936 ], [ 120.35145646, -0.952412709999976 ], [ 120.351578210000071, -0.952562569999941 ], [ 120.351699820000022, -0.952848579999966 ], [ 120.351835060000099, -0.953012069999943 ], [ 120.35195689000011, -0.953012159999957 ], [ 120.35203824000007, -0.952862459999949 ], [ 120.352024840000013, -0.952685449999933 ], [ 120.351930270000025, -0.952399459999924 ], [ 120.35180863000005, -0.952167909999957 ], [ 120.351659830000017, -0.952018029999977 ], [ 120.351456910000024, -0.951827259999959 ], [ 120.351281, -0.951772659999961 ], [ 120.350915710000095, -0.951472849999959 ], [ 120.350794050000104, -0.951254909999932 ], [ 120.350712900000076, -0.951132319999942 ], [ 120.350645310000118, -0.951036949999946 ], [ 120.350604870000097, -0.950805469999978 ], [ 120.350591480000048, -0.950601239999969 ], [ 120.350537430000031, -0.950465039999926 ], [ 120.350375110000073, -0.950342379999938 ], [ 120.350199180000118, -0.950260549999939 ], [ 120.350104510000051, -0.950124329999937 ], [ 120.350131780000083, -0.949865669999951 ], [ 120.350104890000011, -0.949620569999979 ], [ 120.350023890000102, -0.949348209999926 ], [ 120.349902200000088, -0.94917111999996 ], [ 120.349929530000054, -0.948789919999967 ], [ 120.349902870000051, -0.948286139999936 ], [ 120.349862490000078, -0.947972969999967 ], [ 120.349836260000075, -0.946944889999941 ], [ 120.349863530000107, -0.946686219999947 ], [ 120.349809580000056, -0.946413879999966 ], [ 120.349674330000084, -0.946264009999936 ], [ 120.349417360000075, -0.945964279999941 ], [ 120.349349870000083, -0.945691929999953 ], [ 120.349323060000074, -0.945378759999926 ], [ 120.349417980000112, -0.94514737999998 ], [ 120.349594040000056, -0.945052199999964 ], [ 120.349688870000023, -0.944943359999968 ], [ 120.34987840000008, -0.944943499999965 ], [ 120.350094900000045, -0.945038979999936 ], [ 120.350121880000074, -0.945161539999958 ], [ 120.350216530000012, -0.945338599999957 ], [ 120.35024347, -0.945529239999928 ], [ 120.350338, -0.945815229999937 ], [ 120.350527400000033, -0.945978749999938 ], [ 120.350770940000075, -0.946128699999974 ], [ 120.351001060000044, -0.946156109999947 ], [ 120.351177090000078, -0.946060939999938 ], [ 120.351326040000117, -0.946006589999968 ], [ 120.351528980000012, -0.946170129999928 ], [ 120.351718590000019, -0.946061359999931 ], [ 120.351651490000108, -0.94584113999997 ], [ 120.351652270000045, -0.945834959999956 ], [ 120.351665110000113, -0.945732239999927 ], [ 120.351638150000099, -0.945582459999969 ], [ 120.351218470000049, -0.945636579999928 ], [ 120.351082980000115, -0.945786249999969 ], [ 120.350839310000083, -0.945772449999936 ], [ 120.350799, -0.945404809999957 ], [ 120.351002090000065, -0.945336899999973 ], [ 120.351110540000036, -0.945159979999971 ], [ 120.35120552, -0.944846909999967 ], [ 120.351286950000031, -0.944601899999952 ], [ 120.351354760000049, -0.94441132999998 ], [ 120.351422630000116, -0.944193549999966 ], [ 120.351666820000105, -0.943485749999979 ], [ 120.351694170000087, -0.943118159999926 ], [ 120.351762110000095, -0.942764229999966 ], [ 120.35188413000003, -0.942546479999976 ], [ 120.3520872900001, -0.942383249999978 ], [ 120.352425800000105, -0.94228819999995 ], [ 120.352737170000069, -0.94226120999997 ], [ 120.352746567000054, -0.942256922999945 ], [ 120.352886130000115, -0.942193249999946 ], [ 120.352953970000044, -0.942002689999924 ], [ 120.352970800000094, -0.941947809999931 ], [ 120.353008230000114, -0.941825739999956 ], [ 120.353634360000115, -0.941922319999946 ], [ 120.353864510000108, -0.941922489999968 ], [ 120.354121710000072, -0.941909069999951 ], [ 120.354460200000062, -0.941841259999933 ], [ 120.354771620000065, -0.941759809999951 ], [ 120.355042440000034, -0.941637469999932 ], [ 120.355367370000067, -0.941596879999963 ], [ 120.355556810000053, -0.941665089999958 ], [ 120.355678580000017, -0.941787719999979 ], [ 120.355840930000113, -0.941910379999968 ], [ 120.35605750000002, -0.941924169999936 ], [ 120.356355220000069, -0.942046919999939 ], [ 120.356531170000039, -0.942101519999937 ], [ 120.356856070000049, -0.942088149999961 ], [ 120.357086090000053, -0.942210859999932 ], [ 120.35723479, -0.942483289999927 ], [ 120.357369980000044, -0.94276930999996 ], [ 120.357559280000032, -0.943028129999959 ], [ 120.357775860000061, -0.943069139999977 ], [ 120.357849360000046, -0.943077419999952 ], [ 120.358019490000061, -0.943096569999966 ], [ 120.358303710000087, -0.943164859999968 ], [ 120.358377140000016, -0.943115709999972 ], [ 120.358466240000098, -0.943056059999947 ], [ 120.358452920000104, -0.942770129999928 ], [ 120.358344710000097, -0.942661119999968 ], [ 120.358250000000112, -0.942620209999973 ], [ 120.358060530000103, -0.942538369999966 ], [ 120.357965870000044, -0.942429379999965 ], [ 120.357830580000041, -0.942279509999935 ], [ 120.357763120000072, -0.942007149999938 ], [ 120.357952850000061, -0.941735 ], [ 120.358496160000072, -0.941634119999947 ], [ 120.35869928000011, -0.941566189999946 ], [ 120.358983590000093, -0.941511959999957 ], [ 120.359308520000013, -0.94147135999998 ], [ 120.359552180000037, -0.94147154999996 ], [ 120.35986356, -0.941430939999975 ], [ 120.360147880000113, -0.94137668999997 ], [ 120.360445760000061, -0.94129522999998 ], [ 120.360716560000014, -0.941200119999962 ], [ 120.360919720000084, -0.941077739999969 ], [ 120.361163560000023, -0.940832849999936 ], [ 120.361339690000023, -0.940642379999929 ], [ 120.361529410000117, -0.940397449999978 ], [ 120.361719130000097, -0.940138899999965 ], [ 120.361868270000059, -0.939825869999936 ], [ 120.361990370000058, -0.939471969999943 ], [ 120.362085340000021, -0.939172499999927 ], [ 120.362275170000089, -0.938764189999972 ], [ 120.362424530000112, -0.938165239999933 ], [ 120.362424670000109, -0.937974619999977 ], [ 120.362546710000061, -0.937688789999925 ], [ 120.362858370000026, -0.937294189999932 ], [ 120.363481420000085, -0.936831749999953 ], [ 120.363833680000084, -0.936464409999928 ], [ 120.364077530000031, -0.936192279999943 ], [ 120.364199520000057, -0.935974539999961 ], [ 120.364362140000026, -0.935756819999938 ], [ 120.364551780000056, -0.935607189999928 ], [ 120.364947880000045, -0.935674819999974 ], [ 120.365232150000111, -0.935688659999926 ], [ 120.365516400000047, -0.935729719999927 ], [ 120.365746480000098, -0.935770739999953 ], [ 120.365976620000083, -0.935784529999978 ], [ 120.36624740000002, -0.935730269999965 ], [ 120.366518200000087, -0.935635169999955 ], [ 120.366816120000067, -0.935499249999964 ], [ 120.367154560000017, -0.935499499999935 ], [ 120.367452340000114, -0.93555417999994 ], [ 120.367514230000097, -0.93564146999995 ], [ 120.367587560000061, -0.935744909999926 ], [ 120.367790510000077, -0.935908439999935 ], [ 120.367885130000104, -0.936071899999945 ], [ 120.367830870000034, -0.93624884999997 ], [ 120.367736050000076, -0.936303239999972 ], [ 120.367573600000014, -0.936303119999934 ], [ 120.367275780000114, -0.936316509999926 ], [ 120.367059150000046, -0.936384419999968 ], [ 120.36681542000008, -0.93643869999994 ], [ 120.366828860000055, -0.936574849999943 ], [ 120.366991310000117, -0.936574979999932 ], [ 120.367221450000102, -0.936588769999958 ], [ 120.36743802, -0.936588939999979 ], [ 120.367454440000074, -0.93658991999996 ], [ 120.367668160000107, -0.936602729999947 ], [ 120.367844080000054, -0.936698159999935 ], [ 120.36788660000002, -0.936748779999959 ], [ 120.367992860000072, -0.936875269999973 ], [ 120.368195770000057, -0.937038809999933 ], [ 120.368344620000016, -0.937120619999973 ], [ 120.368534160000081, -0.937107139999966 ], [ 120.368696650000061, -0.937052799999947 ], [ 120.368859170000064, -0.93695761999993 ], [ 120.369035280000048, -0.936794369999973 ], [ 120.369157220000034, -0.936644699999931 ], [ 120.369346810000025, -0.936563149999927 ], [ 120.36956333, -0.936631389999945 ], [ 120.36973923000005, -0.936754059999942 ], [ 120.369847470000082, -0.936822209999946 ], [ 120.369973630000118, -0.93655739999997 ], [ 120.369988440000043, -0.936526319999928 ], [ 120.369996610000044, -0.936509179999973 ], [ 120.369901910000067, -0.936441029999969 ], [ 120.369780170000013, -0.936332009999944 ], [ 120.369644890000018, -0.936209369999972 ], [ 120.369523150000077, -0.936086739999951 ], [ 120.369347240000025, -0.935977689999959 ], [ 120.369103570000107, -0.935950279999929 ], [ 120.368859860000043, -0.936031789999959 ], [ 120.368697330000032, -0.936140579999972 ], [ 120.368602590000023, -0.936126889999969 ], [ 120.368535080000015, -0.935868159999927 ], [ 120.368548790000091, -0.935636699999975 ], [ 120.368616730000099, -0.935323609999955 ], [ 120.368644110000105, -0.934874319999949 ], [ 120.368617290000088, -0.934574759999975 ], [ 120.368726830000014, -0.933601219999957 ], [ 120.368916590000026, -0.933288209999944 ], [ 120.369187460000035, -0.933111419999932 ], [ 120.369498950000093, -0.932934649999936 ], [ 120.369769790000078, -0.932839549999926 ], [ 120.370040650000078, -0.932676369999967 ], [ 120.370243770000116, -0.93256759999997 ], [ 120.37046048000002, -0.932431609999981 ], [ 120.370623, -0.932336429999964 ], [ 120.370528670000112, -0.931764509999937 ], [ 120.370460930000036, -0.931818929999963 ], [ 120.370379620000108, -0.931914159999963 ], [ 120.370190060000027, -0.931995709999967 ], [ 120.370068200000105, -0.932036469999957 ], [ 120.369905740000036, -0.932063579999976 ], [ 120.369797470000094, -0.931981809999968 ], [ 120.369743510000035, -0.93176391999998 ], [ 120.369757280000044, -0.931450779999977 ], [ 120.369771080000078, -0.931096799999978 ], [ 120.36982574000001, -0.930388839999978 ], [ 120.369920710000088, -0.930130219999967 ], [ 120.370096800000056, -0.929953359999956 ], [ 120.370300010000051, -0.929762889999949 ], [ 120.370516790000011, -0.929531599999962 ], [ 120.370638820000067, -0.92925938999997 ], [ 120.370625440000026, -0.929041529999949 ], [ 120.370858000000112, -0.928616919999968 ], [ 120.371074670000098, -0.928535389999979 ], [ 120.371318460000111, -0.928344959999947 ], [ 120.371467530000018, -0.928127219999965 ], [ 120.371576010000013, -0.92786861999997 ], [ 120.371846900000037, -0.927705439999954 ], [ 120.372117680000088, -0.927651179999941 ], [ 120.372429040000043, -0.927651409999953 ], [ 120.37260498, -0.927719619999948 ], [ 120.37271318, -0.927828629999965 ], [ 120.372875570000019, -0.927910439999948 ], [ 120.373119190000011, -0.927965079999979 ], [ 120.373376350000058, -0.92801972999996 ], [ 120.373728240000105, -0.928128909999941 ], [ 120.374053080000067, -0.928210849999971 ], [ 120.374377940000045, -0.928265559999943 ], [ 120.374689240000066, -0.928347479999957 ], [ 120.375014090000036, -0.928415799999925 ], [ 120.375365950000059, -0.928524989999971 ], [ 120.375772050000023, -0.928579749999926 ], [ 120.376083380000068, -0.928620829999943 ], [ 120.377548520000119, -0.928716279999946 ], [ 120.377738080000086, -0.928675579999947 ], [ 120.377995310000074, -0.928621299999975 ], [ 120.37822553, -0.928539779999937 ], [ 120.378469260000088, -0.928431049999972 ], [ 120.378767110000013, -0.928390419999971 ], [ 120.379010780000044, -0.928417829999944 ], [ 120.379295020000086, -0.928472509999949 ], [ 120.379525120000039, -0.928499909999971 ], [ 120.379863570000111, -0.928486549999946 ], [ 120.380269680000083, -0.928486859999964 ], [ 120.380499820000068, -0.928500639999925 ], [ 120.380878850000045, -0.928500919999976 ], [ 120.381163180000044, -0.928433059999975 ], [ 120.381393390000085, -0.928351539999937 ], [ 120.381677730000092, -0.928270059999932 ], [ 120.382016220000082, -0.928202239999962 ], [ 120.382327620000069, -0.928148 ], [ 120.382666110000059, -0.928080179999938 ], [ 120.383167, -0.92803970999995 ], [ 120.383451300000047, -0.928012679999938 ], [ 120.384266600000046, -0.927794319999975 ], [ 120.384577990000025, -0.92776731999993 ], [ 120.384862350000049, -0.927645 ], [ 120.385146690000056, -0.927577129999975 ], [ 120.385512240000025, -0.927482099999963 ], [ 120.385823670000036, -0.927387029999977 ], [ 120.386175760000015, -0.927251129999945 ], [ 120.386356858000113, -0.927203343999963 ], [ 120.386356971000055, -0.927203702999975 ], [ 120.386393244000033, -0.927192919999925 ], [ 120.386632072000111, -0.927113310999971 ], [ 120.387128835000112, -0.927075097999932 ], [ 120.387854873000038, -0.926973197999928 ], [ 120.388300686000093, -0.926858559999971 ], [ 120.388440798000033, -0.926642022999943 ], [ 120.388899349000098, -0.92636179699997 ], [ 120.389816449000023, -0.926068834999967 ], [ 120.390052093, -0.925629390999973 ], [ 120.390892769000061, -0.924839664999979 ], [ 120.391822607000108, -0.924967039999956 ], [ 120.392306633000089, -0.925400114999945 ], [ 120.392739708000022, -0.925705815999947 ], [ 120.393185521000078, -0.925476540999966 ], [ 120.393949771000052, -0.924725026999965 ], [ 120.395032460000039, -0.924839664999979 ], [ 120.395834923000052, -0.925272739999969 ], [ 120.396293473000014, -0.924775976999967 ], [ 120.39672654900005, -0.924291951999976 ], [ 120.397376162000114, -0.924049938999929 ], [ 120.397618174000058, -0.924572176999959 ], [ 120.398140650000073, -0.925106526999969 ], [ 120.399265617000083, -0.925593839999976 ], [ 120.401029762, -0.92577853399996 ], [ 120.402157032000105, -0.925574733999952 ], [ 120.402621951000015, -0.925619314999949 ], [ 120.403726930000062, -0.925291323999943 ], [ 120.404096318000029, -0.925074785999925 ], [ 120.405229956000085, -0.923801035999929 ], [ 120.405624819000082, -0.92339343499998 ], [ 120.406210744000077, -0.923176897999952 ], [ 120.407267958000034, -0.92338069799996 ], [ 120.408095896000077, -0.923597234999932 ], [ 120.408541709000019, -0.923902935999934 ], [ 120.40903847200002, -0.924087628999928 ], [ 120.409417412000039, -0.92416086999998 ], [ 120.409789985000089, -0.92425640099998 ], [ 120.41058926300002, -0.924253216999944 ], [ 120.410958651000101, -0.924262769999928 ], [ 120.411490442000058, -0.924259585999948 ], [ 120.411732455000106, -0.924447463999968 ], [ 120.412120949000041, -0.924855063999928 ], [ 120.412687768000069, -0.925402776999931 ], [ 120.413413806000108, -0.925988702999973 ], [ 120.414108, -0.92646635899996 ], [ 120.414923201000079, -0.926912171999959 ], [ 120.415954939000017, -0.927765584999975 ], [ 120.416999415000078, -0.928529835999939 ], [ 120.41785814800005, -0.928940533999935 ], [ 120.417860068000095, -0.928939948999925 ], [ 120.419796169000051, -0.929908 ], [ 120.420585895000045, -0.930723199999932 ], [ 120.421655846000021, -0.93186957599994 ], [ 120.422623897000108, -0.933474502999957 ], [ 120.423012391000043, -0.934181433999925 ], [ 120.423662004000107, -0.934996634999948 ], [ 120.424247929000103, -0.935824572999934 ], [ 120.424999442000058, -0.936385023999946 ], [ 120.425687268000047, -0.937302123999928 ], [ 120.426209506000077, -0.937760674999936 ], [ 120.426331566000044, -0.937842966999938 ], [ 120.426333403000058, -0.937841636999963 ], [ 120.426651750000019, -0.938241209999944 ], [ 120.426800520000029, -0.938445559999934 ], [ 120.42697639000005, -0.938622699999939 ], [ 120.427098120000096, -0.938758949999965 ], [ 120.42728757000009, -0.938881629999969 ], [ 120.427626, -0.93890910999994 ], [ 120.427923790000023, -0.93897740999995 ], [ 120.428235010000094, -0.939181879999978 ], [ 120.428546230000052, -0.93938634999995 ], [ 120.428604840000048, -0.939393329999973 ], [ 120.428776340000013, -0.939413759999979 ], [ 120.429128350000042, -0.93938677999995 ], [ 120.429426180000064, -0.939400619999958 ], [ 120.429669720000106, -0.939564189999942 ], [ 120.429764320000118, -0.939822969999966 ], [ 120.429858850000073, -0.940136199999927 ], [ 120.430022490000056, -0.940645849999953 ], [ 120.430089960000032, -0.940972679999959 ], [ 120.430143970000017, -0.941136109999945 ], [ 120.430319820000022, -0.941340479999951 ], [ 120.430604020000033, -0.941463239999962 ], [ 120.430698680000091, -0.941640319999976 ], [ 120.430685020000055, -0.941790079999976 ], [ 120.430756980000069, -0.941986989999975 ], [ 120.430779590000043, -0.942048859999943 ], [ 120.430887740000117, -0.942294009999955 ], [ 120.430711620000011, -0.942457269999977 ], [ 120.430603200000064, -0.942579729999977 ], [ 120.430643600000053, -0.942879319999975 ], [ 120.43073830000003, -0.943226269999968 ], [ 120.4309005, -0.943580399999973 ], [ 120.431008690000112, -0.943757489999939 ], [ 120.431062620000034, -0.94404346999994 ], [ 120.43099466000001, -0.944424669999933 ], [ 120.4310216, -0.944628919999957 ], [ 120.431141830000115, -0.946807559999968 ], [ 120.431195860000116, -0.946943759999954 ], [ 120.431344660000036, -0.947093649999942 ], [ 120.431439390000037, -0.947175409999943 ], [ 120.431425510000054, -0.947685659999934 ], [ 120.431384770000022, -0.947889869999926 ], [ 120.431371090000084, -0.948066859999926 ], [ 120.431370920000063, -0.948298339999951 ], [ 120.431384230000049, -0.948611509999978 ], [ 120.431438160000084, -0.948883859999967 ], [ 120.4315056800001, -0.949142619999975 ], [ 120.43161375000011, -0.949442259999955 ], [ 120.43166765, -0.949796309999954 ], [ 120.431694510000057, -0.950095879999935 ], [ 120.43173476000004, -0.950558849999936 ], [ 120.431734540000093, -0.950858409999967 ], [ 120.431801850000056, -0.951389479999932 ], [ 120.432219530000111, -0.953192419999937 ], [ 120.432598220000045, -0.954827079999973 ], [ 120.432706310000071, -0.955099479999944 ], [ 120.432746800000018, -0.955276519999927 ], [ 120.43281429000001, -0.955562499999928 ], [ 120.432800540000017, -0.955848429999946 ], [ 120.432773280000106, -0.956093489999944 ], [ 120.432705390000024, -0.956338529999925 ], [ 120.43259674, -0.956815 ], [ 120.432595910000032, -0.957931519999931 ], [ 120.432636350000053, -0.958176629999969 ], [ 120.432676770000057, -0.958448979999957 ], [ 120.432703540000034, -0.958816629999944 ], [ 120.432703290000063, -0.95915703999998 ], [ 120.432919380000044, -0.960049369999979 ], [ 120.432986840000012, -0.96033534999998 ], [ 120.433081410000113, -0.960621359999948 ], [ 120.433175930000061, -0.960934589999965 ], [ 120.433256890000052, -0.961315909999939 ], [ 120.43327669100006, -0.961389159999953 ], [ 120.433337880000067, -0.961615509999945 ], [ 120.43348656, -0.961928799999953 ], [ 120.433621690000109, -0.962255669999934 ], [ 120.433716270000104, -0.962541679999958 ], [ 120.433864940000035, -0.962868579999963 ], [ 120.434365120000052, -0.963808459999939 ], [ 120.434486770000035, -0.964053639999975 ], [ 120.434581360000038, -0.964326039999946 ], [ 120.434689440000056, -0.964612059999979 ], [ 120.434851740000113, -0.964816419999977 ], [ 120.434996340000112, -0.965000159999931 ], [ 120.435705140000096, -0.965900809999937 ], [ 120.435826880000036, -0.96603706999997 ], [ 120.436016330000029, -0.966159759999925 ], [ 120.436246360000041, -0.96629607999995 ], [ 120.436544140000024, -0.966364399999975 ], [ 120.436706560000061, -0.966418979999958 ], [ 120.436868970000091, -0.966487189999953 ], [ 120.436952070000075, -0.966543 ], [ 120.43703134000009, -0.966596239999944 ], [ 120.437220750000051, -0.966773389999958 ], [ 120.437288380000041, -0.966868749999946 ], [ 120.437261220000096, -0.966977659999941 ], [ 120.437125730000048, -0.967127329999926 ], [ 120.436936100000025, -0.967249729999935 ], [ 120.43693595000002, -0.967440349999947 ], [ 120.436970990000077, -0.967456649999974 ], [ 120.437111890000097, -0.967522179999946 ], [ 120.437281340000027, -0.967497969999954 ], [ 120.43730142000004, -0.967495099999951 ], [ 120.437504590000117, -0.967386329999954 ], [ 120.43761290000009, -0.967359169999952 ], [ 120.437775380000062, -0.967332069999941 ], [ 120.437951370000064, -0.967345819999935 ], [ 120.438195060000112, -0.967373239999972 ], [ 120.438357420000102, -0.967455049999955 ], [ 120.438435229000106, -0.967564760999949 ], [ 120.438492690000089, -0.967645779999941 ], [ 120.438682010000093, -0.96789100999996 ], [ 120.438857830000075, -0.968136229999971 ], [ 120.439020150000033, -0.96832698999998 ], [ 120.439182520000031, -0.968436039999972 ], [ 120.439385570000013, -0.968477039999925 ], [ 120.439466810000113, -0.968449859999964 ], [ 120.43961580000007, -0.96835466999994 ], [ 120.43969698, -0.96843642999994 ], [ 120.439723990000061, -0.968490899999949 ], [ 120.439723880000088, -0.968640689999972 ], [ 120.439723790000016, -0.968763229999979 ], [ 120.439764320000108, -0.968885809999961 ], [ 120.439831960000106, -0.968967559999953 ], [ 120.43985895000003, -0.969090119999976 ], [ 120.439899430000082, -0.96923991999995 ], [ 120.44000768, -0.969348929999967 ], [ 120.440115970000079, -0.969349009999974 ], [ 120.440197200000057, -0.969321849999972 ], [ 120.440214410000067, -0.969306069999959 ], [ 120.440403290000063, -0.969132869999953 ], [ 120.440619930000025, -0.969105799999966 ], [ 120.440782370000079, -0.969133149999948 ], [ 120.440836460000014, -0.96918766999994 ], [ 120.440944660000014, -0.969364759999962 ], [ 120.441107100000067, -0.969392109999944 ], [ 120.441242510000052, -0.96935136999997 ], [ 120.441377960000068, -0.969256149999978 ], [ 120.441716380000116, -0.969256409999957 ], [ 120.441960090000066, -0.969256599999937 ], [ 120.44227143, -0.969311299999958 ], [ 120.44244728000001, -0.969515679999972 ], [ 120.442717490000064, -0.970237529999963 ], [ 120.442893440000034, -0.970305739999958 ], [ 120.443069390000119, -0.970373959999961 ], [ 120.44315688000006, -0.970484119999981 ], [ 120.443157680000013, -0.970486019999953 ], [ 120.44315868000001, -0.97048639999997 ], [ 120.443177580000111, -0.970510199999978 ], [ 120.443204510000101, -0.970714459999954 ], [ 120.443190760000107, -0.970986779999976 ], [ 120.44314987000007, -0.97135437999998 ], [ 120.44312256, -0.97165390999993 ], [ 120.443203610000069, -0.971912679999946 ], [ 120.443352440000012, -0.972035339999934 ], [ 120.443555320000087, -0.97225334999996 ], [ 120.443566330000067, -0.972291569999925 ], [ 120.443877830000019, -0.972790069999974 ], [ 120.443881580000038, -0.972790609999947 ], [ 120.443976090000092, -0.972858609999946 ], [ 120.444093560000056, -0.972931439999968 ], [ 120.444145050000088, -0.972966139999926 ], [ 120.444244560000016, -0.973142539999969 ], [ 120.444260150000105, -0.973172 ], [ 120.444263070000034, -0.973175359999971 ], [ 120.444269390000045, -0.973186559999931 ], [ 120.444354170000111, -0.973282649999931 ], [ 120.444580250000058, -0.973299599999962 ], [ 120.444800670000063, -0.973265689999948 ], [ 120.444883400000094, -0.973255349999931 ], [ 120.445031750000112, -0.973267899999939 ], [ 120.44510829, -0.973357839999949 ], [ 120.445190650000086, -0.97345785999994 ], [ 120.445218780000118, -0.973711 ], [ 120.445193700000118, -0.973948829999927 ], [ 120.445274740000059, -0.974180359999934 ], [ 120.445437020000099, -0.974425569999937 ], [ 120.445457060000081, -0.974435669999934 ], [ 120.445457610000062, -0.974436469999944 ], [ 120.445479570000089, -0.974447009999949 ], [ 120.44559942, -0.974507389999928 ], [ 120.445603110000093, -0.97450632999994 ], [ 120.445608900000025, -0.974509109999929 ], [ 120.445688650000079, -0.974481829999945 ], [ 120.445789000000104, -0.974453079999932 ], [ 120.445817120000015, -0.974437879999925 ], [ 120.445823670000095, -0.974435639999967 ], [ 120.445845520000034, -0.974422519999962 ], [ 120.445965070000057, -0.974357899999973 ], [ 120.446208710000064, -0.974412549999954 ], [ 120.446398170000066, -0.974521619999962 ], [ 120.446618690000037, -0.974743729999943 ], [ 120.446626240000114, -0.974752149999972 ], [ 120.446635900000047, -0.974802869999962 ], [ 120.446668550000027, -0.975012009999944 ], [ 120.446736010000109, -0.975338849999957 ], [ 120.446738200000027, -0.975339949999977 ], [ 120.446739280000088, -0.975345599999969 ], [ 120.446825220000051, -0.975383799999975 ], [ 120.446898410000017, -0.975420669999949 ], [ 120.447128550000116, -0.97542083999997 ], [ 120.447345170000062, -0.975421009999934 ], [ 120.447816200000034, -0.975550969999972 ], [ 120.447897960000091, -0.975594009999952 ], [ 120.447937870000032, -0.975615449999964 ], [ 120.448026340000069, -0.97566336999995 ], [ 120.448171500000058, -0.975756429999933 ], [ 120.44825921000006, -0.975854609999942 ], [ 120.448293230000104, -0.97589757999998 ], [ 120.448293180000064, -0.975961989999973 ], [ 120.448276950000036, -0.976115059999927 ], [ 120.448252310000044, -0.976287519999971 ], [ 120.44841018000011, -0.976348729999927 ], [ 120.448440510000069, -0.976362939999945 ], [ 120.448519300000044, -0.976384429999939 ], [ 120.448592720000079, -0.976407569999935 ], [ 120.4486383200001, -0.97642510999998 ], [ 120.448800410000104, -0.976520459999961 ], [ 120.448820720000072, -0.976533049999944 ], [ 120.448915420000048, -0.976655669999957 ], [ 120.448940420000099, -0.976684729999931 ], [ 120.448966140000039, -0.976719009999954 ], [ 120.449021900000048, -0.976779419999957 ], [ 120.449091270000054, -0.976860039999963 ], [ 120.44909967000001, -0.976863669999943 ], [ 120.449101780000092, -0.976865959999941 ], [ 120.449129510000034, -0.976876559999937 ], [ 120.449280710000039, -0.976941889999978 ], [ 120.44947688000002, -0.977151809999953 ], [ 120.449506850000034, -0.97719890999997 ], [ 120.44956470000011, -0.977350589999958 ], [ 120.449727, -0.97756856999996 ], [ 120.449835930000063, -0.977728939999963 ], [ 120.449861970000029, -0.977772049999942 ], [ 120.449899930000015, -0.977823169999965 ], [ 120.449900010000079, -0.977823289999947 ], [ 120.449900540000044, -0.97782406999994 ], [ 120.449905410000042, -0.977867119999928 ], [ 120.449916200000075, -0.978031659999942 ], [ 120.450010820000102, -0.978208749999965 ], [ 120.450227370000107, -0.978304229999935 ], [ 120.45042172, -0.978446609999935 ], [ 120.450533480000104, -0.978536879999979 ], [ 120.450619680000045, -0.97868576999997 ], [ 120.450605980000091, -0.978944469999931 ], [ 120.450673540000025, -0.979094299999929 ], [ 120.450674840000033, -0.979094879999934 ], [ 120.450678670000116, -0.979104119999931 ], [ 120.45082603000003, -0.97916153999995 ], [ 120.45089009000003, -0.979189779999956 ], [ 120.451106620000019, -0.979271639999979 ], [ 120.451317060000065, -0.97947137999995 ], [ 120.451322990000108, -0.97947714999998 ], [ 120.451475590000086, -0.979624099999967 ], [ 120.451809050000065, -0.979946259999963 ], [ 120.45195818000002, -0.980248449999976 ], [ 120.451999330000035, -0.980348 ], [ 120.452012580000087, -0.980358679999938 ], [ 120.452023820000022, -0.980381459999933 ], [ 120.452063120000048, -0.980399399999953 ], [ 120.452066990000048, -0.980402519999927 ], [ 120.45227001, -0.980497989999947 ], [ 120.452432340000087, -0.980661509999948 ], [ 120.452702850000037, -0.981002109999963 ], [ 120.453233130000058, -0.981240569999954 ], [ 120.453476370000089, -0.981353589999969 ], [ 120.453584530000057, -0.981367109999951 ], [ 120.453607050000073, -0.981370899999945 ], [ 120.453696630000081, -0.981416059999958 ], [ 120.453943040000013, -0.981529049999949 ], [ 120.454234110000016, -0.981845009999972 ], [ 120.454413180000074, -0.982160879999981 ], [ 120.454457760000082, -0.982454149999967 ], [ 120.454524810000066, -0.982702269999947 ], [ 120.45471719000011, -0.982924829999945 ], [ 120.454885300000115, -0.983123499999977 ], [ 120.455064390000075, -0.983364199999926 ], [ 120.455131420000043, -0.983567229999949 ], [ 120.455108630000041, -0.984108469999967 ], [ 120.455099310000037, -0.984133429999929 ], [ 120.45504126000003, -0.984288849999928 ], [ 120.45501868000008, -0.984491849999927 ], [ 120.455153040000027, -0.984627259999968 ], [ 120.455309830000033, -0.984695049999971 ], [ 120.455340570000089, -0.984695079999938 ], [ 120.455352800000014, -0.984699519999936 ], [ 120.455489700000044, -0.984695249999959 ], [ 120.45573558000001, -0.984717929999931 ], [ 120.455855540000016, -0.984818679999933 ], [ 120.45587278000005, -0.98483516999994 ], [ 120.455980170000089, -0.984999079999966 ], [ 120.455997190000062, -0.985044409999944 ], [ 120.45620534000011, -0.985800839999968 ], [ 120.456286270000078, -0.986045789999935 ], [ 120.456375800000046, -0.986344229999929 ], [ 120.456449280000015, -0.98663812999996 ], [ 120.456946650000077, -0.987095939999961 ], [ 120.456955920000041, -0.987100029999965 ], [ 120.456966260000058, -0.987109549999957 ], [ 120.457064460000083, -0.987152 ], [ 120.457122072000061, -0.987176905999945 ], [ 120.457279890000109, -0.987245129999963 ], [ 120.457615870000041, -0.98742582999995 ], [ 120.45797411, -0.987809509999977 ], [ 120.458353670000065, -0.987967119999951 ], [ 120.458806130000085, -0.988231969999958 ], [ 120.458915580000053, -0.988294349999933 ], [ 120.459318100000019, -0.988532239999927 ], [ 120.45946248000007, -0.988657019999948 ], [ 120.459473050000042, -0.988667169999928 ], [ 120.459614350000038, -0.988859339999976 ], [ 120.459767450000072, -0.989007799999968 ], [ 120.459788300000014, -0.989028809999979 ], [ 120.459855580000067, -0.989194679999969 ], [ 120.459896950000029, -0.989311489999977 ], [ 120.460030130000064, -0.989625019999949 ], [ 120.46016434, -0.989955899999927 ], [ 120.46023084, -0.990202049999937 ], [ 120.460264020000068, -0.990425849999951 ], [ 120.460312700000031, -0.990753939999934 ], [ 120.460319460000051, -0.990799529999947 ], [ 120.460252590000096, -0.991034399999933 ], [ 120.460207970000056, -0.991224529999954 ], [ 120.460152200000039, -0.991492979999975 ], [ 120.460141460000045, -0.991705739999929 ], [ 120.460125570000059, -0.991805069999941 ], [ 120.46009623000009, -0.991973989999963 ], [ 120.460247800000047, -0.992535019999934 ], [ 120.46025867000003, -0.992583949999926 ], [ 120.460273490000077, -0.992610189999937 ], [ 120.460351320000086, -0.992757309999945 ], [ 120.460451180000064, -0.992936379999946 ], [ 120.460517740000114, -0.993115419999924 ], [ 120.46052576000011, -0.993126209999957 ], [ 120.460529960000031, -0.993137839999974 ], [ 120.460682240000096, -0.993340879999948 ], [ 120.460783420000098, -0.99348367999994 ], [ 120.460795230000031, -0.993500829999959 ], [ 120.460842020000086, -0.993548359999977 ], [ 120.460906420000015, -0.993619169999931 ], [ 120.460915760000034, -0.993622699999946 ], [ 120.461230800000067, -0.993861289999927 ], [ 120.461285880000105, -0.993729299999927 ], [ 120.461295370000016, -0.993731319999938 ], [ 120.46129622, -0.993730969999945 ], [ 120.46129631000008, -0.99373098999996 ], [ 120.4613311600001, -0.993716349999943 ], [ 120.461428800000022, -0.993675499999938 ], [ 120.461566670000025, -0.993274499999927 ], [ 120.461578050000071, -0.993237979999947 ], [ 120.461581430000024, -0.993228089999945 ], [ 120.461692040000116, -0.992895739999938 ], [ 120.46170036, -0.992871869999931 ], [ 120.461795020000068, -0.992719729999976 ], [ 120.461811940000075, -0.992692819999945 ], [ 120.46187701000008, -0.992660129999933 ], [ 120.461911305000058, -0.99264304999997 ], [ 120.461945200000059, -0.992626169999937 ], [ 120.462118350000083, -0.992635769999936 ], [ 120.462144520000038, -0.992637249999973 ], [ 120.462195960000031, -0.992662889999963 ], [ 120.46230072000003, -0.992715689999955 ], [ 120.462445170000024, -0.99280529999993 ], [ 120.462546450000104, -0.992941449999933 ], [ 120.462579710000114, -0.992986799999926 ], [ 120.462644370000021, -0.993039889999977 ], [ 120.46267682000007, -0.993088469999975 ], [ 120.462800500000071, -0.993275449999942 ], [ 120.462878140000043, -0.993362429999934 ], [ 120.462899330000027, -0.993386319999956 ], [ 120.462899510000057, -0.993386369999939 ], [ 120.46290045, -0.993387419999976 ], [ 120.46313305000001, -0.99344611999993 ], [ 120.463168480000036, -0.993455179999955 ], [ 120.463353040000015, -0.993478209999978 ], [ 120.46335475, -0.993477109999958 ], [ 120.463356110000063, -0.993477269999971 ], [ 120.46347843, -0.993399049999937 ], [ 120.463480530000083, -0.993395349999957 ], [ 120.463481390000084, -0.993394789999968 ], [ 120.463568090000081, -0.993241879999971 ], [ 120.463609320000046, -0.993202889999964 ], [ 120.463756590000116, -0.993063629999938 ], [ 120.463765470000112, -0.993054699999959 ], [ 120.463818280000055, -0.993004949999943 ], [ 120.463906520000023, -0.992915109999956 ], [ 120.46396196, -0.992869459999952 ], [ 120.46401241, -0.992828899999949 ], [ 120.46414583, -0.992784259999951 ], [ 120.464225730000067, -0.992816499999947 ], [ 120.464254650000044, -0.992830089999927 ], [ 120.464291360000061, -0.992904329999931 ], [ 120.464323510000099, -0.992974569999944 ], [ 120.464356750000093, -0.993120059999967 ], [ 120.464391370000044, -0.993175869999959 ], [ 120.464411870000049, -0.993211899999949 ], [ 120.464439070000026, -0.993232739999939 ], [ 120.464490010000077, -0.993276759999958 ], [ 120.464541440000062, -0.993336 ], [ 120.46456588, -0.993365919999974 ], [ 120.46458602000007, -0.993416949999926 ], [ 120.464612150000107, -0.993489419999946 ], [ 120.464778850000016, -0.993534299999965 ], [ 120.464781330000051, -0.993533619999937 ], [ 120.464784060000056, -0.993534359999956 ], [ 120.464825450000035, -0.993521539999961 ], [ 120.464901130000044, -0.993500819999952 ], [ 120.464959980000117, -0.993407859999934 ], [ 120.464979780000021, -0.993378749999977 ], [ 120.464986230000022, -0.993354249999925 ], [ 120.465023600000109, -0.99323241999997 ], [ 120.465034790000118, -0.993142939999927 ], [ 120.465099090000081, -0.993106009999963 ], [ 120.465294610000115, -0.993006299999934 ], [ 120.465414640000063, -0.992945649999967 ], [ 120.465584070000091, -0.992860049999933 ], [ 120.465669750000075, -0.992810849999955 ], [ 120.465801240000019, -0.992741649999971 ], [ 120.465855880000049, -0.992692949999935 ], [ 120.465973310000095, -0.992591819999973 ], [ 120.466049500000054, -0.992520369999966 ], [ 120.46613428, -0.992444809999938 ], [ 120.466254080000112, -0.992272009999965 ], [ 120.466422120000061, -0.991825769999934 ], [ 120.466463050000016, -0.991719619999969 ], [ 120.466481601000055, -0.991601920999926 ], [ 120.466496550000102, -0.991507079999963 ], [ 120.466574440000045, -0.991372899999931 ], [ 120.466674070000067, -0.991239409999935 ], [ 120.466797980000024, -0.991160559999969 ], [ 120.466997010000114, -0.991171839999936 ], [ 120.467141430000083, -0.991250269999966 ], [ 120.467230270000073, -0.991339829999959 ], [ 120.467336790000104, -0.991438929999958 ], [ 120.467373810000026, -0.991474839999967 ], [ 120.467438320000042, -0.991645329999926 ], [ 120.467509740000082, -0.991723669999942 ], [ 120.467593700000066, -0.991799059999948 ], [ 120.467623100000083, -0.991826 ], [ 120.467745060000084, -0.992075889999967 ], [ 120.467852040000025, -0.992302429999938 ], [ 120.467974180000056, -0.992459119999978 ], [ 120.468029610000031, -0.992638159999956 ], [ 120.468140740000081, -0.992694209999968 ], [ 120.468362970000044, -0.992772659999957 ], [ 120.46844413000008, -0.992772719999948 ], [ 120.468598840000027, -0.992774229999952 ], [ 120.468614770000045, -0.992775129999927 ], [ 120.468952740000077, -0.992802239999946 ], [ 120.469066380000072, -0.992813729999966 ], [ 120.46930554000005, -0.992850979999957 ], [ 120.469311930000117, -0.992852049999954 ], [ 120.469456350000087, -0.992930479999927 ], [ 120.469578490000117, -0.993143139999972 ], [ 120.469645050000054, -0.993310979999933 ], [ 120.469722850000039, -0.993288679999978 ], [ 120.46972788000005, -0.993283629999951 ], [ 120.469728460000056, -0.993283449999979 ], [ 120.469732690000114, -0.993278789999977 ], [ 120.469811880000066, -0.993199249999975 ], [ 120.46986749000007, -0.993132149999951 ], [ 120.470089610000059, -0.993154699999934 ], [ 120.470168520000016, -0.993271929999935 ], [ 120.470269120000012, -0.993369069999972 ], [ 120.470289680000064, -0.993389789999981 ], [ 120.470291400000065, -0.993390579999925 ], [ 120.470302150000066, -0.993400959999974 ], [ 120.4703733, -0.993428119999976 ], [ 120.470411890000037, -0.993445809999969 ], [ 120.470491920000086, -0.993464829999937 ], [ 120.470560190000015, -0.993481589999931 ], [ 120.470571680000035, -0.993483769999955 ], [ 120.470600850000096, -0.993490709999946 ], [ 120.470641690000093, -0.993497069999933 ], [ 120.470742200000018, -0.993516149999948 ], [ 120.470944340000074, -0.993632819999959 ], [ 120.47110319, -0.993728289999979 ], [ 120.471247590000075, -0.993829069999947 ], [ 120.471358710000118, -0.993853139999942 ], [ 120.471394220000093, -0.993861749999951 ], [ 120.471397670000101, -0.99386157999993 ], [ 120.471403170000031, -0.993862769999964 ], [ 120.471614390000013, -0.993851749999976 ], [ 120.471618910000075, -0.993850509999959 ], [ 120.471624620000057, -0.993850229999964 ], [ 120.471711560000017, -0.993825149999964 ], [ 120.471736670000041, -0.993818269999963 ], [ 120.471825970000054, -0.993833339999981 ], [ 120.471878380000021, -0.993844689999946 ], [ 120.47190063000005, -0.993855159999953 ], [ 120.472143010000082, -0.993983859999958 ], [ 120.47216728, -0.994040369999937 ], [ 120.472192180000093, -0.99410950999993 ], [ 120.472303150000016, -0.99436690999994 ], [ 120.47237379, -0.994509329999971 ], [ 120.472378020000065, -0.994518379999931 ], [ 120.472407970000063, -0.994810979999954 ], [ 120.472462130000054, -0.994988089999936 ], [ 120.472491550000086, -0.995094219999942 ], [ 120.472488180000028, -0.99512121999993 ], [ 120.472465570000054, -0.995262559999958 ], [ 120.472534690000089, -0.995499869999946 ], [ 120.472546090000037, -0.995504819999951 ], [ 120.472580170000015, -0.99553058999993 ], [ 120.472585557000116, -0.995526258999973 ], [ 120.472635770000011, -0.995485889999941 ], [ 120.472645220000118, -0.995473229999959 ], [ 120.472702970000114, -0.995406989999935 ], [ 120.472724540000058, -0.995308149999971 ], [ 120.472747150000032, -0.995217479999951 ], [ 120.472747250000111, -0.995085719999963 ], [ 120.472748960000104, -0.995039069999962 ], [ 120.47269395, -0.994841049999934 ], [ 120.472680780000019, -0.994792299999972 ], [ 120.472678660000042, -0.994777309999961 ], [ 120.472672920000036, -0.994714209999927 ], [ 120.472608410000021, -0.994465389999959 ], [ 120.472619930000064, -0.99427645999998 ], [ 120.472718200000031, -0.994061789999932 ], [ 120.472770330000117, -0.993953319999946 ], [ 120.472861060000014, -0.993848079999964 ], [ 120.472917460000076, -0.993785609999975 ], [ 120.473081670000056, -0.993785739999964 ], [ 120.473081800000045, -0.993785669999966 ], [ 120.473085330000117, -0.993785719999948 ], [ 120.473193620000075, -0.993723509999938 ], [ 120.473292690000108, -0.99363134999993 ], [ 120.473366860000056, -0.993534929999953 ], [ 120.47339933, -0.993435889999944 ], [ 120.473448860000076, -0.993293789999939 ], [ 120.473504650000109, -0.993180539999969 ], [ 120.473586780000119, -0.993023919999928 ], [ 120.473611180000034, -0.992857219999962 ], [ 120.473622490000025, -0.992796669999962 ], [ 120.473643110000012, -0.992710449999947 ], [ 120.473735570000031, -0.992604269999958 ], [ 120.473805990000074, -0.99252877999993 ], [ 120.473917230000097, -0.992439369999943 ], [ 120.473917240000105, -0.992437619999976 ], [ 120.47391984, -0.992435549999925 ], [ 120.473920460000045, -0.992319719999955 ], [ 120.473917330000063, -0.992318759999932 ], [ 120.473917330000063, -0.99231629999997 ], [ 120.47383952000007, -0.992293849999953 ], [ 120.473683890000075, -0.992327299999943 ], [ 120.473428220000073, -0.992360679999933 ], [ 120.473229070000116, -0.992393929999935 ], [ 120.473226170000089, -0.992394369999943 ], [ 120.47307249000005, -0.992416329999969 ], [ 120.472850210000047, -0.992382589999977 ], [ 120.472716870000113, -0.992326559999924 ], [ 120.472715640000047, -0.992326439999943 ], [ 120.472714900000028, -0.992326129999981 ], [ 120.472484050000048, -0.992302079999945 ], [ 120.472293270000023, -0.992359789999966 ], [ 120.472262020000016, -0.992392379999956 ], [ 120.47221658, -0.992438059999927 ], [ 120.472072020000041, -0.992493879999927 ], [ 120.471883060000096, -0.99250490999998 ], [ 120.471805270000118, -0.99246009999996 ], [ 120.471775300000104, -0.992298579999954 ], [ 120.471773260000077, -0.99227744999996 ], [ 120.471780380000041, -0.992206239999973 ], [ 120.471816840000088, -0.991878379999946 ], [ 120.471872570000073, -0.991665849999947 ], [ 120.471873460000097, -0.991655599999945 ], [ 120.471874570000068, -0.991651729999944 ], [ 120.471877050000103, -0.991614439999978 ], [ 120.471895020000034, -0.991408559999968 ], [ 120.471917390000044, -0.991207189999955 ], [ 120.472117750000052, -0.990838169999961 ], [ 120.4722290200001, -0.990648079999971 ], [ 120.472369580000077, -0.990561189999937 ], [ 120.472613510000087, -0.990561189999937 ], [ 120.472614180000051, -0.990561399999933 ], [ 120.472829280000042, -0.99063732999997 ], [ 120.473007120000034, -0.990671039999938 ], [ 120.473296080000068, -0.990716009999971 ], [ 120.473471710000013, -0.990716139999961 ], [ 120.473573720000104, -0.990739519999977 ], [ 120.473740620000058, -0.990783489999956 ], [ 120.473858550000045, -0.99078357999997 ], [ 120.473981820000063, -0.990785909999943 ], [ 120.474126050000109, -0.990803079999978 ], [ 120.474174840000046, -0.990817429999936 ], [ 120.474819830000115, -0.99115046999998 ], [ 120.474866020000036, -0.991177619999974 ], [ 120.475088220000089, -0.991300859999967 ], [ 120.475277170000027, -0.991368149999971 ], [ 120.4754740300001, -0.991426579999938 ], [ 120.475670610000066, -0.991496789999928 ], [ 120.475919340000019, -0.991631349999977 ], [ 120.475988310000048, -0.991670759999977 ], [ 120.47600431, -0.991677309999943 ], [ 120.47603412, -0.991693439999949 ], [ 120.47636784000008, -0.991830509999943 ], [ 120.476755190000063, -0.991931809999926 ], [ 120.47686353000006, -0.991931809999926 ], [ 120.476944050000043, -0.991939989999935 ], [ 120.477221840000084, -0.992029699999932 ], [ 120.477299260000109, -0.992044349999958 ], [ 120.47737496000002, -0.992068879999977 ], [ 120.477832990000024, -0.992032019999954 ], [ 120.477881330000059, -0.992032059999929 ], [ 120.477966710000032, -0.992056679999962 ], [ 120.478269140000066, -0.992178489999958 ], [ 120.478511490000074, -0.992176649999976 ], [ 120.47852591000003, -0.992177979999951 ], [ 120.478707500000041, -0.992212939999945 ], [ 120.478787300000022, -0.992235739999956 ], [ 120.479565860000093, -0.992224689999944 ], [ 120.479881960000057, -0.992246159999979 ], [ 120.480059210000036, -0.992246299999977 ], [ 120.480199640000023, -0.992253609999977 ], [ 120.48087570000007, -0.992311399999949 ], [ 120.480904500000065, -0.992314049999948 ], [ 120.481660500000089, -0.992124459999957 ], [ 120.481847880000032, -0.992064269999958 ], [ 120.482166190000044, -0.991967569999929 ], [ 120.482203610000056, -0.991941969999971 ], [ 120.482361, -0.991845319999925 ], [ 120.482989230000044, -0.991347769999948 ], [ 120.483178270000053, -0.991224839999973 ], [ 120.483375700000011, -0.991103609999925 ], [ 120.483375920000071, -0.991103479999936 ], [ 120.483378450000032, -0.991101919999949 ], [ 120.48353416000009, -0.990967799999964 ], [ 120.483643660000098, -0.990850899999941 ], [ 120.483691760000056, -0.990805519999981 ], [ 120.483706730000108, -0.990783559999954 ], [ 120.483712170000103, -0.990777759999958 ], [ 120.483765330000097, -0.990697609999927 ], [ 120.483870540000112, -0.990543309999964 ], [ 120.484335360000046, -0.990185749999966 ], [ 120.484430710000083, -0.990024849999941 ], [ 120.484520100000054, -0.989774569999952 ], [ 120.4846184700001, -0.989624109999966 ], [ 120.484691860000112, -0.989594619999934 ], [ 120.484793950000039, -0.989558399999964 ], [ 120.48509574000002, -0.989206189999948 ], [ 120.485547890000021, -0.989397219999944 ], [ 120.485620460000064, -0.989588259999948 ], [ 120.485598130000085, -0.98965568999995 ], [ 120.485626040000056, -0.98968377999995 ], [ 120.485651250000046, -0.989737699999978 ], [ 120.48568626000008, -0.989772719999962 ], [ 120.485701760000097, -0.989833349999969 ], [ 120.48576558000002, -0.990108279999959 ], [ 120.485741740000094, -0.990424119999943 ], [ 120.485737700000072, -0.990509739999936 ], [ 120.485804680000115, -0.990509739999936 ], [ 120.485815850000108, -0.99057715999993 ], [ 120.485860500000058, -0.990650209999956 ], [ 120.485921900000108, -0.99056029999997 ], [ 120.48595540000008, -0.991004189999956 ], [ 120.485960930000033, -0.991034769999942 ], [ 120.485977730000059, -0.991127799999958 ], [ 120.486050300000102, -0.991257029999929 ], [ 120.486117290000038, -0.991189599999927 ], [ 120.486201010000059, -0.99104350999994 ], [ 120.486201010000059, -0.990942369999971 ], [ 120.486256830000116, -0.990807519999976 ], [ 120.486284740000087, -0.990734479999958 ], [ 120.486288450000075, -0.99066081999996 ], [ 120.486327370000026, -0.990611939999951 ], [ 120.486329390000037, -0.990363639999941 ], [ 120.486401950000072, -0.990144499999928 ], [ 120.486485680000101, -0.990082699999959 ], [ 120.486513590000072, -0.989936609999972 ], [ 120.48657499, -0.989869179999971 ], [ 120.4865917300001, -0.989734329999976 ], [ 120.486653130000036, -0.989560149999932 ], [ 120.486826170000086, -0.98949271999993 ], [ 120.487060610000071, -0.989470239999946 ], [ 120.487094110000044, -0.989526429999955 ], [ 120.487122020000015, -0.989576989999932 ], [ 120.487161090000086, -0.989616319999925 ], [ 120.48719458000005, -0.989633179999942 ], [ 120.487250410000115, -0.989717459999952 ], [ 120.48735088, -0.989784879999945 ], [ 120.487484850000101, -0.98990286999998 ], [ 120.487685810000016, -0.990037719999975 ], [ 120.487886770000046, -0.990245609999931 ], [ 120.488121210000031, -0.990431029999968 ], [ 120.488199360000067, -0.990565879999963 ], [ 120.488657100000069, -0.991032229999973 ], [ 120.48868501000004, -0.991116509999927 ], [ 120.488779910000062, -0.991195169999969 ], [ 120.488874990000113, -0.991344039999944 ], [ 120.48889363, -0.991341849999969 ], [ 120.488935900000115, -0.991341849999969 ], [ 120.48913256000003, -0.991312049999976 ], [ 120.489204430000086, -0.991290489999926 ], [ 120.489264080000112, -0.991277199999956 ], [ 120.489270760000068, -0.991277199999956 ], [ 120.489376890000017, -0.991282259999934 ], [ 120.489509160000011, -0.991381459999957 ], [ 120.489535600000067, -0.991524049999953 ], [ 120.489543970000113, -0.991595759999939 ], [ 120.48955272, -0.991747309999937 ], [ 120.489586010000039, -0.991825649999953 ], [ 120.48968590000004, -0.992027079999957 ], [ 120.489721490000079, -0.992206949999968 ], [ 120.489740400000073, -0.992325129999927 ], [ 120.48988638000003, -0.992696329999944 ], [ 120.490110430000072, -0.993297669999947 ], [ 120.490203260000044, -0.993520979999971 ], [ 120.490229060000047, -0.993588489999979 ], [ 120.490243410000062, -0.993617559999961 ], [ 120.490254650000111, -0.993644589999974 ], [ 120.490443310000046, -0.994036299999948 ], [ 120.490520970000034, -0.994248929999969 ], [ 120.490643090000049, -0.994439199999931 ], [ 120.490798620000078, -0.99459595999997 ], [ 120.490872840000065, -0.994639989999939 ], [ 120.491361980000079, -0.994993689999944 ], [ 120.491398510000067, -0.995021559999941 ], [ 120.491612290000035, -0.995168499999977 ], [ 120.491646620000097, -0.995195989999957 ], [ 120.491657210000085, -0.995203939999953 ], [ 120.491709590000028, -0.995256729999937 ], [ 120.491780660000018, -0.995296519999954 ], [ 120.491795600000046, -0.995307729999979 ], [ 120.49180664000005, -0.995311079999965 ], [ 120.491809590000116, -0.995312729999966 ], [ 120.491861650000033, -0.995327749999944 ], [ 120.492041420000078, -0.995382219999954 ], [ 120.492186580000066, -0.995389479999972 ], [ 120.492387520000079, -0.995402669999976 ], [ 120.492451390000042, -0.995402719999959 ], [ 120.492637340000101, -0.995412019999947 ], [ 120.493453940000109, -0.995397299999979 ], [ 120.493636530000117, -0.995448489999944 ], [ 120.493780980000111, -0.995482169999946 ], [ 120.494148090000067, -0.995586879999962 ], [ 120.494432570000072, -0.995687629999964 ], [ 120.49474543000008, -0.995821719999981 ], [ 120.494949140000017, -0.995821719999981 ], [ 120.49510349000002, -0.99583 ], [ 120.495492590000026, -0.995763189999934 ], [ 120.495526310000059, -0.995763219999958 ], [ 120.495691460000103, -0.995769569999936 ], [ 120.496197540000026, -0.995911519999936 ], [ 120.496337210000092, -0.995965189999936 ], [ 120.497397940000042, -0.996055499999954 ], [ 120.497478360000059, -0.99607242999997 ], [ 120.497654050000051, -0.996122299999968 ], [ 120.49785105, -0.996119689999944 ], [ 120.49794251000003, -0.996156599999949 ], [ 120.498042350000105, -0.996180319999951 ], [ 120.498148090000086, -0.996213959999977 ], [ 120.498333220000063, -0.99617928999993 ], [ 120.498342670000056, -0.996179299999937 ], [ 120.498531630000116, -0.996179439999935 ], [ 120.498742830000083, -0.996190779999949 ], [ 120.498878340000033, -0.99619088999998 ], [ 120.499483742000052, -0.99621372799993 ], [ 120.499534160000053, -0.996215629999938 ], [ 120.499557520000053, -0.996216509999954 ], [ 120.499617150000063, -0.996205669999938 ], [ 120.49966543000005, -0.996202669999946 ], [ 120.499782040000014, -0.996175689999973 ], [ 120.499803340000085, -0.996171819999972 ], [ 120.499855500000081, -0.996169279999947 ], [ 120.499987800000099, -0.996169379999969 ], [ 120.500110070000119, -0.996158259999959 ], [ 120.500239880000095, -0.996212 ], [ 120.500481210000089, -0.99631334999998 ], [ 120.500504060000026, -0.996313499999928 ], [ 120.500513440000077, -0.99631686999993 ], [ 120.50068017000001, -0.996317 ], [ 120.500891350000074, -0.996317159999933 ], [ 120.501118530000099, -0.996317339999962 ], [ 120.501544680000052, -0.99632 ], [ 120.501713900000027, -0.996340189999955 ], [ 120.50180277000004, -0.996396179999977 ], [ 120.501991720000092, -0.996463469999981 ], [ 120.502158480000048, -0.996430019999934 ], [ 120.5021858, -0.996431659999928 ], [ 120.502228490000107, -0.996434219999969 ], [ 120.50254072000007, -0.996559109999964 ], [ 120.502569630000039, -0.996575769999936 ], [ 120.502892010000096, -0.996531259999927 ], [ 120.502920250000102, -0.996524179999938 ], [ 120.502939400000059, -0.996521929999972 ], [ 120.502982780000025, -0.996508499999948 ], [ 120.50306992000003, -0.996486649999952 ], [ 120.503270040000075, -0.996430869999926 ], [ 120.503330960000085, -0.996430919999966 ], [ 120.503446910000093, -0.996439509999959 ], [ 120.503570090000039, -0.996542959999942 ], [ 120.503588530000115, -0.996546689999946 ], [ 120.503594910000061, -0.996551719999957 ], [ 120.503676320000068, -0.996564439999929 ], [ 120.503792360000034, -0.99658790999996 ], [ 120.503817210000079, -0.996586459999946 ], [ 120.503833280000094, -0.996588969999948 ], [ 120.503874250000081, -0.996583119999968 ], [ 120.503981330000101, -0.996576839999932 ], [ 120.504100470000026, -0.996550799999966 ], [ 120.504146140000103, -0.996544269999958 ], [ 120.504591880000021, -0.996548219999966 ], [ 120.504707680000024, -0.99655359999997 ], [ 120.504896630000076, -0.996553739999968 ], [ 120.505030010000041, -0.996576239999968 ], [ 120.50519668000004, -0.996665869999958 ], [ 120.505205320000073, -0.996669499999939 ], [ 120.505345440000042, -0.996745399999952 ], [ 120.505437330000063, -0.996757989999935 ], [ 120.505463390000045, -0.996766749999949 ], [ 120.505630100000076, -0.996800449999967 ], [ 120.50574796, -0.996800539999924 ], [ 120.505889230000093, -0.996819889999927 ], [ 120.506363400000055, -0.996809719999931 ], [ 120.506374830000027, -0.996812189999957 ], [ 120.506700430000024, -0.997005229999957 ], [ 120.506701980000116, -0.997005659999957 ], [ 120.506711000000109, -0.997011049999969 ], [ 120.506755420000104, -0.997020359999965 ], [ 120.506761090000055, -0.997021919999952 ], [ 120.50682267000002, -0.997038859999975 ], [ 120.506973800000083, -0.997058009999932 ], [ 120.506989890000114, -0.997060269999963 ], [ 120.506990890000111, -0.997060169999941 ], [ 120.50700052000002, -0.997061389999942 ], [ 120.507169700000077, -0.997043579999968 ], [ 120.507212370000047, -0.997039619999953 ], [ 120.507322830000021, -0.997117559999936 ], [ 120.507422790000078, -0.99722952999997 ], [ 120.507500530000016, -0.997341449999965 ], [ 120.50750138, -0.99734111999993 ], [ 120.50750314000004, -0.997343839999928 ], [ 120.507682600000066, -0.997270329999935 ], [ 120.507700630000045, -0.99726327999997 ], [ 120.507714590000091, -0.997179489999951 ], [ 120.507749230000059, -0.997006269999929 ], [ 120.50775646000011, -0.996972469999946 ], [ 120.507801530000052, -0.99697249999997 ], [ 120.50783587, -0.996973479999951 ], [ 120.50792639000008, -0.997026729999959 ], [ 120.507968020000021, -0.997051849999934 ], [ 120.508034170000087, -0.997185249999973 ], [ 120.508040370000117, -0.99722909999997 ], [ 120.508042160000059, -0.997252439999954 ], [ 120.508048930000086, -0.997289629999955 ], [ 120.508052, -0.997311369999977 ], [ 120.508053880000034, -0.997341499999948 ], [ 120.508093720000033, -0.99741414999994 ], [ 120.508121850000066, -0.997465709999972 ], [ 120.508220280000046, -0.997514919999958 ], [ 120.508257770000114, -0.997536009999976 ], [ 120.50828209000008, -0.99756573999997 ], [ 120.508333960000073, -0.997632979999935 ], [ 120.50875601000007, -0.99809197999997 ], [ 120.508932100000038, -0.998280579999971 ], [ 120.50904757, -0.998421889999975 ], [ 120.509056570000098, -0.998435289999975 ], [ 120.509176190000062, -0.998624799999959 ], [ 120.509218650000093, -0.998705469999948 ], [ 120.509298330000092, -0.998864829999945 ], [ 120.509329630000025, -0.998923839999975 ], [ 120.509333430000083, -0.998931489999961 ], [ 120.5095848200001, -0.999421389999952 ], [ 120.50964518, -0.999553849999927 ], [ 120.509687650000046, -0.999654069999963 ], [ 120.509700880000082, -0.999686499999939 ], [ 120.509751500000107, -0.999839639999948 ], [ 120.509772200000043, -1.000007009999933 ], [ 120.509778420000089, -1.000066949999962 ], [ 120.509778410000081, -1.000092 ], [ 120.509776420000094, -1.000266299999964 ], [ 120.509772590000011, -1.000441359999968 ], [ 120.509766910000053, -1.000581549999936 ], [ 120.509759880000047, -1.000803049999945 ], [ 120.509755330000075, -1.000906099999952 ], [ 120.50975625, -1.000917319999928 ], [ 120.509755550000023, -1.000939539999933 ], [ 120.509779990000084, -1.001206399999944 ], [ 120.509795170000075, -1.001391229999967 ], [ 120.509798230000115, -1.001405419999969 ], [ 120.509799620000081, -1.001420649999943 ], [ 120.509823990000086, -1.001525199999946 ], [ 120.50984204000008, -1.001609179999946 ], [ 120.509917040000119, -1.001815419999957 ], [ 120.509945190000053, -1.002014489999965 ], [ 120.509954770000036, -1.002092059999939 ], [ 120.509999050000033, -1.002293449999968 ], [ 120.51012116000004, -1.002550859999928 ], [ 120.510155050000094, -1.002675269999941 ], [ 120.510179520000065, -1.00276925999998 ], [ 120.510252170000058, -1.003036429999952 ], [ 120.510272370000052, -1.003106 ], [ 120.5103650100001, -1.003446089999954 ], [ 120.510479730000043, -1.003631149999933 ], [ 120.510648240000023, -1.003912939999964 ], [ 120.510760730000015, -1.004163699999935 ], [ 120.510788070000103, -1.004226269999947 ], [ 120.510946730000114, -1.004596459999959 ], [ 120.511084150000102, -1.004923029999929 ], [ 120.511117650000074, -1.00502414999994 ], [ 120.511156170000049, -1.005153719999953 ], [ 120.511189670000022, -1.005241529999978 ], [ 120.511210700000106, -1.005305029999931 ], [ 120.511281620000091, -1.005440289999967 ], [ 120.511333740000055, -1.005545429999927 ], [ 120.511525920000054, -1.00576972999994 ], [ 120.51168645000007, -1.005991699999925 ], [ 120.511754930000052, -1.006125969999971 ], [ 120.511844470000028, -1.006306569999936 ], [ 120.511933430000113, -1.006468009999935 ], [ 120.511944250000056, -1.006488549999972 ], [ 120.512042680000036, -1.00674633999995 ], [ 120.51219970000011, -1.006954919999941 ], [ 120.512341500000048, -1.007164509999939 ], [ 120.512452560000042, -1.00731006999996 ], [ 120.512591080000107, -1.007498639999937 ], [ 120.512860600000067, -1.007868919999964 ], [ 120.512902890000078, -1.00791087999994 ], [ 120.51295484000002, -1.007963219999965 ], [ 120.513143650000075, -1.008153539999967 ], [ 120.51325466000003, -1.008310269999924 ], [ 120.513664931000108, -1.009090160999961 ], [ 120.514143220000051, -1.00999934999993 ], [ 120.514355810000097, -1.010404689999973 ], [ 120.514378300000089, -1.010436509999977 ], [ 120.514456400000086, -1.010550219999971 ], [ 120.51464524000005, -1.010695829999975 ], [ 120.514745190000099, -1.010830159999955 ], [ 120.514809700000114, -1.010973689999958 ], [ 120.51491124000006, -1.011206199999947 ], [ 120.514895330000058, -1.011360029999935 ], [ 120.514880320000088, -1.011485109999967 ], [ 120.514958, -1.011675349999962 ], [ 120.514959570000087, -1.011677309999925 ], [ 120.514960460000111, -1.011679609999931 ], [ 120.515025170000058, -1.011758709999924 ], [ 120.515102340000112, -1.011854469999946 ], [ 120.51520224, -1.012044759999981 ], [ 120.515244580000058, -1.012258629999963 ], [ 120.51527684000007, -1.012427209999942 ], [ 120.515290230000119, -1.012726149999935 ], [ 120.515290670000013, -1.012738469999931 ], [ 120.515290790000108, -1.012738809999973 ], [ 120.515290900000082, -1.012741259999927 ], [ 120.51531488, -1.012804419999952 ], [ 120.515512520000016, -1.013342759999944 ], [ 120.515479010000035, -1.01355529999995 ], [ 120.515400420000105, -1.013654 ], [ 120.515391680000107, -1.013664629999937 ], [ 120.515391660000091, -1.013665 ], [ 120.515389970000115, -1.013667129999931 ], [ 120.515389940000091, -1.013697569999977 ], [ 120.515384650000101, -1.013798219999956 ], [ 120.515449690000082, -1.013891809999961 ], [ 120.515478720000033, -1.013935699999934 ], [ 120.515480690000118, -1.013936419999936 ], [ 120.515480730000036, -1.013936489999935 ], [ 120.51559791000011, -1.013985709999929 ], [ 120.51576431, -1.014025549999928 ], [ 120.515796390000105, -1.014064049999945 ], [ 120.5158009700001, -1.014070199999935 ], [ 120.515856270000086, -1.014144519999945 ], [ 120.515865080000026, -1.014156789999959 ], [ 120.515868870000077, -1.014161459999968 ], [ 120.515900910000028, -1.014204529999972 ], [ 120.515943760000027, -1.014253879999956 ], [ 120.515975230000095, -1.014292719999958 ], [ 120.516002900000103, -1.01433480999998 ], [ 120.51604162000001, -1.01439991999996 ], [ 120.516064920000076, -1.014446889999931 ], [ 120.516082870000105, -1.014471009999966 ], [ 120.516243700000018, -1.014806519999979 ], [ 120.516310370000042, -1.014955949999944 ], [ 120.5163688, -1.015067509999938 ], [ 120.51640043000009, -1.015133489999926 ], [ 120.516511400000013, -1.015346149999971 ], [ 120.516589, -1.015637099999935 ], [ 120.516589050000107, -1.015637199999958 ], [ 120.516591600000083, -1.015647309999963 ], [ 120.516641460000073, -1.015742879999948 ], [ 120.516700010000022, -1.015860939999925 ], [ 120.516703060000054, -1.015860949999933 ], [ 120.516704090000076, -1.015862929999969 ], [ 120.516709132000074, -1.015862622999975 ], [ 120.516736330000072, -1.015860969999949 ], [ 120.516777790000106, -1.015861 ], [ 120.516900120000059, -1.015771599999937 ], [ 120.516940550000072, -1.015762239999958 ], [ 120.51704157000006, -1.015741059999925 ], [ 120.517155180000032, -1.015793859999974 ], [ 120.517200230000071, -1.015816579999978 ], [ 120.517315520000011, -1.015893559999938 ], [ 120.517402480000101, -1.015954329999943 ], [ 120.51756419000003, -1.016059789999929 ], [ 120.517601050000053, -1.016084199999966 ], [ 120.517876320000028, -1.016267979999952 ], [ 120.518225080000093, -1.016502729999957 ], [ 120.518236530000081, -1.016513399999951 ], [ 120.5183259800001, -1.016603559999965 ], [ 120.518614500000012, -1.016866239999956 ], [ 120.518747700000063, -1.016997229999959 ], [ 120.519240640000021, -1.017431959999954 ], [ 120.519325700000081, -1.01751054999994 ], [ 120.519556710000074, -1.017721239999958 ], [ 120.519570430000044, -1.017734179999934 ], [ 120.519747840000036, -1.017902459999959 ], [ 120.520317060000025, -1.01842019999998 ], [ 120.520661540000106, -1.018588289999968 ], [ 120.520883690000119, -1.018801029999963 ], [ 120.521068080000077, -1.019026059999931 ], [ 120.52110067000001, -1.019066619999933 ], [ 120.521267070000022, -1.019174419999956 ], [ 120.521560880000038, -1.019366439999942 ], [ 120.522061290000011, -1.019696959999976 ], [ 120.522339000000102, -1.019920919999947 ], [ 120.522441290000074, -1.020058409999933 ], [ 120.52251152000008, -1.020158729999935 ], [ 120.522732190000056, -1.020342179999943 ], [ 120.523193970000079, -1.02074437999994 ], [ 120.523385680000047, -1.020915719999948 ], [ 120.523459470000034, -1.020995849999963 ], [ 120.523530920000098, -1.021078959999954 ], [ 120.52357285000005, -1.021118989999934 ], [ 120.523603630000025, -1.021152419999964 ], [ 120.523756910000088, -1.021296679999978 ], [ 120.523886350000112, -1.021437239999955 ], [ 120.524097400000073, -1.021661149999943 ], [ 120.524211520000108, -1.021825499999977 ], [ 120.524234060000026, -1.021860179999976 ], [ 120.524274120000086, -1.021915659999934 ], [ 120.52464147, -1.022444729999961 ], [ 120.524774680000064, -1.022690939999961 ], [ 120.524885650000101, -1.02295952999998 ], [ 120.524935610000057, -1.023077139999941 ], [ 120.525019160000056, -1.023280399999976 ], [ 120.525135360000036, -1.023400609999953 ], [ 120.525543040000116, -1.023847169999954 ], [ 120.525709650000067, -1.024026299999946 ], [ 120.525854, -1.024250169999959 ], [ 120.525893490000044, -1.024327469999946 ], [ 120.525963630000092, -1.024470949999966 ], [ 120.526067300000022, -1.024669179999933 ], [ 120.526126090000048, -1.024787749999973 ], [ 120.526172210000027, -1.024885759999961 ], [ 120.526324550000027, -1.025061529999959 ], [ 120.526424810000094, -1.025186859999963 ], [ 120.526497930000119, -1.025279969999929 ], [ 120.526557320000052, -1.025383769999962 ], [ 120.526584220000018, -1.025432769999952 ], [ 120.526710730000104, -1.02565237999994 ], [ 120.526960190000068, -1.026091219999955 ], [ 120.52714246000005, -1.026416129999973 ], [ 120.527169360000016, -1.026459169999953 ], [ 120.527186190000066, -1.026488779999966 ], [ 120.527386030000116, -1.02681339999998 ], [ 120.52753038000003, -1.027048449999938 ], [ 120.527531575000012, -1.027050971999927 ], [ 120.527609440000106, -1.027215339999941 ], [ 120.527632270000026, -1.027266859999941 ], [ 120.527679350000085, -1.027362939999932 ], [ 120.52787745, -1.027781129999937 ], [ 120.52797032, -1.027934349999953 ], [ 120.527997870000036, -1.027981649999958 ], [ 120.52811075000011, -1.028145649999942 ], [ 120.528121690000035, -1.028161689999934 ], [ 120.528321610000035, -1.028385629999946 ], [ 120.528396940000107, -1.028518549999944 ], [ 120.528459560000101, -1.02863082999994 ], [ 120.528649390000055, -1.028792539999927 ], [ 120.528869690000079, -1.028982369999937 ], [ 120.529029880000053, -1.029121099999941 ], [ 120.529132430000118, -1.029214129999957 ], [ 120.52917535000006, -1.029312499999946 ], [ 120.5292306, -1.029444059999946 ], [ 120.529331380000031, -1.029701849999981 ], [ 120.529422780000118, -1.02993854999994 ], [ 120.529554020000091, -1.030280719999951 ], [ 120.529685260000065, -1.030557259999966 ], [ 120.529730590000099, -1.030630449999933 ], [ 120.529750053000043, -1.030661868999971 ], [ 120.529836530000011, -1.030801469999972 ], [ 120.529843990000018, -1.030813689999945 ], [ 120.52985496000008, -1.030830869999932 ], [ 120.529989560000104, -1.030984709999927 ], [ 120.530014860000051, -1.03101216999994 ], [ 120.530029450000029, -1.031028719999938 ], [ 120.53003286, -1.031032729999936 ], [ 120.530054700000051, -1.031065559999945 ], [ 120.530166220000069, -1.031234179999956 ], [ 120.530277520000027, -1.031466709999961 ], [ 120.530321, -1.031558229999973 ], [ 120.530348930000059, -1.031590929999936 ], [ 120.530454860000077, -1.031715489999954 ], [ 120.530511370000113, -1.031819459999952 ], [ 120.530598510000118, -1.03198059999994 ], [ 120.530670150000105, -1.032111679999957 ], [ 120.530700870000032, -1.032168079999963 ], [ 120.530889080000065, -1.032514339999977 ], [ 120.530985840000085, -1.03269346999997 ], [ 120.531085430000076, -1.032875719999936 ], [ 120.531135820000031, -1.032980879999968 ], [ 120.531220770000118, -1.033159329999933 ], [ 120.531302180000012, -1.033271259999935 ], [ 120.531331850000015, -1.033312259999946 ], [ 120.53133385000001, -1.033314799999971 ], [ 120.531342900000027, -1.033327249999957 ], [ 120.531476170000019, -1.033495179999932 ], [ 120.531493150000074, -1.03352751999995 ], [ 120.531521580000117, -1.033581899999945 ], [ 120.53155426, -1.033643899999959 ], [ 120.531575140000086, -1.033683659999951 ], [ 120.531587710000053, -1.033781079999926 ], [ 120.53161015, -1.033965689999945 ], [ 120.531627190000108, -1.034105179999926 ], [ 120.531656250000083, -1.034343759999956 ], [ 120.531690790000084, -1.034627379999961 ], [ 120.531697530000088, -1.034683289999975 ], [ 120.531697630000053, -1.034683529999938 ], [ 120.531698020000022, -1.034686719999968 ], [ 120.531759370000032, -1.034840429999974 ], [ 120.5317782300001, -1.034888369999976 ], [ 120.531886060000033, -1.035168269999929 ], [ 120.53212867000002, -1.03576572999998 ], [ 120.532248260000074, -1.03606536999996 ], [ 120.532393140000067, -1.036435629999971 ], [ 120.532487490000108, -1.036766159999956 ], [ 120.532640575000073, -1.037312616999941 ], [ 120.532761320000077, -1.037743629999966 ], [ 120.533007740000016, -1.038438819999953 ], [ 120.53302004000011, -1.03847436999996 ], [ 120.533020100000044, -1.038474539999925 ], [ 120.5330201700001, -1.03847473999997 ], [ 120.533053410000093, -1.038570829999969 ], [ 120.533128810000107, -1.038790839999933 ], [ 120.533203050000111, -1.039040299999954 ], [ 120.533183750000035, -1.039200669999957 ], [ 120.533183960000088, -1.039201839999976 ], [ 120.533183890000032, -1.039202339999974 ], [ 120.533195700000078, -1.039268049999976 ], [ 120.533249090000027, -1.039568929999973 ], [ 120.533339030000093, -1.039885169999934 ], [ 120.533602110000061, -1.041142699999966 ], [ 120.533664030000068, -1.041462449999926 ], [ 120.533704070000113, -1.041679459999955 ], [ 120.533800300000053, -1.042255539999928 ], [ 120.533803140000032, -1.042273939999973 ], [ 120.533812270000112, -1.042397249999965 ], [ 120.533815000000118, -1.042436119999934 ], [ 120.533935160000055, -1.043034569999975 ], [ 120.533969840000054, -1.043208319999962 ], [ 120.533825430000093, -1.043286429999966 ], [ 120.533691980000071, -1.043353429999968 ], [ 120.533691450000106, -1.043357689999937 ], [ 120.533690100000058, -1.04335838999998 ], [ 120.533655940000017, -1.043648089999976 ], [ 120.533647270000074, -1.043700219999948 ], [ 120.533610310000086, -1.043732409999961 ], [ 120.533474790000014, -1.043848409999953 ], [ 120.533414270000094, -1.044125619999932 ], [ 120.533380040000111, -1.044270599999948 ], [ 120.533322250000083, -1.044321409999952 ], [ 120.533079810000118, -1.044527009999968 ], [ 120.533063, -1.044531549999931 ], [ 120.532935140000063, -1.044561139999928 ], [ 120.532899580000048, -1.04455712999993 ], [ 120.532833310000115, -1.044547799999975 ], [ 120.532759070000111, -1.044469099999958 ], [ 120.532699880000109, -1.044305779999945 ], [ 120.532679720000033, -1.044247689999963 ], [ 120.532604010000114, -1.044185649999974 ], [ 120.532494760000077, -1.044094899999948 ], [ 120.532292810000058, -1.043943439999964 ], [ 120.532169190000104, -1.043883919999928 ], [ 120.532068680000066, -1.043833229999962 ], [ 120.531579710000074, -1.043653839999934 ], [ 120.531437270000083, -1.043605939999964 ], [ 120.53141375000007, -1.043597459999944 ], [ 120.531358410000053, -1.043544849999932 ], [ 120.531127580000089, -1.043321099999957 ], [ 120.531127580000089, -1.04312533999996 ], [ 120.531134720000068, -1.043120219999935 ], [ 120.53154974000006, -1.042970809999929 ], [ 120.531549940000104, -1.042962149999937 ], [ 120.531569160000117, -1.042904249999935 ], [ 120.53156931, -1.04271405999998 ], [ 120.53156945, -1.042535059999977 ], [ 120.531563260000098, -1.042389329999935 ], [ 120.531566630000043, -1.042244699999969 ], [ 120.53154974000006, -1.04199140999998 ], [ 120.531608560000109, -1.041623779999952 ], [ 120.531725870000059, -1.041505879999931 ], [ 120.531832720000011, -1.041505959999938 ], [ 120.532123870000078, -1.04156925999996 ], [ 120.532161710000082, -1.041584729999954 ], [ 120.532314890000066, -1.041674169999965 ], [ 120.532514930000048, -1.041741429999945 ], [ 120.532648350000045, -1.041708 ], [ 120.532656340000017, -1.04169195999998 ], [ 120.532681110000112, -1.041687459999935 ], [ 120.532686450000028, -1.041631479999978 ], [ 120.532715160000066, -1.041573799999981 ], [ 120.532715300000064, -1.041394799999978 ], [ 120.532710940000015, -1.041374269999949 ], [ 120.532714890000079, -1.041332849999947 ], [ 120.532689690000097, -1.04127404999997 ], [ 120.532682070000078, -1.041238129999954 ], [ 120.53263762000006, -1.041152549999936 ], [ 120.532512250000082, -1.040860039999927 ], [ 120.532402540000021, -1.040817369999957 ], [ 120.532371180000041, -1.040801549999969 ], [ 120.532115550000071, -1.040700669999978 ], [ 120.53208665000011, -1.040694519999931 ], [ 120.531904350000104, -1.04062362999997 ], [ 120.531566520000069, -1.040583889999937 ], [ 120.531482070000038, -1.040565919999949 ], [ 120.531413360000101, -1.040565869999966 ], [ 120.531330220000086, -1.040556079999931 ], [ 120.531009380000114, -1.040589859999955 ], [ 120.530739200000085, -1.040775599999961 ], [ 120.530548790000012, -1.041043209999941 ], [ 120.530492300000105, -1.041113329999973 ], [ 120.530373130000044, -1.041290089999961 ], [ 120.53011441000001, -1.041653689999976 ], [ 120.529928670000118, -1.042312249999952 ], [ 120.529590940000048, -1.042785059999972 ], [ 120.529244040000094, -1.043512709999959 ], [ 120.529177400000094, -1.043633639999939 ], [ 120.529100670000048, -1.043813429999943 ], [ 120.528898610000056, -1.04423726999994 ], [ 120.528896130000021, -1.044283729999961 ], [ 120.528876720000085, -1.044327059999944 ], [ 120.528871970000068, -1.044736739999962 ], [ 120.52883230000009, -1.045480489999932 ], [ 120.528831790000027, -1.045483069999932 ], [ 120.528832110000053, -1.045484099999953 ], [ 120.528831060000016, -1.045503739999958 ], [ 120.528853400000116, -1.045552139999927 ], [ 120.528898320000053, -1.045695659999978 ], [ 120.529009300000098, -1.045897149999973 ], [ 120.529064670000025, -1.046199269999931 ], [ 120.529119270000024, -1.046293319999961 ], [ 120.529433090000111, -1.046863909999956 ], [ 120.529453180000019, -1.046904409999968 ], [ 120.529454720000103, -1.046907369999929 ], [ 120.529564150000056, -1.047117069999956 ], [ 120.529875210000114, -1.047385829999939 ], [ 120.529930740000054, -1.047511869999937 ], [ 120.529960890000098, -1.047598019999953 ], [ 120.530017230000112, -1.047649239999942 ], [ 120.530048940000029, -1.04762846999995 ], [ 120.530063990000031, -1.047620909999978 ], [ 120.530164090000085, -1.047553879999953 ], [ 120.530519660000095, -1.047721989999957 ], [ 120.530561950000106, -1.047813349999956 ], [ 120.530590910000114, -1.047900229999925 ], [ 120.53057638000007, -1.048001949999957 ], [ 120.530563870000037, -1.048068809999961 ], [ 120.530497060000016, -1.048214229999928 ], [ 120.53046358000006, -1.048382019999963 ], [ 120.530463830000031, -1.048382259999926 ], [ 120.530462860000057, -1.04838682999997 ], [ 120.530551390000028, -1.048464629999955 ], [ 120.530630200000019, -1.048538769999936 ], [ 120.530688360000113, -1.048535369999968 ], [ 120.530836780000072, -1.048535369999968 ], [ 120.530913610000084, -1.048484149999979 ], [ 120.530976670000086, -1.04840532999998 ], [ 120.530997160000084, -1.048382449999963 ], [ 120.531011370000101, -1.048382459999971 ], [ 120.53110313000002, -1.04838682999997 ], [ 120.531251670000074, -1.048361219999947 ], [ 120.531252410000093, -1.04836032999998 ], [ 120.531252840000093, -1.048360259999924 ], [ 120.531330740000044, -1.048270819999971 ], [ 120.531486360000031, -1.048270939999952 ], [ 120.531675240000027, -1.04837176999996 ], [ 120.53173068000001, -1.048539639999944 ], [ 120.531719390000035, -1.048796959999947 ], [ 120.531678440000064, -1.04896126999995 ], [ 120.531651200000056, -1.049052709999955 ], [ 120.53165376000004, -1.049060249999968 ], [ 120.531652480000048, -1.049065409999969 ], [ 120.531820450000055, -1.049562499999979 ], [ 120.53190036, -1.049669929999936 ], [ 120.531902180000088, -1.049672489999978 ], [ 120.532009750000043, -1.049826149999944 ], [ 120.532056950000083, -1.049869069999943 ], [ 120.532095140000024, -1.04991610999997 ], [ 120.532173660000012, -1.050020789999962 ], [ 120.532240600000023, -1.05008614999997 ], [ 120.532361710000032, -1.050221799999974 ], [ 120.532502610000051, -1.05032835999998 ], [ 120.532532210000113, -1.050353729999927 ], [ 120.53270636000002, -1.050604719999967 ], [ 120.532880510000041, -1.050978629999975 ], [ 120.532899360000101, -1.050988779999955 ], [ 120.532902880000051, -1.050994699999933 ], [ 120.533038250000118, -1.051062979999926 ], [ 120.533166030000075, -1.051041639999937 ], [ 120.533192960000065, -1.051040099999966 ], [ 120.53322189000005, -1.050975819999962 ], [ 120.533241500000031, -1.050949539999976 ], [ 120.5333507900001, -1.050949629999934 ], [ 120.533355660000097, -1.050950149999949 ], [ 120.533467210000026, -1.050995149999949 ], [ 120.533579570000029, -1.051092229999938 ], [ 120.533618100000012, -1.051132299999949 ], [ 120.533663800000113, -1.051219339999932 ], [ 120.533715280000024, -1.051336149999941 ], [ 120.53374714000006, -1.051381129999925 ], [ 120.533764480000059, -1.051416619999941 ], [ 120.533795330000089, -1.051449169999955 ], [ 120.533827990000077, -1.051495279999926 ], [ 120.534256630000073, -1.051836389999949 ], [ 120.534362150000106, -1.052070549999939 ], [ 120.534365930000035, -1.052079899999967 ], [ 120.534114900000077, -1.052241959999947 ], [ 120.533962790000032, -1.05233598999996 ], [ 120.533962230000043, -1.052340519999973 ], [ 120.533961280000085, -1.052341119999937 ], [ 120.53393567, -1.052515279999966 ], [ 120.534007380000048, -1.052653579999969 ], [ 120.534007440000096, -1.052653599999928 ], [ 120.534007690000067, -1.052654089999976 ], [ 120.534051270000077, -1.052672939999979 ], [ 120.534181540000077, -1.052730409999924 ], [ 120.534343720000038, -1.052706249999972 ], [ 120.534413960000052, -1.052699889999928 ], [ 120.534528530000102, -1.052653859999964 ], [ 120.534663020000039, -1.052602349999972 ], [ 120.534740710000051, -1.052524669999968 ], [ 120.53477534000001, -1.052495669999928 ], [ 120.534894630000053, -1.05249576999995 ], [ 120.534975470000063, -1.052499909999938 ], [ 120.535170110000081, -1.052520399999935 ], [ 120.535480330000041, -1.052520399999935 ], [ 120.53572336000002, -1.052587329999938 ], [ 120.536130440000079, -1.052760189999958 ], [ 120.53623683, -1.052822779999929 ], [ 120.536332640000069, -1.052883149999957 ], [ 120.536558260000106, -1.052996929999949 ], [ 120.536756370000035, -1.053174429999956 ], [ 120.53676310000003, -1.053181159999951 ], [ 120.536830980000104, -1.053222239999968 ], [ 120.537027410000064, -1.053344569999979 ], [ 120.537239460000023, -1.053483359999973 ], [ 120.537496340000075, -1.05363658999994 ], [ 120.537528430000066, -1.05365656999993 ], [ 120.537618630000111, -1.053815679999957 ], [ 120.537934140000061, -1.053906669999947 ], [ 120.53793536, -1.053907039999956 ], [ 120.538227960000086, -1.053997939999931 ], [ 120.538402310000038, -1.054093809999927 ], [ 120.538481470000079, -1.054138419999958 ], [ 120.53865665, -1.054270909999957 ], [ 120.538995170000021, -1.054407479999952 ], [ 120.539190250000047, -1.054444459999957 ], [ 120.539395880000029, -1.054487299999948 ], [ 120.539491610000027, -1.054501589999973 ], [ 120.539717410000094, -1.054544399999941 ], [ 120.539920480000092, -1.054703589999974 ], [ 120.540033180000023, -1.05493088999998 ], [ 120.540100690000031, -1.055158099999971 ], [ 120.539784280000049, -1.055635 ], [ 120.539784190000091, -1.055757589999928 ], [ 120.539774920000013, -1.055952239999954 ], [ 120.539745080000102, -1.056148319999977 ], [ 120.539738710000051, -1.056180229999939 ], [ 120.539648250000027, -1.056407319999948 ], [ 120.539423810000017, -1.056615049999948 ], [ 120.539180750000014, -1.056823 ], [ 120.539190900000108, -1.056830609999963 ], [ 120.539187360000028, -1.05683388999995 ], [ 120.539218650000066, -1.05685141999993 ], [ 120.53925525000011, -1.056878879999942 ], [ 120.539426560000038, -1.057075579999946 ], [ 120.539437190000058, -1.057088609999937 ], [ 120.539437140000018, -1.057158279999953 ], [ 120.53943576000006, -1.057176479999953 ], [ 120.539430350000089, -1.05718472999996 ], [ 120.539399680000088, -1.057225829999936 ], [ 120.539381430000049, -1.057259399999964 ], [ 120.539359840000088, -1.057292339999947 ], [ 120.539470490000099, -1.057505879999951 ], [ 120.539472260000025, -1.057509939999932 ], [ 120.539473690000023, -1.057513239999935 ], [ 120.539471710000043, -1.057607969999935 ], [ 120.539368620000118, -1.057767769999941 ], [ 120.53934933000005, -1.057796829999972 ], [ 120.539318090000052, -1.05790350999996 ], [ 120.539261890000034, -1.057972469999925 ], [ 120.539250760000073, -1.057988739999928 ], [ 120.539190050000116, -1.058073419999971 ], [ 120.539198230000011, -1.058222289999946 ], [ 120.539199310000072, -1.058254829999953 ], [ 120.539212350000071, -1.058267969999974 ], [ 120.539361840000083, -1.058423 ], [ 120.539386090000107, -1.058476449999944 ], [ 120.539404860000104, -1.05852060999996 ], [ 120.539409790000036, -1.058532879999973 ], [ 120.539415640000016, -1.058545959999947 ], [ 120.539436, -1.058593889999941 ], [ 120.53959391, -1.058626119999929 ], [ 120.539712370000075, -1.058632459999956 ], [ 120.539837050000074, -1.058663939999974 ], [ 120.539934440000025, -1.05871561999993 ], [ 120.539955560000067, -1.058727079999926 ], [ 120.540016600000058, -1.058911889999933 ], [ 120.540017430000034, -1.059225439999977 ], [ 120.540017380000108, -1.059285369999941 ], [ 120.539992010000105, -1.059363879999978 ], [ 120.539940810000076, -1.059517479999954 ], [ 120.53995314000008, -1.059579149999934 ], [ 120.539961, -1.059624199999973 ], [ 120.53997860000004, -1.059643299999948 ], [ 120.540119950000076, -1.059797019999962 ], [ 120.540170380000063, -1.059931499999948 ], [ 120.540172770000027, -1.05993811999997 ], [ 120.54007321000006, -1.060317949999956 ], [ 120.540043970000056, -1.060425489999943 ], [ 120.540036290000103, -1.060453549999977 ], [ 120.540015950000111, -1.060484289999977 ], [ 120.53999199000009, -1.060518669999965 ], [ 120.539974940000093, -1.06057347999996 ], [ 120.5399605, -1.06061595999995 ], [ 120.539960740000083, -1.06063426999998 ], [ 120.539960650000012, -1.060757139999964 ], [ 120.539977140000019, -1.06094134999995 ], [ 120.53997822000008, -1.060954559999971 ], [ 120.539978480000059, -1.060956339999962 ], [ 120.539979190000054, -1.060964239999976 ], [ 120.539983690000099, -1.060991639999941 ], [ 120.540014570000039, -1.061200529999951 ], [ 120.540022600000043, -1.061265479999975 ], [ 120.540078580000113, -1.061422399999969 ], [ 120.540117900000041, -1.061462029999973 ], [ 120.540205530000094, -1.061553389999972 ], [ 120.540271690000054, -1.061629639999978 ], [ 120.54027176000011, -1.061629699999969 ], [ 120.540273500000012, -1.061631749999947 ], [ 120.540422130000024, -1.061749869999971 ], [ 120.54045364000001, -1.061770779999961 ], [ 120.540795140000114, -1.062000309999974 ], [ 120.540938480000023, -1.062094549999927 ], [ 120.541178930000115, -1.062156019999975 ], [ 120.541433990000087, -1.06222232999994 ], [ 120.541437, -1.062222949999978 ], [ 120.54153693, -1.062264479999953 ], [ 120.541724450000061, -1.062282079999932 ], [ 120.542003820000104, -1.062339559999941 ], [ 120.542011740000021, -1.062341559999936 ], [ 120.542011936000108, -1.062341573999959 ], [ 120.542174720000048, -1.062352869999927 ], [ 120.542186890000039, -1.062351769999964 ], [ 120.542194850000101, -1.062352229999931 ], [ 120.542199220000043, -1.062350649999928 ], [ 120.542243330000019, -1.062346669999954 ], [ 120.542306500000109, -1.06231202999993 ], [ 120.542314880000049, -1.06230901999993 ], [ 120.542362890000049, -1.06224659999998 ], [ 120.542454120000116, -1.062237 ], [ 120.542545350000069, -1.062285009999925 ], [ 120.542602960000067, -1.062347429999932 ], [ 120.542597130000104, -1.062394059999974 ], [ 120.542592450000029, -1.062422239999933 ], [ 120.542560790000039, -1.062467679999941 ], [ 120.542547270000114, -1.062485699999968 ], [ 120.542508540000085, -1.062505149999936 ], [ 120.542439720000061, -1.062515479999945 ], [ 120.542415710000114, -1.062582689999942 ], [ 120.542417680000085, -1.062620209999977 ], [ 120.542417640000053, -1.062679389999971 ], [ 120.542481, -1.062762499999963 ], [ 120.542580730000054, -1.062856709999949 ], [ 120.542692830000078, -1.063001129999975 ], [ 120.542742640000029, -1.06310783999993 ], [ 120.542817410000112, -1.063164399999948 ], [ 120.54286189000004, -1.06318873999993 ], [ 120.543025480000097, -1.063288499999942 ], [ 120.543406050000044, -1.063277829999947 ], [ 120.543521880000071, -1.063277919999962 ], [ 120.543596030000117, -1.06333798999998 ], [ 120.543616050000082, -1.063360519999947 ], [ 120.543628900000044, -1.063416159999974 ], [ 120.543522840000037, -1.063522709999972 ], [ 120.543488140000022, -1.063561069999935 ], [ 120.543467210000017, -1.06358137999996 ], [ 120.543467210000017, -1.06358419999998 ], [ 120.543460430000096, -1.063591699999961 ], [ 120.543466590000094, -1.063704659999928 ], [ 120.543467210000017, -1.063705829999947 ], [ 120.543467210000017, -1.06371581999997 ], [ 120.543502570000101, -1.063772399999948 ], [ 120.543559960000039, -1.063880439999934 ], [ 120.543659610000077, -1.064024859999961 ], [ 120.543698940000013, -1.064027519999968 ], [ 120.543745690000037, -1.064032709999935 ], [ 120.543746990000045, -1.064030769999931 ], [ 120.543753160000051, -1.064031179999972 ], [ 120.543809330000045, -1.063943389999963 ], [ 120.543865570000094, -1.063780269999938 ], [ 120.543890660000102, -1.063604579999947 ], [ 120.54402167, -1.063485439999965 ], [ 120.544121540000106, -1.063397689999931 ], [ 120.544121720000021, -1.06315922999994 ], [ 120.544121920000066, -1.062917969999944 ], [ 120.544198670000014, -1.06288141999994 ], [ 120.544209210000076, -1.062876879999976 ], [ 120.544333900000083, -1.062908359999938 ], [ 120.544405450000113, -1.062974939999947 ], [ 120.544415720000075, -1.062987249999935 ], [ 120.544437640000069, -1.063081369999963 ], [ 120.544439560000114, -1.063092339999969 ], [ 120.544429290000039, -1.063189579999971 ], [ 120.54442237, -1.063226289999932 ], [ 120.544358420000094, -1.063448079999944 ], [ 120.544351660000075, -1.063505369999973 ], [ 120.544341060000079, -1.063547769999957 ], [ 120.544326520000027, -1.063603299999954 ], [ 120.5443208800001, -1.06361746999994 ], [ 120.544289590000062, -1.063736699999936 ], [ 120.544152240000017, -1.063968749999958 ], [ 120.544168080000077, -1.064341609999929 ], [ 120.544153890000075, -1.064517609999939 ], [ 120.544138340000018, -1.064649669999937 ], [ 120.544237840000051, -1.064976079999951 ], [ 120.544443930000057, -1.065043519999961 ], [ 120.54451366, -1.065067969999973 ], [ 120.544624320000025, -1.065108179999925 ], [ 120.544674240000063, -1.065076849999969 ], [ 120.544740410000031, -1.06507272999994 ], [ 120.544777990000057, -1.065074609999954 ], [ 120.544824070000118, -1.065084429999956 ], [ 120.544911140000067, -1.065108409999937 ], [ 120.545009770000092, -1.065124009999977 ], [ 120.545070870000018, -1.06513702999996 ], [ 120.545092150000073, -1.06513702999996 ], [ 120.545110630000067, -1.065139949999946 ], [ 120.54517549000002, -1.06513702999996 ], [ 120.545282130000032, -1.06513702999996 ], [ 120.545695050000063, -1.064978579999945 ], [ 120.545871010000042, -1.064881169999978 ], [ 120.545961740000052, -1.064838019999968 ], [ 120.546161300000108, -1.064838179999924 ], [ 120.546329650000075, -1.064806939999926 ], [ 120.546382090000066, -1.064789399999938 ], [ 120.546439260000056, -1.064776919999929 ], [ 120.546644640000068, -1.064632229999972 ], [ 120.546703130000083, -1.064646289999928 ], [ 120.546775190000062, -1.064671229999931 ], [ 120.546775290000028, -1.064671539999949 ], [ 120.546775310000044, -1.06467159999994 ], [ 120.546770560000027, -1.064700099999925 ], [ 120.546708140000078, -1.06477211999993 ], [ 120.546616920000019, -1.064964179999947 ], [ 120.546617900000115, -1.064964869999926 ], [ 120.546617750000109, -1.064965189999953 ], [ 120.546704970000064, -1.065028039999959 ], [ 120.546716970000034, -1.065106839999942 ], [ 120.546675470000082, -1.065159199999925 ], [ 120.546611290000101, -1.065235049999956 ], [ 120.546729680000112, -1.06532926999995 ], [ 120.546745460000011, -1.065335 ], [ 120.546756160000086, -1.065343489999975 ], [ 120.546839110000064, -1.065369009999927 ], [ 120.54688550000003, -1.065385859999935 ], [ 120.546911600000044, -1.065391319999947 ], [ 120.54694341000004, -1.065401099999974 ], [ 120.547068250000052, -1.065429909999978 ], [ 120.547168400000032, -1.065517 ], [ 120.547260650000112, -1.065723349999928 ], [ 120.547270560000015, -1.06576210999998 ], [ 120.547350920000099, -1.065919879999967 ], [ 120.54737762000002, -1.065976169999942 ], [ 120.547381250000058, -1.065979409999954 ], [ 120.547389940000016, -1.065996469999959 ], [ 120.547419390000073, -1.066013579999947 ], [ 120.547433690000048, -1.066026379999926 ], [ 120.547492670000111, -1.066056129999936 ], [ 120.54763902000002, -1.066141099999925 ], [ 120.547676750000051, -1.06616465999997 ], [ 120.547750310000083, -1.06630365999996 ], [ 120.547788450000098, -1.066385389999937 ], [ 120.547838890000094, -1.066475059999959 ], [ 120.547889840000039, -1.066613859999961 ], [ 120.547903690000112, -1.066683069999954 ], [ 120.547921060000021, -1.066874149999933 ], [ 120.547921030000111, -1.066899899999953 ], [ 120.547889280000049, -1.066995159999976 ], [ 120.547922890000109, -1.067254439999942 ], [ 120.547935980000034, -1.067268779999949 ], [ 120.548082710000017, -1.067453679999971 ], [ 120.5481201, -1.067470429999958 ], [ 120.548124550000011, -1.067475299999955 ], [ 120.548134600000026, -1.067476919999933 ], [ 120.548138800000061, -1.067478809999955 ], [ 120.54828219, -1.067504049999968 ], [ 120.54833584000005, -1.067509479999956 ], [ 120.548451040000032, -1.067528109999955 ], [ 120.548619090000102, -1.06760012999996 ], [ 120.548681510000051, -1.067782589999979 ], [ 120.548698090000016, -1.068028069999968 ], [ 120.548700490000101, -1.06815279999995 ], [ 120.54885214, -1.068196539999974 ], [ 120.548873560000061, -1.068205109999951 ], [ 120.548972670000012, -1.068193879999967 ], [ 120.549005990000069, -1.068190709999953 ], [ 120.54904711000006, -1.068193939999958 ], [ 120.549084820000076, -1.068205109999951 ], [ 120.549156310000058, -1.068246349999924 ], [ 120.549192990000051, -1.068272449999938 ], [ 120.54925642, -1.068380669999954 ], [ 120.549276880000093, -1.068425969999964 ], [ 120.549280100000033, -1.068437919999951 ], [ 120.54930502000002, -1.068548659999976 ], [ 120.549523130000011, -1.06869316999996 ], [ 120.549546830000054, -1.068724599999939 ], [ 120.549634600000104, -1.068853389999958 ], [ 120.549656190000064, -1.069059749999951 ], [ 120.549666040000034, -1.069329009999933 ], [ 120.549665940000068, -1.069452579999961 ], [ 120.549696990000029, -1.06958439999994 ], [ 120.549740610000072, -1.069628349999959 ], [ 120.549846620000039, -1.069628439999974 ], [ 120.549865840000052, -1.069628449999925 ], [ 120.549993860000086, -1.069630959999927 ], [ 120.550037720000091, -1.06965858999996 ], [ 120.550145930000099, -1.069741549999947 ], [ 120.550220780000018, -1.069784879999929 ], [ 120.550254830000085, -1.069816579999952 ], [ 120.550319780000109, -1.069898209999963 ], [ 120.550380840000116, -1.069917869999927 ], [ 120.550421100000108, -1.06993934999997 ], [ 120.55050209, -1.070021 ], [ 120.550506030000065, -1.070114399999966 ], [ 120.550506030000065, -1.070341719999931 ], [ 120.550484470000015, -1.070415989999958 ], [ 120.550445580000087, -1.070529289999968 ], [ 120.550420540000118, -1.070635939999931 ], [ 120.550345640000046, -1.070704919999969 ], [ 120.550323560000038, -1.07073201999998 ], [ 120.550285170000052, -1.070769039999959 ], [ 120.550209130000098, -1.070808469999974 ], [ 120.550158510000074, -1.070830269999931 ], [ 120.550149600000054, -1.070846549999942 ], [ 120.550083510000036, -1.070961099999977 ], [ 120.550126720000094, -1.071052329999929 ], [ 120.550132800000029, -1.071054809999964 ], [ 120.550133390000042, -1.071056159999955 ], [ 120.550239350000084, -1.071106459999953 ], [ 120.550307890000113, -1.071131599999944 ], [ 120.550413840000033, -1.071207009999966 ], [ 120.550450810000029, -1.071325159999958 ], [ 120.55045107, -1.071326789999944 ], [ 120.550432350000051, -1.071451739999929 ], [ 120.55041355000003, -1.071570969999925 ], [ 120.550391110000078, -1.071622479999974 ], [ 120.550347360000046, -1.071716479999964 ], [ 120.550307370000041, -1.071796809999967 ], [ 120.550101240000117, -1.072248469999977 ], [ 120.550082460000112, -1.072348839999961 ], [ 120.550084720000086, -1.072364859999936 ], [ 120.550083510000036, -1.07237269999996 ], [ 120.550091370000018, -1.072412 ], [ 120.5501001, -1.072473879999961 ], [ 120.550029230000064, -1.072613409999974 ], [ 120.549944960000062, -1.072769179999966 ], [ 120.549963590000061, -1.072857069999941 ], [ 120.54998846, -1.072963759999936 ], [ 120.55001741, -1.07306116999996 ], [ 120.550029910000035, -1.073115879999932 ], [ 120.550044370000023, -1.073208559999955 ], [ 120.550047030000087, -1.073216609999974 ], [ 120.550058770000078, -1.07325211999995 ], [ 120.550068336000095, -1.073304715999939 ], [ 120.550069110000095, -1.073308969999971 ], [ 120.5500870300001, -1.073308189999977 ], [ 120.550181420000058, -1.073353 ], [ 120.550318630000106, -1.073340569999971 ], [ 120.550443370000039, -1.073303 ], [ 120.55046397000001, -1.073291619999964 ], [ 120.550506030000065, -1.073289769999974 ], [ 120.550602060000074, -1.07321294999997 ], [ 120.550619140000094, -1.073164149999968 ], [ 120.550636780000104, -1.073139989999959 ], [ 120.550686800000108, -1.072989449999966 ], [ 120.55069828, -1.07292420999994 ], [ 120.550712490000024, -1.072876849999943 ], [ 120.550779440000042, -1.072805119999941 ], [ 120.55079516, -1.072801839999954 ], [ 120.550923500000067, -1.072777 ], [ 120.551067290000105, -1.072795209999924 ], [ 120.551142040000059, -1.072864269999968 ], [ 120.551141940000093, -1.072989809999967 ], [ 120.551146030000041, -1.073033269999939 ], [ 120.551144620000059, -1.073102509999956 ], [ 120.551152860000116, -1.073105869999949 ], [ 120.551154330000031, -1.073121579999963 ], [ 120.55133059000002, -1.073185609999939 ], [ 120.551362580000045, -1.073191319999978 ], [ 120.551403890000074, -1.073208149999971 ], [ 120.55166870000005, -1.073199459999955 ], [ 120.551804450000077, -1.073217399999976 ], [ 120.551942360000112, -1.073228179999944 ], [ 120.551970690000076, -1.073231599999929 ], [ 120.552004880000027, -1.073244249999959 ], [ 120.552203790000021, -1.073325429999954 ], [ 120.552217760000076, -1.073332719999939 ], [ 120.552451780000069, -1.073479559999953 ], [ 120.552468160000103, -1.07351258999995 ], [ 120.552578720000042, -1.073779139999942 ], [ 120.552759600000059, -1.074052319999964 ], [ 120.552803130000029, -1.074149919999968 ], [ 120.552811460000044, -1.074161449999963 ], [ 120.5528299, -1.074202029999981 ], [ 120.552902080000081, -1.074267519999978 ], [ 120.552908330000037, -1.074270489999947 ], [ 120.552933980000034, -1.074294359999953 ], [ 120.553077340000073, -1.074357219999968 ], [ 120.55317269000011, -1.074396219999926 ], [ 120.553319640000041, -1.074466109999946 ], [ 120.553503300000102, -1.07450726999997 ], [ 120.553594700000076, -1.074533349999967 ], [ 120.553681920000031, -1.074640129999977 ], [ 120.55368395000005, -1.074641459999953 ], [ 120.553689350000013, -1.074648559999957 ], [ 120.553871800000024, -1.074773389999962 ], [ 120.554085230000055, -1.074880109999924 ], [ 120.554093260000059, -1.074885169999959 ], [ 120.554127030000018, -1.07495672999994 ], [ 120.554156490000082, -1.075037739999971 ], [ 120.554161620000059, -1.075142519999929 ], [ 120.554171050000036, -1.075174079999954 ], [ 120.554171310000015, -1.075177079999946 ], [ 120.554227100000048, -1.075373569999954 ], [ 120.554347140000118, -1.075541609999959 ], [ 120.554443350000042, -1.075601419999941 ], [ 120.554468340000085, -1.075621579999961 ], [ 120.554605440000046, -1.075696979999975 ], [ 120.554761270000085, -1.075753569999961 ], [ 120.555066730000021, -1.07583539999996 ], [ 120.555140190000088, -1.075946509999937 ], [ 120.555168670000057, -1.075995389999946 ], [ 120.555197810000095, -1.076113149999969 ], [ 120.555201780000061, -1.076132179999945 ], [ 120.555203540000093, -1.076136289999965 ], [ 120.555203660000075, -1.07613675999994 ], [ 120.555204280000112, -1.076138019999973 ], [ 120.555230590000065, -1.07619939999995 ], [ 120.555314710000061, -1.076246079999976 ], [ 120.555397780000021, -1.076283289999935 ], [ 120.555427960000088, -1.076350279999929 ], [ 120.555417160000047, -1.076464689999966 ], [ 120.55540824000002, -1.076530699999978 ], [ 120.55541079000011, -1.076532139999927 ], [ 120.555410510000115, -1.076535109999952 ], [ 120.555522720000113, -1.076604199999963 ], [ 120.555616180000015, -1.076660769999933 ], [ 120.55562864, -1.076710989999924 ], [ 120.555622360000029, -1.076748609999925 ], [ 120.555560550000109, -1.076831449999929 ], [ 120.555547480000087, -1.076847589999943 ], [ 120.555548040000076, -1.076848199999972 ], [ 120.555547470000079, -1.076848969999958 ], [ 120.555584830000043, -1.076905499999953 ], [ 120.555617130000087, -1.076918029999945 ], [ 120.555656060000047, -1.076943989999961 ], [ 120.555763540000044, -1.076910009999949 ], [ 120.555792150000116, -1.076910009999949 ], [ 120.555809300000078, -1.076911929999937 ], [ 120.55591526, -1.07696851999998 ], [ 120.555933220000043, -1.077019269999937 ], [ 120.555952820000016, -1.07716204999997 ], [ 120.555958640000085, -1.077257219999979 ], [ 120.555969680000089, -1.077324089999934 ], [ 120.555970000000116, -1.077327729999979 ], [ 120.555970310000021, -1.077327879999928 ], [ 120.555971080000063, -1.07733251999997 ], [ 120.556084910000095, -1.077383539999971 ], [ 120.556138050000072, -1.077409349999925 ], [ 120.556219670000019, -1.077543789999936 ], [ 120.556334910000032, -1.077721439999948 ], [ 120.556368520000092, -1.077870279999956 ], [ 120.556421330000035, -1.078105549999975 ], [ 120.556441350000114, -1.078175629999976 ], [ 120.556462930000066, -1.078267969999956 ], [ 120.55647392000003, -1.078390939999963 ], [ 120.556469640000046, -1.078462289999948 ], [ 120.556462720000013, -1.078531509999948 ], [ 120.556467750000024, -1.078595419999942 ], [ 120.556483750000098, -1.078835359999971 ], [ 120.556486860000064, -1.078837889999932 ], [ 120.556487620000098, -1.07884759999996 ], [ 120.556568630000015, -1.078910419999943 ], [ 120.556610030000115, -1.078938259999973 ], [ 120.556743020000113, -1.079046619999929 ], [ 120.556779670000083, -1.079105569999967 ], [ 120.556842700000061, -1.079236969999954 ], [ 120.556911140000011, -1.07944410999994 ], [ 120.557004360000064, -1.07980189999995 ], [ 120.556991760000074, -1.07999013999995 ], [ 120.55699289000006, -1.079994709999937 ], [ 120.556987890000073, -1.080059709999944 ], [ 120.557015160000105, -1.080084639999939 ], [ 120.557016630000021, -1.080090579999933 ], [ 120.557297710000057, -1.08034411999995 ], [ 120.557301160000065, -1.080346119999945 ], [ 120.5573239900001, -1.080367 ], [ 120.557460190000029, -1.080442139999946 ], [ 120.557472820000044, -1.080550939999966 ], [ 120.557484510000108, -1.080681419999962 ], [ 120.557484440000053, -1.080770979999954 ], [ 120.557571640000106, -1.080852639999932 ], [ 120.557655790000013, -1.080919029999961 ], [ 120.557722500000068, -1.080981579999957 ], [ 120.557837740000082, -1.08115442999997 ], [ 120.557957080000051, -1.08135969999995 ], [ 120.557957730000112, -1.081361109999932 ], [ 120.557938570000033, -1.081471319999935 ], [ 120.557880950000026, -1.081528929999934 ], [ 120.557869500000038, -1.081570919999933 ], [ 120.557845370000109, -1.081643569999926 ], [ 120.557863990000101, -1.081750259999978 ], [ 120.557865250000077, -1.081752519999952 ], [ 120.557866550000085, -1.081764199999952 ], [ 120.557891660000109, -1.081800079999937 ], [ 120.557951170000024, -1.081907239999964 ], [ 120.558007240000052, -1.081963749999943 ], [ 120.558017060000111, -1.081975459999967 ], [ 120.558022161000054, -1.081981540999948 ], [ 120.558030800000097, -1.081991839999944 ], [ 120.558131900000035, -1.082125079999969 ], [ 120.5582353100001, -1.082573139999965 ], [ 120.558262070000069, -1.082908519999933 ], [ 120.558265140000117, -1.082941219999952 ], [ 120.558274410000081, -1.083096179999927 ], [ 120.558274390000065, -1.083128189999968 ], [ 120.558268370000064, -1.083247179999944 ], [ 120.558266520000075, -1.08325825999998 ], [ 120.558218060000058, -1.08340426999996 ], [ 120.558174340000051, -1.083479529999977 ], [ 120.558090710000101, -1.083580339999969 ], [ 120.558087410000098, -1.083583919999967 ], [ 120.558087310000019, -1.083584439999925 ], [ 120.558080700000119, -1.083592409999937 ], [ 120.558018590000074, -1.083916019999947 ], [ 120.557979740000064, -1.08396874999994 ], [ 120.557961720000094, -1.083992279999961 ], [ 120.557842540000024, -1.084025649999944 ], [ 120.557698500000015, -1.084198499999957 ], [ 120.557698160000086, -1.084202169999969 ], [ 120.55769362, -1.084207099999958 ], [ 120.557674800000086, -1.084357669999974 ], [ 120.557599940000046, -1.084420359999967 ], [ 120.557499750000034, -1.084521049999978 ], [ 120.557002300000022, -1.084745859999941 ], [ 120.557000820000098, -1.084753669999941 ], [ 120.556976060000011, -1.084871689999943 ], [ 120.556976050000117, -1.084884599999953 ], [ 120.556968690000076, -1.084923509999953 ], [ 120.556976, -1.084944779999944 ], [ 120.556976, -1.084946989999935 ], [ 120.557019550000064, -1.085078819999978 ], [ 120.556945450000057, -1.085319409999954 ], [ 120.557088710000016, -1.085463859999948 ], [ 120.557220250000114, -1.085555299999953 ], [ 120.557275980000099, -1.085595699999942 ], [ 120.557390040000087, -1.085599729999956 ], [ 120.55749392000007, -1.085608529999945 ], [ 120.557642830000077, -1.085608649999926 ], [ 120.557672810000099, -1.085609709999972 ], [ 120.557706020000069, -1.085617689999935 ], [ 120.557808750000049, -1.085653259999958 ], [ 120.557911520000062, -1.085797119999938 ], [ 120.557933080000112, -1.085818849999953 ], [ 120.557938570000033, -1.085826169999962 ], [ 120.557943800000089, -1.085829659999945 ], [ 120.557973820000029, -1.085859919999962 ], [ 120.558129880000024, -1.085954339999944 ], [ 120.558192900000108, -1.085997189999944 ], [ 120.55820438, -1.086060939999925 ], [ 120.558204340000088, -1.086117399999978 ], [ 120.558210450000047, -1.086230369999953 ], [ 120.558216870000024, -1.086236189999966 ], [ 120.558217050000053, -1.086239089999935 ], [ 120.558262860000013, -1.086277929999937 ], [ 120.558272760000023, -1.086286919999964 ], [ 120.558282040000108, -1.086294189999933 ], [ 120.558437910000066, -1.086426339999946 ], [ 120.558615560000021, -1.086603989999958 ], [ 120.558623300000022, -1.086610089999965 ], [ 120.558641040000111, -1.086628599999926 ], [ 120.55875943, -1.086722849999944 ], [ 120.558783310000081, -1.086751449999952 ], [ 120.558804670000086, -1.086777009999935 ], [ 120.558921400000031, -1.086960419999969 ], [ 120.55896494000001, -1.087043069999936 ], [ 120.558989800000063, -1.087156049999976 ], [ 120.559112800000094, -1.08727381999995 ], [ 120.55911970000011, -1.087280979999946 ], [ 120.559249340000065, -1.087357809999958 ], [ 120.559431790000076, -1.087477839999963 ], [ 120.559464210000101, -1.087501869999926 ], [ 120.559507, -1.087539259999971 ], [ 120.559687710000048, -1.087671159999957 ], [ 120.559779500000104, -1.087798429999964 ], [ 120.559887930000059, -1.087977189999947 ], [ 120.560003160000065, -1.088063609999949 ], [ 120.560156800000073, -1.088102019999951 ], [ 120.56025331, -1.088192679999963 ], [ 120.56037979000007, -1.08836273999998 ], [ 120.560387270000092, -1.088375699999972 ], [ 120.560503910000079, -1.088520339999945 ], [ 120.560514223000041, -1.088781535999942 ], [ 120.560516110000094, -1.088829319999945 ], [ 120.560628250000036, -1.088967459999935 ], [ 120.560740390000092, -1.089061679999929 ], [ 120.5607506, -1.089090859999942 ], [ 120.560777710000025, -1.089168379999933 ], [ 120.560862470000075, -1.089265199999943 ], [ 120.560956290000036, -1.089436379999938 ], [ 120.560975040000017, -1.089476539999964 ], [ 120.561006650000081, -1.089648059999945 ], [ 120.560970360000056, -1.089724269999977 ], [ 120.560970236000117, -1.089724486999955 ], [ 120.561053349000076, -1.089768639999932 ], [ 120.561102218000087, -1.090355066999962 ], [ 120.561688645000118, -1.091430182999943 ], [ 120.562446113000078, -1.092383126999948 ], [ 120.56398548300001, -1.092578601999946 ], [ 120.5639602440001, -1.093083374999935 ], [ 120.5640092000001, -1.093094969999925 ], [ 120.564137870000081, -1.093209139999942 ], [ 120.564170730000114, -1.093242789999977 ], [ 120.56422241000007, -1.093310479999957 ], [ 120.564236380000011, -1.093318939999961 ], [ 120.564270240000042, -1.09333941999995 ], [ 120.564314800000034, -1.093378739999935 ], [ 120.564487650000046, -1.093431549999934 ], [ 120.564517230000092, -1.093433569999945 ], [ 120.564640090000012, -1.093455159999962 ], [ 120.564908210000112, -1.093461669999954 ], [ 120.564929650000067, -1.093479169999966 ], [ 120.565039030000094, -1.093584779999958 ], [ 120.565038960000038, -1.093662679999966 ], [ 120.565030200000024, -1.093719629999953 ], [ 120.565060030000041, -1.093734549999965 ], [ 120.565107480000052, -1.093769339999938 ], [ 120.565263370000025, -1.093750629999931 ], [ 120.565450480000095, -1.093700569999953 ], [ 120.56554395, -1.093750859999943 ], [ 120.565656160000117, -1.093807449999929 ], [ 120.565698780000048, -1.09382463999998 ], [ 120.565775440000039, -1.09386405999993 ], [ 120.565787420000106, -1.093872849999968 ], [ 120.565870150000023, -1.093979219999937 ], [ 120.565880480000033, -1.093995889999974 ], [ 120.565903640000101, -1.094061340999929 ], [ 120.565911570000026, -1.094083749999925 ], [ 120.565940950000027, -1.094118329999958 ], [ 120.565952070000094, -1.094142149999925 ], [ 120.56597867000005, -1.094160249999959 ], [ 120.565991560000043, -1.094174339999938 ], [ 120.566106240000067, -1.094251429999929 ], [ 120.56619129, -1.094285759999934 ], [ 120.56630989000007, -1.094347429999971 ], [ 120.566313170000058, -1.094352389999926 ], [ 120.566373490000046, -1.094579729999964 ], [ 120.566341090000037, -1.094693559999939 ], [ 120.566231020000032, -1.094788449999953 ], [ 120.566201410000076, -1.094809679999969 ], [ 120.566177080000102, -1.094846369999971 ], [ 120.566168130000051, -1.09485755999998 ], [ 120.566168900000093, -1.094858699999975 ], [ 120.566163130000064, -1.094867399999941 ], [ 120.566366500000072, -1.095151309999949 ], [ 120.566410610000048, -1.095216609999966 ], [ 120.566387, -1.095287719999931 ], [ 120.566288160000113, -1.095481739999968 ], [ 120.566139320000048, -1.095596969999974 ], [ 120.566073330000108, -1.095680959999925 ], [ 120.566028580000079, -1.09573340999998 ], [ 120.566028360000018, -1.096002909999925 ], [ 120.566257720000067, -1.096157059999939 ], [ 120.566345410000054, -1.096359269999937 ], [ 120.566388990000064, -1.096470819999979 ], [ 120.56642966000004, -1.096519239999964 ], [ 120.566486840000039, -1.096599949999927 ], [ 120.56672298, -1.096645429999967 ], [ 120.566941150000048, -1.096696489999943 ], [ 120.567087210000068, -1.096692839999946 ], [ 120.567137020000018, -1.096696729999962 ], [ 120.5672111, -1.096721649999949 ], [ 120.567319460000022, -1.09676331999998 ], [ 120.56753842, -1.09694726999993 ], [ 120.567627070000071, -1.096983849999958 ], [ 120.56797825000001, -1.097138209999969 ], [ 120.568179820000069, -1.097121009999967 ], [ 120.568322390000048, -1.09712111999994 ], [ 120.568570990000012, -1.097121329999936 ], [ 120.568727280000076, -1.097074269999951 ], [ 120.568765670000062, -1.097071 ], [ 120.568967330000078, -1.096917349999956 ], [ 120.569334520000098, -1.096799659999931 ], [ 120.569474870000022, -1.096835099999964 ], [ 120.56966594000005, -1.097008509999966 ], [ 120.569684050000092, -1.097016619999977 ], [ 120.569706740000015, -1.097037389999969 ], [ 120.569778730000053, -1.097059069999943 ], [ 120.569838010000012, -1.097085639999932 ], [ 120.570016550000105, -1.09713069999998 ], [ 120.570090380000011, -1.097152939999944 ], [ 120.570105260000105, -1.097157419999974 ], [ 120.570526740000105, -1.097086379999951 ], [ 120.570589713000118, -1.097131720999926 ], [ 120.570992062000073, -1.097135626999943 ], [ 120.571383013000059, -1.097282233999977 ], [ 120.571487868000077, -1.097365579999973 ], [ 120.571621249000032, -1.097471600999938 ], [ 120.571828942000025, -1.097648750999952 ], [ 120.57210993800004, -1.097770922999928 ], [ 120.572348174000012, -1.097917529999961 ], [ 120.572519215000057, -1.098051918999943 ], [ 120.572787994, -1.098210742999925 ], [ 120.573630982000054, -1.098210742999925 ], [ 120.57366843300008, -1.098438851999958 ], [ 120.573687490000111, -1.098439289999931 ], [ 120.57438830000001, -1.098783129999958 ], [ 120.574694170000043, -1.098937379999938 ], [ 120.574709845000029, -1.098961804999931 ], [ 120.574987094000107, -1.098931558999936 ], [ 120.576159948000054, -1.099566854999978 ], [ 120.57611849400007, -1.099934013999928 ], [ 120.576249830000052, -1.100000239999929 ], [ 120.576383540000052, -1.100173559999973 ], [ 120.576517300000091, -1.100346909999928 ], [ 120.576765780000073, -1.100501079999958 ], [ 120.576779210000041, -1.100506889999963 ], [ 120.576841590000072, -1.100547189999929 ], [ 120.576952900000038, -1.100581979999959 ], [ 120.577033440000037, -1.100616799999955 ], [ 120.577234710000084, -1.100657479999938 ], [ 120.577316930000052, -1.100676829999941 ], [ 120.57734611, -1.100661809999963 ], [ 120.577473310000073, -1.100597909999976 ], [ 120.577664460000051, -1.100713559999974 ], [ 120.577691500000014, -1.100740819999942 ], [ 120.577715500000068, -1.100765639999963 ], [ 120.577758240000094, -1.100810119999949 ], [ 120.577790980000032, -1.100841109999976 ], [ 120.577893760000052, -1.100944709999965 ], [ 120.577894870000023, -1.100946629999953 ], [ 120.577983011000015, -1.101098948999947 ], [ 120.578188007000108, -1.101142876999972 ], [ 120.578530090000072, -1.101191745999927 ], [ 120.579263123000032, -1.101729303999946 ], [ 120.579702943000029, -1.101949213999944 ], [ 120.580118329000015, -1.10234016499993 ], [ 120.580460411000104, -1.102975460999971 ], [ 120.580423760000031, -1.104343789999973 ], [ 120.580607018000023, -1.104918 ], [ 120.580753625000057, -1.105736553999975 ], [ 120.580607304000068, -1.106005595999932 ], [ 120.580916390000084, -1.106293549999975 ], [ 120.581188800000064, -1.106499109999959 ], [ 120.581159847000094, -1.106591759999958 ], [ 120.581233151000106, -1.106652845999974 ], [ 120.581477495000058, -1.106860538999968 ], [ 120.581385866000119, -1.107306466999944 ], [ 120.581532473000038, -1.107746286999941 ], [ 120.581724995000059, -1.108480276999956 ], [ 120.581654010000079, -1.10848188999995 ], [ 120.581153193000091, -1.108475922999958 ], [ 120.581012738000027, -1.108089744999972 ], [ 120.578928086000019, -1.108311327999957 ], [ 120.578919060000089, -1.108312701999978 ], [ 120.576836508000042, -1.108629852999968 ], [ 120.575756090000027, -1.10905224499993 ], [ 120.575700684000026, -1.109093790999964 ], [ 120.574384791000057, -1.109156110999947 ], [ 120.570270893000043, -1.109467711999969 ], [ 120.569966160000035, -1.109405391999928 ], [ 120.569869199000095, -1.109516182999926 ], [ 120.569986937000067, -1.110118610999962 ], [ 120.569987033000075, -1.110119224999949 ], [ 120.570142032000035, -1.111109031999945 ], [ 120.568989460000012, -1.11228830999994 ], [ 120.568940850000104, -1.112315979999948 ], [ 120.568401430000108, -1.112623 ], [ 120.56802631000005, -1.112827609999954 ], [ 120.566998690000105, -1.113201299999957 ], [ 120.56672165000009, -1.113303259999952 ], [ 120.566188970000098, -1.113492839999935 ], [ 120.564450430000079, -1.114111579999928 ], [ 120.559296680000102, -1.115945799999963 ], [ 120.559296540000105, -1.115945849999946 ], [ 120.558598030000098, -1.11619074999993 ], [ 120.558136607000051, -1.116412538999953 ], [ 120.557240780000029, -1.11684312999995 ], [ 120.554686370000013, -1.11805585999997 ], [ 120.554684820000034, -1.118056599999932 ], [ 120.54519635500003, -1.122561276999932 ], [ 120.534282990000065, -1.127742429999955 ], [ 120.53007424000009, -1.129854459999933 ], [ 120.529950370000051, -1.129865129999928 ], [ 120.526967210000066, -1.13012219999996 ], [ 120.521623880000107, -1.130582649999951 ], [ 120.511842900000033, -1.131425499999978 ], [ 120.509834500000011, -1.132795019999946 ], [ 120.507277821000116, -1.134538414999952 ], [ 120.50694791, -1.134763379999924 ], [ 120.506923150000034, -1.134780259999957 ], [ 120.506910810000022, -1.134788679999929 ], [ 120.502547260000028, -1.137764159999961 ], [ 120.494572130000051, -1.141256 ], [ 120.492902880000088, -1.141986859999975 ], [ 120.492298060000053, -1.141820399999972 ], [ 120.492210920000048, -1.141236349999929 ], [ 120.491642040000102, -1.141161479999937 ], [ 120.48964894400001, -1.14169523299995 ], [ 120.489619680000033, -1.141703069999949 ], [ 120.490749270000038, -1.14288941999996 ], [ 120.492691900000068, -1.145061899999973 ], [ 120.495174180000049, -1.148972379999975 ], [ 120.496577210000055, -1.150927619999948 ], [ 120.497547300000065, -1.153531229999942 ], [ 120.498196140000118, -1.155272629999956 ], [ 120.500030860000038, -1.15722784999997 ], [ 120.500116780000099, -1.158006049999926 ], [ 120.495768990000101, -1.161548879999941 ], [ 120.492488330000015, -1.165676689999941 ], [ 120.491414640000016, -1.167500469999936 ], [ 120.488114150000115, -1.173106709999956 ], [ 120.485653630000115, -1.175858589999962 ], [ 120.482109400000013, -1.180685239999946 ], [ 120.481006, -1.182187879999958 ], [ 120.478272050000101, -1.183839019999937 ], [ 120.4728041300001, -1.187141319999967 ], [ 120.464055470000062, -1.194571379999957 ], [ 120.463935430000106, -1.194805479999957 ], [ 120.46173948, -1.199087989999953 ], [ 120.459681180000075, -1.203102079999951 ], [ 120.456947190000051, -1.204202849999945 ], [ 120.453666410000096, -1.207229889999951 ], [ 120.451669170000059, -1.208953009999959 ], [ 120.447925030000079, -1.212183229999937 ], [ 120.440951290000044, -1.213661 ], [ 120.441049910000061, -1.213809139999967 ], [ 120.437741970000047, -1.220468179999955 ], [ 120.438477120000016, -1.227127189999976 ], [ 120.430462128000045, -1.230465351999953 ], [ 120.42781806000005, -1.231566579999935 ], [ 120.419364300000098, -1.235635979999927 ], [ 120.41903844, -1.237341449999974 ], [ 120.410028630000056, -1.238524609999956 ], [ 120.3984373400001, -1.240046719999953 ], [ 120.390315500000042, -1.241104109999981 ], [ 120.390153730000065, -1.24113744999994 ], [ 120.386118980000106, -1.241666219999956 ], [ 120.380090960000075, -1.24297318999993 ], [ 120.377506080000103, -1.238914439999974 ], [ 120.376360320000117, -1.23711536999997 ], [ 120.371214630000054, -1.232305989999929 ], [ 120.369376990000092, -1.225646949999941 ], [ 120.367863950000014, -1.223476729999959 ], [ 120.366425470000081, -1.221413449999943 ], [ 120.360192770000026, -1.216828929999963 ], [ 120.360014350000029, -1.216697689999933 ], [ 120.35792167000011, -1.214675549999924 ], [ 120.35384987000009, -1.210740979999969 ], [ 120.350127140000041, -1.207930599999941 ], [ 120.348918270000013, -1.20701798999994 ], [ 120.343000380000035, -1.20255039999995 ], [ 120.341321470000025, -1.200860459999944 ], [ 120.339548310000055, -1.199075639999933 ], [ 120.341027930000109, -1.194856439999967 ], [ 120.345466490000035, -1.192622859999972 ], [ 120.345466530000067, -1.191381909999961 ], [ 120.345466530000067, -1.191071499999964 ], [ 120.345466580000107, -1.189396379999948 ], [ 120.344973480000021, -1.187162659999956 ], [ 120.344594750000056, -1.186509129999934 ], [ 120.344080730000087, -1.186623489999931 ], [ 120.343209070000057, -1.186915089999957 ], [ 120.342253650000089, -1.187256309999952 ], [ 120.342185400000062, -1.187065219999965 ], [ 120.342114400000014, -1.186936919999937 ], [ 120.341211657000031, -1.184625690999951 ], [ 120.34107773900007, -1.184282828999926 ], [ 120.3408372990001, -1.182422568999925 ], [ 120.340804690000027, -1.178358288999959 ], [ 120.341443129000027, -1.173597758999961 ], [ 120.341994800000066, -1.171947508999949 ], [ 120.343315820000043, -1.167995798999925 ], [ 120.34371206000003, -1.167181378999942 ], [ 120.344635800000106, -1.165282758999979 ], [ 120.345062682000048, -1.164405371999976 ], [ 120.345260504000066, -1.163998781999965 ], [ 120.345646140000099, -1.163206168999977 ], [ 120.346233390000066, -1.162452448999943 ], [ 120.346779661000028, -1.161751325999944 ], [ 120.35068926800011, -1.163613043999931 ], [ 120.350776919000054, -1.16351476899996 ], [ 120.353047968000055, -1.160968440999966 ], [ 120.355692571000077, -1.159681876999969 ], [ 120.353476822000061, -1.155107428999941 ], [ 120.353243174000113, -1.155083257999934 ], [ 120.352338840000016, -1.154510598999934 ], [ 120.349234614000011, -1.153323397999941 ], [ 120.348334692000094, -1.152979225999957 ], [ 120.345931944000085, -1.152060302999928 ], [ 120.343353987000114, -1.151074370999936 ], [ 120.343299829000102, -1.151053658999956 ], [ 120.342875839000044, -1.15259711899995 ], [ 120.342167909000068, -1.153889508999953 ], [ 120.341948020000018, -1.154120788999933 ], [ 120.341196499000034, -1.154911248999952 ], [ 120.340649010000107, -1.154979278999974 ], [ 120.340022300000101, -1.155057148999958 ], [ 120.338482500000055, -1.154408678999971 ], [ 120.338069770000061, -1.153881768999952 ], [ 120.337492990000101, -1.153145398999925 ], [ 120.337480350000078, -1.15309906899995 ], [ 120.337291068000013, -1.152405018999957 ], [ 120.337148730000081, -1.150932998999963 ], [ 120.337058670000033, -1.149944498999957 ], [ 120.336933990000034, -1.148575938999954 ], [ 120.335676749000072, -1.146509118999973 ], [ 120.335226510000098, -1.146141258999933 ], [ 120.334230690000027, -1.145327648999967 ], [ 120.333847990000095, -1.14496042899998 ], [ 120.332914510000023, -1.144064718999971 ], [ 120.332257870000035, -1.142685438999933 ], [ 120.332183950000058, -1.142530158999932 ], [ 120.332168679, -1.142476768999927 ], [ 120.331915350000031, -1.141591148999964 ], [ 120.330604080000057, -1.140933358999973 ], [ 120.330552945000022, -1.140889270999935 ], [ 120.329947030000085, -1.140366838999967 ], [ 120.32922321, -1.139742748999936 ], [ 120.329194190000067, -1.139693938999926 ], [ 120.328428949000113, -1.138406948999943 ], [ 120.326915920000033, -1.13701778899997 ], [ 120.324426679000112, -1.136045228999933 ], [ 120.323220300000116, -1.13606251899995 ], [ 120.321684410000103, -1.136084538999967 ], [ 120.319804320000117, -1.136194168999964 ], [ 120.31868191, -1.136259618999929 ], [ 120.31815886000004, -1.136177888999953 ], [ 120.315870500000074, -1.135820298999931 ], [ 120.314352060000033, -1.13505177899998 ], [ 120.314333603000023, -1.135042437999971 ], [ 120.314166600000021, -1.134957908999979 ], [ 120.313805160000015, -1.134774968999977 ], [ 120.312430170000084, -1.134324948999961 ], [ 120.311320790000082, -1.134407518999978 ], [ 120.310595659000114, -1.134417478999978 ], [ 120.30988423000008, -1.134427238999933 ], [ 120.308602250000035, -1.13504361899993 ], [ 120.307737529000065, -1.13545937899994 ], [ 120.306236750000039, -1.135614648999933 ], [ 120.305722620000097, -1.135444998999958 ], [ 120.305254770000033, -1.13529062899994 ], [ 120.301981870000077, -1.134327948999953 ], [ 120.301555969000106, -1.134226522999938 ], [ 120.300274260000037, -1.133921288999943 ], [ 120.299037769000051, -1.133626828999979 ], [ 120.298102240000048, -1.13341762899995 ], [ 120.297587979000014, -1.133302636999929 ], [ 120.296224700000039, -1.132997798999952 ], [ 120.294635619000019, -1.132981298999937 ], [ 120.293089950000081, -1.132965258999945 ], [ 120.292317860000026, -1.133108738999965 ], [ 120.290351200000032, -1.133474198999977 ], [ 120.288575559000037, -1.134781668999949 ], [ 120.28681293000011, -1.136079558999938 ], [ 120.284885915000018, -1.137565644999938 ], [ 120.284865810000042, -1.137581148999971 ], [ 120.284768410000083, -1.137742118999938 ], [ 120.284218230000079, -1.138651368999945 ], [ 120.283963400000061, -1.139072518999967 ], [ 120.283649759000014, -1.140689668999926 ], [ 120.283329729000116, -1.141502948999971 ], [ 120.28317469000001, -1.141994388999933 ], [ 120.283138749000045, -1.142108338999947 ], [ 120.282486780000113, -1.142253598999957 ], [ 120.28039861000002, -1.142519418999939 ], [ 120.279551120000065, -1.142627308999977 ], [ 120.277856550000024, -1.143053778999956 ], [ 120.277830729000016, -1.143087628999979 ], [ 120.277339510000047, -1.143731798999966 ], [ 120.276435110000079, -1.144952218999947 ], [ 120.275086240000064, -1.147789948999957 ], [ 120.271979880000117, -1.151334248999945 ], [ 120.270335560000035, -1.152046148999943 ], [ 120.270222719000117, -1.152094998999928 ], [ 120.269181250000088, -1.152511698999945 ], [ 120.267229320000069, -1.15180511899996 ], [ 120.267216289000089, -1.151800408999975 ], [ 120.267034220000028, -1.151600918999975 ], [ 120.265701040000067, -1.150140178999948 ], [ 120.264962590000096, -1.148965418999978 ], [ 120.263187600000037, -1.146141668999974 ], [ 120.261530560000097, -1.143072508999978 ], [ 120.261161400000105, -1.14248041899998 ], [ 120.261055690000035, -1.142310878999979 ], [ 120.260103700000059, -1.140783978999934 ], [ 120.259909800000059, -1.140472988999932 ], [ 120.25779617, -1.137476578999951 ], [ 120.256661849000011, -1.13601198899994 ], [ 120.256146649000016, -1.135346768999966 ], [ 120.255027650000102, -1.134597558999928 ], [ 120.252995140000053, -1.133236708999959 ], [ 120.251490679000085, -1.132922268999948 ], [ 120.25063187, -1.132931158999952 ], [ 120.250511130000064, -1.132932408999977 ], [ 120.250265810000087, -1.132940988999962 ], [ 120.248724519, -1.132994848999942 ], [ 120.248577159000092, -1.132904540999959 ], [ 120.248398450000082, -1.132795018999957 ], [ 120.247821159000068, -1.132441228999937 ], [ 120.247779830000013, -1.132446648999974 ], [ 120.247567690000096, -1.132474478999939 ], [ 120.246797690000108, -1.132574468999962 ], [ 120.246137690000069, -1.13266447899997 ] ] ], [ [ [ 120.220521785000074, -0.83316704799995 ], [ 120.21591335200003, -0.820778144999963 ], [ 120.21576372800007, -0.814045044999943 ], [ 120.222167653000042, -0.816887908999945 ], [ 120.228062856000065, -0.826972595999962 ], [ 120.220521785000074, -0.83316704799995 ] ] ], [ [ [ 120.653962709000098, 0.368980713000042 ], [ 120.65374995600007, 0.37055508100002 ], [ 120.654792443000019, 0.371172063000074 ], [ 120.657175270000039, 0.370129576000068 ], [ 120.657600775000105, 0.367831850000073 ], [ 120.656622114000015, 0.36642768400003 ], [ 120.653962709000098, 0.368980713000042 ] ] ], [ [ [ 120.633432101000039, 0.384596740000063 ], [ 120.635389424000095, 0.381426729000054 ], [ 120.633644854000067, 0.37987363600007 ], [ 120.631623706000028, 0.379682159000026 ], [ 120.628581346000033, 0.380937398000071 ], [ 120.630751421000014, 0.384362712000041 ], [ 120.632198137000046, 0.384979694000037 ], [ 120.633432101000039, 0.384596740000063 ] ] ], [ [ [ 120.616818694000017, 0.394103550000068 ], [ 120.613536760000102, 0.395487864000074 ], [ 120.611759797000104, 0.39878970500007 ], [ 120.613334002000101, 0.400018576000036 ], [ 120.617201496, 0.397395208000034 ], [ 120.617994508000038, 0.395175805000065 ], [ 120.616818694000017, 0.394103550000068 ] ] ], [ [ [ 121.220379876000038, 0.433397271000047 ], [ 121.221198352000101, 0.434576839000044 ], [ 121.222161264000079, 0.435587898000051 ], [ 121.222823267000081, 0.435467534000054 ], [ 121.223750070000051, 0.435636043000045 ], [ 121.223827840000013, 0.43562567400005 ], [ 121.224454200000082, 0.436138563000043 ], [ 121.225916624000092, 0.435747380000066 ], [ 121.227090174000068, 0.435470543000065 ], [ 121.228688007000073, 0.434296993000032 ], [ 121.22971110200001, 0.433839609000074 ], [ 121.229674992000014, 0.433526663000066 ], [ 121.229012990000115, 0.43268411400004 ], [ 121.227736494000055, 0.431336702000067 ], [ 121.227731112000015, 0.431299927000055 ], [ 121.226701999000056, 0.430830507000053 ], [ 121.225516413000037, 0.429807412000059 ], [ 121.224192408000022, 0.42997592200004 ], [ 121.22294062200001, 0.429205592000073 ], [ 121.221977709000043, 0.429494466000051 ], [ 121.220605558000102, 0.430842544000029 ], [ 121.220364830000108, 0.433394262000036 ], [ 121.220379980000075, 0.433397045000049 ], [ 121.220379876000038, 0.433397271000047 ] ] ], [ [ [ 120.705548820000104, 0.466517940000074 ], [ 120.70739608000008, 0.465553940000063 ], [ 120.707191020000096, 0.46390099000007 ], [ 120.70643855000003, 0.463281060000043 ], [ 120.703428380000105, 0.46321185000005 ], [ 120.702744050000092, 0.465002440000035 ], [ 120.702196600000093, 0.466310940000028 ], [ 120.702538600000025, 0.466861960000074 ], [ 120.705548820000104, 0.466517940000074 ] ] ] ] } }
]
}
