{
"type": "FeatureCollection",
"name": "final_kab_7206",
"crs": { "type": "name", "properties": { "name": "urn:ogc:def:crs:OGC:1.3:CRS84" } },
"features": [
{ "type": "Feature", "properties": { "kk": null, "gid": 244277, "bstt": null, "luas": 0.06083835364, "bsbtt": null, "idsls": "72060400160005", "kdkab": "06", "kdkec": "040", "kdsls": "0005", "nmkab": "TOLI-TOLI", "nmkec": "BAOLAN", "nmsls": "RT 005 RW I", "bstt_k": null, "kddesa": "016", "kdprov": "72", "khusus": null, "muatan": null, "nmdesa": "BARU", "nmprov": "SULAWESI TENGAH", "posisi": null, "rw_dki": null, "segmen": null, "kdsubsls": "02", "sumber": null, "dom_sls": null, "periode": "2024_1", "tingkat": null, "idsubsls": "7206040016000502", "nm_gedung": null, "wil_campur": null }, "geometry": { "type": "MultiPolygon", "coordinates": [ [ [ [ 120.299699610000062, 0.645584510000049 ], [ 120.299698940000098, 0.645580320000022 ], [ 120.299699610000062, 0.645575500000064 ], [ 120.299699880000048, 0.645067260000076 ], [ 120.299862940000025, 0.644412620000026 ], [ 120.299882050000065, 0.644276550000029 ], [ 120.299900410000077, 0.644145850000029 ], [ 120.299930440000026, 0.643931990000056 ], [ 120.299977270000113, 0.643510050000032 ], [ 120.299977840000111, 0.643504930000063 ], [ 120.299915290000058, 0.643439260000036 ], [ 120.299910510000018, 0.64339115000007 ], [ 120.299863050000113, 0.642913650000025 ], [ 120.299795280000012, 0.642606090000072 ], [ 120.298666470000057, 0.641848190000076 ], [ 120.297856830000114, 0.641304580000053 ], [ 120.297537660000103, 0.641090280000071 ], [ 120.296957320000047, 0.641055630000039 ], [ 120.296148290000019, 0.641007330000036 ], [ 120.29544425000006, 0.640971930000035 ], [ 120.294103440000072, 0.640909910000062 ], [ 120.293867850000083, 0.640899010000055 ], [ 120.293436390000011, 0.640717890000076 ], [ 120.292738900000018, 0.640425100000073 ], [ 120.29269824000005, 0.640402350000045 ], [ 120.292525890000093, 0.640305910000052 ], [ 120.291395, 0.63990418000003 ], [ 120.29109303000007, 0.639875540000048 ], [ 120.288881200000105, 0.639665750000063 ], [ 120.286999510000101, 0.639096780000045 ], [ 120.286704180000015, 0.638634100000047 ], [ 120.286160770000038, 0.637833590000071 ], [ 120.286167030000115, 0.637792560000037 ], [ 120.286153310000032, 0.637771070000042 ], [ 120.286226070000112, 0.63740609000007 ], [ 120.286316130000046, 0.636816620000047 ], [ 120.286500340000089, 0.635610790000044 ], [ 120.286492200000112, 0.635414270000069 ], [ 120.286415300000044, 0.633559 ], [ 120.286229910000088, 0.633040670000071 ], [ 120.28607868000006, 0.632617840000023 ], [ 120.285779880000064, 0.632091180000032 ], [ 120.285540390000051, 0.631608710000023 ], [ 120.285540020000099, 0.631607830000064 ], [ 120.285538600000109, 0.631605110000066 ], [ 120.285423780000087, 0.631373790000055 ], [ 120.285362930000019, 0.631270430000029 ], [ 120.285284700000034, 0.63113756000007 ], [ 120.285282370000118, 0.631133610000063 ], [ 120.285172270000089, 0.63106872000003 ], [ 120.285030150000011, 0.63099064000005 ], [ 120.284341770000083, 0.63061244000005 ], [ 120.283008660000064, 0.630581920000054 ], [ 120.278412590000016, 0.631301860000065 ], [ 120.27702897000006, 0.631518600000049 ], [ 120.276383030000034, 0.631409950000034 ], [ 120.275940110000079, 0.631350200000043 ], [ 120.275894860000108, 0.631344090000027 ], [ 120.27588559000003, 0.631360280000024 ], [ 120.275290190000078, 0.630960240000036 ], [ 120.274665100000107, 0.630540260000032 ], [ 120.274546480000026, 0.630460550000066 ], [ 120.274193430000082, 0.630359660000067 ], [ 120.273852220000094, 0.63026214000007 ], [ 120.27364212000009, 0.630191560000071 ], [ 120.273619630000098, 0.630195660000027 ], [ 120.273618010000064, 0.63019520000006 ], [ 120.270491430000106, 0.630738860000065 ], [ 120.269402060000061, 0.630455600000062 ], [ 120.268990390000113, 0.630348560000073 ], [ 120.268115790000024, 0.629366790000063 ], [ 120.267842420000079, 0.629059910000024 ], [ 120.267834560000097, 0.629036130000031 ], [ 120.267338930000051, 0.627537760000052 ], [ 120.2672393900001, 0.627373700000021 ], [ 120.267171020000092, 0.627261030000057 ], [ 120.26630474000001, 0.625833330000034 ], [ 120.266214250000075, 0.625634460000072 ], [ 120.26527099000009, 0.623561280000047 ], [ 120.265270840000085, 0.623560950000069 ], [ 120.264424350000013, 0.622803230000045 ], [ 120.263483620000102, 0.622329440000044 ], [ 120.263441730000068, 0.622346980000032 ], [ 120.263392010000075, 0.622321920000047 ], [ 120.263343520000035, 0.622343950000072 ], [ 120.262002170000073, 0.622953410000036 ], [ 120.261252990000116, 0.623293820000072 ], [ 120.260660070000085, 0.623558540000033 ], [ 120.259486400000014, 0.623484130000065 ], [ 120.259150680000062, 0.623460290000025 ], [ 120.258617480000112, 0.623076740000045 ], [ 120.258517555000026, 0.623004854000044 ], [ 120.258497630000079, 0.62299052000003 ], [ 120.258496130000026, 0.622989450000034 ], [ 120.257555600000046, 0.622137020000025 ], [ 120.256904730000088, 0.62201390000007 ], [ 120.256908700000054, 0.622006250000027 ], [ 120.256861750000098, 0.621998820000044 ], [ 120.25683489000005, 0.621994570000027 ], [ 120.256637300000079, 0.621963310000069 ], [ 120.256050200000118, 0.621852250000074 ], [ 120.254450710000015, 0.621567440000035 ], [ 120.253803180000091, 0.620974650000051 ], [ 120.253401740000072, 0.620591970000021 ], [ 120.251443440000116, 0.620296680000024 ], [ 120.250875410000049, 0.619994210000073 ], [ 120.250872100000038, 0.619992210000021 ], [ 120.250847320000048, 0.619977190000043 ], [ 120.2500066, 0.619468020000056 ], [ 120.250006490000032, 0.619467960000065 ], [ 120.249605440000096, 0.619164480000052 ], [ 120.249356220000095, 0.618967290000057 ], [ 120.249071360000016, 0.618788 ], [ 120.24880436, 0.618519140000046 ], [ 120.247772750000081, 0.617701560000057 ], [ 120.24747066000009, 0.617488510000044 ], [ 120.247422590000042, 0.617454370000075 ], [ 120.247007770000096, 0.617159790000073 ], [ 120.246660380000094, 0.616916310000022 ], [ 120.246373400000039, 0.616718470000023 ], [ 120.246010870000077, 0.616520600000058 ], [ 120.245587930000056, 0.616261870000073 ], [ 120.245569770000088, 0.616251310000052 ], [ 120.244616390000033, 0.615639870000052 ], [ 120.244425050000018, 0.61550107000005 ], [ 120.244424880000111, 0.615500950000069 ], [ 120.244233400000098, 0.61537455000007 ], [ 120.243986850000056, 0.615211810000062 ], [ 120.243563950000066, 0.614892250000025 ], [ 120.243186340000079, 0.61461834000005 ], [ 120.24283894000007, 0.614390060000062 ], [ 120.242521740000029, 0.614192220000064 ], [ 120.242189430000053, 0.613994360000049 ], [ 120.241781610000089, 0.613735650000024 ], [ 120.241388870000037, 0.61350735000002 ], [ 120.241280040000106, 0.613444680000043 ], [ 120.24107167000011, 0.613324710000029 ], [ 120.240709150000043, 0.613111630000049 ], [ 120.24070891000008, 0.613111500000059 ], [ 120.240489080000089, 0.612992840000061 ], [ 120.240398100000107, 0.612934480000035 ], [ 120.240342510000119, 0.612913710000043 ], [ 120.240286200000014, 0.612883320000037 ], [ 120.239848120000033, 0.61268541000004 ], [ 120.239732200000049, 0.61263673000002 ], [ 120.239485570000056, 0.612533160000055 ], [ 120.239051110000105, 0.612347100000022 ], [ 120.238854730000071, 0.612255760000039 ], [ 120.23861303000001, 0.612149190000025 ], [ 120.238174960000038, 0.611951290000036 ], [ 120.237857720000079, 0.611829470000032 ], [ 120.237585810000041, 0.611722890000067 ], [ 120.237162810000086, 0.611585810000065 ], [ 120.236679360000039, 0.61147912000007 ], [ 120.236586620000026, 0.61144795000007 ], [ 120.236226160000115, 0.611326820000045 ], [ 120.235879710000063, 0.611246170000072 ], [ 120.235636950000071, 0.611189660000036 ], [ 120.235446270000011, 0.611119760000065 ], [ 120.235417810000058, 0.611109330000033 ], [ 120.235304610000071, 0.611067840000032 ], [ 120.235200210000016, 0.611015240000029 ], [ 120.233536770000114, 0.60971864000004 ], [ 120.232390540000097, 0.609193920000052 ], [ 120.231823740000095, 0.608934450000049 ], [ 120.231616580000036, 0.60887254000005 ], [ 120.231588810000062, 0.608861020000063 ], [ 120.231467010000074, 0.608818920000033 ], [ 120.23129981000011, 0.608761130000062 ], [ 120.231286650000015, 0.608756580000033 ], [ 120.231081610000047, 0.60868572000004 ], [ 120.231012210000017, 0.60865356000005 ], [ 120.230897860000027, 0.608590430000049 ], [ 120.230407660000083, 0.608319800000061 ], [ 120.230143990000101, 0.608199540000044 ], [ 120.22964821000005, 0.607973410000056 ], [ 120.226128030000041, 0.606839390000061 ], [ 120.223917280000023, 0.60611324000007 ], [ 120.221850070000073, 0.605434240000022 ], [ 120.221638970000072, 0.605390800000066 ], [ 120.219354910000106, 0.604920780000043 ], [ 120.21933204000004, 0.604916070000058 ], [ 120.218910510000114, 0.604976470000054 ], [ 120.218705878000037, 0.604984951000063 ], [ 120.218690460000062, 0.604985590000069 ], [ 120.218342920000055, 0.605046230000028 ], [ 120.21798028, 0.605076460000021 ], [ 120.217557180000085, 0.605152270000076 ], [ 120.217214850000119, 0.605218770000022 ], [ 120.215224230000103, 0.605504660000065 ], [ 120.214792450000118, 0.605619490000038 ], [ 120.214792420000094, 0.605619500000046 ], [ 120.214776850000021, 0.605622210000035 ], [ 120.214640850000023, 0.605652560000067 ], [ 120.21430840000005, 0.60572841000004 ], [ 120.213915520000114, 0.60581945000007 ], [ 120.21350752, 0.605925680000041 ], [ 120.213159940000082, 0.606062350000059 ], [ 120.21276703, 0.606183790000046 ], [ 120.212528920000068, 0.606297750000067 ], [ 120.212449670000069, 0.606335680000029 ], [ 120.212357270000098, 0.606360990000042 ], [ 120.212117220000096, 0.606426750000026 ], [ 120.211754550000023, 0.606517800000063 ], [ 120.211286090000044, 0.60666961000004 ], [ 120.210847830000034, 0.606851850000055 ], [ 120.210834910000017, 0.606858630000033 ], [ 120.210799440000073, 0.606877230000066 ], [ 120.210258690000046, 0.607038530000068 ], [ 120.210211320000099, 0.607052660000022 ], [ 120.209210080000048, 0.607631 ], [ 120.208903070000019, 0.607749650000073 ], [ 120.208132680000062, 0.607937630000038 ], [ 120.208079160000011, 0.607964540000069 ], [ 120.207692480000105, 0.608158920000051 ], [ 120.207337980000034, 0.60843052000007 ], [ 120.207178840000097, 0.608552450000047 ], [ 120.206840060000104, 0.608789030000025 ], [ 120.206689040000015, 0.608894490000068 ], [ 120.206344710000053, 0.609061120000035 ], [ 120.20605756000009, 0.609213030000035 ], [ 120.206032600000071, 0.609222430000045 ], [ 120.205393630000117, 0.609363740000049 ], [ 120.205208270000071, 0.609550140000067 ], [ 120.20513725, 0.609590490000073 ], [ 120.204999690000022, 0.60966865000006 ], [ 120.20495566000011, 0.609698820000062 ], [ 120.204773960000011, 0.609782550000034 ], [ 120.204602830000113, 0.609861400000057 ], [ 120.204562090000081, 0.609880170000054 ], [ 120.204425460000039, 0.60998703000007 ], [ 120.204240270000014, 0.61013188000004 ], [ 120.20419865000008, 0.610154820000048 ], [ 120.204040110000051, 0.610270730000025 ], [ 120.203897730000108, 0.610351260000073 ], [ 120.203339230000097, 0.610667130000024 ], [ 120.202592180000011, 0.611027210000032 ], [ 120.20218861, 0.611202960000071 ], [ 120.202078700000015, 0.61126433000004 ], [ 120.201942890000055, 0.61134018000007 ], [ 120.20164340000008, 0.611484530000041 ], [ 120.201553990000093, 0.611527630000069 ], [ 120.201326880000011, 0.61164967000002 ], [ 120.201074770000105, 0.61178515000006 ], [ 120.201055120000092, 0.611795390000054 ], [ 120.201052120000099, 0.611797330000059 ], [ 120.200135550000027, 0.612289870000041 ], [ 120.19960479000008, 0.612668810000059 ], [ 120.199442640000029, 0.612759360000041 ], [ 120.199125280000089, 0.612911250000025 ], [ 120.198843540000098, 0.61305808000003 ], [ 120.198790440000039, 0.613076760000069 ], [ 120.198308970000085, 0.613312240000027 ], [ 120.197931360000098, 0.613488440000026 ], [ 120.197568630000092, 0.613716330000045 ], [ 120.19753384, 0.61374354000003 ], [ 120.19680948000007, 0.614207880000038 ], [ 120.196734090000064, 0.614249740000048 ], [ 120.19670713000005, 0.614263280000046 ], [ 120.1966395500001, 0.614304630000049 ], [ 120.195840020000105, 0.614759850000041 ], [ 120.195675860000051, 0.614842340000052 ], [ 120.195528290000084, 0.614916500000049 ], [ 120.195331640000063, 0.615035110000065 ], [ 120.195218220000015, 0.615098620000026 ], [ 120.194938860000093, 0.615250720000063 ], [ 120.194576180000013, 0.615387380000072 ], [ 120.194168160000117, 0.615524010000058 ], [ 120.193699710000033, 0.61566061000002 ], [ 120.193216190000044, 0.615736390000052 ], [ 120.193136990000085, 0.615745270000048 ], [ 120.193137600000114, 0.615763540000046 ], [ 120.192811891000019, 0.615804127000047 ], [ 120.192811610000035, 0.615804159000049 ], [ 120.192799, 0.615805560000069 ], [ 120.193092060000026, 0.616445640000052 ], [ 120.193058213000086, 0.617153210000026 ], [ 120.193042620000028, 0.617479330000037 ], [ 120.192944020000027, 0.619005240000035 ], [ 120.192954739000015, 0.619401230000051 ], [ 120.193014018000099, 0.621591430000024 ], [ 120.193015960000025, 0.621663410000053 ], [ 120.192953249000084, 0.622665 ], [ 120.19294199, 0.622844760000021 ], [ 120.19269703000009, 0.623730670000043 ], [ 120.192696580000074, 0.624592100000029 ], [ 120.192655602000059, 0.624738041000057 ], [ 120.192427130000056, 0.625551840000071 ], [ 120.192475631000093, 0.625735330000055 ], [ 120.19252085200003, 0.625906419000046 ], [ 120.192561972000021, 0.627320920000045 ], [ 120.192644570000084, 0.630425190000039 ], [ 120.192954779000047, 0.631274221000069 ], [ 120.192989131000104, 0.631372010000064 ], [ 120.1929953, 0.631389560000059 ], [ 120.193356401000074, 0.632871980000061 ], [ 120.193498660000046, 0.633452970000064 ], [ 120.193424801000106, 0.635190200000068 ], [ 120.193453731000091, 0.635399170000028 ], [ 120.193453842000054, 0.635399960000029 ], [ 120.193667970000092, 0.63684956000003 ], [ 120.193449272000066, 0.638433190000057 ], [ 120.19344706000004, 0.638449240000057 ], [ 120.193958200000111, 0.640090831000066 ], [ 120.194374500000094, 0.641427840000063 ], [ 120.194794041000023, 0.642405060000044 ], [ 120.195082630000115, 0.643077260000041 ], [ 120.195115000000101, 0.643276710000066 ], [ 120.195326300000033, 0.644578750000051 ], [ 120.195892420000064, 0.645782300000064 ], [ 120.195936610000103, 0.646252730000072 ], [ 120.196094910000056, 0.646492050000063 ], [ 120.196180900000059, 0.646622050000076 ], [ 120.196107040000015, 0.647557280000058 ], [ 120.195788180000022, 0.64940303000003 ], [ 120.19569105000005, 0.650214080000069 ], [ 120.195641461000037, 0.650628110000071 ], [ 120.1956408100001, 0.650633560000074 ], [ 120.195811240000012, 0.651913500000035 ], [ 120.195994259000031, 0.652565131000074 ], [ 120.196226060000072, 0.653390480000041 ], [ 120.196518780000019, 0.65459665000003 ], [ 120.196445080000103, 0.655236530000025 ], [ 120.196247522000021, 0.655662061000044 ], [ 120.19610238000007, 0.655974710000066 ], [ 120.195930880000105, 0.65661453000007 ], [ 120.195815741000047, 0.657077051000044 ], [ 120.195856720000052, 0.658066620000056 ], [ 120.196174110000015, 0.658879010000021 ], [ 120.196915511000043, 0.65997255000002 ], [ 120.197151081000015, 0.660320010000021 ], [ 120.197175700000116, 0.660356320000062 ], [ 120.197360401000083, 0.661008480000021 ], [ 120.197370910000018, 0.661045580000064 ], [ 120.197548271000073, 0.661287429000026 ], [ 120.19778623000002, 0.661611900000025 ], [ 120.1977687320001, 0.661960140000076 ], [ 120.19776150000007, 0.662104130000046 ], [ 120.19791482100004, 0.662248998000052 ], [ 120.198135820000061, 0.662457800000027 ], [ 120.19837214000006, 0.663162820000025 ], [ 120.198885210000071, 0.663803030000054 ], [ 120.198885020000034, 0.664154220000057 ], [ 120.198885010000026, 0.664172220000069 ], [ 120.199080270000081, 0.664763030000074 ], [ 120.19929973, 0.665796870000065 ], [ 120.199113968, 0.666605110000035 ], [ 120.199079140000094, 0.666756630000066 ], [ 120.199175489000027, 0.669191480000052 ], [ 120.199175560000072, 0.669193320000034 ], [ 120.199395310000114, 0.669710310000028 ], [ 120.199541710000062, 0.670227250000039 ], [ 120.199321220000115, 0.671014720000073 ], [ 120.1993696400001, 0.671851570000058 ], [ 120.199400169000114, 0.671913121000046 ], [ 120.199636532000113, 0.672389689000056 ], [ 120.19966270000009, 0.672442440000054 ], [ 120.199836489000063, 0.673126381000031 ], [ 120.199906640000108, 0.673402470000042 ], [ 120.19987083, 0.673876520000022 ], [ 120.199808100000041, 0.674706870000023 ], [ 120.199685440000053, 0.67542056000002 ], [ 120.199194518000013, 0.677215400000023 ], [ 120.199072920000049, 0.677659940000069 ], [ 120.199067913000022, 0.677721800000029 ], [ 120.198975240000095, 0.678866460000052 ], [ 120.19896639000001, 0.679255040000044 ], [ 120.198952611000095, 0.67986011000005 ], [ 120.198941080000054, 0.680366500000048 ], [ 120.19892424000011, 0.681105590000072 ], [ 120.199290370000085, 0.682164140000054 ], [ 120.199410721000049, 0.683576470000048 ], [ 120.199116940000067, 0.686102030000029 ], [ 120.199109710000016, 0.686182770000073 ], [ 120.198969280000028, 0.687750970000025 ], [ 120.198724080000034, 0.68895684000006 ], [ 120.198406060000025, 0.689276610000036 ], [ 120.198259, 0.689891830000022 ], [ 120.198160570000027, 0.690974720000042 ], [ 120.198081622000018, 0.691717550000021 ], [ 120.198037640000052, 0.692131430000074 ], [ 120.197916740000096, 0.692711190000068 ], [ 120.197816970000076, 0.693189630000063 ], [ 120.197791740000071, 0.694518690000052 ], [ 120.197228970000083, 0.69525673000004 ], [ 120.196910570000114, 0.696191810000073 ], [ 120.196812320000049, 0.696954730000073 ], [ 120.196860730000026, 0.697791580000057 ], [ 120.196958390000077, 0.698013150000065 ], [ 120.196929720000071, 0.69804459900007 ], [ 120.196689280000101, 0.69830834000004 ], [ 120.196685828000113, 0.698317701000065 ], [ 120.196444390000011, 0.698972720000029 ], [ 120.196248400000059, 0.69963714000005 ], [ 120.196374431000095, 0.699727879000022 ], [ 120.196590540000102, 0.699883470000032 ], [ 120.196581488000106, 0.700160780000033 ], [ 120.196579831, 0.700211590000038 ], [ 120.196565640000017, 0.700646440000071 ], [ 120.196296500000017, 0.700966240000071 ], [ 120.195342650000043, 0.701507130000039 ], [ 120.195072610000011, 0.701662250000027 ], [ 120.192702967000059, 0.702563790000056 ], [ 120.192572860000041, 0.702613290000045 ], [ 120.192542140000114, 0.702638960000058 ], [ 120.191656220000027, 0.70337926000002 ], [ 120.191410531000088, 0.703519851000067 ], [ 120.191405100000111, 0.703522960000043 ], [ 120.191088962000094, 0.703853278000054 ], [ 120.190582178000113, 0.704276770000035 ], [ 120.190386730000114, 0.704587030000027 ], [ 120.190157400000089, 0.70482665000003 ], [ 120.189423420000026, 0.705663020000031 ], [ 120.188859985000022, 0.706481226000051 ], [ 120.188848820000089, 0.706497440000021 ], [ 120.188579419, 0.70659222200004 ], [ 120.188416989000075, 0.706649368000058 ], [ 120.188323544000013, 0.706659316000071 ], [ 120.187980280000033, 0.706695860000025 ], [ 120.187487191000059, 0.706928162000054 ], [ 120.187197680000054, 0.707064560000049 ], [ 120.187064080000027, 0.707094361000031 ], [ 120.186572510000019, 0.707204011000044 ], [ 120.186537460000068, 0.707211830000062 ], [ 120.186525620000111, 0.707217520000029 ], [ 120.184896019, 0.707448698000064 ], [ 120.183853380000073, 0.707596610000053 ], [ 120.182618140000045, 0.709051810000062 ], [ 120.181958898000062, 0.709854191000034 ], [ 120.181710090000024, 0.710157020000054 ], [ 120.180632241000012, 0.711468900000057 ], [ 120.179868780000106, 0.712008150000031 ], [ 120.179835460000049, 0.71203169000006 ], [ 120.179407573000049, 0.712414833000025 ], [ 120.178334682000013, 0.713241872000026 ], [ 120.178293840000038, 0.713273360000073 ], [ 120.178151981000042, 0.713322231000063 ], [ 120.177122565000104, 0.713676879000047 ], [ 120.176962259000106, 0.713732109000034 ], [ 120.176834579000115, 0.713776098000039 ], [ 120.176776510000082, 0.713796100000025 ], [ 120.176598990000116, 0.713814480000053 ], [ 120.176484830000049, 0.713826300000051 ], [ 120.176007230000096, 0.713978951000058 ], [ 120.175946850000059, 0.713998250000031 ], [ 120.175602449000053, 0.714200589000029 ], [ 120.175272430000064, 0.714314290000061 ], [ 120.173913430000084, 0.714558169000043 ], [ 120.17259415, 0.714794920000031 ], [ 120.172149549000096, 0.715245050000021 ], [ 120.171729130000017, 0.715670690000024 ], [ 120.171326680000107, 0.715625430000046 ], [ 120.171276080000098, 0.715619740000022 ], [ 120.170713700000078, 0.715717830000074 ], [ 120.170518030000039, 0.715840770000057 ], [ 120.17032516900008, 0.715968009000051 ], [ 120.16973535000011, 0.716357130000063 ], [ 120.169221550000088, 0.71694750000006 ], [ 120.168475482000076, 0.717538469000033 ], [ 120.16843330100005, 0.717571881000026 ], [ 120.168414340000027, 0.717586900000072 ], [ 120.168153510000025, 0.717657959000064 ], [ 120.168060738, 0.717683230000034 ], [ 120.167732680000086, 0.717772600000046 ], [ 120.167516929000044, 0.717904799000053 ], [ 120.167313870000044, 0.718029220000062 ], [ 120.166831970000089, 0.718255240000076 ], [ 120.166629440000065, 0.718358860000023 ], [ 120.166599160000032, 0.718364431000055 ], [ 120.166188950000105, 0.718471530000045 ], [ 120.165700430000015, 0.719324730000039 ], [ 120.165537049000022, 0.71942652000007 ], [ 120.165332570000032, 0.719553910000059 ], [ 120.164520540000012, 0.719636810000054 ], [ 120.164134500000046, 0.719676220000053 ], [ 120.163699030000089, 0.719805810000025 ], [ 120.163474250000036, 0.719872700000053 ], [ 120.163389340000094, 0.719967490000045 ], [ 120.163212920000092, 0.720164440000076 ], [ 120.1625936800001, 0.72053666000005 ], [ 120.161811180000086, 0.72075768000002 ], [ 120.161203620000038, 0.720856470000058 ], [ 120.161164850000091, 0.720862773000022 ], [ 120.160565960000099, 0.720960150000053 ], [ 120.160001790000024, 0.721051880000061 ], [ 120.15991091, 0.721077430000037 ], [ 120.159820042000092, 0.721102982000048 ], [ 120.159390460000054, 0.721223780000059 ], [ 120.15890507000006, 0.721423050000055 ], [ 120.158447130000013, 0.721611060000043 ], [ 120.158317270000111, 0.72168417000006 ], [ 120.158115360000011, 0.721797830000071 ], [ 120.157825280000111, 0.721961140000076 ], [ 120.157540360000098, 0.722239175000027 ], [ 120.156924739000033, 0.722813293000058 ], [ 120.156301591000101, 0.723270268000022 ], [ 120.156152477000091, 0.723338860000069 ], [ 120.155795090000083, 0.723485770000025 ], [ 120.155433090000088, 0.723573870000052 ], [ 120.154988160000016, 0.723682160000067 ], [ 120.154034600000045, 0.72378 ], [ 120.1534721700001, 0.723951930000055 ], [ 120.153274794000026, 0.723958426000024 ], [ 120.152728880000041, 0.723966116000042 ], [ 120.152349672000014, 0.724132435000058 ], [ 120.152127330000098, 0.724221800000066 ], [ 120.151960906000113, 0.72432475100004 ], [ 120.151472200000057, 0.724599648000037 ], [ 120.151368342000069, 0.725220199000034 ], [ 120.151077540000074, 0.725781032000043 ], [ 120.149955875000046, 0.726892312000075 ], [ 120.149758545000054, 0.727328514000021 ], [ 120.149707008000064, 0.727354283000068 ], [ 120.149707650000096, 0.727363661000027 ], [ 120.149371171000098, 0.727539271000069 ], [ 120.1492498, 0.727602617000059 ], [ 120.149228131000086, 0.727619179000044 ], [ 120.149095420000094, 0.727720610000063 ], [ 120.148731220000059, 0.727998960000036 ], [ 120.14861407, 0.728042550000055 ], [ 120.148080110000024, 0.728241249000064 ], [ 120.148041880000051, 0.728255470000022 ], [ 120.14773217100003, 0.728313722000053 ], [ 120.147650660000068, 0.728329060000021 ], [ 120.146819390000019, 0.728353140000024 ], [ 120.146550360000106, 0.728500630000042 ], [ 120.146549599000082, 0.728503999000054 ], [ 120.146427780000067, 0.729042 ], [ 120.146427300000028, 0.729048160000048 ], [ 120.145416100000034, 0.729732880000029 ], [ 120.145069440000043, 0.73027170000006 ], [ 120.14498454000011, 0.73027165000002 ], [ 120.144593113000042, 0.730665180000074 ], [ 120.144590889000028, 0.730669310000053 ], [ 120.144428129000062, 0.730971330000045 ], [ 120.144274910000036, 0.731255640000029 ], [ 120.144220060000066, 0.731568271000071 ], [ 120.144185710000102, 0.731764050000038 ], [ 120.144102400000065, 0.731932080000036 ], [ 120.144036930000084, 0.732064130000026 ], [ 120.144037540000113, 0.732072740000035 ], [ 120.143996462000018, 0.732085117000054 ], [ 120.143990881000036, 0.732142322000072 ], [ 120.143795340000111, 0.732826717000023 ], [ 120.143577693000111, 0.733009540000069 ], [ 120.143643980000093, 0.733087490000059 ], [ 120.143664990000048, 0.733112200000051 ], [ 120.14360312000008, 0.733183482000072 ], [ 120.143509830000085, 0.733290963000059 ], [ 120.14314820200002, 0.734093331000054 ], [ 120.143104340000036, 0.734190660000024 ], [ 120.143101819000094, 0.734197030000075 ], [ 120.143037030000073, 0.734360390000063 ], [ 120.142757080000024, 0.734454130000074 ], [ 120.142743611000014, 0.734468710000044 ], [ 120.142439030000105, 0.734798480000052 ], [ 120.14236401900007, 0.734895440000059 ], [ 120.142305431000068, 0.734971161000033 ], [ 120.142293592000101, 0.734986462000052 ], [ 120.142257949000054, 0.73503254000002 ], [ 120.142166003000057, 0.735151381000037 ], [ 120.141925190000052, 0.735462650000045 ], [ 120.141924550000113, 0.735474090000025 ], [ 120.141900450000094, 0.735905640000055 ], [ 120.141898890000107, 0.735907209000061 ], [ 120.141623453000079, 0.736184125000023 ], [ 120.14138671, 0.736422140000059 ], [ 120.141390110000088, 0.736484492000045 ], [ 120.141410870000072, 0.736865160000036 ], [ 120.141491400000064, 0.737007230000074 ], [ 120.141408619000117, 0.737320630000056 ], [ 120.141398910000021, 0.737357380000049 ], [ 120.141080328000044, 0.737357165000049 ], [ 120.14105310900004, 0.737399938000067 ], [ 120.140706975000057, 0.737717227000076 ], [ 120.140699070000096, 0.73772817300005 ], [ 120.140295028000082, 0.738287616000036 ], [ 120.140238252000017, 0.738366228000075 ], [ 120.140086819000089, 0.738676306000059 ], [ 120.13980558500009, 0.739108974000033 ], [ 120.139740685000106, 0.739361363000057 ], [ 120.139704629000107, 0.739736341000025 ], [ 120.139811472000019, 0.740098677000049 ], [ 120.139818202000015, 0.740121502000022 ], [ 120.139696636000053, 0.740782454000055 ], [ 120.139696632000096, 0.740782490000072 ], [ 120.139692544000013, 0.740844680000066 ], [ 120.139683340000033, 0.741129920000049 ], [ 120.139469380000037, 0.741368090000037 ], [ 120.13898868900003, 0.741657189000023 ], [ 120.138651579000111, 0.741663479000067 ], [ 120.138439329000107, 0.741801750000036 ], [ 120.138329132000081, 0.742005129000063 ], [ 120.138338579000106, 0.742157259000066 ], [ 120.138344754000059, 0.742250369000033 ], [ 120.138344910000114, 0.742252738000047 ], [ 120.138347761000091, 0.742295730000023 ], [ 120.138348130000054, 0.74230127900006 ], [ 120.138443509000012, 0.742493290000027 ], [ 120.138534851000031, 0.742555978000041 ], [ 120.13865333900003, 0.742637299000023 ], [ 120.138920389000077, 0.742771709000067 ], [ 120.138990104000072, 0.742790421000052 ], [ 120.139206520000016, 0.742848510000044 ], [ 120.139349590000052, 0.743078920000073 ], [ 120.139347660000112, 0.743085400000041 ], [ 120.139292370000021, 0.743270950000067 ], [ 120.139175710000018, 0.743319309000071 ], [ 120.139130230000092, 0.743338160000064 ], [ 120.139103150000096, 0.74334188000006 ], [ 120.138920410000082, 0.743366970000068 ], [ 120.138882260000059, 0.743347770000071 ], [ 120.138822160000018, 0.743332642000041 ], [ 120.138805960000013, 0.743328570000074 ], [ 120.138805209000111, 0.743326301000025 ], [ 120.138786880000112, 0.743270960000075 ], [ 120.138763492000066, 0.743223872000044 ], [ 120.13854363900009, 0.74328060800002 ], [ 120.138421050000034, 0.743266186000028 ], [ 120.138318974000072, 0.743332757000076 ], [ 120.138271860000032, 0.743501400000071 ], [ 120.137909440000044, 0.743693430000064 ], [ 120.137882619000038, 0.74374203900004 ], [ 120.137861760000078, 0.743779840000059 ], [ 120.13774731, 0.743952660000048 ], [ 120.137733909000076, 0.744042290000039 ], [ 120.137714470000105, 0.744172270000035 ], [ 120.137541252, 0.74443345100002 ], [ 120.137371013, 0.744690147000028 ], [ 120.13732291000008, 0.744762680000065 ], [ 120.137277940000104, 0.74490822000007 ], [ 120.13724, 0.745031 ], [ 120.137182650000113, 0.745069550000039 ], [ 120.136972059000072, 0.745571599000073 ], [ 120.136746588000051, 0.746109163000028 ], [ 120.136726436000117, 0.746476938000058 ], [ 120.13666153600002, 0.746815860000027 ], [ 120.136763976000111, 0.74704513100005 ], [ 120.136641060000102, 0.747197820000054 ], [ 120.136686767000015, 0.747602616000052 ], [ 120.137098046, 0.747857217000046 ], [ 120.137300571000083, 0.747961972000041 ], [ 120.137656736000054, 0.748122595000041 ], [ 120.138040835000083, 0.748241317000065 ], [ 120.13851572100009, 0.74846479200005 ], [ 120.138753164000036, 0.74848574300006 ], [ 120.140324479000014, 0.748660334000022 ], [ 120.141323137000086, 0.748758105000036 ], [ 120.141417147000084, 0.74876716600005 ], [ 120.141763688000083, 0.748800567000046 ], [ 120.141849271000069, 0.748780908000072 ], [ 120.14218561000007, 0.748703650000039 ], [ 120.142696830000091, 0.748749920000023 ], [ 120.143442460000074, 0.748817400000064 ], [ 120.144322286000033, 0.749072411000043 ], [ 120.144430849000059, 0.74903745000006 ], [ 120.145743770000081, 0.749232991000042 ], [ 120.14709859300001, 0.749582172000032 ], [ 120.1475226230001, 0.749711225000055 ], [ 120.148383579000097, 0.749973255000043 ], [ 120.149850140000012, 0.75043417400002 ], [ 120.151847456000041, 0.751132536000057 ], [ 120.153100268000117, 0.751575449000029 ], [ 120.153230213000029, 0.751621390000025 ], [ 120.153872706000016, 0.751900735000049 ], [ 120.154654872000037, 0.752347686000064 ], [ 120.15600969500008, 0.752878442000053 ], [ 120.156149968000022, 0.752928757000063 ], [ 120.157294681000053, 0.75333936100003 ], [ 120.157523696000112, 0.753404794000062 ], [ 120.157783535000021, 0.753479033000076 ], [ 120.158956783, 0.753939952000053 ], [ 120.159359942000037, 0.754037266000068 ], [ 120.160077470000033, 0.754085900000064 ], [ 120.160288930000092, 0.754157 ], [ 120.160317480000117, 0.754166600000076 ], [ 120.16038126400008, 0.754188050000039 ], [ 120.161253222000028, 0.754287702000056 ], [ 120.16154072300003, 0.754320560000053 ], [ 120.162434627000039, 0.754404363000049 ], [ 120.16265623400011, 0.754404363000049 ], [ 120.162993317000087, 0.754404363000049 ], [ 120.164040860000114, 0.754348494000055 ], [ 120.165367748000108, 0.754362461000028 ], [ 120.166052143000115, 0.754362461000028 ], [ 120.166582898000115, 0.754250723000041 ], [ 120.166638633000048, 0.754172695000022 ], [ 120.166761478000012, 0.754137596000021 ], [ 120.166741824000042, 0.753140856000073 ], [ 120.166796065000085, 0.754127714000049 ], [ 120.167288244000019, 0.753987092000045 ], [ 120.168824641000015, 0.754126764000034 ], [ 120.170724186000029, 0.754601650000041 ], [ 120.170994726000117, 0.754634875000022 ], [ 120.171256605000053, 0.754667035000068 ], [ 120.171799664000105, 0.75478322500004 ], [ 120.171834582000088, 0.754762274000029 ], [ 120.17184235000002, 0.754738969000073 ], [ 120.172316452000018, 0.754797192000069 ], [ 120.17432773500002, 0.755076537000036 ], [ 120.176003804000061, 0.755607292000036 ], [ 120.176596766000102, 0.75586929800005 ], [ 120.176910397000029, 0.756007879000038 ], [ 120.177204987000096, 0.756138047000036 ], [ 120.17771945100003, 0.756582356000024 ], [ 120.177877840000065, 0.756608850000021 ], [ 120.177894050000077, 0.756618450000076 ], [ 120.177935975000082, 0.756646739000075 ], [ 120.178369390000057, 0.756939190000026 ], [ 120.178440616000103, 0.756987250000066 ], [ 120.18033808000007, 0.758267570000044 ], [ 120.180618879, 0.758457041000042 ], [ 120.180892340000014, 0.758540413000048 ], [ 120.181591624000021, 0.758913365000069 ], [ 120.182568409000055, 0.759434317000057 ], [ 120.183825461000083, 0.760188548000031 ], [ 120.184600686000067, 0.761124668000036 ], [ 120.184671110000068, 0.761139120000053 ], [ 120.18503209000005, 0.761213220000059 ], [ 120.185387950000063, 0.76133808000003 ], [ 120.185742000000118, 0.761685800000066 ], [ 120.185750423000059, 0.761694073000058 ], [ 120.185991140000056, 0.761930480000046 ], [ 120.186155400000075, 0.762183730000061 ], [ 120.186253970000053, 0.762335710000059 ], [ 120.186687020000022, 0.762756620000062 ], [ 120.186698230000047, 0.762779220000027 ], [ 120.186702340000011, 0.762787520000074 ], [ 120.186949770000069, 0.763286480000033 ], [ 120.187957650000044, 0.76416381000007 ], [ 120.188208950000103, 0.764427750000038 ], [ 120.188260980000109, 0.764474060000055 ], [ 120.188532550000104, 0.76465630000007 ], [ 120.188716030000023, 0.764742480000052 ], [ 120.188923970000019, 0.764877910000052 ], [ 120.188995280000086, 0.764872380000043 ], [ 120.189029400000095, 0.764869740000051 ], [ 120.18908298000008, 0.764865590000056 ], [ 120.189165605000085, 0.764844796000034 ], [ 120.189187229000026, 0.765069690000075 ], [ 120.189225018000116, 0.765149467000072 ], [ 120.189225018000116, 0.765341241000044 ], [ 120.189226350000013, 0.765379863000021 ], [ 120.189230458000111, 0.765498991000072 ], [ 120.189235672000109, 0.765650211000036 ], [ 120.189298686000029, 0.765793424000037 ], [ 120.190128070000014, 0.766471890000048 ], [ 120.190168900000117, 0.766505290000055 ], [ 120.190175630000113, 0.766510800000049 ], [ 120.19032763000007, 0.76654472000007 ], [ 120.191376550000086, 0.766778810000062 ], [ 120.191660690000049, 0.766842220000058 ], [ 120.192075910000085, 0.766934890000073 ], [ 120.192406462, 0.767091747000052 ], [ 120.192961976000106, 0.767355355000063 ], [ 120.19307781100008, 0.767302264000023 ], [ 120.193514630000095, 0.767344880000053 ], [ 120.194281726000099, 0.767621887000075 ], [ 120.195229942000083, 0.767909548000034 ], [ 120.195869189000064, 0.768293096000036 ], [ 120.196415874000081, 0.768560082000022 ], [ 120.196785442000078, 0.768740569000045 ], [ 120.196966562000057, 0.769049538000047 ], [ 120.197712350000074, 0.769550281000022 ], [ 120.198745799000108, 0.769987100000037 ], [ 120.199576819000072, 0.770487843000069 ], [ 120.200258682000026, 0.771116436000057 ], [ 120.20039823400009, 0.771209470000031 ], [ 120.200526536000098, 0.771295004000024 ], [ 120.200834005000047, 0.771499984000059 ], [ 120.201750258000061, 0.771979419000047 ], [ 120.202141773000108, 0.77244720300007 ], [ 120.202730310000106, 0.772803200000055 ], [ 120.204012600000055, 0.773797490000049 ], [ 120.204724930000111, 0.774484440000037 ], [ 120.205365920000077, 0.774984680000046 ], [ 120.205704580000088, 0.775248970000064 ], [ 120.205708190000109, 0.775251780000076 ], [ 120.205750930000022, 0.775254630000063 ], [ 120.20655888400006, 0.775919029000022 ], [ 120.208997480000107, 0.777924340000027 ], [ 120.209088050000105, 0.777981600000032 ], [ 120.209079690000067, 0.777991940000049 ], [ 120.212204350000093, 0.780111520000048 ], [ 120.212438472000031, 0.780285419000052 ], [ 120.213732670000013, 0.781246710000062 ], [ 120.213868820000016, 0.781347840000024 ], [ 120.214892280000072, 0.782321070000023 ], [ 120.215418030000023, 0.782808170000067 ], [ 120.21542007000005, 0.782809290000046 ], [ 120.215416280000113, 0.782819360000076 ], [ 120.216089322000016, 0.783207108000056 ], [ 120.217051740000102, 0.783761570000024 ], [ 120.21783439, 0.78413383000003 ], [ 120.218580060000022, 0.784488520000025 ], [ 120.218599680000011, 0.784497850000037 ], [ 120.218744880000031, 0.784254660000045 ], [ 120.218777500000101, 0.78426926000003 ], [ 120.21915153000009, 0.784412670000052 ], [ 120.220095520000086, 0.784932560000072 ], [ 120.220878940000034, 0.785256570000058 ], [ 120.221971010000061, 0.786055050000073 ], [ 120.222021358, 0.786091862000035 ], [ 120.22264253000003, 0.786546030000068 ], [ 120.223308015000043, 0.787253085000032 ], [ 120.223604350000073, 0.787567930000023 ], [ 120.224566170000116, 0.788356750000048 ], [ 120.22502927000005, 0.788715300000035 ], [ 120.22531425000011, 0.78887665000002 ], [ 120.22551017, 0.789038 ], [ 120.22563485, 0.789145570000073 ], [ 120.225991080000085, 0.789378620000036 ], [ 120.226187519000064, 0.789488469000048 ], [ 120.226311680000094, 0.789557900000034 ], [ 120.226881640000101, 0.789952300000039 ], [ 120.228092800000013, 0.790669390000062 ], [ 120.229250530000058, 0.791386490000036 ], [ 120.230426070000021, 0.792031860000066 ], [ 120.23135228000001, 0.793053760000021 ], [ 120.231886620000068, 0.793412310000065 ], [ 120.23193174000005, 0.793764150000072 ], [ 120.231957900000111, 0.793968100000029 ], [ 120.23218944000007, 0.794111520000058 ], [ 120.232469470000069, 0.794132390000073 ], [ 120.232670330000019, 0.79414735000006 ], [ 120.232898440000099, 0.794426150000049 ], [ 120.232919700000025, 0.794452130000025 ], [ 120.232925490000071, 0.794449360000044 ], [ 120.233074370000054, 0.794838950000042 ], [ 120.233162680000078, 0.795068870000023 ], [ 120.233186900000078, 0.79513342000007 ], [ 120.233304270000076, 0.795257180000021 ], [ 120.233560940000075, 0.795527830000026 ], [ 120.233560960000091, 0.795813620000047 ], [ 120.233560960000091, 0.795890280000037 ], [ 120.233560970000099, 0.796029840000074 ], [ 120.233631910000099, 0.796094320000066 ], [ 120.235947730000021, 0.798199110000041 ], [ 120.236873560000049, 0.799268470000072 ], [ 120.237015470000074, 0.799432380000042 ], [ 120.237625570000091, 0.800137060000054 ], [ 120.238120770000023, 0.800709030000064 ], [ 120.238214370000037, 0.80085839000003 ], [ 120.238298470000018, 0.80099258000007 ], [ 120.238367400000016, 0.801102570000069 ], [ 120.238593630000082, 0.801463580000075 ], [ 120.238851080000018, 0.801874370000064 ], [ 120.239265060000093, 0.802761090000047 ], [ 120.239676110000119, 0.803638240000055 ], [ 120.240178520000086, 0.804703130000064 ], [ 120.240222670000094, 0.804796710000062 ], [ 120.240397030000054, 0.80534823000005 ], [ 120.240416160000109, 0.805408740000075 ], [ 120.240571350000096, 0.805899620000048 ], [ 120.240970860000061, 0.807163280000054 ], [ 120.241213690000109, 0.808192240000039 ], [ 120.241647830000034, 0.810031870000046 ], [ 120.241894910000042, 0.812826240000049 ], [ 120.241894979000108, 0.812828254000067 ], [ 120.2419865600001, 0.81551810000002 ], [ 120.242106600000056, 0.815799990000073 ], [ 120.242146880000064, 0.815894600000036 ], [ 120.242431870000019, 0.816127660000063 ], [ 120.242657750000035, 0.816203440000038 ], [ 120.242859340000109, 0.816271070000028 ], [ 120.24329613000009, 0.816670740000063 ], [ 120.243404970000029, 0.816770330000054 ], [ 120.243495760000087, 0.816884550000054 ], [ 120.243920950000074, 0.817545940000059 ], [ 120.244034930000112, 0.817723240000021 ], [ 120.244444630000089, 0.818601730000069 ], [ 120.244640590000017, 0.819336800000031 ], [ 120.244673330000069, 0.819978640000045 ], [ 120.24467626, 0.82003603000004 ], [ 120.244739120000077, 0.821176430000037 ], [ 120.24483844000008, 0.821793300000024 ], [ 120.244834670000046, 0.821800860000053 ], [ 120.244835640000019, 0.821807 ], [ 120.24469909000004, 0.822073350000039 ], [ 120.244626580000045, 0.822219100000041 ], [ 120.244660600000088, 0.822535090000031 ], [ 120.244709400000033, 0.822955080000042 ], [ 120.244707760000097, 0.822973030000071 ], [ 120.244711340000094, 0.823006260000056 ], [ 120.244670560000031, 0.823530910000045 ], [ 120.244666170000073, 0.82364356000005 ], [ 120.244637380000086, 0.824073860000055 ], [ 120.24474371000008, 0.82451672000002 ], [ 120.244750710000062, 0.824541560000057 ], [ 120.24475093, 0.824546800000064 ], [ 120.244751050000104, 0.824547300000063 ], [ 120.244821250000086, 0.82606781000004 ], [ 120.244816110000102, 0.826086400000065 ], [ 120.244816260000107, 0.826090040000054 ], [ 120.244769690000112, 0.826254150000068 ], [ 120.244678400000112, 0.826584100000048 ], [ 120.244655060000014, 0.826884620000044 ], [ 120.24477056, 0.827236640000024 ], [ 120.244868470000029, 0.827362060000041 ], [ 120.24499126, 0.827502340000024 ], [ 120.244948070000078, 0.82761320000003 ], [ 120.244862990000115, 0.827834120000034 ], [ 120.244910111000081, 0.828281220000065 ], [ 120.24499929000001, 0.829127390000053 ], [ 120.245079390000114, 0.829751080000051 ], [ 120.245282510000038, 0.831223640000076 ], [ 120.245727840000086, 0.832120060000022 ], [ 120.245732890000113, 0.832151790000069 ], [ 120.24573306000002, 0.832152120000046 ], [ 120.24575518000006, 0.832291610000027 ], [ 120.246030740000037, 0.834020510000073 ], [ 120.24571026000001, 0.835849280000048 ], [ 120.245817160000115, 0.836548500000049 ], [ 120.245656890000078, 0.836960880000049 ], [ 120.245202470000095, 0.83818092000007 ], [ 120.245170490000078, 0.838267020000046 ], [ 120.245036590000041, 0.838425270000073 ], [ 120.244873320000011, 0.838628320000055 ], [ 120.244680190000054, 0.839248940000061 ], [ 120.244675200000074, 0.839255080000044 ], [ 120.244604040000013, 0.839342640000041 ], [ 120.244512120000081, 0.83945575000007 ], [ 120.244479700000056, 0.839534380000032 ], [ 120.244409410000117, 0.839704850000032 ], [ 120.244169070000112, 0.839901220000058 ], [ 120.24416894, 0.839901790000056 ], [ 120.244166640000117, 0.839902270000039 ], [ 120.244129360000102, 0.840039890000071 ], [ 120.244115830000055, 0.840048970000055 ], [ 120.24386241000002, 0.840219070000046 ], [ 120.24316934, 0.840533060000041 ], [ 120.243160660000058, 0.840545320000047 ], [ 120.243149660000086, 0.840541980000069 ], [ 120.24284676000002, 0.840882800000031 ], [ 120.24289219000002, 0.841059980000068 ], [ 120.242989350000016, 0.841438850000031 ], [ 120.242989410000064, 0.842461270000058 ], [ 120.242900470000109, 0.845026290000021 ], [ 120.242793640000059, 0.846246030000032 ], [ 120.24277587000006, 0.847035260000041 ], [ 120.242751510000062, 0.847246170000062 ], [ 120.242746460000035, 0.847289930000045 ], [ 120.242686820000017, 0.847806570000046 ], [ 120.24267081000005, 0.847974260000058 ], [ 120.242597780000096, 0.848739310000042 ], [ 120.24259853, 0.848754780000036 ], [ 120.242604370000095, 0.848875040000053 ], [ 120.242612700000109, 0.849046760000022 ], [ 120.242623550000076, 0.849270370000056 ], [ 120.242629359000034, 0.849390050000068 ], [ 120.242633470000101, 0.849474730000054 ], [ 120.242771670000025, 0.849919810000074 ], [ 120.242811690000053, 0.850048710000067 ], [ 120.242812470000104, 0.850098720000062 ], [ 120.242815240000027, 0.850276530000031 ], [ 120.242829580000034, 0.851196690000052 ], [ 120.242972180000038, 0.851824480000062 ], [ 120.242959840000026, 0.852135320000059 ], [ 120.242958854000108, 0.852160173000073 ], [ 120.242936590000113, 0.852721340000073 ], [ 120.242935120000084, 0.85365803000002 ], [ 120.2429342800001, 0.854197160000069 ], [ 120.242920567000056, 0.854292643000065 ], [ 120.242891960000065, 0.854491840000037 ], [ 120.24286544000006, 0.854676500000039 ], [ 120.242869670000118, 0.854922440000053 ], [ 120.242881520000083, 0.855611900000042 ], [ 120.242883320000033, 0.855716850000022 ], [ 120.242776460000073, 0.856506100000047 ], [ 120.242765370000029, 0.856858810000062 ], [ 120.242690830000015, 0.857190420000052 ], [ 120.242679100000032, 0.85731990000005 ], [ 120.242512890000057, 0.859604450000063 ], [ 120.242348710000101, 0.860964930000023 ], [ 120.24223333000009, 0.861920970000028 ], [ 120.242224410000063, 0.861994910000021 ], [ 120.24225333000004, 0.862017300000048 ], [ 120.242418230000112, 0.862144970000031 ], [ 120.242456070000117, 0.862174270000025 ], [ 120.242419010000049, 0.862261340000032 ], [ 120.24240262, 0.86229983000004 ], [ 120.2423358100001, 0.862322260000042 ], [ 120.2421888, 0.862371600000074 ], [ 120.241994660000046, 0.86318607000004 ], [ 120.241868140000065, 0.863716900000043 ], [ 120.24193084, 0.864505210000061 ], [ 120.2419359700001, 0.864569730000028 ], [ 120.241939470000034, 0.864613760000054 ], [ 120.242000420000068, 0.864764330000071 ], [ 120.242135510000026, 0.865098050000029 ], [ 120.242113140000015, 0.86533847000004 ], [ 120.242028670000082, 0.866246040000021 ], [ 120.241886150000028, 0.866802100000029 ], [ 120.241725810000048, 0.867232600000023 ], [ 120.24158331000001, 0.868057720000024 ], [ 120.241596070000014, 0.86819255000006 ], [ 120.241618970000104, 0.868434400000069 ], [ 120.241427170000065, 0.868776040000057 ], [ 120.241387350000082, 0.86884697000005 ], [ 120.241391930000077, 0.868897790000062 ], [ 120.241406610000013, 0.869060770000033 ], [ 120.241420420000054, 0.869214040000031 ], [ 120.241081640000061, 0.869996300000025 ], [ 120.241066111, 0.870077370000047 ], [ 120.241062810000017, 0.870094600000073 ], [ 120.241062144000011, 0.870105564000028 ], [ 120.241061266000088, 0.870105784000032 ], [ 120.240988019000042, 0.870177699000067 ], [ 120.240865497000073, 0.870800964000068 ], [ 120.24071101200002, 0.872941109000067 ], [ 120.240641760000017, 0.873591010000041 ], [ 120.240726993000067, 0.874288854000042 ], [ 120.240695031000087, 0.875242397000022 ], [ 120.240396716000078, 0.876423672000044 ], [ 120.24031590200002, 0.876672057000064 ], [ 120.240034476, 0.877537026000027 ], [ 120.239963712000076, 0.877762186000041 ], [ 120.23974148800005, 0.878469261000021 ], [ 120.239024999000094, 0.879334908000033 ], [ 120.237152539000022, 0.880886413000042 ], [ 120.23657189000005, 0.881163420000064 ], [ 120.236198996000098, 0.881184728000051 ], [ 120.236055165000039, 0.880998281000075 ], [ 120.235836756000026, 0.880897067000035 ], [ 120.2356609630001, 0.880843796000022 ], [ 120.235341340000105, 0.881216690000031 ], [ 120.235048352000035, 0.881722760000059 ], [ 120.235032371000102, 0.882425932000046 ], [ 120.234941811000112, 0.883420759000046 ], [ 120.234840597000016, 0.883921503000067 ], [ 120.234568917000047, 0.885477003000062 ], [ 120.23457957100004, 0.88606297900003 ], [ 120.234639341000047, 0.886330838000049 ], [ 120.234659870000087, 0.886558040000068 ], [ 120.234666080000011, 0.886626730000046 ], [ 120.234688450000021, 0.886874280000029 ], [ 120.234758280000051, 0.886928270000055 ], [ 120.234931732000064, 0.887062413000024 ], [ 120.235137580000014, 0.887823571000069 ], [ 120.235462531000053, 0.887754319000067 ], [ 120.235553090000053, 0.887754319000067 ], [ 120.235675613000012, 0.888031326000032 ], [ 120.235814116000029, 0.888409547000037 ], [ 120.236160375000054, 0.890628266000022 ], [ 120.236213645000021, 0.89115031700004 ], [ 120.236586539000086, 0.893498217000058 ], [ 120.236677099000076, 0.894217370000035 ], [ 120.236911490000011, 0.895397313000046 ], [ 120.237023358000101, 0.895653011000036 ], [ 120.237140553000017, 0.895706282000049 ], [ 120.237268402000041, 0.895621049000056 ], [ 120.237279878000095, 0.895575148000034 ], [ 120.237305692000064, 0.895471891000057 ], [ 120.2374122330001, 0.895344042000033 ], [ 120.23754008200001, 0.895280117000027 ], [ 120.237586445000034, 0.895267328000045 ], [ 120.237694567000062, 0.895237501000054 ], [ 120.238094096000054, 0.89537600400007 ], [ 120.238317832, 0.895674319000022 ], [ 120.238568204000103, 0.896100484000044 ], [ 120.238877173000105, 0.896778352000069 ], [ 120.239015677000111, 0.896932836000076 ], [ 120.239168662000111, 0.896903893000058 ], [ 120.239163280000071, 0.896976320000022 ], [ 120.239159770000015, 0.897023520000062 ], [ 120.239458129000013, 0.897582353000075 ], [ 120.239592996000056, 0.898111447000076 ], [ 120.240253551000023, 0.899262092000072 ], [ 120.240594483000109, 0.900071804000049 ], [ 120.240807565000068, 0.900924133000046 ], [ 120.240936262000105, 0.901705509000067 ], [ 120.241105880000077, 0.90273533200002 ], [ 120.241276156000026, 0.903639920000046 ], [ 120.241446812000049, 0.904546531000051 ], [ 120.241437937000114, 0.904985854000074 ], [ 120.241422699000054, 0.905740090000052 ], [ 120.241404195000086, 0.906656045000034 ], [ 120.241276346000063, 0.908360703000028 ], [ 120.241216012000109, 0.909265720000064 ], [ 120.241212421000114, 0.909319573000062 ], [ 120.241127188000064, 0.909916203000023 ], [ 120.24114849700004, 0.911024231000056 ], [ 120.240807565000068, 0.913629161000074 ], [ 120.240573175, 0.915696059000027 ], [ 120.240253551000023, 0.919600790000061 ], [ 120.24029327400001, 0.91969066200005 ], [ 120.240270880000025, 0.91984135000007 ], [ 120.240105740000104, 0.920127680000064 ], [ 120.240111360000014, 0.920160180000039 ], [ 120.240328620000014, 0.921417170000041 ], [ 120.242575090000059, 0.921622590000027 ], [ 120.243520554000042, 0.922226472000034 ], [ 120.243540560000042, 0.922239250000075 ], [ 120.243658450000112, 0.922434450000026 ], [ 120.244102750000025, 0.92317010000005 ], [ 120.244102780000048, 0.923170160000041 ], [ 120.244073500000013, 0.923182850000046 ], [ 120.245056170000112, 0.924660080000024 ], [ 120.24506048, 0.92466655000004 ], [ 120.245172470000057, 0.924920500000042 ], [ 120.245536350000066, 0.925745610000035 ], [ 120.246869330000095, 0.928123860000028 ], [ 120.24763654000003, 0.929492680000067 ], [ 120.248436833000028, 0.930626874000041 ], [ 120.249042380000105, 0.931485070000065 ], [ 120.249108710000087, 0.931651730000056 ], [ 120.249806530000114, 0.933405180000022 ], [ 120.24980826, 0.93340672000005 ], [ 120.25123420500006, 0.934667836000074 ], [ 120.251735402, 0.93511109800005 ], [ 120.251744970000118, 0.935119560000032 ], [ 120.251747830000113, 0.93512209000005 ], [ 120.25192732000005, 0.936320880000039 ], [ 120.2519310240001, 0.936345621000044 ], [ 120.251957120000043, 0.936519900000064 ], [ 120.252022527, 0.936956769000062 ], [ 120.252104880000047, 0.937506818000031 ], [ 120.252023148000035, 0.93787775200002 ], [ 120.252025875000072, 0.938008628000034 ], [ 120.251922517000025, 0.938142176000042 ], [ 120.251866533000111, 0.938515401000075 ], [ 120.251832508, 0.938757157000055 ], [ 120.251653983000097, 0.940025621000075 ], [ 120.251474994000091, 0.94125617100002 ], [ 120.251251258000025, 0.942207051000025 ], [ 120.251150466000013, 0.942312882000067 ], [ 120.251144110000041, 0.942395200000021 ], [ 120.251095880000094, 0.943019800000059 ], [ 120.250364200000035, 0.94421452000006 ], [ 120.250342610000075, 0.944249760000048 ], [ 120.250368300000105, 0.944431780000059 ], [ 120.250436130000026, 0.944912450000061 ], [ 120.250522690000025, 0.946012180000025 ], [ 120.249916350000035, 0.947534540000049 ], [ 120.249816010000018, 0.94778647000004 ], [ 120.249725480000052, 0.948097990000065 ], [ 120.248990930000105, 0.950625560000049 ], [ 120.248401690000037, 0.952518250000026 ], [ 120.247958240000116, 0.953676080000037 ], [ 120.247812740000086, 0.954055980000021 ], [ 120.24722349000001, 0.955948670000055 ], [ 120.247104530000115, 0.957723420000036 ], [ 120.247111660000087, 0.957731630000069 ], [ 120.247128364000105, 0.95775087800007 ], [ 120.247926600000028, 0.95867067000006 ], [ 120.248165113000027, 0.959725802000037 ], [ 120.248678290000043, 0.959501870000054 ], [ 120.249103389000084, 0.959311694000064 ], [ 120.249539675000051, 0.959087958000055 ], [ 120.250870906000046, 0.958830661000036 ], [ 120.251452621000112, 0.958383188000028 ], [ 120.251754665000021, 0.958237759000042 ], [ 120.251900093000017, 0.958237759000042 ], [ 120.252067896000085, 0.958539803000065 ], [ 120.252148821000105, 0.958683671000074 ], [ 120.253806045000033, 0.958017957000038 ], [ 120.253689984000061, 0.957711979000067 ], [ 120.254316446000075, 0.957454682000048 ], [ 120.255513435000012, 0.957096704000037 ], [ 120.256509062000077, 0.956761100000051 ], [ 120.257247392000068, 0.956682792000038 ], [ 120.257339546000026, 0.956697824000059 ], [ 120.258824733000097, 0.956940089000057 ], [ 120.259303792000082, 0.957251857000074 ], [ 120.259529503000067, 0.95739874800006 ], [ 120.259759724000105, 0.957564809000075 ], [ 120.26021189800008, 0.957890968000072 ], [ 120.261006162000058, 0.958550990000049 ], [ 120.261408888, 0.958785913000042 ], [ 120.26180183800011, 0.959087175000036 ], [ 120.26208009700008, 0.959300507000023 ], [ 120.262712152000063, 0.959893408000028 ], [ 120.263058943000033, 0.960206639000035 ], [ 120.263254989000075, 0.961052731000052 ], [ 120.263271493000047, 0.96112395800003 ], [ 120.26356794700007, 0.961873812000022 ], [ 120.263842021000073, 0.962567058000047 ], [ 120.264468482000098, 0.963853542000038 ], [ 120.264848834000077, 0.96434855800004 ], [ 120.264971889000094, 0.964516361000051 ], [ 120.265296307000085, 0.964594668000075 ], [ 120.265643098000055, 0.965098075000071 ], [ 120.265650362000088, 0.965254258000073 ], [ 120.265869830000042, 0.965438660000075 ], [ 120.266141040000093, 0.96566652000007 ], [ 120.266130840000073, 0.965678830000058 ], [ 120.264964410000061, 0.967085470000029 ], [ 120.264963250000051, 0.967094150000037 ], [ 120.264727890000017, 0.968860140000061 ], [ 120.265272113000037, 0.968689849000043 ], [ 120.265329867000105, 0.968605142000058 ], [ 120.266023450000034, 0.967956307000065 ], [ 120.266761780000024, 0.968068175000042 ], [ 120.268484550000039, 0.968224790000022 ], [ 120.269222880000029, 0.968649889000062 ], [ 120.271083600000111, 0.968393827000057 ], [ 120.271661606000066, 0.968314285000019 ], [ 120.273004024000102, 0.967956307000065 ], [ 120.273876595000047, 0.967911559000072 ], [ 120.274324068000055, 0.96793393300004 ], [ 120.274861035000072, 0.96815766900005 ], [ 120.275151893000043, 0.968359032000023 ], [ 120.275506524000093, 0.968961906000061 ], [ 120.27561323000009, 0.968975420000049 ], [ 120.275619540000093, 0.968976220000059 ], [ 120.276181130000055, 0.972289790000048 ], [ 120.277213600000096, 0.974751810000043 ], [ 120.277775260000112, 0.977970730000038 ], [ 120.277867920000062, 0.979674700000032 ], [ 120.278774800000065, 0.980458350000049 ], [ 120.279059500000017, 0.980704370000069 ], [ 120.2792294300001, 0.980623520000051 ], [ 120.281293840000103, 0.979641260000051 ], [ 120.282456060000072, 0.979174415000045 ], [ 120.282557566000037, 0.978952948000028 ], [ 120.282557566000037, 0.978371233000075 ], [ 120.282758928000021, 0.977901387000031 ], [ 120.283363016000067, 0.97723017800007 ], [ 120.283519632000093, 0.977095936000069 ], [ 120.283605424000029, 0.977049141000066 ], [ 120.283653874000038, 0.976939321000032 ], [ 120.283776929000055, 0.976726771000074 ], [ 120.283888797000031, 0.976659650000045 ], [ 120.284000665, 0.97664846400005 ], [ 120.284203233000085, 0.97664267600004 ], [ 120.284431860000041, 0.976459620000071 ], [ 120.284447790000058, 0.976446860000067 ], [ 120.284443470000042, 0.976464520000036 ], [ 120.284404948000088, 0.976637277000066 ], [ 120.28471662100003, 0.976637277000066 ], [ 120.285063413000103, 0.976637277000066 ], [ 120.285309523000024, 0.976670837000029 ], [ 120.285325012000044, 0.976737958000058 ], [ 120.285331896000116, 0.976737958000058 ], [ 120.285868863000019, 0.97680507900003 ], [ 120.285824116000072, 0.976939321000032 ], [ 120.28553325900009, 0.977095936000069 ], [ 120.284526445000097, 0.977498662000073 ], [ 120.284149896000031, 0.977781074000063 ], [ 120.284078973000078, 0.977834266000059 ], [ 120.284078973000078, 0.978099135000036 ], [ 120.284078973000078, 0.978415981000069 ], [ 120.284168467000086, 0.978863453000031 ], [ 120.284257962000083, 0.97966890400005 ], [ 120.284213214000033, 0.980496729000038 ], [ 120.28398947800008, 0.981167938000056 ], [ 120.283228775000111, 0.981525916000066 ], [ 120.282819884000105, 0.981631059000051 ], [ 120.282701570000086, 0.981919700000049 ], [ 120.282014600000025, 0.983593100000064 ], [ 120.281091790000119, 0.983712600000047 ], [ 120.280463060000102, 0.98379403000007 ], [ 120.280442990000097, 0.983818570000039 ], [ 120.280152780000094, 0.984173340000041 ], [ 120.28083211, 0.985305680000067 ], [ 120.280862160000083, 0.985355770000069 ], [ 120.280864270000052, 0.985357100000044 ], [ 120.281441420000078, 0.98571792000007 ], [ 120.282325130000117, 0.986270410000031 ], [ 120.28358693000007, 0.986196310000025 ], [ 120.284608130000038, 0.98613634000003 ], [ 120.286604850000117, 0.98523571000004 ], [ 120.287378660000059, 0.984886680000045 ], [ 120.287386741000091, 0.984884688000022 ], [ 120.287713601000064, 0.984804130000043 ], [ 120.288954080000053, 0.984498400000064 ], [ 120.290548190000095, 0.984105520000071 ], [ 120.291972590000114, 0.983581410000056 ], [ 120.294569700000011, 0.982625810000059 ], [ 120.296547744, 0.982064064000042 ], [ 120.297374830000081, 0.981829180000034 ], [ 120.298004210000045, 0.981773220000036 ], [ 120.298013160000096, 0.981770870000048 ], [ 120.29838514000005, 0.981739350000055 ], [ 120.300150751000047, 0.981582375000073 ], [ 120.301142850000019, 0.981494170000076 ], [ 120.302227892000019, 0.981502671000044 ], [ 120.304469090000111, 0.981520230000058 ], [ 120.304978744000096, 0.981524225000044 ], [ 120.304985760000022, 0.981524280000031 ], [ 120.305372620000071, 0.981527310000047 ], [ 120.306772770000066, 0.981538280000052 ], [ 120.307014491000018, 0.981579798000041 ], [ 120.308945754000092, 0.981911512000067 ], [ 120.31131667000011, 0.982318740000039 ], [ 120.313777040000105, 0.982876290000036 ], [ 120.317936250000116, 0.984332060000042 ], [ 120.318339170000058, 0.984473090000051 ], [ 120.318365350000022, 0.984482250000042 ], [ 120.318753450000031, 0.984809830000074 ], [ 120.31904932000009, 0.985059570000033 ], [ 120.319052520000014, 0.985062270000071 ], [ 120.319191297000089, 0.985129412000049 ], [ 120.319543660000022, 0.985299890000022 ], [ 120.320172890000094, 0.985604330000058 ], [ 120.320205150000106, 0.985619930000041 ], [ 120.320833490000041, 0.985420490000024 ], [ 120.321804830000019, 0.985332450000044 ], [ 120.322809, 0.985241440000038 ], [ 120.322820590000106, 0.985240390000058 ], [ 120.322631400000091, 0.984447250000073 ], [ 120.322554500000024, 0.984124870000073 ], [ 120.32382193, 0.983682460000068 ], [ 120.324199120000117, 0.983550790000038 ], [ 120.324216820000061, 0.983544620000032 ], [ 120.325901380000118, 0.983745250000027 ], [ 120.329425610000044, 0.983767210000053 ], [ 120.331553428, 0.982785281000019 ], [ 120.332617220000088, 0.982294370000034 ], [ 120.333807192000108, 0.982081614000037 ], [ 120.334889496000073, 0.981696864000071 ], [ 120.335305080000012, 0.98160312400006 ], [ 120.335460024000099, 0.981610167000042 ], [ 120.335899106000056, 0.98154304600007 ], [ 120.336229117000016, 0.981565419000049 ], [ 120.336332448, 0.981554249000055 ], [ 120.336953464000089, 0.98166889700002 ], [ 120.338318255000104, 0.982071623000024 ], [ 120.339476091000051, 0.98245197500006 ], [ 120.340731811000069, 0.983661549000033 ], [ 120.34138624000002, 0.984237670000027 ], [ 120.341425145000017, 0.984367352000049 ], [ 120.341856300000018, 0.984548590000031 ], [ 120.341873140000075, 0.98455567000002 ], [ 120.342214420000118, 0.984287260000031 ], [ 120.342981320000035, 0.983684120000021 ], [ 120.343018080000093, 0.983700800000065 ], [ 120.343944, 0.984121110000046 ], [ 120.344817530000114, 0.984312990000035 ], [ 120.344912890000046, 0.984333940000056 ], [ 120.34596174, 0.984944390000067 ], [ 120.345965720000095, 0.984946700000023 ], [ 120.346031670000116, 0.984905930000025 ], [ 120.346592000000101, 0.984559450000063 ], [ 120.347603040000081, 0.984754140000064 ], [ 120.348662180000019, 0.984997330000056 ], [ 120.349240200000054, 0.984755450000023 ], [ 120.349505260000115, 0.984489060000044 ], [ 120.349630440000055, 0.984363260000066 ], [ 120.349669540000036, 0.984323970000048 ], [ 120.349673910000092, 0.984319580000033 ], [ 120.350024450000092, 0.984351940000067 ], [ 120.350035350000098, 0.984352950000073 ], [ 120.350733170000012, 0.984417360000066 ], [ 120.351792360000104, 0.984612090000041 ], [ 120.352710190000039, 0.984547870000029 ], [ 120.353916110000114, 0.984258620000048 ], [ 120.354128060000107, 0.98420778000002 ], [ 120.354798290000076, 0.982647220000047 ], [ 120.354807280000045, 0.982626280000034 ], [ 120.354820170000039, 0.982446620000076 ], [ 120.354869600000029, 0.98175776000005 ], [ 120.354124840000054, 0.980645520000053 ], [ 120.353251450000016, 0.980457620000038 ], [ 120.353192050000075, 0.980444850000026 ], [ 120.352189330000101, 0.980700930000069 ], [ 120.351407470000026, 0.980204540000045 ], [ 120.351357680000092, 0.980172930000037 ], [ 120.350279080000064, 0.980172070000037 ], [ 120.349292590000118, 0.979375420000054 ], [ 120.348859570000059, 0.97893885000002 ], [ 120.348695580000026, 0.978566640000054 ], [ 120.348667300000102, 0.978502480000031 ], [ 120.348535550000065, 0.978258880000055 ], [ 120.348090320000097, 0.977435700000058 ], [ 120.347518720000039, 0.976504620000071 ], [ 120.347465150000062, 0.97641735000002 ], [ 120.347408220000034, 0.976370390000056 ], [ 120.347200480000083, 0.976199030000032 ], [ 120.346923250000032, 0.976043700000048 ], [ 120.34690541000009, 0.97600889000006 ], [ 120.346791520000011, 0.975786710000023 ], [ 120.346895530000097, 0.975604160000046 ], [ 120.347016210000106, 0.975392360000058 ], [ 120.346936620000065, 0.974962860000062 ], [ 120.346677810000074, 0.974647600000026 ], [ 120.346599980000065, 0.974429430000043 ], [ 120.346546110000077, 0.97403558000002 ], [ 120.346692440000083, 0.973852410000063 ], [ 120.346889530000112, 0.973605690000056 ], [ 120.346975760000078, 0.973582080000028 ], [ 120.347419310000078, 0.973460700000032 ], [ 120.347737370000118, 0.973346330000027 ], [ 120.347895080000058, 0.97328962000006 ], [ 120.347911560000057, 0.973283690000073 ], [ 120.348373890000062, 0.973191 ], [ 120.348682200000098, 0.973005120000039 ], [ 120.349194060000059, 0.973273550000044 ], [ 120.34932541, 0.973342440000067 ], [ 120.349424150000118, 0.973394220000046 ], [ 120.349452320000069, 0.973408990000053 ], [ 120.34976022, 0.973750460000076 ], [ 120.350070530000039, 0.973959050000076 ], [ 120.350222230000099, 0.97406103000003 ], [ 120.351238880000096, 0.974465100000032 ], [ 120.352009, 0.974868970000045 ], [ 120.352110790000097, 0.974804040000038 ], [ 120.352273660000037, 0.974705150000034 ], [ 120.352872070000103, 0.974621490000061 ], [ 120.352888230000076, 0.974628580000058 ], [ 120.35358063000001, 0.974932250000052 ], [ 120.354135460000066, 0.974777590000031 ], [ 120.354581840000037, 0.974371700000063 ], [ 120.355002940000077, 0.974059300000022 ], [ 120.355046780000066, 0.973750210000048 ], [ 120.35504724000009, 0.973746940000069 ], [ 120.354742780000038, 0.973601290000033 ], [ 120.354425040000024, 0.973449290000076 ], [ 120.354413850000014, 0.973443940000038 ], [ 120.354383810000058, 0.972451260000071 ], [ 120.35401451000007, 0.971799540000063 ], [ 120.353953360000105, 0.971179090000021 ], [ 120.353614830000083, 0.970589430000075 ], [ 120.353553820000116, 0.969782850000058 ], [ 120.353170890000115, 0.969012130000067 ], [ 120.352722430000085, 0.968913630000031 ], [ 120.352352580000115, 0.968975380000074 ], [ 120.351705280000033, 0.969160990000034 ], [ 120.351366290000101, 0.969219500000065 ], [ 120.350823260000084, 0.96931322000006 ], [ 120.350410690000103, 0.969501190000074 ], [ 120.349705110000059, 0.969843080000032 ], [ 120.348931520000065, 0.970011230000068 ], [ 120.348745740000027, 0.970051610000041 ], [ 120.34871532000011, 0.970058220000055 ], [ 120.347975710000014, 0.97005764000005 ], [ 120.347917460000076, 0.970035980000034 ], [ 120.347916610000084, 0.970035970000026 ], [ 120.347893240000076, 0.970026980000057 ], [ 120.347402130000091, 0.969844410000064 ], [ 120.347390360000077, 0.969840040000065 ], [ 120.347120070000074, 0.969760450000024 ], [ 120.346650920000116, 0.969622310000034 ], [ 120.346219750000046, 0.969280750000053 ], [ 120.346114420000049, 0.969115380000062 ], [ 120.345981320000078, 0.968906410000045 ], [ 120.345891700000038, 0.968669680000062 ], [ 120.345886760000099, 0.968656630000055 ], [ 120.345860360000074, 0.96858689000004 ], [ 120.345803950000118, 0.968437900000026 ], [ 120.345798890000083, 0.968427770000062 ], [ 120.345783860000097, 0.968398060000027 ], [ 120.34575780800003, 0.968345870000064 ], [ 120.345706220000011, 0.968242520000047 ], [ 120.345573610000088, 0.967977390000044 ], [ 120.345550203000016, 0.967868597000063 ], [ 120.345420080000054, 0.96726381000002 ], [ 120.345360510000091, 0.967032350000068 ], [ 120.345353310000064, 0.966964770000061 ], [ 120.345353100000011, 0.966964780000069 ], [ 120.345289370000046, 0.966383380000025 ], [ 120.345291610000118, 0.966385290000062 ], [ 120.345382610000115, 0.966318390000026 ], [ 120.345404730000041, 0.965939110000022 ], [ 120.345426870000097, 0.965649060000032 ], [ 120.345537640000089, 0.965091270000073 ], [ 120.345525080000016, 0.964895610000042 ], [ 120.34549324000011, 0.964399640000067 ], [ 120.345603980000078, 0.963618740000072 ], [ 120.345626100000118, 0.963127900000075 ], [ 120.345577650000109, 0.962766010000053 ], [ 120.346071250000023, 0.962083950000022 ], [ 120.346415163000074, 0.961886493000065 ], [ 120.346502880000116, 0.961836130000052 ], [ 120.347155350000094, 0.96192295000003 ], [ 120.347731650000014, 0.962056750000045 ], [ 120.34813062, 0.962168270000063 ], [ 120.348640420000038, 0.962279770000066 ], [ 120.34915022000007, 0.962302030000046 ], [ 120.349316650000105, 0.962265590000072 ], [ 120.34966, 0.96219042000007 ], [ 120.34974159, 0.962021440000058 ], [ 120.349749710000083, 0.962004730000046 ], [ 120.349800240000036, 0.961900750000041 ], [ 120.349799550000057, 0.961897020000038 ], [ 120.349774440000033, 0.961761680000052 ], [ 120.349708170000099, 0.961404350000066 ], [ 120.3495168500001, 0.961136360000069 ], [ 120.349379460000023, 0.961034880000057 ], [ 120.349123080000027, 0.960845530000029 ], [ 120.349123900000109, 0.960723290000033 ], [ 120.349126510000019, 0.960334 ], [ 120.349127830000043, 0.96013787000004 ], [ 120.349052420000021, 0.959872300000029 ], [ 120.34905131000005, 0.959868390000054 ], [ 120.348950450000075, 0.959513180000044 ], [ 120.348621950000052, 0.959433070000046 ], [ 120.348596890000067, 0.95919168000006 ], [ 120.34859825, 0.959191580000038 ], [ 120.3483839700001, 0.959138970000026 ], [ 120.347761290000108, 0.959374640000021 ], [ 120.347448110000073, 0.959355920000064 ], [ 120.347121270000116, 0.959168870000042 ], [ 120.34647429000006, 0.958951230000025 ], [ 120.346136020000017, 0.959070100000019 ], [ 120.345857780000074, 0.95916789000006 ], [ 120.345752410000046, 0.959273790000054 ], [ 120.345752340000104, 0.959273850000045 ], [ 120.345672740000055, 0.959353860000022 ], [ 120.345670340000083, 0.959353870000029 ], [ 120.34567023000011, 0.959353970000052 ], [ 120.345504230000074, 0.959354400000052 ], [ 120.34550433000004, 0.959227340000041 ], [ 120.345517080000036, 0.959062180000046 ], [ 120.345416160000013, 0.958973160000028 ], [ 120.345163670000034, 0.959023780000052 ], [ 120.345163320000097, 0.959023460000026 ], [ 120.345024920000014, 0.958896620000075 ], [ 120.344933610000112, 0.958732880000071 ], [ 120.345124600000076, 0.958618090000073 ], [ 120.345126120000032, 0.958617170000025 ], [ 120.345327950000069, 0.958782500000041 ], [ 120.345542470000055, 0.958871610000074 ], [ 120.345835790000024, 0.958646100000067 ], [ 120.345877250000058, 0.958500440000023 ], [ 120.346077200000082, 0.957798080000032 ], [ 120.346076130000029, 0.95779686000003 ], [ 120.346028610000076, 0.957742550000034 ], [ 120.345871660000057, 0.957563160000063 ], [ 120.345870640000044, 0.957539470000029 ], [ 120.345866550000096, 0.957444820000035 ], [ 120.345859240000095, 0.95727566000005 ], [ 120.345833810000045, 0.956965650000029 ], [ 120.345828710000092, 0.956903390000036 ], [ 120.34582768000007, 0.956868720000045 ], [ 120.345803210000099, 0.956048330000044 ], [ 120.345939430000044, 0.955698710000036 ], [ 120.345958540000083, 0.955649670000071 ], [ 120.345973160000085, 0.95561213000002 ], [ 120.345979440000065, 0.95559602000003 ], [ 120.345984810000118, 0.955582240000069 ], [ 120.345987530000116, 0.955575250000038 ], [ 120.345989590000045, 0.955569970000056 ], [ 120.345991560000016, 0.955564910000021 ], [ 120.34602553000002, 0.955477730000041 ], [ 120.34582889, 0.954708280000034 ], [ 120.345817850000117, 0.954401890000042 ], [ 120.34580475000007, 0.954038230000037 ], [ 120.345826840000086, 0.953974870000025 ], [ 120.345936420000044, 0.953660470000045 ], [ 120.345977710000057, 0.953542040000059 ], [ 120.346009720000097, 0.953528640000059 ], [ 120.346273640000049, 0.953418190000036 ], [ 120.346320980000087, 0.952968790000057 ], [ 120.346323310000116, 0.952946720000057 ], [ 120.34635202000004, 0.952913060000071 ], [ 120.346619420000025, 0.952599520000035 ], [ 120.346669010000028, 0.95222732000002 ], [ 120.346602190000112, 0.952022900000031 ], [ 120.346573120000016, 0.951970150000022 ], [ 120.346445050000057, 0.95174921000006 ], [ 120.346507100000053, 0.951374220000048 ], [ 120.346511510000028, 0.95134760000002 ], [ 120.346516180000094, 0.951336920000074 ], [ 120.346684340000024, 0.95095230000004 ], [ 120.346614532000103, 0.950526619000073 ], [ 120.346442594000109, 0.950071438000066 ], [ 120.346418631, 0.949966002000053 ], [ 120.346382804000086, 0.949898423000036 ], [ 120.346266839, 0.949947153000039 ], [ 120.346194990000072, 0.949730250000073 ], [ 120.346151540000051, 0.949579490000076 ], [ 120.346057120000069, 0.949251870000069 ], [ 120.345958120000091, 0.948908370000026 ], [ 120.34534141000006, 0.948702350000076 ], [ 120.345288830000072, 0.948684780000065 ], [ 120.3451012700001, 0.948388010000031 ], [ 120.345101030000023, 0.948387650000029 ], [ 120.344560630000046, 0.947532620000061 ], [ 120.344161610000015, 0.946930260000045 ], [ 120.343825140000035, 0.945956840000065 ], [ 120.34382048000009, 0.945943360000058 ], [ 120.343816850000053, 0.945932860000028 ], [ 120.343806870000094, 0.945903990000033 ], [ 120.34316401000001, 0.945056240000042 ], [ 120.342663280000011, 0.945245310000075 ], [ 120.342589230000044, 0.94527327000003 ], [ 120.342100150000078, 0.94545794000004 ], [ 120.341302170000063, 0.944967180000049 ], [ 120.340905840000119, 0.944029920000048 ], [ 120.340858770000068, 0.943918610000026 ], [ 120.340548370000079, 0.942959260000066 ], [ 120.34047226000007, 0.942563600000028 ], [ 120.340437, 0.942380350000064 ], [ 120.340399306000108, 0.942184420000046 ], [ 120.340368653000041, 0.941843829000049 ], [ 120.340446679000024, 0.941305443000033 ], [ 120.340688563000072, 0.940579792000051 ], [ 120.34107089500003, 0.939268939000044 ], [ 120.341343990000041, 0.938387234000061 ], [ 120.341539057000091, 0.937903467000069 ], [ 120.341827757000033, 0.937661583000022 ], [ 120.341894612000033, 0.937431303000039 ], [ 120.341899880000028, 0.937426 ], [ 120.342014510000013, 0.937045110000042 ], [ 120.342118400000118, 0.936682980000057 ], [ 120.341798280000035, 0.935978280000029 ], [ 120.341766750000033, 0.93590886000004 ], [ 120.341547760000026, 0.935710510000035 ], [ 120.341364790000057, 0.935544790000051 ], [ 120.341323410000086, 0.935507310000048 ], [ 120.341364760000033, 0.935160240000073 ], [ 120.341389860000049, 0.93494953000004 ], [ 120.341788700000052, 0.933767010000054 ], [ 120.341886270000032, 0.933388040000068 ], [ 120.341903710000111, 0.933320320000064 ], [ 120.341910920000032, 0.933292290000054 ], [ 120.341943800000081, 0.933164590000047 ], [ 120.341857800000071, 0.931372 ], [ 120.341854960000092, 0.93131279000005 ], [ 120.341804960000104, 0.931023530000061 ], [ 120.341804910000064, 0.931023290000041 ], [ 120.341770370000063, 0.930846300000042 ], [ 120.341760370000088, 0.93079503000007 ], [ 120.341705760000082, 0.930719530000033 ], [ 120.341345070000102, 0.930241910000063 ], [ 120.340901750000057, 0.929884980000054 ], [ 120.340502740000034, 0.929483420000054 ], [ 120.340417990000105, 0.929456770000058 ], [ 120.340276650000078, 0.92941232000004 ], [ 120.340276490000065, 0.929412270000057 ], [ 120.340148100000079, 0.929371900000035 ], [ 120.3400576250001, 0.929210024000042 ], [ 120.340049120000117, 0.929150488000062 ], [ 120.340009154000086, 0.929057234000027 ], [ 120.339955865000093, 0.928985294000029 ], [ 120.339902577000089, 0.928902697000069 ], [ 120.339846624000074, 0.928820100000053 ], [ 120.339772020000055, 0.928721517000042 ], [ 120.339734718000045, 0.92869487300004 ], [ 120.339710941000021, 0.928692129000069 ], [ 120.339721396000073, 0.928678886000057 ], [ 120.3397080740001, 0.928622933000042 ], [ 120.33967077200009, 0.92857230900006 ], [ 120.339502914000036, 0.928441753000072 ], [ 120.339406995000104, 0.928372478000028 ], [ 120.339271109000038, 0.92831386000006 ], [ 120.339159753000104, 0.928253464000022 ], [ 120.339135224000074, 0.928124686000046 ], [ 120.339129369000034, 0.92806145000003 ], [ 120.338951379000036, 0.927506541000071 ], [ 120.33877019800002, 0.92695234100006 ], [ 120.33884480200004, 0.926451430000043 ], [ 120.339015325000105, 0.926003807000029 ], [ 120.339132559000063, 0.925641446000043 ], [ 120.339377686000034, 0.925385662000053 ], [ 120.339736464000111, 0.925114585000074 ], [ 120.340342060000012, 0.924181400000066 ], [ 120.340529010000068, 0.921943350000049 ], [ 120.341298250000023, 0.919394930000067 ], [ 120.34135579000008, 0.919204310000055 ], [ 120.34145585300007, 0.918872812000075 ], [ 120.341457750000018, 0.918866530000059 ], [ 120.341324850000092, 0.918497780000052 ], [ 120.341249670000025, 0.918289170000037 ], [ 120.341140830000086, 0.917987200000027 ], [ 120.341087930000072, 0.917840410000053 ], [ 120.340395040000089, 0.915567630000055 ], [ 120.340348550000044, 0.91541514000005 ], [ 120.340270770000075, 0.913986710000074 ], [ 120.340257140000062, 0.913736430000029 ], [ 120.339795010000103, 0.912243960000069 ], [ 120.338127800000052, 0.91168317000006 ], [ 120.337851170000022, 0.90991106000007 ], [ 120.337944570000104, 0.908885290000057 ], [ 120.338337490000072, 0.908214040000075 ], [ 120.338872180000067, 0.907300600000042 ], [ 120.33940184000005, 0.90600003000003 ], [ 120.339588450000065, 0.905541820000053 ], [ 120.339707490000023, 0.905249540000057 ], [ 120.340079770000102, 0.902918360000058 ], [ 120.340360480000072, 0.899094990000037 ], [ 120.3403260340001, 0.899042898000062 ], [ 120.339249950000067, 0.897415530000046 ], [ 120.339530110000055, 0.894338220000066 ], [ 120.340365450000036, 0.892193890000044 ], [ 120.338697440000033, 0.892752220000034 ], [ 120.33832773000006, 0.891539600000044 ], [ 120.338884070000063, 0.890887200000066 ], [ 120.337033110000107, 0.888181370000041 ], [ 120.337126630000057, 0.886969090000036 ], [ 120.336114190000103, 0.884633350000058 ], [ 120.334305370000038, 0.883721320000063 ], [ 120.333221250000065, 0.881534810000062 ], [ 120.331774850000102, 0.879894480000075 ], [ 120.329906740000069, 0.87801115000002 ], [ 120.33008021, 0.876277470000048 ], [ 120.330069590000107, 0.876219750000075 ], [ 120.33009332000006, 0.876146470000037 ], [ 120.331054690000087, 0.874793940000075 ], [ 120.3308707650001, 0.87411319000006 ], [ 120.330816650000088, 0.87391290000005 ], [ 120.330513270000097, 0.87278998000005 ], [ 120.330743790000042, 0.871864560000063 ], [ 120.330724290000035, 0.871658600000046 ], [ 120.331057870000109, 0.870277590000057 ], [ 120.331058078000069, 0.869981313000039 ], [ 120.331058746000053, 0.869028442000058 ], [ 120.330844673000115, 0.868148361000067 ], [ 120.330788804, 0.867366196000035 ], [ 120.330760869000073, 0.866290718000073 ], [ 120.330809885, 0.865877579000028 ], [ 120.330836091000037, 0.86565670400006 ], [ 120.330858640000088, 0.86546665000003 ], [ 120.330764812000098, 0.865091341000038 ], [ 120.330663098000059, 0.864684485000055 ], [ 120.33017424500008, 0.863958188000026 ], [ 120.32964349000008, 0.863357597000061 ], [ 120.329000996000104, 0.862938579000058 ], [ 120.328763553000044, 0.862673202000053 ], [ 120.328428339000084, 0.862449726000023 ], [ 120.328359666000097, 0.862444003000064 ], [ 120.328289360000099, 0.862353030000065 ], [ 120.328240780000101, 0.862314097000024 ], [ 120.328208580000023, 0.862288290000038 ], [ 120.327867234000109, 0.861830232000045 ], [ 120.327751570000032, 0.861675020000064 ], [ 120.327342812000097, 0.861169374000042 ], [ 120.327506501000016, 0.860400033000076 ], [ 120.327422698000078, 0.859422325000025 ], [ 120.327275735000057, 0.858958829000073 ], [ 120.327411160000111, 0.858617940000045 ], [ 120.327392500000087, 0.85854259000007 ], [ 120.32700116, 0.857504290000065 ], [ 120.32704861000002, 0.857153780000033 ], [ 120.326905720000013, 0.856576690000054 ], [ 120.327101660000039, 0.856281290000027 ], [ 120.327183420000097, 0.856158020000066 ], [ 120.327227330000028, 0.855833630000063 ], [ 120.327188530000058, 0.855584450000038 ], [ 120.327229587000033, 0.854660669000054 ], [ 120.327241124000011, 0.854401101000065 ], [ 120.327855682000063, 0.852808835000076 ], [ 120.328176929000051, 0.852026670000043 ], [ 120.328327157000103, 0.851843579000047 ], [ 120.32833137700004, 0.851829412000029 ], [ 120.32837247000009, 0.851691456000026 ], [ 120.328554044000043, 0.851426078000031 ], [ 120.328714203000118, 0.851308067000048 ], [ 120.328745234000053, 0.851285202000042 ], [ 120.328819422000038, 0.851230537000049 ], [ 120.328895911000018, 0.851224653000031 ], [ 120.329773129000046, 0.850872148000064 ], [ 120.330313917000012, 0.850287748000028 ], [ 120.330978065000068, 0.84997781200002 ], [ 120.331151952000027, 0.849896665000074 ], [ 120.332590578, 0.848751351000033 ], [ 120.333274973000016, 0.848052989000053 ], [ 120.333787813000072, 0.847600993000071 ], [ 120.334099040000069, 0.847326692000024 ], [ 120.33454744200003, 0.847067091000042 ], [ 120.334838630000036, 0.846773360000043 ], [ 120.337001520000058, 0.84544309000006 ], [ 120.337026330000072, 0.844486840000059 ], [ 120.335941220000109, 0.84416925000005 ], [ 120.335427020000111, 0.844090700000038 ], [ 120.335105180000028, 0.844047770000032 ], [ 120.335490025000013, 0.843932326000072 ], [ 120.335404978000042, 0.84399550400002 ], [ 120.335677339000085, 0.84405137300007 ], [ 120.335760914000048, 0.844057641000063 ], [ 120.335956684000053, 0.844072324000024 ], [ 120.33625698000003, 0.844128193000074 ], [ 120.336347767, 0.844184062000068 ], [ 120.336682981000081, 0.844253898000034 ], [ 120.336927407000076, 0.844267866000052 ], [ 120.337248654000064, 0.844128193000074 ], [ 120.337527999000031, 0.844023439000068 ], [ 120.337595395000108, 0.84398853700003 ], [ 120.337612320000062, 0.844012865000025 ], [ 120.337709573000097, 0.843974554000056 ], [ 120.338030820000085, 0.843806947000076 ], [ 120.338552236000055, 0.843780876000039 ], [ 120.338868854000111, 0.843765045000055 ], [ 120.339509714000087, 0.843869675000064 ], [ 120.340058980000094, 0.843645970000068 ], [ 120.341862810000066, 0.842102445000023 ], [ 120.342220012000098, 0.841796790000046 ], [ 120.342275816000097, 0.841827228000056 ], [ 120.342744965000065, 0.841562581000062 ], [ 120.345944797000016, 0.840633306000029 ], [ 120.345916706000025, 0.840438673000051 ], [ 120.346489600000041, 0.840394730000071 ], [ 120.348752442000091, 0.84021165200005 ], [ 120.349982400000044, 0.840112140000031 ], [ 120.350003970000103, 0.840110390000063 ], [ 120.35209448, 0.838005640000063 ], [ 120.352279129000067, 0.837989841000024 ], [ 120.353514980000114, 0.837884102000032 ], [ 120.354143100000101, 0.837830360000055 ], [ 120.354494350000095, 0.837723320000066 ], [ 120.355594810000071, 0.837381180000023 ], [ 120.35561180000002, 0.837382800000057 ], [ 120.355611890000091, 0.837382770000033 ], [ 120.355613730000073, 0.837382980000029 ], [ 120.35737524000001, 0.837550420000071 ], [ 120.360445190000064, 0.836966700000062 ], [ 120.360561320000102, 0.836473860000069 ], [ 120.360709700000029, 0.83582860000007 ], [ 120.360277800000063, 0.835571300000026 ], [ 120.359527218000039, 0.835133167000038 ], [ 120.358781220000083, 0.834697710000057 ], [ 120.357314570000085, 0.833115070000019 ], [ 120.357581520000053, 0.831184690000043 ], [ 120.357009990000051, 0.829815760000031 ], [ 120.35688674000005, 0.829522900000029 ], [ 120.357291325, 0.828630576000023 ], [ 120.357292520000101, 0.828627940000047 ], [ 120.357944240000052, 0.828307470000027 ], [ 120.358106550000116, 0.828212850000057 ], [ 120.358877580000012, 0.828425080000045 ], [ 120.359263830000032, 0.82853048000004 ], [ 120.359266430000048, 0.828532120000034 ], [ 120.360453240000083, 0.829264630000068 ], [ 120.361226630000033, 0.829134150000073 ], [ 120.361163900000065, 0.828783990000034 ], [ 120.361106870000071, 0.82848271000006 ], [ 120.361109900000088, 0.828482560000054 ], [ 120.361576760000048, 0.828459020000025 ], [ 120.361732387000075, 0.82845117200003 ], [ 120.362050262000025, 0.828435142000046 ], [ 120.362319009000089, 0.828421589000072 ], [ 120.362360440000089, 0.828419500000052 ], [ 120.3623654700001, 0.828425030000062 ], [ 120.36276582000005, 0.828858 ], [ 120.36306624000008, 0.828631150000035 ], [ 120.36344637000002, 0.828312700000026 ], [ 120.364224800000102, 0.829153390000045 ], [ 120.365480790000106, 0.829785920000063 ], [ 120.365749383000093, 0.829917937000062 ], [ 120.365854350000063, 0.829969530000028 ], [ 120.365283450000106, 0.833118800000022 ], [ 120.365340420000052, 0.833587930000022 ], [ 120.36547594000001, 0.834602450000034 ], [ 120.365497410000103, 0.834763170000031 ], [ 120.365499510000063, 0.835864130000061 ], [ 120.36568662000002, 0.836476060000052 ], [ 120.365712450000046, 0.836560530000042 ], [ 120.365746380000019, 0.836671510000031 ], [ 120.365476290000061, 0.836865750000072 ], [ 120.365332400000057, 0.837051720000034 ], [ 120.36531264000007, 0.839167840000073 ], [ 120.365114610000091, 0.839367990000028 ], [ 120.364543370000092, 0.839967370000068 ], [ 120.364010880000023, 0.840977770000052 ], [ 120.363652690000094, 0.841085980000059 ], [ 120.3634839, 0.841136970000036 ], [ 120.363390940000045, 0.841165060000037 ], [ 120.362271140000075, 0.840843100000029 ], [ 120.362102640000103, 0.84080227000004 ], [ 120.362096880000081, 0.841605680000043 ], [ 120.362323960000026, 0.84265079000005 ], [ 120.364659730000085, 0.844444740000029 ], [ 120.365493350000065, 0.845957620000036 ], [ 120.36548399000003, 0.846946560000049 ], [ 120.365668650000089, 0.847371890000034 ], [ 120.365871410000068, 0.847779990000049 ], [ 120.365856610000037, 0.847804820000022 ], [ 120.365881560000048, 0.847862260000056 ], [ 120.36548662000007, 0.848425700000064 ], [ 120.365334970000049, 0.848642050000024 ], [ 120.36584885000002, 0.849913350000065 ], [ 120.365871610000113, 0.849964250000028 ], [ 120.36587054000006, 0.849967 ], [ 120.365471600000092, 0.850986680000062 ], [ 120.365035430000034, 0.852050090000034 ], [ 120.365655570000058, 0.852903120000065 ], [ 120.365633800000069, 0.853416730000049 ], [ 120.36615418000008, 0.854605240000069 ], [ 120.366299250000111, 0.854936580000071 ], [ 120.366766780000034, 0.855312380000044 ], [ 120.366709140000012, 0.855780110000069 ], [ 120.366700230000106, 0.855852390000052 ], [ 120.367484250000075, 0.857640190000041 ], [ 120.367437870000117, 0.857904860000076 ], [ 120.367189780000103, 0.859707420000063 ], [ 120.36740735, 0.86129494000005 ], [ 120.367484640000043, 0.861696660000064 ], [ 120.36747175000005, 0.86176480000006 ], [ 120.367485650000049, 0.861866200000065 ], [ 120.367312930000026, 0.862816210000062 ], [ 120.367384020000031, 0.864611010000033 ], [ 120.367599810000115, 0.865018190000058 ], [ 120.368483940000033, 0.866627860000051 ], [ 120.369652090000045, 0.86713278000002 ], [ 120.370931640000094, 0.867469750000055 ], [ 120.372301060000041, 0.867601920000027 ], [ 120.37233828, 0.867605510000033 ], [ 120.373698940000054, 0.866839540000058 ], [ 120.373748110000065, 0.866811860000041 ], [ 120.37376990000007, 0.866799590000028 ], [ 120.373978820000048, 0.866535340000041 ], [ 120.374861110000097, 0.865419320000058 ], [ 120.375663700000018, 0.864000330000067 ], [ 120.376096460000099, 0.861938120000048 ], [ 120.37611030000005, 0.86187220000005 ], [ 120.375472710000054, 0.861043830000028 ], [ 120.375434400000017, 0.860841700000037 ], [ 120.375332370000024, 0.860303330000022 ], [ 120.375725890000012, 0.859140120000063 ], [ 120.375821970000061, 0.858856110000033 ], [ 120.375641110000061, 0.858407030000023 ], [ 120.375389730000052, 0.857782840000027 ], [ 120.375395690000119, 0.856688810000037 ], [ 120.375395820000108, 0.856666120000057 ], [ 120.374801130000037, 0.856316030000073 ], [ 120.374723050000057, 0.856270070000051 ], [ 120.374929470000097, 0.85515225000006 ], [ 120.375002290000111, 0.85475794000007 ], [ 120.374985530000117, 0.85464391000005 ], [ 120.3749535500001, 0.854114290000041 ], [ 120.374891990000037, 0.853301560000034 ], [ 120.374686800000063, 0.852979780000055 ], [ 120.374624809000011, 0.852882563000037 ], [ 120.375364755000078, 0.850234336000028 ], [ 120.375451168000041, 0.849931892000029 ], [ 120.374759869000059, 0.84811723200005 ], [ 120.3743278070001, 0.845395243000041 ], [ 120.373636508000118, 0.843926232000058 ], [ 120.374111776000063, 0.841895541000042 ], [ 120.3743558970001, 0.839301753000029 ], [ 120.374107357000071, 0.838390440000069 ], [ 120.374392616000023, 0.837045647000025 ], [ 120.374392616000023, 0.836841053000057 ], [ 120.374349410000036, 0.836721601000022 ], [ 120.374254511000117, 0.83628161300004 ], [ 120.374230593000107, 0.83617072200002 ], [ 120.374057768000057, 0.835760263000054 ], [ 120.374077269000054, 0.835380003000068 ], [ 120.374046967000027, 0.835176979000039 ], [ 120.373754620000113, 0.834226853000075 ], [ 120.373779936, 0.834029653000073 ], [ 120.373943002000033, 0.832759458000055 ], [ 120.373993615000018, 0.832716943000037 ], [ 120.374015640000039, 0.832520640000041 ], [ 120.374045737000074, 0.83245209200004 ], [ 120.374514880000106, 0.831383580000022 ], [ 120.37485154, 0.830616810000038 ], [ 120.375580410000111, 0.830149940000069 ], [ 120.375453570000104, 0.830027630000075 ], [ 120.37501989000009, 0.829609450000021 ], [ 120.375019130000055, 0.829608710000059 ], [ 120.374908210000058, 0.829048520000072 ], [ 120.375341606, 0.828686400000038 ], [ 120.375393198000097, 0.82850583100003 ], [ 120.375672542000075, 0.828086813000027 ], [ 120.375770592000094, 0.827869704000022 ], [ 120.376370905000044, 0.827332582000054 ], [ 120.376119494000022, 0.827025303000028 ], [ 120.376153171000055, 0.826845694000042 ], [ 120.376415770000108, 0.826675050000063 ], [ 120.377660800000058, 0.825866 ], [ 120.378399369000022, 0.825202352000076 ], [ 120.380586820000076, 0.823236800000075 ], [ 120.380596740000101, 0.823227890000055 ], [ 120.380597060000014, 0.822729170000059 ], [ 120.380597320000106, 0.822339580000062 ], [ 120.381290880000051, 0.822022790000062 ], [ 120.381129190000024, 0.821206200000063 ], [ 120.381102110000029, 0.821074920000058 ], [ 120.381102990000045, 0.821073880000029 ], [ 120.381435450000026, 0.820684590000042 ], [ 120.382742480000047, 0.819168470000022 ], [ 120.38286654, 0.818691050000041 ], [ 120.383144160000029, 0.817682170000069 ], [ 120.383752430000072, 0.816948370000034 ], [ 120.383924590000106, 0.815912740000044 ], [ 120.383942270000034, 0.815806380000026 ], [ 120.383890216000054, 0.815764405000039 ], [ 120.384052889000031, 0.815348687000039 ], [ 120.384021687000086, 0.814828657000021 ], [ 120.384010987000011, 0.814650325000059 ], [ 120.384020776000057, 0.814588652000054 ], [ 120.384150660000046, 0.813770388000023 ], [ 120.384269270000118, 0.813372694000066 ], [ 120.38456865, 0.813208290000034 ], [ 120.38457427000003, 0.813205320000066 ], [ 120.384637920000046, 0.81225360000002 ], [ 120.38462096, 0.81224117000005 ], [ 120.384200480000118, 0.811932920000061 ], [ 120.383947210000088, 0.811747250000053 ], [ 120.384223671000086, 0.81108775000007 ], [ 120.384637890000022, 0.810099630000025 ], [ 120.384639300000117, 0.810096280000039 ], [ 120.384532260000015, 0.809631400000058 ], [ 120.384230501000047, 0.808320871000035 ], [ 120.383973690000062, 0.807205550000049 ], [ 120.384263550000014, 0.806289 ], [ 120.385152890000086, 0.805909730000053 ], [ 120.385161410000023, 0.805842860000041 ], [ 120.385209550000013, 0.805464750000056 ], [ 120.385203980000028, 0.805413940000051 ], [ 120.385123440000029, 0.804680030000043 ], [ 120.385086160000014, 0.804340230000037 ], [ 120.38554742000008, 0.804141645000072 ], [ 120.385631187000058, 0.803968875000066 ], [ 120.386539058000039, 0.803312414000061 ], [ 120.386964757000101, 0.803099565000025 ], [ 120.387039100000038, 0.802927910000051 ], [ 120.386796980000099, 0.802404750000051 ], [ 120.386617020000017, 0.802015918000052 ], [ 120.386598480000089, 0.801975860000027 ], [ 120.387413410000022, 0.800833520000026 ], [ 120.387735200000066, 0.800660710000045 ], [ 120.388805820000016, 0.800073760000032 ], [ 120.389757840000016, 0.799574530000029 ], [ 120.390256040000054, 0.799313280000035 ], [ 120.390697910000085, 0.798298340000031 ], [ 120.391127710000092, 0.797146810000072 ], [ 120.391279410000038, 0.796770280000032 ], [ 120.392238138000039, 0.796364641000025 ], [ 120.392405301000053, 0.796189120000065 ], [ 120.392878442000097, 0.795911926000031 ], [ 120.393096679000109, 0.795784070000025 ], [ 120.393376024000077, 0.795679315000029 ], [ 120.394207075000054, 0.794958256000029 ], [ 120.394563240000025, 0.794455435000032 ], [ 120.3951079630001, 0.793861828000047 ], [ 120.395809141000086, 0.793434620000028 ], [ 120.396437290000108, 0.792845200000045 ], [ 120.39725562000001, 0.792221620000021 ], [ 120.397465332000024, 0.792145772000026 ], [ 120.397894428000086, 0.791613101000053 ], [ 120.400408532000029, 0.790914739000073 ], [ 120.402322044000016, 0.790286213000059 ], [ 120.404151753000065, 0.790132573000051 ], [ 120.405883691000099, 0.790202410000063 ], [ 120.407592520000094, 0.790487214000052 ], [ 120.407643564000068, 0.79049572200006 ], [ 120.409179961000063, 0.790970608000066 ], [ 120.41016052000009, 0.791241107000076 ], [ 120.410395111000071, 0.791305822000027 ], [ 120.410817708000081, 0.791479017000029 ], [ 120.411439690000066, 0.79162081000004 ], [ 120.412675715000091, 0.79190258400007 ], [ 120.412760360000107, 0.791921880000075 ], [ 120.414121870000031, 0.792232260000048 ], [ 120.414536450000014, 0.792355290000046 ], [ 120.41489298800002, 0.792461092000053 ], [ 120.415102073000071, 0.792451136000068 ], [ 120.41575853300003, 0.792507005000061 ], [ 120.415813538000066, 0.79252200600007 ], [ 120.416219452000064, 0.792632710000021 ], [ 120.417895521000105, 0.79194831500007 ], [ 120.418957032000094, 0.791585167000051 ], [ 120.419906804000107, 0.791389625000022 ], [ 120.420354239000062, 0.791348004000042 ], [ 120.420507396000062, 0.791333756000029 ], [ 120.422309170000062, 0.791040444000032 ], [ 120.423314812000058, 0.790858870000022 ], [ 120.423419846000115, 0.79083917600002 ], [ 120.423440517000017, 0.790813477000029 ], [ 120.424171860000115, 0.790694325000061 ], [ 120.42556029800005, 0.790468119000025 ], [ 120.425926687000015, 0.790408427000045 ], [ 120.428301118000036, 0.790212885000074 ], [ 120.428967033000049, 0.790262580000046 ], [ 120.429236924000065, 0.79028272100004 ], [ 120.432016405000013, 0.78940278500005 ], [ 120.433650573000023, 0.788653791000058 ], [ 120.433745515000055, 0.788460633000057 ], [ 120.4338530980001, 0.788241758000026 ], [ 120.43416736100005, 0.788081134000038 ], [ 120.434712083000022, 0.787822740000024 ], [ 120.434991428000103, 0.787766871000031 ], [ 120.435452347000023, 0.787592281000059 ], [ 120.435920250000095, 0.787220403000049 ], [ 120.437484581000035, 0.786047155000063 ], [ 120.43846927200002, 0.785271972000032 ], [ 120.438916887000119, 0.78516469300007 ], [ 120.43996245400001, 0.784692627000027 ], [ 120.440242895000097, 0.784697301000051 ], [ 120.440286102000073, 0.784654095000064 ], [ 120.440275084000064, 0.784636119000027 ], [ 120.44046568300007, 0.784615058000043 ], [ 120.44050849000007, 0.784587578000071 ], [ 120.441402393000089, 0.784243634000063 ], [ 120.44305991400006, 0.783669134000036 ], [ 120.443063928000015, 0.783667743000024 ], [ 120.444998959000031, 0.782997058000035 ], [ 120.445071252000048, 0.782972960000052 ], [ 120.445421950000082, 0.782856060000029 ], [ 120.445585273, 0.782801619000054 ], [ 120.447010242000033, 0.782326630000057 ], [ 120.447717378000107, 0.782115600000054 ], [ 120.448187807000068, 0.781975210000041 ], [ 120.448170233000042, 0.781932103000031 ], [ 120.448637426000118, 0.781746989000055 ], [ 120.449531329000024, 0.781593350000037 ], [ 120.450369364000039, 0.781453677000059 ], [ 120.450605862000089, 0.781524212000022 ], [ 120.451024260000054, 0.781358100000034 ], [ 120.45117697, 0.781297470000027 ], [ 120.451246300000093, 0.781271500000059 ], [ 120.451469662000022, 0.781219348000036 ], [ 120.451542612000026, 0.781146398000033 ], [ 120.45257618800008, 0.780755315000022 ], [ 120.454084651000016, 0.780434068000034 ], [ 120.455197200000043, 0.780200963000027 ], [ 120.455551211000056, 0.780126789000064 ], [ 120.456850165000105, 0.77984744400004 ], [ 120.457356535000031, 0.779840411000066 ], [ 120.457991680000077, 0.779690910000056 ], [ 120.458215064000115, 0.77969291200003 ], [ 120.458596071000102, 0.779568099000073 ], [ 120.459336335000103, 0.779526197000052 ], [ 120.459475879000024, 0.779493839000054 ], [ 120.460300074000088, 0.779302722000068 ], [ 120.46154315900003, 0.778967508000051 ], [ 120.462744342000065, 0.778757999000049 ], [ 120.463652213000046, 0.77879990100007 ], [ 120.464043860000061, 0.778841863000025 ], [ 120.464434379000068, 0.778883704000066 ], [ 120.464744920000044, 0.77897065600007 ], [ 120.465349040000092, 0.778971020000029 ], [ 120.465972660000034, 0.778971400000046 ], [ 120.466097194000099, 0.778957849000051 ], [ 120.466161240000019, 0.778950880000025 ], [ 120.466197113000021, 0.778946977000032 ], [ 120.466459629000042, 0.778771966000022 ], [ 120.466976417000069, 0.778646261000063 ], [ 120.467898255000023, 0.778478654000025 ], [ 120.469713997000099, 0.778352949000066 ], [ 120.470545871000013, 0.778199372000074 ], [ 120.47062186800008, 0.778185342000029 ], [ 120.471292296000115, 0.777989801000047 ], [ 120.472451577000015, 0.777836161000039 ], [ 120.473708629000043, 0.777752357000054 ], [ 120.474812041000064, 0.777989801000047 ], [ 120.475342796000064, 0.77821327700002 ], [ 120.475929421000046, 0.778492621000055 ], [ 120.476893160000031, 0.778967508000051 ], [ 120.477326145, 0.779246853000075 ], [ 120.477842933000034, 0.779526197000052 ], [ 120.478080376000094, 0.77980554200002 ], [ 120.478429557000027, 0.780336298000066 ], [ 120.478478839000104, 0.78062213100003 ], [ 120.480049850000114, 0.78231468000007 ], [ 120.482323190000102, 0.785981120000031 ], [ 120.482351830000084, 0.786022510000066 ], [ 120.484464270000103, 0.786671110000043 ], [ 120.485335470000109, 0.787070370000038 ], [ 120.48547364, 0.787128710000047 ], [ 120.485474140000065, 0.787133930000039 ], [ 120.485476240000025, 0.787134890000061 ], [ 120.48603016200002, 0.788461444000063 ], [ 120.486181378000083, 0.788503644000059 ], [ 120.48662833000003, 0.788796956000056 ], [ 120.487214954000024, 0.789090268000052 ], [ 120.487278146000108, 0.789327237000066 ], [ 120.487862084000085, 0.789974623000035 ], [ 120.488066956000011, 0.790015598000025 ], [ 120.488384726000049, 0.790058930000043 ], [ 120.488681514000064, 0.79009940100002 ], [ 120.489226237000025, 0.790322877000051 ], [ 120.490399485000012, 0.790699993000032 ], [ 120.490891522000084, 0.790921409000021 ], [ 120.49095817500006, 0.790951403000065 ], [ 120.491000077000081, 0.790951403000065 ], [ 120.491617493000035, 0.791011934000039 ], [ 120.491712406000033, 0.791021239000031 ], [ 120.491977784000028, 0.791049174000023 ], [ 120.492029815000024, 0.791091294000069 ], [ 120.492271096000081, 0.791286617000026 ], [ 120.492662179000035, 0.791496126000027 ], [ 120.492809743000066, 0.79159450100002 ], [ 120.493352223000102, 0.791956155000037 ], [ 120.494066940000039, 0.792087410000022 ], [ 120.494264660000113, 0.792109160000052 ], [ 120.49455343000011, 0.79236695000003 ], [ 120.495477490000098, 0.793136320000031 ], [ 120.495490660000087, 0.793147290000036 ], [ 120.496935490000055, 0.793417530000056 ], [ 120.499394256000073, 0.793366368000022 ], [ 120.499534063000056, 0.792973162000067 ], [ 120.499883244000102, 0.792763653000065 ], [ 120.500288294000029, 0.792637948000049 ], [ 120.500535509000088, 0.792637948000049 ], [ 120.501042525000116, 0.792637948000049 ], [ 120.502550988000053, 0.792693817000043 ], [ 120.503612498000052, 0.792721751000045 ], [ 120.50421309, 0.79262398100002 ], [ 120.504299245000084, 0.792611959000055 ], [ 120.504813681000087, 0.792540177000035 ], [ 120.50793345000011, 0.792700381000031 ], [ 120.509981562, 0.792805555000029 ], [ 120.511075044000108, 0.79282420100003 ], [ 120.512848339000016, 0.792854440000042 ], [ 120.5131835520001, 0.792889358000025 ], [ 120.513379094000015, 0.792903325000054 ], [ 120.513602184000092, 0.792903325000054 ], [ 120.513867947000108, 0.792903325000054 ], [ 120.515041196000084, 0.792959194000048 ], [ 120.516689331000066, 0.793070932000035 ], [ 120.517653070000051, 0.793182670000022 ], [ 120.518882188000021, 0.793098867000026 ], [ 120.51973419, 0.792959194000048 ], [ 120.520541091000041, 0.793051652000031 ], [ 120.522299420000081, 0.79287572000004 ], [ 120.522592828000029, 0.79284539300005 ], [ 120.522755495000069, 0.792788633000043 ], [ 120.52281662900009, 0.792767301000026 ], [ 120.524748430000045, 0.792093225000031 ], [ 120.525782007000089, 0.791674208000074 ], [ 120.526150971000106, 0.791574150000031 ], [ 120.526606074000028, 0.791450732000044 ], [ 120.527639650000083, 0.791129485000056 ], [ 120.529134145000057, 0.79100378000004 ], [ 120.529599966000092, 0.791098054000031 ], [ 120.529656400000022, 0.791088620000039 ], [ 120.530233010000075, 0.790992240000037 ], [ 120.531246940000074, 0.79129910000006 ], [ 120.532535900000084, 0.791689200000064 ], [ 120.53333456900009, 0.791969379000022 ], [ 120.533701434000022, 0.791785946000061 ], [ 120.53438582900003, 0.791562470000031 ], [ 120.534725854000044, 0.791398754000056 ], [ 120.534762944000022, 0.791380896000021 ], [ 120.535140060000117, 0.79122725600007 ], [ 120.535535267000114, 0.791208133000055 ], [ 120.535600979000037, 0.791125994000026 ], [ 120.536830097, 0.790637140000058 ], [ 120.537000084000056, 0.790598127000067 ], [ 120.537682099000108, 0.790441599000076 ], [ 120.538254756000015, 0.789547695000067 ], [ 120.538463966000108, 0.788962730000037 ], [ 120.538785511000015, 0.788063675000046 ], [ 120.539805120000096, 0.787197706000029 ], [ 120.540851552000049, 0.785894099000075 ], [ 120.541453254000089, 0.785144521000063 ], [ 120.542780143000073, 0.78380366600004 ], [ 120.543417672000032, 0.783688450000056 ], [ 120.543932330000075, 0.783150010000043 ], [ 120.543939180000052, 0.783142844000054 ], [ 120.54397434200007, 0.782345835000058 ], [ 120.545063787000117, 0.781703342000071 ], [ 120.545250194000118, 0.78163280900003 ], [ 120.545356153000057, 0.781529499000044 ], [ 120.545364083000095, 0.781521767000072 ], [ 120.545587559000069, 0.781417013000066 ], [ 120.545950707000088, 0.781319242000052 ], [ 120.545978302000094, 0.781318406000025 ], [ 120.546167199000024, 0.781228455000075 ], [ 120.546550439000043, 0.781140015000062 ], [ 120.547350241000117, 0.780649400000073 ], [ 120.548360057000082, 0.779730468000025 ], [ 120.548786862000043, 0.77940215700005 ], [ 120.548839395000073, 0.779361747000053 ], [ 120.549812650000035, 0.778613089000032 ], [ 120.550613111000075, 0.77808864900004 ], [ 120.551027800000043, 0.777816956000038 ], [ 120.551932936000071, 0.776901440000074 ], [ 120.552550230000065, 0.776277067000024 ], [ 120.553080985000065, 0.775480934000029 ], [ 120.553737446000014, 0.774852408000072 ], [ 120.555413515000055, 0.77208689400004 ], [ 120.556069975000014, 0.770494628000051 ], [ 120.556824207000091, 0.769083937000062 ], [ 120.557201322000083, 0.768204 ], [ 120.557330371000035, 0.767756631000054 ], [ 120.556692630000043, 0.767642960000046 ], [ 120.55627482400007, 0.768063063000056 ], [ 120.556158304000064, 0.768069195000066 ], [ 120.555966271000102, 0.768188073000033 ], [ 120.555801670000051, 0.76848069600004 ], [ 120.555810815000086, 0.768663586000059 ], [ 120.555874826000036, 0.768791608000072 ], [ 120.556112582000083, 0.768828186000064 ], [ 120.556225213000062, 0.768865730000073 ], [ 120.556274310000049, 0.768978870000069 ], [ 120.556301210000015, 0.769040860000075 ], [ 120.556122380000033, 0.769163450000065 ], [ 120.555345970000076, 0.769695680000041 ], [ 120.55508468000005, 0.771224740000036 ], [ 120.554808687000104, 0.771332369000049 ], [ 120.554777490000106, 0.771370348000062 ], [ 120.554603745, 0.771571527000049 ], [ 120.554009354000073, 0.771763560000068 ], [ 120.553424109000048, 0.771909872000037 ], [ 120.553341859000057, 0.771904389000042 ], [ 120.553012607000028, 0.771882438000034 ], [ 120.552637684000047, 0.771818427000028 ], [ 120.552613806000068, 0.771811404000061 ], [ 120.552326772000015, 0.771726982000075 ], [ 120.551723238000022, 0.771644682000044 ], [ 120.551439759000118, 0.771754416000022 ], [ 120.551256870000088, 0.772028750000061 ], [ 120.551073980000069, 0.772495118000052 ], [ 120.551046204000045, 0.772599280000065 ], [ 120.551000825000074, 0.772769452000034 ], [ 120.550981496000077, 0.772824860000071 ], [ 120.55090907500005, 0.773032467000064 ], [ 120.550799646000087, 0.772961486000042 ], [ 120.550662372000033, 0.772751536000044 ], [ 120.550735635000024, 0.772072186000059 ], [ 120.551055691000101, 0.771614963000047 ], [ 120.551503770000068, 0.771395496000025 ], [ 120.552217039000084, 0.771422929000039 ], [ 120.552802285000098, 0.771569240000019 ], [ 120.553150051000102, 0.771541888000058 ], [ 120.55361614200001, 0.77150522900007 ], [ 120.554073366000011, 0.77132234000004 ], [ 120.554640323000058, 0.770828539000036 ], [ 120.554643176000013, 0.770791445000043 ], [ 120.55467403900002, 0.770390225000028 ], [ 120.554686045000039, 0.770234148000043 ], [ 120.554695190000075, 0.769914092000022 ], [ 120.554320266000104, 0.769850080000026 ], [ 120.554102781000097, 0.769997660000058 ], [ 120.554043730000103, 0.76995708000004 ], [ 120.553436490000081, 0.769257670000059 ], [ 120.553191200000015, 0.768948650000027 ], [ 120.552569050000102, 0.768164880000029 ], [ 120.551844117000087, 0.766902724000033 ], [ 120.551615140000081, 0.766504060000045 ], [ 120.551499790000094, 0.766067630000066 ], [ 120.551829290000114, 0.766067630000066 ], [ 120.552105390000065, 0.765947990000029 ], [ 120.55212379000011, 0.765819160000035 ], [ 120.552197420000084, 0.765782350000052 ], [ 120.552455110000096, 0.76580996000007 ], [ 120.552464320000013, 0.76532222000003 ], [ 120.552335470000116, 0.765211800000031 ], [ 120.552317060000064, 0.765359040000021 ], [ 120.552225030000045, 0.765579900000034 ], [ 120.552086980000013, 0.765570690000061 ], [ 120.551826990000109, 0.76550627000006 ], [ 120.551790170000118, 0.765156580000053 ], [ 120.55085143000008, 0.765239400000041 ], [ 120.550376830000118, 0.764910860000043 ], [ 120.550704770000038, 0.764581120000059 ], [ 120.550043680000044, 0.762620150000032 ], [ 120.549968160000049, 0.76239613000007 ], [ 120.549850272000072, 0.762440553000033 ], [ 120.549770748000014, 0.762313315000029 ], [ 120.549561240000116, 0.762215544000071 ], [ 120.549477436000075, 0.762215544000071 ], [ 120.549198091000108, 0.762229512000033 ], [ 120.548824661000026, 0.762192169000059 ], [ 120.548665510000092, 0.762027060000037 ], [ 120.548369309, 0.76171977000007 ], [ 120.547798740000076, 0.761127840000029 ], [ 120.54695602400011, 0.759400439000046 ], [ 120.546498170000064, 0.758461930000067 ], [ 120.546805160000076, 0.75741505000002 ], [ 120.546672790000116, 0.756670690000021 ], [ 120.54723759, 0.755666120000058 ], [ 120.548105910000118, 0.755186010000045 ], [ 120.549428010000042, 0.755723530000068 ], [ 120.550796260000084, 0.756279820000032 ], [ 120.552445390000116, 0.756586600000048 ], [ 120.553396340000063, 0.75628757000004 ], [ 120.554295850000017, 0.756004720000021 ], [ 120.555540010000072, 0.756214190000037 ], [ 120.556784530000073, 0.755797370000039 ], [ 120.557821670000067, 0.755380440000067 ], [ 120.559155768000096, 0.754658271000039 ], [ 120.559184671000025, 0.754606888000069 ], [ 120.559673524000118, 0.754439281000032 ], [ 120.560595362000072, 0.754439281000032 ], [ 120.561349594000035, 0.754509117000055 ], [ 120.562131759000067, 0.754551019000075 ], [ 120.562802187000102, 0.754453248000061 ], [ 120.563514516000055, 0.754145969000035 ], [ 120.563877665000064, 0.753866624000068 ], [ 120.564220710000086, 0.753761610000026 ], [ 120.564426290000029, 0.753534960000025 ], [ 120.56539207000003, 0.753610250000065 ], [ 120.567673620000051, 0.752985250000052 ], [ 120.569021720000023, 0.752777240000057 ], [ 120.570683470000063, 0.75314996000003 ], [ 120.570887930000026, 0.753195810000022 ], [ 120.570988930000112, 0.753503590000037 ], [ 120.572965050000107, 0.754805310000052 ], [ 120.573453530000052, 0.755006840000021 ], [ 120.574377280000022, 0.755387940000048 ], [ 120.574377310000045, 0.755338830000028 ], [ 120.574377920000074, 0.754232160000072 ], [ 120.574378019000051, 0.754054781000036 ], [ 120.574031851000086, 0.753765362000024 ], [ 120.573906146000013, 0.752899392000074 ], [ 120.57449277, 0.752382604000047 ], [ 120.575191133000089, 0.752089292000051 ], [ 120.575693953000041, 0.751726144000031 ], [ 120.575554281000109, 0.751251258000025 ], [ 120.575484445000029, 0.750371321000046 ], [ 120.57576379000011, 0.749896435000039 ], [ 120.576266610000062, 0.749631057000045 ], [ 120.576783398000089, 0.749672959000065 ], [ 120.576811333000023, 0.749742795000031 ], [ 120.576804932000073, 0.749771599000042 ], [ 120.576727529000095, 0.75011991100007 ], [ 120.576573890000077, 0.750580830000047 ], [ 120.576336447000017, 0.751083651000044 ], [ 120.576196774000096, 0.751586472000042 ], [ 120.576238676000116, 0.751893751000068 ], [ 120.576378348000048, 0.752606080000021 ], [ 120.576853235000044, 0.751935653000032 ], [ 120.577370023000071, 0.75081827300005 ], [ 120.57738212400011, 0.750716621000038 ], [ 120.577439859000037, 0.750231649000057 ], [ 120.578459468, 0.750301485000023 ], [ 120.57860848200005, 0.75058382900005 ], [ 120.578724845000011, 0.75080430600002 ], [ 120.578864518000046, 0.750957946000028 ], [ 120.579101961000106, 0.751181421000069 ], [ 120.579185764000044, 0.751293159000056 ], [ 120.579395273000046, 0.751558537000051 ], [ 120.579856192000079, 0.751628373000074 ], [ 120.579861814000083, 0.751611506000074 ], [ 120.580141, 0.751591390000044 ], [ 120.580245196000078, 0.751577916000031 ], [ 120.58035901300002, 0.751390930000071 ], [ 120.580397120000043, 0.751386826000044 ], [ 120.581266884000115, 0.751293159000056 ], [ 120.58145408300004, 0.751267339000037 ], [ 120.581518294000034, 0.75116745400004 ], [ 120.581839541000022, 0.75099984700006 ], [ 120.582677575000048, 0.75099984700006 ], [ 120.582942953000043, 0.751013815000022 ], [ 120.583124527000109, 0.751111585000046 ], [ 120.583306101000062, 0.751181421000069 ], [ 120.583306358000073, 0.751182031000042 ], [ 120.583417839000049, 0.751446799000064 ], [ 120.583711151000102, 0.751698210000029 ], [ 120.584074300000111, 0.751656308000065 ], [ 120.584616301000096, 0.751592003000042 ], [ 120.5863296120001, 0.752256447000036 ], [ 120.586336993000032, 0.752005489000055 ], [ 120.586378895000053, 0.75151663500003 ], [ 120.586490633000039, 0.751181421000069 ], [ 120.586672207000106, 0.750930011000037 ], [ 120.587095460000114, 0.75060634700003 ], [ 120.587147093000112, 0.750566863000074 ], [ 120.587314700000093, 0.750315452000052 ], [ 120.587705783000047, 0.749980238000035 ], [ 120.587859423000054, 0.749854533000075 ], [ 120.58829240700004, 0.749617090000072 ], [ 120.588599687000055, 0.749617090000072 ], [ 120.589046639000117, 0.749966271000062 ], [ 120.589233778000107, 0.750158915000043 ], [ 120.589431714000057, 0.750125818000072 ], [ 120.589549459000068, 0.749645025000063 ], [ 120.589675165000017, 0.749351712000021 ], [ 120.59016401800011, 0.74993833700006 ], [ 120.590319897000086, 0.749977306000062 ], [ 120.59066683900005, 0.75006404200002 ], [ 120.590818758000069, 0.749893893000035 ], [ 120.591016020000097, 0.749672959000065 ], [ 120.591169660000105, 0.749477418000026 ], [ 120.591728350000039, 0.749477418000026 ], [ 120.591915435000033, 0.749605424000038 ], [ 120.592923320000068, 0.749324050000041 ], [ 120.593181460000096, 0.749474200000066 ], [ 120.595336795000094, 0.750727884000071 ], [ 120.595479184000055, 0.750810707000028 ], [ 120.595429669000055, 0.751268717000073 ], [ 120.595541407000042, 0.751813439000045 ], [ 120.595722981000108, 0.75224642400002 ], [ 120.59586265400003, 0.752679408000063 ], [ 120.596253737000097, 0.753168262000031 ], [ 120.596650465000039, 0.753667006000057 ], [ 120.596472810000023, 0.753858670000056 ], [ 120.594660155000042, 0.755653540000026 ], [ 120.59411638000006, 0.75619198000004 ], [ 120.593295464000107, 0.756453555000064 ], [ 120.592943500000047, 0.756677532000026 ], [ 120.592566384000065, 0.756998779000071 ], [ 120.592021662000093, 0.756914975000029 ], [ 120.591949156000055, 0.75688253900006 ], [ 120.591490906000104, 0.756677532000026 ], [ 120.591281398000092, 0.756565794000039 ], [ 120.591071889000091, 0.756859106000036 ], [ 120.590932217000045, 0.75730605800004 ], [ 120.59079254400001, 0.757725075000053 ], [ 120.590778577000037, 0.758074256000043 ], [ 120.590834446000031, 0.758158060000028 ], [ 120.591053667000097, 0.75820021800007 ], [ 120.59119759400005, 0.758227896000051 ], [ 120.591267430000016, 0.758311700000036 ], [ 120.591267430000016, 0.75880888100005 ], [ 120.591529889000071, 0.759556194000027 ], [ 120.591504874000066, 0.75962811200003 ], [ 120.591476939000017, 0.760130933000028 ], [ 120.591644546000111, 0.760689623000076 ], [ 120.591979760000072, 0.76089913200002 ], [ 120.59202124400008, 0.760977732000072 ], [ 120.592245138000067, 0.761401952000028 ], [ 120.592161334000025, 0.761597494000057 ], [ 120.592074407000041, 0.761744183000076 ], [ 120.591937858000051, 0.761974609000049 ], [ 120.591672481000046, 0.762421561000053 ], [ 120.591686448000019, 0.76271487300005 ], [ 120.591909924000106, 0.763832253000032 ], [ 120.592105465000031, 0.764125565000029 ], [ 120.592238021000071, 0.764343336000024 ], [ 120.592197110000029, 0.76435237000004 ], [ 120.592118069000094, 0.764369822000049 ], [ 120.588246920000074, 0.765224560000036 ], [ 120.587608633000059, 0.76513574300003 ], [ 120.587510242, 0.765043911000021 ], [ 120.586965519000046, 0.764652828000067 ], [ 120.586336993000032, 0.764610927000035 ], [ 120.585708467000018, 0.764541090000023 ], [ 120.585093909000079, 0.764834403000066 ], [ 120.584619022000084, 0.765434994000032 ], [ 120.584440089000054, 0.76583546400002 ], [ 120.58432571000003, 0.766091455000037 ], [ 120.584465383000065, 0.766440636000027 ], [ 120.584311743000058, 0.766580308000073 ], [ 120.583860015000027, 0.766580308000073 ], [ 120.583808922000117, 0.766580308000073 ], [ 120.583194363000075, 0.766664112000058 ], [ 120.582649641000103, 0.766831718000049 ], [ 120.582402290000118, 0.767149741000026 ], [ 120.582258558000035, 0.767334539000046 ], [ 120.58101083300005, 0.76753797300006 ], [ 120.580973572000062, 0.767544048000047 ], [ 120.58019140600004, 0.767516113000056 ], [ 120.579562880000026, 0.767432310000061 ], [ 120.579255601000114, 0.767823393000072 ], [ 120.579241633000038, 0.768158607000032 ], [ 120.579576847000112, 0.768340181000042 ], [ 120.580019569000115, 0.768465298000024 ], [ 120.580219340000099, 0.768521755000052 ], [ 120.580805965000081, 0.76866142700004 ], [ 120.581336720000081, 0.76901060900002 ], [ 120.581839541000022, 0.769262019000053 ], [ 120.58199318000004, 0.769681036000065 ], [ 120.581873020000103, 0.769948060000047 ], [ 120.581867475000081, 0.769960381000033 ], [ 120.581616065000048, 0.77012798800007 ], [ 120.580694227000095, 0.770155923000061 ], [ 120.580526620000114, 0.770407333000037 ], [ 120.57982825800002, 0.770547005000026 ], [ 120.579590814000085, 0.770798416000048 ], [ 120.579710456000043, 0.771097519000023 ], [ 120.579758421000065, 0.771217433000061 ], [ 120.579856192000079, 0.771552647000021 ], [ 120.579465109000012, 0.771720254000059 ], [ 120.579458776000024, 0.771726587000046 ], [ 120.579074026000058, 0.772111337000069 ], [ 120.578822616000025, 0.772502420000023 ], [ 120.578613107000024, 0.771915795000041 ], [ 120.578553756000019, 0.771860537000066 ], [ 120.578208057000097, 0.771538680000049 ], [ 120.57785887600005, 0.77082635000005 ], [ 120.577942680000092, 0.770309562000023 ], [ 120.577830942000105, 0.769359790000067 ], [ 120.577425110000036, 0.768666907000068 ], [ 120.577258285000084, 0.768382083000063 ], [ 120.576853235000044, 0.767837360000044 ], [ 120.576134133000096, 0.767758913000023 ], [ 120.575965261000078, 0.767740490000051 ], [ 120.575316838000049, 0.767669753000064 ], [ 120.574520705000054, 0.767809426000042 ], [ 120.574143589000073, 0.768256377000057 ], [ 120.573752506, 0.76866142700004 ], [ 120.573668703000067, 0.769136314000036 ], [ 120.573598867000101, 0.769401691000041 ], [ 120.57392113100002, 0.769623248000073 ], [ 120.573904730000095, 0.769670630000064 ], [ 120.57559828, 0.774028160000057 ], [ 120.575613755000063, 0.774023940000063 ], [ 120.575498412000115, 0.774946687000067 ], [ 120.575721888000089, 0.776287543000024 ], [ 120.576085036000109, 0.776287543000024 ], [ 120.576632586000073, 0.776499497000032 ], [ 120.577309760000048, 0.77706524000007 ], [ 120.580519250000066, 0.779677460000073 ], [ 120.58350938000001, 0.783052560000044 ], [ 120.584786890000032, 0.784859880000056 ], [ 120.586059560000081, 0.78665417000002 ], [ 120.586092209000071, 0.786707149000051 ], [ 120.59025530100007, 0.793462526000042 ], [ 120.591445513000053, 0.794135935000043 ], [ 120.593177451000088, 0.794750494000027 ], [ 120.594322765000015, 0.795392987000071 ], [ 120.595199298000011, 0.795831253000074 ], [ 120.595719490000079, 0.796091349000051 ], [ 120.596697197000026, 0.795420921000073 ], [ 120.596903763000114, 0.794388089000051 ], [ 120.596948607000058, 0.794163869000045 ], [ 120.597283821000019, 0.793130293000047 ], [ 120.597507297000107, 0.792292259000021 ], [ 120.597423493000065, 0.79318616200004 ], [ 120.597423493000065, 0.793948035000028 ], [ 120.597423493000065, 0.794108 ], [ 120.598485004000054, 0.796733842000037 ], [ 120.598738227000013, 0.796968074000063 ], [ 120.599602383000047, 0.797767418000035 ], [ 120.600133139000036, 0.79860545300005 ], [ 120.600608025000042, 0.799981226000057 ], [ 120.601222584000084, 0.800903065000057 ], [ 120.6011594470001, 0.801155610000023 ], [ 120.601054977000103, 0.801573492000045 ], [ 120.600635959000101, 0.802355658000067 ], [ 120.600049335000108, 0.802439461000063 ], [ 120.599155432000089, 0.802802610000072 ], [ 120.598457069, 0.803947924000056 ], [ 120.598328122000112, 0.804119854000021 ], [ 120.597954249000054, 0.804618351000045 ], [ 120.597283821000019, 0.80509323800004 ], [ 120.596964932000105, 0.805170388000022 ], [ 120.595863310000027, 0.807262060000028 ], [ 120.59617779000007, 0.808001930000046 ], [ 120.596667320000051, 0.809153640000034 ], [ 120.596735400000057, 0.809313820000057 ], [ 120.598537870000087, 0.808073940000043 ], [ 120.599501990000022, 0.807410740000023 ], [ 120.600114300000087, 0.80805889100003 ], [ 120.600704015000019, 0.807856703000027 ], [ 120.600986897000098, 0.808045291000042 ], [ 120.600666151000041, 0.808643045000053 ], [ 120.600468280000086, 0.809011805000068 ], [ 120.600185398, 0.809813305000034 ], [ 120.601411220000045, 0.809412555000051 ], [ 120.601437419000035, 0.809411761000035 ], [ 120.602189146000114, 0.80938898200003 ], [ 120.603249954000034, 0.809483276000037 ], [ 120.603886439, 0.810261202000049 ], [ 120.604096495000022, 0.81041397000007 ], [ 120.604145748000064, 0.810449790000064 ], [ 120.604171344000065, 0.810442180000052 ], [ 120.605890188000103, 0.809931172000063 ], [ 120.606267364000018, 0.808941085000072 ], [ 120.606055202000107, 0.80816315900006 ], [ 120.606078776000118, 0.807243792000065 ], [ 120.606173070000068, 0.807078777000072 ], [ 120.606471630000101, 0.806996416000061 ], [ 120.606856702000073, 0.806890189000057 ], [ 120.607563907000099, 0.806890189000057 ], [ 120.608978318000027, 0.80752667400003 ], [ 120.609261200000105, 0.807950997000034 ], [ 120.60954408200007, 0.808351747000074 ], [ 120.60954408200007, 0.808763147000036 ], [ 120.60954408200007, 0.809813305000034 ], [ 120.609587461000046, 0.810659180000073 ], [ 120.609591229000102, 0.810732672000029 ], [ 120.609506517000113, 0.810817384000075 ], [ 120.608931171000108, 0.811392730000023 ], [ 120.608223966000082, 0.81212350900006 ], [ 120.607068864000098, 0.812972156000058 ], [ 120.606550246000097, 0.813396479000062 ], [ 120.606573820000108, 0.814056537000056 ], [ 120.606642090000037, 0.814261348000059 ], [ 120.60669168700008, 0.814410140000064 ], [ 120.607210305000081, 0.814740169000061 ], [ 120.607988231000036, 0.815023051000026 ], [ 120.608277806000046, 0.815082451000023 ], [ 120.608907598000087, 0.81521163900004 ], [ 120.609402641000088, 0.815329507000058 ], [ 120.610039126000061, 0.815918845000056 ], [ 120.610180567000043, 0.816484609000042 ], [ 120.610145438000018, 0.816964714000051 ], [ 120.610251958000049, 0.817072070000052 ], [ 120.610177621000048, 0.817280215000039 ], [ 120.61031906200003, 0.817515950000029 ], [ 120.611073414000089, 0.818058141000051 ], [ 120.611639178000019, 0.818576758000063 ], [ 120.612134222, 0.819024655000021 ], [ 120.612434162000113, 0.819335308000063 ], [ 120.612794281000106, 0.819708287000026 ], [ 120.612745131000111, 0.820150636000051 ], [ 120.612676413000031, 0.82076909500006 ], [ 120.612583482000105, 0.821187285000065 ], [ 120.612534972000049, 0.821405580000032 ], [ 120.61208707500009, 0.821806330000072 ], [ 120.611544884000068, 0.821971344000076 ], [ 120.611345613000026, 0.821987286000024 ], [ 120.610955546000014, 0.822018491000051 ], [ 120.610342635000052, 0.822018491000051 ], [ 120.6101069, 0.822419241000034 ], [ 120.610039544000074, 0.822638149000056 ], [ 120.609790911000118, 0.822780747000024 ], [ 120.609500306000086, 0.822795277000068 ], [ 120.609272824000072, 0.822803702000044 ], [ 120.60892822400001, 0.822631403000059 ], [ 120.608810357000038, 0.822631403000059 ], [ 120.608173872000066, 0.823338608000029 ], [ 120.607914563, 0.823786505000044 ], [ 120.607852982000054, 0.824279159000071 ], [ 120.607820269000058, 0.824540857000045 ], [ 120.607768577000115, 0.824652856000057 ], [ 120.607678828000076, 0.824847313000021 ], [ 120.607018770000082, 0.824941607000028 ], [ 120.60657087300001, 0.824635151000052 ], [ 120.606105589000094, 0.823894927000026 ], [ 120.606052256000112, 0.823810078000065 ], [ 120.604567124000027, 0.822537109000052 ], [ 120.603688869000052, 0.822117073000072 ], [ 120.603482743000086, 0.822018491000051 ], [ 120.602880028000072, 0.821903266000049 ], [ 120.602810309, 0.822018491000051 ], [ 120.602209773000027, 0.822018491000051 ], [ 120.601431847000072, 0.822513535000041 ], [ 120.600606774000084, 0.823998666000023 ], [ 120.600465333000102, 0.82475301900007 ], [ 120.59992314200008, 0.826143856000044 ], [ 120.599687407000033, 0.827558267000029 ], [ 120.599852422000026, 0.828807663000021 ], [ 120.599899569000058, 0.829750604000026 ], [ 120.600394613000049, 0.830387088000066 ], [ 120.601061479, 0.830520462000038 ], [ 120.601219686000036, 0.830552103000059 ], [ 120.602351214, 0.830717118000052 ], [ 120.603034846000014, 0.830952853000042 ], [ 120.602327641000102, 0.831330029000071 ], [ 120.602222787000073, 0.831356544000073 ], [ 120.600276745000087, 0.831848646000026 ], [ 120.600064583000062, 0.832131528000048 ], [ 120.599333804000025, 0.83293892100005 ], [ 120.60001743600003, 0.83293892100005 ], [ 120.600536054000031, 0.832962495000061 ], [ 120.600750935000065, 0.83302266100003 ], [ 120.601125391000096, 0.833127509000064 ], [ 120.60081303700008, 0.833462175000022 ], [ 120.600465333000102, 0.833834715000023 ], [ 120.599970289000112, 0.83432975900007 ], [ 120.599286657000107, 0.834706935000042 ], [ 120.598508732000028, 0.835084111000072 ], [ 120.59839252800009, 0.835261475000038 ], [ 120.598060835000069, 0.835767743000019 ], [ 120.597649679000028, 0.836259342000062 ], [ 120.597852553000052, 0.838831938000055 ], [ 120.599323039000069, 0.840486234000025 ], [ 120.600608025000042, 0.841938828000025 ], [ 120.601390191000064, 0.843782504000046 ], [ 120.601837142000022, 0.844229456000051 ], [ 120.602731046000031, 0.845011621000026 ], [ 120.602890218000084, 0.845268065000027 ], [ 120.603736688000026, 0.846631822000063 ], [ 120.603736688000026, 0.849090057000069 ], [ 120.603960164000114, 0.852833278000048 ], [ 120.605859709000015, 0.85378305100005 ], [ 120.606074023000019, 0.853977273000055 ], [ 120.607647516000043, 0.855403251000041 ], [ 120.608932502000016, 0.856129548000069 ], [ 120.609882275000018, 0.856799975000058 ], [ 120.609897857000078, 0.856885675000058 ], [ 120.611551960000043, 0.858552820000057 ], [ 120.611463360000016, 0.858572590000051 ], [ 120.61111513000003, 0.858650300000022 ], [ 120.608722660000012, 0.859184200000072 ], [ 120.608667680000053, 0.859196470000029 ], [ 120.609107740000013, 0.86008202000005 ], [ 120.609803490000104, 0.86148208000003 ], [ 120.607307640000045, 0.862622170000066 ], [ 120.60499884, 0.863676810000072 ], [ 120.604953180000052, 0.863807860000065 ], [ 120.604068120000079, 0.866310430000055 ], [ 120.603942470000106, 0.866366430000028 ], [ 120.603865800000108, 0.866650310000068 ], [ 120.603343350000046, 0.868584930000054 ], [ 120.603296360000058, 0.868758940000021 ], [ 120.603698530000088, 0.872014460000059 ], [ 120.60598669, 0.875949370000058 ], [ 120.610706900000082, 0.875561130000051 ], [ 120.61070643000005, 0.875896110000042 ], [ 120.610384080000017, 0.876146800000072 ], [ 120.610316320000038, 0.877129170000046 ], [ 120.610011410000084, 0.878653520000057 ], [ 120.610011410000084, 0.879635890000031 ], [ 120.610553470000013, 0.880279510000037 ], [ 120.610700050000105, 0.880455380000058 ], [ 120.610699710000063, 0.880699680000021 ], [ 120.613400870000078, 0.882606090000024 ], [ 120.614374570000109, 0.884434270000042 ], [ 120.615546810000069, 0.886535190000075 ], [ 120.615549440000109, 0.886545470000044 ], [ 120.616622070000062, 0.890740640000047 ], [ 120.616703910000069, 0.890712250000036 ], [ 120.61684643000001, 0.89120403000004 ], [ 120.617130990000078, 0.892161090000059 ], [ 120.619967910000014, 0.892085750000035 ], [ 120.619971790000022, 0.892096370000047 ], [ 120.61997378, 0.892096320000064 ], [ 120.620507590000102, 0.893551660000071 ], [ 120.620244900000102, 0.894159230000071 ], [ 120.61981258000003, 0.895172840000043 ], [ 120.620732430000089, 0.895729220000021 ], [ 120.620960650000029, 0.895864130000064 ], [ 120.62095948000001, 0.895866550000051 ], [ 120.620962220000024, 0.89586821000006 ], [ 120.619810580000035, 0.898260020000066 ], [ 120.619828570000095, 0.898283956000057 ], [ 120.62118763, 0.900092230000041 ], [ 120.621721100000059, 0.900800120000042 ], [ 120.621721190000017, 0.900802140000053 ], [ 120.621725740000102, 0.900808210000037 ], [ 120.621876880000059, 0.904204210000046 ], [ 120.623256990000073, 0.904205120000029 ], [ 120.623313080000116, 0.904279330000065 ], [ 120.62333263000005, 0.904305020000038 ], [ 120.623365850000027, 0.904349140000022 ], [ 120.623445570000058, 0.904454610000073 ], [ 120.623493110000027, 0.904517030000022 ], [ 120.623578570000063, 0.904630460000021 ], [ 120.623616970000057, 0.904681360000041 ], [ 120.62371126000005, 0.904806110000038 ], [ 120.623734060000061, 0.904836240000066 ], [ 120.62380789000008, 0.904933870000036 ], [ 120.623877690000086, 0.905026 ], [ 120.623940780000112, 0.905109760000073 ], [ 120.62425651, 0.90552746000003 ], [ 120.624270340000066, 0.905545740000036 ], [ 120.624280360000057, 0.905559010000047 ], [ 120.624471300000096, 0.905811620000065 ], [ 120.62448272000006, 0.905826710000042 ], [ 120.624478230000022, 0.905848650000053 ], [ 120.624426370000037, 0.906103 ], [ 120.62441302000002, 0.906168880000052 ], [ 120.624378020000108, 0.906340430000057 ], [ 120.62436931000002, 0.906382850000057 ], [ 120.624319620000051, 0.906626600000038 ], [ 120.624294690000056, 0.90674972000005 ], [ 120.624279100000081, 0.906825340000069 ], [ 120.6242447300001, 0.906993920000048 ], [ 120.624218490000089, 0.907122960000038 ], [ 120.62417883, 0.907317140000032 ], [ 120.623851470000091, 0.908922740000037 ], [ 120.623491138000077, 0.910690068000065 ], [ 120.623462400000108, 0.910831020000046 ], [ 120.623102280000012, 0.912617710000063 ], [ 120.625458570000092, 0.91267576000007 ], [ 120.626311140000098, 0.912691930000051 ], [ 120.628222210000104, 0.911467240000036 ], [ 120.629663340000093, 0.910528870000064 ], [ 120.629680570000119, 0.910546340000053 ], [ 120.629693400000065, 0.91053813000002 ], [ 120.630452160000118, 0.911328410000067 ], [ 120.630482910000069, 0.911359580000067 ], [ 120.630842230000098, 0.911205480000035 ], [ 120.63184010000009, 0.910771090000026 ], [ 120.631840540000098, 0.910777340000038 ], [ 120.631851360000041, 0.910772700000052 ], [ 120.631926200000066, 0.911995820000072 ], [ 120.631992030000106, 0.912932240000032 ], [ 120.634746586, 0.914358403000051 ], [ 120.634827990000076, 0.914400550000039 ], [ 120.635332300000073, 0.916896400000041 ], [ 120.635558750000087, 0.918017130000067 ], [ 120.63559199000008, 0.918181310000023 ], [ 120.636238480000088, 0.918630750000034 ], [ 120.63680265000005, 0.919021740000062 ], [ 120.636896473000093, 0.919016990000046 ], [ 120.6381107200001, 0.918955520000054 ], [ 120.638110330000018, 0.918957070000033 ], [ 120.638121980000051, 0.918956390000062 ], [ 120.637933523000015, 0.919713055000045 ], [ 120.637918160000027, 0.919774740000037 ], [ 120.637514650000071, 0.921394880000037 ], [ 120.637122570000088, 0.922969110000054 ], [ 120.637437170000112, 0.924430510000036 ], [ 120.637495720000061, 0.924684180000042 ], [ 120.637492690000045, 0.924688420000052 ], [ 120.637504770000078, 0.924744520000047 ], [ 120.635993660000054, 0.92679183000007 ], [ 120.635739680000029, 0.92713593000002 ], [ 120.634760430000028, 0.932950710000057 ], [ 120.63473896000005, 0.933078150000028 ], [ 120.63517408000007, 0.936896663000027 ], [ 120.635096092000026, 0.936908542000026 ], [ 120.634967454000048, 0.937423095000042 ], [ 120.635279502000117, 0.938407780000034 ], [ 120.635288150000065, 0.939171110000075 ], [ 120.635297180000066, 0.939545390000035 ], [ 120.636238450000064, 0.939201570000023 ], [ 120.638402250000013, 0.938411210000027 ], [ 120.638497110000117, 0.938376560000052 ], [ 120.641115870000021, 0.942287520000036 ], [ 120.644647450000093, 0.943208210000023 ], [ 120.645326570000066, 0.942679360000056 ], [ 120.646474680000097, 0.941785310000057 ], [ 120.646988274000023, 0.941385365000031 ], [ 120.647330330000045, 0.941119 ], [ 120.647723140000039, 0.941095480000058 ], [ 120.649614090000114, 0.941120540000043 ], [ 120.650253650000082, 0.941129020000062 ], [ 120.650754230000075, 0.941507460000025 ], [ 120.651536610000107, 0.942098950000059 ], [ 120.652571970000054, 0.942881700000044 ], [ 120.654156980000039, 0.943299060000072 ], [ 120.654804640000066, 0.943469600000071 ], [ 120.655743030000053, 0.942829550000056 ], [ 120.656406320000087, 0.942377150000027 ], [ 120.657524390000049, 0.941614560000062 ], [ 120.657895200000098, 0.941946800000039 ], [ 120.657945624000035, 0.941991978000033 ], [ 120.658397670000113, 0.942397 ], [ 120.657891010000071, 0.943980030000034 ], [ 120.657590430000027, 0.944035120000024 ], [ 120.657044400000018, 0.943979410000054 ], [ 120.656889587000023, 0.944017165000048 ], [ 120.656680770000094, 0.94406809000003 ], [ 120.656587520000016, 0.94409083000005 ], [ 120.656320070000106, 0.944469660000038 ], [ 120.656008050000082, 0.944681360000061 ], [ 120.655586945000096, 0.944759698000041 ], [ 120.655586702000051, 0.94475974300002 ], [ 120.65552888000002, 0.944770500000061 ], [ 120.655161140000018, 0.944692500000031 ], [ 120.655104985000094, 0.944692500000031 ], [ 120.655091669000058, 0.944692500000031 ], [ 120.654860270000086, 0.944692500000031 ], [ 120.654247380000015, 0.944380530000046 ], [ 120.653723630000059, 0.944614510000065 ], [ 120.65379049, 0.945082470000045 ], [ 120.654392240000107, 0.945684140000026 ], [ 120.654938270000116, 0.94598497000004 ], [ 120.655662101000075, 0.945894512000052 ], [ 120.655829760000074, 0.945873560000052 ], [ 120.656262525000102, 0.945487879000041 ], [ 120.656342360000053, 0.945416730000034 ], [ 120.656821530000116, 0.945171610000045 ], [ 120.65712679, 0.945123220000028 ], [ 120.657211807000067, 0.945109743000046 ], [ 120.657546400000115, 0.945056700000066 ], [ 120.657522030000109, 0.945132860000058 ], [ 120.659516360000111, 0.945245300000067 ], [ 120.66121067000006, 0.946308140000042 ], [ 120.661430290000112, 0.946388690000049 ], [ 120.662011279000012, 0.946601801000043 ], [ 120.662595640000063, 0.946816150000075 ], [ 120.66311010000004, 0.946976760000041 ], [ 120.663581860000022, 0.947186600000066 ], [ 120.664488640000059, 0.947552630000075 ], [ 120.664754406000043, 0.947659915000031 ], [ 120.665170960000069, 0.947828070000071 ], [ 120.666006408000044, 0.94780782600003 ], [ 120.666126223000106, 0.947641927000063 ], [ 120.666503399000021, 0.947311898000066 ], [ 120.666544653000074, 0.947301585000048 ], [ 120.666544805000058, 0.947301547000052 ], [ 120.666786282000089, 0.947241177000024 ], [ 120.667161218000047, 0.94751268300007 ], [ 120.667300493000084, 0.947613538000041 ], [ 120.667469913000104, 0.947736221000071 ], [ 120.667356628000107, 0.948189361000061 ], [ 120.667500103000066, 0.948652601000049 ], [ 120.667486170000075, 0.948660780000068 ], [ 120.667528847000085, 0.948714522000046 ], [ 120.667670288000068, 0.948962044000041 ], [ 120.66830677300004, 0.94939815400005 ], [ 120.670286948000012, 0.948894270000039 ], [ 120.671088448000091, 0.948776402000021 ], [ 120.671347756000046, 0.949082858000054 ], [ 120.671489197000028, 0.949837211000045 ], [ 120.671324183000024, 0.950155453000036 ], [ 120.670628764000071, 0.950803725000071 ], [ 120.669815478000032, 0.951063033000025 ], [ 120.669426515000055, 0.950968739000075 ], [ 120.668848964000063, 0.951086607000036 ], [ 120.668353920000072, 0.951298768000072 ], [ 120.667752796000059, 0.951204474000065 ], [ 120.66680985500011, 0.951086607000036 ], [ 120.666196944000035, 0.951027673000056 ], [ 120.665030055000102, 0.95095695200007 ], [ 120.663945673000057, 0.951605224000048 ], [ 120.663474203000078, 0.952135628000065 ], [ 120.663432949000025, 0.953340824000065 ], [ 120.664045861000091, 0.954236617000049 ], [ 120.664411250000057, 0.954825955000047 ], [ 120.665106669000011, 0.955391720000023 ], [ 120.66597888900003, 0.95548601400003 ], [ 120.666756815000099, 0.956004631000042 ], [ 120.667157564000036, 0.956747197000027 ], [ 120.668065145000014, 0.957477976000064 ], [ 120.668518935000066, 0.957342428000061 ], [ 120.668943258000013, 0.957566376000045 ], [ 120.669803691000084, 0.95751922900007 ], [ 120.669839052000043, 0.957672457000058 ], [ 120.669391155000085, 0.95850931700005 ], [ 120.668884324000032, 0.959393323000029 ], [ 120.668636802000037, 0.960100529000044 ], [ 120.668530722000014, 0.960984536000069 ], [ 120.670110147000059, 0.960972749000064 ], [ 120.670723058000021, 0.960772374000044 ], [ 120.670876286000066, 0.961019896000039 ], [ 120.670840926000096, 0.961385285000063 ], [ 120.67053447, 0.961762462000024 ], [ 120.66967403700005, 0.962481454000056 ], [ 120.669485449000035, 0.963424394000072 ], [ 120.669603316, 0.964414482000052 ], [ 120.670015853000109, 0.965380996000022 ], [ 120.670546257000069, 0.965522437000061 ], [ 120.671206315000063, 0.965522437000061 ], [ 120.672113896000042, 0.965640304000033 ], [ 120.672538219000103, 0.965392783000027 ], [ 120.672986116000061, 0.964779871000076 ], [ 120.673681534000025, 0.964720937000038 ], [ 120.674471247000042, 0.964838805000056 ], [ 120.675249173000111, 0.964933099000064 ], [ 120.676144966000038, 0.96436733500002 ], [ 120.676333554000053, 0.962561014000073 ], [ 120.675673496000059, 0.962172051000039 ], [ 120.675614562000078, 0.961193751000053 ], [ 120.675402401000042, 0.960000341000068 ], [ 120.674978077000105, 0.959623165000039 ], [ 120.675626349000026, 0.958845239000027 ], [ 120.676309981000031, 0.957805058000019 ], [ 120.676286407000021, 0.957298227000024 ], [ 120.67659286300011, 0.956803184000023 ], [ 120.677323642000033, 0.955895603000045 ], [ 120.677288282000063, 0.955247332000056 ], [ 120.676911105000045, 0.95497623600005 ], [ 120.676427848000117, 0.954669781000064 ], [ 120.675921018000054, 0.954139377000047 ], [ 120.676203900000019, 0.953196436000042 ], [ 120.676769664000062, 0.952618885000049 ], [ 120.677441510000108, 0.952795686000059 ], [ 120.678349090000097, 0.953267157000028 ], [ 120.678655545000083, 0.952925341000025 ], [ 120.678832347000025, 0.95264245900006 ], [ 120.678855920000046, 0.952100268000038 ], [ 120.679268457000035, 0.95168773100005 ], [ 120.679362751000099, 0.951275195000051 ], [ 120.679091655000093, 0.951192688000049 ], [ 120.678667332000032, 0.950933379000048 ], [ 120.678561251000019, 0.950638710000021 ], [ 120.67873927100004, 0.950391461000038 ], [ 120.678844870000034, 0.950474432000021 ], [ 120.67905703200006, 0.950474432000021 ], [ 120.679375274000108, 0.950450859000057 ], [ 120.67955207600005, 0.950427285000046 ], [ 120.679764237000086, 0.950368351000066 ], [ 120.679956977000074, 0.95026127400007 ], [ 120.681971070000031, 0.949744480000049 ], [ 120.682323970000084, 0.949653930000068 ], [ 120.682173600000056, 0.950172960000032 ], [ 120.68173929000011, 0.951672020000046 ], [ 120.681599270000106, 0.952155330000039 ], [ 120.681370270000116, 0.952945750000026 ], [ 120.681367430000023, 0.95295555000007 ], [ 120.681375780000053, 0.952954790000035 ], [ 120.682097430000113, 0.952889240000047 ], [ 120.682622150000043, 0.95284158000004 ], [ 120.682944650000081, 0.952638990000025 ], [ 120.683351060000064, 0.952383700000041 ], [ 120.683535010000014, 0.952268140000058 ], [ 120.684901830000058, 0.953205800000035 ], [ 120.68651323000006, 0.952652370000067 ], [ 120.686956630000054, 0.95250008000005 ], [ 120.687069910000105, 0.952722300000062 ], [ 120.687175502000059, 0.952929438000069 ], [ 120.687406800000076, 0.953383170000052 ], [ 120.688385490000087, 0.953452460000051 ], [ 120.688593530000048, 0.953467190000026 ], [ 120.689021460000049, 0.953497490000075 ], [ 120.687905800000067, 0.954874590000031 ], [ 120.68741087, 0.955485500000066 ], [ 120.688444350000054, 0.955769970000063 ], [ 120.688665290000017, 0.95583079000005 ], [ 120.686383030000115, 0.957436600000051 ], [ 120.685357040000099, 0.956632220000074 ], [ 120.684503170000085, 0.956818460000022 ], [ 120.683137500000043, 0.957116340000027 ], [ 120.682733290000101, 0.957204500000046 ], [ 120.683399610000038, 0.958248340000068 ], [ 120.683581510000067, 0.95853328000004 ], [ 120.681026270000075, 0.960898660000055 ], [ 120.680677520000017, 0.961221500000022 ], [ 120.683175020000022, 0.961808740000038 ], [ 120.687739960000044, 0.959812250000027 ], [ 120.687857200000053, 0.959760970000048 ], [ 120.68938168000011, 0.959094230000062 ], [ 120.691071450000095, 0.957897580000065 ], [ 120.691207880000093, 0.957800960000043 ], [ 120.692595130000086, 0.956818540000029 ], [ 120.692624160000037, 0.957743760000028 ], [ 120.69266661000006, 0.959096460000069 ], [ 120.691588950000096, 0.960450550000076 ], [ 120.691205410000066, 0.960932470000046 ], [ 120.692672340000058, 0.961084150000033 ], [ 120.694564560000117, 0.959097750000069 ], [ 120.694673680000051, 0.960203660000047 ], [ 120.696612460000097, 0.960931260000052 ], [ 120.697410080000054, 0.961230600000022 ], [ 120.694782080000095, 0.961302300000057 ], [ 120.693986840000093, 0.963118260000044 ], [ 120.693977870000026, 0.963138750000041 ], [ 120.694446849000087, 0.963811514000042 ], [ 120.69532641, 0.965073270000062 ], [ 120.695874000000117, 0.965858810000043 ], [ 120.694195670000113, 0.964902420000044 ], [ 120.692735160000097, 0.965709700000048 ], [ 120.693392940000081, 0.964534470000046 ], [ 120.692882690000033, 0.96343193000007 ], [ 120.692392700000028, 0.964135510000062 ], [ 120.691859720000025, 0.964900820000025 ], [ 120.690473400000087, 0.963944640000022 ], [ 120.690463730000033, 0.963957900000025 ], [ 120.689689580000049, 0.965019 ], [ 120.689722800000027, 0.965085850000037 ], [ 120.689970230000085, 0.965500770000062 ], [ 120.690253060000032, 0.965928440000027 ], [ 120.690240790000075, 0.965954470000042 ], [ 120.689788070000077, 0.966914820000056 ], [ 120.688937200000055, 0.968719770000064 ], [ 120.688839210000083, 0.968666730000052 ], [ 120.688069540000015, 0.968250130000058 ], [ 120.688058420000061, 0.968362260000049 ], [ 120.687983760000066, 0.969115500000044 ], [ 120.687959210000031, 0.969363170000065 ], [ 120.687893440000039, 0.970026800000028 ], [ 120.687840980000033, 0.970556010000053 ], [ 120.686672360000102, 0.971510440000031 ], [ 120.686433070000021, 0.971058070000026 ], [ 120.68608912000002, 0.970407840000064 ], [ 120.685735670000099, 0.970205210000074 ], [ 120.685639900000069, 0.970150310000065 ], [ 120.682367670000076, 0.968274380000025 ], [ 120.682189340000036, 0.968363390000036 ], [ 120.678725870000108, 0.970092290000025 ], [ 120.680134870000074, 0.972191400000042 ], [ 120.681738780000046, 0.974580900000035 ], [ 120.681957250000096, 0.97490638000005 ], [ 120.682289810000043, 0.975401820000059 ], [ 120.686158160000105, 0.976212780000026 ], [ 120.686515450000115, 0.97819252000005 ], [ 120.686535420000041, 0.978303170000061 ], [ 120.686620200000107, 0.978772930000048 ], [ 120.688007550000066, 0.979852950000065 ], [ 120.691774920000057, 0.98224201000005 ], [ 120.691654820000053, 0.983561790000067 ], [ 120.69162782, 0.98385847000003 ], [ 120.692886300000055, 0.984561480000025 ], [ 120.693978880000031, 0.984320870000033 ], [ 120.694401520000042, 0.984227800000042 ], [ 120.694485800000052, 0.985454990000051 ], [ 120.696914320000019, 0.986811590000059 ], [ 120.697027670000011, 0.98687491000004 ], [ 120.697220050000055, 0.986856690000025 ], [ 120.697485860000029, 0.986831510000059 ], [ 120.698199050000085, 0.986763960000076 ], [ 120.700094390000118, 0.985774840000033 ], [ 120.699440170000116, 0.981732980000061 ], [ 120.69761660000006, 0.979674270000032 ], [ 120.69995352, 0.978279760000021 ], [ 120.701052190000041, 0.975107280000032 ], [ 120.701123810000013, 0.974900470000023 ], [ 120.701247650000028, 0.975471070000026 ], [ 120.70145148000006, 0.97641021000004 ], [ 120.701621130000035, 0.977191880000021 ], [ 120.701731280000104, 0.97769943000003 ], [ 120.701898870000036, 0.978471580000075 ], [ 120.701922360000026, 0.978579840000066 ], [ 120.701936680000017, 0.97864579000003 ], [ 120.700999570000022, 0.979721660000052 ], [ 120.70086914, 0.979871410000044 ], [ 120.700463110000101, 0.980337560000066 ], [ 120.700550790000079, 0.980671150000035 ], [ 120.700752760000114, 0.98143957000002 ], [ 120.700912200000062, 0.982046190000062 ], [ 120.701197100000059, 0.983130130000063 ], [ 120.701409640000065, 0.98393875000005 ], [ 120.701658800000018, 0.984203540000067 ], [ 120.702541500000052, 0.98514160000002 ], [ 120.703065480000078, 0.985698450000029 ], [ 120.703548200000114, 0.986211450000042 ], [ 120.703587110000058, 0.986252790000037 ], [ 120.703587560000074, 0.986251840000023 ], [ 120.70354473000009, 0.985954330000027 ], [ 120.70358275000001, 0.985941660000037 ], [ 120.703588, 0.985979910000026 ], [ 120.703612620000058, 0.985931700000037 ], [ 120.703634580000084, 0.985924380000029 ], [ 120.703646310000067, 0.985865740000065 ], [ 120.70396999500008, 0.985231919000057 ], [ 120.703785532000097, 0.985006464000037 ], [ 120.703711495000107, 0.984623940000063 ], [ 120.703884248, 0.984081004000075 ], [ 120.704414845000088, 0.983735499000034 ], [ 120.704777815000057, 0.983650094000041 ], [ 120.704834387, 0.983636783000065 ], [ 120.705636452000022, 0.982498468000074 ], [ 120.705566981000061, 0.982104797000034 ], [ 120.705525397000088, 0.981869155000027 ], [ 120.705505993000088, 0.981807709000066 ], [ 120.705451360000097, 0.981634705000033 ], [ 120.705118195000068, 0.981449613000052 ], [ 120.704951181000069, 0.981567914000038 ], [ 120.704822047000107, 0.981659384000068 ], [ 120.704242092000072, 0.981943192000074 ], [ 120.7039459450001, 0.981795118000036 ], [ 120.703625119000094, 0.981338558000061 ], [ 120.703440027000056, 0.980681481000033 ], [ 120.703440027000056, 0.980447032000029 ], [ 120.703662138000027, 0.979867077000051 ], [ 120.703970624000021, 0.979583269000045 ], [ 120.704550579000056, 0.979274782000061 ], [ 120.704957781000076, 0.978904598000042 ], [ 120.705192231000069, 0.978497396000023 ], [ 120.705297424000037, 0.978466715000025 ], [ 120.705481850000069, 0.978412924000054 ], [ 120.705488378000041, 0.978411020000067 ], [ 120.705507709000017, 0.978427934000024 ], [ 120.705784526000116, 0.978670149000038 ], [ 120.706179389000113, 0.979065011000046 ], [ 120.706895077000013, 0.97968198500007 ], [ 120.707351638000091, 0.979805379000027 ], [ 120.70776266900009, 0.979736874000025 ], [ 120.707795858000054, 0.979731343000026 ], [ 120.707904072000019, 0.979665473000068 ], [ 120.708079666000117, 0.979558590000067 ], [ 120.708178382000028, 0.979336480000029 ], [ 120.708227740000098, 0.978805883000064 ], [ 120.708054987000082, 0.977571936000061 ], [ 120.707512051000094, 0.97746088100007 ], [ 120.707408029000021, 0.97745317600004 ], [ 120.707178885000076, 0.977436202000035 ], [ 120.706808701000114, 0.977325147000045 ], [ 120.706253425000114, 0.97686858700007 ], [ 120.706290444000047, 0.976399687000026 ], [ 120.706512554000028, 0.976091200000042 ], [ 120.706585408000024, 0.975965667000025 ], [ 120.707114103000094, 0.975054685000032 ], [ 120.707040066000104, 0.974733859000025 ], [ 120.707026112000108, 0.97467804200005 ], [ 120.706916672000034, 0.97424028100005 ], [ 120.707188140000085, 0.974067528000035 ], [ 120.707990205000101, 0.973968812000066 ], [ 120.708607178000079, 0.973623307000025 ], [ 120.70959433500002, 0.973783720000029 ], [ 120.710603342000013, 0.974143477000041 ], [ 120.710701802000017, 0.974178583000025 ], [ 120.711096665000014, 0.97420326200006 ], [ 120.711775336000073, 0.974363675000063 ], [ 120.711750657000039, 0.974820235000038 ], [ 120.711503868000023, 0.97527679600006 ], [ 120.711725978000118, 0.975955466000073 ], [ 120.711861712000086, 0.976177577000044 ], [ 120.71207164100008, 0.97631053200007 ], [ 120.712231896000048, 0.976412026000048 ], [ 120.71227529600003, 0.976415643000053 ], [ 120.71252804300002, 0.976436705000026 ], [ 120.712861209000039, 0.976128219000032 ], [ 120.713475097000014, 0.975634640000067 ], [ 120.713650890000054, 0.975388531000021 ], [ 120.71384528100009, 0.975116383000056 ], [ 120.714092071000096, 0.974844914000073 ], [ 120.714449915000046, 0.974795556000061 ], [ 120.714610328000049, 0.975091704000022 ], [ 120.714758402000029, 0.975486567000075 ], [ 120.714762050000104, 0.975533994000045 ], [ 120.714795420000087, 0.975967806000028 ], [ 120.715091567000059, 0.97635032900007 ], [ 120.715967669000065, 0.976226934000067 ], [ 120.716292427000099, 0.975786191000054 ], [ 120.716313174000106, 0.975758035000069 ], [ 120.716868450000106, 0.975363172000073 ], [ 120.717213955000034, 0.975165740000023 ], [ 120.717329772000085, 0.975267519000056 ], [ 120.717517293000014, 0.975432310000031 ], [ 120.717621158000043, 0.975523585000076 ], [ 120.717621158000043, 0.976017164000041 ], [ 120.717608818000031, 0.976461384000061 ], [ 120.717476243000078, 0.976773326000057 ], [ 120.717399047000072, 0.976954963000026 ], [ 120.716954826, 0.977658312000074 ], [ 120.717127579000021, 0.977979138000023 ], [ 120.717300331000047, 0.977942120000023 ], [ 120.717451990000086, 0.977824163000037 ], [ 120.717522442000018, 0.977769368000054 ], [ 120.717818589000103, 0.977621294000073 ], [ 120.718015946000037, 0.977546110000048 ], [ 120.718509060000088, 0.977062060000037 ], [ 120.718536200000017, 0.977044930000034 ], [ 120.71860829000002, 0.97697469000002 ], [ 120.718718751000097, 0.976905652000028 ], [ 120.718719370000031, 0.976890181000044 ], [ 120.718929141000103, 0.97595238100007 ], [ 120.719940977000078, 0.975804308000022 ], [ 120.720570290000069, 0.975668574000053 ], [ 120.720891116000075, 0.975495821000038 ], [ 120.721236621000116, 0.975014582000028 ], [ 120.721236621000116, 0.974619719000032 ], [ 120.721236621000116, 0.973953388000041 ], [ 120.721680842000069, 0.973459809000076 ], [ 120.722285475000035, 0.973003249000044 ], [ 120.722443912000017, 0.97269392000004 ], [ 120.720976940000014, 0.972063590000062 ], [ 120.720822610000027, 0.971514040000045 ], [ 120.720272100000102, 0.969553740000038 ], [ 120.719854520000013, 0.962862500000028 ], [ 120.719801754000059, 0.96283623000005 ], [ 120.719820667000022, 0.962514704000057 ], [ 120.719462823000072, 0.961761996000064 ], [ 120.718105482000055, 0.961095665000073 ], [ 120.717488508000088, 0.960737821000066 ], [ 120.716168186000118, 0.960330618000057 ], [ 120.714810844000112, 0.959948095000072 ], [ 120.71376199000008, 0.959602590000031 ], [ 120.713145017000102, 0.95934346100006 ], [ 120.712589107000099, 0.959245360000068 ], [ 120.712448890000019, 0.959220615000049 ], [ 120.712445780000053, 0.959220067000047 ], [ 120.712373800000023, 0.959127521000028 ], [ 120.711941919000083, 0.959115181000072 ], [ 120.711633432000099, 0.959164539000028 ], [ 120.709819531000107, 0.95969513600005 ], [ 120.708536226000092, 0.960238072000038 ], [ 120.707252922000066, 0.960793348000038 ], [ 120.706759343000044, 0.960879725000041 ], [ 120.706784264000021, 0.960852727000031 ], [ 120.706907417000025, 0.960719312000037 ], [ 120.707906914000091, 0.96021339400005 ], [ 120.708671960000061, 0.959806191000041 ], [ 120.709368307000091, 0.959593747000042 ], [ 120.711550690000081, 0.95853046000002 ], [ 120.711671722, 0.958464112000058 ], [ 120.711642687000108, 0.958115684000063 ], [ 120.711371218000068, 0.957794858000057 ], [ 120.711013374000117, 0.957301280000024 ], [ 120.710495116000061, 0.956783022000025 ], [ 120.710482777000038, 0.956597930000044 ], [ 120.711075071000096, 0.957091509000065 ], [ 120.711667366000029, 0.95754806900004 ], [ 120.71229667800003, 0.957844216000069 ], [ 120.712559250000027, 0.957977586000027 ], [ 120.712599430000068, 0.957955560000073 ], [ 120.71403770400002, 0.958680653000044 ], [ 120.714189145000091, 0.958757001000038 ], [ 120.714536291000059, 0.958661706000044 ], [ 120.715079228000036, 0.958587669000053 ], [ 120.715350696000087, 0.958340880000037 ], [ 120.716584642000043, 0.957834962000049 ], [ 120.717238634000068, 0.957834962000049 ], [ 120.71730121600001, 0.957838538000033 ], [ 120.717542091000041, 0.957852302000049 ], [ 120.718834375000029, 0.959198177000076 ], [ 120.718916801000091, 0.959204642000032 ], [ 120.719256493000103, 0.95940446100002 ], [ 120.719336343, 0.959451432000037 ], [ 120.719644830000107, 0.959698221000053 ], [ 120.720015014000069, 0.960031386000026 ], [ 120.720170659000019, 0.960589878000064 ], [ 120.720786070000031, 0.961230810000075 ], [ 120.721373076000077, 0.961825473000033 ], [ 120.722847578000028, 0.963319210000066 ], [ 120.722973401000104, 0.963366127000029 ], [ 120.723355924000089, 0.963390806000064 ], [ 120.723355924000089, 0.96351420000002 ], [ 120.723553355000035, 0.964007779000042 ], [ 120.723923539000111, 0.96406947600002 ], [ 120.724083952000115, 0.964131174000045 ], [ 120.724195008000038, 0.964377963000061 ], [ 120.724781186000087, 0.965155982000056 ], [ 120.725126830000022, 0.964941840000051 ], [ 120.725183920000063, 0.964906470000074 ], [ 120.725661353000078, 0.964610686000071 ], [ 120.725663404000102, 0.964606243000048 ], [ 120.726021248000052, 0.964087986000038 ], [ 120.726453130000095, 0.963816517000055 ], [ 120.72671225900001, 0.963742481000054 ], [ 120.727267534000021, 0.963372297000035 ], [ 120.728032581000093, 0.963026792000051 ], [ 120.728390426000033, 0.962866379000047 ], [ 120.728435407, 0.962892082000053 ], [ 120.728476802000046, 0.96291573600007 ], [ 120.728365747000112, 0.962989773000061 ], [ 120.728365747000112, 0.963211884000032 ], [ 120.728587857000093, 0.963211884000032 ], [ 120.728600197000105, 0.963088489000029 ], [ 120.728797628000052, 0.962891058000025 ], [ 120.728958041000055, 0.962817021000035 ], [ 120.729143133000093, 0.962817021000035 ], [ 120.729365244000064, 0.962508534000051 ], [ 120.72949035900001, 0.962306958000056 ], [ 120.729587354000046, 0.962150690000044 ], [ 120.729945198000109, 0.961632432000044 ], [ 120.730080932000078, 0.961385643000028 ], [ 120.730278364000014, 0.961311606000038 ], [ 120.730537493000043, 0.961496698000076 ], [ 120.730895337000106, 0.961385643000028 ], [ 120.731191484000078, 0.961040138000044 ], [ 120.731438274000084, 0.960892064000063 ], [ 120.731586347000075, 0.961188211000035 ], [ 120.731702349000102, 0.961436787000025 ], [ 120.732216912000013, 0.961609822000071 ], [ 120.732230080000022, 0.961614250000025 ], [ 120.731504935000089, 0.962069778000057 ], [ 120.731413595000049, 0.962101332000032 ], [ 120.731117448000077, 0.962113671000054 ], [ 120.730882998000084, 0.962163029000067 ], [ 120.730673227000011, 0.962335782000025 ], [ 120.730525153000031, 0.962471516000051 ], [ 120.730352401000118, 0.96236046100006 ], [ 120.730043914000021, 0.962434497000061 ], [ 120.72965522100003, 0.962829360000057 ], [ 120.729507147000049, 0.963008282000033 ], [ 120.729328225000017, 0.962937330000045 ], [ 120.729211, 0.962949670000057 ], [ 120.729106115000036, 0.963051471000028 ], [ 120.728976550000084, 0.963082319000023 ], [ 120.728850071000011, 0.963131677000035 ], [ 120.728735931000074, 0.963227308000057 ], [ 120.728671149000093, 0.96335687200002 ], [ 120.728603282000108, 0.963569728000039 ], [ 120.728800713000055, 0.963727056000039 ], [ 120.729081436000115, 0.963767160000032 ], [ 120.72933131000002, 0.963730141000042 ], [ 120.72953799600009, 0.963736311000048 ], [ 120.729540015000111, 0.963736311000048 ], [ 120.730053024000085, 0.96402818200005 ], [ 120.730087102000084, 0.964236059000029 ], [ 120.730229006000059, 0.964402642000039 ], [ 120.730247515000087, 0.964711129000023 ], [ 120.728910226000039, 0.964674110000033 ], [ 120.728755982000052, 0.964637092000032 ], [ 120.728058803000067, 0.964686450000045 ], [ 120.727867541000023, 0.964686450000045 ], [ 120.727577563000068, 0.964723468000045 ], [ 120.727410981000048, 0.964908560000026 ], [ 120.727022288000057, 0.965718337000055 ], [ 120.727164191000043, 0.965983636000033 ], [ 120.727200888000084, 0.966066908000073 ], [ 120.727324604000046, 0.966347650000046 ], [ 120.727201210000089, 0.966972336000026 ], [ 120.727040797000086, 0.967212955000036 ], [ 120.726812517000099, 0.967441235000024 ], [ 120.726498297000035, 0.967697848000057 ], [ 120.726442333000023, 0.967743552000059 ], [ 120.725979603000042, 0.968213994000052 ], [ 120.725831529000061, 0.968436105000023 ], [ 120.725541552000095, 0.968738422000058 ], [ 120.725035634000051, 0.970060287000024 ], [ 120.724943088000032, 0.970294737000074 ], [ 120.72488756000007, 0.970560035000062 ], [ 120.724949257000048, 0.970967237000025 ], [ 120.724995971000112, 0.971185235000064 ], [ 120.725002810000092, 0.971217147000061 ], [ 120.725041803000067, 0.971399119000068 ], [ 120.725078822000114, 0.971448477000024 ], [ 120.725350290000051, 0.971750793000069 ], [ 120.726084488000083, 0.971769303000031 ], [ 120.726300429000048, 0.971682926000028 ], [ 120.726668198000084, 0.971371021000039 ], [ 120.728645866000079, 0.970022132000054 ], [ 120.729069096000103, 0.969813497000075 ], [ 120.729593524000052, 0.969523520000052 ], [ 120.730235176000065, 0.969498841000075 ], [ 120.730494305000093, 0.969634575000043 ], [ 120.730685566000034, 0.969887534000065 ], [ 120.73050047400011, 0.970263888000034 ], [ 120.729908180000052, 0.970802197000069 ], [ 120.729679900000065, 0.97109834400004 ], [ 120.729519487000061, 0.971240248000072 ], [ 120.729204830000072, 0.971240248000072 ], [ 120.729048531000103, 0.971240248000072 ], [ 120.72905675700008, 0.971141532000047 ], [ 120.729075266000109, 0.970974950000027 ], [ 120.72902590800004, 0.970789858000046 ], [ 120.728606366, 0.970771348000028 ], [ 120.728297880000014, 0.97085772500003 ], [ 120.72813746700001, 0.971246418000021 ], [ 120.727835150000033, 0.971864934000052 ], [ 120.727724095000099, 0.971988328000066 ], [ 120.727440287000036, 0.972216608000053 ], [ 120.727298383000061, 0.972518925000031 ], [ 120.727242856000089, 0.972697847000063 ], [ 120.727397099000086, 0.972808903000043 ], [ 120.727437869000028, 0.972810138000057 ], [ 120.727600700000039, 0.97281507200006 ], [ 120.727952375000086, 0.972710187000075 ], [ 120.728205334000108, 0.972562113000038 ], [ 120.728408935000061, 0.972506586000065 ], [ 120.728661894000084, 0.972734866000053 ], [ 120.728846986, 0.972864430000072 ], [ 120.7289086830001, 0.973111220000021 ], [ 120.728995060000102, 0.973209935000057 ], [ 120.729235679000112, 0.973209935000057 ], [ 120.729513317000055, 0.973265463000075 ], [ 120.72961203300008, 0.973561610000047 ], [ 120.729789413000049, 0.973797602000047 ], [ 120.729801752000071, 0.973908657000038 ], [ 120.729768010000043, 0.973961681000048 ], [ 120.729758564, 0.973976524000022 ], [ 120.729709206000052, 0.974155447000044 ], [ 120.729715376000058, 0.974285011000063 ], [ 120.729783243000043, 0.974408406000066 ], [ 120.729796757000031, 0.97442974300003 ], [ 120.729900468000096, 0.974593498000047 ], [ 120.729857280000033, 0.974698383000032 ], [ 120.729826431000106, 0.974766250000073 ], [ 120.729818137000052, 0.974777862000053 ], [ 120.729764734000014, 0.974852627000075 ], [ 120.729659848000097, 0.975043888000073 ], [ 120.729493265000087, 0.975340035000045 ], [ 120.729487096000071, 0.975611504000028 ], [ 120.729666018000103, 0.975778086000048 ], [ 120.729826431000106, 0.975895311000045 ], [ 120.72988822700006, 0.97591907900005 ], [ 120.729906638000102, 0.975926160000029 ], [ 120.730091730000026, 0.976012536000042 ], [ 120.73001152300003, 0.976129761000038 ], [ 120.729918977000011, 0.976209968000035 ], [ 120.729907866000076, 0.976238856000066 ], [ 120.729888128000084, 0.976290174000042 ], [ 120.729881959000068, 0.976444418000028 ], [ 120.729920708, 0.976447940000071 ], [ 120.729949826000052, 0.976450587000045 ], [ 120.730067051000105, 0.976518454000029 ], [ 120.729999184, 0.976592491000019 ], [ 120.729931777000047, 0.976628177000066 ], [ 120.72993537100001, 0.976686690000065 ], [ 120.729909722000116, 0.97669737700005 ], [ 120.729632084000059, 0.97690097800006 ], [ 120.729564217000075, 0.977116918000036 ], [ 120.729570387000081, 0.977271162000022 ], [ 120.729724630000078, 0.97741923500007 ], [ 120.730107154000052, 0.977536460000067 ], [ 120.730378622000103, 0.977536460000067 ], [ 120.730402538000021, 0.977536460000067 ], [ 120.730742636000059, 0.977536460000067 ], [ 120.730859861000113, 0.977561139000045 ], [ 120.731162178000091, 0.977591988000029 ], [ 120.731390458000078, 0.97769687300007 ], [ 120.731557041000087, 0.977801759000045 ], [ 120.731606399000043, 0.978054718000067 ], [ 120.731913343000087, 0.978116415000045 ], [ 120.732012059000112, 0.978085566000061 ], [ 120.732147793000081, 0.978005360000054 ], [ 120.732413091000012, 0.977986851000026 ], [ 120.732548826000084, 0.978030039000032 ], [ 120.73267222000004, 0.978184282000029 ], [ 120.732740087000025, 0.978474260000041 ], [ 120.732777106000071, 0.978714879000051 ], [ 120.732798243000047, 0.978783168000064 ], [ 120.732857312000078, 0.978974008000023 ], [ 120.73303623400011, 0.979097403000026 ], [ 120.733264514000098, 0.979146760000049 ], [ 120.733431097000107, 0.979097403000026 ], [ 120.733554492000053, 0.979017196000029 ], [ 120.733813621000081, 0.978869122000049 ], [ 120.734004882000022, 0.978714879000051 ], [ 120.734097428000041, 0.97856680600006 ], [ 120.734115938000059, 0.978443411000057 ], [ 120.734108610000021, 0.978422895000051 ], [ 120.7341304790001, 0.978409747000057 ], [ 120.733983288000104, 0.977940578000073 ], [ 120.733847554000022, 0.977718467000045 ], [ 120.733489710000072, 0.977200210000035 ], [ 120.733415673000081, 0.976793007000026 ], [ 120.733563747000062, 0.976422823000064 ], [ 120.733847554000022, 0.976361126000029 ], [ 120.734427509000056, 0.976287089000039 ], [ 120.734735771000032, 0.976213106000046 ], [ 120.73473599600004, 0.976213053000038 ], [ 120.734797693000019, 0.976015621000045 ], [ 120.734781951000059, 0.975897555000074 ], [ 120.734748335000063, 0.975645437000026 ], [ 120.734612601000094, 0.975398648000066 ], [ 120.734402830000022, 0.974905069000044 ], [ 120.734501546000047, 0.97452254600006 ], [ 120.73478535400011, 0.974362133000056 ], [ 120.734896409000044, 0.974300435000032 ], [ 120.735010722000084, 0.97433430600006 ], [ 120.735229574000073, 0.974399151000057 ], [ 120.735587419000012, 0.974719977000063 ], [ 120.735639028000037, 0.974733872000058 ], [ 120.735908245000019, 0.974806354000066 ], [ 120.736130355000114, 0.974954427000057 ], [ 120.736290768000117, 0.975287593000076 ], [ 120.736394792000056, 0.97549564000002 ], [ 120.736475860000041, 0.975657777000038 ], [ 120.736574576000066, 0.975830529000064 ], [ 120.736648613000057, 0.975904566000054 ], [ 120.736957099000051, 0.976101997000058 ], [ 120.736957099000051, 0.976062414000069 ], [ 120.736995271000069, 0.976100889000065 ], [ 120.737311859000101, 0.975608419000025 ], [ 120.737435254000047, 0.97515185900005 ], [ 120.737608006000073, 0.974744656000041 ], [ 120.737990530000047, 0.974534885000025 ], [ 120.738200301, 0.97455956400006 ], [ 120.738656861000095, 0.974719977000063 ], [ 120.738673832000018, 0.974729803000059 ], [ 120.738891311000089, 0.974855711000032 ], [ 120.739088742000035, 0.974756996000053 ], [ 120.739278561000106, 0.97469899500004 ], [ 120.739367642000047, 0.974671776000037 ], [ 120.739532963000102, 0.974621262000028 ], [ 120.740063560000067, 0.97455956400006 ], [ 120.740532459000065, 0.97459658300005 ], [ 120.74054141900001, 0.974634660000049 ], [ 120.741651091000108, 0.974578129000065 ], [ 120.74169236900002, 0.974534885000025 ], [ 120.742087232000017, 0.974436170000047 ], [ 120.742642508000017, 0.97448552700007 ], [ 120.743086729000083, 0.974621262000028 ], [ 120.743432234000011, 0.974769335000076 ], [ 120.743382876000055, 0.974917409000057 ], [ 120.742815261000032, 0.974818693000032 ], [ 120.742785481000055, 0.974822947000064 ], [ 120.74229700300009, 0.974892730000022 ], [ 120.741754067000102, 0.975250574000029 ], [ 120.74126048800008, 0.975608419000025 ], [ 120.740939662000073, 0.975966263000032 ], [ 120.740791588000093, 0.976262410000061 ], [ 120.740976680000017, 0.976435163000076 ], [ 120.741309846000036, 0.976422823000064 ], [ 120.741297506000024, 0.976768328000048 ], [ 120.741285167000115, 0.976879384000028 ], [ 120.74129425700005, 0.976941194000062 ], [ 120.741158140000039, 0.977214760000038 ], [ 120.74141979, 0.978082240000049 ], [ 120.74142753000001, 0.978089670000031 ], [ 120.7414318000001, 0.97812207000004 ], [ 120.741492490000041, 0.978323279000051 ], [ 120.741547420000074, 0.978505390000066 ], [ 120.741895090000071, 0.979658030000053 ], [ 120.740507640000033, 0.97928102000003 ], [ 120.739152280000098, 0.978912720000039 ], [ 120.737469750000059, 0.980040140000028 ], [ 120.737252210000065, 0.980185910000046 ], [ 120.73725155000011, 0.981161870000051 ], [ 120.73725112000011, 0.981804430000068 ], [ 120.737251101000084, 0.981833374000075 ], [ 120.737696146000076, 0.982331825000074 ], [ 120.737908307000112, 0.982756148000021 ], [ 120.737743293000108, 0.982921163000071 ], [ 120.737250401000097, 0.982879215000025 ], [ 120.737250335000112, 0.982977192000021 ], [ 120.737224676000096, 0.982968310000047 ], [ 120.737106808000021, 0.982968310000047 ], [ 120.736941793000028, 0.98313332500004 ], [ 120.736871073000088, 0.983392633000051 ], [ 120.736941793000028, 0.983911251000052 ], [ 120.737249618000078, 0.984044364000056 ], [ 120.737814013000047, 0.984288427000024 ], [ 120.739534880000065, 0.984972059000029 ], [ 120.74031280600002, 0.985278514000072 ], [ 120.740336379000041, 0.98546710200003 ], [ 120.740174876000083, 0.985682440000062 ], [ 120.740124218, 0.985749985000041 ], [ 120.739699894000069, 0.985773558000062 ], [ 120.739322718000039, 0.985914999000045 ], [ 120.739086983000107, 0.986103587000059 ], [ 120.738898395000092, 0.986504337000042 ], [ 120.738898395000092, 0.986598631000049 ], [ 120.738706927000067, 0.987045389000059 ], [ 120.738474072000031, 0.98758871900003 ], [ 120.73830934700004, 0.987709517000042 ], [ 120.737766866000015, 0.988107336000041 ], [ 120.738214763000087, 0.988979556000061 ], [ 120.738308437000114, 0.989051189000065 ], [ 120.738615513000013, 0.989286012000036 ], [ 120.738993933000074, 0.98936169600006 ], [ 120.739204851000068, 0.989403879000065 ], [ 120.739511306000054, 0.989380306000044 ], [ 120.739764323000031, 0.989029975000051 ], [ 120.73981776200003, 0.98895598200005 ], [ 120.739959203000012, 0.988814541000067 ], [ 120.740029924000055, 0.988979556000061 ], [ 120.740029924000055, 0.989092773000039 ], [ 120.740139880000015, 0.989207420000071 ], [ 120.741642990000059, 0.990774660000056 ], [ 120.741676550000079, 0.990809650000074 ], [ 120.741780980000044, 0.99240283000006 ], [ 120.74027870000009, 0.993353500000069 ], [ 120.739958650000062, 0.993556030000036 ], [ 120.739818739000043, 0.993644567000047 ], [ 120.73938165200002, 0.993558711000048 ], [ 120.738768741000058, 0.993393696000055 ], [ 120.738285484000016, 0.993464417000041 ], [ 120.738403351000102, 0.993653005000056 ], [ 120.738921969000103, 0.994018394000022 ], [ 120.739122412000029, 0.994085209000048 ], [ 120.738996590000056, 0.994164830000045 ], [ 120.738942420000058, 0.994199110000068 ], [ 120.73893092000003, 0.994206390000045 ], [ 120.738994550000029, 0.994236940000064 ], [ 120.73909014000003, 0.994282840000039 ], [ 120.74114596000004, 0.995269990000054 ], [ 120.741728410000064, 0.994157900000062 ], [ 120.741844162, 0.993936885000039 ], [ 120.741786150000053, 0.993134388000044 ], [ 120.742316554000013, 0.993004733000021 ], [ 120.742794702000083, 0.99309865500004 ], [ 120.745051790000048, 0.992511280000031 ], [ 120.745377650000023, 0.993102640000075 ], [ 120.745424, 0.993186756000057 ], [ 120.746524427000054, 0.993321502000072 ], [ 120.747561661000077, 0.993462943000054 ], [ 120.747580656000082, 0.993614902000047 ], [ 120.747620595000058, 0.993934414000023 ], [ 120.747054831000014, 0.99446481800004 ], [ 120.746559787000024, 0.995113089000029 ], [ 120.746418346000041, 0.995796721000033 ], [ 120.74673658800009, 0.996315338000045 ], [ 120.746869292000042, 0.996474583000065 ], [ 120.747316855, 0.996481540000048 ], [ 120.747255205000101, 0.996621794000021 ], [ 120.747101978000046, 0.997600095000053 ], [ 120.747090744000047, 0.998055063000038 ], [ 120.747219845000018, 0.998133446000054 ], [ 120.747479154000075, 0.998557769000058 ], [ 120.747644168000079, 0.998817078000059 ], [ 120.747903477000023, 0.999547856000049 ], [ 120.747997771000087, 0.999925033000068 ], [ 120.748021345000097, 1.000349356000072 ], [ 120.748115639000048, 1.000891547000037 ], [ 120.748280653000052, 1.001315870000042 ], [ 120.748139212000069, 1.001928781000061 ], [ 120.748846418000085, 1.001928781000061 ], [ 120.749142842000083, 1.001948543000026 ], [ 120.749388608000118, 1.001810914000032 ], [ 120.749513677000095, 1.001732746000073 ], [ 120.749765785000022, 1.001575179000042 ], [ 120.750166534000073, 1.001315870000042 ], [ 120.75059085800001, 1.001221576000034 ], [ 120.75099160700006, 1.001174429000059 ], [ 120.751345210000068, 1.001150855000049 ], [ 120.752146709000044, 1.001386590000038 ], [ 120.752335298000048, 1.001622326000074 ], [ 120.752641753000034, 1.002023075000068 ], [ 120.752806768000028, 1.002470972000026 ], [ 120.752841395000019, 1.002759533000074 ], [ 120.752924980000103, 1.002753323000036 ], [ 120.75341671000001, 1.003755050000052 ], [ 120.753715990000046, 1.003830290000053 ], [ 120.75489382, 1.004120350000051 ], [ 120.75489382, 1.004126390000067 ], [ 120.754894940000099, 1.00412668000007 ], [ 120.754893830000015, 1.004179970000052 ], [ 120.754864480000037, 1.005583560000048 ], [ 120.75957569000002, 1.003970600000059 ], [ 120.759605880000095, 1.003952960000049 ], [ 120.759592240000075, 1.003929650000032 ], [ 120.759645170000113, 1.00400908000006 ], [ 120.760896420000108, 1.005795950000049 ], [ 120.759664020000059, 1.00827270000002 ], [ 120.758545960000106, 1.010519680000073 ], [ 120.758507750000035, 1.010596460000045 ], [ 120.7585198700001, 1.010598560000062 ], [ 120.75919556000008, 1.01071563000005 ], [ 120.762302230000046, 1.011253930000066 ], [ 120.763873660000058, 1.012850560000061 ], [ 120.764234550000083, 1.013217250000025 ], [ 120.764232760000027, 1.013221630000032 ], [ 120.764248130000055, 1.013231040000051 ], [ 120.765186370000038, 1.012946750000026 ], [ 120.766094195000051, 1.013702023000064 ], [ 120.769062930000018, 1.016171890000066 ], [ 120.772751820000053, 1.019240900000057 ], [ 120.77529539000011, 1.021564370000021 ], [ 120.775339455000108, 1.021566736000068 ], [ 120.775385730000039, 1.02156922000006 ], [ 120.775666620000038, 1.021584300000029 ], [ 120.775475330000063, 1.022036360000072 ], [ 120.775620820000086, 1.02274551000005 ], [ 120.775657190000061, 1.022781870000074 ], [ 120.775657190000061, 1.022872790000065 ], [ 120.775784490000092, 1.023090990000071 ], [ 120.776602870000033, 1.023509210000043 ], [ 120.776616440000112, 1.02351907000002 ], [ 120.777035070000011, 1.023823480000033 ], [ 120.778177450000044, 1.024070720000054 ], [ 120.779283810000038, 1.024310160000027 ], [ 120.779309040000044, 1.024327120000066 ], [ 120.77982454000005, 1.024673570000061 ], [ 120.780056781000098, 1.024829649000026 ], [ 120.781034840000075, 1.025486960000023 ], [ 120.783519087000059, 1.027509531000021 ], [ 120.783557640000026, 1.027540920000035 ], [ 120.785119180000038, 1.030290100000059 ], [ 120.78745471000002, 1.030683590000024 ], [ 120.787854251000113, 1.030281985000045 ], [ 120.788034473000039, 1.029724933000068 ], [ 120.788327786000082, 1.029291948000036 ], [ 120.788467458000014, 1.029431621000072 ], [ 120.788556421000067, 1.029576186000043 ], [ 120.788579196000114, 1.029613195000024 ], [ 120.788746803000095, 1.029794769000034 ], [ 120.789026148000062, 1.030423295000048 ], [ 120.789501034000068, 1.030562967000037 ], [ 120.789794346, 1.029934441000023 ], [ 120.789940986000033, 1.029738922000035 ], [ 120.79004575700003, 1.029599228000052 ], [ 120.790171462000103, 1.029710965000049 ], [ 120.79027691400006, 1.029797587000076 ], [ 120.790562545000057, 1.030032212000037 ], [ 120.791023464000091, 1.030409328000076 ], [ 120.791288841000096, 1.030255688000068 ], [ 120.791251697, 1.029967818000046 ], [ 120.791232972000103, 1.029822703000036 ], [ 120.791456448000076, 1.029724933000068 ], [ 120.791777695000064, 1.029683031000047 ], [ 120.792322417000037, 1.029794769000034 ], [ 120.793118199000105, 1.029903285000046 ], [ 120.793244256000094, 1.02992047400005 ], [ 120.793621371000086, 1.02987857200003 ], [ 120.793858814000032, 1.029669064000075 ], [ 120.794333701000028, 1.029738900000041 ], [ 120.794724783000106, 1.029543359000058 ], [ 120.795129833000033, 1.029208145000041 ], [ 120.795325375000061, 1.029250046000072 ], [ 120.79581422800004, 1.029277981000064 ], [ 120.79715508400011, 1.028956734000076 ], [ 120.79744839600005, 1.028726275000054 ], [ 120.79759505200002, 1.028956734000076 ], [ 120.797678856000061, 1.028740242000026 ], [ 120.797713774000044, 1.028474864000032 ], [ 120.79770679, 1.02828630700003 ], [ 120.797776626000086, 1.02813965100006 ], [ 120.798035020000043, 1.028153618000033 ], [ 120.798502923000115, 1.028244405000066 ], [ 120.79854582300004, 1.028254619000052 ], [ 120.798942891000024, 1.028349159000072 ], [ 120.799808860000098, 1.028474864000032 ], [ 120.799818992000041, 1.028473076000068 ], [ 120.799889172, 1.028838013000041 ], [ 120.800008517000038, 1.028829157000075 ], [ 120.800877354000022, 1.028764685000056 ], [ 120.801022610000018, 1.028762427000061 ], [ 120.801508907000084, 1.028754868000021 ], [ 120.80158270000004, 1.028774287000033 ], [ 120.801813160000052, 1.028700959000048 ], [ 120.801799169000105, 1.028679713000031 ], [ 120.801821889000053, 1.028683500000056 ], [ 120.802027906000035, 1.028688738000028 ], [ 120.802750711000044, 1.028617156000053 ], [ 120.802752600000076, 1.028611220000073 ], [ 120.802772008000034, 1.028611220000073 ], [ 120.803115510000111, 1.028611220000073 ], [ 120.804132920000029, 1.02864861200004 ], [ 120.804332570000042, 1.028655950000029 ], [ 120.804423561000021, 1.028696628000034 ], [ 120.805065957000011, 1.028733773000056 ], [ 120.805181082000104, 1.028740430000028 ], [ 120.805313700000056, 1.02874809900004 ], [ 120.805593045000023, 1.028744607000021 ], [ 120.805732718000058, 1.028817935000063 ], [ 120.805928259000098, 1.028803968000034 ], [ 120.80610983300005, 1.028901738000059 ], [ 120.806284424000069, 1.029104263000022 ], [ 120.806316156000094, 1.029110610000032 ], [ 120.806441555000106, 1.029135690000032 ], [ 120.806975802000011, 1.02891919700005 ], [ 120.806989770000087, 1.028793492000034 ], [ 120.807199278000098, 1.028699213000039 ], [ 120.807929067000032, 1.028391934000069 ], [ 120.808121116000052, 1.028304639000055 ], [ 120.808344592000026, 1.028262737000034 ], [ 120.808571560000019, 1.028479229000027 ], [ 120.808561460000078, 1.028592854000067 ], [ 120.808559076000051, 1.028619669000022 ], [ 120.808466806000069, 1.028699213000039 ], [ 120.808365543000036, 1.028817935000063 ], [ 120.80827475600006, 1.029009984000027 ], [ 120.808271841000078, 1.029101799000046 ], [ 120.808243144000016, 1.029143470000065 ], [ 120.808259760000055, 1.029487160000031 ], [ 120.80839943, 1.030003350000072 ], [ 120.808466330000101, 1.030250580000029 ], [ 120.808490892, 1.03030794600005 ], [ 120.808771150000098, 1.030962500000044 ], [ 120.808974910000074, 1.031438420000029 ], [ 120.809032390000084, 1.031696060000058 ], [ 120.809056960000021, 1.031806180000046 ], [ 120.80907207000007, 1.031873960000041 ], [ 120.809118362000049, 1.032081461000075 ], [ 120.8094123300001, 1.033399140000029 ], [ 120.809413560000053, 1.033400640000025 ], [ 120.809555940000109, 1.033574370000053 ], [ 120.80961195000009, 1.033642710000038 ], [ 120.809709700000099, 1.033761970000057 ], [ 120.809788770000068, 1.033858440000074 ], [ 120.809863618, 1.03394976200002 ], [ 120.81012059000011, 1.034263290000069 ], [ 120.810122480000018, 1.034265600000026 ], [ 120.81011116600007, 1.034271993000061 ], [ 120.80967677000001, 1.034517450000067 ], [ 120.808692955000083, 1.035042145000034 ], [ 120.809325791000106, 1.036295648000021 ], [ 120.809486237000101, 1.036990916000036 ], [ 120.809493398000086, 1.037021945000049 ], [ 120.80949178700007, 1.037030536000032 ], [ 120.809485882000104, 1.037062030000072 ], [ 120.809485751000011, 1.037062728000024 ], [ 120.809484929000064, 1.037067112000045 ], [ 120.809451878000118, 1.037243384000021 ], [ 120.809451496000065, 1.037245421000023 ], [ 120.80935372600004, 1.037287322000054 ], [ 120.809214053000119, 1.037329224000075 ], [ 120.809025495000014, 1.03739207700005 ], [ 120.809095332000084, 1.037688881000065 ], [ 120.808959151000067, 1.037713323000048 ], [ 120.808829954000089, 1.037744750000059 ], [ 120.808742659000018, 1.03775173300005 ], [ 120.808697265000092, 1.037716815000067 ], [ 120.808651872000041, 1.037535241000057 ], [ 120.808596003000048, 1.03740255200006 ], [ 120.80858355700002, 1.037404793000064 ], [ 120.80842141200003, 1.03743397900007 ], [ 120.808432044000028, 1.037482307000062 ], [ 120.808459822000032, 1.037608569000042 ], [ 120.808651872000041, 1.037895771000024 ], [ 120.808812495000097, 1.037958623000065 ], [ 120.808889315000101, 1.038157656000067 ], [ 120.808917249000046, 1.03839160800004 ], [ 120.80863441300005, 1.038409067000032 ], [ 120.808407445000057, 1.038478903000055 ], [ 120.808473304000017, 1.038630885000032 ], [ 120.808523120000018, 1.038621310000053 ], [ 120.809314550000067, 1.038462840000022 ], [ 120.809314900000118, 1.038469130000067 ], [ 120.80931669000006, 1.038468790000024 ], [ 120.809326490000103, 1.038679910000042 ], [ 120.809362280000073, 1.039330350000057 ], [ 120.809356730000104, 1.039330600000028 ], [ 120.809356930000035, 1.03933494000006 ], [ 120.808618040000056, 1.039365280000027 ], [ 120.808624100000088, 1.039974420000021 ], [ 120.809497150000084, 1.03994522000005 ], [ 120.80949884000006, 1.039945160000059 ], [ 120.809467013000017, 1.041376902000025 ], [ 120.809466820000011, 1.041385570000045 ], [ 120.80946662000008, 1.041394570000023 ], [ 120.809466590000056, 1.041395740000041 ], [ 120.808926120000024, 1.041397570000072 ], [ 120.808721388000095, 1.041398711000056 ], [ 120.808700757000111, 1.041553443000055 ], [ 120.808519183000044, 1.041574393000076 ], [ 120.808533150000017, 1.041804853000031 ], [ 120.808630921000031, 1.041811837000068 ], [ 120.808602986000096, 1.04218895200006 ], [ 120.808529285000077, 1.04219407000005 ], [ 120.808100166000031, 1.042223870000043 ], [ 120.807101508000073, 1.042251805000035 ], [ 120.807122458000094, 1.042195936000041 ], [ 120.806982786000049, 1.042161018000058 ], [ 120.807003737000059, 1.042363543000022 ], [ 120.807017704000032, 1.042468297000028 ], [ 120.807115475000046, 1.042426395000064 ], [ 120.807115475000046, 1.042363543000022 ], [ 120.808532507000109, 1.042370388000052 ], [ 120.808561085000065, 1.04237052600007 ], [ 120.808596003000048, 1.042384494000032 ], [ 120.808582035000086, 1.042433379000045 ], [ 120.808533659000091, 1.042433379000045 ], [ 120.808428396000068, 1.042433379000045 ], [ 120.808372527000074, 1.042552101000069 ], [ 120.80837951, 1.042607970000063 ], [ 120.808536637000088, 1.042596330000038 ], [ 120.808568068000113, 1.042594002000044 ], [ 120.809148673000095, 1.042587954000055 ], [ 120.809238496000035, 1.042587019000052 ], [ 120.809664497000085, 1.042587019000052 ], [ 120.809634792000111, 1.042720691000056 ], [ 120.809674500000028, 1.042720890000055 ], [ 120.809674340000015, 1.042710870000064 ], [ 120.809676011000079, 1.042724605000046 ], [ 120.809694160000049, 1.04287376000002 ], [ 120.809819870000069, 1.043851059000076 ], [ 120.809819870000069, 1.044322429000033 ], [ 120.809838269000011, 1.044346370000028 ], [ 120.809833555000068, 1.044423359000064 ], [ 120.809840043, 1.044436334000068 ], [ 120.809509677000051, 1.044651072000022 ], [ 120.80935721700007, 1.044643695000048 ], [ 120.808714724000083, 1.044748450000043 ], [ 120.808498232000034, 1.045342058000074 ], [ 120.808492168000043, 1.045602807000023 ], [ 120.808483860000024, 1.045613030000027 ], [ 120.808485640000072, 1.045641440000054 ], [ 120.808479510000097, 1.045641240000066 ], [ 120.808467512000107, 1.045717240000045 ], [ 120.808455480000021, 1.045793450000076 ], [ 120.80846349, 1.046033760000057 ], [ 120.808647760000099, 1.046242040000038 ], [ 120.809064380000109, 1.046290100000022 ], [ 120.809157490000075, 1.046303400000056 ], [ 120.80917726000007, 1.046359910000035 ], [ 120.809210700000108, 1.046455490000028 ], [ 120.809121390000087, 1.046702119000031 ], [ 120.809007260000044, 1.047017290000042 ], [ 120.809109510000098, 1.047303560000046 ], [ 120.809109942000077, 1.04731090000007 ], [ 120.809140004000028, 1.047821887000055 ], [ 120.809140333000073, 1.047827473000041 ], [ 120.809150410000029, 1.047998770000049 ], [ 120.809150410000029, 1.048285040000053 ], [ 120.809099280000055, 1.048489510000024 ], [ 120.808833420000042, 1.048724660000062 ], [ 120.808639140000082, 1.048878010000067 ], [ 120.808567560000029, 1.049051820000045 ], [ 120.808588010000108, 1.04916428000007 ], [ 120.808639140000082, 1.049378980000029 ], [ 120.808495980000089, 1.049563 ], [ 120.80824035, 1.049726580000026 ], [ 120.808117640000091, 1.049879940000039 ], [ 120.808097190000012, 1.050063970000053 ], [ 120.808107420000056, 1.050268440000025 ], [ 120.808264420000114, 1.050408890000028 ], [ 120.808222990000104, 1.050478620000035 ], [ 120.808222250000085, 1.050478650000059 ], [ 120.808222160000014, 1.050478650000059 ], [ 120.808220560000109, 1.050478650000059 ], [ 120.808117333000041, 1.050579630000072 ], [ 120.808085030000029, 1.050611230000072 ], [ 120.807559590000096, 1.051125280000065 ], [ 120.807068590000085, 1.051638780000076 ], [ 120.806882310000105, 1.051815950000048 ], [ 120.806853270000033, 1.051843570000074 ], [ 120.80672866000009, 1.051962100000026 ], [ 120.806483130000061, 1.052095260000044 ], [ 120.806470758000046, 1.052101101000062 ], [ 120.805878730000018, 1.052380630000073 ], [ 120.805592929000113, 1.052486695000027 ], [ 120.805569850000097, 1.052495260000057 ], [ 120.805507340000077, 1.052518460000044 ], [ 120.805487260000064, 1.052525910000043 ], [ 120.805502120000028, 1.052518590000034 ], [ 120.805145140000036, 1.052649350000024 ], [ 120.804632130000073, 1.052837280000062 ], [ 120.804111356000021, 1.053055853000046 ], [ 120.80398673000002, 1.053108160000022 ], [ 120.80395218000001, 1.053122660000042 ], [ 120.803952120000076, 1.053122660000042 ], [ 120.803749500000094, 1.053130270000054 ], [ 120.803666, 1.053133410000044 ], [ 120.803442160000031, 1.053141810000056 ], [ 120.803297690000022, 1.053093380000064 ], [ 120.80329486100004, 1.053092432000028 ], [ 120.803208230000109, 1.053063390000034 ], [ 120.80286564000005, 1.052948540000045 ], [ 120.802821530000074, 1.052933750000022 ], [ 120.802252010000075, 1.052742830000057 ], [ 120.801993220000099, 1.052665940000054 ], [ 120.801927880000108, 1.052646530000061 ], [ 120.801420800000074, 1.052495860000022 ], [ 120.801420420000113, 1.052490931000023 ], [ 120.801419940000073, 1.052484700000036 ], [ 120.801419390000092, 1.052484520000064 ], [ 120.801419590000023, 1.052480120000041 ], [ 120.801344990000075, 1.051507170000036 ], [ 120.801291682000056, 1.051385036000056 ], [ 120.801214314000049, 1.051410825000062 ], [ 120.801032740000096, 1.051166398000021 ], [ 120.800921002000109, 1.051005775000021 ], [ 120.800827199000082, 1.050771267000073 ], [ 120.800823231000095, 1.050761348000037 ], [ 120.800711493000108, 1.050698496000052 ], [ 120.800613723000083, 1.050712463000025 ], [ 120.800522936000107, 1.050712463000025 ], [ 120.800376280000023, 1.050663578000069 ], [ 120.800341361000051, 1.050656594000031 ], [ 120.800334378000116, 1.050502954000024 ], [ 120.800055033000035, 1.050412167000047 ], [ 120.799915360000114, 1.050314396000033 ], [ 120.79962204800006, 1.050195675000055 ], [ 120.799545229000046, 1.050293446000069 ], [ 120.799517294000111, 1.050398200000075 ], [ 120.799503327000025, 1.050454069000068 ], [ 120.79962204800006, 1.050509938000062 ], [ 120.799712835000037, 1.050579774000028 ], [ 120.79985949200011, 1.050642627000059 ], [ 120.799852508000072, 1.050670561000061 ], [ 120.799684901000091, 1.050677545000042 ], [ 120.79947539200009, 1.050677545000042 ], [ 120.799356671000055, 1.050677545000042 ], [ 120.799097608000011, 1.050677545000042 ], [ 120.799013543000115, 1.05077833100006 ], [ 120.799000506000084, 1.050782299000048 ], [ 120.798811948000093, 1.050866103000033 ], [ 120.798742112000014, 1.050914988000045 ], [ 120.798532603000012, 1.05083118400006 ], [ 120.798302144000104, 1.050810234000039 ], [ 120.798078668000016, 1.050866103000033 ], [ 120.798065109000049, 1.050885311000059 ], [ 120.797994864000088, 1.050984824000068 ], [ 120.797925028, 1.051089578000074 ], [ 120.797784234000119, 1.051123563000033 ], [ 120.797722503000045, 1.051138464000076 ], [ 120.797523591000072, 1.051132781000035 ], [ 120.797345388000053, 1.051321784000038 ], [ 120.797191748000046, 1.051573194000071 ], [ 120.796870501000058, 1.052166802000045 ], [ 120.796765747000109, 1.052509 ], [ 120.796674960000018, 1.052557885000056 ], [ 120.796402599000089, 1.052718508000055 ], [ 120.796248959000081, 1.052774377000048 ], [ 120.79618809100009, 1.052815767000027 ], [ 120.796074368000063, 1.052893099000073 ], [ 120.796030323000082, 1.053073286000028 ], [ 120.795997549000049, 1.053207362000023 ], [ 120.795948663000104, 1.05352162500003 ], [ 120.796102303000112, 1.054109995000033 ], [ 120.796228008000071, 1.054459176000023 ], [ 120.796324498000104, 1.054652155000042 ], [ 120.796493386000066, 1.054989931000023 ], [ 120.796786698, 1.056157942000027 ], [ 120.796947321000061, 1.056458238000062 ], [ 120.796856534000085, 1.056737583000029 ], [ 120.796852834000106, 1.056751150000025 ], [ 120.796884050000017, 1.056844500000068 ], [ 120.796884050000017, 1.057189870000059 ], [ 120.796896900000093, 1.057453260000045 ], [ 120.796949450000056, 1.057671320000054 ], [ 120.796941880000077, 1.057723080000073 ], [ 120.796993280000038, 1.058278140000027 ], [ 120.796993280000038, 1.05843674800002 ], [ 120.797212699000056, 1.05893044000004 ], [ 120.797450142000116, 1.059838311000021 ], [ 120.797484568000073, 1.060216998000044 ], [ 120.797558720000097, 1.060379530000034 ], [ 120.797815730000025, 1.061034810000024 ], [ 120.7978671300001, 1.061600140000053 ], [ 120.7978671300001, 1.06230682000006 ], [ 120.797944240000106, 1.063026340000022 ], [ 120.797953650000068, 1.063123545000053 ], [ 120.797876143000053, 1.063392975000056 ], [ 120.79767361800009, 1.063679303000072 ], [ 120.797554896000065, 1.064091337000036 ], [ 120.797485060000099, 1.064272911000046 ], [ 120.797359355000026, 1.064852552000048 ], [ 120.797338404000016, 1.065062060000059 ], [ 120.797492044000023, 1.065529963000074 ], [ 120.797526962, 1.066046751000044 ], [ 120.79767361800009, 1.066263243000037 ], [ 120.797769688000017, 1.066259771000034 ], [ 120.797540176000098, 1.066791847000047 ], [ 120.79726856800005, 1.066998270000056 ], [ 120.797017157000028, 1.067284598000072 ], [ 120.796954305000099, 1.067626795000024 ], [ 120.797114540000052, 1.067778597000029 ], [ 120.797219682000105, 1.067878206000046 ], [ 120.797352371000102, 1.067968993000022 ], [ 120.797568863000038, 1.068087715000047 ], [ 120.797903253000072, 1.068693560000042 ], [ 120.798250762000066, 1.069057775000033 ], [ 120.79851863600004, 1.069185889000039 ], [ 120.799161129000026, 1.069786481000051 ], [ 120.799447458000031, 1.070072809000067 ], [ 120.799568450000038, 1.07022328000005 ], [ 120.800271525000085, 1.071097656000063 ], [ 120.800103918000104, 1.071474771000055 ], [ 120.79993631100001, 1.071335099000066 ], [ 120.799726803000112, 1.070944016000055 ], [ 120.799443852000081, 1.070684645000028 ], [ 120.799435092000067, 1.071115271000053 ], [ 120.799573163000105, 1.071279230000073 ], [ 120.799559196000018, 1.07190775600003 ], [ 120.799417322000068, 1.071988826000052 ], [ 120.799413500000014, 1.072176720000073 ], [ 120.799796099000105, 1.072586490000049 ], [ 120.799803623000116, 1.072606118000067 ], [ 120.799957262000021, 1.072794676000058 ], [ 120.800124869000115, 1.073115922000056 ], [ 120.800168541000062, 1.073315566000076 ], [ 120.800159787000098, 1.073314956000047 ], [ 120.800145820000012, 1.073335907000057 ], [ 120.800278509, 1.073824760000036 ], [ 120.800355329000013, 1.074418368000067 ], [ 120.80032041100003, 1.074851352000053 ], [ 120.800271525000085, 1.074998009000069 ], [ 120.800327394000078, 1.074998009000069 ], [ 120.800271525000085, 1.07513069700002 ], [ 120.800201689000119, 1.075563682000052 ], [ 120.800180738000108, 1.075933814000052 ], [ 120.800173676000099, 1.076035042000058 ], [ 120.799553426000102, 1.077300809000064 ], [ 120.799551395000094, 1.07729954000007 ], [ 120.799453614000072, 1.07737475600004 ], [ 120.799182836000114, 1.07800657100006 ], [ 120.79889701500008, 1.078969337000046 ], [ 120.798912058000042, 1.07984936500003 ], [ 120.798776669000063, 1.080488702000025 ], [ 120.798739061000106, 1.080887348000033 ], [ 120.798751239000012, 1.080912778000027 ], [ 120.798513412000034, 1.081774898000049 ], [ 120.798511557000097, 1.081776633000061 ], [ 120.79848332600011, 1.081940373000066 ], [ 120.798393067, 1.082722621000073 ], [ 120.798364954000021, 1.083873957000037 ], [ 120.79831032900006, 1.086111106000033 ], [ 120.798229158000026, 1.086208511000052 ], [ 120.798197505000076, 1.086436415000037 ], [ 120.798182462000113, 1.087301401000047 ], [ 120.798272943000029, 1.08772149300006 ], [ 120.798287764000065, 1.087790305000055 ], [ 120.798246274, 1.088030027000059 ], [ 120.797948351000059, 1.088235491000034 ], [ 120.797510076000094, 1.088501112000074 ], [ 120.797451925000018, 1.088536355000031 ], [ 120.797298080000019, 1.088644047000059 ], [ 120.797151061000022, 1.088746960000037 ], [ 120.796609505000106, 1.089393819000065 ], [ 120.796697877000042, 1.089638142000069 ], [ 120.796728187000099, 1.089721939000071 ], [ 120.796865240000102, 1.090100850000056 ], [ 120.796895326000026, 1.090913184000044 ], [ 120.795947603000059, 1.091770647000033 ], [ 120.795481263000056, 1.092041425000048 ], [ 120.794984837000015, 1.092432549000023 ], [ 120.794653067000013, 1.092668809000031 ], [ 120.793991985000048, 1.09313958000007 ], [ 120.792773484, 1.093831568000041 ], [ 120.792683224000029, 1.094959810000034 ], [ 120.793104435000032, 1.095787187000042 ], [ 120.793143799000063, 1.095810150000034 ], [ 120.792931438000096, 1.095824795000055 ], [ 120.792801925000049, 1.09597423200006 ], [ 120.792735876000052, 1.096050443000024 ], [ 120.79263057300011, 1.097013210000057 ], [ 120.79213414700007, 1.097949650000032 ], [ 120.791908499000101, 1.098265558000037 ], [ 120.79159259100004, 1.098927459000038 ], [ 120.791336856000044, 1.099604404000047 ], [ 120.790735127000062, 1.100401695000073 ], [ 120.790389133000076, 1.100913164000076 ], [ 120.789682102000029, 1.102297141000065 ], [ 120.789351151, 1.102898869000057 ], [ 120.78891489800003, 1.103109474000064 ], [ 120.788448558000027, 1.10327495000007 ], [ 120.787756570000056, 1.103590858000075 ], [ 120.787245100000064, 1.104012068000031 ], [ 120.786944236000068, 1.104282846000046 ], [ 120.78691414900004, 1.10465892600007 ], [ 120.786908211000082, 1.104795506000073 ], [ 120.786597410000013, 1.105127400000072 ], [ 120.786544500000105, 1.105183900000043 ], [ 120.784786343000064, 1.103736769000022 ], [ 120.784691064000071, 1.103732121000064 ], [ 120.784560567000085, 1.103727912000068 ], [ 120.784474572000022, 1.103725138000073 ], [ 120.784425687000066, 1.103941630000065 ], [ 120.784230145000038, 1.104262877000053 ], [ 120.784034604000112, 1.104423500000053 ], [ 120.783846046, 1.104479369000046 ], [ 120.783601619000024, 1.104360647000021 ], [ 120.783336242000019, 1.104144155000029 ], [ 120.783266406000052, 1.104039401000023 ], [ 120.783035946000041, 1.103808941000068 ], [ 120.782917224000016, 1.103732121000064 ], [ 120.782806227000037, 1.103703661000054 ], [ 120.782644863000087, 1.103662285000041 ], [ 120.782548617000089, 1.103761850000069 ], [ 120.78244233800001, 1.103871794000042 ], [ 120.78214902600007, 1.104870452000057 ], [ 120.781848730000092, 1.10563865000006 ], [ 120.78145066400009, 1.106029733000071 ], [ 120.780884990000118, 1.106260193000026 ], [ 120.77996315200005, 1.106598898000072 ], [ 120.778664199000104, 1.106850309000038 ], [ 120.778640562000078, 1.106849901000032 ], [ 120.777854098000034, 1.106836341000076 ], [ 120.776611014000082, 1.107115686000043 ], [ 120.776932260000081, 1.108261 ], [ 120.776951207000025, 1.108346262000055 ], [ 120.777183671000103, 1.109392347000039 ], [ 120.777421114000049, 1.110565596000072 ], [ 120.777422407000017, 1.110634150000067 ], [ 120.777581737000105, 1.110823990000029 ], [ 120.778210263, 1.111145236000027 ], [ 120.778887674000089, 1.111277925000024 ], [ 120.779306692000091, 1.111445532000062 ], [ 120.779659365000043, 1.111773762000041 ], [ 120.7792892330001, 1.112143894000042 ], [ 120.779175104000046, 1.112237272000073 ], [ 120.779058773000088, 1.112332452000032 ], [ 120.779016872000057, 1.112405780000074 ], [ 120.779104167000014, 1.11250005900007 ], [ 120.779153052000083, 1.112510534000023 ], [ 120.779177495000113, 1.11248609200004 ], [ 120.779191462000085, 1.112444190000076 ], [ 120.779125118000024, 1.112381337000045 ], [ 120.779238956000086, 1.11227672900003 ], [ 120.77925425, 1.112286180000069 ], [ 120.779254365000043, 1.112286353000059 ], [ 120.779697775000045, 1.111868041000037 ], [ 120.779928234000067, 1.11209326300002 ], [ 120.780263448000028, 1.112597830000027 ], [ 120.78104561400005, 1.113824328000021 ], [ 120.783559631000116, 1.118428184000038 ], [ 120.783730816000116, 1.118741671000066 ], [ 120.783883201000094, 1.119174763000046 ], [ 120.783940707000056, 1.119338203000041 ], [ 120.78421843000001, 1.119756110000026 ], [ 120.784418475000052, 1.120226925000054 ], [ 120.784484870000028, 1.120383190000041 ], [ 120.785257130000105, 1.122200725000027 ], [ 120.785277674000099, 1.12224907500007 ], [ 120.785354760000018, 1.122430500000064 ], [ 120.786048350000101, 1.125168200000076 ], [ 120.786148850000018, 1.125803530000042 ], [ 120.786803640000016, 1.129942920000076 ], [ 120.787765139000044, 1.132416936000027 ], [ 120.789359340000033, 1.136518950000038 ], [ 120.789695324000036, 1.137383452000051 ], [ 120.789864941000019, 1.137579164000044 ], [ 120.790148105000071, 1.138239880000071 ], [ 120.790202041000043, 1.139035437000075 ], [ 120.790148105000071, 1.13977705800005 ], [ 120.78983797300009, 1.140559130000042 ], [ 120.789716617000067, 1.141233331000024 ], [ 120.789473904000033, 1.141543463000062 ], [ 120.789136804, 1.141718755000056 ], [ 120.788572139000053, 1.141745019000041 ], [ 120.788556992000053, 1.141745723000042 ], [ 120.788452972000073, 1.141780397000048 ], [ 120.788185568000017, 1.141869531000054 ], [ 120.788152471000103, 1.141880563000029 ], [ 120.78813389600009, 1.141909045000034 ], [ 120.787950211000066, 1.142190696000057 ], [ 120.787734467000064, 1.143013221000047 ], [ 120.787707499000021, 1.143849229000068 ], [ 120.787707499000021, 1.144388590000062 ], [ 120.787752668000053, 1.144663710000032 ], [ 120.787737416000027, 1.144805330000054 ], [ 120.787791353000102, 1.145155914000043 ], [ 120.787832871000091, 1.145152220000057 ], [ 120.787855823000086, 1.145292019000067 ], [ 120.788031115000081, 1.146087575000024 ], [ 120.788060228000063, 1.146357906000048 ], [ 120.788104856000018, 1.14642931100002 ], [ 120.788293632000091, 1.146820347000073 ], [ 120.78845544, 1.147588936000034 ], [ 120.78845544, 1.149911557000053 ], [ 120.78844756400008, 1.149974566000026 ], [ 120.788361052000027, 1.150666662000049 ], [ 120.788509376000093, 1.151071182000067 ], [ 120.788522065000052, 1.151151342000048 ], [ 120.788859960000082, 1.153285931000028 ], [ 120.788927381, 1.15350167500003 ], [ 120.789021769000101, 1.154014068000038 ], [ 120.789062221000108, 1.154809624000052 ], [ 120.78904873700003, 1.155443373000026 ], [ 120.789129641000045, 1.156158026000071 ], [ 120.78921054500006, 1.156953582000028 ], [ 120.789358869000012, 1.158949216000053 ], [ 120.789345385000047, 1.160149293000075 ], [ 120.789291449000075, 1.160917882000035 ], [ 120.78914312500001, 1.161281950000046 ], [ 120.788676626000097, 1.161991417000024 ], [ 120.788255362000086, 1.163703662000046 ], [ 120.788846476000117, 1.163803461000043 ], [ 120.789763389000086, 1.163493328000072 ], [ 120.790181394000115, 1.16327758400007 ], [ 120.79076120600007, 1.163237132000063 ], [ 120.791448891000073, 1.163115776000041 ], [ 120.792500644000029, 1.162805644000059 ], [ 120.793188328000042, 1.162670804000072 ], [ 120.793332916000054, 1.162560642000074 ], [ 120.793754657000022, 1.162239315000022 ], [ 120.793792728000085, 1.161972816000059 ], [ 120.793849045000115, 1.161578599000052 ], [ 120.794037821000074, 1.161039238000058 ], [ 120.79436143800001, 1.160499878000053 ], [ 120.795008670000016, 1.159960517000059 ], [ 120.795601967000039, 1.159529029000055 ], [ 120.795993003000035, 1.159124508000048 ], [ 120.796181779000108, 1.15862560000005 ], [ 120.796653720000108, 1.158045787000049 ], [ 120.797516696000116, 1.157681719000038 ], [ 120.798123477000104, 1.157870495000054 ], [ 120.800867473000039, 1.159569481000062 ], [ 120.80135666000001, 1.159975755000062 ], [ 120.8016630300001, 1.160230197000033 ], [ 120.802108003000058, 1.160702138000033 ], [ 120.802323747000059, 1.161201046000031 ], [ 120.80313448000004, 1.16192707600004 ], [ 120.803227176000064, 1.162010087000056 ], [ 120.803371233, 1.162058812000055 ], [ 120.804144088000044, 1.162320219000037 ], [ 120.804211509000083, 1.162468543000045 ], [ 120.804239804000076, 1.16254211100005 ], [ 120.804369167000118, 1.162614092000069 ], [ 120.805855550000047, 1.163441160000048 ], [ 120.806574080000019, 1.163950390000025 ], [ 120.806717430000049, 1.164051990000075 ], [ 120.806842550000056, 1.164131810000072 ], [ 120.807134040000051, 1.164317770000025 ], [ 120.807340440000075, 1.164449450000063 ], [ 120.807477554000116, 1.16453625500003 ], [ 120.807642738000027, 1.164236477000031 ], [ 120.808015391000026, 1.164289713000073 ], [ 120.808033821000095, 1.164292346000025 ], [ 120.808089690000088, 1.164515822000055 ], [ 120.807936402000109, 1.164822397000023 ], [ 120.808436530000108, 1.165109260000065 ], [ 120.809294979000015, 1.165601667000033 ], [ 120.80933277500003, 1.165605267000046 ], [ 120.809849563000057, 1.165689070000042 ], [ 120.809999508000033, 1.165668388000029 ], [ 120.810254613000097, 1.165633201000048 ], [ 120.810631729000079, 1.16566113600004 ], [ 120.811120582000058, 1.166694712000037 ], [ 120.81166530500002, 1.167169598000044 ], [ 120.812489372000073, 1.167965731000038 ], [ 120.812615077000032, 1.168245076000062 ], [ 120.812853140000016, 1.16838791400005 ], [ 120.812894422000113, 1.168412683000042 ], [ 120.813243603000046, 1.16873393000003 ], [ 120.814249245000042, 1.169851309000023 ], [ 120.815073312000095, 1.170396032000042 ], [ 120.815534231000015, 1.170661409000047 ], [ 120.818788599000072, 1.171377231000065 ], [ 120.819710437000026, 1.171502936000024 ], [ 120.820619665000095, 1.171792835000076 ], [ 120.820702112000049, 1.171894019000035 ], [ 120.820981456000027, 1.172047658000054 ], [ 120.821260801000108, 1.172187331000032 ], [ 120.821735688000103, 1.17234097000005 ], [ 120.821782827000106, 1.172335733000068 ], [ 120.821945196000115, 1.17249810200002 ], [ 120.822250952000104, 1.172709219000069 ], [ 120.822259213000052, 1.172741178000024 ], [ 120.82320224800003, 1.173392005000039 ], [ 120.824193923000053, 1.174593188000074 ], [ 120.824985330000118, 1.176127640000061 ], [ 120.825026504000107, 1.176207472000044 ], [ 120.825450974000091, 1.177030473000059 ], [ 120.825476233000018, 1.177116131000048 ], [ 120.825679309000066, 1.17780482400002 ], [ 120.825925400000074, 1.178639393000026 ], [ 120.826093468000067, 1.179209363000041 ], [ 120.826568354000074, 1.180927334000046 ], [ 120.826608494000084, 1.181303162000063 ], [ 120.826843858000075, 1.183506846000057 ], [ 120.82685850900009, 1.183644023000056 ], [ 120.827001339000049, 1.18498132600007 ], [ 120.827088619000051, 1.185611097000049 ], [ 120.827405401000078, 1.187896844000022 ], [ 120.827406389000089, 1.187903972000072 ], [ 120.827643832000035, 1.19019809200006 ], [ 120.827592551000066, 1.190518596000061 ], [ 120.827532094000048, 1.19089645400004 ], [ 120.827560028000107, 1.192265244000055 ], [ 120.827560028000107, 1.192754098000023 ], [ 120.827632394000034, 1.193046145000039 ], [ 120.827657799, 1.193148672000063 ], [ 120.827643832000035, 1.193539755000074 ], [ 120.827392421000013, 1.193944805000058 ], [ 120.827384991000031, 1.193957104000049 ], [ 120.82736529400006, 1.194143368000027 ], [ 120.827302770000074, 1.194734610000069 ], [ 120.82726488000003, 1.195092940000052 ], [ 120.827288450000083, 1.195313980000037 ], [ 120.827423950000025, 1.19658491000007 ], [ 120.827390960000116, 1.196650350000027 ], [ 120.827226230000065, 1.196977150000066 ], [ 120.827341852000018, 1.197740100000033 ], [ 120.827422900000101, 1.198274910000066 ], [ 120.827389781000079, 1.199400639000032 ], [ 120.827560028000107, 1.200369737000074 ], [ 120.827565293000021, 1.200906778000046 ], [ 120.827573996000069, 1.201794396000025 ], [ 120.827427710000052, 1.202635537000049 ], [ 120.827406389000089, 1.202758136000057 ], [ 120.827085142000101, 1.203973286000064 ], [ 120.826763895000113, 1.204336435000073 ], [ 120.826512639000043, 1.204719931000056 ], [ 120.826380527000083, 1.205017113000054 ], [ 120.826358270000014, 1.205067180000071 ], [ 120.826288399000077, 1.20506219300006 ], [ 120.826233140000113, 1.20514653500004 ], [ 120.825353204000066, 1.205593487000044 ], [ 120.824668809000059, 1.205830930000047 ], [ 120.824165988000118, 1.205830930000047 ], [ 120.823677134000036, 1.205509683000059 ], [ 120.823341921000065, 1.205174469000042 ], [ 120.82320224800003, 1.204895125000064 ], [ 120.823020674000077, 1.204909092000037 ], [ 120.822657526000057, 1.205104633000076 ], [ 120.822573722000016, 1.205118600000048 ], [ 120.822511821000035, 1.205064127000071 ], [ 120.822370430000092, 1.205057400000044 ], [ 120.822359919000064, 1.205051869000044 ], [ 120.822145490000025, 1.204939030000048 ], [ 120.821790300000089, 1.204702290000057 ], [ 120.821712250000019, 1.204617470000073 ], [ 120.821699043000081, 1.204614609000032 ], [ 120.821284170000013, 1.204524740000068 ], [ 120.821222658000011, 1.204555489000029 ], [ 120.821002, 1.204665790000035 ], [ 120.820783950000077, 1.204749640000045 ], [ 120.820523490000028, 1.204868010000041 ], [ 120.820251180000014, 1.205081070000062 ], [ 120.820094670000117, 1.205237550000049 ], [ 120.820077017000017, 1.205237930000067 ], [ 120.819822175000013, 1.205624913000065 ], [ 120.81947299400008, 1.206141701000035 ], [ 120.819193649000113, 1.20640707900003 ], [ 120.818970173000025, 1.206672456000035 ], [ 120.818760665000013, 1.206826096000043 ], [ 120.818452262000051, 1.206862811000065 ], [ 120.818330240000023, 1.206980870000052 ], [ 120.818082960000083, 1.20714748000006 ], [ 120.817785620000109, 1.207347810000044 ], [ 120.817335730000082, 1.207951490000028 ], [ 120.817075260000024, 1.208827410000026 ], [ 120.817062570000076, 1.208871540000075 ], [ 120.816743538000082, 1.209981267000046 ], [ 120.816777316000071, 1.210352825000029 ], [ 120.816553840000097, 1.211246729000038 ], [ 120.81620465900005, 1.212070796000035 ], [ 120.815562166000063, 1.212811060000035 ], [ 120.81510124700003, 1.213495455000043 ], [ 120.814752066000096, 1.213593226000057 ], [ 120.814532141000086, 1.213622549000036 ], [ 120.814333048000094, 1.213649095000051 ], [ 120.813369308, 1.213984309000068 ], [ 120.812573175000011, 1.214808376000065 ], [ 120.811944649000111, 1.215073754000059 ], [ 120.811385960000052, 1.215618476000031 ], [ 120.81113454900003, 1.21599559200007 ], [ 120.810785368000097, 1.21633080600003 ], [ 120.810170809000056, 1.21760531700005 ], [ 120.810282547000043, 1.218373515000053 ], [ 120.810519991000092, 1.219225517000041 ], [ 120.810617761000117, 1.219672469000045 ], [ 120.810478089000071, 1.219979748000071 ], [ 120.81026858000007, 1.220105453000031 ], [ 120.810253558000113, 1.220105453000031 ], [ 120.809849563000057, 1.220105453000031 ], [ 120.809654021000028, 1.22028702800003 ], [ 120.809849563000057, 1.220468602000039 ], [ 120.810242043000017, 1.220429354000032 ], [ 120.810408253000105, 1.220412733000046 ], [ 120.810687597000083, 1.22045812600004 ], [ 120.810897106000084, 1.221142521000047 ], [ 120.811162484000079, 1.222315770000023 ], [ 120.811553567000033, 1.223558854000032 ], [ 120.811662578000096, 1.224101507000057 ], [ 120.812028453000039, 1.225922811000032 ], [ 120.812335732000065, 1.226691009000035 ], [ 120.812343949000024, 1.22672570900005 ], [ 120.812441473000035, 1.227137574000039 ], [ 120.812611412000024, 1.227855264000027 ], [ 120.81261384000004, 1.227865519000034 ], [ 120.812726815000019, 1.228342636000036 ], [ 120.813034094000045, 1.228943227000059 ], [ 120.813041724000072, 1.228959832000044 ], [ 120.813271538000095, 1.229460015000029 ], [ 120.813659232000077, 1.230389064000065 ], [ 120.813844195000115, 1.230832297000063 ], [ 120.81423527700008, 1.231977611000048 ], [ 120.814626360000034, 1.233053089000066 ], [ 120.814968328000077, 1.234259348000023 ], [ 120.815645969000116, 1.236649660000069 ], [ 120.815854880000074, 1.237352353000063 ], [ 120.815953249000017, 1.237683230000073 ], [ 120.816274495000016, 1.238521265000031 ], [ 120.816838370000028, 1.240892104000068 ], [ 120.816955221000057, 1.241066022000041 ], [ 120.816999681000084, 1.241132195000034 ], [ 120.817106404000015, 1.24156670900004 ], [ 120.818326094000099, 1.24611386700002 ], [ 120.818802783000024, 1.247631625000054 ], [ 120.819134139000084, 1.248686651000071 ], [ 120.81927135400008, 1.249159281000061 ], [ 120.819252520000077, 1.249220080000043 ], [ 120.81957627700001, 1.250176960000033 ], [ 120.819949807000057, 1.251823542000068 ], [ 120.820049230000109, 1.252353796000023 ], [ 120.820051600000056, 1.252366438000024 ], [ 120.820109892000119, 1.252677326000025 ], [ 120.820247807000101, 1.255163254000024 ], [ 120.820262353000089, 1.255425440000067 ], [ 120.82017087600002, 1.256807121000065 ], [ 120.81977447700001, 1.258150686000022 ], [ 120.81927135400008, 1.258966353000062 ], [ 120.818745363000062, 1.25952283700002 ], [ 120.818303225000022, 1.259822042000053 ], [ 120.817990680000094, 1.259814419000065 ], [ 120.817876334000061, 1.259829665000041 ], [ 120.817716249000114, 1.259905896000021 ], [ 120.817510427000116, 1.260012619000065 ], [ 120.817380835000108, 1.260012619000065 ], [ 120.817182635000108, 1.259829665000041 ], [ 120.817068289000076, 1.259692450000045 ], [ 120.816915828000106, 1.259562858000038 ], [ 120.816466067000079, 1.259402774000023 ], [ 120.815985814000101, 1.25955523500005 ], [ 120.815269246000071, 1.25957810400007 ], [ 120.815078669000059, 1.259273182000072 ], [ 120.814659401000085, 1.258716698000057 ], [ 120.814316363000103, 1.258548991000055 ], [ 120.813436497000112, 1.258567579000044 ], [ 120.813321553000037, 1.258535650000056 ], [ 120.812841300000059, 1.258566143000053 ], [ 120.812505885000064, 1.258665242000063 ], [ 120.812094240000079, 1.258977788000038 ], [ 120.812033255000074, 1.259206480000046 ], [ 120.811948217, 1.259556083000064 ], [ 120.811872953000034, 1.259619323000038 ], [ 120.811652102000039, 1.260189855000021 ], [ 120.811453902000039, 1.260807323000051 ], [ 120.811248079000052, 1.261142738000046 ], [ 120.811019387000101, 1.261325692000071 ], [ 120.810828811000079, 1.261775453000041 ], [ 120.810683973000096, 1.262049883000032 ], [ 120.810462904000019, 1.262209967000047 ], [ 120.810024578000025, 1.262326219000045 ], [ 120.809658671000079, 1.262493926000047 ], [ 120.809582545000012, 1.262603885000033 ], [ 120.809315633000097, 1.262989426000047 ], [ 120.809079318000045, 1.263492548000045 ], [ 120.809193664000077, 1.263774601000023 ], [ 120.809163171000023, 1.264759882000021 ], [ 120.809102187, 1.265217266000036 ], [ 120.808888741000032, 1.265514566000036 ], [ 120.808751149000045, 1.265538846000027 ], [ 120.808682918000045, 1.265518377000035 ], [ 120.80822553400003, 1.265335424000057 ], [ 120.80814930400004, 1.265426900000023 ], [ 120.808042581000109, 1.26585379200003 ], [ 120.807981596000104, 1.266204453000057 ], [ 120.807874874000049, 1.266829544000075 ], [ 120.807996843000069, 1.267195451000021 ], [ 120.808286519000035, 1.267607097000052 ], [ 120.808637180000119, 1.26803398800007 ], [ 120.808713411000099, 1.268293172000028 ], [ 120.808804887000065, 1.268323665000025 ], [ 120.808985003000089, 1.268395711000039 ], [ 120.809109810000109, 1.268445634000045 ], [ 120.809500753000066, 1.26859921800002 ], [ 120.809536702000059, 1.268613341000048 ], [ 120.810109179000051, 1.268929710000066 ], [ 120.810420977000035, 1.269913074000044 ], [ 120.810649669000099, 1.270568657000069 ], [ 120.810908853000115, 1.271071779000067 ], [ 120.81104606800011, 1.271879824000052 ], [ 120.811061314000085, 1.272123762000035 ], [ 120.811061314000085, 1.272550654000042 ], [ 120.811061314000085, 1.273099514000023 ], [ 120.81104606800011, 1.273816082000053 ], [ 120.81107656000006, 1.274349697000048 ], [ 120.81107656000006, 1.274898558000075 ], [ 120.811015576000045, 1.276087756000038 ], [ 120.810918435000076, 1.276640712000074 ], [ 120.811018009, 1.277360041000065 ], [ 120.810891861000073, 1.27757887000007 ], [ 120.810908316000109, 1.277768111000057 ], [ 120.81095403900008, 1.278069879000043 ], [ 120.811063772000011, 1.278636836000032 ], [ 120.810999761000062, 1.279094059000045 ], [ 120.810963183000013, 1.279432405000023 ], [ 120.81101805000003, 1.279715883000051 ], [ 120.811155217000078, 1.280264551000073 ], [ 120.811155217000078, 1.280749208000032 ], [ 120.811200939000059, 1.28108755300002 ], [ 120.811585007000076, 1.281508199000029 ], [ 120.811886774000072, 1.281709377000027 ], [ 120.812124531000109, 1.281654510000067 ], [ 120.812316564000071, 1.281371032000038 ], [ 120.812764643000037, 1.280950386000029 ], [ 120.813038977000019, 1.280721775000075 ], [ 120.81312127800004, 1.28070348600005 ], [ 120.8133864670001, 1.28062118500003 ], [ 120.813733957000068, 1.280410863000043 ], [ 120.813898557000016, 1.280401718000064 ], [ 120.814282625000033, 1.280776641000045 ], [ 120.814694126000063, 1.280831508000063 ], [ 120.815005038000095, 1.280758352000021 ], [ 120.815149199000075, 1.280701942000064 ], [ 120.815118988000108, 1.280632079000043 ], [ 120.815422600000034, 1.280518430000029 ], [ 120.816193120000094, 1.280499210000073 ], [ 120.816943580000043, 1.280837890000043 ], [ 120.817064380000033, 1.280883040000049 ], [ 120.81747684000004, 1.281037200000071 ], [ 120.817713870000034, 1.281097050000028 ], [ 120.817871330000116, 1.281793150000055 ], [ 120.818288120000034, 1.282650750000073 ], [ 120.818364390000056, 1.282807690000027 ], [ 120.818778800000018, 1.283364810000023 ], [ 120.818838720000031, 1.283393720000049 ], [ 120.81892090000008, 1.283433366000054 ], [ 120.81923302000007, 1.283583940000028 ], [ 120.819746810000083, 1.283445180000058 ], [ 120.820181720000051, 1.283127400000069 ], [ 120.820458230000099, 1.283227060000058 ], [ 120.8204417930001, 1.284275305000051 ], [ 120.820437340000012, 1.284559320000028 ], [ 120.819903020000083, 1.285612750000041 ], [ 120.819803270000079, 1.28602 ], [ 120.81962547, 1.286745930000052 ], [ 120.819709015000058, 1.287032755000041 ], [ 120.819731270000034, 1.287109160000057 ], [ 120.819920950000096, 1.287760310000067 ], [ 120.820612010000104, 1.288258020000058 ], [ 120.82044604400005, 1.288855089000037 ], [ 120.820037310000089, 1.290325530000075 ], [ 120.82033325000009, 1.290803020000055 ], [ 120.821162890000096, 1.290962810000053 ], [ 120.821557080000048, 1.292076690000044 ], [ 120.821595050000042, 1.293886230000055 ], [ 120.820863580000037, 1.29444237000007 ], [ 120.820922170000017, 1.29523781000006 ], [ 120.820585860000051, 1.29575452000006 ], [ 120.819874660000096, 1.295714130000022 ], [ 120.816375810000068, 1.297958060000042 ], [ 120.815723970000022, 1.297798420000049 ], [ 120.81495343000006, 1.29783752000003 ], [ 120.814558180000063, 1.297976370000072 ], [ 120.813629190000029, 1.298472670000024 ], [ 120.812601940000036, 1.29837236000003 ], [ 120.81137595000007, 1.299624010000059 ], [ 120.810979710000083, 1.300916160000043 ], [ 120.810562190000041, 1.303958130000069 ], [ 120.81081667, 1.306682540000054 ], [ 120.810776740000051, 1.307159730000024 ], [ 120.810479980000082, 1.307636700000046 ], [ 120.810005680000017, 1.307795360000057 ], [ 120.809669410000083, 1.308272290000048 ], [ 120.809629, 1.30930625000002 ], [ 120.809667890000014, 1.31002213000005 ], [ 120.809785390000116, 1.311215310000023 ], [ 120.810001750000083, 1.312329030000058 ], [ 120.809705290000011, 1.312448080000024 ], [ 120.809724790000018, 1.312746360000062 ], [ 120.809348980000095, 1.313243140000054 ], [ 120.809012860000053, 1.313541110000074 ], [ 120.809052090000023, 1.313859300000047 ], [ 120.809031690000097, 1.314595010000062 ], [ 120.809265180000011, 1.315148160000035 ], [ 120.809089560000075, 1.31620571000002 ], [ 120.80930645, 1.316703010000026 ], [ 120.809286080000106, 1.31739895000004 ], [ 120.808495560000097, 1.317696520000027 ], [ 120.808574130000011, 1.318213590000028 ], [ 120.8084356600001, 1.318412310000042 ], [ 120.808218300000021, 1.318451890000063 ], [ 120.80770447000009, 1.318630390000067 ], [ 120.807427340000118, 1.319246570000075 ], [ 120.807505480000032, 1.320260740000037 ], [ 120.807741540000052, 1.321414250000032 ], [ 120.8078001, 1.322229570000047 ], [ 120.807924060000119, 1.322969750000027 ], [ 120.80777893000004, 1.323840200000063 ], [ 120.807245090000038, 1.324297070000057 ], [ 120.80738266000003, 1.325132340000039 ], [ 120.807619510000109, 1.325391050000064 ], [ 120.80776478100006, 1.325280845000066 ], [ 120.807835630000113, 1.325311649000071 ], [ 120.808381183000051, 1.325311649000071 ], [ 120.808839448000072, 1.325235271000054 ], [ 120.809101313000042, 1.324940673000071 ], [ 120.809151285000098, 1.324886671000058 ], [ 120.809308030000011, 1.324892800000043 ], [ 120.81009903000006, 1.324701680000032 ], [ 120.811404800000105, 1.324403110000048 ], [ 120.81186936000006, 1.324283640000033 ], [ 120.81245720000004, 1.324160370000072 ], [ 120.81248052, 1.324154630000066 ], [ 120.81248856000002, 1.324153790000025 ], [ 120.812558, 1.324139230000071 ], [ 120.813727460000109, 1.32398556000004 ], [ 120.814995610000096, 1.323639 ], [ 120.81656514000008, 1.323172820000025 ], [ 120.816878960000054, 1.32317310000002 ], [ 120.817192790000036, 1.323173370000063 ], [ 120.818171760000041, 1.323354080000058 ], [ 120.818355340000039, 1.323603700000035 ], [ 120.818409990000077, 1.323678 ], [ 120.818435090000094, 1.323683450000033 ], [ 120.819075170000019, 1.323822450000023 ], [ 120.81932651000011, 1.32349897000006 ], [ 120.81933408000009, 1.323496750000061 ], [ 120.819712130000084, 1.323385750000057 ], [ 120.82067002000008, 1.323104520000072 ], [ 120.820969950000062, 1.323122970000043 ], [ 120.821460820000084, 1.323153170000069 ], [ 120.822151310000095, 1.323069860000032 ], [ 120.822241390000045, 1.32309108000004 ], [ 120.822866680000061, 1.323238340000046 ], [ 120.823287790000109, 1.323972010000034 ], [ 120.823312650000048, 1.324015320000058 ], [ 120.823355510000056, 1.32409 ], [ 120.823363120000067, 1.324097680000023 ], [ 120.823819560000061, 1.324557990000073 ], [ 120.824031250000075, 1.324730740000064 ], [ 120.824246060000064, 1.324906050000038 ], [ 120.824760660000038, 1.324990430000071 ], [ 120.825128220000011, 1.324569910000037 ], [ 120.825388940000039, 1.324271640000063 ], [ 120.825942190000092, 1.323229070000025 ], [ 120.826520740000092, 1.321946740000044 ], [ 120.827311890000033, 1.321587760000057 ], [ 120.827328660000035, 1.321655250000049 ], [ 120.827374440000085, 1.321839580000074 ], [ 120.827738480000107, 1.321839910000051 ], [ 120.828064980000022, 1.321696320000058 ], [ 120.828130470000019, 1.321359120000068 ], [ 120.828609510000092, 1.32105099000006 ], [ 120.830715410000039, 1.319696460000046 ], [ 120.831020230000036, 1.319572 ], [ 120.831503450000014, 1.319374700000026 ], [ 120.83174474000009, 1.319021660000033 ], [ 120.831709950000118, 1.318776470000046 ], [ 120.831707920000099, 1.31876217000007 ], [ 120.831574870000054, 1.318690010000068 ], [ 120.831333130000075, 1.318558900000028 ], [ 120.831331500000033, 1.318558020000069 ], [ 120.8324084300001, 1.317232830000023 ], [ 120.83265137, 1.316485040000032 ], [ 120.832351200000062, 1.316094140000075 ], [ 120.832199960000025, 1.315897180000036 ], [ 120.832207870000047, 1.315824780000071 ], [ 120.832230520000053, 1.315596070000026 ], [ 120.832234340000014, 1.315582290000066 ], [ 120.832237920000011, 1.315549520000047 ], [ 120.832280940000032, 1.315414590000046 ], [ 120.832414341000117, 1.314996127000029 ], [ 120.832633790000045, 1.315094655000053 ], [ 120.832842948, 1.314682281000046 ], [ 120.833028490000061, 1.314589270000056 ], [ 120.833356650000042, 1.31380007000007 ], [ 120.833733320000078, 1.313800400000048 ], [ 120.83388388000003, 1.313800530000037 ], [ 120.834159060000047, 1.314026200000058 ], [ 120.834492250000039, 1.314299450000021 ], [ 120.834498550000035, 1.31430462000003 ], [ 120.834606660000077, 1.314299420000054 ], [ 120.834899910000104, 1.314285310000059 ], [ 120.834980790000031, 1.314281420000043 ], [ 120.834988140000064, 1.31428107000005 ], [ 120.835470890000011, 1.313820790000022 ], [ 120.835490670000013, 1.313801930000068 ], [ 120.835565750000114, 1.313807120000035 ], [ 120.835666410000044, 1.313814080000043 ], [ 120.835798730000079, 1.313873190000038 ], [ 120.836042850000013, 1.313982250000038 ], [ 120.836539340000058, 1.313650950000067 ], [ 120.836796470000081, 1.313479360000031 ], [ 120.836962240000048, 1.313324090000037 ], [ 120.837512570000058, 1.312808590000031 ], [ 120.837838820000115, 1.312964730000033 ], [ 120.838140080000016, 1.31297698000003 ], [ 120.83851698, 1.312629620000052 ], [ 120.83880570000008, 1.312629870000023 ], [ 120.838824990000035, 1.312642180000068 ], [ 120.839182080000114, 1.312869990000024 ], [ 120.839443680000045, 1.312851480000063 ], [ 120.839684240000111, 1.312834460000033 ], [ 120.840042180000069, 1.312937760000068 ], [ 120.840725890000044, 1.313135100000068 ], [ 120.841219560000013, 1.313189580000028 ], [ 120.841223960000093, 1.313191030000041 ], [ 120.841479, 1.313219680000032 ], [ 120.842181870000104, 1.313506680000046 ], [ 120.842292340000085, 1.31355179000002 ], [ 120.842332320000082, 1.313568110000062 ], [ 120.842332100000021, 1.313817190000066 ], [ 120.842332060000103, 1.313867840000057 ], [ 120.842405240000062, 1.313894540000035 ], [ 120.842859130000079, 1.31406013000003 ], [ 120.842920640000102, 1.314043610000056 ], [ 120.843348810000066, 1.313928670000053 ], [ 120.843863310000074, 1.314144920000047 ], [ 120.845130680000011, 1.314721510000027 ], [ 120.845368950000079, 1.314997470000037 ], [ 120.845765530000108, 1.315324830000066 ], [ 120.846008710000092, 1.315525560000026 ], [ 120.845744490000016, 1.315679920000036 ], [ 120.84561937, 1.315753020000045 ], [ 120.845567630000119, 1.316272280000021 ], [ 120.845556350000038, 1.316385430000025 ], [ 120.845572030000085, 1.316436390000035 ], [ 120.845831520000047, 1.317215900000065 ], [ 120.846195, 1.317863640000041 ], [ 120.846804320000047, 1.318391740000038 ], [ 120.847261230000072, 1.31878775000007 ], [ 120.847554720000062, 1.318828050000036 ], [ 120.848051990000044, 1.318896340000038 ], [ 120.848414790000106, 1.318710160000023 ], [ 120.848541780000119, 1.318644990000053 ], [ 120.848780860000033, 1.317746760000034 ], [ 120.848781060000078, 1.317746 ], [ 120.849232560000019, 1.31738351000007 ], [ 120.849258410000061, 1.317362750000029 ], [ 120.849158400000078, 1.316883090000033 ], [ 120.849459850000017, 1.316679540000052 ], [ 120.849457310000048, 1.316636470000049 ], [ 120.849435100000051, 1.316259890000026 ], [ 120.850125570000046, 1.31621253000003 ], [ 120.850141180000037, 1.316230290000021 ], [ 120.850589580000019, 1.316740460000062 ], [ 120.850676090000093, 1.31675062000005 ], [ 120.851104220000025, 1.316800860000058 ], [ 120.851506120000067, 1.316561420000028 ], [ 120.851517700000045, 1.316562660000045 ], [ 120.85184503000005, 1.316597680000029 ], [ 120.852221990000089, 1.316178380000053 ], [ 120.85252787200011, 1.316238508000026 ], [ 120.854794970000057, 1.316684160000023 ], [ 120.854932203000089, 1.316736115000026 ], [ 120.85533458000009, 1.316888450000022 ], [ 120.855924450000089, 1.317044820000035 ], [ 120.856238480000115, 1.316817300000025 ], [ 120.856301450000046, 1.316577560000042 ], [ 120.856477170000062, 1.316601690000027 ], [ 120.856665310000039, 1.316793690000054 ], [ 120.85640659, 1.317130160000033 ], [ 120.856518780000101, 1.317452490000051 ], [ 120.857305880000013, 1.317614290000051 ], [ 120.857699090000096, 1.318097980000061 ], [ 120.858435815, 1.318210309000051 ], [ 120.859507570000119, 1.318373720000068 ], [ 120.859591910000063, 1.318577941000058 ], [ 120.859997677000024, 1.319560470000056 ], [ 120.860007130000099, 1.319583360000024 ], [ 120.860096810000073, 1.319800500000042 ], [ 120.860165640000105, 1.319967170000041 ], [ 120.860352330000069, 1.320029980000072 ], [ 120.861747820000119, 1.320499500000039 ], [ 120.862821650000114, 1.321491930000036 ], [ 120.86326435, 1.321901060000073 ], [ 120.863329220000082, 1.321961010000052 ], [ 120.863479310000116, 1.32155922000004 ], [ 120.863649320000036, 1.321104110000022 ], [ 120.863867917000107, 1.320518959000026 ], [ 120.863867950000099, 1.320518870000058 ], [ 120.864122350000116, 1.319837850000056 ], [ 120.864125530000024, 1.319773420000047 ], [ 120.864677463000021, 1.319417002000023 ], [ 120.865860640000051, 1.318652950000057 ], [ 120.86595761, 1.318590330000063 ], [ 120.86604925000006, 1.318625040000029 ], [ 120.866101670000035, 1.318644900000038 ], [ 120.868669080000018, 1.317825150000033 ], [ 120.869003980000116, 1.317718220000074 ], [ 120.86922104000007, 1.318348060000062 ], [ 120.870056480000017, 1.320772160000047 ], [ 120.874307570000042, 1.322107300000027 ], [ 120.875989840000102, 1.322635650000052 ], [ 120.876207735000094, 1.322635838000053 ], [ 120.8768596540001, 1.322305951000033 ], [ 120.877033980000078, 1.322226712000031 ], [ 120.878317652000078, 1.322052386000053 ], [ 120.879236824000031, 1.321941452000033 ], [ 120.879839041000082, 1.321798821000073 ], [ 120.880504648000056, 1.321878060000074 ], [ 120.880884996000077, 1.322131625000054 ], [ 120.881281191000085, 1.322321799000065 ], [ 120.881527837000021, 1.322438631000068 ], [ 120.881582299000115, 1.322464429000036 ], [ 120.881820016, 1.322480277000068 ], [ 120.881910881000067, 1.322475495000049 ], [ 120.882121124000037, 1.322464429000036 ], [ 120.882295450000015, 1.32259121200002 ], [ 120.882485624000083, 1.32270214600004 ], [ 120.882533448000117, 1.322866115000068 ], [ 120.883060847000024, 1.323197024000024 ], [ 120.884870398000089, 1.324332401000049 ], [ 120.885779270000057, 1.324902660000021 ], [ 120.885903240000061, 1.324979330000076 ], [ 120.885905460000117, 1.324981840000021 ], [ 120.885909010000091, 1.324984070000028 ], [ 120.887954359000105, 1.32729364100004 ], [ 120.888193804000025, 1.328035922000026 ], [ 120.888447369000119, 1.32838457400004 ], [ 120.888193804000025, 1.329145269000037 ], [ 120.888035326000022, 1.330001050000021 ], [ 120.888288891000116, 1.330761744000029 ], [ 120.888483644000075, 1.331324363000022 ], [ 120.88841801, 1.332220530000029 ], [ 120.888191310000025, 1.335315960000059 ], [ 120.888388510000027, 1.335502630000065 ], [ 120.890249800000106, 1.337264460000029 ], [ 120.894286984000018, 1.34108592900003 ], [ 120.894596317000037, 1.34118167500003 ], [ 120.895024207, 1.341672957000071 ], [ 120.895404555000027, 1.342164239000056 ], [ 120.895594728000106, 1.342607977000057 ], [ 120.895578881, 1.343511302000024 ], [ 120.895436250000103, 1.346631338000066 ], [ 120.89530946800005, 1.347027533000073 ], [ 120.895246077000024, 1.347479196000052 ], [ 120.894865729000117, 1.348582599000054 ], [ 120.894810262000078, 1.348891631000072 ], [ 120.894723099000089, 1.349224435000053 ], [ 120.893162091000022, 1.349884100000054 ], [ 120.892845135000016, 1.350288219000049 ], [ 120.892433092000033, 1.350716109000075 ], [ 120.892320359000109, 1.350914734000071 ], [ 120.892266690000042, 1.35100929400005 ], [ 120.892601042000024, 1.350974099000041 ], [ 120.892718352000088, 1.350961750000067 ], [ 120.893114547000096, 1.350716109000075 ], [ 120.893336416000011, 1.35054178300004 ], [ 120.893780155000059, 1.350462544000038 ], [ 120.894659708000063, 1.350407077000057 ], [ 120.89530946800005, 1.350359534000063 ], [ 120.895836407000047, 1.350296143000037 ], [ 120.896177135000016, 1.350169360000052 ], [ 120.897064612, 1.349852404000046 ], [ 120.897458556000061, 1.349782296000058 ], [ 120.897642455000096, 1.34974956800005 ], [ 120.897999632000051, 1.349686002000055 ], [ 120.898589963000063, 1.350327838000055 ], [ 120.898732593000091, 1.35045462100004 ], [ 120.899089169000035, 1.350739881000038 ], [ 120.899469774000067, 1.351208841000073 ], [ 120.899532907000093, 1.351286630000061 ], [ 120.899834016000113, 1.351563967000061 ], [ 120.900166819000106, 1.351872999000022 ], [ 120.90026983000007, 1.351936390000049 ], [ 120.900903742000082, 1.352491063000059 ], [ 120.901173155000038, 1.352586150000036 ], [ 120.901355405000118, 1.35268123700007 ], [ 120.901767448000101, 1.352903106000042 ], [ 120.90194177300009, 1.35304573600007 ], [ 120.902219110000033, 1.353426084000034 ], [ 120.902187414000082, 1.35355286600003 ], [ 120.902155719, 1.353806431000066 ], [ 120.902092328000094, 1.354345256000045 ], [ 120.90200414800006, 1.355344622000075 ], [ 120.901997241000117, 1.355422907000047 ], [ 120.902120780000018, 1.355461919000049 ], [ 120.902599457000065, 1.355613080000069 ], [ 120.902813624000032, 1.355684469000039 ], [ 120.902884718000109, 1.355708167000046 ], [ 120.903296761000092, 1.355993428000033 ], [ 120.903930673000104, 1.356088514000021 ], [ 120.904849845000058, 1.35539121100004 ], [ 120.906624799000042, 1.354630517000032 ], [ 120.908558231000029, 1.353521170000022 ], [ 120.909128752000015, 1.352792171000033 ], [ 120.910162193000019, 1.351590005000048 ], [ 120.914049780000028, 1.343948450000028 ], [ 120.914104601000076, 1.343840690000036 ], [ 120.91410496200001, 1.343838163000044 ], [ 120.914215897000076, 1.34287144700005 ], [ 120.914263440000013, 1.342364317000033 ], [ 120.914263440000013, 1.341936426000075 ], [ 120.914041571000098, 1.341445145000023 ], [ 120.914120810000099, 1.339983185000051 ], [ 120.914279288000102, 1.339079860000027 ], [ 120.914421918000016, 1.338176535000059 ], [ 120.914501157000018, 1.337542623000047 ], [ 120.914437351000061, 1.337159789000054 ], [ 120.914406070000041, 1.336972102000061 ], [ 120.914057419000073, 1.336686842000063 ], [ 120.913217485000018, 1.336908711000035 ], [ 120.912710355000058, 1.337827884000035 ], [ 120.912671218000014, 1.338101849000054 ], [ 120.912631116000057, 1.338382557000045 ], [ 120.912631116000057, 1.338857991000054 ], [ 120.912773747000074, 1.33979301100004 ], [ 120.912678660000097, 1.340078272000028 ], [ 120.911902118000057, 1.340125815000022 ], [ 120.911601009000037, 1.340109967000046 ], [ 120.911062184000116, 1.339888098000074 ], [ 120.91074522800011, 1.339634533000037 ], [ 120.910317337000038, 1.339159099000028 ], [ 120.910063772000058, 1.338842143000022 ], [ 120.909991847000015, 1.338838147000047 ], [ 120.907995634000031, 1.338727246000076 ], [ 120.907013070000062, 1.338885724000022 ], [ 120.906999064000047, 1.338883098000053 ], [ 120.906252376000111, 1.338743094000051 ], [ 120.906004526000061, 1.338673386000039 ], [ 120.905238116000078, 1.338457834000053 ], [ 120.904995013000075, 1.33840139900002 ], [ 120.904350639000086, 1.338251812000067 ], [ 120.903162054000063, 1.337839769000027 ], [ 120.902813403000096, 1.337570357000061 ], [ 120.9024092840001, 1.33744736400007 ], [ 120.901719904000061, 1.337237553000023 ], [ 120.901355405000118, 1.33707907500002 ], [ 120.901101840000024, 1.336667032000037 ], [ 120.900943362000021, 1.335985576000041 ], [ 120.900954287000104, 1.335865396000031 ], [ 120.900672919000044, 1.335559474000036 ], [ 120.900325297000109, 1.335494295000046 ], [ 120.899976646000027, 1.335319969000068 ], [ 120.89912086400011, 1.334939622000036 ], [ 120.898967863000053, 1.334778970000059 ], [ 120.898962386000107, 1.334777182000039 ], [ 120.898328474000095, 1.334444378000057 ], [ 120.89804321400004, 1.33415911700007 ], [ 120.897868888000062, 1.334000639000067 ], [ 120.897948127000063, 1.333715379000068 ], [ 120.898185844000068, 1.333572749000041 ], [ 120.898249235000094, 1.333287488000053 ], [ 120.897932279000088, 1.332732815000043 ], [ 120.898106605000066, 1.332495098000038 ], [ 120.898344322000071, 1.331445181000049 ], [ 120.898344322000071, 1.330938051000032 ], [ 120.898249235000094, 1.330668639000066 ], [ 120.897773801000085, 1.330288291000045 ], [ 120.897393454000053, 1.329971335000039 ], [ 120.897028954, 1.329448358000036 ], [ 120.897060650000071, 1.328957076000052 ], [ 120.89778964900006, 1.328386555000066 ], [ 120.898914843000057, 1.328117142000053 ], [ 120.899247647000038, 1.328148838000061 ], [ 120.899659690000021, 1.328354859000058 ], [ 120.900103428000079, 1.328101295000067 ], [ 120.900246058000107, 1.327911121000056 ], [ 120.900372841000035, 1.327578317000075 ], [ 120.900153041000067, 1.326787036000042 ], [ 120.899992494000116, 1.326512552000054 ], [ 120.899659690000021, 1.325609228000076 ], [ 120.899643842000046, 1.325070402000051 ], [ 120.900055885000029, 1.324262164000061 ], [ 120.900372841000035, 1.323992752000038 ], [ 120.902940185000034, 1.323121122000032 ], [ 120.90403368300008, 1.323184514000047 ], [ 120.905523377, 1.322297037000055 ], [ 120.905745246000038, 1.321948385000042 ], [ 120.905618464000099, 1.320886582000071 ], [ 120.90560261600001, 1.319460280000044 ], [ 120.905158877000076, 1.318636194000021 ], [ 120.904715139000018, 1.31819245600002 ], [ 120.903922749000117, 1.318018130000041 ], [ 120.903463162000094, 1.318461868000043 ], [ 120.903130359000102, 1.31860449900006 ], [ 120.902163643000108, 1.318382629000041 ], [ 120.901830839000013, 1.318477716000075 ], [ 120.901545578000082, 1.318636194000021 ], [ 120.900927514000045, 1.318889759000058 ], [ 120.900563015000102, 1.318794672000024 ], [ 120.899992494000116, 1.318366782000055 ], [ 120.89967553800011, 1.317923043000064 ], [ 120.899494606000076, 1.317866179000021 ], [ 120.89912086400011, 1.317748717000029 ], [ 120.899087898000062, 1.317858604000037 ], [ 120.899025778, 1.318065673000035 ], [ 120.8988673, 1.319270106000033 ], [ 120.898851452000031, 1.320094192000056 ], [ 120.898677126000052, 1.320664713000042 ], [ 120.898471105000112, 1.321029212000042 ], [ 120.897932279000088, 1.32161558100006 ], [ 120.897726258000034, 1.321916689000034 ], [ 120.897694562000083, 1.322518906000028 ], [ 120.897662867, 1.323010188000069 ], [ 120.8972825190001, 1.323644100000024 ], [ 120.896854629000018, 1.323786730000052 ], [ 120.896299956, 1.323834274000035 ], [ 120.895349087000113, 1.324309708000044 ], [ 120.895158914000035, 1.324674207000044 ], [ 120.894620088000011, 1.324705903000051 ], [ 120.893637525000031, 1.324705903000051 ], [ 120.893260921000092, 1.324880256000029 ], [ 120.892781743000114, 1.325102098000059 ], [ 120.891925962000073, 1.325593380000043 ], [ 120.891271605000043, 1.325825131000045 ], [ 120.891165267000019, 1.325862792000066 ], [ 120.89092851800001, 1.325792407000051 ], [ 120.890578899000047, 1.32568846700002 ], [ 120.89030643000001, 1.325477523000075 ], [ 120.890087617000063, 1.325308119000056 ], [ 120.88992913900006, 1.324927772000024 ], [ 120.890008378000061, 1.324484034000022 ], [ 120.890424383000095, 1.324151230000041 ], [ 120.89045253300003, 1.324128709000036 ], [ 120.890563051000072, 1.324040295000032 ], [ 120.891292050000061, 1.323691643000075 ], [ 120.892322157000081, 1.32359655700003 ], [ 120.893219090000116, 1.32352022200007 ], [ 120.89411295900004, 1.323180552000053 ], [ 120.894232568, 1.32304765300006 ], [ 120.894271437000043, 1.322594183000035 ], [ 120.894525002000023, 1.321817641000052 ], [ 120.894857805000015, 1.321120337000025 ], [ 120.895079675000034, 1.320549816000039 ], [ 120.895301544000063, 1.32007438200003 ], [ 120.895317392000038, 1.319551405000027 ], [ 120.895222305000061, 1.319075971000075 ], [ 120.89519060900011, 1.318568841000058 ], [ 120.895217353000021, 1.318506440000021 ], [ 120.895222667000098, 1.318494040000076 ], [ 120.895428326000115, 1.318014168000047 ], [ 120.895448083000019, 1.317895627000041 ], [ 120.895460022000066, 1.317823994000037 ], [ 120.895222305000061, 1.317649669000048 ], [ 120.894540849, 1.317443647000061 ], [ 120.89385939400006, 1.317522886000063 ], [ 120.893368112000076, 1.317823994000037 ], [ 120.892924374000017, 1.318125103000057 ], [ 120.892899646000046, 1.318156699000042 ], [ 120.892801179000116, 1.318282518000046 ], [ 120.892639113000087, 1.318489602000056 ], [ 120.892575722000061, 1.318917493000072 ], [ 120.892750048000039, 1.319234449000021 ], [ 120.89282928700004, 1.319377079000049 ], [ 120.892860982000116, 1.320010991000061 ], [ 120.892639113000087, 1.320343795000042 ], [ 120.891957658000024, 1.32073999000005 ], [ 120.891418832000113, 1.320803381000076 ], [ 120.890293638000117, 1.320961859000022 ], [ 120.889992530000086, 1.320914316000028 ], [ 120.889596335000078, 1.320660751000048 ], [ 120.889501248000101, 1.320597360000022 ], [ 120.889491465000106, 1.320592273000045 ], [ 120.889105053000094, 1.320391338000036 ], [ 120.88864546700006, 1.320201165000071 ], [ 120.887821381000094, 1.319630644000028 ], [ 120.887472729000024, 1.319155210000019 ], [ 120.88723105400004, 1.318551022000065 ], [ 120.887230876000103, 1.318550577000053 ], [ 120.88616933000003, 1.317591820000075 ], [ 120.885198750000086, 1.316717510000046 ], [ 120.885200630000099, 1.316716920000033 ], [ 120.885197040000094, 1.316713680000021 ], [ 120.88531846300009, 1.316677132000052 ], [ 120.885290685000086, 1.316652247000036 ], [ 120.885338228000023, 1.31638283500007 ], [ 120.885581415000047, 1.316190845000051 ], [ 120.885639337000043, 1.316145118000065 ], [ 120.886067227000012, 1.316034183000056 ], [ 120.886606053000037, 1.31633529100003 ], [ 120.88701809500003, 1.316699791000076 ], [ 120.887144878000072, 1.316858269000022 ], [ 120.887699551000082, 1.317381246000025 ], [ 120.887934691000055, 1.317714994000028 ], [ 120.888190833000067, 1.318078550000052 ], [ 120.888467744000081, 1.318123454000045 ], [ 120.888904602000025, 1.318194296000058 ], [ 120.889300179000088, 1.318126093000046 ], [ 120.889621472000044, 1.318036845000051 ], [ 120.889775613000097, 1.317920072000049 ], [ 120.890057435000017, 1.317734189000021 ], [ 120.890060874000028, 1.317714050000063 ], [ 120.890067030000068, 1.317649403000075 ], [ 120.890124265000054, 1.317048442000043 ], [ 120.890140113000029, 1.316557161000048 ], [ 120.890282743000057, 1.315828162000059 ], [ 120.890536308000037, 1.315241793000041 ], [ 120.890932503000045, 1.315146706000064 ], [ 120.891247043000021, 1.315146706000064 ], [ 120.892614010000102, 1.314529710000045 ], [ 120.892799330000116, 1.314445960000057 ], [ 120.892980512, 1.312907146000043 ], [ 120.892961022, 1.312864623000053 ], [ 120.892850087000056, 1.312484275000031 ], [ 120.892976869000108, 1.312468427000056 ], [ 120.893262130000039, 1.312468427000056 ], [ 120.893456032000017, 1.312589617000071 ], [ 120.893880194000076, 1.312674449000042 ], [ 120.894121362000078, 1.312732914000037 ], [ 120.894403172000011, 1.312801231000037 ], [ 120.895100475000049, 1.313007253000023 ], [ 120.895892865000064, 1.312975557000073 ], [ 120.896304908000047, 1.312975557000073 ], [ 120.896870264000086, 1.312841657000035 ], [ 120.896907125000098, 1.312832927000045 ], [ 120.897335015000067, 1.312658601000066 ], [ 120.897683667000024, 1.312611058000073 ], [ 120.897826297000051, 1.31259521000004 ], [ 120.898539448000065, 1.312642753000034 ], [ 120.898903948000111, 1.312832927000045 ], [ 120.899176325000099, 1.313093461000051 ], [ 120.899268447000054, 1.313181579000059 ], [ 120.900108381000109, 1.313435143000049 ], [ 120.900350742000114, 1.313367282000058 ], [ 120.900504576000117, 1.313324209000029 ], [ 120.900884923000035, 1.313134035000076 ], [ 120.901050209000118, 1.313056902000028 ], [ 120.901052377000042, 1.313026712000067 ], [ 120.901075097000103, 1.313019139000062 ], [ 120.90137620500002, 1.312765574000025 ], [ 120.901455444000021, 1.31146605400005 ], [ 120.901455444000021, 1.311038163000035 ], [ 120.901582226000073, 1.310372556000061 ], [ 120.901819943000078, 1.309912969000038 ], [ 120.902136899000084, 1.309437535000029 ], [ 120.901661465000075, 1.308851166000068 ], [ 120.901312814000107, 1.308676841000022 ], [ 120.900758141000097, 1.308740232000048 ], [ 120.899854816000015, 1.308787775000042 ], [ 120.899411077000082, 1.308724384000072 ], [ 120.898951491000048, 1.308185559000037 ], [ 120.89855529600004, 1.308106320000036 ], [ 120.897968927000079, 1.308233102000031 ], [ 120.897097298000062, 1.308629297000039 ], [ 120.895815683000023, 1.30917650400005 ], [ 120.895686844000011, 1.309231514000032 ], [ 120.894894454000109, 1.309247362000065 ], [ 120.894621368000116, 1.309175497000069 ], [ 120.894416277000118, 1.309121526000069 ], [ 120.894292237000059, 1.309088883000072 ], [ 120.893991129000028, 1.308851166000068 ], [ 120.893753412000024, 1.308518363000076 ], [ 120.893747844000018, 1.308505085000036 ], [ 120.893674173000022, 1.308470819000036 ], [ 120.893341369000041, 1.307947842000033 ], [ 120.893262130000039, 1.307345625000039 ], [ 120.893195548000108, 1.306987750000076 ], [ 120.893135347000111, 1.306664170000033 ], [ 120.893126728000084, 1.306328005000069 ], [ 120.892979181000101, 1.306229641000073 ], [ 120.892558222000048, 1.306109367000033 ], [ 120.89228008900011, 1.306049230000042 ], [ 120.891866647000029, 1.306282261000035 ], [ 120.891483274000052, 1.306349915000055 ], [ 120.891543023000054, 1.306304676000025 ], [ 120.892009472000041, 1.305951507000032 ], [ 120.892377811000074, 1.305590686000073 ], [ 120.893422691000069, 1.305229864000069 ], [ 120.894039095000039, 1.30448566900003 ], [ 120.894181920000051, 1.304094779000025 ], [ 120.894302194000034, 1.303944436000052 ], [ 120.894835910000097, 1.303989539000042 ], [ 120.89508739300004, 1.303998740000054 ], [ 120.895235717000105, 1.304004166000027 ], [ 120.895452314000067, 1.304012090000072 ], [ 120.895813136000015, 1.304132364000054 ], [ 120.896181474000059, 1.304711183000052 ], [ 120.896301748000042, 1.305019384000047 ], [ 120.896316783000088, 1.305357655000023 ], [ 120.89637692000008, 1.305530549000025 ], [ 120.89647555800002, 1.305907170000069 ], [ 120.897120050000012, 1.306896380000069 ], [ 120.897358556000086, 1.30691960200005 ], [ 120.897954970000114, 1.306977670000038 ], [ 120.898645050000027, 1.307044860000076 ], [ 120.898897408000039, 1.30706943000007 ], [ 120.899077445000103, 1.306949405000069 ], [ 120.899423233000107, 1.306919337000068 ], [ 120.899799089000112, 1.306964439000069 ], [ 120.90015991100006, 1.307054645000051 ], [ 120.900215206000098, 1.307058331000064 ], [ 120.900385424000092, 1.307069679000051 ], [ 120.900580869, 1.306753960000037 ], [ 120.901302513000019, 1.306062385000075 ], [ 120.901648301000023, 1.305942111000036 ], [ 120.902009122000095, 1.305761700000062 ], [ 120.902054225000029, 1.30555122100003 ], [ 120.902129396000078, 1.30552115200004 ], [ 120.902294773000108, 1.305461015000049 ], [ 120.902775869000038, 1.305461015000049 ], [ 120.902956280000012, 1.30553618700003 ], [ 120.902959624000118, 1.305538230000025 ], [ 120.903226896000092, 1.305701563000071 ], [ 120.903512547000105, 1.305836871000054 ], [ 120.903843300000062, 1.306212727000059 ], [ 120.903847715000097, 1.306224500000042 ], [ 120.904313768000065, 1.306576918000076 ], [ 120.904456080000045, 1.306684530000041 ], [ 120.905037731000107, 1.307124351000027 ], [ 120.905542169000114, 1.307265124000025 ], [ 120.905822094000087, 1.30736041800003 ], [ 120.906449280000061, 1.307251180000037 ], [ 120.907145077000109, 1.307129989000032 ], [ 120.907800960000031, 1.307015750000062 ], [ 120.908764872, 1.308230515000048 ], [ 120.909306770000057, 1.308553074000031 ], [ 120.909345780000081, 1.308551040000054 ], [ 120.91098374, 1.308465650000073 ], [ 120.912269110000011, 1.311158300000045 ], [ 120.912260190000097, 1.311161870000035 ], [ 120.912065530000064, 1.311239660000069 ], [ 120.912065180000013, 1.311662500000068 ], [ 120.912065, 1.311878510000042 ], [ 120.911146410000015, 1.312151200000073 ], [ 120.910536930000035, 1.312755650000042 ], [ 120.909664190000058, 1.312714980000067 ], [ 120.909626350000053, 1.312781950000044 ], [ 120.908689570000092, 1.314439810000067 ], [ 120.90871565000009, 1.314467380000053 ], [ 120.911228780000101, 1.317124620000072 ], [ 120.912894420000043, 1.317430890000026 ], [ 120.912953690000109, 1.317584668000052 ], [ 120.91342295000004, 1.318802160000075 ], [ 120.915490630000022, 1.319324280000046 ], [ 120.915501373000097, 1.319326993000061 ], [ 120.916074120000076, 1.319471620000058 ], [ 120.91614641000001, 1.319489880000049 ], [ 120.91627212800006, 1.320625545000041 ], [ 120.916057681000098, 1.321247439000047 ], [ 120.915907339000114, 1.322014185000057 ], [ 120.915907339000114, 1.322217898000019 ], [ 120.915907339000114, 1.322420110000053 ], [ 120.916171797000061, 1.32255784900002 ], [ 120.916505258000029, 1.322731526000041 ], [ 120.91662898300001, 1.322795966000058 ], [ 120.916884565000032, 1.323682986000051 ], [ 120.917155181000112, 1.323893465000026 ], [ 120.917531037000117, 1.324494835000053 ], [ 120.917556144000059, 1.325047195000025 ], [ 120.918410910000034, 1.326117460000034 ], [ 120.920605920000071, 1.325357750000023 ], [ 120.920550606, 1.32496569400007 ], [ 120.920408052000084, 1.323955308000052 ], [ 120.920017771000062, 1.323597550000045 ], [ 120.919926294000106, 1.322637044000032 ], [ 120.919926294000106, 1.322103430000027 ], [ 120.919926294000106, 1.321524077000049 ], [ 120.919804325000086, 1.320792263000044 ], [ 120.919773832000033, 1.320014710000066 ], [ 120.919873375000066, 1.31980733000006 ], [ 120.919956786000057, 1.319633557000031 ], [ 120.919978482000033, 1.319602369000052 ], [ 120.920200724000097, 1.319282896000061 ], [ 120.920520893000116, 1.319160927000041 ], [ 120.920841061000033, 1.319069450000029 ], [ 120.921523010000101, 1.319069450000029 ], [ 120.922276060000058, 1.318809620000025 ], [ 120.922428790000026, 1.31713429000007 ], [ 120.923115609000092, 1.31708168800003 ], [ 120.923432903000048, 1.316980730000068 ], [ 120.923537865000071, 1.316961646000038 ], [ 120.923600611000097, 1.316950238000061 ], [ 120.923981764000018, 1.316919746000053 ], [ 120.924118053000029, 1.317004927000028 ], [ 120.924347671000078, 1.317148438000061 ], [ 120.924411085000088, 1.31721761700004 ], [ 120.924683086000073, 1.317514345000063 ], [ 120.924759316000063, 1.317773529000021 ], [ 120.924637347000044, 1.318139436000024 ], [ 120.924486578000028, 1.318410821000043 ], [ 120.924545660000035, 1.319344630000046 ], [ 120.925587263000011, 1.318525601000033 ], [ 120.925887530000068, 1.318154682000056 ], [ 120.926055237000014, 1.317910744000073 ], [ 120.926634590000049, 1.317834514000026 ], [ 120.927000497000108, 1.317910744000073 ], [ 120.927427389000059, 1.318230913000036 ], [ 120.927570152000044, 1.318359034000025 ], [ 120.928021988000069, 1.318764527000042 ], [ 120.928196196000044, 1.318915508000032 ], [ 120.928250680000019, 1.318962727000041 ], [ 120.928250680000019, 1.319465849000039 ], [ 120.928128711000113, 1.320136679000029 ], [ 120.928128711000113, 1.320441602000074 ], [ 120.928128711000113, 1.320536246000074 ], [ 120.92847740600007, 1.321021169000062 ], [ 120.928479010000046, 1.321023400000058 ], [ 120.926889540000047, 1.321555170000067 ], [ 120.924920580000048, 1.323457450000035 ], [ 120.925331962000087, 1.323872184000038 ], [ 120.925674084000093, 1.323948211000072 ], [ 120.926085730000068, 1.323841488000028 ], [ 120.926299175000054, 1.323414597000067 ], [ 120.926817544000073, 1.323079182000072 ], [ 120.927351158000079, 1.322957213000052 ], [ 120.927649968000082, 1.322918657000059 ], [ 120.928099340000017, 1.322622390000049 ], [ 120.928893683000069, 1.323533676000068 ], [ 120.929226432000064, 1.323673781000025 ], [ 120.92951610800003, 1.324070180000035 ], [ 120.929622831000074, 1.324359857000047 ], [ 120.929638630000113, 1.324388294000073 ], [ 120.929699062000054, 1.324497072000042 ], [ 120.929747532000079, 1.324513228000058 ], [ 120.930064969000114, 1.324619041000062 ], [ 120.930125954000118, 1.324786748000065 ], [ 120.930098007000083, 1.324915301000033 ], [ 120.930049723000025, 1.325137409000035 ], [ 120.929378893000035, 1.326437142000032 ], [ 120.929241678000039, 1.327001248000045 ], [ 120.929104463000044, 1.327351909000072 ], [ 120.929134955000109, 1.32820569200004 ], [ 120.929287417000069, 1.328861276000055 ], [ 120.92951610800003, 1.32919669100005 ], [ 120.929683816000079, 1.329425383000057 ], [ 120.92971430800003, 1.329577844000028 ], [ 120.92971430800003, 1.329714839000076 ], [ 120.92971430800003, 1.32979129000006 ], [ 120.92939413900001, 1.329577844000028 ], [ 120.928997740000113, 1.329516859000023 ], [ 120.92852511000001, 1.329516859000023 ], [ 120.928052480000019, 1.329516859000023 ], [ 120.927839034000044, 1.329501613000048 ], [ 120.927616150000063, 1.32947424200006 ], [ 120.926970005000044, 1.32939489000006 ], [ 120.926665082000113, 1.32934915200002 ], [ 120.926378912000018, 1.329279777000067 ], [ 120.926161960000059, 1.329227183000057 ], [ 120.925826545000064, 1.328967999000042 ], [ 120.925674084000093, 1.328769799000042 ], [ 120.925687152000023, 1.328752375000022 ], [ 120.925472789000082, 1.328207863000046 ], [ 120.924685392000015, 1.328229341000053 ], [ 120.924661684000057, 1.328232228000047 ], [ 120.9240656180001, 1.32830479200004 ], [ 120.923963409000066, 1.328323871000066 ], [ 120.923493888000053, 1.328411515000028 ], [ 120.923070814000084, 1.32864814900006 ], [ 120.923044127000026, 1.328663076000055 ], [ 120.922411413000077, 1.32887652200003 ], [ 120.92223608200004, 1.32887652200003 ], [ 120.921740583000087, 1.328594469000052 ], [ 120.921374676000028, 1.328442007000035 ], [ 120.921206969000082, 1.328373400000032 ], [ 120.92117939000002, 1.328392995000058 ], [ 120.921106480000049, 1.328444799000067 ], [ 120.921091105000073, 1.328455724000037 ], [ 120.921100255000056, 1.328490378000026 ], [ 120.921073565000029, 1.328506803000039 ], [ 120.920936350000034, 1.328689757000063 ], [ 120.920936350000034, 1.329009926000026 ], [ 120.921210780000024, 1.329505425000036 ], [ 120.921347995000019, 1.330061909000051 ], [ 120.921599556000047, 1.330648884000027 ], [ 120.921889233000115, 1.330847084000027 ], [ 120.922323747000064, 1.331258730000059 ], [ 120.922457938000093, 1.331302600000072 ], [ 120.923116546000074, 1.331517914000074 ], [ 120.924343880000038, 1.332088135000049 ], [ 120.924839359000089, 1.332318336000071 ], [ 120.925304403000041, 1.332546254000022 ], [ 120.926379218000079, 1.333073019000039 ], [ 120.926795840000068, 1.333175209000046 ], [ 120.928695110000035, 1.334122710000031 ], [ 120.928697840000041, 1.334126470000058 ], [ 120.928712274000077, 1.334146359000044 ], [ 120.928758247000019, 1.33420970700007 ], [ 120.928887206000013, 1.334260311000037 ], [ 120.929085405000023, 1.334481380000057 ], [ 120.929527543000063, 1.334931141000027 ], [ 120.92973336600005, 1.335213194000062 ], [ 120.930084027000021, 1.335632463000024 ], [ 120.930777726000088, 1.336739713000043 ], [ 120.930991171000073, 1.33724283500004 ], [ 120.931067402000053, 1.337761203000071 ], [ 120.931075025000041, 1.338043257000038 ], [ 120.93101252800011, 1.338244217000067 ], [ 120.930853956000078, 1.338754107000057 ], [ 120.930823464000014, 1.339304874000049 ], [ 120.931078779000018, 1.339566268000056 ], [ 120.931143633000033, 1.339632666000057 ], [ 120.931601017000048, 1.339907096000047 ], [ 120.932012662000034, 1.339937588000055 ], [ 120.932401438000056, 1.340175809000073 ], [ 120.93302653, 1.340564585000038 ], [ 120.933575390000101, 1.3409 ], [ 120.934360566, 1.341319269000053 ], [ 120.934734096000057, 1.341517468000063 ], [ 120.935298203000116, 1.341913868000063 ], [ 120.935923294000077, 1.342310267000073 ], [ 120.936449285000094, 1.342927735000046 ], [ 120.936746585000037, 1.343141181000021 ], [ 120.938511324000046, 1.344501898000033 ], [ 120.938922970000021, 1.344913543000075 ], [ 120.939182154000036, 1.34520322000003 ], [ 120.939273631000106, 1.345523388000061 ], [ 120.939167404000045, 1.345788955000046 ], [ 120.939430160000029, 1.346012470000062 ], [ 120.939679821000027, 1.346273158000031 ], [ 120.939738638000108, 1.346279978000041 ], [ 120.939917853000111, 1.346355248000066 ], [ 120.940500944000064, 1.346600146000071 ], [ 120.940897343000074, 1.346813592000046 ], [ 120.941308989000049, 1.347636883000064 ], [ 120.941355812000097, 1.348023175000037 ], [ 120.941547050000054, 1.348222860000021 ], [ 120.94215062, 1.350355810000053 ], [ 120.94594466, 1.34931105000004 ], [ 120.946010680000086, 1.349292870000056 ], [ 120.94652558100006, 1.349050829000021 ], [ 120.94956857000011, 1.347620400000039 ], [ 120.95142356000008, 1.347268820000068 ], [ 120.954328521000093, 1.346718229000032 ], [ 120.955169050000109, 1.346558920000064 ], [ 120.957011410000064, 1.345908870000073 ], [ 120.960541602000035, 1.344663285000024 ], [ 120.961673506000011, 1.343834285000071 ], [ 120.963349575000052, 1.342968316000054 ], [ 120.964969776000089, 1.342437561000054 ], [ 120.965612269000076, 1.342297888000076 ], [ 120.966151295000031, 1.342330230000073 ], [ 120.96689213600007, 1.342374680000034 ], [ 120.967455945000097, 1.342242019000025 ], [ 120.968335882000019, 1.342200118000051 ], [ 120.968768866000119, 1.342325823000067 ], [ 120.969159949000073, 1.342605168000034 ], [ 120.969425327000067, 1.342647069000066 ], [ 120.969704672000034, 1.342549299000041 ], [ 120.969858311000053, 1.342758807000052 ], [ 120.970235427000034, 1.343066087000068 ], [ 120.970682379000095, 1.343247661000021 ], [ 120.970975691000035, 1.343205759000057 ], [ 120.971157265000102, 1.343289563000042 ], [ 120.971282184000074, 1.34355189300004 ], [ 120.971296937000034, 1.343582875000038 ], [ 120.971366774000103, 1.343722547000027 ], [ 120.971701987000074, 1.343708580000055 ], [ 120.971704075000048, 1.343707641000037 ], [ 120.971981332000041, 1.343582875000038 ], [ 120.972218775000101, 1.34361080900004 ], [ 120.97234448100005, 1.343862220000062 ], [ 120.972603011000047, 1.344039498000029 ], [ 120.972833334000029, 1.344197434000023 ], [ 120.973098712000024, 1.344267270000046 ], [ 120.973131415000012, 1.344234566000068 ], [ 120.973336155000084, 1.344029827000043 ], [ 120.974062452000112, 1.343568908000066 ], [ 120.974285928000086, 1.343513039000072 ], [ 120.974333218000083, 1.343498488000023 ], [ 120.974467502000039, 1.343457170000022 ], [ 120.974704945000099, 1.34308005400004 ], [ 120.977648294000119, 1.341510989000028 ], [ 120.978504035000014, 1.341054804000066 ], [ 120.979816956000036, 1.340202802000022 ], [ 120.98026312200011, 1.339994219000062 ], [ 120.981212350000078, 1.339550455000051 ], [ 120.982682580000073, 1.338863123000067 ], [ 120.98400712900002, 1.338243896000051 ], [ 120.985417821000055, 1.337782977000074 ], [ 120.985954358000072, 1.337706329000071 ], [ 120.986004445000049, 1.337699173000033 ], [ 120.987093890000097, 1.337475697000059 ], [ 120.987444347000064, 1.337469757000065 ], [ 120.987917958000025, 1.33746173000003 ], [ 120.988099532000092, 1.337489665000021 ], [ 120.988085565, 1.337391894000064 ], [ 120.988101662000076, 1.33726311700002 ], [ 120.988169368000058, 1.336721466000029 ], [ 120.9882531720001, 1.336428154000032 ], [ 120.988434746000053, 1.336386252000068 ], [ 120.988686156000085, 1.336609728000042 ], [ 120.989752779000014, 1.336409076000052 ], [ 120.990096848, 1.336344351000037 ], [ 120.990879014000029, 1.336148809000065 ], [ 120.992289705000076, 1.335841530000039 ], [ 120.992460602000051, 1.335892799000021 ], [ 120.992755250000073, 1.335800170000027 ], [ 120.993123120000064, 1.335684520000029 ], [ 120.993132960000025, 1.335681430000022 ], [ 120.99318727900004, 1.335777282000038 ], [ 120.993380740000021, 1.336118670000076 ], [ 120.994073614000058, 1.337341360000039 ], [ 120.994314956000039, 1.337377927000034 ], [ 120.994426694000026, 1.337615370000037 ], [ 120.994426694000026, 1.337964428000021 ], [ 120.994612450000091, 1.338292230000036 ], [ 120.994612720000077, 1.33829269000006 ], [ 120.995592530000067, 1.340021720000038 ], [ 120.995803185000113, 1.33952309600005 ], [ 120.99558597500004, 1.338882897000076 ], [ 120.9958234180001, 1.33839404400004 ], [ 120.995921189000114, 1.337807419000058 ], [ 120.996032927000101, 1.337178893000043 ], [ 120.996312272000068, 1.336801778000051 ], [ 120.996619551000094, 1.336620204000042 ], [ 120.996856994000041, 1.336089448000052 ], [ 120.997024601000021, 1.335153643000069 ], [ 120.997178241000029, 1.334916200000066 ], [ 120.997513454000114, 1.334874298000045 ], [ 120.997667094, 1.334580986000049 ], [ 120.997778832000108, 1.333910558000071 ], [ 120.997778832000108, 1.333351868000022 ], [ 120.998058177000075, 1.332890949000046 ], [ 120.998449260000029, 1.332230997000067 ], [ 120.999105720000102, 1.331560569000033 ], [ 121.00025103400003, 1.330708568000034 ], [ 121.000684019000118, 1.330415255000048 ], [ 121.001368414000012, 1.330359386000055 ], [ 121.002360088000046, 1.329968304000033 ], [ 121.002960680000115, 1.329674991000047 ], [ 121.003910452000014, 1.329242007000062 ], [ 121.004930061000096, 1.328725219000034 ], [ 121.005823965000104, 1.328735694000045 ], [ 121.006284884000024, 1.32900107200004 ], [ 121.006550261000029, 1.328861400000051 ], [ 121.006689934000065, 1.328791563000038 ], [ 121.007136886000012, 1.32900107200004 ], [ 121.007416231000093, 1.328847432000032 ], [ 121.007346394000024, 1.328400480000028 ], [ 121.007891117000099, 1.328037332000065 ], [ 121.008142527000018, 1.327911627000049 ], [ 121.008240298000032, 1.327436741000042 ], [ 121.008296167000026, 1.327045658000031 ], [ 121.008603446000052, 1.326905985000053 ], [ 121.008696953000026, 1.326887803000034 ], [ 121.008708600000091, 1.326872274000038 ], [ 121.008698568000113, 1.326852032000033 ], [ 121.00892469300004, 1.326769805000026 ], [ 121.00890215600009, 1.326739155000041 ], [ 121.00945871600004, 1.326400380000052 ], [ 121.009693316000039, 1.326348882000048 ], [ 121.010083974000054, 1.326134295000031 ], [ 121.011313092000023, 1.325624491000042 ], [ 121.011955525000076, 1.325481179000064 ], [ 121.012220963000118, 1.325421966000022 ], [ 121.012525172000096, 1.325347629000021 ], [ 121.013942092000093, 1.325001389000022 ], [ 121.014078606000112, 1.324968030000036 ], [ 121.014588410000101, 1.324961047000045 ], [ 121.014636963000044, 1.324966733000053 ], [ 121.015554629, 1.325074207000057 ], [ 121.016138774000069, 1.325142621000055 ], [ 121.016676211000117, 1.325380725000059 ], [ 121.01691620500003, 1.325470723000024 ], [ 121.017113205000101, 1.325544598000022 ], [ 121.018175008000071, 1.325734772000033 ], [ 121.018379860000096, 1.325784601000066 ], [ 121.018604879, 1.325839335000069 ], [ 121.018761376000043, 1.32587740200006 ], [ 121.019014941000023, 1.326416227000038 ], [ 121.019053682000049, 1.326803636000022 ], [ 121.019094180000025, 1.327208618000043 ], [ 121.019949962000055, 1.328159486000061 ], [ 121.019950179000034, 1.32815942700006 ], [ 121.020362004000049, 1.328048551000052 ], [ 121.020552178000116, 1.328127790000053 ], [ 121.020599722000043, 1.328872637000075 ], [ 121.020688150000069, 1.329275476000021 ], [ 121.02074235200007, 1.329522397000062 ], [ 121.020932525000035, 1.329443158000061 ], [ 121.021138206000046, 1.329228535000027 ], [ 121.021297025000081, 1.329062810000039 ], [ 121.021376264000082, 1.328825093000034 ], [ 121.021598133000111, 1.328444746000059 ], [ 121.021804155000041, 1.328127790000053 ], [ 121.022073567, 1.328048551000052 ], [ 121.022913501000062, 1.327985160000026 ], [ 121.023135370000091, 1.328317964000064 ], [ 121.023278540000092, 1.328461134000065 ], [ 121.023436478, 1.328619072000038 ], [ 121.024102086000084, 1.328856789000042 ], [ 121.024483298000064, 1.328788171000042 ], [ 121.024700695000092, 1.328383021000036 ], [ 121.025364139000089, 1.32792908600004 ], [ 121.02540604100011, 1.327705610000066 ], [ 121.025420008000083, 1.327454200000034 ], [ 121.025308270000096, 1.32725167500007 ], [ 121.025224467000044, 1.327146920000075 ], [ 121.025259385000027, 1.326923444000045 ], [ 121.025253672000076, 1.32660923100002 ], [ 121.025252401000103, 1.326539345000072 ], [ 121.025196972000117, 1.32647005900003 ], [ 121.025056860000063, 1.326294918000031 ], [ 121.02478449900002, 1.326120328000059 ], [ 121.024491186000091, 1.326029541000025 ], [ 121.024288661000014, 1.326029541000025 ], [ 121.024142005000044, 1.325868917000037 ], [ 121.024128038000072, 1.325687343000027 ], [ 121.024281678000079, 1.32465202100002 ], [ 121.024267711000107, 1.324393627000063 ], [ 121.024393416000066, 1.323389732000066 ], [ 121.024791482000069, 1.322600582000064 ], [ 121.025014958000042, 1.322223467000072 ], [ 121.02516859800005, 1.321860318000063 ], [ 121.02555269700008, 1.321546055000056 ], [ 121.026593257000059, 1.321280678000051 ], [ 121.027284635000115, 1.321008317000064 ], [ 121.027752538000072, 1.320924513000023 ], [ 121.027761549000047, 1.32093405400002 ], [ 121.027818724000099, 1.320910964000063 ], [ 121.027921406000019, 1.320869496000057 ], [ 121.02816576500004, 1.320830278000074 ], [ 121.028297260000045, 1.320721988000059 ], [ 121.029044508000084, 1.320617234000053 ], [ 121.029386706000082, 1.320631201000026 ], [ 121.029603198000018, 1.320735955000032 ], [ 121.029650323000055, 1.320769886000051 ], [ 121.030130055000086, 1.32088453800003 ], [ 121.030182838000087, 1.320763890000023 ], [ 121.030601856000089, 1.320826742000065 ], [ 121.030734545000087, 1.320812775000036 ], [ 121.030867233000095, 1.320812775000036 ], [ 121.0324245810001, 1.320735955000032 ], [ 121.03273884400005, 1.320770873000072 ], [ 121.032997238, 1.320854677000057 ], [ 121.033029440000064, 1.320905280000034 ], [ 121.033258203000059, 1.320954743000073 ], [ 121.033688617000053, 1.320896579000021 ], [ 121.033898125000064, 1.320931497000061 ], [ 121.033917862000067, 1.32119465300002 ], [ 121.033919076000075, 1.321210842000028 ], [ 121.034128585000076, 1.321329563000063 ], [ 121.034206748000088, 1.321328397000059 ], [ 121.034596488000034, 1.321322580000071 ], [ 121.034826947000056, 1.321511137000073 ], [ 121.035134226000082, 1.321706679000044 ], [ 121.035664982000071, 1.321671761000061 ], [ 121.035909409000055, 1.321769531000029 ], [ 121.037040755000021, 1.322300287000076 ], [ 121.037173250000023, 1.322489565000069 ], [ 121.037187411000104, 1.32250979500003 ], [ 121.037343184000065, 1.322538118000068 ], [ 121.037400538000043, 1.322548546000064 ], [ 121.03757151100001, 1.322579631000053 ], [ 121.037595479000061, 1.322539685000038 ], [ 121.037655314000062, 1.322439959000064 ], [ 121.037732134000066, 1.322363139000061 ], [ 121.037892757, 1.322495828000058 ], [ 121.037921782000012, 1.322524853000061 ], [ 121.038011479000033, 1.322614550000026 ], [ 121.03812321700002, 1.322551697000051 ], [ 121.038141636000091, 1.322514859000023 ], [ 121.038262889000066, 1.322272352000027 ], [ 121.038374627000053, 1.322069827000064 ], [ 121.03850731600005, 1.321713662000036 ], [ 121.038667939000106, 1.321532088000026 ], [ 121.038772694000045, 1.321141005000072 ], [ 121.038807612000028, 1.320938480000052 ], [ 121.038842530000011, 1.320694054000057 ], [ 121.038900643000034, 1.320654101000059 ], [ 121.038954268000111, 1.320617234000053 ], [ 121.039093940000043, 1.320449627000073 ], [ 121.039247982, 1.320384276000027 ], [ 121.039250191000065, 1.320337557000073 ], [ 121.039708499000085, 1.320072511000035 ], [ 121.03990404000001, 1.319821101000059 ], [ 121.040057680000018, 1.319402083000057 ], [ 121.040036729, 1.318962115000033 ], [ 121.039806270000099, 1.318640869000035 ], [ 121.03942217000008, 1.31838945800007 ], [ 121.039261183, 1.318360188000042 ], [ 121.039191711000058, 1.318347557000038 ], [ 121.038779677000093, 1.318179950000058 ], [ 121.038618545000077, 1.318038959000035 ], [ 121.038514034000059, 1.317947512000046 ], [ 121.038500332000012, 1.317935523000074 ], [ 121.037990528000023, 1.317404768000074 ], [ 121.037990528000023, 1.317202242000064 ], [ 121.038144168000031, 1.316643553000063 ], [ 121.038126865000095, 1.31603794900002 ], [ 121.038009120000083, 1.315457220000042 ], [ 121.038337305000027, 1.314511526000047 ], [ 121.03850731600005, 1.314293564000025 ], [ 121.038688890000117, 1.313825661000067 ], [ 121.038837238000042, 1.313642178000066 ], [ 121.039569070000084, 1.31323382000005 ], [ 121.040064180000059, 1.312957550000021 ], [ 121.040237450000063, 1.312848140000028 ], [ 121.040599977000056, 1.312898010000026 ], [ 121.04086079700005, 1.312994610000032 ], [ 121.041119191, 1.313253004000046 ], [ 121.041635979000034, 1.313427595000064 ], [ 121.041873422000094, 1.313546316000043 ], [ 121.042103881000116, 1.313441562000037 ], [ 121.042449564000094, 1.313152446000061 ], [ 121.042487980000033, 1.313120315000049 ], [ 121.043416802000024, 1.312889856000027 ], [ 121.044324673, 1.312868905000073 ], [ 121.044925265000074, 1.313057463000064 ], [ 121.0452325440001, 1.313336808000031 ], [ 121.045365233000098, 1.31351139800006 ], [ 121.045511889000068, 1.313588218000064 ], [ 121.045651561000113, 1.313672022000048 ], [ 121.04590995500007, 1.313811694000037 ], [ 121.045937890000118, 1.314070088000051 ], [ 121.046566416000019, 1.314125957000044 ], [ 121.046552449000046, 1.313951366000026 ], [ 121.047264778000113, 1.313790743000027 ], [ 121.047425401000055, 1.31369995600005 ], [ 121.047467303000076, 1.31353234900007 ], [ 121.047390483000072, 1.313322840000069 ], [ 121.047556336000071, 1.313365641000075 ], [ 121.047499866000067, 1.312801071000024 ], [ 121.047496680000108, 1.312769220000064 ], [ 121.047369550000099, 1.312465606000046 ], [ 121.047271762000037, 1.312250854000069 ], [ 121.046978449000108, 1.311845804000029 ], [ 121.046706088000064, 1.311252197000044 ], [ 121.046622285000012, 1.31080524500004 ], [ 121.046964482000021, 1.31045606400005 ], [ 121.047383500000024, 1.310141801000043 ], [ 121.047942189000082, 1.309715800000049 ], [ 121.048382157000106, 1.309448676000045 ], [ 121.048426798000037, 1.309465416000023 ], [ 121.048766220000061, 1.309219628000051 ], [ 121.048994994000054, 1.309225648000051 ], [ 121.049143372000117, 1.309155364000048 ], [ 121.049408750000111, 1.309078544000045 ], [ 121.049625242000047, 1.309036642000024 ], [ 121.0497299970001, 1.309141397000076 ], [ 121.049877785000035, 1.309248880000041 ], [ 121.049970653000059, 1.309251323000069 ], [ 121.05049363, 1.309457345000055 ], [ 121.050971588000039, 1.309726196000042 ], [ 121.051000760000079, 1.309742605000054 ], [ 121.051349412000036, 1.309790149000037 ], [ 121.051563255000019, 1.309781595000061 ], [ 121.051762231000112, 1.309721037000031 ], [ 121.051860001000023, 1.309686119000048 ], [ 121.052034592000041, 1.30973500500005 ], [ 121.052306953000084, 1.309776906000025 ], [ 121.052460593000092, 1.309818808000045 ], [ 121.052600265000024, 1.309965464000072 ], [ 121.05272800900002, 1.310098122000056 ], [ 121.05274036000003, 1.31007685000003 ], [ 121.053207114000088, 1.310564690000035 ], [ 121.053780497000048, 1.310552088000065 ], [ 121.053934137000056, 1.310566056000027 ], [ 121.05401861900009, 1.310605812000063 ], [ 121.05405285900008, 1.310621925000021 ], [ 121.054234433000033, 1.310845401000051 ], [ 121.0544160070001, 1.31083841700007 ], [ 121.054464892000055, 1.310677794000071 ], [ 121.054625516000101, 1.310398449000047 ], [ 121.054890893000106, 1.310098153000069 ], [ 121.054786139000043, 1.309958481000024 ], [ 121.054674401000057, 1.309846743000037 ], [ 121.054626733000077, 1.309691823000037 ], [ 121.054618532000063, 1.309665168000038 ], [ 121.054569647000108, 1.309239167000044 ], [ 121.054632499000036, 1.30901569200006 ], [ 121.054765188000033, 1.308820150000031 ], [ 121.054988664, 1.308512871000062 ], [ 121.055024400000093, 1.30847316400002 ], [ 121.055177222000111, 1.308303362000061 ], [ 121.055233091000105, 1.308024017000037 ], [ 121.055163254000036, 1.307772607000061 ], [ 121.054900511000028, 1.307632219000027 ], [ 121.054807090000054, 1.307582303000061 ], [ 121.054758204000109, 1.307428663000053 ], [ 121.054744237000023, 1.307058531000052 ], [ 121.054814073000102, 1.306856006000032 ], [ 121.054904860000079, 1.306702367000071 ], [ 121.055016598000066, 1.306611580000038 ], [ 121.055092995000109, 1.306661013000053 ], [ 121.05513532000009, 1.306688400000041 ], [ 121.055302927000071, 1.306751252000026 ], [ 121.055365780000102, 1.306730301000073 ], [ 121.055323878000081, 1.306597612000076 ], [ 121.055226107000067, 1.306506825000042 ], [ 121.055198582000116, 1.306431132000057 ], [ 121.055170238000073, 1.306353186000024 ], [ 121.055226107000067, 1.306227480000075 ], [ 121.0561071730001, 1.305411806000052 ], [ 121.056136863, 1.305374029000063 ], [ 121.056657750000113, 1.304939002000026 ], [ 121.056740851000086, 1.304878061000068 ], [ 121.056745790000036, 1.304889175000028 ], [ 121.056818373000056, 1.304729494000071 ], [ 121.057219363000058, 1.30440704800003 ], [ 121.057495784000025, 1.304184771000052 ], [ 121.059514051000065, 1.303023744000029 ], [ 121.060631431000047, 1.302625677000037 ], [ 121.06215386000008, 1.302199676000043 ], [ 121.063145534000114, 1.302087938000057 ], [ 121.063266492000025, 1.302106912000056 ], [ 121.063669306000065, 1.302065242000026 ], [ 121.064311799000052, 1.302037307000035 ], [ 121.06503809600008, 1.302079209000055 ], [ 121.065408228000024, 1.30234458700005 ], [ 121.066085639000107, 1.302903276000052 ], [ 121.066553542000065, 1.303517835000036 ], [ 121.066804952000098, 1.303643540000053 ], [ 121.066874895000069, 1.30375594800006 ], [ 121.067038736000086, 1.30381552700004 ], [ 121.06719006700007, 1.304010094000034 ], [ 121.067926213000078, 1.304956569000069 ], [ 121.068472102000101, 1.305411476000074 ], [ 121.068571809000105, 1.305455790000053 ], [ 121.068711481000037, 1.305574512000021 ], [ 121.068704498000102, 1.305797988000052 ], [ 121.068613711000012, 1.306077333000076 ], [ 121.068515940000111, 1.306496350000032 ], [ 121.068475829000022, 1.306817238000065 ], [ 121.068578792000039, 1.306866482000032 ], [ 121.068816236000089, 1.306971236000038 ], [ 121.068851154000072, 1.307062023000071 ], [ 121.069017378000012, 1.307202002000054 ], [ 121.069116531000077, 1.307285499000045 ], [ 121.068907023000065, 1.307564844000069 ], [ 121.068750217000115, 1.307662848000064 ], [ 121.068781995000109, 1.307729934000065 ], [ 121.069035560000088, 1.30799934700002 ], [ 121.06932082000003, 1.308268760000033 ], [ 121.069954732000042, 1.308807585000068 ], [ 121.070873905000099, 1.308966063000071 ], [ 121.071618752000063, 1.309092845000066 ], [ 121.071815098000116, 1.309139595000033 ], [ 121.072273129000109, 1.309167585000068 ], [ 121.072761982000088, 1.309111716000075 ], [ 121.073264803000029, 1.309244405000072 ], [ 121.073921263000102, 1.309642472000064 ], [ 121.074160686000027, 1.309916098000031 ], [ 121.074165690000086, 1.309921817000031 ], [ 121.074361232000115, 1.310180211000045 ], [ 121.075018671000066, 1.310954432000074 ], [ 121.076218875000109, 1.312367830000028 ], [ 121.076540122000097, 1.312779864000049 ], [ 121.076798516000053, 1.31317094700006 ], [ 121.077259435000087, 1.313829153000029 ], [ 121.077152572000045, 1.314155847000052 ], [ 121.077015008000103, 1.314576401000068 ], [ 121.077287369000032, 1.315534903000071 ], [ 121.077406091000057, 1.315905035000071 ], [ 121.077301336000119, 1.316379921000021 ], [ 121.077811141000097, 1.318324860000075 ], [ 121.077915895000046, 1.318799746000025 ], [ 121.078020649000109, 1.319072107000068 ], [ 121.078530454000088, 1.319463190000022 ], [ 121.079578511000022, 1.319456800000069 ], [ 121.079675768000016, 1.31945620700003 ], [ 121.079810077000047, 1.319479711000042 ], [ 121.080757718000086, 1.31914587600005 ], [ 121.081184230000076, 1.318694992000076 ], [ 121.082112946000052, 1.318668457000058 ], [ 121.082161937000023, 1.318667057000027 ], [ 121.082238285000017, 1.318624302000046 ], [ 121.08251111800007, 1.318471516000045 ], [ 121.08278563500005, 1.318431482000051 ], [ 121.08299123900008, 1.318359052000062 ], [ 121.083949745000041, 1.317870924000033 ], [ 121.086840964000089, 1.316334527000038 ], [ 121.089257297000017, 1.315231115000074 ], [ 121.09131048200004, 1.314867967000055 ], [ 121.092455796000081, 1.31477019600004 ], [ 121.093223995000017, 1.314854 ], [ 121.093319720000068, 1.314933771000028 ], [ 121.093894422000062, 1.315412689000027 ], [ 121.094201702000078, 1.315692034000051 ], [ 121.095165442000052, 1.316111052000053 ], [ 121.095235278000018, 1.316111052000053 ], [ 121.09724656100002, 1.316264691000072 ], [ 121.097903021000093, 1.316264691000072 ], [ 121.098922630000061, 1.316264691000072 ], [ 121.099186705000079, 1.316119450000031 ], [ 121.099324683000077, 1.316147335000039 ], [ 121.099537189000102, 1.315915510000025 ], [ 121.099585194000042, 1.315896726000062 ], [ 121.09985843600009, 1.315789805000065 ], [ 121.100612667000064, 1.315817739000067 ], [ 121.101140012000087, 1.315817739000067 ], [ 121.101612725000109, 1.315558894000048 ], [ 121.10191162000001, 1.314920344000029 ], [ 121.102875360000098, 1.314585130000069 ], [ 121.10575261300005, 1.313006832000042 ], [ 121.107079501000044, 1.312168797000027 ], [ 121.111227772, 1.309651201000065 ], [ 121.115054797000084, 1.307454852000035 ], [ 121.118476772, 1.305289929000025 ], [ 121.123449111000014, 1.302590759000054 ], [ 121.124817901000029, 1.302339349000022 ], [ 121.125823542000035, 1.302213644000062 ], [ 121.126507937000042, 1.301473380000061 ], [ 121.126926955000044, 1.30104039500003 ], [ 121.13015271200004, 1.299109439000063 ], [ 121.130432733000021, 1.29894181700007 ], [ 121.132360213000084, 1.298215520000042 ], [ 121.133351887000117, 1.297936175000075 ], [ 121.133966446000045, 1.297880306000025 ], [ 121.134762579000039, 1.297279715000059 ], [ 121.138673407000056, 1.295027497000035 ], [ 121.139072353000074, 1.294873237000047 ], [ 121.139720950000083, 1.294622447000052 ], [ 121.139854683000067, 1.294654208000054 ], [ 121.139920652000114, 1.294615634000024 ], [ 121.140631658000075, 1.294590466000045 ], [ 121.141630815000099, 1.294558493000068 ], [ 121.142190344000028, 1.294614446000026 ], [ 121.142973684000026, 1.294710365000071 ], [ 121.143868929000064, 1.294854244000021 ], [ 121.144540363000033, 1.294910197000036 ], [ 121.145139858000107, 1.294838257000038 ], [ 121.145113304, 1.294782304000023 ], [ 121.14512387100001, 1.294782304000023 ], [ 121.145467582000038, 1.294518527000037 ], [ 121.145723366000084, 1.294262742000058 ], [ 121.14571537300003, 1.293958998000051 ], [ 121.145771325000055, 1.293639268000049 ], [ 121.145763332000115, 1.293271578000031 ], [ 121.145771325000055, 1.292736029000025 ], [ 121.145907211, 1.292296400000055 ], [ 121.146026089000088, 1.292019019000065 ], [ 121.146570652000037, 1.291666930000019 ], [ 121.14833129200008, 1.290516512000067 ], [ 121.149384280000049, 1.28982848000004 ], [ 121.15007364600001, 1.289259954000045 ], [ 121.152473676000113, 1.28728062700003 ], [ 121.155207260000111, 1.285040322000043 ], [ 121.155671543000039, 1.284440326000038 ], [ 121.155865782000092, 1.284295371000042 ], [ 121.15660734800008, 1.283741963000068 ], [ 121.160532144000058, 1.280347923000022 ], [ 121.16839806400003, 1.273888390000025 ], [ 121.169457213000101, 1.273018612000044 ], [ 121.169589537000093, 1.272936300000026 ], [ 121.170925435000072, 1.27210530800005 ], [ 121.171231053000042, 1.271915199000034 ], [ 121.173465767000039, 1.270621418000076 ], [ 121.174680962000025, 1.269917884000051 ], [ 121.175093564, 1.269750878000025 ], [ 121.175267586000018, 1.269680440000059 ], [ 121.176510671000074, 1.270029621000049 ], [ 121.17730958900006, 1.270121301000074 ], [ 121.177362673000061, 1.270127392000063 ], [ 121.178326413000036, 1.269806146000064 ], [ 121.17875760700008, 1.269630474000053 ], [ 121.179457760000105, 1.269345227000031 ], [ 121.182935603000033, 1.267340927000021 ], [ 121.18402504900007, 1.266572729000075 ], [ 121.184262492000016, 1.266209580000066 ], [ 121.184323662000111, 1.26582726700002 ], [ 121.184278015000018, 1.265756722000049 ], [ 121.184165660000076, 1.265840970000056 ], [ 121.184075840000105, 1.265905110000062 ], [ 121.184030367000105, 1.265925775000028 ], [ 121.183793540000011, 1.266033400000026 ], [ 121.183678050000026, 1.266071880000027 ], [ 121.183536910000043, 1.266097540000032 ], [ 121.183395760000053, 1.266097540000032 ], [ 121.182933820000017, 1.265982080000072 ], [ 121.182856830000105, 1.265930770000068 ], [ 121.18262586000003, 1.265840970000056 ], [ 121.182420550000074, 1.265789650000045 ], [ 121.182317900000044, 1.265776820000042 ], [ 121.182117915000049, 1.265748260000066 ], [ 121.181361327000104, 1.26594261300005 ], [ 121.180956345000027, 1.265911932000051 ], [ 121.180306217000066, 1.265862680000055 ], [ 121.179955557000085, 1.265582152000036 ], [ 121.179773621000095, 1.265436603000069 ], [ 121.179586823000022, 1.265287165000075 ], [ 121.179151190000084, 1.264955445000055 ], [ 121.17874753000001, 1.26445986300007 ], [ 121.178370962000031, 1.264230647000034 ], [ 121.178012150000086, 1.264012240000056 ], [ 121.177420649000055, 1.263852375000056 ], [ 121.17732473, 1.263404752000042 ], [ 121.17732473, 1.262877197000023 ], [ 121.177321792000043, 1.262742056000036 ], [ 121.177308743000026, 1.262141816000053 ], [ 121.176845134000018, 1.261534328000039 ], [ 121.176840215000084, 1.261531869000066 ], [ 121.176830320000022, 1.261429040000053 ], [ 121.176743610000017, 1.260527930000023 ], [ 121.176441918000023, 1.257392788000061 ], [ 121.176381580000111, 1.256765760000064 ], [ 121.176679820000118, 1.256365140000071 ], [ 121.17701777000002, 1.255911200000071 ], [ 121.177356890000056, 1.254834340000059 ], [ 121.177424410000071, 1.253945600000065 ], [ 121.176914930000066, 1.253774920000069 ], [ 121.17674498000008, 1.253433190000067 ], [ 121.177118330000098, 1.252971570000057 ], [ 121.177576490000092, 1.252270650000071 ], [ 121.17745814500006, 1.251663286000053 ], [ 121.177423320000116, 1.251484560000051 ], [ 121.17715132, 1.250783970000043 ], [ 121.17706605, 1.249963660000049 ], [ 121.177354530000116, 1.24953626000007 ], [ 121.177473050000117, 1.248767130000033 ], [ 121.17725211000004, 1.248339970000075 ], [ 121.176080320000096, 1.247998690000031 ], [ 121.175723510000012, 1.247469040000055 ], [ 121.175620850000087, 1.245725850000042 ], [ 121.175348850000091, 1.245008160000054 ], [ 121.17470336000008, 1.244478640000068 ], [ 121.17400706, 1.244222600000057 ], [ 121.173939324000116, 1.244262409000044 ], [ 121.173395930000083, 1.244581770000025 ], [ 121.172852670000111, 1.244821290000061 ], [ 121.172360140000023, 1.244582240000057 ], [ 121.172003370000084, 1.244172220000053 ], [ 121.171884250000062, 1.243574110000054 ], [ 121.171680180000067, 1.242890570000043 ], [ 121.17117058000008, 1.242446440000037 ], [ 121.17042334000007, 1.242207510000071 ], [ 121.169640240000035, 1.242281430000048 ], [ 121.169149880000077, 1.24232771000004 ], [ 121.168029250000018, 1.242482030000076 ], [ 121.16758454, 1.242520910000053 ], [ 121.165187870000068, 1.239960590000067 ], [ 121.165166970000087, 1.239979190000042 ], [ 121.163562280000065, 1.241407030000062 ], [ 121.161261020000097, 1.243454670000062 ], [ 121.161103440000034, 1.243533900000045 ], [ 121.160787880000044, 1.24371732000003 ], [ 121.160071140000014, 1.243973650000044 ], [ 121.159666660000084, 1.244427690000066 ], [ 121.159273580000104, 1.24450932000002 ], [ 121.158880540000041, 1.244672420000029 ], [ 121.158533680000119, 1.244684210000059 ], [ 121.158391840000036, 1.244512390000068 ], [ 121.158520740000085, 1.243528770000069 ], [ 121.158435720000057, 1.243238270000063 ], [ 121.157926220000036, 1.243033400000058 ], [ 121.155803630000037, 1.242931790000057 ], [ 121.154937600000039, 1.242846720000045 ], [ 121.15391881000005, 1.242932620000033 ], [ 121.153052710000111, 1.24269374000005 ], [ 121.152390430000082, 1.242591480000044 ], [ 121.151558240000099, 1.242232940000065 ], [ 121.151365727000098, 1.242073512000047 ], [ 121.15040316000011, 1.241276370000037 ], [ 121.14958, 1.241409300000043 ], [ 121.14977306000003, 1.23992757000002 ], [ 121.150249630000076, 1.239635720000024 ], [ 121.151437890000011, 1.23878067000004 ], [ 121.151250820000087, 1.23813130000002 ], [ 121.150876910000079, 1.237328200000036 ], [ 121.150757665000015, 1.236430992000066 ], [ 121.150740630000087, 1.236302820000049 ], [ 121.150774230000025, 1.235482450000063 ], [ 121.150960650000115, 1.234627830000022 ], [ 121.150603730000057, 1.23385890000003 ], [ 121.15017897000007, 1.233278 ], [ 121.149006340000028, 1.232276470000045 ], [ 121.148989680000113, 1.232262240000068 ], [ 121.148791670000037, 1.23198780000007 ], [ 121.148144720000118, 1.231091150000054 ], [ 121.148141470000041, 1.231069260000027 ], [ 121.148038210000095, 1.230373510000049 ], [ 121.148139330000049, 1.228578930000026 ], [ 121.148020190000011, 1.227946630000019 ], [ 121.14841049000006, 1.22736537000003 ], [ 121.148342220000018, 1.226946540000029 ], [ 121.148739922000118, 1.226047569000059 ], [ 121.14881911000009, 1.225868570000046 ], [ 121.146114590000025, 1.221324590000052 ], [ 121.145641060000116, 1.220520100000044 ], [ 121.145639760000108, 1.220427720000032 ], [ 121.145446360000051, 1.220077 ], [ 121.145446280000101, 1.21989080000003 ], [ 121.145480730000031, 1.219332190000046 ], [ 121.145052860000078, 1.219169450000038 ], [ 121.145029630000067, 1.218913440000051 ], [ 121.144937050000067, 1.218727280000053 ], [ 121.14469414000007, 1.218459730000063 ], [ 121.14464397200004, 1.218427260000055 ], [ 121.144264730000032, 1.218181810000033 ], [ 121.144231080000054, 1.218160040000043 ], [ 121.143767040000057, 1.217380390000073 ], [ 121.142339700000093, 1.215325050000047 ], [ 121.142338570000106, 1.215311470000074 ], [ 121.142326400000115, 1.215165180000042 ], [ 121.142055530000107, 1.21490429000005 ], [ 121.142031290000091, 1.214880940000057 ], [ 121.140515930000106, 1.212698850000038 ], [ 121.140455300000099, 1.21261155000002 ], [ 121.140202160000058, 1.212247040000022 ], [ 121.140038250000089, 1.212011020000034 ], [ 121.140020108000044, 1.211977603000037 ], [ 121.140016480000099, 1.211970920000056 ], [ 121.139965377000067, 1.211876820000043 ], [ 121.139709860000039, 1.211406320000037 ], [ 121.139545670000075, 1.211293620000049 ], [ 121.13953494000009, 1.211286250000057 ], [ 121.137872, 1.208891660000063 ], [ 121.1378692400001, 1.208881910000059 ], [ 121.137031050000019, 1.20592146000007 ], [ 121.13702, 1.205921960000069 ], [ 121.135984570000119, 1.20596861000007 ], [ 121.135979680000105, 1.205963700000041 ], [ 121.135632200000032, 1.205614250000053 ], [ 121.133781040000031, 1.20486303000007 ], [ 121.133102080000072, 1.205461490000062 ], [ 121.132286970000109, 1.205308020000075 ], [ 121.131268220000038, 1.205479350000076 ], [ 121.130045910000035, 1.206129310000051 ], [ 121.129813860000013, 1.206157893000068 ], [ 121.129349760000082, 1.206215060000034 ], [ 121.128840170000103, 1.205770910000069 ], [ 121.128347620000113, 1.20548057000002 ], [ 121.127838020000013, 1.205002240000056 ], [ 121.127192580000042, 1.204541050000046 ], [ 121.125834330000089, 1.20334285000007 ], [ 121.12579969, 1.203312290000042 ], [ 121.121442520000073, 1.196577670000067 ], [ 121.118790390000072, 1.194690630000025 ], [ 121.115182900000036, 1.192123840000022 ], [ 121.115114370000015, 1.191642390000027 ], [ 121.114595980000104, 1.19170624000003 ], [ 121.114280830000098, 1.191482010000072 ], [ 121.11398827000005, 1.191342280000072 ], [ 121.113987890000089, 1.191342090000035 ], [ 121.113981300000091, 1.191338950000045 ], [ 121.113823690000117, 1.191198550000024 ], [ 121.113553740000043, 1.191134740000052 ], [ 121.098269960000039, 1.183834930000046 ], [ 121.098696620000055, 1.176199230000066 ], [ 121.098681490000104, 1.17620031000007 ], [ 121.095377110000072, 1.176425420000044 ], [ 121.095219170000064, 1.176283830000045 ], [ 121.095042830000011, 1.176120400000059 ], [ 121.094832010000118, 1.175969200000054 ], [ 121.094527920000019, 1.175762810000037 ], [ 121.094386020000115, 1.175664720000043 ], [ 121.094268420000049, 1.175615650000054 ], [ 121.093289530000106, 1.175261060000025 ], [ 121.092820900000106, 1.175264140000024 ], [ 121.092796650000082, 1.175264300000038 ], [ 121.092802050000046, 1.167286550000028 ], [ 121.084480660000054, 1.156942190000052 ], [ 121.080168600000093, 1.151581840000063 ], [ 121.081017460000112, 1.142673840000043 ], [ 121.08524508000005, 1.134686240000065 ], [ 121.08021306, 1.13327374000005 ], [ 121.080213970000045, 1.133272950000048 ], [ 121.08055585000011, 1.132976700000029 ], [ 121.081979690000026, 1.132023530000026 ], [ 121.082405190000031, 1.131510540000022 ], [ 121.082485750000046, 1.13134862000004 ], [ 121.082677970000077, 1.130819210000027 ], [ 121.08282685000006, 1.130302240000049 ], [ 121.083062310000059, 1.129076010000063 ], [ 121.08318075000011, 1.128607980000027 ], [ 121.083304720000115, 1.128321500000027 ], [ 121.083362427000111, 1.128147633000026 ], [ 121.083403950000047, 1.128022530000067 ], [ 121.083608390000109, 1.127717410000059 ], [ 121.083967700000017, 1.127213040000072 ], [ 121.084147290000033, 1.12705741000002 ], [ 121.08512372000007, 1.12639450000006 ], [ 121.08655758000009, 1.125484710000023 ], [ 121.087669300000016, 1.124404340000069 ], [ 121.088711240000066, 1.123291420000044 ], [ 121.089287380000087, 1.122475690000044 ], [ 121.089324580000039, 1.122363580000069 ], [ 121.089326960000108, 1.121559950000062 ], [ 121.08940855000003, 1.120299850000038 ], [ 121.089537130000053, 1.119111780000026 ], [ 121.089568130000089, 1.11902458000003 ], [ 121.089964910000049, 1.117996920000053 ], [ 121.090380180000011, 1.117075190000037 ], [ 121.090392640000118, 1.116963060000046 ], [ 121.090385110000057, 1.11657230000003 ], [ 121.090409530000102, 1.116444393000052 ], [ 121.090421740000011, 1.116380440000057 ], [ 121.090425804, 1.116367378000064 ], [ 121.0904420600001, 1.116315130000032 ], [ 121.09044008, 1.116243680000025 ], [ 121.090438210000116, 1.115996670000072 ], [ 121.090491800000109, 1.114661650000073 ], [ 121.090490350000096, 1.114196150000055 ], [ 121.090480960000036, 1.113848230000031 ], [ 121.090490430000045, 1.11363687000005 ], [ 121.090553890000024, 1.112722380000037 ], [ 121.090840190000108, 1.112197930000036 ], [ 121.091454810000073, 1.111045460000071 ], [ 121.091597580000098, 1.110781710000026 ], [ 121.09169914000006, 1.110549060000039 ], [ 121.09180678000007, 1.110316410000053 ], [ 121.092210950000094, 1.109410300000036 ], [ 121.092298270000015, 1.109230720000028 ], [ 121.092330840000045, 1.10904497000007 ], [ 121.092438650000076, 1.108548990000031 ], [ 121.092540360000044, 1.108063200000061 ], [ 121.092644120000045, 1.107552930000054 ], [ 121.092463040000098, 1.107011620000037 ], [ 121.092379970000025, 1.106594390000055 ], [ 121.092130990000101, 1.105885140000055 ], [ 121.091892850000022, 1.105382010000028 ], [ 121.091335300000082, 1.104287320000026 ], [ 121.09114924000005, 1.103352710000024 ], [ 121.090989650000097, 1.102231170000039 ], [ 121.090564860000086, 1.101430180000023 ], [ 121.089974909000034, 1.100768333000076 ], [ 121.089874770000051, 1.100655990000064 ], [ 121.089450170000077, 1.100362400000051 ], [ 121.089264120000053, 1.099454500000036 ], [ 121.089529060000018, 1.098439620000022 ], [ 121.090589470000054, 1.096142610000072 ], [ 121.091040310000039, 1.09560835000002 ], [ 121.09125237, 1.095100880000075 ], [ 121.092844010000022, 1.094486090000032 ], [ 121.094365130000028, 1.093783690000066 ], [ 121.095145510000066, 1.093447790000027 ], [ 121.09479146000001, 1.093430590000025 ], [ 121.093726400000037, 1.09320654000004 ], [ 121.092972110000119, 1.092848670000024 ], [ 121.091330410000069, 1.09208816000006 ], [ 121.0899993700001, 1.09137252000005 ], [ 121.088978840000095, 1.090925130000073 ], [ 121.08676008000009, 1.090298270000062 ], [ 121.083964260000016, 1.089805070000068 ], [ 121.082588500000043, 1.08962549000006 ], [ 121.082361318000039, 1.089625345000059 ], [ 121.080946330000074, 1.089624440000023 ], [ 121.079304280000088, 1.08944469000005 ], [ 121.07806224, 1.088371720000055 ], [ 121.073652830000015, 1.083994800000028 ], [ 121.073289370000111, 1.083811590000039 ], [ 121.073107650000111, 1.08369711000006 ], [ 121.069017250000115, 1.083854590000044 ], [ 121.068699070000093, 1.083923010000035 ], [ 121.068312830000082, 1.083831270000076 ], [ 121.067744770000104, 1.083762290000038 ], [ 121.066699680000056, 1.083441390000075 ], [ 121.065254600000117, 1.083056100000022 ], [ 121.060861500000101, 1.080555670000024 ], [ 121.058498950000057, 1.07943339000002 ], [ 121.05679525000005, 1.078540260000068 ], [ 121.056113770000024, 1.078173860000049 ], [ 121.055841390000069, 1.077693360000069 ], [ 121.054320460000099, 1.07524501000006 ], [ 121.053911970000058, 1.074398460000054 ], [ 121.053412460000118, 1.073757700000044 ], [ 121.053094490000035, 1.073505900000043 ], [ 121.051686480000058, 1.072155510000073 ], [ 121.051300410000067, 1.071789300000034 ], [ 121.050937360000034, 1.07096566000007 ], [ 121.050589400000035, 1.070154140000056 ], [ 121.050392760000022, 1.069753060000039 ], [ 121.050035890000117, 1.069663020000064 ], [ 121.050029240000072, 1.069661340000039 ], [ 121.049529310000025, 1.069683890000022 ], [ 121.04900659000009, 1.069820790000051 ], [ 121.048671910000053, 1.069932850000043 ], [ 121.048665660000097, 1.069934940000053 ], [ 121.048058240000046, 1.069755050000026 ], [ 121.04746200000011, 1.068859160000045 ], [ 121.046258670000043, 1.067257310000059 ], [ 121.045759130000079, 1.066662300000075 ], [ 121.045373350000091, 1.065838640000038 ], [ 121.0447834900001, 1.064328680000074 ], [ 121.044602050000094, 1.063779630000056 ], [ 121.043784430000073, 1.063115800000048 ], [ 121.042739540000071, 1.06249758000007 ], [ 121.04192187000001, 1.061925240000051 ], [ 121.041672070000118, 1.061673490000032 ], [ 121.041445030000091, 1.061353130000043 ], [ 121.041490860000067, 1.060758470000053 ], [ 121.041468690000102, 1.059866430000056 ], [ 121.041492540000036, 1.058082390000038 ], [ 121.041221330000099, 1.055726350000043 ], [ 121.041130710000061, 1.055291720000071 ], [ 121.04031348, 1.054010340000048 ], [ 121.040256772000021, 1.053850198000021 ], [ 121.039973230000101, 1.053049490000035 ], [ 121.039746340000079, 1.052500400000042 ], [ 121.039837430000034, 1.052180250000049 ], [ 121.039883180000061, 1.051699950000057 ], [ 121.040087930000027, 1.051311250000026 ], [ 121.040429110000105, 1.050785400000052 ], [ 121.040679430000068, 1.050190870000051 ], [ 121.040679720000071, 1.04973343000006 ], [ 121.040657210000063, 1.049390330000051 ], [ 121.040498260000049, 1.049207240000044 ], [ 121.040180390000046, 1.048795340000026 ], [ 121.039771740000106, 1.048474370000065 ], [ 121.036591, 1.047397860000046 ], [ 121.035023190000061, 1.047259630000042 ], [ 121.03436441000008, 1.046961880000026 ], [ 121.033932750000076, 1.046824370000024 ], [ 121.033342250000032, 1.046343680000064 ], [ 121.032933450000087, 1.046000340000035 ], [ 121.032797340000116, 1.045634290000066 ], [ 121.032434610000109, 1.044284590000075 ], [ 121.032139420000021, 1.043941320000044 ], [ 121.031367420000038, 1.043003070000054 ], [ 121.030617850000112, 1.042545150000024 ], [ 121.02973191000001, 1.042132890000062 ], [ 121.029050570000095, 1.041560650000065 ], [ 121.028005910000047, 1.040599360000044 ], [ 121.02730191, 1.039935620000051 ], [ 121.026438840000083, 1.039294650000045 ], [ 121.026007160000063, 1.03920289000007 ], [ 121.025666330000035, 1.039179810000064 ], [ 121.023484970000027, 1.039109820000022 ], [ 121.022978920000014, 1.038975512000036 ], [ 121.022877710000103, 1.038948650000066 ], [ 121.022761520000017, 1.038917810000044 ], [ 121.02189460000011, 1.03874286000007 ], [ 121.021258640000042, 1.038285010000038 ], [ 121.019964070000015, 1.037277820000043 ], [ 121.018805800000109, 1.036316460000023 ], [ 121.018328760000031, 1.036087440000074 ], [ 121.017828910000048, 1.036018510000019 ], [ 121.01621560000001, 1.035994620000054 ], [ 121.015897470000027, 1.036017290000075 ], [ 121.015420250000034, 1.036085610000043 ], [ 121.01442049000002, 1.036016360000076 ], [ 121.011353580000105, 1.034962310000026 ], [ 121.011126390000072, 1.034893550000049 ], [ 121.01076316000001, 1.034367260000067 ], [ 121.010604240000021, 1.034138440000049 ], [ 121.009423080000033, 1.033474410000053 ], [ 121.00835526000003, 1.03324501000003 ], [ 121.007242070000075, 1.032878360000041 ], [ 121.006810790000031, 1.03216905000005 ], [ 121.006814094000106, 1.032074297000065 ], [ 121.006833920000076, 1.031505780000032 ], [ 121.007243370000083, 1.030797 ], [ 121.007402670000033, 1.030408280000074 ], [ 121.007880310000019, 1.02965381000007 ], [ 121.00883547, 1.028350700000033 ], [ 121.011473290000026, 1.025127400000031 ], [ 121.011700780000069, 1.024692970000046 ], [ 121.0119965, 1.024167100000057 ], [ 121.01199981700006, 1.024052741000048 ], [ 121.012019720000012, 1.023366590000023 ], [ 121.012066800000071, 1.020713460000024 ], [ 121.012112450000018, 1.020370400000047 ], [ 121.012613250000072, 1.018906900000047 ], [ 121.013204710000082, 1.017809410000041 ], [ 121.013568590000091, 1.017283580000026 ], [ 121.014433930000109, 1.016235790000053 ], [ 121.01479638, 1.01602637000002 ], [ 121.015273600000114, 1.015958050000052 ], [ 121.016013640000097, 1.015958510000075 ], [ 121.016289160000042, 1.015943150000055 ], [ 121.017636810000113, 1.015868020000028 ], [ 121.017953730000045, 1.015901800000051 ], [ 121.018170410000039, 1.015531100000032 ], [ 121.018635970000105, 1.01471373000004 ], [ 121.018789100000049, 1.014748470000029 ], [ 121.023879740000098, 1.014751600000068 ], [ 121.023957400000086, 1.014633670000023 ], [ 121.024341100000015, 1.014065250000044 ], [ 121.024432140000044, 1.013813710000022 ], [ 121.025547520000032, 1.010566530000062 ], [ 121.025684150000075, 1.010086300000069 ], [ 121.025616340000056, 1.009491580000031 ], [ 121.025526690000106, 1.007433020000065 ], [ 121.025572330000045, 1.007112840000048 ], [ 121.026460500000098, 1.003796900000054 ], [ 121.026870440000039, 1.00224183000006 ], [ 121.027029670000047, 1.00196746000006 ], [ 121.026917220000087, 1.000023250000027 ], [ 121.026690300000041, 0.999497050000059 ], [ 121.026463300000046, 0.999130960000059 ], [ 121.026213410000082, 0.999016440000048 ], [ 121.025918030000071, 0.998993390000066 ], [ 121.025819826000088, 0.998998039000071 ], [ 121.025440850000109, 0.999015980000024 ], [ 121.024940990000118, 0.998947060000035 ], [ 121.024441230000093, 0.99871803000002 ], [ 121.023871280000094, 0.998444380000024 ], [ 121.023600940000051, 0.997962740000048 ], [ 121.021693760000062, 0.995422770000062 ], [ 121.021330420000027, 0.995056590000047 ], [ 121.021012750000068, 0.994301620000044 ], [ 121.020377610000082, 0.992471460000047 ], [ 121.020264390000079, 0.991808100000071 ], [ 121.019879060000108, 0.990206820000026 ], [ 121.019634869000015, 0.989069081000025 ], [ 121.019584480000049, 0.988834310000072 ], [ 121.019425820000038, 0.988170920000073 ], [ 121.019608380000022, 0.986844440000027 ], [ 121.019722470000033, 0.986043980000034 ], [ 121.019972760000087, 0.985449460000041 ], [ 121.020632460000115, 0.984191880000026 ], [ 121.021041990000072, 0.983300110000073 ], [ 121.021428680000099, 0.982614170000033 ], [ 121.021462408000048, 0.982076023000047 ], [ 121.021474550000107, 0.981882290000044 ], [ 121.02129307000007, 0.981378990000053 ], [ 121.020680040000116, 0.98055523000005 ], [ 121.019953750000013, 0.979159590000052 ], [ 121.019295400000033, 0.978129950000039 ], [ 121.019045700000106, 0.977718110000069 ], [ 121.01902336, 0.977054800000076 ], [ 121.019001340000045, 0.975865430000056 ], [ 121.019092450000016, 0.975476660000027 ], [ 121.019320000000107, 0.974927860000037 ], [ 121.019815532000052, 0.974218911000037 ], [ 121.01991127000008, 0.974081940000076 ], [ 121.020344040000055, 0.973326390000068 ], [ 121.020434580000028, 0.972892900000033 ], [ 121.0203667400001, 0.972343920000071 ], [ 121.019867320000117, 0.971520230000067 ], [ 121.018981910000093, 0.970215990000042 ], [ 121.01834034, 0.969232850000026 ], [ 121.018232720000015, 0.969094820000066 ], [ 121.018142050000051, 0.968728810000073 ], [ 121.018210530000033, 0.968179920000068 ], [ 121.0183471900001, 0.967631060000031 ], [ 121.018324890000031, 0.966899140000066 ], [ 121.01814327000011, 0.966624570000022 ], [ 121.017916260000106, 0.966258480000022 ], [ 121.017689190000056, 0.965983880000067 ], [ 121.017485040000111, 0.965389090000031 ], [ 121.017258030000107, 0.965023 ], [ 121.015627810000069, 0.954981180000061 ], [ 121.01444962000005, 0.94910236000004 ], [ 121.012478850000093, 0.938442820000034 ], [ 121.01179973, 0.93393664000007 ], [ 121.009395611000059, 0.918915761000051 ], [ 121.009393050000085, 0.918899760000045 ], [ 121.009105200000022, 0.917101280000054 ], [ 121.008946385000058, 0.916015677000075 ], [ 121.008335560000091, 0.911840280000035 ], [ 121.008041340000091, 0.909713010000075 ], [ 121.007498120000037, 0.905870210000046 ], [ 121.006909240000027, 0.902416210000069 ], [ 121.006644070000107, 0.900531470000033 ], [ 121.006633, 0.900452780000023 ], [ 121.006593172000066, 0.900169712000036 ], [ 121.006589480000116, 0.900143470000046 ], [ 121.006562139000039, 0.899949136000032 ], [ 121.006230210000012, 0.897589840000023 ], [ 121.005824720000078, 0.896199990000071 ], [ 121.005437330000063, 0.893175110000072 ], [ 121.005278920000023, 0.891985680000062 ], [ 121.005370120000066, 0.891413930000056 ], [ 121.005643920000011, 0.889286990000073 ], [ 121.005905630000029, 0.887597710000023 ], [ 121.00600863000011, 0.887114340000039 ], [ 121.005963340000108, 0.886839850000058 ], [ 121.005925216000037, 0.886746512000059 ], [ 121.00580449000006, 0.886450940000032 ], [ 121.005713690000107, 0.886290790000032 ], [ 121.005441080000082, 0.886199160000047 ], [ 121.004986730000041, 0.886038810000059 ], [ 121.004486910000082, 0.885947050000027 ], [ 121.004282410000087, 0.885946930000046 ], [ 121.004009900000028, 0.885672320000026 ], [ 121.003533100000027, 0.885008780000021 ], [ 121.002431470000033, 0.883090050000021 ], [ 121.002239160000045, 0.882789500000058 ], [ 121.002284750000058, 0.88251506000006 ], [ 121.002421820000109, 0.881119940000076 ], [ 121.002512960000104, 0.880639680000058 ], [ 121.003194880000024, 0.880136870000058 ], [ 121.003581390000022, 0.879679640000063 ], [ 121.004081520000113, 0.879199590000042 ], [ 121.004466, 0.87907081000003 ], [ 121.004695110000057, 0.878994070000033 ], [ 121.00531267000008, 0.878897860000052 ], [ 121.006217860000106, 0.878240120000044 ], [ 121.006449370000041, 0.877855540000041 ], [ 121.006740910000076, 0.877371260000075 ], [ 121.00724127, 0.876456650000023 ], [ 121.007351544000016, 0.875829569000075 ], [ 121.007378010000025, 0.875679070000047 ], [ 121.00738041000011, 0.874294970000051 ], [ 121.007522210000047, 0.87397930000003 ], [ 121.007706177000045, 0.873569786000076 ], [ 121.007765460000087, 0.873437820000049 ], [ 121.007879860000116, 0.87192833000006 ], [ 121.007948910000096, 0.87025871000003 ], [ 121.007949610000082, 0.868920570000057 ], [ 121.007949696000082, 0.86875488000004 ], [ 121.007949770000096, 0.868611920000035 ], [ 121.007472980000102, 0.86792551000002 ], [ 121.006768900000111, 0.867376210000032 ], [ 121.006428160000041, 0.867215920000035 ], [ 121.006168900000034, 0.86664490000004 ], [ 121.006247270000017, 0.865523300000064 ], [ 121.006408010000087, 0.862275550000049 ], [ 121.0060449, 0.861451970000076 ], [ 121.005477220000103, 0.860765510000022 ], [ 121.004841240000019, 0.860330610000062 ], [ 121.004296090000025, 0.860010110000076 ], [ 121.003773490000071, 0.860032710000041 ], [ 121.002682770000092, 0.86019224000006 ], [ 121.001327980000042, 0.860412330000031 ], [ 121.000955880000106, 0.860328560000028 ], [ 121.000660630000084, 0.860076810000066 ], [ 121.000183750000019, 0.85955051000002 ], [ 121.000138500000048, 0.85918453000005 ], [ 120.999548230000073, 0.85824647000004 ], [ 120.999048860000016, 0.85728559000006 ], [ 120.998618520000036, 0.854655100000059 ], [ 120.998614450000105, 0.854640047000032 ], [ 120.998550480000063, 0.854403470000022 ], [ 120.998193411000102, 0.854123604000051 ], [ 120.998141670000109, 0.854083050000042 ], [ 120.996483680000097, 0.85277848000004 ], [ 120.996233850000067, 0.852595380000025 ], [ 120.995962741000085, 0.85238522100002 ], [ 120.995938590000037, 0.852366500000073 ], [ 120.995911412000055, 0.852311714000052 ], [ 120.995779700000071, 0.852046210000026 ], [ 120.995734430000084, 0.851725980000026 ], [ 120.995598220000034, 0.851497190000032 ], [ 120.995507540000062, 0.851085450000028 ], [ 120.995044060000055, 0.849884660000043 ], [ 120.993327970000109, 0.847859380000045 ], [ 120.993009960000109, 0.847676240000055 ], [ 120.992964630000074, 0.847470370000053 ], [ 120.992827040000066, 0.846358090000024 ], [ 120.992745615000103, 0.84572035900004 ], [ 120.992738340000074, 0.845663380000076 ], [ 120.992034820000072, 0.84403911000004 ], [ 120.991489960000081, 0.843169700000033 ], [ 120.990695300000084, 0.842025700000022 ], [ 120.990560340000116, 0.841889700000024 ], [ 120.990548330000024, 0.841877600000032 ], [ 120.990263820000109, 0.841590910000036 ], [ 120.989900310000053, 0.841544980000037 ], [ 120.989673130000028, 0.841476250000028 ], [ 120.989108120000083, 0.84198299000002 ], [ 120.9890543570001, 0.842031207000048 ], [ 120.989026400000057, 0.842056280000065 ], [ 120.988996926000027, 0.84208271500006 ], [ 120.98883206000005, 0.842230580000034 ], [ 120.988593737000087, 0.842470241000058 ], [ 120.988536540000041, 0.842527760000053 ], [ 120.988445783000088, 0.842538675000071 ], [ 120.987968470000055, 0.842596080000021 ], [ 120.987014140000042, 0.842687070000068 ], [ 120.985968910000111, 0.842800880000027 ], [ 120.985215713000116, 0.842745009000055 ], [ 120.985037380000108, 0.842731780000065 ], [ 120.984917535000022, 0.842731718000039 ], [ 120.984401190000085, 0.842731450000031 ], [ 120.983856, 0.84250245000004 ], [ 120.98342442, 0.842273510000041 ], [ 120.983311348000029, 0.842229177000036 ], [ 120.983015520000095, 0.84211319000002 ], [ 120.982673107000096, 0.841713666000032 ], [ 120.982584080000038, 0.841609790000064 ], [ 120.982084340000029, 0.841182280000055 ], [ 120.980698530000041, 0.841037020000044 ], [ 120.979337010000108, 0.841093890000025 ], [ 120.978267280000068, 0.841241600000046 ], [ 120.977994620000118, 0.841241450000041 ], [ 120.977517590000048, 0.841035360000035 ], [ 120.976563640000109, 0.840394460000027 ], [ 120.976109430000065, 0.839982530000043 ], [ 120.974769570000035, 0.838678150000021 ], [ 120.974179050000089, 0.838243290000037 ], [ 120.973312647000057, 0.837768707000066 ], [ 120.973134180000102, 0.837670950000074 ], [ 120.972770770000011, 0.83741918000004 ], [ 120.972452720000092, 0.837350400000048 ], [ 120.971180560000107, 0.836938050000072 ], [ 120.969408420000036, 0.836777020000056 ], [ 120.96756799000002, 0.83684468000007 ], [ 120.967090870000106, 0.836821560000033 ], [ 120.965557902000114, 0.836652057000038 ], [ 120.965296740000099, 0.836623180000061 ], [ 120.963523930000065, 0.836385140000061 ], [ 120.963046940000027, 0.836110430000076 ], [ 120.96266085000002, 0.835790030000055 ], [ 120.961911310000119, 0.835309340000038 ], [ 120.959594800000104, 0.833364060000065 ], [ 120.958686330000091, 0.832677450000062 ], [ 120.957160810000119, 0.83179044000002 ], [ 120.956914650000044, 0.831647310000051 ], [ 120.956505740000011, 0.831532740000057 ], [ 120.955937780000113, 0.831418090000057 ], [ 120.955483460000096, 0.831234880000068 ], [ 120.954506900000069, 0.830411010000034 ], [ 120.950918490000049, 0.827618850000022 ], [ 120.950691360000064, 0.827458630000024 ], [ 120.950464250000095, 0.827275540000073 ], [ 120.947283710000079, 0.826633490000063 ], [ 120.946646980000082, 0.826607520000039 ], [ 120.945579720000069, 0.826563990000068 ], [ 120.945237900000052, 0.826580200000024 ], [ 120.945102580000025, 0.826586620000057 ], [ 120.944877870000028, 0.826654350000069 ], [ 120.944789416000049, 0.826681011000062 ], [ 120.944420860000037, 0.826792100000034 ], [ 120.944083520000049, 0.826955390000023 ], [ 120.943807250000077, 0.827089110000031 ], [ 120.943275815000106, 0.827236384000059 ], [ 120.943148270000052, 0.827271730000064 ], [ 120.942580200000066, 0.827385790000051 ], [ 120.94089879, 0.827567880000061 ], [ 120.939762950000045, 0.827224220000062 ], [ 120.93919505000008, 0.827018080000073 ], [ 120.938672660000066, 0.826674740000044 ], [ 120.938150200000109, 0.826468630000022 ], [ 120.937900640000066, 0.82626743000003 ], [ 120.937605040000108, 0.82621677000003 ], [ 120.937413860000106, 0.826205970000046 ], [ 120.937282430000096, 0.826198560000023 ], [ 120.937213906000011, 0.826194687000054 ], [ 120.937196090000043, 0.826193680000074 ], [ 120.936309990000041, 0.82619322000005 ], [ 120.936037300000066, 0.826284560000033 ], [ 120.935242, 0.826467110000067 ], [ 120.934879780000074, 0.826552850000041 ], [ 120.933943550000095, 0.826774470000032 ], [ 120.933265080000069, 0.826969240000039 ], [ 120.932515370000033, 0.826854490000073 ], [ 120.931924710000089, 0.826716950000048 ], [ 120.931788400000073, 0.82669401000004 ], [ 120.931652210000038, 0.826442360000044 ], [ 120.931652470000017, 0.82593920000005 ], [ 120.933085260000098, 0.823195430000055 ], [ 120.933312900000033, 0.822349330000065 ], [ 120.933358880000014, 0.821297290000075 ], [ 120.933268430000112, 0.820451010000056 ], [ 120.933041610000032, 0.819719020000036 ], [ 120.932837350000113, 0.819284370000048 ], [ 120.93251935, 0.819124110000075 ], [ 120.932451561000107, 0.819098073000021 ], [ 120.93204232000005, 0.818940890000022 ], [ 120.931519840000078, 0.818780520000075 ], [ 120.93104272000005, 0.818757400000038 ], [ 120.930361130000051, 0.818734180000035 ], [ 120.930088520000027, 0.818665420000059 ], [ 120.929884180000045, 0.81839087000003 ], [ 120.928773196000066, 0.81682345400003 ], [ 120.928635480000025, 0.816629160000048 ], [ 120.927069080000024, 0.814112550000061 ], [ 120.925820290000047, 0.812510940000038 ], [ 120.924730450000084, 0.811092380000048 ], [ 120.922323390000088, 0.808598220000022 ], [ 120.920960930000092, 0.807156660000032 ], [ 120.920461310000064, 0.806721860000039 ], [ 120.91928039000004, 0.805692060000069 ], [ 120.9171455500001, 0.804067140000029 ], [ 120.916826871000012, 0.803728182000043 ], [ 120.916736810000089, 0.803632390000075 ], [ 120.91666878, 0.803380770000047 ], [ 120.91628298, 0.802511490000029 ], [ 120.91628331000004, 0.801848240000027 ], [ 120.916215650000026, 0.800864760000024 ], [ 120.916069658000083, 0.799702704000026 ], [ 120.916034620000119, 0.799423810000064 ], [ 120.915830190000065, 0.798342590000061 ], [ 120.91571746000011, 0.797593990000053 ], [ 120.915490510000041, 0.797113590000038 ], [ 120.915308860000096, 0.796884790000036 ], [ 120.914332270000045, 0.796175300000073 ], [ 120.913378520000037, 0.795214250000072 ], [ 120.91290154, 0.794939560000046 ], [ 120.912568880000094, 0.794559650000053 ], [ 120.905787450000048, 0.79324887000007 ], [ 120.905313730000103, 0.793100620000075 ], [ 120.905262043000107, 0.793100917000061 ], [ 120.90501112000004, 0.793102360000034 ], [ 120.904981410000119, 0.793102530000056 ], [ 120.904450720000114, 0.793105600000047 ], [ 120.901656270000103, 0.792989820000059 ], [ 120.901429090000079, 0.792943970000067 ], [ 120.900202390000118, 0.792646020000063 ], [ 120.898930350000114, 0.792119350000064 ], [ 120.896908760000088, 0.791226370000061 ], [ 120.894819020000114, 0.790333360000034 ], [ 120.893569880000086, 0.789463650000073 ], [ 120.892684120000013, 0.788868560000026 ], [ 120.891866640000103, 0.788044810000031 ], [ 120.891321670000025, 0.787449910000021 ], [ 120.891094870000074, 0.786672200000055 ], [ 120.89109507, 0.78626053000005 ], [ 120.891096010000069, 0.784385160000056 ], [ 120.89114303000008, 0.78122908000006 ], [ 120.890870820000032, 0.78038274000005 ], [ 120.889146270000083, 0.77610511000006 ], [ 120.887966530000085, 0.772742580000056 ], [ 120.887217980000059, 0.770340830000066 ], [ 120.886718930000029, 0.76876253000006 ], [ 120.886038320000011, 0.766795340000044 ], [ 120.884949230000075, 0.763867410000046 ], [ 120.883814640000082, 0.761076670000023 ], [ 120.882702770000037, 0.758263080000063 ], [ 120.881885920000059, 0.756112880000046 ], [ 120.881319450000092, 0.754671660000042 ], [ 120.881080700000098, 0.75406423000004 ], [ 120.880932890000054, 0.753688170000032 ], [ 120.879873290000091, 0.750838520000059 ], [ 120.879435240000021, 0.749936720000051 ], [ 120.878731440000024, 0.748930090000044 ], [ 120.875434580000046, 0.744029420000061 ], [ 120.8750851100001, 0.74350994200006 ], [ 120.873714110000037, 0.741471990000036 ], [ 120.870967, 0.73753701000004 ], [ 120.867879320000043, 0.73314447000007 ], [ 120.866676, 0.731497260000026 ], [ 120.86299796000003, 0.726418370000033 ], [ 120.857798690000095, 0.719371970000054 ], [ 120.855581430000029, 0.716314390000036 ], [ 120.85173688000009, 0.710678580000035 ], [ 120.84919431000003, 0.706583700000067 ], [ 120.846560470000099, 0.703334980000022 ], [ 120.845902010000032, 0.702534230000026 ], [ 120.845469677000096, 0.701662801000055 ], [ 120.845357270000022, 0.70143623000007 ], [ 120.84415415, 0.699354540000058 ], [ 120.842270110000072, 0.695900350000045 ], [ 120.844926920000034, 0.698600190000036 ], [ 120.845471880000105, 0.699195060000022 ], [ 120.846153300000083, 0.699492680000048 ], [ 120.848038660000043, 0.700065290000055 ], [ 120.849537860000055, 0.70052338000005 ], [ 120.849998110000115, 0.700630530000069 ], [ 120.848047550000047, 0.696792580000022 ], [ 120.846133630000054, 0.694966990000069 ], [ 120.844849915000054, 0.693742525000062 ], [ 120.844290480000041, 0.693208910000067 ], [ 120.838486590000116, 0.687672900000052 ], [ 120.838089550000063, 0.688040270000045 ], [ 120.838071760000048, 0.688032130000067 ], [ 120.83807167000009, 0.688032090000036 ], [ 120.838063950000105, 0.688031220000028 ], [ 120.83752676000006, 0.687970930000063 ], [ 120.83718943000008, 0.688140400000066 ], [ 120.8370425600001, 0.688214180000045 ], [ 120.837042270000097, 0.688214330000051 ], [ 120.836557520000042, 0.689005890000033 ], [ 120.836091840000108, 0.689883240000029 ], [ 120.836086100000102, 0.689894050000021 ], [ 120.835296910000011, 0.690624270000058 ], [ 120.832493280000108, 0.690690180000047 ], [ 120.830744250000066, 0.690404060000049 ], [ 120.830009180000047, 0.690269270000044 ], [ 120.830009100000098, 0.690269250000028 ], [ 120.829932150000104, 0.690255140000033 ], [ 120.829412310000066, 0.690159830000027 ], [ 120.829408980000039, 0.690158150000059 ], [ 120.829387280000105, 0.690147220000028 ], [ 120.829939920000015, 0.689465110000071 ], [ 120.830118640000023, 0.689244510000037 ], [ 120.819414280000046, 0.684186160000024 ], [ 120.81875901, 0.683272630000033 ], [ 120.818279680000046, 0.682210610000027 ], [ 120.818239, 0.682120470000029 ], [ 120.818818780000015, 0.67891867000003 ], [ 120.818831850000038, 0.678846480000061 ], [ 120.814619790000052, 0.67587554000005 ], [ 120.813987600000019, 0.676511380000022 ], [ 120.81071191, 0.677193810000063 ], [ 120.802946950000091, 0.67745264000007 ], [ 120.797012750000022, 0.679065760000071 ], [ 120.796654750000016, 0.679163080000023 ], [ 120.796631570000045, 0.679169380000076 ], [ 120.796624299000086, 0.679169958000045 ], [ 120.79614025, 0.679208410000058 ], [ 120.790602580000041, 0.678409440000053 ], [ 120.789129230000071, 0.678705360000038 ], [ 120.788759870000035, 0.678766930000052 ], [ 120.787404220000099, 0.678084510000076 ], [ 120.78714143000002, 0.678060450000032 ], [ 120.78713348000008, 0.678132620000042 ], [ 120.787095600000043, 0.678476330000024 ], [ 120.786948240000015, 0.678484060000073 ], [ 120.784803510000074, 0.678596610000056 ], [ 120.783168910000086, 0.678291340000044 ], [ 120.783162730000072, 0.67828927000005 ], [ 120.782442460000084, 0.678047390000074 ], [ 120.781716190000111, 0.677438020000068 ], [ 120.78111114, 0.676524180000058 ], [ 120.780384810000101, 0.676036620000048 ], [ 120.779597940000031, 0.67554903000007 ], [ 120.779564020000066, 0.675538780000068 ], [ 120.778928310000083, 0.675346620000028 ], [ 120.778895100000113, 0.675336580000021 ], [ 120.778453770000056, 0.674980830000038 ], [ 120.776266263000025, 0.673217505000025 ], [ 120.775858560000074, 0.672888860000057 ], [ 120.775828600000068, 0.672957260000032 ], [ 120.775549380000029, 0.673549970000067 ], [ 120.767064430000119, 0.670942140000022 ], [ 120.76666889, 0.670687240000063 ], [ 120.766643400000021, 0.670670810000047 ], [ 120.765674840000088, 0.670304950000059 ], [ 120.764108360000023, 0.669895650000058 ], [ 120.763408290000029, 0.669401970000024 ], [ 120.762070330000029, 0.668458240000064 ], [ 120.7611353100001, 0.66731862000006 ], [ 120.760045830000081, 0.666587290000052 ], [ 120.75883518, 0.666038620000052 ], [ 120.75840702000005, 0.665874320000057 ], [ 120.756512610000073, 0.664538100000073 ], [ 120.75642842000002, 0.664396790000069 ], [ 120.756397890000017, 0.664345570000023 ], [ 120.755627650000065, 0.663052910000033 ], [ 120.754296130000057, 0.662016970000025 ], [ 120.754286230000048, 0.66201613000004 ], [ 120.75356962, 0.661955730000045 ], [ 120.752721940000015, 0.662077150000073 ], [ 120.751753090000079, 0.662381220000043 ], [ 120.750614640000094, 0.662733880000076 ], [ 120.748017260000097, 0.663168443000075 ], [ 120.744399760000078, 0.66377368000002 ], [ 120.740536260000113, 0.662357970000073 ], [ 120.736227970000073, 0.660778630000038 ], [ 120.734901530000116, 0.661449300000072 ], [ 120.734855860000039, 0.661459130000026 ], [ 120.733823270000016, 0.661804910000058 ], [ 120.733766513000091, 0.661833431000048 ], [ 120.732859450000092, 0.662289230000056 ], [ 120.731551430000081, 0.662911890000032 ], [ 120.729555190000042, 0.663395730000047 ], [ 120.728591530000017, 0.663533790000031 ], [ 120.727490270000089, 0.663533280000024 ], [ 120.727480700000115, 0.663530060000028 ], [ 120.726458010000101, 0.663186540000027 ], [ 120.726454750000016, 0.663186540000027 ], [ 120.724874960000079, 0.663185810000073 ], [ 120.723980531000052, 0.66323275600007 ], [ 120.723567200000048, 0.663254450000068 ], [ 120.722741040000074, 0.663738830000057 ], [ 120.72122644, 0.664569140000026 ], [ 120.719780860000014, 0.664983970000037 ], [ 120.717027460000054, 0.665605950000042 ], [ 120.7169364, 0.665639660000068 ], [ 120.716160620000096, 0.665926820000038 ], [ 120.713506510000116, 0.666498060000038 ], [ 120.712992356000086, 0.666648762000023 ], [ 120.712892675000035, 0.666677979000042 ], [ 120.712858346000075, 0.666688041000043 ], [ 120.712685748000013, 0.666738630000054 ], [ 120.706520425, 0.66860469300002 ], [ 120.706491336000113, 0.668554248000021 ], [ 120.705513040000028, 0.666857709000055 ], [ 120.705197902, 0.666311204000067 ], [ 120.705221916000028, 0.66621248000007 ], [ 120.705464670000083, 0.665115790000073 ], [ 120.706057860000101, 0.663974540000027 ], [ 120.706058348000056, 0.66291041300002 ], [ 120.706034942000088, 0.662360377000027 ], [ 120.705997911000054, 0.662315116000059 ], [ 120.705637680000109, 0.66191936000007 ], [ 120.705579400000033, 0.661855330000037 ], [ 120.705554260000099, 0.661827710000068 ], [ 120.70553550000011, 0.661807100000033 ], [ 120.705484460000093, 0.661751020000054 ], [ 120.705367365000029, 0.66162238000004 ], [ 120.699238181000055, 0.66148985600006 ], [ 120.69696143300007, 0.661389412000062 ], [ 120.696846873000027, 0.661239847000047 ], [ 120.695739630000048, 0.659845240000038 ], [ 120.69447523000008, 0.658252680000032 ], [ 120.69345098000008, 0.657693560000041 ], [ 120.691368330000046, 0.656556680000051 ], [ 120.690350583000054, 0.656001110000034 ], [ 120.689562003000106, 0.655580357000019 ], [ 120.689411304000032, 0.655390217000047 ], [ 120.689106021000043, 0.655005036000034 ], [ 120.685276361000092, 0.650173081000048 ], [ 120.684757507000086, 0.649946192000073 ], [ 120.682177056000114, 0.648817792000045 ], [ 120.678357577000043, 0.647147579000034 ], [ 120.676416974000063, 0.646298976000026 ], [ 120.675399294000044, 0.645853957000043 ], [ 120.674378106000063, 0.645117363000054 ], [ 120.674344767000093, 0.645060490000049 ], [ 120.674337580000042, 0.64505470000006 ], [ 120.674261219000073, 0.644917968000073 ], [ 120.673808919000066, 0.644146397000043 ], [ 120.673239354000088, 0.643406962000029 ], [ 120.672820640000054, 0.642935680000051 ], [ 120.672723541000096, 0.642826389000049 ], [ 120.672549220000064, 0.642630180000026 ], [ 120.670623080000041, 0.640482580000025 ], [ 120.669012160000079, 0.638496070000031 ], [ 120.668011390000061, 0.636479930000064 ], [ 120.666648206000104, 0.634750404000044 ], [ 120.66590726600009, 0.633825699000056 ], [ 120.666021246000014, 0.632324962000041 ], [ 120.66607233000002, 0.631609510000033 ], [ 120.666337920000046, 0.627890010000044 ], [ 120.666338470000028, 0.627882300000067 ], [ 120.661738884000101, 0.624020217000066 ], [ 120.66128680700001, 0.623643113000071 ], [ 120.661286672000074, 0.623640513000055 ], [ 120.661284870000031, 0.623639 ], [ 120.66115719000004, 0.621176110000022 ], [ 120.661011080000094, 0.618357910000043 ], [ 120.66094479000003, 0.617079100000069 ], [ 120.660867222000093, 0.615582821000032 ], [ 120.660867120000034, 0.615580860000023 ], [ 120.659867053000085, 0.615957885000057 ], [ 120.656512260000113, 0.617222640000023 ], [ 120.656487853000044, 0.61722508500003 ], [ 120.656448719000082, 0.617239760000075 ], [ 120.655243382000094, 0.617172797000023 ], [ 120.654720904000101, 0.616981467000073 ], [ 120.65463740000007, 0.616953420000073 ], [ 120.654446900000039, 0.616908231000025 ], [ 120.653467510000041, 0.616675910000026 ], [ 120.653467360000036, 0.616675910000026 ], [ 120.652435150000088, 0.616675450000059 ], [ 120.651821282000014, 0.616757527000061 ], [ 120.651402730000086, 0.616813490000027 ], [ 120.650232660000029, 0.61695147000006 ], [ 120.649544480000031, 0.616812660000051 ], [ 120.649543870000116, 0.616812220000043 ], [ 120.649543740000013, 0.61681212000002 ], [ 120.649538523000047, 0.61680829900007 ], [ 120.648821987000019, 0.616283484000064 ], [ 120.648030850000055, 0.615704030000074 ], [ 120.645932050000056, 0.614457490000063 ], [ 120.645931301000019, 0.614456433000043 ], [ 120.645910391000029, 0.614444048000053 ], [ 120.645692946000054, 0.614120194000066 ], [ 120.645516982000117, 0.613858120000032 ], [ 120.645515334000038, 0.613855809000029 ], [ 120.644018681000034, 0.611757151000063 ], [ 120.644017953000116, 0.611757332000025 ], [ 120.644017370000029, 0.611756510000021 ], [ 120.643629753000027, 0.611853879000023 ], [ 120.643344160000083, 0.611925620000022 ], [ 120.642407240000011, 0.612160980000056 ], [ 120.642403976000082, 0.612158736000026 ], [ 120.642391434000047, 0.612150110000073 ], [ 120.642179820000024, 0.612004570000067 ], [ 120.641035616000067, 0.610686999000052 ], [ 120.640888153000105, 0.610518332000026 ], [ 120.639398223000057, 0.608371326000054 ], [ 120.636870363000071, 0.605835096000021 ], [ 120.636869266000076, 0.605824121000069 ], [ 120.636865620000094, 0.605820450000067 ], [ 120.636865300000068, 0.605817290000061 ], [ 120.636726420000059, 0.604460800000027 ], [ 120.636696990000019, 0.604173280000055 ], [ 120.636979025000073, 0.602851125000029 ], [ 120.637506513000062, 0.600348302000043 ], [ 120.637591157000088, 0.600068976000045 ], [ 120.63774267000008, 0.599548950000042 ], [ 120.637831980000101, 0.599242420000053 ], [ 120.637796121000065, 0.598587892000069 ], [ 120.637763690000043, 0.597995940000033 ], [ 120.637691495000013, 0.59794400800007 ], [ 120.637274235000064, 0.597631062000062 ], [ 120.637122312000088, 0.597580420000043 ], [ 120.637121422000064, 0.597582725000052 ], [ 120.636763275000021, 0.597448648000068 ], [ 120.636757236000108, 0.597424218000072 ], [ 120.636753207000083, 0.597453193000035 ], [ 120.635974650000094, 0.597164210000074 ], [ 120.634717752000029, 0.596631091000063 ], [ 120.63466725, 0.596609670000021 ], [ 120.634556530000054, 0.59657248000002 ], [ 120.633071220000033, 0.595212 ], [ 120.632180750000089, 0.594641010000032 ], [ 120.632124446000034, 0.594604906000029 ], [ 120.630752820000112, 0.593725380000024 ], [ 120.629603650000035, 0.592988510000055 ], [ 120.629438380000011, 0.592729590000033 ], [ 120.628406720000044, 0.591136480000046 ], [ 120.627581150000083, 0.590274310000041 ], [ 120.627524680000079, 0.590215340000043 ], [ 120.626344410000115, 0.587598430000071 ], [ 120.626334030000066, 0.587575420000064 ], [ 120.626249896000104, 0.587564801000042 ], [ 120.626245930000096, 0.587564300000054 ], [ 120.625557630000117, 0.58747739000006 ], [ 120.623963250000088, 0.58727607000003 ], [ 120.623472980000088, 0.58721416000003 ], [ 120.622964010000032, 0.587149890000035 ], [ 120.620090099000095, 0.587148654000032 ], [ 120.620081440000035, 0.587148650000074 ], [ 120.618751280000083, 0.58714808000002 ], [ 120.618677370000114, 0.58721416000003 ], [ 120.617356940000036, 0.588394700000038 ], [ 120.617317600000092, 0.588410520000025 ], [ 120.616924, 0.588568740000028 ], [ 120.615340740000079, 0.589399 ], [ 120.61465188000011, 0.590922110000065 ], [ 120.614513850000094, 0.591822250000064 ], [ 120.614513400000078, 0.592860930000029 ], [ 120.615115040000092, 0.594558200000051 ], [ 120.615200790000017, 0.594800120000059 ], [ 120.615214780000088, 0.594998360000034 ], [ 120.614699850000079, 0.598358080000025 ], [ 120.614599700000099, 0.598509080000042 ], [ 120.614442050000093, 0.598746790000064 ], [ 120.614026090000038, 0.59945435000003 ], [ 120.613888860000088, 0.599687780000068 ], [ 120.611162560000025, 0.600715620000074 ], [ 120.607626740000114, 0.601109530000031 ], [ 120.60755886000004, 0.601098120000074 ], [ 120.60755882, 0.601098120000074 ], [ 120.607262670000068, 0.601070900000025 ], [ 120.60524333, 0.599818690000063 ], [ 120.605072140000061, 0.599712540000041 ], [ 120.603837770000041, 0.598947100000032 ], [ 120.603774310000063, 0.598838450000073 ], [ 120.602261720000115, 0.596248610000032 ], [ 120.601160880000066, 0.595555680000075 ], [ 120.601150390000043, 0.595553920000043 ], [ 120.600525635000054, 0.595448870000041 ], [ 120.600335090000044, 0.595416830000033 ], [ 120.598751990000096, 0.595900850000021 ], [ 120.598497100000031, 0.596050300000059 ], [ 120.59823352, 0.596204850000049 ], [ 120.598114950000081, 0.596155060000058 ], [ 120.59684161000007, 0.595620300000064 ], [ 120.596412070000042, 0.596027180000021 ], [ 120.595564156000023, 0.597127573000023 ], [ 120.590521019000107, 0.603672384000049 ], [ 120.59038522000003, 0.603848620000065 ], [ 120.589709980000066, 0.604313020000063 ], [ 120.589692350000064, 0.604325150000022 ], [ 120.587207090000106, 0.604590180000059 ], [ 120.586000640000066, 0.604718840000032 ], [ 120.583881690000112, 0.604944800000055 ], [ 120.583663939000076, 0.604918929000064 ], [ 120.583469860000037, 0.604895870000064 ], [ 120.58215193, 0.605129260000069 ], [ 120.580790840000077, 0.60527441000005 ], [ 120.580402260000028, 0.605315850000068 ], [ 120.580365270000016, 0.605347800000061 ], [ 120.577012980000063, 0.608243350000066 ], [ 120.57603395000001, 0.609089 ], [ 120.575863170000048, 0.609123280000063 ], [ 120.57486538, 0.609323600000039 ], [ 120.574653510000076, 0.609323500000073 ], [ 120.573168870000018, 0.608990670000026 ], [ 120.571029120000048, 0.608510980000062 ], [ 120.571022054000082, 0.608509396000045 ], [ 120.570273170000064, 0.608341510000059 ], [ 120.568410370000038, 0.607047660000035 ], [ 120.568047070000034, 0.606906880000054 ], [ 120.56662137, 0.606354410000051 ], [ 120.564875490000077, 0.605874480000068 ], [ 120.56435061000002, 0.605730200000039 ], [ 120.564345900000035, 0.605729450000069 ], [ 120.563345790000085, 0.605570100000023 ], [ 120.563043130000096, 0.605521880000026 ], [ 120.563042920000044, 0.605521590000023 ], [ 120.563042440000117, 0.605520940000019 ], [ 120.562424130000068, 0.604690680000033 ], [ 120.562011650000045, 0.603721090000022 ], [ 120.560899020000079, 0.602476100000047 ], [ 120.560172750000106, 0.601172980000058 ], [ 120.560044080000011, 0.600942110000062 ], [ 120.557979120000027, 0.597237030000031 ], [ 120.557874010000091, 0.59696875000003 ], [ 120.557186172000115, 0.595213210000054 ], [ 120.556991850000031, 0.594717250000031 ], [ 120.556981160000078, 0.594717250000031 ], [ 120.556234840000116, 0.594716920000053 ], [ 120.554651850000027, 0.595062420000033 ], [ 120.553378660000021, 0.595275340000057 ], [ 120.547947630000067, 0.595272910000062 ], [ 120.547425840000074, 0.595197670000061 ], [ 120.547287370000049, 0.59527262000006 ], [ 120.547258230000011, 0.595272600000044 ], [ 120.547228800000084, 0.595304320000025 ], [ 120.546530990000065, 0.595681970000044 ], [ 120.545736560000023, 0.596487340000067 ], [ 120.545646734000115, 0.596578402000034 ], [ 120.545632650000016, 0.596592680000072 ], [ 120.545593250000024, 0.596723300000065 ], [ 120.545439700000088, 0.597232290000022 ], [ 120.545173320000117, 0.597519360000035 ], [ 120.545122310000011, 0.598284450000051 ], [ 120.544946760000016, 0.59886640000002 ], [ 120.544739130000039, 0.601497510000058 ], [ 120.543912530000057, 0.603228190000038 ], [ 120.543457430000103, 0.604309150000063 ], [ 120.543224480000049, 0.604686580000021 ], [ 120.542266340000083, 0.606239010000024 ], [ 120.542192340000042, 0.606358900000032 ], [ 120.541790420000098, 0.608980860000031 ], [ 120.541776540000114, 0.609043550000024 ], [ 120.541086980000046, 0.612089880000042 ], [ 120.541086300000075, 0.61356918000007 ], [ 120.541086300000075, 0.613574240000048 ], [ 120.540997990000051, 0.614150320000022 ], [ 120.543376720000083, 0.620444940000027 ], [ 120.543249530000026, 0.62107560000004 ], [ 120.543166070000098, 0.621489460000021 ], [ 120.542231110000102, 0.623838090000049 ], [ 120.541679650000106, 0.625776610000059 ], [ 120.541265480000106, 0.628476850000027 ], [ 120.540919730000041, 0.632008030000065 ], [ 120.540664460000016, 0.632591010000056 ], [ 120.540650710000023, 0.632622420000075 ], [ 120.54019109, 0.633084670000073 ], [ 120.538164450000068, 0.635122900000056 ], [ 120.537434320000102, 0.635326580000026 ], [ 120.527591420000022, 0.636171120000029 ], [ 120.527591170000051, 0.636171140000044 ], [ 120.522531630000117, 0.633321670000043 ], [ 120.52235364, 0.633415420000063 ], [ 120.522200610000027, 0.633314640000037 ], [ 120.522196930000064, 0.633317040000065 ], [ 120.521030350000046, 0.634075730000063 ], [ 120.520709410000109, 0.634281420000036 ], [ 120.517571666000094, 0.635934045000056 ], [ 120.517434860000094, 0.636006100000031 ], [ 120.516602510000098, 0.636444490000031 ], [ 120.51597942, 0.636483370000064 ], [ 120.515830620000088, 0.636458340000047 ], [ 120.51581259000011, 0.636455310000031 ], [ 120.514631020000024, 0.636049750000041 ], [ 120.51386535000006, 0.63578694000006 ], [ 120.513013360000059, 0.635357810000073 ], [ 120.513002760000063, 0.635352470000043 ], [ 120.511051, 0.634320280000054 ], [ 120.5110457400001, 0.63432081000002 ], [ 120.510074820000114, 0.634418020000055 ], [ 120.509909250000078, 0.634429050000051 ], [ 120.509283680000067, 0.63421433000002 ], [ 120.508940250000023, 0.634386980000045 ], [ 120.508782070000052, 0.63446650000003 ], [ 120.508777040000041, 0.63446650000003 ], [ 120.508024930000033, 0.634466130000021 ], [ 120.507439170000112, 0.634662280000043 ], [ 120.507434950000061, 0.634664820000069 ], [ 120.50695096000004, 0.634956680000073 ], [ 120.506267390000062, 0.635545620000073 ], [ 120.50626732, 0.635545660000048 ], [ 120.505767120000087, 0.635796990000074 ], [ 120.503180500000099, 0.635110410000038 ], [ 120.503147960000092, 0.635117610000066 ], [ 120.502722120000044, 0.635211850000076 ], [ 120.502699902000018, 0.635216767000031 ], [ 120.498713810000027, 0.63609888000002 ], [ 120.498625890000085, 0.636110010000039 ], [ 120.498109860000113, 0.636175300000048 ], [ 120.49698043, 0.636282950000066 ], [ 120.495958610000116, 0.636282450000067 ], [ 120.495474540000032, 0.636390410000047 ], [ 120.495165340000085, 0.636563010000032 ], [ 120.495032410000022, 0.636637220000068 ], [ 120.49450623000007, 0.636930950000021 ], [ 120.494419680000078, 0.637577750000048 ], [ 120.493214300000091, 0.639418980000073 ], [ 120.493106350000062, 0.640230440000039 ], [ 120.492713820000063, 0.641588070000068 ], [ 120.492699450000032, 0.641593660000069 ], [ 120.488849640000012, 0.643090810000047 ], [ 120.484402770000088, 0.644573100000059 ], [ 120.482031110000094, 0.643387270000062 ], [ 120.481896672000062, 0.643387270000062 ], [ 120.481844430000024, 0.643387270000062 ], [ 120.476991320000025, 0.643387270000062 ], [ 120.474323190000064, 0.643683730000021 ], [ 120.471655070000111, 0.644276640000044 ], [ 120.467208200000073, 0.643387270000062 ], [ 120.466339150000067, 0.642952740000055 ], [ 120.465429450000101, 0.642497890000072 ], [ 120.463057790000107, 0.641904980000049 ], [ 120.461658329000102, 0.641797329000042 ], [ 120.459203830000092, 0.641608520000034 ], [ 120.45772154000008, 0.641904980000049 ], [ 120.456239250000067, 0.642497890000072 ], [ 120.455912240000089, 0.642548200000022 ], [ 120.455754820000038, 0.642572420000022 ], [ 120.455097730000034, 0.642667840000058 ], [ 120.453833220000092, 0.642808340000045 ], [ 120.453248200000075, 0.642818790000035 ], [ 120.452849700000115, 0.642825900000048 ], [ 120.45195401, 0.642843470000059 ], [ 120.451902800000084, 0.642844400000058 ], [ 120.4509880600001, 0.642861030000063 ], [ 120.450714070000117, 0.64286726000006 ], [ 120.450215300000082, 0.642878590000066 ], [ 120.449758670000051, 0.642878590000066 ], [ 120.449495220000017, 0.642878590000066 ], [ 120.449317350000115, 0.642867470000056 ], [ 120.449214220000044, 0.642861030000063 ], [ 120.449036980000074, 0.642846260000056 ], [ 120.449028995000049, 0.64284559500004 ], [ 120.449003470000093, 0.642843470000059 ], [ 120.448914983, 0.642830825000033 ], [ 120.448900600000115, 0.642828770000051 ], [ 120.446334120000074, 0.647277330000065 ], [ 120.445488970000042, 0.648685920000048 ], [ 120.443540290000101, 0.651933710000037 ], [ 120.442193450000104, 0.654477740000061 ], [ 120.441598498000076, 0.655601538000042 ], [ 120.441481434000025, 0.655805870000052 ], [ 120.441465740000012, 0.655852304000064 ], [ 120.441444920000094, 0.655891630000042 ], [ 120.440906615000017, 0.657506556000044 ], [ 120.440528289000099, 0.658625889000064 ], [ 120.440524390000064, 0.658653240000035 ], [ 120.440052833000095, 0.66196100600007 ], [ 120.439062449000062, 0.664058493000027 ], [ 120.439064847000054, 0.664089212000022 ], [ 120.439048615000047, 0.664087792000032 ], [ 120.439048028000116, 0.66408774100006 ], [ 120.439041350000025, 0.664102050000054 ], [ 120.43875963000005, 0.664066830000024 ], [ 120.438496720000103, 0.663766560000056 ], [ 120.438483260000112, 0.663766860000067 ], [ 120.432757768000101, 0.663891945000046 ], [ 120.430416498000113, 0.663947169000039 ], [ 120.429102226000055, 0.66363125700002 ], [ 120.427876690000062, 0.663341840000044 ], [ 120.427850490000083, 0.663330377000023 ], [ 120.427828884000064, 0.66332518400003 ], [ 120.427435629000115, 0.663148876000037 ], [ 120.425843500000042, 0.662452320000057 ], [ 120.423253510000109, 0.661981410000067 ], [ 120.422950920000062, 0.661926395000023 ], [ 120.422193140000104, 0.661788620000038 ], [ 120.422185443000103, 0.661789804000023 ], [ 120.422093063000034, 0.66180401500003 ], [ 120.421960926000111, 0.661824343000035 ], [ 120.421955030000049, 0.661825250000049 ], [ 120.421934180000108, 0.661828460000038 ], [ 120.421926447000033, 0.661776185000065 ], [ 120.421925510000051, 0.661769850000042 ], [ 120.421922099000085, 0.661770112000056 ], [ 120.420053032000055, 0.661913863000052 ], [ 120.41935675000002, 0.661976443000071 ], [ 120.417711736000115, 0.661623031000033 ], [ 120.417692608000038, 0.661618922000059 ], [ 120.417597040000032, 0.661650340000051 ], [ 120.417387123000026, 0.661719352000034 ], [ 120.417097657000113, 0.661647076000065 ], [ 120.416516055000102, 0.661501858000065 ], [ 120.41431633600007, 0.662204227000075 ], [ 120.413816400000087, 0.662357110000073 ], [ 120.413720850000118, 0.662444040000025 ], [ 120.413521557000081, 0.662440797000045 ], [ 120.413336934000085, 0.662437792000048 ], [ 120.413264208000101, 0.662658466000039 ], [ 120.413246229000038, 0.662666823000052 ], [ 120.412976417000095, 0.662792246000038 ], [ 120.412778201000037, 0.662884388000066 ], [ 120.412543183000025, 0.663045745000034 ], [ 120.412011600000028, 0.663410716000044 ], [ 120.411466184, 0.664154195000037 ], [ 120.411425119000114, 0.664235645000076 ], [ 120.41033772600008, 0.666392424000037 ], [ 120.410027210000067, 0.66704752000004 ], [ 120.409967420000044, 0.667267600000059 ], [ 120.409948880000115, 0.667335844000036 ], [ 120.409907883000074, 0.667486752000059 ], [ 120.409802436000064, 0.667667920000042 ], [ 120.408995789000073, 0.668250973000056 ], [ 120.408289700000068, 0.668742510000072 ], [ 120.404304721000017, 0.668840680000073 ], [ 120.404034125000067, 0.668847346000064 ], [ 120.404031116000056, 0.668850174000056 ], [ 120.404011070000024, 0.668847914000025 ], [ 120.404002007000031, 0.668848137000055 ], [ 120.403893845000084, 0.668850801000076 ], [ 120.403588930000069, 0.668858310000076 ], [ 120.40245511, 0.669472120000023 ], [ 120.402354040000091, 0.669503340000063 ], [ 120.401749920000043, 0.669689980000044 ], [ 120.401715830000057, 0.669700520000049 ], [ 120.401579690000062, 0.669706400000052 ], [ 120.401409890000082, 0.669706310000038 ], [ 120.400379050000083, 0.669705760000056 ], [ 120.398685090000072, 0.669704860000024 ], [ 120.397179350000101, 0.669704050000064 ], [ 120.396332470000061, 0.669514260000028 ], [ 120.3953913900001, 0.669513750000021 ], [ 120.394356050000056, 0.66979721000007 ], [ 120.393320860000017, 0.669796660000031 ], [ 120.392379830000095, 0.669701480000072 ], [ 120.391815080000015, 0.669890520000024 ], [ 120.390873900000088, 0.670079350000037 ], [ 120.389744600000085, 0.670078740000065 ], [ 120.389179750000039, 0.670457120000037 ], [ 120.388651350000032, 0.670456840000043 ], [ 120.387674030000085, 0.67045631000002 ], [ 120.386949310000091, 0.670536920000075 ], [ 120.386906090000025, 0.670541730000025 ], [ 120.386827, 0.670550530000071 ], [ 120.386737570000037, 0.670543560000056 ], [ 120.386695050000071, 0.670540240000037 ], [ 120.384994700000107, 0.670562460000042 ], [ 120.381983600000012, 0.670601800000043 ], [ 120.380992190000029, 0.670831390000046 ], [ 120.380114740000067, 0.671007440000039 ], [ 120.377816500000108, 0.673028670000065 ], [ 120.37781809, 0.673034600000051 ], [ 120.377808600000094, 0.67304297000004 ], [ 120.376906, 0.673666930000024 ], [ 120.375912180000114, 0.67435394000006 ], [ 120.374802780000095, 0.674787560000027 ], [ 120.374778990000095, 0.674804110000025 ], [ 120.374651490000019, 0.674846790000061 ], [ 120.374649820000059, 0.67484735000005 ], [ 120.37355041, 0.675277050000034 ], [ 120.373236190000057, 0.675320510000063 ], [ 120.373214770000118, 0.675327680000066 ], [ 120.373084760000097, 0.675371200000029 ], [ 120.371014260000038, 0.675654070000064 ], [ 120.36884955000005, 0.676126240000031 ], [ 120.36875246000011, 0.67614449000007 ], [ 120.367405240000039, 0.67639784000005 ], [ 120.367347830000085, 0.676408640000034 ], [ 120.367343700000106, 0.676409420000027 ], [ 120.365931950000117, 0.676692650000064 ], [ 120.364238470000032, 0.676862070000027 ], [ 120.364110450000112, 0.676874880000071 ], [ 120.364049720000025, 0.676880950000054 ], [ 120.364030660000026, 0.676880940000046 ], [ 120.362661390000085, 0.677119890000029 ], [ 120.360843270000032, 0.677254460000029 ], [ 120.360833660000026, 0.677257140000052 ], [ 120.359814590000042, 0.67754130000003 ], [ 120.358402850000061, 0.677824530000066 ], [ 120.356755420000013, 0.677997410000046 ], [ 120.356523630000083, 0.677983570000038 ], [ 120.355708270000036, 0.678172510000024 ], [ 120.354562400000077, 0.677864230000068 ], [ 120.353650040000048, 0.677806370000042 ], [ 120.353642580000042, 0.67780386000004 ], [ 120.352238720000059, 0.677332260000071 ], [ 120.352023520000103, 0.677187770000046 ], [ 120.352007170000093, 0.677176790000033 ], [ 120.351749770000083, 0.677003960000036 ], [ 120.35172139000008, 0.676984910000044 ], [ 120.351392080000096, 0.676763790000052 ], [ 120.351016270000059, 0.675627590000033 ], [ 120.350546720000011, 0.673828670000034 ], [ 120.349800160000086, 0.672951510000075 ], [ 120.347825550000039, 0.671267690000036 ], [ 120.347750750000046, 0.671203907000063 ], [ 120.347741700000029, 0.671196190000046 ], [ 120.344342770000026, 0.668297800000062 ], [ 120.344301040000119, 0.668262220000031 ], [ 120.343859320000092, 0.668295330000035 ], [ 120.34229095, 0.668412880000062 ], [ 120.34031906000007, 0.668560680000041 ], [ 120.339994880000063, 0.66858497000004 ], [ 120.339196700000116, 0.668644800000038 ], [ 120.339280220000092, 0.668318250000027 ], [ 120.33761555000001, 0.668010720000041 ], [ 120.337134770000034, 0.667956720000063 ], [ 120.337092950000056, 0.66795202000003 ], [ 120.335259300000075, 0.668056420000028 ], [ 120.334314910000103, 0.66818003000003 ], [ 120.332566170000064, 0.668309450000038 ], [ 120.331566350000116, 0.668138330000033 ], [ 120.331446620000065, 0.668138260000035 ], [ 120.331194160000109, 0.668074620000027 ], [ 120.329813870000066, 0.667838380000035 ], [ 120.328804440000113, 0.667161030000045 ], [ 120.328686020000077, 0.66708157000005 ], [ 120.327652570000055, 0.666635350000035 ], [ 120.32674248, 0.666242390000036 ], [ 120.326202070000022, 0.665892500000041 ], [ 120.324123720000102, 0.664846560000058 ], [ 120.321931960000029, 0.664111260000027 ], [ 120.321756200000095, 0.664062390000026 ], [ 120.321715360000098, 0.664037070000063 ], [ 120.321389060000115, 0.663834830000042 ], [ 120.321379310000111, 0.663829480000061 ], [ 120.320896490000109, 0.663564410000049 ], [ 120.318750430000023, 0.662149180000029 ], [ 120.318351300000018, 0.661903520000067 ], [ 120.318186380000043, 0.661802 ], [ 120.314817170000083, 0.659918020000021 ], [ 120.314668600000118, 0.659865180000054 ], [ 120.31458706, 0.65983618000007 ], [ 120.314335330000063, 0.659746650000045 ], [ 120.314232030000085, 0.659709910000061 ], [ 120.31258356, 0.659182110000074 ], [ 120.311219600000072, 0.658755470000074 ], [ 120.311159750000115, 0.65872623000007 ], [ 120.31099896, 0.658674750000046 ], [ 120.309655750000047, 0.65799166000005 ], [ 120.308115060000091, 0.657239170000025 ], [ 120.307937, 0.657117590000041 ], [ 120.307756740000059, 0.657025920000024 ], [ 120.302616400000034, 0.653552510000054 ], [ 120.300718160000088, 0.651933830000075 ], [ 120.300710870000103, 0.651888390000067 ], [ 120.300706040000023, 0.65185826000004 ], [ 120.30068395, 0.651839360000054 ], [ 120.300615040000025, 0.651291030000039 ], [ 120.300527366000097, 0.650744513000063 ], [ 120.300510850000023, 0.650641560000054 ], [ 120.299795060000065, 0.646179540000048 ], [ 120.299699530000112, 0.645729900000049 ], [ 120.299699610000062, 0.645584510000049 ] ] ], [ [ [ 120.238604561000102, 0.974331394000046 ], [ 120.238302517000079, 0.974057317000074 ], [ 120.237927759000058, 0.97382798700005 ], [ 120.237653682000087, 0.973576284000046 ], [ 120.237544760000105, 0.973475332000021 ], [ 120.237424352000062, 0.973363734000031 ], [ 120.237391259000105, 0.973273911000035 ], [ 120.237346044000105, 0.973151185000063 ], [ 120.237323671000013, 0.972921855000038 ], [ 120.237357231000033, 0.972670152000035 ], [ 120.236909758000024, 0.971801775000074 ], [ 120.236792297000079, 0.971382270000049 ], [ 120.236613308000074, 0.971074632000068 ], [ 120.23639516500009, 0.970940390000067 ], [ 120.236126681000087, 0.970822929000065 ], [ 120.23612529400009, 0.970821079000075 ], [ 120.235975659000019, 0.970621566000034 ], [ 120.235947692000082, 0.97057681900003 ], [ 120.235961711000073, 0.970502721000059 ], [ 120.235826872000075, 0.970298768000021 ], [ 120.235751923000066, 0.970039851000024 ], [ 120.235751923000066, 0.969614752000041 ], [ 120.235729549000098, 0.969323895000059 ], [ 120.235717790000081, 0.969276859000047 ], [ 120.235695989000078, 0.969189653000058 ], [ 120.23577272700004, 0.969123878000062 ], [ 120.235774296000045, 0.969122532000029 ], [ 120.235830231000023, 0.968999477000068 ], [ 120.235831915000063, 0.968959060000032 ], [ 120.235841417000074, 0.968730994000055 ], [ 120.235751923000066, 0.968462510000052 ], [ 120.23556174700002, 0.968149279000045 ], [ 120.235433835000094, 0.968057914000042 ], [ 120.235405131000107, 0.968037411000068 ], [ 120.23524851600007, 0.967757741000071 ], [ 120.234890538000059, 0.96774655400003 ], [ 120.234644614000104, 0.967924637000067 ], [ 120.234566120000068, 0.967981477000023 ], [ 120.234185768000089, 0.968216400000074 ], [ 120.233917285000075, 0.96832826800005 ], [ 120.23367117500004, 0.968339455000034 ], [ 120.233380318000059, 0.968283521000046 ], [ 120.233111834000056, 0.96813809300005 ], [ 120.23300099700009, 0.967971836000061 ], [ 120.232918300000051, 0.96798128000006 ], [ 120.232887025000082, 0.967984852000029 ], [ 120.232748262000086, 0.967883592000021 ], [ 120.232608427000059, 0.967682230000037 ], [ 120.232429438000054, 0.967441713000028 ], [ 120.232205702000101, 0.967419340000049 ], [ 120.231892471000037, 0.967542395000066 ], [ 120.231780603000061, 0.967648669000027 ], [ 120.231651954000085, 0.967905966000046 ], [ 120.231542936000096, 0.968342039000049 ], [ 120.231534493000026, 0.968375812000033 ], [ 120.231478559000038, 0.96870582400004 ], [ 120.231506526000089, 0.968823285000042 ], [ 120.231651954000085, 0.969007868000062 ], [ 120.231713482000032, 0.969147703000033 ], [ 120.231892471000037, 0.969825904000061 ], [ 120.231937218000098, 0.970060827000054 ], [ 120.231920438000088, 0.97022303600005 ], [ 120.23175263600001, 0.970906830000047 ], [ 120.231791790000102, 0.971309555000062 ], [ 120.23175263600001, 0.97155007200007 ], [ 120.231545680000067, 0.972647778000066 ], [ 120.231551273000036, 0.972983383000042 ], [ 120.231534493000026, 0.973201526000025 ], [ 120.231596020000097, 0.973907693000058 ], [ 120.231596020000097, 0.973983901000054 ], [ 120.231596020000097, 0.974092276000022 ], [ 120.231663141000013, 0.974170584000035 ], [ 120.231858910000028, 0.974192957000071 ], [ 120.232032306000065, 0.974220924000065 ], [ 120.232071152000117, 0.974196932000041 ], [ 120.232222482000111, 0.974103463000063 ], [ 120.232351130000097, 0.974064309000028 ], [ 120.232474185000115, 0.974092276000022 ], [ 120.232798603000106, 0.974260078000043 ], [ 120.233100647000015, 0.974517375000062 ], [ 120.233198627000093, 0.974702449000063 ], [ 120.233309300000087, 0.974752070000022 ], [ 120.233729689000029, 0.975325568000073 ], [ 120.233797027000037, 0.97534240300007 ], [ 120.23409907100006, 0.975582919000033 ], [ 120.234317214000043, 0.97591293000005 ], [ 120.234434675000102, 0.976114293000023 ], [ 120.234686378000106, 0.976449898000055 ], [ 120.234754971000029, 0.976724268000055 ], [ 120.234770280000021, 0.976785502000041 ], [ 120.234770280000021, 0.976886184000023 ], [ 120.234842994000019, 0.977465101000064 ], [ 120.234977236000077, 0.977481882000063 ], [ 120.235083510000095, 0.977476288000048 ], [ 120.235222122000096, 0.977461303000041 ], [ 120.235290467000027, 0.977453914000023 ], [ 120.235525390000021, 0.977677651000022 ], [ 120.235665225000048, 0.977811893000023 ], [ 120.235844214000053, 0.978024442000049 ], [ 120.23597286200004, 0.978197838000028 ], [ 120.236084731, 0.978611750000027 ], [ 120.236093854000046, 0.978677894000043 ], [ 120.236107104000098, 0.978773959000023 ], [ 120.236302874000103, 0.978852267000036 ], [ 120.236417756000037, 0.978781149000042 ], [ 120.236537797000096, 0.978706838000051 ], [ 120.236750346, 0.978628530000037 ], [ 120.237239769000098, 0.978803324000069 ], [ 120.237832671000092, 0.979015874000027 ], [ 120.238447946000065, 0.979234017000067 ], [ 120.239029660000028, 0.979569621000053 ], [ 120.239286957000104, 0.979888446000075 ], [ 120.23971205600003, 0.980179303000057 ], [ 120.240243430000078, 0.980554061000021 ], [ 120.240436806000048, 0.980846309000071 ], [ 120.241110408000054, 0.981864317000031 ], [ 120.241356518000089, 0.982654386000036 ], [ 120.241412452000077, 0.983970235000072 ], [ 120.241278210000019, 0.984479236000027 ], [ 120.241244650000112, 0.985056755000073 ], [ 120.241580255000031, 0.985157436000065 ], [ 120.242229090000023, 0.985218964000069 ], [ 120.242547914000056, 0.985302865000051 ], [ 120.242877925000016, 0.985325239000076 ], [ 120.242939453000076, 0.985437107000052 ], [ 120.242964561, 0.985518011000067 ], [ 120.243300349000037, 0.985560545000055 ], [ 120.243372942000065, 0.985455285000057 ], [ 120.243602272000089, 0.985500033000051 ], [ 120.244111272000055, 0.985555967000039 ], [ 120.244558745000063, 0.985634274000063 ], [ 120.244665019000081, 0.985802077000073 ], [ 120.24474892, 0.98591394500005 ], [ 120.244871975000024, 0.98607056000003 ], [ 120.244875246000106, 0.986073905000069 ], [ 120.245118085000058, 0.986322264000023 ], [ 120.245218767000097, 0.986344637000059 ], [ 120.24550403100011, 0.98644531900004 ], [ 120.245559965000098, 0.986624308000046 ], [ 120.245632679000096, 0.986752956000032 ], [ 120.245884382000099, 0.986892791000059 ], [ 120.246152866000102, 0.986836857000071 ], [ 120.247042218000047, 0.986618714000031 ], [ 120.247439350000036, 0.986579561000042 ], [ 120.247584779000022, 0.986506846000054 ], [ 120.247658543000057, 0.986488405000046 ], [ 120.247968290000017, 0.98653790000003 ], [ 120.248157412000069, 0.986385863000066 ], [ 120.248186070000088, 0.986299890000055 ], [ 120.248393026000031, 0.986076154000045 ], [ 120.248592224000049, 0.986036314000046 ], [ 120.248781657000109, 0.985884028000044 ], [ 120.248907620000068, 0.985830044000068 ], [ 120.249131356000021, 0.985667835000072 ], [ 120.249366279000014, 0.985516813000061 ], [ 120.249450180000053, 0.985500033000051 ], [ 120.249763411000117, 0.98533223000004 ], [ 120.249864093000042, 0.985337824000055 ], [ 120.249892060000093, 0.985449692000032 ], [ 120.250048675000016, 0.985600714000043 ], [ 120.250194104000116, 0.98550562600002 ], [ 120.250412247000099, 0.985281890000067 ], [ 120.250585642000033, 0.985102901000062 ], [ 120.250613609000084, 0.984907131000057 ], [ 120.250608016000115, 0.984716955000067 ], [ 120.250529708000045, 0.984498813000073 ], [ 120.25028359800001, 0.984431692000044 ], [ 120.250182917000075, 0.984303043000068 ], [ 120.249975961000018, 0.984107274000053 ], [ 120.249808158000064, 0.98399540600002 ], [ 120.249472554000022, 0.98402337300007 ], [ 120.249265598000079, 0.98402337300007 ], [ 120.24923203700007, 0.983911505000037 ], [ 120.24918729, 0.983643021000034 ], [ 120.249030675000085, 0.983491999000023 ], [ 120.248812532000102, 0.983324197000059 ], [ 120.247609949000093, 0.982627817000036 ], [ 120.247632323000062, 0.982174751000059 ], [ 120.247520454000096, 0.981889487000046 ], [ 120.24735824600009, 0.981660158000068 ], [ 120.247224004000032, 0.981464388000063 ], [ 120.24693314600006, 0.981268619000048 ], [ 120.246703817000025, 0.981134377000046 ], [ 120.2466031350001, 0.980938608000031 ], [ 120.246558388000039, 0.980619784000055 ], [ 120.246273124000027, 0.980558256000052 ], [ 120.246015827000065, 0.980552663000026 ], [ 120.24588158600011, 0.980765212000051 ], [ 120.245713783000042, 0.980882674000043 ], [ 120.24563170700003, 0.980882674000043 ], [ 120.245411260000083, 0.980635770000049 ], [ 120.244995564000078, 0.980170187000056 ], [ 120.244897146000085, 0.979530467000075 ], [ 120.244852399000024, 0.977069368000059 ], [ 120.244628662000082, 0.976756137000052 ], [ 120.244114069000034, 0.976979873000062 ], [ 120.243942391000019, 0.976991318000046 ], [ 120.243107255000041, 0.977046994000034 ], [ 120.241875152000034, 0.976983265000058 ], [ 120.241803723000089, 0.976949103000038 ], [ 120.241796865000083, 0.976913100000047 ], [ 120.241490760000033, 0.976807876000066 ], [ 120.241356518000089, 0.976761730000021 ], [ 120.24089226500007, 0.976560367000047 ], [ 120.240455979000103, 0.976213576000021 ], [ 120.240198683000017, 0.975766103000069 ], [ 120.240192963000027, 0.975668878000022 ], [ 120.23963652000009, 0.975239830000021 ], [ 120.239303653000093, 0.975063130000024 ], [ 120.239183479000076, 0.974904719000051 ], [ 120.238604561000102, 0.974331394000046 ] ] ], [ [ [ 120.347053260000052, 0.966316220000067 ], [ 120.347357710000097, 0.966347110000072 ], [ 120.347434110000108, 0.966354860000024 ], [ 120.347546290000082, 0.96636624000007 ], [ 120.348163000000113, 0.96589522000005 ], [ 120.348295180000036, 0.965654500000028 ], [ 120.348558010000033, 0.965175860000045 ], [ 120.348481090000064, 0.964994800000056 ], [ 120.348335740000039, 0.964655650000054 ], [ 120.348125600000117, 0.964683660000048 ], [ 120.347621500000059, 0.964753250000058 ], [ 120.347406790000036, 0.964743690000034 ], [ 120.347054490000119, 0.964727990000029 ], [ 120.346659550000027, 0.965348080000069 ], [ 120.346744630000103, 0.96567742000002 ], [ 120.346807030000036, 0.965918970000075 ], [ 120.346857140000111, 0.965999810000028 ], [ 120.347053260000052, 0.966316220000067 ] ] ], [ [ [ 120.358608340000046, 0.980887580000058 ], [ 120.358674320000091, 0.98088185000006 ], [ 120.358757, 0.980874680000056 ], [ 120.35879963900004, 0.98082968600005 ], [ 120.35880786000007, 0.980821010000057 ], [ 120.358886360000042, 0.980738170000052 ], [ 120.358996430000047, 0.980701340000053 ], [ 120.359157880000112, 0.980647310000052 ], [ 120.35918383, 0.980510720000041 ], [ 120.359170960000029, 0.980445650000036 ], [ 120.359138730000041, 0.98034154000004 ], [ 120.359094470000059, 0.980276330000038 ], [ 120.359054810000089, 0.980217870000047 ], [ 120.359022620000019, 0.980048700000054 ], [ 120.358900410000047, 0.979892300000074 ], [ 120.358854760000099, 0.979833890000066 ], [ 120.358563930000059, 0.979827150000062 ], [ 120.358408710000049, 0.979976650000026 ], [ 120.358392330000015, 0.980066908000026 ], [ 120.358382740000025, 0.980119750000028 ], [ 120.358356640000011, 0.980220160000044 ], [ 120.358343850000097, 0.980269350000071 ], [ 120.358194990000015, 0.980535950000046 ], [ 120.358227470000088, 0.980770360000065 ], [ 120.358408010000062, 0.980867900000021 ], [ 120.358608340000046, 0.980887580000058 ] ] ], [ [ [ 120.376321440000083, 0.997818560000042 ], [ 120.375840740000058, 0.997172329000023 ], [ 120.375693411000043, 0.997098664000021 ], [ 120.375401001000114, 0.996876649000058 ], [ 120.375089323000111, 0.996640005000074 ], [ 120.374664224000071, 0.99642745500006 ], [ 120.374149631000023, 0.996774247000076 ], [ 120.37395945500009, 0.997009170000069 ], [ 120.373612663000017, 0.997367148000023 ], [ 120.373500795000041, 0.997568511000054 ], [ 120.373355367000045, 0.997736313000075 ], [ 120.373162546000117, 0.998063037000065 ], [ 120.372952641000097, 0.99841870900002 ], [ 120.372807213000101, 0.998765500000047 ], [ 120.372762465000051, 0.998955676000037 ], [ 120.372639410000033, 0.999291281000069 ], [ 120.372639410000033, 0.999559764000026 ], [ 120.372728905000031, 0.999694006000027 ], [ 120.372896707000109, 0.999705193000068 ], [ 120.373243498000079, 0.999727567000036 ], [ 120.373668597, 0.999593325000035 ], [ 120.374026576, 0.999336028000073 ], [ 120.374048949000098, 0.999336028000073 ], [ 120.374172004000116, 0.999347215000057 ], [ 120.374686598000039, 0.999817061000044 ], [ 120.374809653000057, 1.000208600000065 ], [ 120.374951621000037, 1.000672364000025 ], [ 120.375033389, 1.000823875000037 ], [ 120.375324246000105, 1.001539831000059 ], [ 120.375973082000087, 1.00224460000004 ], [ 120.376431741000033, 1.002490710000075 ], [ 120.37693514800003, 1.002624952000076 ], [ 120.377713420000077, 1.002479675000075 ], [ 120.377774159000069, 1.002468337000039 ], [ 120.377822370000104, 1.00242916600007 ], [ 120.37813213700008, 1.002177479000068 ], [ 120.378177691000019, 1.002104594000059 ], [ 120.377760060000014, 1.000905050000028 ], [ 120.377277150000054, 0.999518030000047 ], [ 120.37700575000008, 0.998738510000067 ], [ 120.376321440000083, 0.997818560000042 ] ] ], [ [ [ 120.396349869000119, 1.020203637000066 ], [ 120.396190939, 1.020183771000063 ], [ 120.395958331000088, 1.02024838400007 ], [ 120.395712221000053, 1.02024838400007 ], [ 120.395488484000111, 1.020069395000064 ], [ 120.395264748000045, 1.019644296000024 ], [ 120.395232181000097, 1.019481460000065 ], [ 120.394262260000119, 1.0189 ], [ 120.39411150300009, 1.017720849000057 ], [ 120.393877583000062, 1.017378966000024 ], [ 120.393497231000083, 1.01601417400002 ], [ 120.393362989000025, 1.014828371000021 ], [ 120.393385363000107, 1.014022920000059 ], [ 120.392982637000046, 1.012568634000047 ], [ 120.392400923000082, 1.011584194000022 ], [ 120.392154813000047, 1.010823491000053 ], [ 120.391747551000094, 1.009481035000022 ], [ 120.390371530000039, 1.008058860000062 ], [ 120.389954160000116, 1.007931774000042 ], [ 120.387421384000049, 1.007160565000049 ], [ 120.385823720000076, 1.006674090000047 ], [ 120.384076938000021, 1.007302280000033 ], [ 120.382472970000094, 1.007879110000033 ], [ 120.38214081000001, 1.007918490000066 ], [ 120.379889356000035, 1.008185378000064 ], [ 120.379421310000112, 1.008240860000058 ], [ 120.376870350000104, 1.008704200000068 ], [ 120.37577130000011, 1.008903830000065 ], [ 120.374798946000055, 1.009556495000027 ], [ 120.374189900000033, 1.009965300000033 ], [ 120.3736173100001, 1.010349630000064 ], [ 120.37116431000004, 1.01330125000004 ], [ 120.367993530000035, 1.018722430000025 ], [ 120.367927810000083, 1.019279890000064 ], [ 120.367203140000015, 1.02542690000007 ], [ 120.36717418, 1.025501330000054 ], [ 120.367075380000074, 1.025755240000024 ], [ 120.365780710000081, 1.029082470000048 ], [ 120.365853300000026, 1.029441450000036 ], [ 120.366726060000019, 1.033757250000065 ], [ 120.366826850000052, 1.034033800000032 ], [ 120.36787594000009, 1.03691230000004 ], [ 120.368251350000037, 1.038586480000049 ], [ 120.368254380000053, 1.038587350000057 ], [ 120.368249560000095, 1.03859760000006 ], [ 120.368245780000052, 1.038605620000055 ], [ 120.368181590000063, 1.038586490000057 ], [ 120.367804640000031, 1.039784460000021 ], [ 120.367457530000024, 1.040887620000035 ], [ 120.367466300000046, 1.041096670000059 ], [ 120.367697550000116, 1.046609570000044 ], [ 120.368775360000086, 1.052813270000058 ], [ 120.369152699000097, 1.054407652000066 ], [ 120.370272070000055, 1.05913737000003 ], [ 120.372067790000074, 1.063895430000059 ], [ 120.375838350000095, 1.069918090000044 ], [ 120.376118150000025, 1.070463028000063 ], [ 120.37769379000008, 1.073531740000021 ], [ 120.379272390000096, 1.075262260000045 ], [ 120.3797638100001, 1.075800970000046 ], [ 120.380565420000039, 1.07615474000005 ], [ 120.381615, 1.076617940000062 ], [ 120.382692140000017, 1.077093300000058 ], [ 120.38403720000008, 1.07768690000006 ], [ 120.387491810000029, 1.077801090000037 ], [ 120.389482550000025, 1.077866890000053 ], [ 120.389908430000105, 1.077621860000022 ], [ 120.390614423000102, 1.077215668000065 ], [ 120.394927460000076, 1.074734170000056 ], [ 120.398106400000074, 1.072976680000068 ], [ 120.398425460000112, 1.072709560000021 ], [ 120.400252630000068, 1.07117984000007 ], [ 120.400816723000048, 1.069527379000021 ], [ 120.401568580000117, 1.067324880000058 ], [ 120.401893230000042, 1.066325950000021 ], [ 120.402645240000084, 1.064012030000072 ], [ 120.402525310000101, 1.062084650000031 ], [ 120.4022259300001, 1.060639140000035 ], [ 120.401328240000112, 1.059735790000047 ], [ 120.402127950000022, 1.058706960000052 ], [ 120.402405890000068, 1.058345880000047 ], [ 120.402420020000022, 1.058260480000058 ], [ 120.402532170000086, 1.057582600000046 ], [ 120.402692080000065, 1.056616060000067 ], [ 120.402823690000105, 1.055820580000045 ], [ 120.40269253800011, 1.05540174600003 ], [ 120.402689010000017, 1.055390480000028 ], [ 120.402290790000052, 1.054118850000066 ], [ 120.40144685000007, 1.051423890000024 ], [ 120.401355410000065, 1.051398830000039 ], [ 120.40133572000002, 1.051373620000049 ], [ 120.400556160000065, 1.050375460000055 ], [ 120.400152890000072, 1.049859100000049 ], [ 120.400114150000036, 1.04980949000003 ], [ 120.399355050000054, 1.049650410000027 ], [ 120.399300506000031, 1.049638979000065 ], [ 120.399040299000035, 1.049826329000041 ], [ 120.398850123000102, 1.049988537000047 ], [ 120.398732661000054, 1.05005006500005 ], [ 120.398503331000029, 1.049528480000049 ], [ 120.398425024000062, 1.049164908000023 ], [ 120.398553672000048, 1.048907611000061 ], [ 120.398850123000102, 1.04853285300004 ], [ 120.398693507000075, 1.04758057500004 ], [ 120.398162133000028, 1.046756946000073 ], [ 120.398083826000061, 1.046577957000068 ], [ 120.398063717000014, 1.046512899000049 ], [ 120.397988738000095, 1.04627031900003 ], [ 120.397792969000079, 1.046382187000063 ], [ 120.397786905000089, 1.046403747000056 ], [ 120.397692287000041, 1.046740165000074 ], [ 120.397625166000012, 1.047086957000033 ], [ 120.397597199000074, 1.047321880000027 ], [ 120.397390243000018, 1.047316286000068 ], [ 120.397121759000015, 1.047131704000037 ], [ 120.396808529000054, 1.04685203400004 ], [ 120.396568012000102, 1.046773726000026 ], [ 120.396478518000094, 1.046292693000055 ], [ 120.396780562000117, 1.045664833000046 ], [ 120.397144133000097, 1.045357195000065 ], [ 120.397339902000112, 1.045234140000048 ], [ 120.397479738000015, 1.045664833000046 ], [ 120.397804155000017, 1.045653646000062 ], [ 120.398604013000067, 1.045429909000063 ], [ 120.398861310000029, 1.044853788000069 ], [ 120.399258442000018, 1.04380782100003 ], [ 120.399621574000093, 1.042742631000067 ], [ 120.399440990000016, 1.041782530000035 ], [ 120.399356200000057, 1.04133169000005 ], [ 120.399315130000105, 1.04119632000004 ], [ 120.399149956000088, 1.040697755000053 ], [ 120.398992080000085, 1.040221220000035 ], [ 120.398832200000015, 1.039604650000058 ], [ 120.398632880000036, 1.038835950000021 ], [ 120.398472470000115, 1.037988880000057 ], [ 120.39839337, 1.03757113000006 ], [ 120.398512910000022, 1.03648695000004 ], [ 120.398572610000087, 1.035402790000035 ], [ 120.398632230000089, 1.033656080000071 ], [ 120.39839814000004, 1.033106470000064 ], [ 120.397913970000104, 1.031969700000047 ], [ 120.396298370000068, 1.032150590000072 ], [ 120.395851480000033, 1.031700880000074 ], [ 120.3950436, 1.030887880000023 ], [ 120.395041620000029, 1.030885900000044 ], [ 120.395042200000034, 1.03086938000007 ], [ 120.395101250000039, 1.029199420000054 ], [ 120.395841326000095, 1.026806711000063 ], [ 120.396237710000037, 1.025525180000045 ], [ 120.395833454000012, 1.02530796700006 ], [ 120.394572670000116, 1.024630530000024 ], [ 120.394572670000116, 1.024627590000023 ], [ 120.39456215000007, 1.024621920000072 ], [ 120.394572460000063, 1.02287683000003 ], [ 120.394574040000066, 1.022609360000047 ], [ 120.39535525000008, 1.02308204000002 ], [ 120.395984110000086, 1.023462540000025 ], [ 120.396381040000051, 1.023114430000021 ], [ 120.396495814000104, 1.023013771000024 ], [ 120.396495298000104, 1.023000341000056 ], [ 120.396540045000052, 1.022530495000069 ], [ 120.396651913000028, 1.022172517000058 ], [ 120.396783454000115, 1.021928227000046 ], [ 120.396808529000054, 1.02188165900003 ], [ 120.396853276000115, 1.021456560000047 ], [ 120.396763781000118, 1.021031461000064 ], [ 120.396696660000089, 1.020606362000024 ], [ 120.396684555000093, 1.02035214700004 ], [ 120.39668426500009, 1.020346065000069 ], [ 120.396349869000119, 1.020203637000066 ] ] ], [ [ [ 120.65390998700002, 1.028927821000025 ], [ 120.654149899000117, 1.029750377000028 ], [ 120.652261580000072, 1.032875810000064 ], [ 120.643971660000034, 1.033224700000062 ], [ 120.642911180000056, 1.036241990000065 ], [ 120.645379260000027, 1.037841650000075 ], [ 120.645208170000046, 1.038552784000046 ], [ 120.645234934000086, 1.038757976000056 ], [ 120.645517816000051, 1.039559475000033 ], [ 120.645423522000101, 1.039936651000062 ], [ 120.645046346000072, 1.041115327000057 ], [ 120.644810611000025, 1.041728238000076 ], [ 120.644433434, 1.042341150000027 ], [ 120.644288081000013, 1.042377097000042 ], [ 120.644176353000034, 1.042404729000054 ], [ 120.644150552000042, 1.042624032000049 ], [ 120.644105629000023, 1.042646493000063 ], [ 120.643396200000097, 1.043001208000021 ], [ 120.642877583000086, 1.043189796000036 ], [ 120.64217037700007, 1.043284090000043 ], [ 120.641746054, 1.04337838400005 ], [ 120.641557466000108, 1.044321325000055 ], [ 120.641463172000044, 1.044698501000028 ], [ 120.641321731000062, 1.0455 ], [ 120.640803113000061, 1.046112912000069 ], [ 120.640095908000035, 1.046820117000038 ], [ 120.639875976000098, 1.04694579300002 ], [ 120.639765879000038, 1.047008705000053 ], [ 120.639058673000022, 1.047433028000057 ], [ 120.637927145000049, 1.048045940000065 ], [ 120.63754996900002, 1.048281675000055 ], [ 120.636559881000039, 1.048941733000049 ], [ 120.635286911000094, 1.049507498000025 ], [ 120.635280103000014, 1.04951254100007 ], [ 120.6346115, 1.049728300000027 ], [ 120.627204310000025, 1.049012520000076 ], [ 120.625265810000087, 1.046880650000048 ], [ 120.622172070000033, 1.049989980000021 ], [ 120.620881030000078, 1.051287510000066 ], [ 120.619204520000039, 1.052972470000043 ], [ 120.618217270000059, 1.053964690000043 ], [ 120.618205510000053, 1.053976510000041 ], [ 120.618191440000032, 1.05396587000007 ], [ 120.616488040000036, 1.052677880000033 ], [ 120.614680080000085, 1.051310830000034 ], [ 120.613973100000067, 1.053263120000054 ], [ 120.613616430000093, 1.058411240000055 ], [ 120.613493600000083, 1.058538540000029 ], [ 120.608807152000054, 1.063395649000029 ], [ 120.608248092000053, 1.063675179000029 ], [ 120.607658754000113, 1.063981635000061 ], [ 120.607601081000098, 1.06405720500004 ], [ 120.606975122000108, 1.064877428000045 ], [ 120.606857254000033, 1.065396045000057 ], [ 120.606527225000036, 1.065726075000043 ], [ 120.606244343000071, 1.065513913000075 ], [ 120.606079328000078, 1.065278178000028 ], [ 120.605843593000031, 1.064688840000031 ], [ 120.605442844000095, 1.064123076000044 ], [ 120.605230682000069, 1.063580885000022 ], [ 120.605207108000059, 1.063345150000032 ], [ 120.604947800000105, 1.062708665000059 ], [ 120.604099153000107, 1.062142901000072 ], [ 120.604038233000097, 1.062036291000027 ], [ 120.603721977000077, 1.061482842000032 ], [ 120.603179786000055, 1.060893504000035 ], [ 120.603061919000083, 1.060846357000059 ], [ 120.60289690400009, 1.061176387000046 ], [ 120.602761300000111, 1.061311991000025 ], [ 120.602472581000029, 1.06160071000005 ], [ 120.602189699000064, 1.061647857000025 ], [ 120.601906817000099, 1.061435695000057 ], [ 120.601765376000117, 1.061058519000028 ], [ 120.60200111100005, 1.060563475000038 ], [ 120.602022219000105, 1.060518443000035 ], [ 120.601692021000076, 1.059925044000067 ], [ 120.601559107000071, 1.059499720000076 ], [ 120.601252652000085, 1.058851449000031 ], [ 120.60159446800003, 1.058368192000046 ], [ 120.601476600000069, 1.057932082000036 ], [ 120.600957983000058, 1.057354531000044 ], [ 120.600521873000048, 1.056859487000054 ], [ 120.60013291000007, 1.056517671000051 ], [ 120.599932535000107, 1.056175855000049 ], [ 120.599720373000082, 1.055468650000023 ], [ 120.599543572000016, 1.054950032000022 ], [ 120.599119249000069, 1.054466775000037 ], [ 120.598294176000081, 1.054054239000038 ], [ 120.598082014000056, 1.054726084000038 ], [ 120.598494551000044, 1.055716172000075 ], [ 120.598789220000072, 1.056293723000067 ], [ 120.599083888000109, 1.057036288000063 ], [ 120.599354984000115, 1.057731707000073 ], [ 120.599420453000107, 1.057937467000045 ], [ 120.599437491000117, 1.057991016000074 ], [ 120.599838241000043, 1.058898596000063 ], [ 120.600003255000047, 1.05992404400007 ], [ 120.60010933600006, 1.060525168000026 ], [ 120.599885388000075, 1.061659644000031 ], [ 120.599754340000118, 1.061814093000066 ], [ 120.599555359000078, 1.062048607000065 ], [ 120.599683599000059, 1.062450428000034 ], [ 120.59973216000003, 1.062602584000047 ], [ 120.599956108000015, 1.062861893000047 ], [ 120.600038616, 1.063191922000044 ], [ 120.599814667000032, 1.063356937000037 ], [ 120.599559525000018, 1.063566517000027 ], [ 120.599484638000035, 1.063628032000054 ], [ 120.599354984000115, 1.063769473000036 ], [ 120.599001381000107, 1.064040568000053 ], [ 120.599160668000081, 1.064294170000039 ], [ 120.599225329000092, 1.064397118000045 ], [ 120.599425704000055, 1.06444426500002 ], [ 120.599795239000059, 1.064287923000052 ], [ 120.600038616, 1.06418495600002 ], [ 120.600498299000037, 1.06420853000003 ], [ 120.600675101000093, 1.064420691000066 ], [ 120.601028703000111, 1.06488037500003 ], [ 120.601335159000087, 1.065222191000032 ], [ 120.601388599000074, 1.06533975900004 ], [ 120.601488387000018, 1.065304698000034 ], [ 120.601971644000059, 1.065151470000046 ], [ 120.602226013000063, 1.065179733000036 ], [ 120.602289886000108, 1.065186831000062 ], [ 120.602749570000015, 1.065446139000073 ], [ 120.602812363000112, 1.06547753600006 ], [ 120.603221040000108, 1.065681874000063 ], [ 120.603763231000016, 1.066000117000044 ], [ 120.603963606000093, 1.066200492000064 ], [ 120.604706171000089, 1.066934217000039 ], [ 120.605047987000034, 1.067111019000038 ], [ 120.605201215000079, 1.06701672500003 ], [ 120.605401590000042, 1.066875283000059 ], [ 120.605649112000037, 1.066816350000067 ], [ 120.605943781000065, 1.066910644000075 ], [ 120.60659205200011, 1.067217099000061 ], [ 120.607287471000063, 1.067723930000056 ], [ 120.607641074000071, 1.068112893000034 ], [ 120.608277559000044, 1.068478282000058 ], [ 120.608843323000087, 1.068348628000024 ], [ 120.60938551400011, 1.068466496000042 ], [ 120.609904131, 1.068702231000032 ], [ 120.610564189000115, 1.068725804000053 ], [ 120.610914659000059, 1.06869576400004 ], [ 120.611076913000034, 1.068658030000051 ], [ 120.611477663000073, 1.068528376000074 ], [ 120.611901986000021, 1.068528376000074 ], [ 120.612114148000046, 1.06837514800003 ], [ 120.612432390000095, 1.06810405300007 ], [ 120.613057088000119, 1.06813941300004 ], [ 120.613799654000104, 1.068304428000033 ], [ 120.614683661000072, 1.068245494000053 ], [ 120.614872579, 1.068253890000051 ], [ 120.615163610000081, 1.068148300000075 ], [ 120.616183810000052, 1.067778160000046 ], [ 120.616743213000063, 1.067543903000058 ], [ 120.617413057000022, 1.067402560000062 ], [ 120.618962509000085, 1.066958785000054 ], [ 120.621685332000084, 1.066093799000043 ], [ 120.62202314600006, 1.065909537000039 ], [ 120.622430507000104, 1.065802689000066 ], [ 120.62283125600004, 1.065519806000054 ], [ 120.622901977000083, 1.065048336000075 ], [ 120.622909186000015, 1.065005080000049 ], [ 120.622949124000115, 1.064765454000053 ], [ 120.624033505000057, 1.064435425000056 ], [ 120.624811431000012, 1.063940381000066 ], [ 120.625117887000101, 1.063751793000051 ], [ 120.626473364000049, 1.063138882000032 ], [ 120.62670030400011, 1.06319561600003 ], [ 120.627303684000026, 1.062848415000076 ], [ 120.627531225000098, 1.062855999000021 ], [ 120.62766088, 1.062855999000021 ], [ 120.627762143000041, 1.062855999000021 ], [ 120.627790534000042, 1.062855999000021 ], [ 120.627893822000033, 1.062810094000042 ], [ 120.628064327000061, 1.062804927000059 ], [ 120.628084954000087, 1.062803208000048 ], [ 120.628244324000093, 1.062820639000051 ], [ 120.628438806000077, 1.062808852000046 ], [ 120.628650967000112, 1.062696878000054 ], [ 120.628698114000031, 1.062520077000045 ], [ 120.628580247000059, 1.06227255500005 ], [ 120.628391659000044, 1.061913059000062 ], [ 120.62833755600002, 1.061768784000037 ], [ 120.628320938000115, 1.061724471000048 ], [ 120.628309151000053, 1.061577136000039 ], [ 120.628379872000096, 1.06134140100005 ], [ 120.62846541600004, 1.061244700000032 ], [ 120.628438806000077, 1.061085039000034 ], [ 120.628674541, 1.060707863000061 ], [ 120.628910276000056, 1.060307113000022 ], [ 120.628933849000077, 1.060047805000067 ], [ 120.628863129000024, 1.059717775000024 ], [ 120.628910276000056, 1.059222732000023 ], [ 120.628980996000109, 1.058963423000023 ], [ 120.629546761000029, 1.058444806000068 ], [ 120.629641055000093, 1.058256218000054 ], [ 120.629829643000107, 1.058020483000064 ], [ 120.630819731000088, 1.057077542000059 ], [ 120.631391201000042, 1.056632131000072 ], [ 120.632422729000041, 1.055828146000067 ], [ 120.632651439000028, 1.055599436000023 ], [ 120.63378999300005, 1.054460882000058 ], [ 120.635110110000028, 1.054083706000029 ], [ 120.636995991000049, 1.053352927000049 ], [ 120.637414328000091, 1.053312702000028 ], [ 120.639591400000086, 1.051227810000057 ], [ 120.642724900000076, 1.049556930000051 ], [ 120.644313870000019, 1.04742772000003 ], [ 120.645902320000118, 1.046008650000033 ], [ 120.64466888000004, 1.044409900000062 ], [ 120.646058970000013, 1.04291298000004 ], [ 120.647140120000017, 1.04174874000006 ], [ 120.649285380000038, 1.041489760000047 ], [ 120.656601510000087, 1.040606540000056 ], [ 120.65737088000003, 1.040513660000045 ], [ 120.658011070000043, 1.041090100000019 ], [ 120.660204420000014, 1.043065010000021 ], [ 120.663239980000071, 1.041499600000066 ], [ 120.665484380000066, 1.040342180000039 ], [ 120.667252720000079, 1.034129690000043 ], [ 120.666440145000024, 1.032162622000044 ], [ 120.666450822000115, 1.031920773000024 ], [ 120.666462358000103, 1.031659502000025 ], [ 120.666085396000085, 1.030674538000028 ], [ 120.666085396000085, 1.030117938000046 ], [ 120.665619056000082, 1.029771944000061 ], [ 120.66530314900001, 1.02918525900003 ], [ 120.665167760000031, 1.028914481000072 ], [ 120.665017327000101, 1.02856848700003 ], [ 120.664776636000056, 1.027996844000029 ], [ 120.664686377000066, 1.027334943000028 ], [ 120.664641247000077, 1.026808430000074 ], [ 120.664761593000094, 1.026492522000069 ], [ 120.665167760000031, 1.026236788000062 ], [ 120.665408451000076, 1.026101399000027 ], [ 120.665751592000106, 1.025895514000069 ], [ 120.666073919000041, 1.024843709000038 ], [ 120.665838184000108, 1.024207225000055 ], [ 120.665653101000089, 1.023668800000053 ], [ 120.665578876000041, 1.023452872000064 ], [ 120.665767464000055, 1.022745667000038 ], [ 120.666215361000013, 1.02215632900004 ], [ 120.667456515000026, 1.021544492000032 ], [ 120.66788908, 1.021331256000053 ], [ 120.667961367000089, 1.021136080000076 ], [ 120.668124815000056, 1.020694771000024 ], [ 120.668242683000017, 1.019916845000068 ], [ 120.668667006000078, 1.019445375000032 ], [ 120.669539226000097, 1.018761743000027 ], [ 120.67027000500002, 1.018030964000047 ], [ 120.672085165000112, 1.017323759000021 ], [ 120.673337203000074, 1.016787171000033 ], [ 120.674497440000096, 1.01584857000006 ], [ 120.675557860000026, 1.012831180000035 ], [ 120.670696780000071, 1.015156890000071 ], [ 120.669319571000074, 1.015815795000037 ], [ 120.668902741000011, 1.016315991000056 ], [ 120.668522471000074, 1.016197157000022 ], [ 120.668148389000066, 1.016080256000066 ], [ 120.667668031000062, 1.016200345000073 ], [ 120.667488330000083, 1.016245271000059 ], [ 120.667181875000097, 1.016315991000056 ], [ 120.666969713000071, 1.016245271000059 ], [ 120.666652411000086, 1.01582700900002 ], [ 120.66645109600006, 1.015561639000055 ], [ 120.66605034600002, 1.01511374200004 ], [ 120.666003199000102, 1.01511374200004 ], [ 120.66508383200005, 1.015349477000029 ], [ 120.664447347000078, 1.015467345000047 ], [ 120.663928730000066, 1.015938815000027 ], [ 120.664023024000016, 1.016928902000075 ], [ 120.664812614000084, 1.018034329000045 ], [ 120.664848097000117, 1.018084005000048 ], [ 120.664800950000085, 1.018814783000039 ], [ 120.66458878800006, 1.019710577000069 ], [ 120.663810862000105, 1.021007120000036 ], [ 120.663457260000087, 1.021502164000026 ], [ 120.662938642000086, 1.021879340000055 ], [ 120.662222409000037, 1.021939026000041 ], [ 120.662150673000042, 1.021945004000031 ], [ 120.662008683000067, 1.022099902000036 ], [ 120.661361825000085, 1.022521112000049 ], [ 120.660820269000055, 1.022761804000027 ], [ 120.660499815000094, 1.022930042000041 ], [ 120.660218540000074, 1.023077711000042 ], [ 120.659105342000089, 1.023288317000038 ], [ 120.659060212000099, 1.023213100000021 ], [ 120.658954329000039, 1.023086855000031 ], [ 120.65871323500005, 1.023011083000029 ], [ 120.65667798000004, 1.023292130000073 ], [ 120.656502020000062, 1.023866270000042 ], [ 120.655374676000065, 1.027544638000052 ], [ 120.654098575000035, 1.028267762000041 ], [ 120.65390998700002, 1.028927821000025 ] ] ], [ [ [ 120.71901119000006, 0.984098810000035 ], [ 120.719574320000106, 0.983661410000025 ], [ 120.719536620000099, 0.982669920000035 ], [ 120.719191280000018, 0.982618180000031 ], [ 120.718743270000118, 0.983055660000048 ], [ 120.718167480000034, 0.983274160000065 ], [ 120.718256710000105, 0.983737760000054 ], [ 120.71901119000006, 0.984098810000035 ] ] ], [ [ [ 120.687615666000056, 0.984367035000048 ], [ 120.687612480000098, 0.984443500000054 ], [ 120.687499019000029, 0.984664209000073 ], [ 120.687440695000078, 0.984994709000034 ], [ 120.68747957800008, 0.98538075700003 ], [ 120.687903560000109, 0.985766340000055 ], [ 120.687746553000011, 0.986121269000023 ], [ 120.687611110000034, 0.986427450000065 ], [ 120.687385850000055, 0.987500810000029 ], [ 120.68731815000001, 0.98782336000005 ], [ 120.688981800000079, 0.987615220000066 ], [ 120.688984700000105, 0.987614860000065 ], [ 120.68907028000001, 0.987604150000038 ], [ 120.689217910000025, 0.98744092000004 ], [ 120.689800820000073, 0.986796380000044 ], [ 120.689824050000084, 0.986796800000036 ], [ 120.690647600000034, 0.986811670000066 ], [ 120.691261, 0.986503490000075 ], [ 120.690275306000103, 0.985509916000069 ], [ 120.690195150000022, 0.985429120000049 ], [ 120.690166780000027, 0.985400530000049 ], [ 120.689645886000108, 0.985153017000073 ], [ 120.689484801000049, 0.984950272000049 ], [ 120.689320940000016, 0.984869730000071 ], [ 120.689043208000044, 0.984847512000044 ], [ 120.688834909000093, 0.984791965000056 ], [ 120.688573841000107, 0.984683650000022 ], [ 120.688390538000021, 0.984700314000065 ], [ 120.688132247000112, 0.984483683000065 ], [ 120.687815633000014, 0.984200396000062 ], [ 120.687615666000056, 0.984367035000048 ] ] ], [ [ [ 120.700161689000083, 0.991460938000046 ], [ 120.699866230000111, 0.991688863000036 ], [ 120.699309079000045, 0.992009648000021 ], [ 120.699368170000071, 0.992397965000066 ], [ 120.69959609600005, 0.992744075000076 ], [ 120.699801129000093, 0.992902976000039 ], [ 120.699797199000045, 0.992917965000061 ], [ 120.700001297000085, 0.993149276000054 ], [ 120.700322081000081, 0.993326551000052 ], [ 120.700913, 0.993706427000063 ], [ 120.701023984000017, 0.993810110000027 ], [ 120.701400336, 0.994161702000042 ], [ 120.701767460000042, 0.994373210000049 ], [ 120.703300640000066, 0.996289610000076 ], [ 120.703429320000055, 0.996450460000062 ], [ 120.703590870000085, 0.996652380000057 ], [ 120.704370520000111, 0.997004840000045 ], [ 120.704750330000024, 0.997176540000055 ], [ 120.705360750000068, 0.997452490000057 ], [ 120.705592190000061, 0.997557120000067 ], [ 120.705618680000043, 0.997747430000061 ], [ 120.70597913000006, 0.997870100000057 ], [ 120.711072250000029, 0.999603510000043 ], [ 120.711482530000012, 0.999816270000053 ], [ 120.711503950000065, 0.999817390000032 ], [ 120.711640490000036, 0.999898180000059 ], [ 120.71476379, 1.001517800000045 ], [ 120.719430880000118, 1.002033600000061 ], [ 120.720566440000084, 1.002159100000029 ], [ 120.727741060000085, 1.002376540000057 ], [ 120.730063860000087, 1.000147820000052 ], [ 120.732597520000013, 0.99813166000007 ], [ 120.733823370000096, 0.998004870000045 ], [ 120.734805580000057, 0.99790328000006 ], [ 120.735540740000033, 0.997827250000057 ], [ 120.735657590000073, 0.997815160000073 ], [ 120.73481632000005, 0.993672520000075 ], [ 120.734623670000019, 0.993418570000074 ], [ 120.734560990000091, 0.993335950000073 ], [ 120.734281320000036, 0.992967300000032 ], [ 120.733445900000106, 0.991866060000063 ], [ 120.733368537000047, 0.991909250000049 ], [ 120.733329297000068, 0.991867207000041 ], [ 120.733033150000097, 0.991706793000048 ], [ 120.732391497000094, 0.991867207000041 ], [ 120.7319256830001, 0.992299088000038 ], [ 120.731543159000012, 0.992669272000057 ], [ 120.731487757000082, 0.992621018000023 ], [ 120.731160636000027, 0.992336106000039 ], [ 120.731348570000023, 0.991889762000028 ], [ 120.731456783000112, 0.991632757000048 ], [ 120.731209994000096, 0.990929407000067 ], [ 120.731132650000063, 0.990755384000067 ], [ 120.731012562000046, 0.990485186000058 ], [ 120.730866950000063, 0.990282212000068 ], [ 120.730605360000027, 0.989917571000035 ], [ 120.730161139000074, 0.989695461000053 ], [ 120.729827973000056, 0.989929910000058 ], [ 120.729346734000046, 0.991200875000061 ], [ 120.728729761000068, 0.991743812000038 ], [ 120.728281782000067, 0.991654216000029 ], [ 120.728112788000089, 0.991620417000036 ], [ 120.728200364000031, 0.991222346000029 ], [ 120.728248522000058, 0.991003444000057 ], [ 120.728473717000043, 0.990065645000072 ], [ 120.72798013900001, 0.989510369000072 ], [ 120.727585276000013, 0.989226561000066 ], [ 120.727005321000092, 0.989374635000047 ], [ 120.726659816000051, 0.990337113000066 ], [ 120.726104540000051, 0.991114499000048 ], [ 120.725216098000033, 0.991472344000044 ], [ 120.725154629000031, 0.991295619000027 ], [ 120.725117383000111, 0.991188536000038 ], [ 120.725130377000028, 0.990824699000029 ], [ 120.725142062000032, 0.99049752600007 ], [ 120.725018667000086, 0.990176700000063 ], [ 120.724475730000108, 0.990263076000076 ], [ 120.724154904000102, 0.99049752600007 ], [ 120.723574949000067, 0.990719636000051 ], [ 120.722587792000013, 0.990583902000026 ], [ 120.722217608000051, 0.989954589000035 ], [ 120.722257890000037, 0.989883182000028 ], [ 120.722489077000091, 0.989473350000026 ], [ 120.723476234000032, 0.989263579000067 ], [ 120.724168299000098, 0.989197668000031 ], [ 120.724253620000013, 0.989189543000066 ], [ 120.724323226000024, 0.989008568000031 ], [ 120.724377015000073, 0.98886871600007 ], [ 120.724549767000099, 0.988251743000035 ], [ 120.725043346, 0.987696467000035 ], [ 120.725499906000096, 0.987104173000034 ], [ 120.725508499000057, 0.987079056000027 ], [ 120.725503250000088, 0.987066350000021 ], [ 120.725240930000041, 0.986431420000031 ], [ 120.72511441000006, 0.986125170000037 ], [ 120.72351642000001, 0.986311280000052 ], [ 120.722688160000075, 0.985380060000068 ], [ 120.722669642000028, 0.985397405000072 ], [ 120.722652574000108, 0.985376648000056 ], [ 120.722035601000016, 0.985290272000043 ], [ 120.721150245000103, 0.985907245000021 ], [ 120.720804740000062, 0.986252750000062 ], [ 120.720780061000028, 0.986894402000075 ], [ 120.720755392000115, 0.987190423000072 ], [ 120.720743042000095, 0.987338623000028 ], [ 120.720483913000066, 0.987449678000075 ], [ 120.720463792000032, 0.987463555000033 ], [ 120.720126069000116, 0.987696467000035 ], [ 120.720005686000036, 0.98789264800007 ], [ 120.719792903000098, 0.988239404000069 ], [ 120.719533910000109, 0.988334544000054 ], [ 120.719188270000018, 0.988461514000051 ], [ 120.719237627000098, 0.988116009000066 ], [ 120.719286985000053, 0.987906238000051 ], [ 120.719496756000012, 0.98735096200005 ], [ 120.719570793000116, 0.986956099000054 ], [ 120.719605220000062, 0.986508549000064 ], [ 120.719620151000072, 0.986314447000041 ], [ 120.719768225000053, 0.98564811600005 ], [ 120.719760904000054, 0.985606630000063 ], [ 120.719694188000062, 0.985228574000075 ], [ 120.718241216000024, 0.985463024000069 ], [ 120.717883371000084, 0.985611098000049 ], [ 120.717031948000113, 0.986178713000072 ], [ 120.716846856000075, 0.98675866800005 ], [ 120.716846856000075, 0.987193728000022 ], [ 120.716846856000075, 0.987412660000075 ], [ 120.716489012000011, 0.987721146000069 ], [ 120.716351285000087, 0.987763040000061 ], [ 120.715677692000099, 0.987967936000075 ], [ 120.715578976000074, 0.988078991000066 ], [ 120.715162577000115, 0.98847556100003 ], [ 120.715060719, 0.988572569000041 ], [ 120.714887966000106, 0.988510872000063 ], [ 120.714937324000061, 0.988313441000059 ], [ 120.715133922000064, 0.987920245000055 ], [ 120.715171774000055, 0.987844541000072 ], [ 120.715258150000068, 0.987202889000059 ], [ 120.71509413800004, 0.987149269000042 ], [ 120.714841852000063, 0.987066791000075 ], [ 120.714616498000055, 0.986993118000044 ], [ 120.71408590100009, 0.986956099000054 ], [ 120.713831535000054, 0.987037034000025 ], [ 120.713814433000039, 0.987042476000056 ], [ 120.713345533000052, 0.987585412000044 ], [ 120.713086404000023, 0.987511375000054 ], [ 120.712383055000032, 0.987067155000034 ], [ 120.712236693000023, 0.98699005900005 ], [ 120.711633432000099, 0.986672292000037 ], [ 120.711226230000079, 0.986598255000047 ], [ 120.710720312000035, 0.987338623000028 ], [ 120.710115678000079, 0.987659449000034 ], [ 120.710004623000032, 0.988103670000044 ], [ 120.710300770000117, 0.989004451000028 ], [ 120.710362467000095, 0.990028626000026 ], [ 120.710341228000061, 0.990340131000039 ], [ 120.710325449000038, 0.99057156300006 ], [ 120.710288720000108, 0.990507899000022 ], [ 120.710140357000114, 0.990250737000054 ], [ 120.709967604000099, 0.989954589000035 ], [ 120.709745494000117, 0.989337616000057 ], [ 120.709412328000099, 0.988634267000066 ], [ 120.709091502000092, 0.988658946000044 ], [ 120.709017525000036, 0.989250766000055 ], [ 120.709017466000091, 0.989251240000044 ], [ 120.70895576800001, 0.989781837000066 ], [ 120.708696639000095, 0.990189039000029 ], [ 120.70844898900009, 0.990696133000029 ], [ 120.708437511000056, 0.990719636000051 ], [ 120.708430842000098, 0.990748532000055 ], [ 120.708326455000019, 0.991200875000061 ], [ 120.70828936800001, 0.991157045000023 ], [ 120.708190721000051, 0.991040462000058 ], [ 120.708178382000028, 0.990633260000038 ], [ 120.708081082000035, 0.990417810000054 ], [ 120.708005629000013, 0.990250737000054 ], [ 120.707857556000022, 0.989757158000032 ], [ 120.707993290000104, 0.989238900000032 ], [ 120.708035848, 0.989117773000032 ], [ 120.708153703000107, 0.988782340000057 ], [ 120.708178382000028, 0.988325780000025 ], [ 120.707795858000054, 0.987819862000038 ], [ 120.707438014000104, 0.987486696000076 ], [ 120.70748737200006, 0.986733989000072 ], [ 120.707524390000117, 0.985931924000056 ], [ 120.706747004000022, 0.985820869000065 ], [ 120.706315123000081, 0.985931924000056 ], [ 120.706130031000043, 0.986252750000062 ], [ 120.705710489000012, 0.986487200000056 ], [ 120.705574755000043, 0.986425502000031 ], [ 120.705118195000068, 0.986413163000066 ], [ 120.704908424000109, 0.987116512000057 ], [ 120.704771047, 0.987700365000023 ], [ 120.704266570000073, 0.988032360000034 ], [ 120.704266270000062, 0.988033220000034 ], [ 120.70425380000006, 0.988055630000019 ], [ 120.704169490000027, 0.988003690000028 ], [ 120.702940360000071, 0.987246430000027 ], [ 120.702891390000104, 0.987464800000055 ], [ 120.702281350000021, 0.990185190000034 ], [ 120.701737710000089, 0.990585900000042 ], [ 120.701555990000088, 0.990719844000068 ], [ 120.701326643000016, 0.99079404400004 ], [ 120.700674253000102, 0.991045568000061 ], [ 120.70062598200002, 0.991064178000045 ], [ 120.700161689000083, 0.991460938000046 ] ] ], [ [ [ 120.667122941000116, 1.046563755000022 ], [ 120.66698150000002, 1.046434101000045 ], [ 120.666816485000027, 1.046410527000035 ], [ 120.666781125000057, 1.04642231400004 ], [ 120.666651471000023, 1.046563755000022 ], [ 120.666590997000071, 1.046779731000072 ], [ 120.66648645600003, 1.04715309300002 ], [ 120.666392162000079, 1.047542056000054 ], [ 120.666203574000065, 1.047895659000062 ], [ 120.666026772, 1.047801365000055 ], [ 120.665949960000034, 1.047741355000028 ], [ 120.665649596000094, 1.047506696000028 ], [ 120.665390288000026, 1.047377041000061 ], [ 120.665201699000022, 1.047518482000044 ], [ 120.665072045000102, 1.047942806000037 ], [ 120.665272420000065, 1.048414276000074 ], [ 120.665455032000068, 1.048688194000022 ], [ 120.665319567000097, 1.048767879000025 ], [ 120.664954178000016, 1.049156842000059 ], [ 120.664753803000053, 1.049628312000038 ], [ 120.664918817000057, 1.049864047000028 ], [ 120.665040049000027, 1.049889129000064 ], [ 120.665602449000062, 1.050005488000068 ], [ 120.665708530000074, 1.050099782000075 ], [ 120.665791037000076, 1.050311944000043 ], [ 120.665901947000066, 1.050467217000062 ], [ 120.666632991000029, 1.050743787000044 ], [ 120.666898992000029, 1.050594826000065 ], [ 120.667394036000019, 1.050370878000024 ], [ 120.667606198000044, 1.04994655400003 ], [ 120.667724065000016, 1.048862173000032 ], [ 120.667728601000022, 1.048798031000047 ], [ 120.667653345000076, 1.048591077000026 ], [ 120.667559051000012, 1.048001739000028 ], [ 120.667445131000022, 1.047576039000035 ], [ 120.667335102000038, 1.047164880000025 ], [ 120.667122941000116, 1.046563755000022 ] ] ], [ [ [ 120.670258218000072, 1.073425773000054 ], [ 120.670305365000104, 1.073920817000044 ], [ 120.670140350000111, 1.074274420000052 ], [ 120.66964530700011, 1.074769464000042 ], [ 120.668961272000047, 1.075111481000022 ], [ 120.669068690000017, 1.07547487000005 ], [ 120.669269870000107, 1.076155430000028 ], [ 120.6693377900001, 1.076385230000028 ], [ 120.670119074000013, 1.07675847500002 ], [ 120.670187498000018, 1.076702492000038 ], [ 120.670564674000047, 1.076631771000052 ], [ 120.671177585, 1.076773212000035 ], [ 120.671649055000103, 1.076961800000049 ], [ 120.672285540000075, 1.07724468300006 ], [ 120.672615569000072, 1.077362550000032 ], [ 120.672874878000016, 1.077834020000068 ], [ 120.67295006400002, 1.07796935500005 ], [ 120.675116207000087, 1.077834753000047 ], [ 120.675453544000106, 1.077515171000073 ], [ 120.675378490000071, 1.077123260000064 ], [ 120.674818632000097, 1.074199743000065 ], [ 120.674666465000087, 1.073873670000069 ], [ 120.674383583, 1.073213612000075 ], [ 120.67386496600011, 1.072223524000037 ], [ 120.673775229000057, 1.071864576000053 ], [ 120.672574150000059, 1.071086090000051 ], [ 120.672451230000092, 1.071044870000037 ], [ 120.672386860000074, 1.070964690000039 ], [ 120.671987810000019, 1.070706050000069 ], [ 120.671792277, 1.070385681000062 ], [ 120.671743349000053, 1.070361217000027 ], [ 120.671484041000099, 1.069913320000069 ], [ 120.670988997000109, 1.069394703000057 ], [ 120.670635394000101, 1.068923232000031 ], [ 120.670366910000098, 1.06858315300002 ], [ 120.670281792000083, 1.068475336000063 ], [ 120.669928189000075, 1.068192453000052 ], [ 120.669904615000064, 1.068192453000052 ], [ 120.66971602700005, 1.068216027000062 ], [ 120.669574586000067, 1.068828938000024 ], [ 120.669631869000114, 1.069229919000065 ], [ 120.669668880000017, 1.069488997000065 ], [ 120.669668880000017, 1.069795452000051 ], [ 120.669108333000054, 1.070097285000031 ], [ 120.669055969000055, 1.070125482000037 ], [ 120.668490205000012, 1.070337643000073 ], [ 120.668065881000075, 1.070974128000046 ], [ 120.667995161000022, 1.071610613000075 ], [ 120.668007652000028, 1.071885427000041 ], [ 120.668018734000043, 1.07212923000003 ], [ 120.668219036000096, 1.072600529000056 ], [ 120.668419484000083, 1.073072171000035 ], [ 120.668961675000105, 1.073355053000057 ], [ 120.669052371000021, 1.07336551800006 ], [ 120.669574586000067, 1.073425773000054 ], [ 120.670258218000072, 1.073425773000054 ] ] ], [ [ [ 120.665761801000031, 1.077764559000059 ], [ 120.665424134000091, 1.077460658000064 ], [ 120.665204650000078, 1.076700906000042 ], [ 120.665474784000025, 1.076430772000037 ], [ 120.665255300000013, 1.076008687000069 ], [ 120.664613731000031, 1.075552836000043 ], [ 120.664140997000118, 1.075502186000051 ], [ 120.66327994400001, 1.075755437000055 ], [ 120.66294227700007, 1.076126871000042 ], [ 120.662874743000089, 1.077072340000029 ], [ 120.662976043000072, 1.077595725000037 ], [ 120.66339812800004, 1.07779832600005 ], [ 120.664225414000043, 1.078811329000075 ], [ 120.664765682000052, 1.078878862000067 ], [ 120.665221533000022, 1.079385364000075 ], [ 120.66572803400004, 1.079739915000062 ], [ 120.665947518000053, 1.079334713000037 ], [ 120.665795568000021, 1.078473661000032 ], [ 120.665879985000061, 1.078135993000046 ], [ 120.665761801000031, 1.077764559000059 ] ] ], [ [ [ 120.770763960000068, 1.041867755000055 ], [ 120.770631494000099, 1.041927136000027 ], [ 120.770647349000114, 1.042085683000039 ], [ 120.77064976500003, 1.042109847000063 ], [ 120.770896425000046, 1.042508385000076 ], [ 120.770996916000058, 1.042691096000055 ], [ 120.77122530500003, 1.042869240000073 ], [ 120.771348635000095, 1.042969731000028 ], [ 120.771549617000119, 1.043330585000035 ], [ 120.77151307500003, 1.04359665800007 ], [ 120.771595295000111, 1.043930106000062 ], [ 120.771714057000054, 1.044336638000061 ], [ 120.771780290000038, 1.04624482600002 ], [ 120.771780290000038, 1.046359021000058 ], [ 120.771785690000115, 1.046366941000031 ], [ 120.771869265000078, 1.046489518000044 ], [ 120.771917323000025, 1.046560003000025 ], [ 120.771949298000095, 1.046961967000072 ], [ 120.771908188000111, 1.047310260000074 ], [ 120.771958433, 1.047584327000038 ], [ 120.77211373800003, 1.047862961000021 ], [ 120.772515702000078, 1.048041104000049 ], [ 120.772780633000025, 1.048251222000033 ], [ 120.773059267, 1.048475043000053 ], [ 120.77321000400002, 1.048662322000041 ], [ 120.773401851000017, 1.04879478700002 ], [ 120.773639375000016, 1.048950092000041 ], [ 120.774004797000089, 1.049183048000032 ], [ 120.774286216000064, 1.049494891000052 ], [ 120.774811450000016, 1.048295730000063 ], [ 120.774878790000116, 1.048141980000025 ], [ 120.774884420000035, 1.048134950000076 ], [ 120.77529096, 1.047627270000021 ], [ 120.775412650000021, 1.047475310000038 ], [ 120.776300780000042, 1.046366240000054 ], [ 120.776462624000033, 1.046056528000065 ], [ 120.776443990000075, 1.045994741000072 ], [ 120.776389176000066, 1.045729810000068 ], [ 120.776517074000026, 1.045322135000049 ], [ 120.776887713000065, 1.045006250000029 ], [ 120.776982860000089, 1.043588440000065 ], [ 120.775816320000104, 1.042958750000025 ], [ 120.775086452000096, 1.042815201000053 ], [ 120.775053102000015, 1.042578044000038 ], [ 120.774993721000101, 1.042293700000073 ], [ 120.774317690000089, 1.042074446000072 ], [ 120.774349664000056, 1.041727295000044 ], [ 120.77415325000004, 1.041005587000029 ], [ 120.773847289000059, 1.040686513000026 ], [ 120.773833505000084, 1.040672139000037 ], [ 120.773811806000026, 1.040662973000053 ], [ 120.773303643000077, 1.040448318000074 ], [ 120.772974624000085, 1.040369187000067 ], [ 120.772857040000076, 1.040296390000037 ], [ 120.771785358000102, 1.040620301000047 ], [ 120.771704922000026, 1.040692694000029 ], [ 120.77138517700007, 1.041003303000025 ], [ 120.771216170000116, 1.041506900000059 ], [ 120.771161356000107, 1.041570849000038 ], [ 120.771074569, 1.04173528900003 ], [ 120.770776728000101, 1.041862309000066 ], [ 120.770763960000068, 1.041867755000055 ] ] ], [ [ [ 120.787117152000064, 1.16600472600004 ], [ 120.786463177000087, 1.16627440600007 ], [ 120.786132819000045, 1.166456440000047 ], [ 120.785937301000104, 1.166624990000059 ], [ 120.785687847000077, 1.166860960000065 ], [ 120.785037243000033, 1.167339643000048 ], [ 120.784686659000045, 1.167380095000055 ], [ 120.784207976000062, 1.167386837000038 ], [ 120.783823682000047, 1.167353127000069 ], [ 120.783715810000103, 1.167319417000044 ], [ 120.783358483000029, 1.167305933000023 ], [ 120.782940479000104, 1.16739357900002 ], [ 120.782967447000033, 1.167845293000028 ], [ 120.783063066000068, 1.167982745000074 ], [ 120.78312251300008, 1.168000360000065 ], [ 120.783291063000092, 1.168094748000044 ], [ 120.783506808000084, 1.168135200000052 ], [ 120.783789972000022, 1.168162168000038 ], [ 120.783978748000095, 1.168195878000063 ], [ 120.784100104000117, 1.168270040000039 ], [ 120.784309106000023, 1.168398138000043 ], [ 120.784463450000089, 1.168437300000051 ], [ 120.784760821000077, 1.168512752000026 ], [ 120.784875435000117, 1.16848578400004 ], [ 120.78491181000004, 1.168458503000068 ], [ 120.785118147000048, 1.168303750000064 ], [ 120.785239503000071, 1.168249814000035 ], [ 120.78544850500009, 1.168135200000052 ], [ 120.785920446000091, 1.168128458000069 ], [ 120.78622383600009, 1.168135200000052 ], [ 120.786601388, 1.167959907000068 ], [ 120.78679016500007, 1.167771131000052 ], [ 120.786945231000118, 1.167562129000032 ], [ 120.787012651000055, 1.167440773000067 ], [ 120.787369951000073, 1.167298944000038 ], [ 120.787531785000056, 1.167123899000046 ], [ 120.787706406000098, 1.16703658800003 ], [ 120.787774700000114, 1.16632078300006 ], [ 120.78783180500011, 1.166011468000022 ], [ 120.78769696400002, 1.165917080000042 ], [ 120.787481220000018, 1.165917080000042 ], [ 120.787117152000064, 1.16600472600004 ] ] ], [ [ [ 120.804027, 1.282917090000069 ], [ 120.805645050000066, 1.282662110000047 ], [ 120.807429470000102, 1.280649850000032 ], [ 120.80744583, 1.280631310000047 ], [ 120.803924530000018, 1.27861654000003 ], [ 120.799879360000091, 1.279126750000046 ], [ 120.799814720000086, 1.280107220000048 ], [ 120.799703200000067, 1.281798770000023 ], [ 120.801011650000078, 1.283496330000048 ], [ 120.801448460000074, 1.284063030000027 ], [ 120.803008080000041, 1.283369910000033 ], [ 120.804027, 1.282917090000069 ] ] ], [ [ [ 120.796509130000118, 1.33570947000004 ], [ 120.796445757000015, 1.335663393000061 ], [ 120.79611637000005, 1.335423900000023 ], [ 120.795937840000079, 1.335388200000068 ], [ 120.795687890000067, 1.335638080000024 ], [ 120.795603870000036, 1.335904080000034 ], [ 120.795812870000077, 1.336191370000051 ], [ 120.796045870000057, 1.336564080000073 ], [ 120.796241340000051, 1.336619730000052 ], [ 120.796294981000074, 1.33661544000006 ], [ 120.796687670000097, 1.33658403000004 ], [ 120.796848340000111, 1.336191370000051 ], [ 120.796794780000027, 1.335834410000075 ], [ 120.796509130000118, 1.33570947000004 ] ] ], [ [ [ 120.891918038000085, 1.371308348000071 ], [ 120.892298385000117, 1.370199002000049 ], [ 120.892139907000114, 1.366839268000035 ], [ 120.891918038000085, 1.365191096000046 ], [ 120.891601082000079, 1.364208533000067 ], [ 120.891194322000047, 1.364023641000074 ], [ 120.890396649000081, 1.363225969000041 ], [ 120.889667650000092, 1.361799666000024 ], [ 120.889635954000028, 1.360817103000045 ], [ 120.888875260000077, 1.359422496000036 ], [ 120.887892696000108, 1.358883671000058 ], [ 120.886910132000025, 1.35767923800006 ], [ 120.8848499180001, 1.357457368000041 ], [ 120.88466805600001, 1.357692719000056 ], [ 120.882821399000022, 1.357742629000029 ], [ 120.882282574000101, 1.357996194000066 ], [ 120.882177572000046, 1.358206198000062 ], [ 120.8817838330001, 1.358226157000047 ], [ 120.88168035700005, 1.358503323000036 ], [ 120.881395097000109, 1.361007276000066 ], [ 120.881553575000112, 1.362465274000044 ], [ 120.881807140000092, 1.364303619000054 ], [ 120.881870531000118, 1.366268747000049 ], [ 120.882155791000059, 1.367409789000021 ], [ 120.88200258300003, 1.368860167000037 ], [ 120.882219183000075, 1.36927982900005 ], [ 120.882694617000084, 1.370737827000028 ], [ 120.883043268000051, 1.371213261000037 ], [ 120.883803963000105, 1.371942260000026 ], [ 120.884437875000117, 1.372893129000033 ], [ 120.884754831, 1.373590432000071 ], [ 120.885293656000044, 1.373780605000036 ], [ 120.885578917000089, 1.373843997000051 ], [ 120.887647816000026, 1.373976618000029 ], [ 120.887829305000082, 1.37431943100006 ], [ 120.888906955000039, 1.37438282200003 ], [ 120.891030561000093, 1.372734650000041 ], [ 120.891918038000085, 1.371308348000071 ] ] ], [ [ [ 121.062001637000094, 1.319113661000074 ], [ 121.06176141800006, 1.318918483000061 ], [ 121.061555397, 1.318379658000026 ], [ 121.061365223000053, 1.317856680000034 ], [ 121.061190897000074, 1.317286160000037 ], [ 121.061095810000097, 1.316937508000024 ], [ 121.060921485000108, 1.316509617000065 ], [ 121.060905637000019, 1.316462074000071 ], [ 121.060747159000016, 1.316256052000028 ], [ 121.060049855000102, 1.316065879000064 ], [ 121.059495182000092, 1.316620552000074 ], [ 121.059209922000036, 1.31744463800004 ], [ 121.059249174000115, 1.317765792000046 ], [ 121.059621965000019, 1.317777441000032 ], [ 121.059891377000099, 1.317935919000035 ], [ 121.06017663800003, 1.318110245000071 ], [ 121.060350964, 1.318221180000023 ], [ 121.060842246000107, 1.318538136000029 ], [ 121.06095318000007, 1.318760005000058 ], [ 121.06100072400011, 1.318997722000063 ], [ 121.06100072400011, 1.319140352000034 ], [ 121.061127506000048, 1.31939391700007 ], [ 121.061190897000074, 1.319457309000029 ], [ 121.061301832000026, 1.31975841700006 ], [ 121.061381071000028, 1.319980286000032 ], [ 121.061951592000014, 1.320107068000027 ], [ 121.061857280000027, 1.320892999000023 ], [ 121.061872353000012, 1.320899459000032 ], [ 121.062189309000019, 1.321073784000021 ], [ 121.062712286000078, 1.32118471900003 ], [ 121.062902460000032, 1.321216415000038 ], [ 121.063156025000012, 1.321279806000064 ], [ 121.063321961000042, 1.321279806000064 ], [ 121.063282807000064, 1.321057937000035 ], [ 121.063110470000083, 1.320632838000051 ], [ 121.063013395000098, 1.320582503000026 ], [ 121.062839069, 1.320344786000021 ], [ 121.062522113000114, 1.319948590000024 ], [ 121.062221004000094, 1.319552395000073 ], [ 121.062001637000094, 1.319113661000074 ] ] ] ] } }
]
}
