{
"type": "FeatureCollection",
"name": "kdkab_04",
"crs": { "type": "name", "properties": { "name": "urn:ogc:def:crs:OGC:1.3:CRS84" } },
"xy_coordinate_resolution": 1e-15,
"features": [
{ "type": "Feature", "properties": { "fid": null, "gid": 236999.0, "kdprov": "72", "kdkab": "04", "kdkec": "020", "nmprov": "SULAWESI TENGAH", "nmkab": "POSO", "nmkec": "LORE SELATAN", "luas": 0.36407237733999998, "sumber": null, "periode": "2024_1", "layer": null, "path": null, "idkec": "7204020" }, "geometry": { "type": "MultiPolygon", "coordinates": [ [ [ [ 120.254845770000088, -2.02864797999996 ], [ 120.245648570000071, -2.028866959999959 ], [ 120.238302210000029, -2.029041869999958 ], [ 120.237783240000113, -2.029405149999945 ], [ 120.235738870000091, -2.030836209999961 ], [ 120.232406530000048, -2.03211787999993 ], [ 120.225741850000077, -2.032886879999978 ], [ 120.22304938000002, -2.032800019999968 ], [ 120.217795500000079, -2.032630539999957 ], [ 120.212156150000055, -2.034681209999974 ], [ 120.204116210000052, -2.036100029999943 ], [ 120.203440800000067, -2.036219219999964 ], [ 120.201015280000092, -2.03612346999995 ], [ 120.186988640000095, -2.035569789999954 ], [ 120.186093480000068, -2.035534459999951 ], [ 120.183959420000065, -2.035450219999973 ], [ 120.17945639800007, -2.034502209999971 ], [ 120.179279916000041, -2.034465055999931 ], [ 120.179089, -2.034425 ], [ 120.175243, -2.032162 ], [ 120.175033290000101, -2.032039122999947 ], [ 120.174731400000042, -2.031861539999966 ], [ 120.169092060000025, -2.030323539999927 ], [ 120.164221710000106, -2.029554539999936 ], [ 120.158216100000118, -2.02547071999993 ], [ 120.157813360000091, -2.025196859999937 ], [ 120.151917680000111, -2.022633519999943 ], [ 120.150251700000013, -2.022633519999943 ], [ 120.146022, -2.022633519999943 ], [ 120.142490594000037, -2.021802603999959 ], [ 120.141664000000105, -2.021608 ], [ 120.137307, -2.02007 ], [ 120.133462, -2.01802 ], [ 120.129104, -2.015969 ], [ 120.128679, -2.015799 ], [ 120.123977, -2.013918 ], [ 120.121988000000101, -2.013255 ], [ 120.119363, -2.01238 ], [ 120.115006000000108, -2.009048 ], [ 120.114378000000102, -2.00685 ], [ 120.114235, -2.006349 ], [ 120.114151000000106, -2.006056 ], [ 120.114139, -2.006015 ], [ 120.11398, -2.005459 ], [ 120.113771547000056, -2.000658504999933 ], [ 120.113666765000062, -1.998248522999972 ], [ 120.113395530000048, -1.992010109999967 ], [ 120.112029760000041, -1.992240396999932 ], [ 120.111418419000074, -1.992218858999934 ], [ 120.111220000000117, -1.992212 ], [ 120.110763, -1.992193 ], [ 120.110397, -1.992075 ], [ 120.109702, -1.991658 ], [ 120.109463, -1.991549 ], [ 120.108973000000105, -1.991178 ], [ 120.108471, -1.990897 ], [ 120.108253098000091, -1.990723542999945 ], [ 120.108117840000091, -1.990616109999962 ], [ 120.107468580000045, -1.990127039999948 ], [ 120.106852130000107, -1.989827779999928 ], [ 120.106327940000028, -1.989619029999972 ], [ 120.105968380000036, -1.989422839999975 ], [ 120.105563700000062, -1.989202039999952 ], [ 120.105175900000063, -1.98905678999995 ], [ 120.104514580000114, -1.988739369999962 ], [ 120.103819140000041, -1.988421899999935 ], [ 120.102998150000076, -1.98800480999995 ], [ 120.10227967000003, -1.987560789999975 ], [ 120.101563590000069, -1.987156329999948 ], [ 120.100899630000072, -1.986781299999961 ], [ 120.10030767, -1.98635558999996 ], [ 120.099702890000117, -1.986110549999978 ], [ 120.098984140000084, -1.985720748999938 ], [ 120.099839660000043, -1.984059598999977 ], [ 120.100049702000092, -1.983479380999938 ], [ 120.100209747, -1.983037274999958 ], [ 120.100477810000029, -1.982296777999977 ], [ 120.100626140000031, -1.981884217999948 ], [ 120.100806080000098, -1.981383737999977 ], [ 120.100945710000019, -1.981003667999971 ], [ 120.101141510000048, -1.980470677999961 ], [ 120.101473590000069, -1.979566666999972 ], [ 120.101774370000044, -1.978702407999947 ], [ 120.102131080000049, -1.977933567999969 ], [ 120.102524290000019, -1.976900757999942 ], [ 120.102692430000047, -1.976166127999932 ], [ 120.102694880000058, -1.97598189799993 ], [ 120.102603470000076, -1.975635107999949 ], [ 120.102771240000038, -1.974920807999979 ], [ 120.102935720000119, -1.974305436999941 ], [ 120.103020069000081, -1.973989846999928 ], [ 120.103275500000109, -1.973058877999961 ], [ 120.103540330000101, -1.972127886999942 ], [ 120.103831699000011, -1.971205887999929 ], [ 120.103848240000048, -1.971161177999932 ], [ 120.104166170000099, -1.970301867999979 ], [ 120.104558330000032, -1.969415817999959 ], [ 120.104991470000073, -1.968538716999944 ], [ 120.105276920000051, -1.96798408799998 ], [ 120.105362090000085, -1.967943497999954 ], [ 120.105808190000062, -1.967250347999936 ], [ 120.10581, -1.966925377999928 ], [ 120.105871260000072, -1.966802567999935 ], [ 120.106263440000021, -1.965925557999981 ], [ 120.106403390000082, -1.965428107999969 ], [ 120.10651264, -1.965039766999951 ], [ 120.106111810000016, -1.964119067999945 ], [ 120.10571665000009, -1.963305356999967 ], [ 120.105686650000052, -1.963243577999947 ], [ 120.104895430000056, -1.962730127999976 ], [ 120.104000720000045, -1.962316237999971 ], [ 120.10316074900004, -1.96183900699998 ], [ 120.102442530000076, -1.961198947999947 ], [ 120.101758520000089, -1.960468476999949 ], [ 120.101413369000056, -1.959970057999953 ], [ 120.101202460000081, -1.959665497999936 ], [ 120.101062010000078, -1.959291877999931 ], [ 120.100869879000015, -1.958780797999964 ], [ 120.10064692900005, -1.957850717999975 ], [ 120.10046044, -1.956911537999929 ], [ 120.100457, -1.956889436999973 ], [ 120.10030995000011, -1.95594518799993 ], [ 120.100194520000059, -1.954969736999942 ], [ 120.1001140300001, -1.953994226999953 ], [ 120.100067470000113, -1.953009617999953 ], [ 120.100054610000029, -1.952043017999927 ], [ 120.100067960000047, -1.951414727999975 ], [ 120.100075149000077, -1.951076346999969 ], [ 120.100101100000074, -1.950825137999971 ], [ 120.100173160000054, -1.950127607999946 ], [ 120.100299580000069, -1.94946811799997 ], [ 120.100355060000084, -1.949178707999977 ], [ 120.100447520000102, -1.948805237999977 ], [ 120.10059, -1.948229717999936 ], [ 120.100755070000105, -1.947625227999936 ], [ 120.100846690000026, -1.947289707999971 ], [ 120.100963510000042, -1.946845707999955 ], [ 120.101093990000095, -1.946349726999927 ], [ 120.101300590000051, -1.945400787999972 ], [ 120.101435100000117, -1.944461007999962 ], [ 120.101460670000051, -1.943485307999936 ], [ 120.101378219000026, -1.942509797999946 ], [ 120.101204780000103, -1.941561557999933 ], [ 120.100928810000028, -1.940631567999958 ], [ 120.100508720000107, -1.939756056999954 ], [ 120.100000200000068, -1.938925877999964 ], [ 120.099363750000066, -1.938186266999935 ], [ 120.098636919000114, -1.937501027999929 ], [ 120.098380180000049, -1.937180837999961 ], [ 120.098043830000051, -1.93676133799994 ], [ 120.097744100000114, -1.935893267999973 ], [ 120.097741450000058, -1.935885607999978 ], [ 120.097721050000018, -1.935739136999928 ], [ 120.097608120000018, -1.934928256999967 ], [ 120.097597420000056, -1.93451168799993 ], [ 120.09758260000001, -1.933934567999927 ], [ 120.097608270000023, -1.933171887999947 ], [ 120.097615750000045, -1.932949806999943 ], [ 120.097686949000035, -1.93198304799995 ], [ 120.097869130000049, -1.93102511799998 ], [ 120.098100500000101, -1.930260457999964 ], [ 120.09815083, -1.930094106999945 ], [ 120.098273050000103, -1.929790886999967 ], [ 120.098507949, -1.929208127999971 ], [ 120.098882430000117, -1.928398257999959 ], [ 120.098913490000086, -1.928331087999936 ], [ 120.099345550000066, -1.927463037999928 ], [ 120.09965456000009, -1.926855607999926 ], [ 120.0997825500001, -1.926604017999978 ], [ 120.100202810000042, -1.925726957999927 ], [ 120.100379160000102, -1.925321907999944 ], [ 120.100584640000079, -1.924849967999933 ], [ 120.100916600000119, -1.92393693799994 ], [ 120.101126080000085, -1.923285107999959 ], [ 120.101212910000072, -1.923014936999948 ], [ 120.101357540000095, -1.92252876799995 ], [ 120.101487190000057, -1.922092977999966 ], [ 120.101542030000019, -1.921901047999938 ], [ 120.10175318000006, -1.921161997999945 ], [ 120.1020246490001, -1.920231017999924 ], [ 120.102061750000075, -1.920118047999949 ], [ 120.102324480000107, -1.91931804799998 ], [ 120.102656990000014, -1.918395977999978 ], [ 120.102871670000013, -1.917773427999975 ], [ 120.102971830000115, -1.917482977999953 ], [ 120.103216640000028, -1.916552047999971 ], [ 120.103350590000105, -1.91560323799996 ], [ 120.103417750000062, -1.914645527999937 ], [ 120.103438180000012, -1.913678867999977 ], [ 120.103423430000021, -1.912783127999944 ], [ 120.10342211000011, -1.912703237999949 ], [ 120.103380090000087, -1.911727647999953 ], [ 120.10332252, -1.910761127999933 ], [ 120.103240140000025, -1.909803687999954 ], [ 120.103169119000086, -1.909235767999974 ], [ 120.103119300000117, -1.908837277999964 ], [ 120.103042329000118, -1.908320726999932 ], [ 120.102975310000033, -1.907870917999958 ], [ 120.102824190000092, -1.90691359799996 ], [ 120.102681320000102, -1.905947227999945 ], [ 120.102562609000074, -1.904989857999965 ], [ 120.102516100000116, -1.904424277999965 ], [ 120.102483880000023, -1.904032406999931 ], [ 120.10246182000003, -1.90307484799996 ], [ 120.102556200000095, -1.902438147999931 ], [ 120.102601130000039, -1.902135077999958 ], [ 120.102891110000087, -1.901195027999961 ], [ 120.103051360000109, -1.900750457999948 ], [ 120.103223490000119, -1.900272967999967 ], [ 120.103592540000022, -1.899386977999939 ], [ 120.103002720000063, -1.899410947999968 ], [ 120.103223720000074, -1.899286967999956 ], [ 120.103669750000108, -1.899184627999944 ], [ 120.10405822000007, -1.898166567999965 ], [ 120.104482450000091, -1.897589427999947 ], [ 120.104603460000021, -1.897424797999975 ], [ 120.104815090000102, -1.89730938799994 ], [ 120.10541787000011, -1.896980667999969 ], [ 120.105892339000093, -1.89681259799994 ], [ 120.106340660000114, -1.896653777999973 ], [ 120.107299890000036, -1.89639006799996 ], [ 120.108239080000089, -1.896135417999972 ], [ 120.109201780000035, -1.895853627999941 ], [ 120.11016827900005, -1.895653137999943 ], [ 120.111100710000073, -1.895624347999956 ], [ 120.111611840000023, -1.895764467999925 ], [ 120.111984670000083, -1.89586666799994 ], [ 120.112359400000059, -1.896045887999946 ], [ 120.112850270000081, -1.896280657999966 ], [ 120.113227340000094, -1.896529027999975 ], [ 120.113684550000016, -1.896830207999926 ], [ 120.114347360000011, -1.897338597999976 ], [ 120.114471800000047, -1.897434037999972 ], [ 120.11519863, -1.898065087999953 ], [ 120.115825240000049, -1.898690697999939 ], [ 120.115876020000087, -1.89874139799997 ], [ 120.115953270000091, -1.898827877999963 ], [ 120.116520520000108, -1.899462927999934 ], [ 120.117147090000117, -1.90019351799998 ], [ 120.117496950000032, -1.900613417999978 ], [ 120.11777088000008, -1.900942187999931 ], [ 120.11840699000004, -1.901672767999969 ], [ 120.118727530000115, -1.902026836999937 ], [ 120.119060189000038, -1.902394277999974 ], [ 120.11916349, -1.902516207999952 ], [ 120.119702099000051, -1.903151947999959 ], [ 120.120097670000064, -1.903622867999957 ], [ 120.12034613000003, -1.903918637999936 ], [ 120.120649520000029, -1.904243767999958 ], [ 120.121480820000102, -1.904385027999979 ], [ 120.123099340000067, -1.905163906999974 ], [ 120.123953340000071, -1.905695317999971 ], [ 120.124014420000094, -1.905711547999942 ], [ 120.124471530000051, -1.90564558799997 ], [ 120.124662730000068, -1.905546547999961 ], [ 120.124959060000037, -1.905393047999951 ], [ 120.125869220000027, -1.90406399799997 ], [ 120.126051149000091, -1.903700507999929 ], [ 120.126072290000025, -1.903651967999963 ], [ 120.126153540000018, -1.903465396999934 ], [ 120.126197350000098, -1.903382667999949 ], [ 120.126433190000057, -1.902937226999939 ], [ 120.12644570000009, -1.90291224799995 ], [ 120.126447800000051, -1.902909637999926 ], [ 120.126603589000069, -1.902615407999974 ], [ 120.126923550000015, -1.902178736999929 ], [ 120.127166990000092, -1.901846517999957 ], [ 120.127776010000048, -1.901095606999945 ], [ 120.128293440000107, -1.900491776999957 ], [ 120.128404010000054, -1.900362737999956 ], [ 120.129024410000056, -1.899620847999927 ], [ 120.129609980000055, -1.898851917999934 ], [ 120.130153520000022, -1.898037897999927 ], [ 120.130689900000107, -1.897223896999947 ], [ 120.13092624, -1.896899807999944 ], [ 120.131257210000058, -1.896445967999966 ], [ 120.131694370000105, -1.895961187999944 ], [ 120.131893670000068, -1.895740177999926 ], [ 120.132624720000081, -1.895133597999973 ], [ 120.132814280000048, -1.895009587999937 ], [ 120.133427880000113, -1.89460818799995 ], [ 120.134272080000073, -1.894127867999941 ], [ 120.134405450000031, -1.894055713999933 ], [ 120.134974290000059, -1.893747967999957 ], [ 120.135126550000109, -1.893665597999927 ], [ 120.135961200000111, -1.893176257999926 ], [ 120.136790940000083, -1.892695967999941 ], [ 120.137066100000084, -1.892537607999941 ], [ 120.137625460000095, -1.892215667999949 ], [ 120.137995040000078, -1.891998227999977 ], [ 120.13845716000003, -1.891726337999955 ], [ 120.139278040000022, -1.891227997999977 ], [ 120.139949640000054, -1.890801547999956 ], [ 120.140091300000108, -1.890711597999939 ], [ 120.140906100000052, -1.890186167999957 ], [ 120.141715700000077, -1.889660747999926 ], [ 120.142513210000061, -1.889117287999966 ], [ 120.143050760000051, -1.888729587999933 ], [ 120.143291740000109, -1.888555787999962 ], [ 120.144039750000047, -1.887949177999928 ], [ 120.144280600000116, -1.887612047999937 ], [ 120.144608420000054, -1.887153187999957 ], [ 120.144696380000028, -1.886682137999969 ], [ 120.144783910000115, -1.886213387999931 ], [ 120.144696540000041, -1.885683307999955 ], [ 120.144362700000102, -1.885145647999934 ], [ 120.143638550000105, -1.883715517999974 ], [ 120.142737300000022, -1.882286017999945 ], [ 120.142016170000034, -1.881776886999944 ], [ 120.141691750000064, -1.880731947999948 ], [ 120.141488410000079, -1.879481916999964 ], [ 120.14118593, -1.87838004799994 ], [ 120.140585280000096, -1.877483907999931 ], [ 120.139573200000086, -1.876009317999944 ], [ 120.138882540000054, -1.874670047999928 ], [ 120.13848108000002, -1.873761827999942 ], [ 120.137968570000112, -1.872740307999948 ], [ 120.137413200000083, -1.872151006999957 ], [ 120.135617770000067, -1.871441017999928 ], [ 120.135305010000025, -1.870577967999964 ], [ 120.135512500000118, -1.869724457999951 ], [ 120.13544327000011, -1.868871927999976 ], [ 120.135441620000051, -1.868371637999928 ], [ 120.135572830000115, -1.867882247999944 ], [ 120.135628890000021, -1.867141387999936 ], [ 120.135834950000117, -1.866812497999945 ], [ 120.135944020000011, -1.866323186999978 ], [ 120.135964310000077, -1.865765967999948 ], [ 120.135952010000096, -1.865390786999967 ], [ 120.135895460000029, -1.865027137999959 ], [ 120.135739500000113, -1.864720687999977 ], [ 120.13563905, -1.864470897999979 ], [ 120.135294730000055, -1.864108267999939 ], [ 120.135183640000037, -1.86398358799994 ], [ 120.134551430000101, -1.86358785799996 ], [ 120.132700240000077, -1.86275300799997 ], [ 120.132024430000115, -1.862562107999963 ], [ 120.131558510000104, -1.862245387999963 ], [ 120.131191760000092, -1.861791867999955 ], [ 120.13119108, -1.861587207999946 ], [ 120.131338430000028, -1.861409927999944 ], [ 120.131555580000054, -1.861358507999967 ], [ 120.131820850000054, -1.861243867999974 ], [ 120.132340980000095, -1.861219277999965 ], [ 120.13271708000002, -1.86114972799993 ], [ 120.132904870000061, -1.861035357999924 ], [ 120.13305886, -1.860883317999935 ], [ 120.132996790000107, -1.860768987999961 ], [ 120.133100450000029, -1.859811237999963 ], [ 120.133252630000015, -1.859469467999929 ], [ 120.133153310000012, -1.859181107999973 ], [ 120.132819120000022, -1.858534187999965 ], [ 120.132174830000054, -1.857831507999947 ], [ 120.131419810000011, -1.857117857999924 ], [ 120.131131170000117, -1.856857357999957 ], [ 120.130709860000024, -1.856642817999955 ], [ 120.130277630000023, -1.856473797999968 ], [ 120.129945210000074, -1.856361267999944 ], [ 120.129635180000037, -1.856328257999962 ], [ 120.128150460000029, -1.855855977999965 ], [ 120.127917950000096, -1.855834057999971 ], [ 120.127619060000029, -1.855663607999929 ], [ 120.127352640000026, -1.855585917999974 ], [ 120.12702003000004, -1.855416547999937 ], [ 120.12647633000006, -1.855009137999957 ], [ 120.126298070000075, -1.85465729799995 ], [ 120.126196760000084, -1.854145987999971 ], [ 120.126128810000068, -1.853680047999944 ], [ 120.126194350000105, -1.853418297999951 ], [ 120.126568410000118, -1.85273475799994 ], [ 120.12692147000007, -1.852392397999949 ], [ 120.127186760000086, -1.852289117999931 ], [ 120.127407080000012, -1.851969967999935 ], [ 120.127571440000111, -1.851469097999939 ], [ 120.127448070000014, -1.850980607999929 ], [ 120.127136460000088, -1.850470057999928 ], [ 120.126736730000061, -1.850084887999969 ], [ 120.126215200000047, -1.849688777999972 ], [ 120.126037350000047, -1.849461997999924 ], [ 120.125948170000015, -1.849269027999981 ], [ 120.12565926000002, -1.84892894799998 ], [ 120.125135550000095, -1.847873367999966 ], [ 120.125023470000087, -1.847453067999936 ], [ 120.12442322000004, -1.846682027999975 ], [ 120.124178700000016, -1.846375897999962 ], [ 120.123656730000107, -1.84584334799996 ], [ 120.122670410000069, -1.845471637999935 ], [ 120.12249324000004, -1.845449527999961 ], [ 120.12198305000004, -1.845132977999924 ], [ 120.121008250000045, -1.84489766799993 ], [ 120.120143650000045, -1.844514157999924 ], [ 120.119212230000016, -1.844005817999971 ], [ 120.119078430000059, -1.843710667999972 ], [ 120.119077110000035, -1.843312717999936 ], [ 120.119252050000114, -1.84266398799997 ], [ 120.120097350000037, -1.840568857999926 ], [ 120.120713760000058, -1.83954334799995 ], [ 120.12093802000004, -1.838693657999954 ], [ 120.121005920000016, -1.837816117999978 ], [ 120.120997910000028, -1.837466947999928 ], [ 120.12078310000004, -1.836985867999942 ], [ 120.120354950000092, -1.836461747999977 ], [ 120.119906360000073, -1.836200527999949 ], [ 120.119434500000011, -1.835999587999936 ], [ 120.119417190000036, -1.83599556799993 ], [ 120.1192921600001, -1.835949377999953 ], [ 120.118929250000065, -1.835815277999927 ], [ 120.117883400000096, -1.835916407999946 ], [ 120.117475440000021, -1.836077787999955 ], [ 120.116942510000058, -1.836101587999963 ], [ 120.116387320000058, -1.835840747999953 ], [ 120.116002680000065, -1.835579297999971 ], [ 120.115530220000096, -1.834551597999962 ], [ 120.11531715000001, -1.832960557999968 ], [ 120.11509616, -1.832253457999968 ], [ 120.114646400000083, -1.83164181799998 ], [ 120.114390270000058, -1.831555127999934 ], [ 120.113751620000016, -1.831842127999948 ], [ 120.113433500000042, -1.832347007999942 ], [ 120.112843520000069, -1.833054097999934 ], [ 120.111938670000086, -1.833735037999929 ], [ 120.111883080000098, -1.833752327999946 ], [ 120.1117691500001, -1.833832957999959 ], [ 120.111706770000069, -1.833877117999975 ], [ 120.111615570000026, -1.833835497999928 ], [ 120.111306760000048, -1.833931517999929 ], [ 120.110347150000052, -1.833869237999977 ], [ 120.109922760000018, -1.833520127999975 ], [ 120.109684410000114, -1.83332405799996 ], [ 120.109214350000116, -1.833019117999925 ], [ 120.108888651000029, -1.832587235999938 ], [ 120.108786060000057, -1.832451197999944 ], [ 120.10844239000005, -1.831685867999965 ], [ 120.108355070000016, -1.831072937999977 ], [ 120.108055710000031, -1.830811187999927 ], [ 120.107607710000025, -1.830725177999966 ], [ 120.106903420000094, -1.830508677999944 ], [ 120.106390580000038, -1.830160087999957 ], [ 120.105942130000017, -1.829942667999944 ], [ 120.10523661000002, -1.829353847999926 ], [ 120.104446100000018, -1.828852937999955 ], [ 120.10405972, -1.828065868999943 ], [ 120.103276070000106, -1.82680279799996 ], [ 120.102644290000057, -1.82557414799993 ], [ 120.102238050000096, -1.825225177999926 ], [ 120.102002140000081, -1.824809897999955 ], [ 120.10059109000008, -1.823632267999926 ], [ 120.100567800000022, -1.823041007999961 ], [ 120.101051040000016, -1.82240479799998 ], [ 120.102015350000102, -1.82237878799998 ], [ 120.102778250000028, -1.822335857999974 ], [ 120.10309476000009, -1.821651247999966 ], [ 120.103950200000099, -1.821243237999965 ], [ 120.104164970000056, -1.821160047999967 ], [ 120.104355180000084, -1.820771597999965 ], [ 120.104716149000069, -1.820332277999967 ], [ 120.105245190000119, -1.819147697999938 ], [ 120.106285760000105, -1.81791747799997 ], [ 120.10700463, -1.816118977999963 ], [ 120.107365020000088, -1.815504437999948 ], [ 120.10760034000009, -1.815744507999966 ], [ 120.108195980000119, -1.815348147999941 ], [ 120.108962340000062, -1.81536714799995 ], [ 120.109113380000053, -1.815366637999944 ], [ 120.109357360000104, -1.814629457999956 ], [ 120.109481151000068, -1.814228756999967 ], [ 120.109278740000036, -1.813986367999973 ], [ 120.108928590000119, -1.813768257999925 ], [ 120.108894180000107, -1.813746827999978 ], [ 120.108487860000082, -1.813375957999938 ], [ 120.108037721000073, -1.812654817999942 ], [ 120.108397960000048, -1.811996477999969 ], [ 120.10895, -1.811315547999925 ], [ 120.109162250000054, -1.81103006799998 ], [ 120.10916085100007, -1.81061393799996 ], [ 120.108581400000048, -1.809477127999969 ], [ 120.108260650000034, -1.809193567999955 ], [ 120.107981811000059, -1.808690827999953 ], [ 120.108085251000034, -1.807748687999947 ], [ 120.108189281000023, -1.806981757999949 ], [ 120.108166341000015, -1.806500007999944 ], [ 120.108116340000038, -1.806398137999963 ], [ 120.108092480000096, -1.806349547999957 ], [ 120.107865811000011, -1.805887837999933 ], [ 120.107458091000012, -1.805100847999938 ], [ 120.107311060000029, -1.804111367999951 ], [ 120.107550440000068, -1.80311312799995 ], [ 120.107555460000071, -1.803101307999952 ], [ 120.108032080000044, -1.801979757999959 ], [ 120.108662770000024, -1.800749947999975 ], [ 120.109052711000118, -1.799873147999961 ], [ 120.109777220000069, -1.799019707999946 ], [ 120.109959730000014, -1.798851227999933 ], [ 120.111480380000103, -1.797447537999972 ], [ 120.111812290000103, -1.797288717999947 ], [ 120.112450810000041, -1.797049987999969 ], [ 120.112955741000064, -1.797008756999958 ], [ 120.113582440000073, -1.797059047999937 ], [ 120.114042930000096, -1.797109927999941 ], [ 120.114689100000078, -1.797245516999965 ], [ 120.114925930000027, -1.797330037999927 ], [ 120.115361150000012, -1.797472967999965 ], [ 120.115559469000118, -1.797511657999962 ], [ 120.115975270000035, -1.797582397999975 ], [ 120.115983650000089, -1.797584837999977 ], [ 120.116756010000017, -1.797809457999961 ], [ 120.118470551000087, -1.798151367999935 ], [ 120.119116700000063, -1.798280387999966 ], [ 120.11960962, -1.798469076999936 ], [ 120.120198040000105, -1.798539207999966 ], [ 120.121362390000058, -1.798771447999968 ], [ 120.121885991000113, -1.798579097999948 ], [ 120.122441250000065, -1.798294687999942 ], [ 120.122651630000064, -1.79811660799993 ], [ 120.12286653000001, -1.798499828999979 ], [ 120.122901404000118, -1.798487704999957 ], [ 120.123546260000012, -1.79826350999997 ], [ 120.124458950000076, -1.79796381999995 ], [ 120.125374461000092, -1.797673159999931 ], [ 120.126292500000091, -1.797382499999969 ], [ 120.127212930000042, -1.797100869999952 ], [ 120.12813562000008, -1.796828269999935 ], [ 120.129060301000095, -1.796564699999976 ], [ 120.129986950000102, -1.796310159999962 ], [ 120.13091514100006, -1.796055609999939 ], [ 120.131844750000027, -1.795810099999926 ], [ 120.132775640000091, -1.795573619999971 ], [ 120.133707651, -1.795337139999958 ], [ 120.134269151000012, -1.795200259999945 ], [ 120.134640651000041, -1.795109689999947 ], [ 120.135580171000015, -1.79491835999994 ], [ 120.136528301000112, -1.794763149999937 ], [ 120.137481670000057, -1.794635028999949 ], [ 120.138437580000073, -1.79451593899995 ], [ 120.139392650000104, -1.794396859999949 ], [ 120.139770547000012, -1.794338794999931 ], [ 120.140344021000033, -1.794250679999948 ], [ 120.141288610000061, -1.794077398999946 ], [ 120.142223881000064, -1.793868019999934 ], [ 120.143156740000109, -1.793640559999972 ], [ 120.144090010000014, -1.79341310999996 ], [ 120.145023560000027, -1.793185659999949 ], [ 120.145957120000048, -1.792958198999941 ], [ 120.146890810000059, -1.792730749999976 ], [ 120.147824340000057, -1.792494259999955 ], [ 120.148757740000065, -1.792257779999943 ], [ 120.149690871000075, -1.792030319999981 ], [ 120.150623560000099, -1.791793839999968 ], [ 120.151555671000096, -1.791548319999947 ], [ 120.152487380000025, -1.791311828999937 ], [ 120.153418370000054, -1.79106631999997 ], [ 120.154348510000091, -1.790820799999949 ], [ 120.155277821000027, -1.790575289999936 ], [ 120.156206121000082, -1.79032073999997 ], [ 120.156359400000042, -1.790278659999956 ], [ 120.157133300000055, -1.790066199999956 ], [ 120.15805922100003, -1.789811659999941 ], [ 120.158984001000022, -1.789548089999926 ], [ 120.159907220000036, -1.789275479999958 ], [ 120.160829061000072, -1.789011909999942 ], [ 120.161749190000023, -1.788739319999934 ], [ 120.162667620000093, -1.788457689999973 ], [ 120.163584350000065, -1.788167029999954 ], [ 120.164499140000089, -1.787885409999944 ], [ 120.165412340000103, -1.787585719999925 ], [ 120.166342660000055, -1.787286009999946 ], [ 120.167294030000107, -1.786986249999927 ], [ 120.168258410000021, -1.786677439999949 ], [ 120.168457115000024, -1.78661417099994 ], [ 120.169228271000065, -1.78636862999997 ], [ 120.170195991000014, -1.786041749999924 ], [ 120.171153581000112, -1.785696819999941 ], [ 120.172093761000042, -1.785342889999924 ], [ 120.173008511000035, -1.784961899999928 ], [ 120.173890240000105, -1.784553868999978 ], [ 120.174731121000036, -1.78412783999994 ], [ 120.17552369100008, -1.783665769999971 ], [ 120.176260100000036, -1.783176689999948 ], [ 120.176932631000113, -1.782651599999951 ], [ 120.17744365100009, -1.782009349999953 ], [ 120.177499165000086, -1.781689872999948 ], [ 120.177644630000032, -1.780852738999954 ], [ 120.177640809000081, -1.780659384999979 ], [ 120.177629280000019, -1.780075908999947 ], [ 120.177596679000089, -1.779856944999949 ], [ 120.17746524100005, -1.778974139999946 ], [ 120.177241630000026, -1.777899569999931 ], [ 120.177024280000069, -1.776951449999956 ], [ 120.176465, -1.776193629999966 ], [ 120.175736630000074, -1.775481259999935 ], [ 120.175127151000083, -1.774732549999953 ], [ 120.174510250000026, -1.773992889999931 ], [ 120.17388983, -1.773244199999965 ], [ 120.17327712000008, -1.772495499999934 ], [ 120.172683340000049, -1.771737719999976 ], [ 120.172119680000037, -1.770961829999976 ], [ 120.171597200000065, -1.770149729999957 ], [ 120.171112991000086, -1.769319499999938 ], [ 120.170661690000088, -1.768462119999924 ], [ 120.170490240000049, -1.768101269999931 ], [ 120.170245711, -1.767586599999959 ], [ 120.169867140000065, -1.766683919999934 ], [ 120.169528260000106, -1.765781169999968 ], [ 120.169232850000071, -1.764869309999938 ], [ 120.169000240000059, -1.763930237999944 ], [ 120.16891329900011, -1.763474456999973 ], [ 120.168913274000033, -1.763474328999962 ], [ 120.168819371000041, -1.762982048999959 ], [ 120.168790955000077, -1.762802913999963 ], [ 120.168667520000099, -1.762024779999933 ], [ 120.168522550000034, -1.761067499999967 ], [ 120.168377880000094, -1.760204879999947 ], [ 120.168362234000028, -1.760111575999929 ], [ 120.16836201000001, -1.760110238999971 ], [ 120.168163471000071, -1.759162079999953 ], [ 120.167834940000034, -1.75823220999996 ], [ 120.167552381000064, -1.757628699999941 ], [ 120.16740811000011, -1.757320569999933 ], [ 120.167067391000046, -1.756399749999957 ], [ 120.167060990000095, -1.756317688999957 ], [ 120.167265680000014, -1.755896537999945 ], [ 120.167488050000088, -1.754632107999953 ], [ 120.167717340000081, -1.75381897799997 ], [ 120.167950850000011, -1.753345597999953 ], [ 120.168470041000091, -1.752464787999941 ], [ 120.168612550000034, -1.751948927999933 ], [ 120.168717261000097, -1.751433217999931 ], [ 120.168663781000078, -1.750875739999969 ], [ 120.168581830000107, -1.750628218999964 ], [ 120.168828901000097, -1.750001147999967 ], [ 120.169043680000073, -1.749396287999957 ], [ 120.169156280000038, -1.749079187999939 ], [ 120.169423750000078, -1.748148297999933 ], [ 120.169585651000034, -1.747478267999952 ], [ 120.169653030000063, -1.747199407999972 ], [ 120.169857211000021, -1.746250567999937 ], [ 120.170029961000068, -1.745292737999932 ], [ 120.170058380000114, -1.745089217999976 ], [ 120.170515470000055, -1.744893177999927 ], [ 120.170748170000024, -1.744624057999943 ], [ 120.170747174000098, -1.744501451999952 ], [ 120.170745091000072, -1.744245016999969 ], [ 120.170742150000024, -1.743882869999936 ], [ 120.170520870000018, -1.743488379999974 ], [ 120.170254321000016, -1.743286008999974 ], [ 120.170245019000049, -1.742763216999947 ], [ 120.170239070000093, -1.742428829999938 ], [ 120.169898210000042, -1.741498969999952 ], [ 120.169430120000015, -1.740650629999948 ], [ 120.168955101000051, -1.739822029999971 ], [ 120.168943811000076, -1.739802319999967 ], [ 120.168920801000013, -1.739765159999934 ], [ 120.168429890000084, -1.738972129999979 ], [ 120.167875630000026, -1.738178129999937 ], [ 120.167268020000051, -1.737438419999933 ], [ 120.166567741000108, -1.736807269999929 ], [ 120.166123021000089, -1.736542689999965 ], [ 120.165735, -1.736311839999928 ], [ 120.165283140000042, -1.736073509999926 ], [ 120.16486430100008, -1.735852609999938 ], [ 120.164058160000081, -1.735330028999954 ], [ 120.163428360000012, -1.734681059999957 ], [ 120.163393001000031, -1.734644609999975 ], [ 120.1632131, -1.734403609999958 ], [ 120.162820561000103, -1.733877738999979 ], [ 120.16228926000008, -1.733056589999933 ], [ 120.161751110000068, -1.732244499999979 ], [ 120.16140616000007, -1.731803599999978 ], [ 120.161158211000043, -1.731486688999951 ], [ 120.160994214000084, -1.731311993999952 ], [ 120.160497790000022, -1.730783189999954 ], [ 120.159784280000054, -1.730124949999947 ], [ 120.15938992100007, -1.729823359999955 ], [ 120.159018161000063, -1.729539059999979 ], [ 120.158428, -1.729249119999963 ], [ 120.15815692000001, -1.729115929999978 ], [ 120.157955431000119, -1.729061488999946 ], [ 120.157193420000112, -1.728855579999959 ], [ 120.156537110000045, -1.728606729999967 ], [ 120.156292050000047, -1.728513818999943 ], [ 120.155586630000016, -1.727909759999932 ], [ 120.154941500000064, -1.727206228999933 ], [ 120.154319311000108, -1.726457489999973 ], [ 120.153722031000029, -1.725681609999924 ], [ 120.153441110000017, -1.72528669999997 ], [ 120.153150800000049, -1.724878579999938 ], [ 120.152607610000018, -1.72406647899993 ], [ 120.152093721000028, -1.723245289999966 ], [ 120.151645780000081, -1.72247490999996 ], [ 120.151610950000077, -1.722415009999963 ], [ 120.151567120000095, -1.72228266999997 ], [ 120.15130294100004, -1.721485078999933 ], [ 120.151350010000101, -1.721193247999963 ], [ 120.151398290000088, -1.721114077999971 ], [ 120.152125390000037, -1.720490157999961 ], [ 120.152846851000049, -1.720035336999956 ], [ 120.153862230000072, -1.71975227799993 ], [ 120.154353360000073, -1.719335357999967 ], [ 120.154824620000113, -1.71925284799994 ], [ 120.155875950000109, -1.719068437999965 ], [ 120.156326759000081, -1.718559527999957 ], [ 120.155336921000071, -1.717886969999938 ], [ 120.155331690000025, -1.717881308999949 ], [ 120.155359521000037, -1.717846877999932 ], [ 120.155885851000107, -1.717010067999979 ], [ 120.155888480000044, -1.717005877999952 ], [ 120.156017770000062, -1.716700687999946 ], [ 120.156256101000054, -1.716138057999956 ], [ 120.156231285000104, -1.715625108999973 ], [ 120.15620978000004, -1.715180589999932 ], [ 120.156056911000064, -1.714746789999936 ], [ 120.155878901000051, -1.714241669999979 ], [ 120.155521160000035, -1.713347949999957 ], [ 120.155156411, -1.712454239999943 ], [ 120.1549355410001, -1.711923289999959 ], [ 120.154784641000106, -1.711560549999945 ], [ 120.154631350000045, -1.711202389999926 ], [ 120.154406021000113, -1.710675899999956 ], [ 120.154193031000091, -1.710186759999942 ], [ 120.154020801000115, -1.709791249999967 ], [ 120.153628861000016, -1.708906619999937 ], [ 120.153230460000032, -1.708022 ], [ 120.152825630000052, -1.707146419999958 ], [ 120.152414620000059, -1.706270849999953 ], [ 120.152018120000093, -1.705438689999937 ], [ 120.151997450000067, -1.705395299999964 ], [ 120.151973131000091, -1.705347429999961 ], [ 120.151561930000071, -1.704537829999936 ], [ 120.151236290000043, -1.703972509999971 ], [ 120.151078471, -1.703698519999932 ], [ 120.150956900000097, -1.703501469999935 ], [ 120.150566271000116, -1.702868279999961 ], [ 120.150155601000051, -1.702210719999925 ], [ 120.15004776, -1.702038049999942 ], [ 120.149545530000069, -1.701216829999964 ], [ 120.149341920000097, -1.70084406999996 ], [ 120.149082121000106, -1.700368439999977 ], [ 120.148679990000119, -1.699510919999966 ], [ 120.14840343000003, -1.698589948999938 ], [ 120.148355030000062, -1.698124159999963 ], [ 120.14830113000005, -1.697605469999928 ], [ 120.14833193000004, -1.696620768999935 ], [ 120.14833585800011, -1.696595761999959 ], [ 120.148478130000058, -1.695690067999976 ], [ 120.14874060000011, -1.694759187999978 ], [ 120.149054001000081, -1.693828227999973 ], [ 120.149062070000014, -1.693803017999926 ], [ 120.149349100000109, -1.692906326999946 ], [ 120.14971993100005, -1.691570967999951 ], [ 120.149725560000093, -1.69155068799995 ], [ 120.14999363000004, -1.690610766999953 ], [ 120.150096220000023, -1.690268147999973 ], [ 120.150272380000047, -1.689679857999977 ], [ 120.150552391000019, -1.688748947999954 ], [ 120.150802590000012, -1.687884366999924 ], [ 120.150824391000015, -1.687809027999947 ], [ 120.151019388, -1.68709733399993 ], [ 120.151079440000103, -1.686878157999956 ], [ 120.151257661000045, -1.686146057999963 ], [ 120.151308239000059, -1.685938307999947 ], [ 120.151452481000092, -1.685243347999972 ], [ 120.151501430000053, -1.685007538999969 ], [ 120.151521159000026, -1.684881172999951 ], [ 120.151535761000105, -1.684787646999951 ], [ 120.15162117300008, -1.684240595999938 ], [ 120.15164956000001, -1.684058777999951 ], [ 120.151621680000062, -1.683119347999934 ], [ 120.15160069, -1.683024717999956 ], [ 120.151472487000092, -1.682446830999936 ], [ 120.151409330000092, -1.682162137999967 ], [ 120.151227431000052, -1.681477507999944 ], [ 120.151155030000041, -1.681205007999949 ], [ 120.151065350000067, -1.680714787999932 ], [ 120.150981551000086, -1.680256768999925 ], [ 120.150927591000027, -1.680000057999962 ], [ 120.150782260000028, -1.679308577999961 ], [ 120.150590450000095, -1.678747277999946 ], [ 120.150467570000046, -1.678387677999979 ], [ 120.150082621000024, -1.677514367999947 ], [ 120.150077621000037, -1.677503017999925 ], [ 120.149562831000026, -1.676699877999965 ], [ 120.149008930000036, -1.67601106799998 ], [ 120.14895343, -1.675942047999968 ], [ 120.148335220000035, -1.675202297999931 ], [ 120.147882680000066, -1.674537897999926 ], [ 120.147794361000024, -1.674408227999947 ], [ 120.147770421000018, -1.674365647999934 ], [ 120.147322570000028, -1.673568867999961 ], [ 120.147089691000019, -1.673118037999927 ], [ 120.146879650000074, -1.672711407999941 ], [ 120.146730860000048, -1.672398047999934 ], [ 120.146463911000069, -1.671835817999977 ], [ 120.146266481000112, -1.671388227999955 ], [ 120.146073690000094, -1.670951167999931 ], [ 120.145834571000023, -1.67036178799998 ], [ 120.14570742, -1.670048398999938 ], [ 120.145378600000072, -1.669136547999926 ], [ 120.145294220000096, -1.668840887999977 ], [ 120.145110600000066, -1.668197488999965 ], [ 120.144925781000097, -1.667258299999958 ], [ 120.144843550000019, -1.666511777999972 ], [ 120.144820330000016, -1.666300907999926 ], [ 120.144762981000099, -1.665343447999931 ], [ 120.144731, -1.664367876999961 ], [ 120.144701270000041, -1.663401337999971 ], [ 120.14465121, -1.662434827999959 ], [ 120.14460148, -1.66179903799997 ], [ 120.144575620000069, -1.661468357999979 ], [ 120.144547911000018, -1.661160217999964 ], [ 120.144489520000093, -1.660510937999959 ], [ 120.144428180000091, -1.659828027999936 ], [ 120.144402720000016, -1.659544488999927 ], [ 120.144172570000023, -1.658587307999937 ], [ 120.143842340000106, -1.657666406999965 ], [ 120.143413410000107, -1.657017607999933 ], [ 120.143317340000067, -1.656872297999939 ], [ 120.142671440000072, -1.656168707999939 ], [ 120.141977341000029, -1.655501327999957 ], [ 120.141250590000027, -1.654852077999976 ], [ 120.140971650000097, -1.654618716999948 ], [ 120.140506910000113, -1.654229947999966 ], [ 120.140172600000028, -1.653956287999961 ], [ 120.139757921000069, -1.653616857999964 ], [ 120.138956280000116, -1.653058046999945 ], [ 120.138415590000022, -1.652719737999973 ], [ 120.138121021000075, -1.652535427999965 ], [ 120.137300640000035, -1.652012787999979 ], [ 120.136542880000093, -1.651444867999942 ], [ 120.136451920000013, -1.651340317999939 ], [ 120.135946380000064, -1.650759267999945 ], [ 120.135845610000047, -1.649738627999966 ], [ 120.136028171000021, -1.648798837999948 ], [ 120.136058730000059, -1.64870450799998 ], [ 120.136326890000078, -1.647876937999968 ], [ 120.1366462310001, -1.646954997999956 ], [ 120.136773110000036, -1.646407727999929 ], [ 120.136864130000049, -1.646015157999955 ], [ 120.137067160000015, -1.645048738999947 ], [ 120.137255220000043, -1.644153617999962 ], [ 120.137448710000058, -1.643204776999937 ], [ 120.13755113000002, -1.642584227999976 ], [ 120.137605300000018, -1.642255997999939 ], [ 120.137633800000117, -1.641967057999977 ], [ 120.137699750000024, -1.641298287999973 ], [ 120.137725730000057, -1.64033165799998 ], [ 120.137710900000116, -1.639365077999969 ], [ 120.13768527000002, -1.638398527999925 ], [ 120.137651990000109, -1.637780387999953 ], [ 120.13763323, -1.63743201799997 ], [ 120.137432341000022, -1.635670777999962 ], [ 120.137357540000039, -1.635099277999927 ], [ 120.137305861000073, -1.634704377999981 ], [ 120.137179100000026, -1.633737977999942 ], [ 120.137060331000043, -1.632762537999952 ], [ 120.136957860000052, -1.631805137999947 ], [ 120.136880070000075, -1.630847697999968 ], [ 120.136868940000113, -1.630610708999939 ], [ 120.136835101000088, -1.629890197999941 ], [ 120.136854281000069, -1.628959707999968 ], [ 120.136923061000061, -1.628839177999964 ], [ 120.137010580000037, -1.628788777999944 ], [ 120.137445750000097, -1.62844759799998 ], [ 120.137931961000049, -1.62821701799993 ], [ 120.13816698100004, -1.628086377999978 ], [ 120.138459420000117, -1.627850487999979 ], [ 120.138778630000047, -1.627613398999927 ], [ 120.139126120000014, -1.627504856999963 ], [ 120.139570410000033, -1.627224406999972 ], [ 120.140021110000021, -1.626793837999969 ], [ 120.140332311000066, -1.626263737999977 ], [ 120.140742551000017, -1.625200717999974 ], [ 120.1410466210001, -1.624996428999964 ], [ 120.141812680000044, -1.624417076999976 ], [ 120.142379990000109, -1.623792739999942 ], [ 120.142407431000038, -1.623762537999937 ], [ 120.142453850000038, -1.623711457999946 ], [ 120.143018600000119, -1.622933687999932 ], [ 120.143540521000091, -1.622119846999965 ], [ 120.143740371000035, -1.621783447999974 ], [ 120.14404009000009, -1.62127894799994 ], [ 120.144194290000087, -1.621024257999977 ], [ 120.144538291000117, -1.620456107999928 ], [ 120.14476078000007, -1.620130167999946 ], [ 120.145100030000094, -1.619633177999958 ], [ 120.14564534100009, -1.618801237999946 ], [ 120.145987211000033, -1.617924457999948 ], [ 120.146049040000094, -1.617002937999928 ], [ 120.145976740000037, -1.616045497999949 ], [ 120.145822511, -1.61507914799995 ], [ 120.145680671000036, -1.614339617999974 ], [ 120.145635440000092, -1.614103817999933 ], [ 120.14558468000007, -1.613816608999969 ], [ 120.145464661, -1.613137497999958 ], [ 120.145358050000027, -1.612460947999978 ], [ 120.145313810000061, -1.61218017799996 ], [ 120.145263641000042, -1.611913197999968 ], [ 120.145135630000027, -1.611231927999938 ], [ 120.14495503, -1.610283688999971 ], [ 120.144839630000092, -1.609281148999969 ], [ 120.144752160000053, -1.608853717999978 ], [ 120.144647440000085, -1.608341957999926 ], [ 120.144284630000016, -1.607664167999928 ], [ 120.144202941000117, -1.607511557999942 ], [ 120.143632411000112, -1.606717487999958 ], [ 120.142999121000116, -1.605977717999963 ], [ 120.142717850000054, -1.605707677999931 ], [ 120.14229454000008, -1.605301287999964 ], [ 120.141488980000076, -1.604715357999964 ], [ 120.140820610000105, -1.604056937999928 ], [ 120.140724530000057, -1.603764498999965 ], [ 120.14053286, -1.60318112799996 ], [ 120.140494161000106, -1.602178457999969 ], [ 120.140419370000018, -1.601255677999973 ], [ 120.140415831000041, -1.601211987999932 ], [ 120.140410520000046, -1.601132947999929 ], [ 120.140350961000081, -1.600245487999928 ], [ 120.140302426000062, -1.599504790999958 ], [ 120.140287630000103, -1.59927898899997 ], [ 120.14034885, -1.598588857999971 ], [ 120.140361210000037, -1.598449519999974 ], [ 120.140387121000117, -1.598157439999966 ], [ 120.140445520000071, -1.597499127999924 ], [ 120.140708630000063, -1.597154338999928 ], [ 120.14103904000001, -1.596721327999944 ], [ 120.141638721000049, -1.595934487999955 ], [ 120.141814311000076, -1.595552517999977 ], [ 120.142033510000033, -1.595075687999952 ], [ 120.142245260000095, -1.594158377999975 ], [ 120.142246290000116, -1.594153937999977 ], [ 120.142307937000055, -1.593684688999929 ], [ 120.142373300000031, -1.593187149999949 ], [ 120.14238750100003, -1.593018432999941 ], [ 120.142404981000027, -1.592810768999925 ], [ 120.142438914000081, -1.592407461999926 ], [ 120.142455410000025, -1.59221139999994 ], [ 120.142481148000115, -1.591888525999934 ], [ 120.142500630000086, -1.591644128999974 ], [ 120.1425331800001, -1.59123565799996 ], [ 120.142638470000065, -1.590277937999929 ], [ 120.142673710000054, -1.589968477999946 ], [ 120.142747541000062, -1.589320207999947 ], [ 120.142852960000027, -1.588353457999972 ], [ 120.142875110000091, -1.588142424999944 ], [ 120.14291060000005, -1.587804289999951 ], [ 120.142934274000027, -1.58757873299993 ], [ 120.142953480000074, -1.587395747999949 ], [ 120.143048380000096, -1.586429008999971 ], [ 120.143062471, -1.586275447999981 ], [ 120.143136281000011, -1.585471318999964 ], [ 120.143205942, -1.584632788999954 ], [ 120.143216590000065, -1.584504609999954 ], [ 120.14322332100005, -1.584418306999964 ], [ 120.143275051000046, -1.583755087999975 ], [ 120.143290216000082, -1.583560648999935 ], [ 120.14329199000008, -1.583537898999964 ], [ 120.143364450000036, -1.582571199999961 ], [ 120.143384101000038, -1.582297899999958 ], [ 120.143433961000028, -1.581604499999969 ], [ 120.143478360000017, -1.580967279999925 ], [ 120.143500691000099, -1.580646839999929 ], [ 120.143509040000026, -1.580521347999934 ], [ 120.143518991000064, -1.580371768999953 ], [ 120.143565010000088, -1.579680147999966 ], [ 120.143588971000099, -1.579306238999948 ], [ 120.143608359000041, -1.57900369999993 ], [ 120.143608770000014, -1.578997289999961 ], [ 120.143617941000116, -1.578854239999941 ], [ 120.143626961000109, -1.578713469999968 ], [ 120.143686940000066, -1.577746779999927 ], [ 120.143744971000046, -1.57678913999996 ], [ 120.143801301000053, -1.575822459999927 ], [ 120.143859230000089, -1.574914339999964 ], [ 120.143860766000103, -1.574890290999974 ], [ 120.14386297100009, -1.574855778999961 ], [ 120.143861881000021, -1.574244868999926 ], [ 120.143861622000031, -1.574101035999945 ], [ 120.143861240000092, -1.573889189999932 ], [ 120.143681691000097, -1.572940939999967 ], [ 120.143433711000057, -1.572001829999977 ], [ 120.143125311000063, -1.571080869999946 ], [ 120.142699341000025, -1.570232359999977 ], [ 120.142088221000108, -1.569474459999981 ], [ 120.141758741000103, -1.568979229999968 ], [ 120.14154786000006, -1.56866225999994 ], [ 120.141138341000101, -1.568076099999928 ], [ 120.140986750000025, -1.56785911999998 ], [ 120.140452960000061, -1.567037869999979 ], [ 120.140107200000102, -1.566404059999968 ], [ 120.139995031000012, -1.566198439999937 ], [ 120.139663130000031, -1.565313639999943 ], [ 120.13959538000006, -1.564910839999925 ], [ 120.139503640000044, -1.564365359999954 ], [ 120.139453930000059, -1.563380769999981 ], [ 120.139438350000091, -1.562833069999954 ], [ 120.139425660000029, -1.562387119999926 ], [ 120.139392810000118, -1.562056438999946 ], [ 120.139330550000068, -1.561429699999962 ], [ 120.139076040000077, -1.560526719999928 ], [ 120.138720020000051, -1.559986139999978 ], [ 120.138547060000064, -1.559723529999928 ], [ 120.137839540000073, -1.559019969999952 ], [ 120.137836170000014, -1.559017198999925 ], [ 120.137091480000095, -1.558406799999943 ], [ 120.136280010000064, -1.557884069999943 ], [ 120.13541677, -1.557442719999926 ], [ 120.134536640000078, -1.557055589999948 ], [ 120.13363108100009, -1.556731729999967 ], [ 120.132703010000114, -1.556462109999927 ], [ 120.131769400000053, -1.556237669999973 ], [ 120.131453730000089, -1.556220929999938 ], [ 120.130775170000106, -1.556184949999931 ], [ 120.130482371000085, -1.556488779999938 ], [ 120.130156170000078, -1.556827269999928 ], [ 120.129825001000086, -1.557426369999973 ], [ 120.129666381000106, -1.557713299999932 ], [ 120.128789510000047, -1.55807595999994 ], [ 120.128156760000024, -1.558047589999944 ], [ 120.127814500000113, -1.55803224999994 ], [ 120.1272383700001, -1.558054689999949 ], [ 120.126849720000109, -1.558069829999965 ], [ 120.126670210000043, -1.558095609999953 ], [ 120.125896441, -1.558206759999962 ], [ 120.124947981000105, -1.558379819999971 ], [ 120.12401361000002, -1.558598019999977 ], [ 120.124001400000111, -1.558602299999961 ], [ 120.123081220000017, -1.558924629999979 ], [ 120.122465350000084, -1.55959404999993 ], [ 120.122329600000057, -1.560028699999975 ], [ 120.122168970000075, -1.560543029999963 ], [ 120.121677200000022, -1.561383909999961 ], [ 120.121307271000092, -1.561926579999977 ], [ 120.121128571000099, -1.562188729999946 ], [ 120.120513640000013, -1.56293041999993 ], [ 120.119776750000028, -1.563527749999935 ], [ 120.118882491000022, -1.56393560999993 ], [ 120.11861465000004, -1.563992809999945 ], [ 120.11794529000008, -1.564135749999934 ], [ 120.116968160000056, -1.564092049999942 ], [ 120.116551740000091, -1.563913449999973 ], [ 120.116107541000019, -1.563722949999942 ], [ 120.115305111000112, -1.563155019999954 ], [ 120.114484400000038, -1.562650978999955 ], [ 120.113439641000014, -1.562209249999967 ], [ 120.113047160000065, -1.56220621999995 ], [ 120.1124587810001, -1.56220167999993 ], [ 120.111742850000041, -1.562216288999934 ], [ 120.111503630000016, -1.56222116999993 ], [ 120.110753241000111, -1.562800459999949 ], [ 120.110008250000078, -1.563424909999981 ], [ 120.109708910000109, -1.563513119999925 ], [ 120.109083900000087, -1.563697299999944 ], [ 120.108377860000019, -1.563756809999973 ], [ 120.108101911000063, -1.56378006999995 ], [ 120.10755559100005, -1.56370727999996 ], [ 120.107163231000072, -1.563655 ], [ 120.106808801000057, -1.563550439999972 ], [ 120.10621871100011, -1.563376349999942 ], [ 120.105625470000064, -1.563114878999954 ], [ 120.105319890000033, -1.56298019999997 ], [ 120.104542031000051, -1.562430289999952 ], [ 120.103848040000116, -1.561780879999958 ], [ 120.103200070000071, -1.561050099999932 ], [ 120.102994491000118, -1.560780259999945 ], [ 120.102601960000015, -1.560265039999933 ], [ 120.102280990000054, -1.559785929999975 ], [ 120.102057821000017, -1.559452789999966 ], [ 120.101841190000073, -1.559068909999951 ], [ 120.101594300000102, -1.55863138999996 ], [ 120.101387430000045, -1.557683139999938 ], [ 120.101257990000022, -1.556823228999974 ], [ 120.101240681000036, -1.556708239999978 ], [ 120.100241170000118, -1.557178939999972 ], [ 120.099683730000038, -1.557399669999938 ], [ 120.099348070000019, -1.557532579999929 ], [ 120.09877090000009, -1.557708919999925 ], [ 120.098660401000075, -1.557742678999944 ], [ 120.098655865000069, -1.557720200999938 ], [ 120.098635960000024, -1.557621558999926 ], [ 120.098800800000049, -1.556865387999949 ], [ 120.099394460000099, -1.555753727999956 ], [ 120.099790950000056, -1.555207027999927 ], [ 120.100280520000069, -1.554143557999964 ], [ 120.10074338000004, -1.55341491799993 ], [ 120.10114117, -1.552715217999946 ], [ 120.101399100000094, -1.551958687999957 ], [ 120.101490090000084, -1.551374947999932 ], [ 120.101931340000078, -1.54982390899994 ], [ 120.102031420000117, -1.549182747999964 ], [ 120.102392770000051, -1.548703157999967 ], [ 120.103339620000042, -1.547916337999936 ], [ 120.103504590000057, -1.547556357999952 ], [ 120.103725690000033, -1.547073867999927 ], [ 120.104142820000106, -1.546196957999939 ], [ 120.104576380000026, -1.545338097999945 ], [ 120.105027190000101, -1.544479217999935 ], [ 120.105321920000051, -1.543979587999956 ], [ 120.105512560000079, -1.543656417999955 ], [ 120.106139470000016, -1.542969458999949 ], [ 120.10614122000004, -1.542634759999942 ], [ 120.106045760000029, -1.541984789999958 ], [ 120.105771750000031, -1.540876458999946 ], [ 120.106018170000084, -1.539517458999967 ], [ 120.106079340000065, -1.538417387999971 ], [ 120.106253620000075, -1.537699429999975 ], [ 120.106260716000065, -1.537110909999967 ], [ 120.106260770000063, -1.537106447999975 ], [ 120.106700190000083, -1.535489427999948 ], [ 120.107071460000043, -1.534750617999975 ], [ 120.107699450000041, -1.534112028999971 ], [ 120.108222230000024, -1.533787037999957 ], [ 120.108796700000084, -1.533261827999979 ], [ 120.108855910000102, -1.533198137999932 ], [ 120.108933080000043, -1.53323187899997 ], [ 120.109177900000077, -1.532567367999945 ], [ 120.108794860000103, -1.532399947999977 ], [ 120.108904984000105, -1.532279398999947 ], [ 120.109357690000024, -1.531783838999957 ], [ 120.109930220000024, -1.53084397899994 ], [ 120.110167340000089, -1.530307257999937 ], [ 120.110403950000091, -1.529625427999974 ], [ 120.110487140000032, -1.528586978999954 ], [ 120.110343870000065, -1.528029407999952 ], [ 120.110018780000019, -1.527134867999962 ], [ 120.10956619000001, -1.526313357999925 ], [ 120.109451240000112, -1.52471819799996 ], [ 120.109414718000039, -1.52433500099994 ], [ 120.109377290000111, -1.523942297999952 ], [ 120.109632350000084, -1.523191618999931 ], [ 120.10992633, -1.522549708999975 ], [ 120.109918140000104, -1.52232517799996 ], [ 120.110248080000019, -1.520962527999927 ], [ 120.11071220000008, -1.519935487999931 ], [ 120.111830400000031, -1.518665627999951 ], [ 120.112620340000035, -1.518026737999946 ], [ 120.113012480000066, -1.51781202799998 ], [ 120.11452377, -1.517437737999956 ], [ 120.11584933000006, -1.517446568999958 ], [ 120.117291120000118, -1.517354887999943 ], [ 120.118005580000045, -1.517087717999971 ], [ 120.11883768000007, -1.516722037999955 ], [ 120.118892430000074, -1.516697977999968 ], [ 120.119758180000076, -1.516263098999957 ], [ 120.120254790000104, -1.515960308999979 ], [ 120.120520300000067, -1.515428137999947 ], [ 120.121184830000061, -1.51375952799998 ], [ 120.122876950000091, -1.51163837799993 ], [ 120.123249010000109, -1.511028187999955 ], [ 120.124082750000071, -1.508718127999941 ], [ 120.124548490000052, -1.508139618999962 ], [ 120.125308430000018, -1.506983247999926 ], [ 120.126138080000032, -1.506262137999954 ], [ 120.126256170000033, -1.50599135899995 ], [ 120.126677280000081, -1.505154237999932 ], [ 120.126697290000038, -1.505114448999961 ], [ 120.127219860000082, -1.504309697999929 ], [ 120.127625870000088, -1.503917678999926 ], [ 120.127885150000111, -1.503667337999957 ], [ 120.128307130000053, -1.503451527999971 ], [ 120.128753120000056, -1.503223437999964 ], [ 120.129301620000092, -1.50301443799998 ], [ 120.12968125000009, -1.502869788999931 ], [ 120.130605620000097, -1.502623367999945 ], [ 120.130583342000023, -1.502410977999943 ], [ 120.130580961000078, -1.502388278999945 ], [ 120.135570631000064, -1.503966107999929 ], [ 120.136397190000025, -1.503881707999938 ], [ 120.13625877000004, -1.50351257799997 ], [ 120.136132341, -1.502857584999958 ], [ 120.136122561000093, -1.502806918999966 ], [ 120.136250441000016, -1.502349357999947 ], [ 120.136826984000095, -1.500706718999936 ], [ 120.136883197000088, -1.500546560999965 ], [ 120.13689708000004, -1.500507007999943 ], [ 120.136467440000047, -1.500063177999948 ], [ 120.13667711100004, -1.498864727999944 ], [ 120.136803891000113, -1.497800788999939 ], [ 120.136847230000058, -1.497631718999969 ], [ 120.136840075, -1.497316642999976 ], [ 120.136833830000114, -1.497041628999966 ], [ 120.136894080000047, -1.496572757999957 ], [ 120.136887242000057, -1.496099312999945 ], [ 120.136886560000107, -1.496052068999973 ], [ 120.137054590000048, -1.495796847999941 ], [ 120.137752330000012, -1.495620567999936 ], [ 120.13877216000003, -1.495474317999935 ], [ 120.138521781, -1.49463875899994 ], [ 120.140743510000107, -1.493516787999965 ], [ 120.142874710000115, -1.493513718999964 ], [ 120.142999520000103, -1.493292847999953 ], [ 120.143239180000023, -1.493165838999971 ], [ 120.143849360000104, -1.492701188999945 ], [ 120.144295270000043, -1.49206358899994 ], [ 120.144402330000048, -1.491666677999945 ], [ 120.144508790000032, -1.490617458999964 ], [ 120.144614352000076, -1.490114317999939 ], [ 120.14461545100005, -1.490109077999932 ], [ 120.144728400000076, -1.489867447999927 ], [ 120.144951490000039, -1.489585197999929 ], [ 120.145348831000092, -1.489287648999948 ], [ 120.145965881000052, -1.488755357999935 ], [ 120.146355740000104, -1.488357338999947 ], [ 120.146573471000011, -1.488067797999975 ], [ 120.146712630000025, -1.487694506999958 ], [ 120.146795251000071, -1.487427417999925 ], [ 120.146956181000064, -1.486681287999943 ], [ 120.14695585100003, -1.486100247999957 ], [ 120.147171271000047, -1.485178497999925 ], [ 120.147450420000041, -1.484662137999976 ], [ 120.147785530000078, -1.484370307999939 ], [ 120.148461711000095, -1.483958388999952 ], [ 120.149079030000053, -1.483638307999968 ], [ 120.151098301000047, -1.478958028999955 ], [ 120.15590907, -1.474476137999943 ], [ 120.159615680000115, -1.472460668999929 ], [ 120.159643210000013, -1.472166717999926 ], [ 120.159739670000022, -1.47182055899998 ], [ 120.159756792000053, -1.471743014999959 ], [ 120.159867850000069, -1.471240038999952 ], [ 120.160075870000014, -1.470746688999952 ], [ 120.160264710000092, -1.469899978999933 ], [ 120.160361610000109, -1.469676517999972 ], [ 120.160696581000025, -1.46922903899997 ], [ 120.160945170000105, -1.468915748999962 ], [ 120.161381360000064, -1.468610658999978 ], [ 120.161872601000027, -1.468501608999929 ], [ 120.162332340000034, -1.468471178999948 ], [ 120.165155830000117, -1.462529687999961 ], [ 120.165465520000112, -1.462217127999963 ], [ 120.16547813000011, -1.462181127999941 ], [ 120.165508850000037, -1.46210078799993 ], [ 120.165589880000084, -1.461887307999973 ], [ 120.165663430000109, -1.461688197999933 ], [ 120.165951201000098, -1.46138095799995 ], [ 120.166146800000092, -1.461078028999964 ], [ 120.166527401000053, -1.460742487999937 ], [ 120.166704770000024, -1.460550587999933 ], [ 120.167087391000109, -1.460327107999944 ], [ 120.167324370000074, -1.460200897999925 ], [ 120.167496010000036, -1.460167857999977 ], [ 120.169966031000058, -1.457674988999941 ], [ 120.174781421000034, -1.456549428999949 ], [ 120.179320001000065, -1.451616467999941 ], [ 120.179316500000027, -1.451098447999925 ], [ 120.179338955000048, -1.450895478999939 ], [ 120.179428201000064, -1.450088777999952 ], [ 120.179534981000074, -1.449361627999963 ], [ 120.179789700000015, -1.448855327999979 ], [ 120.179911351000101, -1.448679968999954 ], [ 120.180087781000111, -1.448502638999969 ], [ 120.180369290000044, -1.44821081799995 ], [ 120.181039210000108, -1.448085157999969 ], [ 120.181403381000109, -1.448147647999974 ], [ 120.181710801, -1.448265097999979 ], [ 120.181733730000019, -1.448273858999926 ], [ 120.181849350000107, -1.44831802799996 ], [ 120.182324600000015, -1.448635868999929 ], [ 120.182797320000077, -1.449000088999981 ], [ 120.183073390000118, -1.449110028999939 ], [ 120.183433240000113, -1.449300427999958 ], [ 120.183711970000104, -1.449564947999932 ], [ 120.184547920000114, -1.450299468999958 ], [ 120.185239490000072, -1.45083780799996 ], [ 120.185560870000018, -1.450984087999927 ], [ 120.186151140000106, -1.451326067999958 ], [ 120.186695950000058, -1.451495607999959 ], [ 120.187152810000043, -1.451558167999963 ], [ 120.187612310000077, -1.451502217999973 ], [ 120.188114650000102, -1.451382148999926 ], [ 120.188501950000045, -1.451228098999934 ], [ 120.189410560000056, -1.450904707999939 ], [ 120.190668200000118, -1.450437267999973 ], [ 120.19111311000006, -1.450322337999978 ], [ 120.192678030000025, -1.450070107999977 ], [ 120.194004440000072, -1.45006363899995 ], [ 120.194348990000094, -1.450004368999942 ], [ 120.1954991, -1.450230957999963 ], [ 120.195853910000096, -1.450352517999931 ], [ 120.196376750000013, -1.450586538999971 ], [ 120.196736700000088, -1.45080153899994 ], [ 120.196904760000052, -1.450923847999945 ], [ 120.197265060000063, -1.451232308999977 ], [ 120.19752480000011, -1.451541177999957 ], [ 120.197736690000056, -1.451860077999925 ], [ 120.198383260000014, -1.453165997999974 ], [ 120.198561510000104, -1.45345059899995 ], [ 120.198897530000067, -1.453670607999925 ], [ 120.199141990000044, -1.453733578999959 ], [ 120.199429450000025, -1.453771778999965 ], [ 120.199917880000044, -1.453769817999955 ], [ 120.200171870000077, -1.453822917999958 ], [ 120.200588960000118, -1.453949138999974 ], [ 120.200915590000022, -1.454218388999948 ], [ 120.201697780000018, -1.454657987999951 ], [ 120.202062450000085, -1.454853287999924 ], [ 120.203036040000029, -1.455338457999972 ], [ 120.204803020000099, -1.455245678999972 ], [ 120.20645486, -1.454695117999961 ], [ 120.207914660000029, -1.453886538999939 ], [ 120.20905482, -1.453782757999932 ], [ 120.211165530000017, -1.453869048999934 ], [ 120.212987220000059, -1.453195237999978 ], [ 120.214184910000085, -1.453188788999967 ], [ 120.215785470000014, -1.453902788999926 ], [ 120.21696884000005, -1.454670457999953 ], [ 120.217731190000109, -1.455200828999978 ], [ 120.219200350000051, -1.456247537999957 ], [ 120.219714440000075, -1.456401007999943 ], [ 120.220531410000035, -1.45629895899998 ], [ 120.221119860000044, -1.45612002799993 ], [ 120.221348190000072, -1.456157857999926 ], [ 120.221733349000033, -1.45591860899998 ], [ 120.221727840000085, -1.455916828999932 ], [ 120.222226940000041, -1.455499428999929 ], [ 120.22261083, -1.45510767899998 ], [ 120.222838320000051, -1.454689988999974 ], [ 120.223060980000014, -1.454223887999945 ], [ 120.223654450000026, -1.453714357999957 ], [ 120.224324080000088, -1.452233767999928 ], [ 120.224387800000045, -1.452096107999978 ], [ 120.224566490000029, -1.451866777999953 ], [ 120.225092760000052, -1.451044038999953 ], [ 120.22552346000009, -1.45017626899994 ], [ 120.225734260000081, -1.449500367999974 ], [ 120.225808120000011, -1.449263538999958 ], [ 120.225918790000037, -1.448287837999942 ], [ 120.226024130000042, -1.447312138999962 ], [ 120.226157890000081, -1.446892267999942 ], [ 120.226266130000113, -1.446552477999944 ], [ 120.226358130000108, -1.446421717999954 ], [ 120.226431370000114, -1.446317628999964 ], [ 120.22665475000008, -1.445969497999954 ], [ 120.22762703, -1.445308957999941 ], [ 120.22801956, -1.445017748999931 ], [ 120.228393610000012, -1.44478444799995 ], [ 120.228860990000044, -1.444454277999967 ], [ 120.229216090000023, -1.44418253799995 ], [ 120.229627080000114, -1.443833397999924 ], [ 120.230243680000058, -1.443328967999946 ], [ 120.230523340000104, -1.442980538999961 ], [ 120.230896330000064, -1.442535237999948 ], [ 120.231381200000101, -1.441954417999966 ], [ 120.231699360000107, -1.441798517999928 ], [ 120.232074, -1.441680858999973 ], [ 120.23276748, -1.441542208999977 ], [ 120.233270430000061, -1.441462097999931 ], [ 120.234829270000091, -1.441145627999958 ], [ 120.235708030000069, -1.440543418999937 ], [ 120.236525620000066, -1.439970287999927 ], [ 120.237521340000058, -1.439242318999959 ], [ 120.237988910000013, -1.438950698999975 ], [ 120.238643310000043, -1.438503877999949 ], [ 120.239410370000087, -1.438075728999934 ], [ 120.239453800000092, -1.438076498999976 ], [ 120.239657510000029, -1.437261658999944 ], [ 120.239161390000049, -1.437251527999933 ], [ 120.239628030000063, -1.436984408999933 ], [ 120.239738610000018, -1.436937258999933 ], [ 120.23981346000005, -1.436637848999965 ], [ 120.240214840000021, -1.436304277999966 ], [ 120.240962650000029, -1.436308967999935 ], [ 120.24112442, -1.436196788999951 ], [ 120.241529600000035, -1.435948047999943 ], [ 120.241859630000022, -1.435541658999966 ], [ 120.242140170000084, -1.434963377999964 ], [ 120.242306130000088, -1.434543287999929 ], [ 120.242250470000045, -1.433643697999969 ], [ 120.241957180000099, -1.43194503899997 ], [ 120.241980222000052, -1.431755358999965 ], [ 120.241993680000064, -1.431644568999957 ], [ 120.242136460000097, -1.43104565799996 ], [ 120.242217720000099, -1.430704847999948 ], [ 120.242309370000044, -1.430350347999934 ], [ 120.24246069000003, -1.429765097999962 ], [ 120.242697930000077, -1.428904518999957 ], [ 120.242717270000071, -1.428834367999968 ], [ 120.242736750000063, -1.428765829999975 ], [ 120.242981710000095, -1.427903628999957 ], [ 120.243200250000086, -1.427148747999979 ], [ 120.243248550000089, -1.426981908999949 ], [ 120.24351243000001, -1.426051167999958 ], [ 120.243767740000067, -1.425111407999964 ], [ 120.244008910000048, -1.424180698999976 ], [ 120.244071210000016, -1.423856098999977 ], [ 120.244393120000041, -1.423221047999959 ], [ 120.244697410000072, -1.422459838999941 ], [ 120.244966730000101, -1.421680848999927 ], [ 120.245528180000065, -1.420628247999957 ], [ 120.245690300000092, -1.420114958999932 ], [ 120.245876430000067, -1.419486867999979 ], [ 120.245961760000114, -1.418970297999977 ], [ 120.246061770000097, -1.418486798999936 ], [ 120.24641234, -1.418026047999945 ], [ 120.246999810000034, -1.417248408999967 ], [ 120.247543210000117, -1.41643470799994 ], [ 120.24803522000002, -1.415584947999946 ], [ 120.248158950000061, -1.41536341799997 ], [ 120.248213140000075, -1.415326268999934 ], [ 120.248707640000021, -1.415044687999966 ], [ 120.250026110000022, -1.412981707999961 ], [ 120.250056520000044, -1.412937618999933 ], [ 120.250432400000022, -1.41268208799994 ], [ 120.250853490000054, -1.412519018999944 ], [ 120.251345390000097, -1.412328527999932 ], [ 120.252233250000018, -1.412084297999968 ], [ 120.252302530000065, -1.412065237999968 ], [ 120.252343580000115, -1.412056037999946 ], [ 120.253235910000058, -1.411856168999975 ], [ 120.25380494, -1.411785517999931 ], [ 120.254411830000095, -1.411969407999948 ], [ 120.255625920000057, -1.412398358999951 ], [ 120.258943320000071, -1.41487240899994 ], [ 120.260376290000067, -1.41582578799995 ], [ 120.261969970000109, -1.41624130799994 ], [ 120.263500350000072, -1.416298917999939 ], [ 120.26394968000011, -1.416289187999951 ], [ 120.265564510000104, -1.416135547999943 ], [ 120.267097660000104, -1.41589468799998 ], [ 120.268701790000023, -1.414941218999957 ], [ 120.269778090000045, -1.413723197999957 ], [ 120.270482550000111, -1.412518587999955 ], [ 120.27056683, -1.412263567999958 ], [ 120.270717090000062, -1.412040118999926 ], [ 120.27136581000002, -1.411476428999947 ], [ 120.271709840000085, -1.411276087999966 ], [ 120.273089750000054, -1.410446858999933 ], [ 120.273886150000067, -1.410009937999973 ], [ 120.274531780000075, -1.409657177999975 ], [ 120.275803100000076, -1.408796528999972 ], [ 120.276004200000102, -1.408704207999961 ], [ 120.276718600000095, -1.408092498999963 ], [ 120.277039140000056, -1.407824597999934 ], [ 120.277674830000024, -1.406878918999951 ], [ 120.278065820000052, -1.405759117999935 ], [ 120.278153230000044, -1.405305097999928 ], [ 120.278299070000116, -1.404934417999925 ], [ 120.278331900000012, -1.404634768999927 ], [ 120.2784483800001, -1.403571548999935 ], [ 120.278867050000031, -1.403584827999964 ], [ 120.278880220000019, -1.403556518999949 ], [ 120.279086880000023, -1.403112389999933 ], [ 120.27940745, -1.402208697999924 ], [ 120.279411544000027, -1.402187069999968 ], [ 120.279486110000107, -1.401793118999933 ], [ 120.279580754000108, -1.401293050999925 ], [ 120.279581870000015, -1.401287149999973 ], [ 120.279535360000068, -1.400311719999934 ], [ 120.279356330000041, -1.399336479999931 ], [ 120.279091400000084, -1.398397490999969 ], [ 120.278432400000042, -1.397786779999933 ], [ 120.278400450000049, -1.397757159999969 ], [ 120.277695270000095, -1.397569859999976 ], [ 120.277453270000024, -1.39750558999998 ], [ 120.276857950000021, -1.397210009999981 ], [ 120.276600660000099, -1.397082259999934 ], [ 120.27591201000007, -1.396387740999955 ], [ 120.275677420000079, -1.395956779999949 ], [ 120.275455110000053, -1.395548359999964 ], [ 120.275307510000061, -1.395032319999927 ], [ 120.275186530000042, -1.394609369999955 ], [ 120.275069090000102, -1.393643069999939 ], [ 120.275070485000015, -1.393505323999932 ], [ 120.275072580000028, -1.393298468999944 ], [ 120.27507933000004, -1.392631427999959 ], [ 120.27507507100006, -1.392535117999955 ], [ 120.275050640000018, -1.391982667999969 ], [ 120.275047095000104, -1.391902526999957 ], [ 120.275036190000037, -1.391655989999947 ], [ 120.274750890000064, -1.390789279999979 ], [ 120.274187120000079, -1.390040369999952 ], [ 120.273462190000032, -1.389363959999969 ], [ 120.273002210000072, -1.38898826999997 ], [ 120.27268937000008, -1.388732759999925 ], [ 120.272376780000059, -1.388489 ], [ 120.2719262600001, -1.388137689999951 ], [ 120.271094410000046, -1.387614969999959 ], [ 120.270559710000043, -1.387438009999926 ], [ 120.270197520000011, -1.387318139999934 ], [ 120.269245790000014, -1.38722010999993 ], [ 120.268926940000028, -1.387217609999936 ], [ 120.268266980000021, -1.387212439999928 ], [ 120.267926390000071, -1.387206599999956 ], [ 120.267292510000061, -1.387195729999974 ], [ 120.266354210000031, -1.387079619999952 ], [ 120.265437690000113, -1.386584099999936 ], [ 120.265253970000117, -1.386060739999948 ], [ 120.265173400000094, -1.385831218999954 ], [ 120.265237750000097, -1.385825027999942 ], [ 120.265437310000038, -1.385805818999927 ], [ 120.266323490000104, -1.385718707999956 ], [ 120.266660340000044, -1.38568807799993 ], [ 120.267563120000091, -1.385712158999979 ], [ 120.269782130000067, -1.385803458999931 ], [ 120.271265130000074, -1.385863417999929 ], [ 120.272084670000027, -1.385767018999957 ], [ 120.274959710000076, -1.385458748999952 ], [ 120.27523636, -1.385424317999934 ], [ 120.275669420000099, -1.385380818999977 ], [ 120.276045910000107, -1.385255188999963 ], [ 120.277323680000109, -1.384848667999961 ], [ 120.278073460000087, -1.384762278999972 ], [ 120.279649260000042, -1.384589098999925 ], [ 120.280431140000019, -1.384502547999944 ], [ 120.282019480000031, -1.384432327999946 ], [ 120.28244609, -1.38389430899997 ], [ 120.282597630000055, -1.383712167999931 ], [ 120.282632190000072, -1.383398768999939 ], [ 120.282670940000116, -1.383122438999976 ], [ 120.282700868, -1.382883805999938 ], [ 120.282721110000011, -1.382722408999939 ], [ 120.283119290000059, -1.382214767999926 ], [ 120.283478660000014, -1.382033768999975 ], [ 120.28431726000008, -1.381562918999975 ], [ 120.285058880000065, -1.381113348999975 ], [ 120.285153580000042, -1.381055947999926 ], [ 120.285285330000079, -1.38098072899993 ], [ 120.28588564000006, -1.380638027999964 ], [ 120.286041780000119, -1.380548897999972 ], [ 120.286406340000099, -1.38031050799998 ], [ 120.286886160000108, -1.379996757999947 ], [ 120.287580260000027, -1.379372558999933 ], [ 120.287728390000098, -1.379101408999929 ], [ 120.287985200000094, -1.378631348999932 ], [ 120.287930266000103, -1.377881890999959 ], [ 120.287915030000022, -1.377674028999934 ], [ 120.287763298000073, -1.377074826999944 ], [ 120.287737870000115, -1.376974408999956 ], [ 120.287705016000018, -1.376844675999962 ], [ 120.287652090000051, -1.376635678999946 ], [ 120.287646790000053, -1.376608156999964 ], [ 120.28758984000001, -1.376312419999977 ], [ 120.287467780000043, -1.375678509999943 ], [ 120.287261890000082, -1.374730409999927 ], [ 120.287037220000116, -1.373782329999926 ], [ 120.28688374, -1.373122320999926 ], [ 120.286816750000071, -1.372834239999975 ], [ 120.286623620000114, -1.371886120999932 ], [ 120.286597860000029, -1.371714549999979 ], [ 120.286481260000073, -1.37093791999996 ], [ 120.286465190000058, -1.370707750999941 ], [ 120.286428527000112, -1.370182744999966 ], [ 120.286415040000065, -1.369989618999966 ], [ 120.286443810000037, -1.369484517999979 ], [ 120.28647009000008, -1.369023088999938 ], [ 120.286625690000051, -1.36805641899997 ], [ 120.286713100000043, -1.36767582899995 ], [ 120.286815340000089, -1.367590917999962 ], [ 120.287397110000029, -1.367119507999973 ], [ 120.288109320000103, -1.36648269899996 ], [ 120.288104460000113, -1.365502119999974 ], [ 120.28779239000005, -1.365038049999953 ], [ 120.287754480000103, -1.364981388999979 ], [ 120.287905820000105, -1.364459799999963 ], [ 120.287898050000081, -1.364443439999945 ], [ 120.287494620000075, -1.363593270999957 ], [ 120.286861950000116, -1.362894719999929 ], [ 120.286808320000091, -1.36283549999996 ], [ 120.286807680000038, -1.362835079999968 ], [ 120.286507340000071, -1.362637289999952 ], [ 120.286014490000071, -1.362312719999977 ], [ 120.285324900000091, -1.361986349999938 ], [ 120.285155750000058, -1.361730399999942 ], [ 120.284203640000101, -1.360289699999953 ], [ 120.282549860000017, -1.358512829999938 ], [ 120.281474280000111, -1.356596450999973 ], [ 120.280780760000084, -1.355661749999967 ], [ 120.280375400000025, -1.354405779999979 ], [ 120.279525650000096, -1.353357389999928 ], [ 120.279226520000066, -1.352430709999965 ], [ 120.279171070000075, -1.352320499999962 ], [ 120.279032670000106, -1.352045429999976 ], [ 120.278801430000044, -1.351285058999963 ], [ 120.278688639000052, -1.350917528999958 ], [ 120.278550950000067, -1.350468869999929 ], [ 120.278542306000077, -1.350440703999936 ], [ 120.278513270000076, -1.35034608999996 ], [ 120.278479160000074, -1.350243629999966 ], [ 120.278206760000103, -1.349425199999928 ], [ 120.277868180000041, -1.348531449999939 ], [ 120.277634890000058, -1.347999089999973 ], [ 120.277484470000104, -1.34765583099994 ], [ 120.277208060000021, -1.347148119999929 ], [ 120.277032400000053, -1.346825469999942 ], [ 120.276763590000087, -1.346488269999952 ], [ 120.276442600000109, -1.346085609999932 ], [ 120.275748690000114, -1.345400089999941 ], [ 120.275005760000113, -1.344759790999944 ], [ 120.274268710000115, -1.34411044999996 ], [ 120.27417902000002, -1.34402105099997 ], [ 120.273580970000012, -1.343424920999951 ], [ 120.272914080000078, -1.342703219999976 ], [ 120.272228990000031, -1.342008649999968 ], [ 120.27148821000003, -1.341404479999937 ], [ 120.270965730000057, -1.34112553999995 ], [ 120.270661270000119, -1.340963 ], [ 120.270289730000059, -1.340819969999927 ], [ 120.27021887, -1.340750329999935 ], [ 120.269259120000015, -1.340045369999928 ], [ 120.268412380000086, -1.339797269999963 ], [ 120.267654330000028, -1.339457339999967 ], [ 120.266496680000046, -1.339393409999957 ], [ 120.266074040000035, -1.339463709999961 ], [ 120.265818940000031, -1.339464739999926 ], [ 120.265152950000015, -1.33920003999998 ], [ 120.264475490000109, -1.338828879999937 ], [ 120.264314200000058, -1.33874050999998 ], [ 120.263495850000027, -1.338217719999932 ], [ 120.26270812000007, -1.337631660999932 ], [ 120.262052810000114, -1.337075870999968 ], [ 120.261963800000103, -1.337000380999939 ], [ 120.261276060000114, -1.336314829999935 ], [ 120.260657280000032, -1.335602089999952 ], [ 120.260109070000112, -1.334807959999978 ], [ 120.259631460000037, -1.333959539999967 ], [ 120.259227680000095, -1.333056819999968 ], [ 120.258901, -1.332135930999925 ], [ 120.258843040000102, -1.331915469999956 ], [ 120.258658880000098, -1.331214939999938 ], [ 120.258532830000036, -1.330266690999963 ], [ 120.258492440000055, -1.329300258999979 ], [ 120.258492420000039, -1.328881079999974 ], [ 120.258492410000031, -1.32831570999997 ], [ 120.258490260000031, -1.327890049999951 ], [ 120.258487480000099, -1.327340199999981 ], [ 120.258460667, -1.326644504999933 ], [ 120.258457390000103, -1.326559488999976 ], [ 120.258449890000065, -1.326364728999977 ], [ 120.258456048000085, -1.326133765999941 ], [ 120.258458530000098, -1.326040699999965 ], [ 120.258469489000049, -1.325630259999969 ], [ 120.258476890000111, -1.325353048999943 ], [ 120.258485145, -1.324878702999968 ], [ 120.258486250000033, -1.324815198999943 ], [ 120.258486571000049, -1.324796741999933 ], [ 120.258494490000089, -1.324341377999929 ], [ 120.258453050000071, -1.323990789999925 ], [ 120.258383470000012, -1.323402139999928 ], [ 120.258310720000054, -1.323234739999975 ], [ 120.258026500000028, -1.322580649999963 ], [ 120.257627920000118, -1.322138569999936 ], [ 120.257400180000104, -1.321885969999926 ], [ 120.257009260000018, -1.321593969999981 ], [ 120.256603480000081, -1.321290869999928 ], [ 120.255742900000087, -1.320750059999966 ], [ 120.254911690000085, -1.320254359999979 ], [ 120.254065540000056, -1.319803849999971 ], [ 120.253689560000112, -1.319620780999969 ], [ 120.253196000000116, -1.319380459999934 ], [ 120.252317660000017, -1.318984179999973 ], [ 120.251445040000021, -1.318569829999944 ], [ 120.250925051000081, -1.318300441999952 ], [ 120.250592870000105, -1.318128349999938 ], [ 120.250177610000037, -1.317872079999972 ], [ 120.24977497000009, -1.317623599999934 ], [ 120.249401380000108, -1.317356579999966 ], [ 120.248992900000076, -1.317064610999978 ], [ 120.24862599000005, -1.316780839999979 ], [ 120.248235050000062, -1.316478479999944 ], [ 120.247637970000028, -1.315979099999936 ], [ 120.247491030000106, -1.315856200999974 ], [ 120.246750680000105, -1.31524294999997 ], [ 120.246003450000103, -1.314629709999963 ], [ 120.245238870000094, -1.314043589999926 ], [ 120.244444340000086, -1.313502659999926 ], [ 120.24418852000008, -1.313347239999928 ], [ 120.243613540000069, -1.31299791999993 ], [ 120.242764130000069, -1.312529329999961 ], [ 120.242444940000041, -1.312353179999945 ], [ 120.241915, -1.312060739999936 ], [ 120.241085190000035, -1.311565019999932 ], [ 120.24043495, -1.311128169999961 ], [ 120.240293480000105, -1.311033119999934 ], [ 120.240101900000013, -1.310877769999934 ], [ 120.23955946, -1.31043791999997 ], [ 120.239178370000104, -1.310010089999935 ], [ 120.238924570000108, -1.309725159999971 ], [ 120.238491440000075, -1.309106559999975 ], [ 120.238368520000108, -1.308931009999981 ], [ 120.238055570000029, -1.308442949999971 ], [ 120.237841890000027, -1.30810970999994 ], [ 120.237294940000083, -1.30729746999998 ], [ 120.236741380000012, -1.306640979999941 ], [ 120.236678680000068, -1.306566619999955 ], [ 120.235988740000039, -1.305899089999969 ], [ 120.235258310000063, -1.305258709999976 ], [ 120.234949720000031, -1.305006679999963 ], [ 120.234507440000016, -1.30464546099995 ], [ 120.234203120000075, -1.30439690999998 ], [ 120.233756570000082, -1.304032199999938 ], [ 120.233026020000011, -1.303409889999955 ], [ 120.232335940000098, -1.30274234999996 ], [ 120.23187981, -1.302165849999938 ], [ 120.23174336000011, -1.30199338999995 ], [ 120.231491940000069, -1.301414758999954 ], [ 120.231347170000049, -1.301081589999967 ], [ 120.230944980000118, -1.300187859999937 ], [ 120.230317580000019, -1.299520249999944 ], [ 120.22950182000011, -1.299042559999975 ], [ 120.228601630000071, -1.298664339999959 ], [ 120.227694130000032, -1.298277089999942 ], [ 120.226960520000034, -1.297861129999944 ], [ 120.226851730000021, -1.297799439999949 ], [ 120.226041950000081, -1.297285599999952 ], [ 120.225235660000067, -1.296753699999954 ], [ 120.224563350000039, -1.296307389999924 ], [ 120.224434410000072, -1.296221789999947 ], [ 120.223639180000077, -1.295680839999932 ], [ 120.222868930000118, -1.295134269999949 ], [ 120.22285136000005, -1.295121809999955 ], [ 120.222072090000097, -1.294553739999969 ], [ 120.221302900000069, -1.293976620999956 ], [ 120.22054490000005, -1.293381410999928 ], [ 120.219989, -1.292910839999934 ], [ 120.219809730000065, -1.292759080999929 ], [ 120.219099060000076, -1.292109619999962 ], [ 120.218403360000025, -1.291424009999957 ], [ 120.217712990000109, -1.290747419999946 ], [ 120.217018, -1.290070839999942 ], [ 120.216308880000042, -1.289421369999957 ], [ 120.215575830000034, -1.288817089999952 ], [ 120.215401080000106, -1.288707659999943 ], [ 120.214769710000041, -1.288312269999949 ], [ 120.213818230000015, -1.288078619999965 ], [ 120.212947240000062, -1.28798962999997 ], [ 120.212857670000062, -1.287980479999931 ], [ 120.211891380000111, -1.288017839999952 ], [ 120.210920920000035, -1.288082299999928 ], [ 120.210211640000011, -1.288063069999964 ], [ 120.209966330000043, -1.288056419999975 ], [ 120.209334580000018, -1.287929009999971 ], [ 120.209031590000109, -1.287867909999932 ], [ 120.208519830000114, -1.287745830999938 ], [ 120.208089940000036, -1.287643279999941 ], [ 120.20715202000008, -1.287382509999929 ], [ 120.206254270000045, -1.287075389999927 ], [ 120.206231280000111, -1.287067519999937 ], [ 120.206216890000064, -1.287061549999976 ], [ 120.205340770000021, -1.286698289999947 ], [ 120.20449378, -1.28625674999995 ], [ 120.203688900000088, -1.28574287999993 ], [ 120.202907250000067, -1.285183819999929 ], [ 120.202756860000022, -1.285068369999976 ], [ 120.202143660000047, -1.284597639999959 ], [ 120.201392930000111, -1.28398434099995 ], [ 120.200650180000025, -1.283361989999946 ], [ 120.199910370000111, -1.28273060999993 ], [ 120.199168320000012, -1.282099219999964 ], [ 120.198419130000048, -1.281485919999966 ], [ 120.198203860000035, -1.281320200999971 ], [ 120.197657640000102, -1.280899719999979 ], [ 120.196878800000036, -1.280340649999971 ], [ 120.196076880000078, -1.279835799999944 ], [ 120.195781720000014, -1.27971409099996 ], [ 120.195203340000035, -1.279475570999978 ], [ 120.194406770000114, -1.27927748999997 ], [ 120.194263630000023, -1.27924188999998 ], [ 120.194045140000071, -1.279199019999965 ], [ 120.193302940000081, -1.279053399999952 ], [ 120.19236616, -1.278810679999935 ], [ 120.191944050000075, -1.278635269999938 ], [ 120.191477610000106, -1.27844142999993 ], [ 120.191015710000102, -1.278222380999978 ], [ 120.190603720000013, -1.278027 ], [ 120.189760730000103, -1.277540259999967 ], [ 120.188969850000035, -1.276999259999968 ], [ 120.188254860000029, -1.27636782999997 ], [ 120.187913700000081, -1.275991609999949 ], [ 120.187608480000108, -1.275655019999931 ], [ 120.187356650000083, -1.275349369999958 ], [ 120.186991370000101, -1.274906029999954 ], [ 120.186480178000011, -1.274310859999957 ], [ 120.186358360000099, -1.27416902899995 ], [ 120.186349843000016, -1.274075976999939 ], [ 120.186342001000071, -1.273990300999969 ], [ 120.185862899000085, -1.27355653099994 ], [ 120.18577869, -1.27348029999996 ], [ 120.185442540000054, -1.273085699999967 ], [ 120.185279487000116, -1.272894306999945 ], [ 120.185779860000025, -1.273480058999951 ], [ 120.186612155000034, -1.273308081999971 ], [ 120.187186149000013, -1.273189478999939 ], [ 120.188363740000113, -1.272654028999966 ], [ 120.190333620000047, -1.271758318999957 ], [ 120.192075260000024, -1.270347137999977 ], [ 120.193247850000034, -1.269397038999955 ], [ 120.196171619000097, -1.268191998999953 ], [ 120.200772699000026, -1.266526057999954 ], [ 120.204833379000092, -1.265055777999976 ], [ 120.208996030000094, -1.263605318999964 ], [ 120.211125220000099, -1.26184122799998 ], [ 120.211193247000097, -1.261729856999978 ], [ 120.212608630000091, -1.259412638999947 ], [ 120.213129569000102, -1.25855976899993 ], [ 120.215023847000111, -1.255630748999977 ], [ 120.216255438000076, -1.25445493899997 ], [ 120.216880640000113, -1.25423879899995 ], [ 120.218400098000075, -1.253713497999968 ], [ 120.219742999000118, -1.253249238999956 ], [ 120.21997255000008, -1.253153138999949 ], [ 120.221146152000074, -1.25266182799993 ], [ 120.219338611000012, -1.246319225999969 ], [ 120.219897388000049, -1.244813728999929 ], [ 120.220216685000082, -1.243953454999939 ], [ 120.220217656000045, -1.24395341099995 ], [ 120.220217693000109, -1.243952401999934 ], [ 120.220217759000093, -1.243950559999973 ], [ 120.220217780000098, -1.243949979999968 ], [ 120.220217798000022, -1.243949500999975 ], [ 120.220030870000073, -1.24374475999997 ], [ 120.219987236000065, -1.243696968999927 ], [ 120.220074192000084, -1.24365084599998 ], [ 120.220125586000108, -1.243576606999966 ], [ 120.220162708000089, -1.24346524799995 ], [ 120.220164088000047, -1.243105853999964 ], [ 120.220246322000094, -1.243029330999946 ], [ 120.220256756000026, -1.24302652199998 ], [ 120.220261503000074, -1.242939356999955 ], [ 120.220262263000109, -1.242925391999961 ], [ 120.220297795000079, -1.242775738999967 ], [ 120.22024611900008, -1.241225076999967 ], [ 120.220407856000065, -1.240323498999942 ], [ 120.220653030000108, -1.238956808999944 ], [ 120.221178990000112, -1.237480668999979 ], [ 120.221695380000028, -1.236031408999963 ], [ 120.222504300000082, -1.233761158999926 ], [ 120.224160680000068, -1.232475508999926 ], [ 120.225184910000053, -1.231680538999967 ], [ 120.225653670000042, -1.231092737999973 ], [ 120.22816970000008, -1.227937827999938 ], [ 120.230183330000045, -1.225821698999937 ], [ 120.232018330000074, -1.224545689999957 ], [ 120.232169460000023, -1.22467331799993 ], [ 120.232659379000097, -1.225087028999951 ], [ 120.232937600000014, -1.225248318999945 ], [ 120.236120210000081, -1.227093298999932 ], [ 120.236608040000078, -1.227078337999956 ], [ 120.237399780000032, -1.227632377999953 ], [ 120.24078600900009, -1.228011458999958 ], [ 120.241595870000083, -1.228102117999924 ], [ 120.242614440000011, -1.228353178999953 ], [ 120.243856670000014, -1.228659378999964 ], [ 120.246590489000027, -1.229986607999933 ], [ 120.248273640000093, -1.230803747999971 ], [ 120.249102030000017, -1.230838567999967 ], [ 120.252449130000059, -1.230979267999942 ], [ 120.254941329000076, -1.230527928999948 ], [ 120.256617159000029, -1.230224437999937 ], [ 120.260001080000052, -1.230184148999967 ], [ 120.265766050000025, -1.231613207999942 ], [ 120.266024060000063, -1.231609627999944 ], [ 120.267909140000029, -1.231583468999929 ], [ 120.269503979000092, -1.231563677999929 ], [ 120.270334359000117, -1.231553377999944 ], [ 120.270981400000096, -1.231243137999968 ], [ 120.272581889000094, -1.230475738999928 ], [ 120.274140510000052, -1.227899568999931 ], [ 120.276637190000088, -1.221868147999942 ], [ 120.277570860000083, -1.219612638999934 ], [ 120.278674490000071, -1.216576398999962 ], [ 120.279120960000114, -1.215968697999926 ], [ 120.279790330000083, -1.215057598999977 ], [ 120.281467, -1.213661398999932 ], [ 120.284048530000064, -1.21151171899993 ], [ 120.285051560000056, -1.209906887999978 ], [ 120.286387470000022, -1.207769478999978 ], [ 120.288272759000051, -1.204250158999969 ], [ 120.288355936000016, -1.204094892999933 ], [ 120.288832550000052, -1.203205198999967 ], [ 120.289835510000103, -1.201686558999938 ], [ 120.295795860000112, -1.19940319899996 ], [ 120.295937490000028, -1.199355148999928 ], [ 120.297933400000034, -1.19867802899995 ], [ 120.299377330000084, -1.195867258999954 ], [ 120.300029820000077, -1.195732378999935 ], [ 120.299980102000063, -1.195962319999978 ], [ 120.299930669000105, -1.196190937999972 ], [ 120.300043208000034, -1.196126179999965 ], [ 120.30111880000004, -1.195507258999953 ], [ 120.302981199000101, -1.195122258999959 ], [ 120.304948850000073, -1.194382408999957 ], [ 120.305848959000059, -1.194043958999941 ], [ 120.306171230000018, -1.19376060899998 ], [ 120.307865200000037, -1.192271218999963 ], [ 120.313262469000051, -1.190106018999927 ], [ 120.315453700000035, -1.190145898999958 ], [ 120.318885390000105, -1.19245167899993 ], [ 120.318921309000075, -1.19244995899993 ], [ 120.320184940000104, -1.192389448999961 ], [ 120.320904730000052, -1.192953498999941 ], [ 120.321145220000062, -1.193358728999954 ], [ 120.321447640000088, -1.193868299999963 ], [ 120.323622060000048, -1.19387041899995 ], [ 120.327033350000079, -1.187768358999961 ], [ 120.328156960000115, -1.18681898899996 ], [ 120.331003010000018, -1.187802978999969 ], [ 120.333219850000091, -1.189025068999968 ], [ 120.335828180000021, -1.18898975899998 ], [ 120.336152410000068, -1.188985368999965 ], [ 120.342114400000014, -1.186936919999937 ], [ 120.342185400000062, -1.187065219999965 ], [ 120.342253650000089, -1.187256309999952 ], [ 120.343209070000057, -1.186915089999957 ], [ 120.344080730000087, -1.186623489999931 ], [ 120.344594750000056, -1.186509129999934 ], [ 120.344973480000021, -1.187162659999956 ], [ 120.345466580000107, -1.189396379999948 ], [ 120.345466530000067, -1.191071499999964 ], [ 120.345466530000067, -1.191381909999961 ], [ 120.345466490000035, -1.192622859999972 ], [ 120.341027930000109, -1.194856439999967 ], [ 120.339548310000055, -1.199075639999933 ], [ 120.341321470000025, -1.200860459999944 ], [ 120.343000380000035, -1.20255039999995 ], [ 120.348918270000013, -1.20701798999994 ], [ 120.350127140000041, -1.207930599999941 ], [ 120.35384987000009, -1.210740979999969 ], [ 120.35792167000011, -1.214675549999924 ], [ 120.360014350000029, -1.216697689999933 ], [ 120.360192770000026, -1.216828929999963 ], [ 120.366425470000081, -1.221413449999943 ], [ 120.367863950000014, -1.223476729999959 ], [ 120.369376990000092, -1.225646949999941 ], [ 120.371214630000054, -1.232305989999929 ], [ 120.376360320000117, -1.23711536999997 ], [ 120.377506080000103, -1.238914439999974 ], [ 120.380090960000075, -1.24297318999993 ], [ 120.386118980000106, -1.241666219999956 ], [ 120.390153730000065, -1.24113744999994 ], [ 120.390315500000042, -1.241104109999981 ], [ 120.3984373400001, -1.240046719999953 ], [ 120.410028630000056, -1.238524609999956 ], [ 120.41903844, -1.237341449999974 ], [ 120.419364300000098, -1.235635979999927 ], [ 120.42781806000005, -1.231566579999935 ], [ 120.430462128000045, -1.230465351999953 ], [ 120.438477120000016, -1.227127189999976 ], [ 120.437741970000047, -1.220468179999955 ], [ 120.441049910000061, -1.213809139999967 ], [ 120.440951290000044, -1.213661 ], [ 120.447925030000079, -1.212183229999937 ], [ 120.451669170000059, -1.208953009999959 ], [ 120.453666410000096, -1.207229889999951 ], [ 120.456947190000051, -1.204202849999945 ], [ 120.459681180000075, -1.203102079999951 ], [ 120.46173948, -1.199087989999953 ], [ 120.463935430000106, -1.194805479999957 ], [ 120.464055470000062, -1.194571379999957 ], [ 120.4728041300001, -1.187141319999967 ], [ 120.478272050000101, -1.183839019999937 ], [ 120.481006, -1.182187879999958 ], [ 120.482109400000013, -1.180685239999946 ], [ 120.485653630000115, -1.175858589999962 ], [ 120.488114150000115, -1.173106709999956 ], [ 120.491414640000016, -1.167500469999936 ], [ 120.492488330000015, -1.165676689999941 ], [ 120.495768990000101, -1.161548879999941 ], [ 120.500116780000099, -1.158006049999926 ], [ 120.500030860000038, -1.15722784999997 ], [ 120.498196140000118, -1.155272629999956 ], [ 120.497547300000065, -1.153531229999942 ], [ 120.496577210000055, -1.150927619999948 ], [ 120.495174180000049, -1.148972379999975 ], [ 120.492691900000068, -1.145061899999973 ], [ 120.490749270000038, -1.14288941999996 ], [ 120.489619680000033, -1.141703069999949 ], [ 120.48964894400001, -1.14169523299995 ], [ 120.491642040000102, -1.141161479999937 ], [ 120.492210920000048, -1.141236349999929 ], [ 120.492298060000053, -1.141820399999972 ], [ 120.492902880000088, -1.141986859999975 ], [ 120.494572130000051, -1.141256 ], [ 120.502547260000028, -1.137764159999961 ], [ 120.506910810000022, -1.134788679999929 ], [ 120.506923150000034, -1.134780259999957 ], [ 120.50694791, -1.134763379999924 ], [ 120.507277821000116, -1.134538414999952 ], [ 120.509834500000011, -1.132795019999946 ], [ 120.511842900000033, -1.131425499999978 ], [ 120.521623880000107, -1.130582649999951 ], [ 120.526967210000066, -1.13012219999996 ], [ 120.529950370000051, -1.129865129999928 ], [ 120.53007424000009, -1.129854459999933 ], [ 120.534282990000065, -1.127742429999955 ], [ 120.54519635500003, -1.122561276999932 ], [ 120.554684820000034, -1.118056599999932 ], [ 120.554686370000013, -1.11805585999997 ], [ 120.557240780000029, -1.11684312999995 ], [ 120.558136607000051, -1.116412538999953 ], [ 120.558598030000098, -1.11619074999993 ], [ 120.559296540000105, -1.115945849999946 ], [ 120.559296680000102, -1.115945799999963 ], [ 120.564450430000079, -1.114111579999928 ], [ 120.566188970000098, -1.113492839999935 ], [ 120.56672165000009, -1.113303259999952 ], [ 120.566998690000105, -1.113201299999957 ], [ 120.56802631000005, -1.112827609999954 ], [ 120.568401430000108, -1.112623 ], [ 120.568940850000104, -1.112315979999948 ], [ 120.568989460000012, -1.11228830999994 ], [ 120.570142032000035, -1.111109031999945 ], [ 120.569987033000075, -1.110119224999949 ], [ 120.569986937000067, -1.110118610999962 ], [ 120.569869199000095, -1.109516182999926 ], [ 120.569966160000035, -1.109405391999928 ], [ 120.570270893000043, -1.109467711999969 ], [ 120.574384791000057, -1.109156110999947 ], [ 120.575700684000026, -1.109093790999964 ], [ 120.575756090000027, -1.10905224499993 ], [ 120.576836508000042, -1.108629852999968 ], [ 120.578919060000089, -1.108312701999978 ], [ 120.578928086000019, -1.108311327999957 ], [ 120.581012738000027, -1.108089744999972 ], [ 120.581153193000091, -1.108475922999958 ], [ 120.581372877000035, -1.109079941999937 ], [ 120.581373046000067, -1.109080275999929 ], [ 120.581833499000027, -1.109987264999972 ], [ 120.581836903000067, -1.109993970999938 ], [ 120.583748034000109, -1.110897991999934 ], [ 120.583769188000019, -1.110907997999959 ], [ 120.584577186000047, -1.111172101999955 ], [ 120.58459253, -1.111174019999964 ], [ 120.584742670000082, -1.11115443999995 ], [ 120.584853750000093, -1.111139949999938 ], [ 120.584882100000073, -1.110969859999955 ], [ 120.584894320000103, -1.110977729999945 ], [ 120.584887820000063, -1.110958229999937 ], [ 120.585024110000063, -1.110958229999937 ], [ 120.585160400000063, -1.110980939999934 ], [ 120.585262610000086, -1.11110586999996 ], [ 120.58530716000007, -1.11123208999993 ], [ 120.585372470000038, -1.11127117999996 ], [ 120.585364830000117, -1.111401159999957 ], [ 120.585512470000026, -1.111378449999961 ], [ 120.585532810000018, -1.111367149999978 ], [ 120.58581176000007, -1.111534099999972 ], [ 120.586003800000071, -1.111903699999971 ], [ 120.585966760000019, -1.112116669999978 ], [ 120.58587101, -1.11212863999998 ], [ 120.585785040000019, -1.112139379999974 ], [ 120.585796400000049, -1.112264309999944 ], [ 120.585895470000082, -1.112472369999978 ], [ 120.585909970000102, -1.112502819999975 ], [ 120.58597812000005, -1.112764029999937 ], [ 120.586137120000103, -1.113116109999964 ], [ 120.586148470000012, -1.113297819999957 ], [ 120.586159830000042, -1.113547679999954 ], [ 120.586284760000012, -1.113683969999954 ], [ 120.586398340000073, -1.113762589999965 ], [ 120.586398340000073, -1.114036039999974 ], [ 120.586216620000073, -1.114354049999974 ], [ 120.585944150000046, -1.114452129999961 ], [ 120.58593269000005, -1.11445625999994 ], [ 120.58580776000008, -1.114865119999934 ], [ 120.585785040000019, -1.11506954999993 ], [ 120.585489760000087, -1.115398909999954 ], [ 120.585239900000033, -1.115501129999927 ], [ 120.584990040000093, -1.115501129999927 ], [ 120.58463796, -1.11564876999995 ], [ 120.584160960000077, -1.115762339999947 ], [ 120.584138250000024, -1.115989489999947 ], [ 120.584070100000076, -1.116511919999937 ], [ 120.583899740000106, -1.116807209999934 ], [ 120.583831600000053, -1.117261499999927 ], [ 120.583683950000022, -1.117522709999946 ], [ 120.583683950000022, -1.117738499999973 ], [ 120.583743880000043, -1.117746859999954 ], [ 120.583672600000114, -1.117908859999943 ], [ 120.58345681000003, -1.117920219999974 ], [ 120.583184240000037, -1.117874789999973 ], [ 120.58308202, -1.117931569999939 ], [ 120.583070660000089, -1.11820414999994 ], [ 120.583229670000037, -1.118567579999933 ], [ 120.583524950000083, -1.118703869999933 ], [ 120.583990600000106, -1.118840149999926 ], [ 120.584308600000099, -1.11890829999993 ], [ 120.584442893000073, -1.118977005999966 ], [ 120.584944301000064, -1.119003530999976 ], [ 120.585909608000065, -1.11920758499997 ], [ 120.586414862000083, -1.119439115999967 ], [ 120.586772751000012, -1.120049515999938 ], [ 120.587109588000089, -1.120428383999979 ], [ 120.58715169200002, -1.12082830099996 ], [ 120.58704643100009, -1.121186121999926 ], [ 120.587162218000117, -1.121554465999964 ], [ 120.587267480000037, -1.122017526999969 ], [ 120.587320111000054, -1.122891029999948 ], [ 120.587193797000054, -1.123996061999947 ], [ 120.586972748000107, -1.124385453999935 ], [ 120.586541176000082, -1.124648556999944 ], [ 120.585972764000076, -1.124795894999977 ], [ 120.585193830000094, -1.124711701999956 ], [ 120.584414895, -1.124627508999936 ], [ 120.583657013000106, -1.124653818999946 ], [ 120.582967551000024, -1.124753797999972 ], [ 120.582667556000047, -1.124732749999964 ], [ 120.582351772000038, -1.124643294999942 ], [ 120.582204406000074, -1.124674866999953 ], [ 120.582171120000112, -1.124689129999979 ], [ 120.58196901000008, -1.124689129999979 ], [ 120.581753230000118, -1.124927629999945 ], [ 120.581685080000057, -1.125291059999938 ], [ 120.581685080000057, -1.125563639999939 ], [ 120.581721780000066, -1.12576544999996 ], [ 120.581707280000046, -1.125786969999979 ], [ 120.58169061000001, -1.125839209999924 ], [ 120.581707800000117, -1.126017929999932 ], [ 120.581764580000026, -1.126381359999925 ], [ 120.582037160000027, -1.126744789999975 ], [ 120.58226430000002, -1.126960579999945 ], [ 120.582389230000103, -1.127244509999969 ], [ 120.58244602000002, -1.127630649999958 ], [ 120.58244602000002, -1.127971369999955 ], [ 120.582389230000103, -1.128232589999925 ], [ 120.581866800000057, -1.128505159999975 ], [ 120.581715540000118, -1.128699639999979 ], [ 120.58172804000003, -1.128741679999962 ], [ 120.581673720000026, -1.128823159999968 ], [ 120.581662370000117, -1.129163879999965 ], [ 120.581696440000087, -1.129436449999957 ], [ 120.581560150000087, -1.129686309999954 ], [ 120.581344360000116, -1.129958889999955 ], [ 120.581341724000026, -1.13000371499993 ], [ 120.581321650000064, -1.130345029999944 ], [ 120.581293980000055, -1.130594029999941 ], [ 120.581276220000063, -1.130753899999945 ], [ 120.581412510000064, -1.131196829999965 ], [ 120.58179865000011, -1.131287689999965 ], [ 120.581874460000108, -1.131287689999965 ], [ 120.581991730000027, -1.131287689999965 ], [ 120.582078850000016, -1.131299699999943 ], [ 120.58232109000005, -1.131333109999957 ], [ 120.582480090000104, -1.131492119999962 ], [ 120.582582300000013, -1.131582969999954 ], [ 120.582758270000113, -1.131603679999955 ], [ 120.582759300000021, -1.131645699999979 ], [ 120.582866230000036, -1.131639759999928 ], [ 120.58299116, -1.131651119999958 ], [ 120.583059310000067, -1.131730619999928 ], [ 120.58317288, -1.131844189999924 ], [ 120.583131582000078, -1.131908427999974 ], [ 120.583070660000089, -1.132003189999978 ], [ 120.582854880000014, -1.132241689999944 ], [ 120.582684520000043, -1.132377979999944 ], [ 120.582582300000013, -1.132491549999941 ], [ 120.582478410000022, -1.132497659999956 ], [ 120.582456770000022, -1.132549669999946 ], [ 120.582419290000075, -1.132636749999961 ], [ 120.58227566000005, -1.132684629999972 ], [ 120.582195932000104, -1.132837434999942 ], [ 120.582142914000087, -1.132874131999927 ], [ 120.581990285000074, -1.133100399999933 ], [ 120.58188502400003, -1.133242474999975 ], [ 120.581869235000113, -1.133400335999966 ], [ 120.581857854000077, -1.13346860799993 ], [ 120.58184408000011, -1.133490989999927 ], [ 120.581651010000087, -1.13363862999995 ], [ 120.581651010000087, -1.13369475899998 ], [ 120.581766605000098, -1.133684485999936 ], [ 120.581821257000115, -1.133714126999962 ], [ 120.581816604000096, -1.133752892999951 ], [ 120.581832393000013, -1.133873919999928 ], [ 120.581874498000047, -1.133958112999949 ], [ 120.581916602000092, -1.13401599499997 ], [ 120.58201133700004, -1.134073876999935 ], [ 120.58216923000009, -1.134184379999965 ], [ 120.582553434000033, -1.134273834999931 ], [ 120.582974479000086, -1.134394861999965 ], [ 120.583300790000067, -1.134494840999935 ], [ 120.58355868000001, -1.134605342999976 ], [ 120.583658438000043, -1.134627160999969 ], [ 120.583661240000083, -1.134660779999933 ], [ 120.583820240000023, -1.134887929999934 ], [ 120.584160960000077, -1.135160499999927 ], [ 120.5843994600001, -1.135308149999958 ], [ 120.58464932000004, -1.135308149999958 ], [ 120.584944610000093, -1.135421719999954 ], [ 120.585149040000033, -1.135467149999954 ], [ 120.585150970000086, -1.135467149999954 ], [ 120.585184470000058, -1.136019889999943 ], [ 120.585387540000056, -1.13615993999997 ], [ 120.585376180000026, -1.136455229999967 ], [ 120.585501110000109, -1.13677322999996 ], [ 120.585489760000087, -1.137011729999927 ], [ 120.585319400000117, -1.137318379999954 ], [ 120.585205830000064, -1.13747737999995 ], [ 120.585166100000038, -1.137527029999944 ], [ 120.585260690000041, -1.137603949999971 ], [ 120.585228540000116, -1.13778401999997 ], [ 120.585273970000117, -1.138022529999944 ], [ 120.585296680000056, -1.138238309999963 ], [ 120.585488870000063, -1.138352579999946 ], [ 120.58548028000007, -1.138427529999944 ], [ 120.585648760000026, -1.13853359999996 ], [ 120.586012190000019, -1.13884024999993 ], [ 120.586239330000012, -1.13915824999998 ], [ 120.586296120000043, -1.13928317999995 ], [ 120.586364200000048, -1.139393809999945 ], [ 120.586430270000051, -1.139448759999937 ], [ 120.586455120000096, -1.139680679999969 ], [ 120.586727690000089, -1.139873759999944 ], [ 120.586863360000052, -1.139935689999959 ], [ 120.587250130000029, -1.140112259999967 ], [ 120.587647630000106, -1.140384829999959 ], [ 120.587757970000098, -1.140568729999927 ], [ 120.587797500000079, -1.140717929999937 ], [ 120.588079210000046, -1.140952689999949 ], [ 120.588465350000092, -1.141361549999942 ], [ 120.58852214, -1.14188398999994 ], [ 120.588533490000032, -1.142281489999959 ], [ 120.588555723000013, -1.142544548999979 ], [ 120.588695308000069, -1.142995249999956 ], [ 120.588695308000069, -1.14324843299994 ], [ 120.58874938200006, -1.143698961999974 ], [ 120.588770274000012, -1.143956582999976 ], [ 120.588767407000091, -1.144005321999941 ], [ 120.588785431000019, -1.144239596999967 ], [ 120.588812468000015, -1.144509914999958 ], [ 120.588821481000082, -1.144798252999976 ], [ 120.588821481000082, -1.14495143299996 ], [ 120.588812468000015, -1.145086591999927 ], [ 120.588794444000087, -1.145185707999929 ], [ 120.588776419000055, -1.145266803999959 ], [ 120.588767407000091, -1.145365919999961 ], [ 120.588767407000091, -1.145397139999943 ], [ 120.588767407000091, -1.145465035999962 ], [ 120.588803456000051, -1.145537120999961 ], [ 120.588866543000108, -1.145537120999961 ], [ 120.589019753000116, -1.145582173999969 ], [ 120.589290125000048, -1.145663268999954 ], [ 120.589614570000094, -1.14569931099993 ], [ 120.590236425000057, -1.145825459999969 ], [ 120.590292798000064, -1.145842581999943 ], [ 120.59036001000004, -1.145943399999965 ], [ 120.590529290000063, -1.146181929999955 ], [ 120.590898620000075, -1.146305039999959 ], [ 120.591183310000019, -1.146458929999937 ], [ 120.591383370000017, -1.146720539999933 ], [ 120.59170653000001, -1.147089869999945 ], [ 120.592052780000017, -1.147489979999932 ], [ 120.59222206000004, -1.147651559999929 ], [ 120.592346770000063, -1.147700549999968 ], [ 120.592383640000094, -1.147797749999938 ], [ 120.592552920000117, -1.14806705999996 ], [ 120.59289917000001, -1.14835944999993 ], [ 120.593045360000019, -1.14873646999996 ], [ 120.593099220000113, -1.149005779999925 ], [ 120.593191560000037, -1.149321249999957 ], [ 120.593199250000112, -1.149752129999968 ], [ 120.593199250000112, -1.15002912999995 ], [ 120.593176170000106, -1.150298439999972 ], [ 120.593176170000106, -1.150451049999958 ], [ 120.593137700000057, -1.150521579999975 ], [ 120.593014590000053, -1.150883209999961 ], [ 120.593045360000019, -1.151190989999975 ], [ 120.593060750000063, -1.15156031999993 ], [ 120.593068450000032, -1.151875789999963 ], [ 120.593083830000069, -1.15212970999994 ], [ 120.593083830000069, -1.152268209999932 ], [ 120.593060750000063, -1.152475959999947 ], [ 120.593055850000042, -1.152576379999971 ], [ 120.59268076, -1.152953269999955 ], [ 120.592678910000018, -1.152995889999943 ], [ 120.592552920000117, -1.153068429999962 ], [ 120.592299, -1.15312997999996 ], [ 120.592014310000081, -1.15312997999996 ], [ 120.591745010000068, -1.153168459999961 ], [ 120.59149879000006, -1.153168459999961 ], [ 120.591344900000081, -1.153376209999976 ], [ 120.591383370000017, -1.153707069999939 ], [ 120.591444920000072, -1.154014839999945 ], [ 120.5916372800001, -1.154376479999939 ], [ 120.591745010000068, -1.15479197999997 ], [ 120.591952760000027, -1.154868919999956 ], [ 120.592283610000095, -1.154884309999943 ], [ 120.592622170000027, -1.155007419999947 ], [ 120.59273759000007, -1.155161309999926 ], [ 120.592752980000114, -1.155330589999949 ], [ 120.592768360000036, -1.155438309999965 ], [ 120.592837610000061, -1.155446 ], [ 120.592837610000061, -1.155499869999971 ], [ 120.592853000000105, -1.155646059999924 ], [ 120.593076140000107, -1.155830729999934 ], [ 120.593206940000073, -1.156061559999955 ], [ 120.593214640000042, -1.156307779999963 ], [ 120.593214640000042, -1.156461669999942 ], [ 120.593237720000047, -1.156715579999968 ], [ 120.593237720000047, -1.156923329999927 ], [ 120.593246300000033, -1.157039079999947 ], [ 120.593173790000037, -1.15711435999998 ], [ 120.593237720000047, -1.157261889999972 ], [ 120.593245420000017, -1.157608139999979 ], [ 120.593237720000047, -1.157700469999952 ], [ 120.593122310000012, -1.157777409999937 ], [ 120.592978, -1.157802879999963 ], [ 120.592975590000037, -1.157877439999936 ], [ 120.592829920000099, -1.157877439999936 ], [ 120.592576, -1.157962079999947 ], [ 120.592414420000068, -1.15827754999998 ], [ 120.592283610000095, -1.158446829999946 ], [ 120.592291310000064, -1.158685349999928 ], [ 120.592306700000108, -1.158854629999951 ], [ 120.592306700000108, -1.158995109999978 ], [ 120.592356470000027, -1.159008279999966 ], [ 120.592412070000023, -1.159013909999942 ], [ 120.592429810000112, -1.159084849999942 ], [ 120.592493290000107, -1.159118259999957 ], [ 120.592576, -1.159161799999936 ], [ 120.592706810000095, -1.159207959999947 ], [ 120.592722200000026, -1.159408019999944 ], [ 120.592745280000031, -1.159592689999954 ], [ 120.592868390000035, -1.159838909999962 ], [ 120.593037670000058, -1.160062039999957 ], [ 120.593183860000067, -1.16023131999998 ], [ 120.593214640000042, -1.160492929999975 ], [ 120.593214640000042, -1.160731459999965 ], [ 120.593137700000057, -1.161000759999979 ], [ 120.59294533000002, -1.161254679999956 ], [ 120.592691420000051, -1.161454729999946 ], [ 120.592406730000107, -1.161800979999953 ], [ 120.592214370000079, -1.162062589999948 ], [ 120.592145120000055, -1.162162619999947 ], [ 120.592124250000097, -1.16215743999993 ], [ 120.59211434000008, -1.162301119999938 ], [ 120.592052780000017, -1.162493479999966 ], [ 120.592029700000012, -1.162801259999981 ], [ 120.591960450000101, -1.163162889999967 ], [ 120.591883510000116, -1.163455279999937 ], [ 120.591768090000073, -1.16367841999994 ], [ 120.591568030000076, -1.163870779999968 ], [ 120.591406450000022, -1.163893859999973 ], [ 120.591325110000071, -1.163877599999978 ], [ 120.591052510000054, -1.163870779999968 ], [ 120.590975570000069, -1.163955419999979 ], [ 120.591098680000073, -1.164147779999951 ], [ 120.591291040000101, -1.164424779999933 ], [ 120.59149879000006, -1.164694079999947 ], [ 120.591721920000055, -1.164940299999955 ], [ 120.591845030000059, -1.165040329999954 ], [ 120.59165267000003, -1.165332719999981 ], [ 120.591521870000065, -1.165517389999934 ], [ 120.591328940000039, -1.165790689999938 ], [ 120.591547240000068, -1.165933239999958 ], [ 120.59155265000004, -1.166079079999975 ], [ 120.591683450000119, -1.166163719999929 ], [ 120.591898900000047, -1.166232969999953 ], [ 120.592029700000012, -1.166533049999941 ], [ 120.592094310000107, -1.166605729999958 ], [ 120.592175890000021, -1.166571519999934 ], [ 120.592445200000043, -1.166571519999934 ], [ 120.592783750000081, -1.166656159999945 ], [ 120.592813930000034, -1.166694779999943 ], [ 120.59281433000001, -1.166695299999958 ], [ 120.592976110000109, -1.166902379999954 ], [ 120.593029970000089, -1.167233239999973 ], [ 120.593137700000057, -1.167671819999953 ], [ 120.593145390000018, -1.16831045999993 ], [ 120.592914560000054, -1.16905681999998 ], [ 120.592806840000094, -1.16954925999994 ], [ 120.592632040000012, -1.169944459999954 ], [ 120.592637560000071, -1.170264839999959 ], [ 120.592629860000102, -1.170895779999967 ], [ 120.592599090000022, -1.171672919999935 ], [ 120.592545230000042, -1.172280779999937 ], [ 120.592483670000092, -1.172819389999972 ], [ 120.591689200000019, -1.173925699999927 ], [ 120.591857090000076, -1.174305229999959 ], [ 120.59186069000009, -1.175030749999962 ], [ 120.591860491000034, -1.175030684999967 ], [ 120.591860501000042, -1.175031298999954 ], [ 120.59186069000009, -1.175031359999934 ], [ 120.59187076, -1.177064279999968 ], [ 120.591515740000091, -1.177956699999925 ], [ 120.590776690000098, -1.178156099999967 ], [ 120.59023073000003, -1.178919199999939 ], [ 120.589782670000091, -1.178915039999936 ], [ 120.589180040000088, -1.179654619999951 ], [ 120.589154990000111, -1.179918799999939 ], [ 120.589090430000056, -1.179945029999942 ], [ 120.588821130000042, -1.180152779999958 ], [ 120.588621070000045, -1.180306659999928 ], [ 120.588582250000059, -1.180416079999929 ], [ 120.588297910000051, -1.180475939999951 ], [ 120.588005520000024, -1.180637519999948 ], [ 120.587951660000044, -1.18070677999998 ], [ 120.587666960000092, -1.180799109999953 ], [ 120.587482300000033, -1.180876049999938 ], [ 120.587559240000019, -1.180937609999944 ], [ 120.587820850000071, -1.180937609999944 ], [ 120.588051690000043, -1.180945299999962 ], [ 120.588190540000028, -1.180945299999962 ], [ 120.588236350000102, -1.180945299999962 ], [ 120.588474880000035, -1.180968389999975 ], [ 120.58848257000011, -1.181137659999933 ], [ 120.588236350000102, -1.181514689999972 ], [ 120.587943960000075, -1.18148390999994 ], [ 120.587731700000063, -1.18148390999994 ], [ 120.587620800000082, -1.181783989999929 ], [ 120.587505380000039, -1.182191799999941 ], [ 120.5872437700001, -1.182699629999945 ], [ 120.587097580000091, -1.182976629999928 ], [ 120.58708988, -1.183130519999963 ], [ 120.587051770000016, -1.183138499999927 ], [ 120.587036020000028, -1.183353659999966 ], [ 120.586974470000087, -1.183738379999966 ], [ 120.586920610000107, -1.184046149999972 ], [ 120.586859050000044, -1.184369319999973 ], [ 120.586782110000058, -1.184807899999953 ], [ 120.586766720000014, -1.185254179999959 ], [ 120.586835970000038, -1.185777399999949 ], [ 120.586866750000013, -1.18606208999995 ], [ 120.586874440000088, -1.186223669999947 ], [ 120.586828270000069, -1.186385249999944 ], [ 120.586612830000036, -1.18650066999993 ], [ 120.586427770000114, -1.18650066999993 ], [ 120.586427960000037, -1.18654018999996 ], [ 120.586343530000022, -1.186516059999974 ], [ 120.58602036000002, -1.186469889999955 ], [ 120.585804920000101, -1.186269839999966 ], [ 120.585466360000055, -1.186077479999938 ], [ 120.585235530000091, -1.186023619999958 ], [ 120.584812340000099, -1.185977449999939 ], [ 120.584489170000097, -1.18587741999994 ], [ 120.584096760000079, -1.185800479999955 ], [ 120.583796670000083, -1.185800479999955 ], [ 120.583696650000093, -1.185885119999966 ], [ 120.583704340000054, -1.186023619999958 ], [ 120.583881310000038, -1.186177509999936 ], [ 120.584081370000035, -1.186200589999942 ], [ 120.58445839, -1.186308309999959 ], [ 120.58482003000006, -1.186416029999975 ], [ 120.584981610000114, -1.186662249999927 ], [ 120.585143200000061, -1.186985419999928 ], [ 120.585230340000066, -1.187137919999941 ], [ 120.585266310000065, -1.187200859999962 ], [ 120.585450970000011, -1.187277809999955 ], [ 120.585735670000076, -1.187785639999959 ], [ 120.585674110000014, -1.188039549999928 ], [ 120.585474060000024, -1.188131889999966 ], [ 120.585366340000064, -1.188501219999978 ], [ 120.585261322000065, -1.18857341599994 ], [ 120.585243220000052, -1.188585859999932 ], [ 120.585058560000107, -1.188578159999963 ], [ 120.58496381000009, -1.188503519999927 ], [ 120.584850810000034, -1.188701269999967 ], [ 120.584827720000021, -1.188885939999977 ], [ 120.584935450000103, -1.189001359999963 ], [ 120.584835420000104, -1.189332219999926 ], [ 120.584481480000022, -1.190347879999933 ], [ 120.584151834000068, -1.191085073999943 ], [ 120.583989769000027, -1.191279508999969 ], [ 120.583989769000027, -1.191516209999975 ], [ 120.583953346000044, -1.19162545699993 ], [ 120.583953346000044, -1.19171649499998 ], [ 120.583953346000044, -1.192262727999946 ], [ 120.584080828000083, -1.19279075299994 ], [ 120.584190098000022, -1.193173114999979 ], [ 120.584171886000036, -1.193719346999956 ], [ 120.584080828000083, -1.194047086999944 ], [ 120.583916923000061, -1.194374825999944 ], [ 120.583716594000066, -1.194629733999932 ], [ 120.583370572000035, -1.194702564999943 ], [ 120.583079185000088, -1.194684356999971 ], [ 120.582678528000088, -1.19461152599996 ], [ 120.582259659000101, -1.194429448999927 ], [ 120.581986484000026, -1.194301994999933 ], [ 120.581767943000045, -1.194156332999967 ], [ 120.581729997000025, -1.194091295999954 ], [ 120.581640461, -1.193937839999933 ], [ 120.581640461, -1.193664723999973 ], [ 120.581640461, -1.193373399999928 ], [ 120.58151298000007, -1.193027452999956 ], [ 120.581349074000059, -1.19279075299994 ], [ 120.581294439000089, -1.192717921999929 ], [ 120.581094111000084, -1.192663297999957 ], [ 120.580602395000028, -1.192663297999957 ], [ 120.580529548000072, -1.192681505999929 ], [ 120.580329220000067, -1.192736128999968 ], [ 120.580165315000045, -1.19275433699994 ], [ 120.580056044000116, -1.19279075299994 ], [ 120.579855716000111, -1.192863583999952 ], [ 120.579704137000022, -1.19294440799996 ], [ 120.579582540000047, -1.193009244999928 ], [ 120.579305927000064, -1.193470167999976 ], [ 120.579021410000109, -1.19353633999998 ], [ 120.578859820000048, -1.193721 ], [ 120.578775190000101, -1.193859499999974 ], [ 120.5784520200001, -1.193928759999949 ], [ 120.577874940000015, -1.193998 ], [ 120.57762872, -1.194151899999952 ], [ 120.57742866000001, -1.194413509999947 ], [ 120.577274780000039, -1.194790529999977 ], [ 120.577182440000115, -1.195236799999975 ], [ 120.576982390000012, -1.195606129999931 ], [ 120.576990080000087, -1.195844659999977 ], [ 120.577043950000075, -1.19612165999996 ], [ 120.577175300000022, -1.196302279999941 ], [ 120.577013160000092, -1.196475599999928 ], [ 120.57695931, -1.196752599999968 ], [ 120.576890050000088, -1.196983429999932 ], [ 120.576682300000016, -1.197375849999958 ], [ 120.576513030000115, -1.197906769999975 ], [ 120.57643608, -1.198114509999925 ], [ 120.576343750000092, -1.198191469999927 ], [ 120.576120610000089, -1.198106819999964 ], [ 120.575874390000081, -1.198091429999977 ], [ 120.575751280000077, -1.198152989999926 ], [ 120.575820530000101, -1.198291489999974 ], [ 120.575828220000062, -1.198491539999964 ], [ 120.575782060000051, -1.198637739999924 ], [ 120.575558920000049, -1.198737759999972 ], [ 120.575266530000022, -1.198876259999963 ], [ 120.574966460000041, -1.198945519999938 ], [ 120.57498634, -1.199037369999928 ], [ 120.574797170000011, -1.199076309999953 ], [ 120.574458620000087, -1.199168659999941 ], [ 120.57422009000004, -1.199168659999941 ], [ 120.573896930000046, -1.199037849999968 ], [ 120.573643010000069, -1.198822409999934 ], [ 120.573550690000047, -1.19855309999997 ], [ 120.573396790000061, -1.198329959999967 ], [ 120.573196730000063, -1.198245319999955 ], [ 120.57292743000005, -1.198229929999968 ], [ 120.572635040000023, -1.198245319999955 ], [ 120.572258010000041, -1.198391519999973 ], [ 120.571850210000093, -1.198745449999933 ], [ 120.571750180000095, -1.198914739999964 ], [ 120.571534750000069, -1.199060929999973 ], [ 120.571380850000082, -1.199107089999927 ], [ 120.57137316, -1.199314849999951 ], [ 120.571519350000017, -1.199376399999949 ], [ 120.571588610000049, -1.199630309999975 ], [ 120.571565520000036, -1.19993809999994 ], [ 120.571450100000106, -1.200161239999943 ], [ 120.571450100000106, -1.200407459999951 ], [ 120.571600920000037, -1.200497459999951 ], [ 120.571503960000086, -1.200653679999959 ], [ 120.571403940000096, -1.200869109999928 ], [ 120.571365460000038, -1.201130729999932 ], [ 120.57137316, -1.201300009999954 ], [ 120.571445550000021, -1.201560619999952 ], [ 120.571424410000077, -1.201674049999951 ], [ 120.571465500000045, -1.201830919999963 ], [ 120.571519350000017, -1.20218486999994 ], [ 120.571657860000073, -1.202584969999975 ], [ 120.571711720000053, -1.202815809999947 ], [ 120.571857900000055, -1.203077409999935 ], [ 120.572011790000033, -1.20337748999998 ], [ 120.572119510000107, -1.203569849999951 ], [ 120.572111820000032, -1.203677589999927 ], [ 120.572082090000094, -1.203673009999932 ], [ 120.572127210000076, -1.203808389999949 ], [ 120.572219540000106, -1.204046919999939 ], [ 120.572219540000106, -1.204316219999953 ], [ 120.57225032000008, -1.20457781999994 ], [ 120.572296500000107, -1.204762489999951 ], [ 120.572273400000086, -1.205039499999941 ], [ 120.572111820000032, -1.20533187999996 ], [ 120.571981010000059, -1.205608869999935 ], [ 120.571888680000029, -1.205793549999953 ], [ 120.571787780000022, -1.205886379999924 ], [ 120.571791310000094, -1.205987929999935 ], [ 120.571665550000034, -1.206016689999956 ], [ 120.571419320000018, -1.206209039999976 ], [ 120.571265430000039, -1.206239819999951 ], [ 120.57101152000007, -1.206285989999969 ], [ 120.57094996, -1.206501429999946 ], [ 120.570757600000093, -1.206763039999942 ], [ 120.570534470000098, -1.20700925999995 ], [ 120.570195910000052, -1.207224699999927 ], [ 120.570003550000024, -1.207509399999935 ], [ 120.569788120000112, -1.207601729999965 ], [ 120.569634220000012, -1.207778709999957 ], [ 120.569611130000112, -1.207994139999926 ], [ 120.569695770000067, -1.208078779999937 ], [ 120.56987563000007, -1.208092979999947 ], [ 120.569876, -1.208110049999959 ], [ 120.56988044000002, -1.208109559999968 ], [ 120.569911230000116, -1.208255749999978 ], [ 120.570080500000017, -1.208401959999946 ], [ 120.570080500000017, -1.208563539999943 ], [ 120.570057410000118, -1.208702029999927 ], [ 120.569934300000114, -1.208717419999971 ], [ 120.569856890000096, -1.208710699999926 ], [ 120.569774650000113, -1.209038779999958 ], [ 120.569920380000099, -1.209222399999931 ], [ 120.570134350000103, -1.20924832999998 ], [ 120.570372880000036, -1.209386839999979 ], [ 120.570665280000071, -1.209656149999944 ], [ 120.570919180000033, -1.209948529999963 ], [ 120.571165420000057, -1.210310169999957 ], [ 120.571427030000109, -1.210641029999977 ], [ 120.571565520000036, -1.211002659999963 ], [ 120.57154244000003, -1.21121809999994 ], [ 120.571422530000063, -1.211381609999933 ], [ 120.571639690000097, -1.211705079999945 ], [ 120.571755770000095, -1.211901439999963 ], [ 120.571757880000064, -1.211902919999943 ], [ 120.57196564000003, -1.212095269999963 ], [ 120.571985030000064, -1.212289289999944 ], [ 120.571985450000057, -1.21229349999993 ], [ 120.571988710000028, -1.212326099999927 ], [ 120.572019490000116, -1.212780079999959 ], [ 120.571969890000105, -1.212956409999947 ], [ 120.571920170000112, -1.213133179999943 ], [ 120.571880990000068, -1.213272519999975 ], [ 120.571850210000093, -1.213487959999952 ], [ 120.571841876, -1.213495416999933 ], [ 120.571846898000103, -1.213623610999946 ], [ 120.57183085600002, -1.213662101999944 ], [ 120.571743781, -1.213815727999929 ], [ 120.571677195, -1.213989838999964 ], [ 120.571682317000068, -1.214184431999968 ], [ 120.571682317000068, -1.214379025999961 ], [ 120.571723293000105, -1.214696520999951 ], [ 120.571759148000069, -1.214901356999974 ], [ 120.571764270000017, -1.215034499999945 ], [ 120.571769392000078, -1.21519836799996 ], [ 120.571769392000078, -1.215254697999967 ], [ 120.571716019000064, -1.215371121999965 ], [ 120.571713049000095, -1.215377598999964 ], [ 120.571685663000039, -1.215413031999958 ], [ 120.571625975000075, -1.215490258999978 ], [ 120.571507566000037, -1.215542050999943 ], [ 120.571143239000094, -1.215476364999972 ], [ 120.57127016000004, -1.215570179999929 ], [ 120.571339410000064, -1.215631729999927 ], [ 120.571347110000033, -1.21580100999995 ], [ 120.571354470000074, -1.215847009999948 ], [ 120.571377880000114, -1.215993369999978 ], [ 120.571347110000033, -1.216162649999944 ], [ 120.571139360000075, -1.216270369999961 ], [ 120.570870050000053, -1.216385789999947 ], [ 120.570869170000037, -1.216386599999964 ], [ 120.570677690000025, -1.216562759999931 ], [ 120.57054689000006, -1.216701259999979 ], [ 120.570522966000112, -1.216824299999928 ], [ 120.57061155100007, -1.216835812999932 ], [ 120.570686220000084, -1.216952904999971 ], [ 120.570617974000015, -1.21709911399995 ], [ 120.570592281000017, -1.21738167999996 ], [ 120.570592281000017, -1.217587182999978 ], [ 120.57065651500011, -1.217856905999952 ], [ 120.570695055000101, -1.218165159999955 ], [ 120.570823523000058, -1.218511945999978 ], [ 120.570862064000039, -1.218781667999963 ], [ 120.570913451000024, -1.219051390999937 ], [ 120.570939145000011, -1.219333956999947 ], [ 120.570903146000092, -1.219549902999972 ], [ 120.570887758000026, -1.21964221099995 ], [ 120.570784983000067, -1.219937620999929 ], [ 120.570630821, -1.220143123999947 ], [ 120.570450965000077, -1.220284406999951 ], [ 120.570116948000077, -1.220566972999961 ], [ 120.569975633000013, -1.22073394399996 ], [ 120.569808624000075, -1.221003665999945 ], [ 120.569680156000118, -1.22129907599998 ], [ 120.569615921000036, -1.221620173999952 ], [ 120.569564534000051, -1.221979802999954 ], [ 120.569294751000029, -1.222647686999949 ], [ 120.569076355000107, -1.223058691999938 ], [ 120.568909346000055, -1.223366944999952 ], [ 120.568652409000038, -1.223662354999931 ], [ 120.568434013000115, -1.223867856999959 ], [ 120.568189923000091, -1.224163266999938 ], [ 120.568151383000099, -1.224240330999976 ], [ 120.567688897000039, -1.224946744999954 ], [ 120.56725210500008, -1.22520362299997 ], [ 120.566905240000096, -1.225588938999977 ], [ 120.566673997000066, -1.225961411999947 ], [ 120.566640526000015, -1.22615800899996 ], [ 120.566571223000096, -1.226565074999939 ], [ 120.566609763000088, -1.226911859999973 ], [ 120.566648304000068, -1.227207268999962 ], [ 120.566648304000068, -1.227438458999927 ], [ 120.566789619000019, -1.227682492999975 ], [ 120.567020862000049, -1.227952214999959 ], [ 120.567094772000019, -1.22804315999997 ], [ 120.56727571600004, -1.228367275999972 ], [ 120.567473988000074, -1.228799770999956 ], [ 120.567293740000082, -1.229430492999938 ], [ 120.567077443000017, -1.229682780999951 ], [ 120.566410527000016, -1.229862986999933 ], [ 120.566140155000085, -1.229862986999933 ], [ 120.565473239000085, -1.230133296999952 ], [ 120.565563363000024, -1.231448800999942 ], [ 120.565437190000011, -1.231647026999951 ], [ 120.56527496700005, -1.232043479999959 ], [ 120.565292992000082, -1.23249399499997 ], [ 120.565779660000089, -1.232908468999938 ], [ 120.566500651000069, -1.233413044999963 ], [ 120.567293740000082, -1.233809497999971 ], [ 120.567924607, -1.234133868999947 ], [ 120.568879920000086, -1.234512300999938 ], [ 120.569420662000084, -1.234854691999942 ], [ 120.569654984000067, -1.235070938999968 ], [ 120.569979430000103, -1.235665617999928 ], [ 120.570141653000064, -1.236386440999979 ], [ 120.570051529000011, -1.236836954999944 ], [ 120.569600910000077, -1.236945077999962 ], [ 120.568825845000106, -1.236674769999979 ], [ 120.568411276, -1.236296337999931 ], [ 120.568140904000074, -1.236314357999959 ], [ 120.567816458000038, -1.236638728999935 ], [ 120.567870533000018, -1.237287468999966 ], [ 120.568213003000096, -1.238152455999966 ], [ 120.568357201000026, -1.238639010999975 ], [ 120.568663622000031, -1.239540037999973 ], [ 120.569060167000089, -1.240116694999926 ], [ 120.569456712000033, -1.240513146999945 ], [ 120.569853257000091, -1.240909598999963 ], [ 120.570231777000117, -1.241324070999951 ], [ 120.5704660990001, -1.241666460999966 ], [ 120.57061029700003, -1.242171035999945 ], [ 120.570664371000021, -1.242639569999938 ], [ 120.57061029700003, -1.243198205999931 ], [ 120.570159678000095, -1.244495682999968 ], [ 120.570015480000052, -1.24489213399994 ], [ 120.56988930600005, -1.245342646999973 ], [ 120.569745108, -1.245955343999981 ], [ 120.569654984000067, -1.246459917999971 ], [ 120.569671757000037, -1.246550948999925 ], [ 120.569781158000069, -1.247144696999953 ], [ 120.570015480000052, -1.24768531199993 ], [ 120.570231777000117, -1.248153844999933 ], [ 120.570592272000113, -1.248784561999969 ], [ 120.570952767000108, -1.24928913499997 ], [ 120.571259188000113, -1.24981172899993 ], [ 120.571583634000035, -1.250478485999963 ], [ 120.571854005000091, -1.250874936999935 ], [ 120.571709807000047, -1.251361488999976 ], [ 120.571583634000035, -1.251541693999968 ], [ 120.571511535000013, -1.251938143999951 ], [ 120.571601659000066, -1.25235261499995 ], [ 120.571781906000069, -1.252658961999941 ], [ 120.571835981000049, -1.252947289999952 ], [ 120.571709807000047, -1.253361759999962 ], [ 120.571457461000023, -1.253776229999971 ], [ 120.571187089000091, -1.25483943699993 ], [ 120.571187089000091, -1.25523588599998 ], [ 120.571259188000113, -1.255812539999965 ], [ 120.571290675000114, -1.255894385999966 ], [ 120.571297026000025, -1.256021370999974 ], [ 120.571322720000012, -1.256098433999966 ], [ 120.571361260000117, -1.256239714999936 ], [ 120.571451188000083, -1.256503011999939 ], [ 120.571496152, -1.256650714999978 ], [ 120.571599471000013, -1.25682287099994 ], [ 120.571619684000098, -1.256911785999932 ], [ 120.571663743000045, -1.256991073999927 ], [ 120.571695278000107, -1.256991073999927 ], [ 120.571791629000018, -1.257196573999977 ], [ 120.571913674000029, -1.257389229999944 ], [ 120.571997178000061, -1.257543354999939 ], [ 120.572093529000085, -1.257652525999958 ], [ 120.57216759500011, -1.257736446999957 ], [ 120.572168465000118, -1.257737432999932 ], [ 120.572240192000095, -1.25771161199998 ], [ 120.572451140000112, -1.257919676999961 ], [ 120.572568862000026, -1.257973619999973 ], [ 120.572716601000025, -1.258012150999946 ], [ 120.57299923100004, -1.258063525999944 ], [ 120.573269014000061, -1.258121322999955 ], [ 120.573699383000076, -1.25816627599994 ], [ 120.574078365000105, -1.25816627599994 ], [ 120.574572968000098, -1.258153431999972 ], [ 120.574591248000047, -1.258151473999931 ], [ 120.574632620000102, -1.258158779999974 ], [ 120.574771120000037, -1.258304969999926 ], [ 120.57481744800009, -1.258299182999963 ], [ 120.5748326800001, -1.258297279999965 ], [ 120.57494040000006, -1.25808952999995 ], [ 120.574985150000089, -1.258022399999959 ], [ 120.575048120000019, -1.257927939999945 ], [ 120.5753482, -1.257920249999927 ], [ 120.57555595000008, -1.257843309999942 ], [ 120.575786780000044, -1.257820219999928 ], [ 120.576054368000086, -1.257791289999943 ], [ 120.57607148000011, -1.257789439999954 ], [ 120.576348480000092, -1.257766359999948 ], [ 120.576563920000012, -1.257766359999948 ], [ 120.576964030000113, -1.258043359999931 ], [ 120.577079450000042, -1.258174169999961 ], [ 120.577179470000033, -1.258297279999965 ], [ 120.577185720000102, -1.258315439999933 ], [ 120.577186780000034, -1.258318539999948 ], [ 120.577225640000051, -1.258328049999932 ], [ 120.577479560000029, -1.258374219999951 ], [ 120.577779640000017, -1.258397299999956 ], [ 120.577925830000027, -1.258258809999973 ], [ 120.577934510000091, -1.258200259999967 ], [ 120.577956610000115, -1.258051049999949 ], [ 120.578095110000049, -1.257951029999958 ], [ 120.578325940000013, -1.257920249999927 ], [ 120.578556770000091, -1.257927939999945 ], [ 120.57867219000002, -1.25808952999995 ], [ 120.578695270000026, -1.258266499999934 ], [ 120.578726050000114, -1.258474249999949 ], [ 120.578856860000087, -1.258612749999941 ], [ 120.579018440000027, -1.258674299999939 ], [ 120.579126160000101, -1.258658909999951 ], [ 120.579364690000034, -1.258789719999925 ], [ 120.579664770000022, -1.259236 ], [ 120.579757100000052, -1.259389879999958 ], [ 120.579941770000119, -1.259559159999981 ], [ 120.580172600000083, -1.259651489999953 ], [ 120.580403440000055, -1.259689969999954 ], [ 120.580641960000094, -1.259582239999929 ], [ 120.580780460000028, -1.259597629999973 ], [ 120.580824788000086, -1.259644289999926 ], [ 120.580926660000046, -1.259751519999952 ], [ 120.581172880000054, -1.259859239999969 ], [ 120.58125752, -1.260082379999972 ], [ 120.581465270000081, -1.260159329999965 ], [ 120.58161146000009, -1.260405549999973 ], [ 120.58161146000009, -1.260603039999978 ], [ 120.5817576500001, -1.260651769999924 ], [ 120.582103900000106, -1.26085951999994 ], [ 120.582727150000096, -1.261436599999968 ], [ 120.58295798000006, -1.261821319999967 ], [ 120.583127260000083, -1.262313759999927 ], [ 120.583151574000112, -1.262426224999956 ], [ 120.583187795000072, -1.262464699999953 ], [ 120.583258453000099, -1.262567449999949 ], [ 120.583284146000096, -1.262612402999935 ], [ 120.583284146000096, -1.262644511999952 ], [ 120.583361227000069, -1.262760105999973 ], [ 120.583419038000102, -1.262811479999925 ], [ 120.583566777000101, -1.262875698999949 ], [ 120.583720939000045, -1.26293349599996 ], [ 120.583887947000107, -1.263036244999967 ], [ 120.584074226000098, -1.263190369999961 ], [ 120.58419627100011, -1.263286697999945 ], [ 120.584299046000069, -1.263357337999935 ], [ 120.584388974000035, -1.263415134999946 ], [ 120.584581676000084, -1.26347935299998 ], [ 120.584838613000102, -1.263543571999946 ], [ 120.585153360000049, -1.263582102999976 ], [ 120.585365333000027, -1.26360778999998 ], [ 120.585474531000045, -1.26360778999998 ], [ 120.585667233000095, -1.263672008999947 ], [ 120.585962710000103, -1.263723383999945 ], [ 120.586303151000038, -1.263768336999931 ], [ 120.58675921400004, -1.26387750799995 ], [ 120.587061114000107, -1.263941726999974 ], [ 120.58717673600006, -1.26398667999996 ], [ 120.587273087000085, -1.264038054999958 ], [ 120.587311628000066, -1.264166491999958 ], [ 120.587356592000106, -1.264282084999934 ], [ 120.587382285000103, -1.264378412999974 ], [ 120.587375862000044, -1.26449400599995 ], [ 120.587363015000051, -1.264622442999951 ], [ 120.587363015000051, -1.264770145999933 ], [ 120.587363015000051, -1.264943535999976 ], [ 120.587298696000062, -1.265053229999978 ], [ 120.58736823400011, -1.265035849999947 ], [ 120.587451738000027, -1.265010161999953 ], [ 120.587515973000109, -1.264907412999946 ], [ 120.587573783000039, -1.264817506999975 ], [ 120.587650864000011, -1.264637694999976 ], [ 120.587734369000032, -1.264502835999963 ], [ 120.587817873000063, -1.264412929999935 ], [ 120.587978458000066, -1.264361554999937 ], [ 120.58813262000001, -1.264348711999958 ], [ 120.588331746000108, -1.264400085999966 ], [ 120.588492332000101, -1.264483569999925 ], [ 120.588633647000051, -1.264586319999978 ], [ 120.588717151000083, -1.26469549199993 ], [ 120.588755692000063, -1.264791818999925 ], [ 120.58878780900011, -1.264881724999952 ], [ 120.58878780900011, -1.265003739999941 ], [ 120.58874284500007, -1.265138598999954 ], [ 120.588672187000043, -1.265324832999966 ], [ 120.588646494000045, -1.265453269999966 ], [ 120.588632568000094, -1.265578562999963 ], [ 120.588711932000024, -1.26547654899997 ], [ 120.588776166000116, -1.265399486999968 ], [ 120.588846824000029, -1.265328845999932 ], [ 120.589078067000059, -1.265245361999973 ], [ 120.589328580000029, -1.265149034999979 ], [ 120.589540553, -1.265091237999968 ], [ 120.589861724000116, -1.265046284999926 ], [ 120.590009462000012, -1.265020597999978 ], [ 120.590144354000017, -1.26500133199994 ], [ 120.590292092000027, -1.26500133199994 ], [ 120.590414137000039, -1.265027019999934 ], [ 120.590497642000059, -1.26503986299997 ], [ 120.590632533000075, -1.265078393999943 ], [ 120.590863776000106, -1.265200408999931 ], [ 120.591107866000016, -1.265303158999927 ], [ 120.591339109000046, -1.265393064999955 ], [ 120.591429037000012, -1.265450861999966 ], [ 120.591570352000076, -1.265604985999971 ], [ 120.591743784000073, -1.26581690699993 ], [ 120.591795172000047, -1.265887546999977 ], [ 120.592244811000114, -1.266266435999967 ], [ 120.592398973000059, -1.26647193499997 ], [ 120.592591675000108, -1.266728808999972 ], [ 120.592694450000067, -1.266870089999941 ], [ 120.592797224000037, -1.266985682999973 ], [ 120.592887152000117, -1.267088432999969 ], [ 120.593041314000061, -1.267281087999947 ], [ 120.59314408900002, -1.267473742999925 ], [ 120.593208323000113, -1.267602179999926 ], [ 120.593362485000057, -1.267833365999934 ], [ 120.593364603000055, -1.267835880999939 ], [ 120.59343039700002, -1.267893636999929 ], [ 120.593685361000098, -1.268084812999973 ], [ 120.593840160000013, -1.268230470999924 ], [ 120.594095124000091, -1.26848537199993 ], [ 120.594368299000053, -1.268840412999964 ], [ 120.594614157000024, -1.269222764999938 ], [ 120.594768956000053, -1.269532286999947 ], [ 120.594960179000054, -1.269723462999934 ], [ 120.595160508000049, -1.269796291999967 ], [ 120.595442789000117, -1.269887327999925 ], [ 120.595643117, -1.269923742999936 ], [ 120.595888975000094, -1.269960156999957 ], [ 120.596289632000094, -1.269996570999979 ], [ 120.596626549, -1.270051192999972 ], [ 120.596772242000043, -1.270151332999944 ], [ 120.596899724000082, -1.270287886999938 ], [ 120.597118264000073, -1.270524580999961 ], [ 120.597162579000042, -1.270615648999978 ], [ 120.597199091000107, -1.270690683999931 ], [ 120.597282169000096, -1.270861413999967 ], [ 120.597464286000104, -1.271316593999927 ], [ 120.597600874000022, -1.271607909999943 ], [ 120.597773885000038, -1.271871913999973 ], [ 120.598019743, -1.272035778999964 ], [ 120.59831113000007, -1.272226953999962 ], [ 120.598611623000011, -1.272472751999942 ], [ 120.598857480000106, -1.272718548999933 ], [ 120.599148868000043, -1.273073588999978 ], [ 120.599258138000096, -1.273392214999944 ], [ 120.599367408000035, -1.273701736999953 ], [ 120.599394725000025, -1.273747254999932 ], [ 120.599840912000104, -1.274457334999965 ], [ 120.600050346000103, -1.274812375999943 ], [ 120.600350839000043, -1.275158311999974 ], [ 120.600532956000052, -1.275340383999946 ], [ 120.600678649000088, -1.275486040999965 ], [ 120.600906296000062, -1.275722734999931 ], [ 120.601197683, -1.276014048999969 ], [ 120.601407117, -1.276278052999942 ], [ 120.601580128000023, -1.27650564299995 ], [ 120.601780457000018, -1.276733232999959 ], [ 120.60201720900011, -1.276933510999925 ], [ 120.602235749000101, -1.277179307999972 ], [ 120.602481607000072, -1.277716418999944 ], [ 120.602727465000044, -1.277962215999935 ], [ 120.602936899000042, -1.278126080999925 ], [ 120.603091698000071, -1.278280840999969 ], [ 120.603218072000118, -1.278413832999945 ], [ 120.603264709000086, -1.278462912999942 ], [ 120.603401297000119, -1.278590362999978 ], [ 120.603565202000027, -1.278726916999972 ], [ 120.603701790000059, -1.278845262999937 ], [ 120.603865695000081, -1.279009127999927 ], [ 120.603984071000014, -1.279191198999968 ], [ 120.604084235000073, -1.279355062999969 ], [ 120.604266352000081, -1.279919484999937 ], [ 120.604366517000017, -1.280210798999974 ], [ 120.6044211520001, -1.280502113999944 ], [ 120.604466681000076, -1.280720598999949 ], [ 120.604530422000039, -1.280957291999925 ], [ 120.604566845000022, -1.281121155999926 ], [ 120.604639692000092, -1.281312330999924 ], [ 120.604667009000082, -1.281485298999939 ], [ 120.604694327000061, -1.281776612999977 ], [ 120.604697058000056, -1.281812112999944 ], [ 120.605318350000061, -1.282651409999971 ], [ 120.605414440000118, -1.282760559999929 ], [ 120.60571807000008, -1.283273349999945 ], [ 120.606218210000065, -1.28377348999993 ], [ 120.606964560000051, -1.284188989999961 ], [ 120.607337207000114, -1.28436435499998 ], [ 120.607943264000028, -1.284556470999973 ], [ 120.608271074000072, -1.284638402999974 ], [ 120.608266508000042, -1.284668188999945 ], [ 120.608611170000017, -1.284804539999925 ], [ 120.609880750000116, -1.284981519999974 ], [ 120.610135200000059, -1.284956069999964 ], [ 120.61011158000008, -1.284719909999978 ], [ 120.610342410000044, -1.284535239999968 ], [ 120.610796380000011, -1.284650649999946 ], [ 120.611088770000038, -1.284812239999951 ], [ 120.611388850000026, -1.284904569999981 ], [ 120.611704320000058, -1.284912259999942 ], [ 120.61196593000011, -1.284827629999938 ], [ 120.612196770000082, -1.284866099999931 ], [ 120.612227540000049, -1.285066149999977 ], [ 120.612235240000018, -1.285266209999975 ], [ 120.612227540000049, -1.285458569999946 ], [ 120.612227540000049, -1.28571248999998 ], [ 120.612227540000049, -1.285886439999956 ], [ 120.612340790000076, -1.285967949999929 ], [ 120.612527630000045, -1.285797119999927 ], [ 120.612743070000079, -1.28578172999994 ], [ 120.613258600000108, -1.286181839999927 ], [ 120.613497120000034, -1.286397289999968 ], [ 120.614012650000063, -1.286882039999966 ], [ 120.614866730000017, -1.287451419999968 ], [ 120.615045754000107, -1.287648186999945 ], [ 120.615664110000012, -1.288327829999957 ], [ 120.615736200000015, -1.288359359999959 ], [ 120.615928560000043, -1.28849785999995 ], [ 120.616313280000099, -1.288928749999968 ], [ 120.616567200000077, -1.289259609999931 ], [ 120.616721080000048, -1.289390419999961 ], [ 120.616744170000061, -1.289567389999945 ], [ 120.616913440000076, -1.289752049999947 ], [ 120.617159670000092, -1.289852079999946 ], [ 120.617452050000111, -1.28997518999995 ], [ 120.617629030000103, -1.290090609999936 ], [ 120.617929110000091, -1.290206019999971 ], [ 120.618006050000076, -1.290367609999976 ], [ 120.618059910000056, -1.290590749999978 ], [ 120.618096380000111, -1.290684949999957 ], [ 120.618221500000118, -1.290760019999937 ], [ 120.618406160000063, -1.290767719999963 ], [ 120.618737020000026, -1.290929299999959 ], [ 120.618867830000113, -1.291152439999962 ], [ 120.618906300000049, -1.291414049999958 ], [ 120.61895246000006, -1.29169104999994 ], [ 120.619030424000016, -1.291905428999939 ], [ 120.619044800000097, -1.291944959999967 ], [ 120.619198690000076, -1.291944959999967 ], [ 120.619367960000091, -1.291944959999967 ], [ 120.619706520000022, -1.292283519999955 ], [ 120.619945040000061, -1.292675929999973 ], [ 120.62009893000004, -1.292945239999938 ], [ 120.620337460000087, -1.293052959999955 ], [ 120.620442449000052, -1.29313345199995 ], [ 120.620568290000051, -1.293229929999939 ], [ 120.620960710000077, -1.293514619999939 ], [ 120.621353120000094, -1.293807009999966 ], [ 120.621537790000048, -1.293991679999976 ], [ 120.62165321000009, -1.294268679999959 ], [ 120.621622430000116, -1.294514899999967 ], [ 120.621593390000044, -1.294514899999967 ], [ 120.621622430000116, -1.294584149999935 ], [ 120.621737840000037, -1.294645699999933 ], [ 120.62196098000004, -1.294653399999959 ], [ 120.622261060000028, -1.29479189999995 ], [ 120.622361090000027, -1.294945779999978 ], [ 120.622461120000025, -1.295461309999951 ], [ 120.622461120000025, -1.295678536999958 ], [ 120.622425022000016, -1.296089951999932 ], [ 120.622551259000033, -1.296384431999968 ], [ 120.622793215000115, -1.296763047999946 ], [ 120.623277126000062, -1.297299419999945 ], [ 120.623692663000043, -1.297860081999943 ], [ 120.623692041000027, -1.297861026999954 ], [ 120.623706783000102, -1.29787913399997 ], [ 120.623756460000095, -1.29794616099997 ], [ 120.624413264000054, -1.298992673999976 ], [ 120.625170690000118, -1.299876109999957 ], [ 120.625230521000049, -1.299914674999968 ], [ 120.626542171000096, -1.300760125999943 ], [ 120.62683155000002, -1.300770459999967 ], [ 120.626940799000067, -1.300768434999952 ], [ 120.627077405000023, -1.300793725999938 ], [ 120.627508716000079, -1.300704330999963 ], [ 120.627992627000026, -1.300536056999931 ], [ 120.628334521000056, -1.30049398899996 ], [ 120.628707974, -1.300583383999935 ], [ 120.628970969000079, -1.300935706999951 ], [ 120.629065647000061, -1.301387941999963 ], [ 120.629123506000042, -1.30190327899993 ], [ 120.629312863000109, -1.302460684999971 ], [ 120.629612677000068, -1.302928694999935 ], [ 120.630133035000085, -1.303387715999975 ], [ 120.630157685000086, -1.303415586999961 ], [ 120.630581013000096, -1.303590570999972 ], [ 120.631020622000051, -1.30375334699994 ], [ 120.631264850000093, -1.303870003999975 ], [ 120.631576918000064, -1.304013788999953 ], [ 120.631807577000018, -1.304200981999941 ], [ 120.632057232000079, -1.304477700999939 ], [ 120.63218748700001, -1.304689309999958 ], [ 120.632192914000029, -1.304876502999946 ], [ 120.632225478, -1.305104388999951 ], [ 120.632279750000066, -1.305451644999948 ], [ 120.632385582000097, -1.305741927999975 ], [ 120.63247241900001, -1.306075618999955 ], [ 120.632515837000028, -1.306279088999929 ], [ 120.632616241000051, -1.306485271999975 ], [ 120.632827905000113, -1.306705019999924 ], [ 120.632998864000115, -1.306865082999934 ], [ 120.633229524000058, -1.307049561999975 ], [ 120.63346561000003, -1.30720691199997 ], [ 120.633723406000058, -1.307328993999931 ], [ 120.633921501000032, -1.307396816999926 ], [ 120.634149447000027, -1.30747549199998 ], [ 120.634293270000057, -1.307518898999945 ], [ 120.63456192000001, -1.307744072999981 ], [ 120.634835997000096, -1.307977384999958 ], [ 120.635004243000026, -1.308088614999974 ], [ 120.635183343000108, -1.308226973999979 ], [ 120.635487271000102, -1.308460285999956 ], [ 120.635526656000025, -1.308489339999937 ], [ 120.635635502000014, -1.308569632999934 ], [ 120.635998197000049, -1.309212643999956 ], [ 120.636778725000113, -1.310685775999957 ], [ 120.63716063600009, -1.311405449999938 ], [ 120.637849683000013, -1.312025954999967 ], [ 120.638933223000095, -1.312557065999954 ], [ 120.639869485000077, -1.313025073999938 ], [ 120.640559913000061, -1.313337842999942 ], [ 120.641069501000061, -1.314635735999957 ], [ 120.64084519700009, -1.315925146999973 ], [ 120.641518464000114, -1.318659572999934 ], [ 120.642065494, -1.31996368199998 ], [ 120.642612524000015, -1.321351927999956 ], [ 120.643412029000046, -1.32252983199993 ], [ 120.644421930000021, -1.323791871999958 ], [ 120.645347672000071, -1.326231812999936 ], [ 120.646441732000085, -1.32736764699996 ], [ 120.646778366000035, -1.328545548999955 ], [ 120.646988762000092, -1.330312399999968 ], [ 120.647594975000061, -1.331306943999948 ], [ 120.647629670000015, -1.331363862999979 ], [ 120.647629670000015, -1.331952909999927 ], [ 120.647959040000046, -1.333851769999967 ], [ 120.647849250000036, -1.335322549999944 ], [ 120.648617780000109, -1.337144569999964 ], [ 120.647344220000036, -1.339098289999924 ], [ 120.647410090000108, -1.340141009999968 ], [ 120.648222530000112, -1.34251181999997 ], [ 120.647516140000107, -1.343654579999964 ], [ 120.647756160000085, -1.343868279999924 ], [ 120.647303040000111, -1.344948479999971 ], [ 120.648093530000097, -1.346397309999929 ], [ 120.647654370000055, -1.347890039999925 ], [ 120.647252540000068, -1.348894339999958 ], [ 120.647270110000022, -1.349596799999972 ], [ 120.648027660000025, -1.351051109999958 ], [ 120.648488780000093, -1.351918209999951 ], [ 120.648656210000013, -1.35301579999998 ], [ 120.648546410000108, -1.35387191999996 ], [ 120.648431652000113, -1.354748075999964 ], [ 120.648428103000015, -1.354803232999927 ], [ 120.648427398000081, -1.354814188999967 ], [ 120.647795185000064, -1.355452361999937 ], [ 120.647305790000019, -1.35594636999997 ], [ 120.646416490000092, -1.357976919999942 ], [ 120.646387670000081, -1.357962689999965 ], [ 120.646386515000017, -1.357964365999976 ], [ 120.646101277000071, -1.358378306999953 ], [ 120.644872150000083, -1.360162029999969 ], [ 120.644224130000111, -1.360993219999955 ], [ 120.644314535000035, -1.361868805999961 ], [ 120.644404150000014, -1.362736749999954 ], [ 120.645112756000117, -1.363979795999967 ], [ 120.645653160000052, -1.36492777999996 ], [ 120.647673517000044, -1.367927454999972 ], [ 120.648124250000023, -1.368596669999931 ], [ 120.648119, -1.368604379999965 ], [ 120.648136480000062, -1.368590549999965 ], [ 120.649906200000032, -1.369980649999945 ], [ 120.65261380000004, -1.371562349999977 ], [ 120.654863465000062, -1.373634975999948 ], [ 120.655045555000015, -1.37375713299997 ], [ 120.655555966000065, -1.374099546999958 ], [ 120.656439629000033, -1.374688485999968 ], [ 120.656797302000086, -1.375950498999941 ], [ 120.658417352000015, -1.378032817999951 ], [ 120.658367423000072, -1.378159224999933 ], [ 120.659562220000112, -1.379132469999945 ], [ 120.660785530000112, -1.380208679999953 ], [ 120.660677140000075, -1.380620449999981 ], [ 120.660777010000061, -1.380699289999939 ], [ 120.660777010000061, -1.380951669999945 ], [ 120.660672360000035, -1.381370249999975 ], [ 120.660684680000031, -1.381554909999977 ], [ 120.660696990000019, -1.38178881999994 ], [ 120.660826250000014, -1.382096599999954 ], [ 120.660980140000106, -1.382299729999943 ], [ 120.661047850000045, -1.382521329999975 ], [ 120.661047850000045, -1.382754849999969 ], [ 120.661173850000068, -1.382759359999966 ], [ 120.661195580000026, -1.382859889999963 ], [ 120.661269450000077, -1.38311841999996 ], [ 120.661269450000077, -1.383395419999943 ], [ 120.661170960000049, -1.383623169999964 ], [ 120.661134030000085, -1.383746279999968 ], [ 120.661238670000103, -1.383813989999965 ], [ 120.661398720000079, -1.383758589999957 ], [ 120.661527980000074, -1.38335232999998 ], [ 120.661558760000048, -1.382915289999971 ], [ 120.66154873000005, -1.382784839999943 ], [ 120.661534140000072, -1.382595199999969 ], [ 120.661460270000021, -1.382305889999941 ], [ 120.66147874, -1.382059669999933 ], [ 120.661626470000101, -1.381770359999962 ], [ 120.661749580000105, -1.381751889999975 ], [ 120.661885, -1.38178881999994 ], [ 120.661792670000068, -1.382127379999929 ], [ 120.661774200000082, -1.382416689999957 ], [ 120.661872690000109, -1.382662909999965 ], [ 120.662032740000086, -1.382687529999941 ], [ 120.66237745, -1.382459779999976 ], [ 120.662525180000102, -1.382232019999947 ], [ 120.662919130000091, -1.382250489999933 ], [ 120.663319240000078, -1.382490549999943 ], [ 120.663590090000071, -1.382736769999951 ], [ 120.663743970000041, -1.38292759999996 ], [ 120.663811690000102, -1.383136879999938 ], [ 120.663867260000075, -1.383245109999962 ], [ 120.664119460000052, -1.383383109999954 ], [ 120.664476480000076, -1.383420039999976 ], [ 120.664790420000031, -1.383401569999933 ], [ 120.665012020000063, -1.383364639999968 ], [ 120.665289010000038, -1.383407729999931 ], [ 120.665436750000026, -1.383530839999935 ], [ 120.665498300000081, -1.383838619999949 ], [ 120.665510610000069, -1.384251039999924 ], [ 120.665510610000069, -1.384669609999946 ], [ 120.665473680000105, -1.385082029999978 ], [ 120.665479840000103, -1.385592939999981 ], [ 120.665307480000024, -1.385783759999924 ], [ 120.66520284, -1.38593764999996 ], [ 120.665199170000051, -1.385937489999947 ], [ 120.665165900000034, -1.386103849999927 ], [ 120.664993550000077, -1.386411629999941 ], [ 120.664796570000021, -1.386639379999963 ], [ 120.664433390000113, -1.386860979999938 ], [ 120.664402620000033, -1.387094889999958 ], [ 120.664384150000046, -1.387390359999927 ], [ 120.66436568000006, -1.387913579999974 ], [ 120.664402620000033, -1.388350619999926 ], [ 120.664396460000034, -1.388910779999946 ], [ 120.664390310000044, -1.389058509999927 ], [ 120.664281690000053, -1.389062229999979 ], [ 120.664261040000042, -1.389230859999941 ], [ 120.664328750000095, -1.389489399999945 ], [ 120.664396460000034, -1.389680219999946 ], [ 120.664513420000048, -1.389963369999975 ], [ 120.664679620000015, -1.390166499999964 ], [ 120.664851970000086, -1.390548149999972 ], [ 120.664870440000072, -1.390782059999935 ], [ 120.664870440000072, -1.391059059999975 ], [ 120.664895060000049, -1.391422229999932 ], [ 120.66491958000006, -1.391636799999958 ], [ 120.664993550000077, -1.391779249999956 ], [ 120.665239770000085, -1.391988539999943 ], [ 120.665313640000022, -1.392259389999936 ], [ 120.66534420000005, -1.392325919999962 ], [ 120.66541828000004, -1.392487139999957 ], [ 120.665553700000032, -1.392788759999974 ], [ 120.665461370000116, -1.393201179999949 ], [ 120.66532595000001, -1.393379689999961 ], [ 120.665159750000043, -1.393484339999929 ], [ 120.665036640000039, -1.393564359999971 ], [ 120.664796570000021, -1.39367515999993 ], [ 120.664618060000066, -1.393687469999975 ], [ 120.664531880000027, -1.393773649999957 ], [ 120.664550350000013, -1.39391521999994 ], [ 120.664802730000019, -1.393946 ], [ 120.66520899000011, -1.393841359999954 ], [ 120.665572170000019, -1.393453559999955 ], [ 120.665836860000013, -1.393127319999962 ], [ 120.666015370000082, -1.392794919999972 ], [ 120.666100620000066, -1.392601979999938 ], [ 120.666132320000088, -1.392530229999977 ], [ 120.66626159000009, -1.392290159999959 ], [ 120.6665016500001, -1.392093189999969 ], [ 120.666840210000032, -1.391957759999968 ], [ 120.667209540000044, -1.392068559999927 ], [ 120.667474230000039, -1.392339409999977 ], [ 120.667658890000098, -1.392757979999942 ], [ 120.667985140000042, -1.393281199999933 ], [ 120.668292910000105, -1.39367515999993 ], [ 120.668693020000092, -1.39395830999996 ], [ 120.66867341000011, -1.393980719999945 ], [ 120.669807180000021, -1.394721599999968 ], [ 120.671062900000038, -1.39543563999996 ], [ 120.671635370000104, -1.395644929999946 ], [ 120.671493790000113, -1.395977329999937 ], [ 120.671401740000078, -1.396080539999957 ], [ 120.671635370000104, -1.396168149999937 ], [ 120.671998550000012, -1.396297419999939 ], [ 120.672410970000101, -1.396574409999971 ], [ 120.672675650000087, -1.396937589999936 ], [ 120.672934190000092, -1.397239209999952 ], [ 120.673075760000074, -1.397602389999975 ], [ 120.67302036000001, -1.39797171999993 ], [ 120.67289725, -1.398100989999932 ], [ 120.672552540000083, -1.398051739999971 ], [ 120.672287860000097, -1.398039429999926 ], [ 120.672084720000043, -1.398057899999969 ], [ 120.67207527000005, -1.398059659999944 ], [ 120.672082450000062, -1.398074399999928 ], [ 120.671999300000039, -1.398472079999976 ], [ 120.671730590000038, -1.398488959999952 ], [ 120.671997660000102, -1.39847685999996 ], [ 120.671983460000092, -1.39855794999994 ], [ 120.672232460000032, -1.398562649999974 ], [ 120.672410970000101, -1.398611899999935 ], [ 120.67271874000005, -1.398741159999929 ], [ 120.673051140000098, -1.398870429999931 ], [ 120.673303520000104, -1.399018159999969 ], [ 120.673309670000094, -1.399215139999967 ], [ 120.673118850000037, -1.399522909999973 ], [ 120.672934190000092, -1.39982453999994 ], [ 120.67289725, -1.400261579999949 ], [ 120.672928030000094, -1.400680159999979 ], [ 120.672843340000099, -1.400686209999947 ], [ 120.672817230000078, -1.40092637999993 ], [ 120.672811080000088, -1.40120337999997 ], [ 120.672706430000062, -1.401640419999978 ], [ 120.672700280000072, -1.402175949999958 ], [ 120.672829540000066, -1.402551439999968 ], [ 120.672971120000057, -1.402957699999945 ], [ 120.67302036000001, -1.403210079999951 ], [ 120.672986940000101, -1.403212149999945 ], [ 120.67302652, -1.403443989999971 ], [ 120.67294650000008, -1.403751769999928 ], [ 120.672687970000084, -1.40402260999997 ], [ 120.672515610000119, -1.404293449999955 ], [ 120.672454060000064, -1.404625849999945 ], [ 120.672460210000054, -1.405112139999972 ], [ 120.672577170000068, -1.40531526999996 ], [ 120.672749520000025, -1.405364519999978 ], [ 120.672928030000094, -1.40545684999995 ], [ 120.672749520000025, -1.405653829999949 ], [ 120.672675650000087, -1.405900049999957 ], [ 120.672663340000099, -1.405980069999941 ], [ 120.672653130000072, -1.405979809999963 ], [ 120.672681810000086, -1.406257069999924 ], [ 120.672700280000072, -1.40655868999994 ], [ 120.67271874000005, -1.406786439999962 ], [ 120.672755680000023, -1.407038819999968 ], [ 120.672792610000101, -1.40727888999993 ], [ 120.67303268, -1.407506639999951 ], [ 120.673051140000098, -1.407580509999946 ], [ 120.673248120000039, -1.40766052999993 ], [ 120.673457410000083, -1.407869819999974 ], [ 120.673586670000077, -1.408116039999925 ], [ 120.673900600000024, -1.408251459999974 ], [ 120.67388195, -1.408256269999924 ], [ 120.673912920000021, -1.408263769999962 ], [ 120.674023720000037, -1.408417659999941 ], [ 120.673992940000062, -1.408750059999932 ], [ 120.673894450000034, -1.409119389999944 ], [ 120.673839050000083, -1.409340989999976 ], [ 120.673882140000046, -1.40955643999996 ], [ 120.67400525000005, -1.409839589999933 ], [ 120.674337650000098, -1.410141209999949 ], [ 120.674503850000065, -1.410239699999977 ], [ 120.674725450000096, -1.41028278999994 ], [ 120.674940890000016, -1.410602879999942 ], [ 120.674793160000036, -1.410984519999943 ], [ 120.674717730000111, -1.41100881999995 ], [ 120.674540780000029, -1.411329229999978 ], [ 120.674503850000065, -1.41157544999993 ], [ 120.674429980000014, -1.41195093999994 ], [ 120.674386890000051, -1.412283339999931 ], [ 120.674393050000049, -1.412517249999951 ], [ 120.674491540000076, -1.412732689999928 ], [ 120.674630906000061, -1.41292053899997 ], [ 120.674819293000041, -1.413460963999967 ], [ 120.674892976000024, -1.413776651999967 ], [ 120.674914028000103, -1.413966064999954 ], [ 120.675103499000102, -1.414565871999969 ], [ 120.675133389000052, -1.41464697899994 ], [ 120.675250865000066, -1.414965743999971 ], [ 120.675661384000023, -1.415092018999928 ], [ 120.676008747000083, -1.415165679999973 ], [ 120.676598211000055, -1.415523458999928 ], [ 120.677208727000107, -1.415839146999929 ], [ 120.677619247000052, -1.415923329999941 ], [ 120.678113975000088, -1.415996990999929 ], [ 120.678661335000015, -1.415996990999929 ], [ 120.678785317, -1.415996990999929 ], [ 120.679187642000102, -1.415996990999929 ], [ 120.679745527000023, -1.415954898999928 ], [ 120.68031393900003, -1.415891761999944 ], [ 120.680871824000064, -1.41578653199997 ], [ 120.681334975000027, -1.415681302999928 ], [ 120.681671811000115, -1.415597119999973 ], [ 120.682029700000044, -1.415502412999956 ], [ 120.682345484000052, -1.415481366999927 ], [ 120.682429693000017, -1.415523458999928 ], [ 120.682591048000063, -1.415639957999929 ], [ 120.682808634000025, -1.415797054999928 ], [ 120.682998105000024, -1.416102219999971 ], [ 120.683208628000102, -1.416544182999928 ], [ 120.68336652000005, -1.416912484999955 ], [ 120.683534938000093, -1.41733340199994 ], [ 120.683640200000013, -1.417522814999927 ], [ 120.68388230100004, -1.417817456999956 ], [ 120.684208611000031, -1.418122620999952 ], [ 120.684555974000091, -1.418427785999938 ], [ 120.684924389000116, -1.418680335999966 ], [ 120.68536648700001, -1.418964453999934 ], [ 120.685970506000103, -1.419095464999941 ], [ 120.686192714000072, -1.41914367499993 ], [ 120.686482258000069, -1.419206480999947 ], [ 120.68732434900005, -1.419395893999933 ], [ 120.688208545000066, -1.419532691999962 ], [ 120.688330129000065, -1.419532691999962 ], [ 120.688629591000108, -1.419532691999962 ], [ 120.68906116200003, -1.419585305999931 ], [ 120.689787466000098, -1.419658966999975 ], [ 120.690345352, -1.41970105799993 ], [ 120.690882185000078, -1.41970105799993 ], [ 120.691650593000077, -1.41970105799993 ], [ 120.691843127000084, -1.419691892999936 ], [ 120.691876844000035, -1.419689928999958 ], [ 120.692313740000031, -1.419669489999933 ], [ 120.692745312000056, -1.419522168999947 ], [ 120.693218988000012, -1.419395893999933 ], [ 120.693678773000102, -1.419180197999935 ], [ 120.693755821000082, -1.419143343999963 ], [ 120.693830731000048, -1.419098411999926 ], [ 120.694018975000063, -1.418985499999962 ], [ 120.694170758000041, -1.41884973599997 ], [ 120.694218972000044, -1.41880661099998 ], [ 120.694387390000088, -1.418354124999951 ], [ 120.694440021000105, -1.418027914999925 ], [ 120.694440021000105, -1.417617520999954 ], [ 120.694345285000054, -1.417112420999956 ], [ 120.694145289000062, -1.416880916999958 ], [ 120.694121222000035, -1.416843258999961 ], [ 120.694324233000088, -1.416323201999944 ], [ 120.694829488000096, -1.415649733999942 ], [ 120.69516632400007, -1.415397183999971 ], [ 120.69626104300005, -1.414807899999971 ], [ 120.697145239000065, -1.414260706999926 ], [ 120.697734703000037, -1.413755605999938 ], [ 120.698134965, -1.413241140999958 ], [ 120.698637762000089, -1.412956624999936 ], [ 120.699006610000083, -1.412723738999944 ], [ 120.699310342000103, -1.412374900999964 ], [ 120.700469311, -1.411530765999942 ], [ 120.700476312000092, -1.411511993999966 ], [ 120.700537845000099, -1.411347023999951 ], [ 120.70098509200011, -1.410715236999977 ], [ 120.701269297000067, -1.410031244999971 ], [ 120.701374559000101, -1.409547189999955 ], [ 120.701385085000084, -1.408999995999977 ], [ 120.701406137000049, -1.408494893999944 ], [ 120.7014377160001, -1.407937176999951 ], [ 120.701355696000064, -1.407352958999979 ], [ 120.701355696000064, -1.406684181999935 ], [ 120.701355696000064, -1.406008131999954 ], [ 120.70148714700008, -1.405617647999975 ], [ 120.701871500000038, -1.404475909999974 ], [ 120.702553850000072, -1.402825549999932 ], [ 120.703500340000119, -1.401527259999966 ], [ 120.704821030000062, -1.399766869999951 ], [ 120.705468420000102, -1.399521719999939 ], [ 120.705458480000061, -1.399409419999927 ], [ 120.705472440000108, -1.399176359999956 ], [ 120.706378440000094, -1.398633789999963 ], [ 120.70679911000002, -1.398392729999955 ], [ 120.707160820000013, -1.398157839999953 ], [ 120.707644870000081, -1.39820186999998 ], [ 120.707962310000084, -1.39818465999997 ], [ 120.708431010000027, -1.398182179999935 ], [ 120.708795420000115, -1.398490899999956 ], [ 120.709099040000069, -1.398737819999951 ], [ 120.709455130000038, -1.399022019999961 ], [ 120.709821580000039, -1.399395589999926 ], [ 120.710192410000104, -1.399695039999926 ], [ 120.710345380000035, -1.399871299999973 ], [ 120.710764120000022, -1.399986919999947 ], [ 120.712101610000104, -1.40145339999998 ], [ 120.712106820000031, -1.401450239999974 ], [ 120.71286069000007, -1.401827069999968 ], [ 120.71315710600004, -1.403167394999969 ], [ 120.713218400000073, -1.403441679999958 ], [ 120.713230030000091, -1.403445649999981 ], [ 120.713252090000083, -1.40350424199994 ], [ 120.713453214000083, -1.40403843799993 ], [ 120.713582311000096, -1.403245650999963 ], [ 120.713545174000046, -1.402410310999926 ], [ 120.713480183000115, -1.401686347999942 ], [ 120.713406543000019, -1.401291485999934 ], [ 120.713670110000066, -1.401047279999943 ], [ 120.713611300000025, -1.400658719999967 ], [ 120.713411180000094, -1.400167229999965 ], [ 120.713176600000111, -1.39929393999995 ], [ 120.712884590000044, -1.398531209999931 ], [ 120.712610020000056, -1.398014559999979 ], [ 120.712583560000098, -1.397564819999957 ], [ 120.712515860000053, -1.397132219999946 ], [ 120.712498260000075, -1.396843709999928 ], [ 120.712760730000014, -1.396324919999927 ], [ 120.71304921, -1.396137039999928 ], [ 120.713255230000073, -1.395991939999931 ], [ 120.714104900000052, -1.395632079999928 ], [ 120.714807600000086, -1.395448099999953 ], [ 120.714955180000061, -1.395433479999951 ], [ 120.715293740000106, -1.395381209999925 ], [ 120.715756260000035, -1.395336929999928 ], [ 120.716309010000032, -1.395114059999969 ], [ 120.717092870000101, -1.394830849999948 ], [ 120.717312470000024, -1.394766389999972 ], [ 120.717288510000117, -1.394675589999963 ], [ 120.717268510000054, -1.39466447999996 ], [ 120.717261381000071, -1.394632082999976 ], [ 120.717789922000065, -1.394433938999953 ], [ 120.717841862000114, -1.394414466999933 ], [ 120.718658884000092, -1.394191708999927 ], [ 120.719828712000094, -1.39296653699995 ], [ 120.720404341000062, -1.392799468999954 ], [ 120.720478616000037, -1.392669525999963 ], [ 120.720852964000073, -1.392222855999933 ], [ 120.721054245000118, -1.391982686999938 ], [ 120.721444188000078, -1.390738951999936 ], [ 120.721592737000037, -1.390126365999947 ], [ 120.72171761200002, -1.38985671599994 ], [ 120.722056955000085, -1.389123950999931 ], [ 120.72206286800008, -1.389108432999933 ], [ 120.722205504000044, -1.388734122999949 ], [ 120.723003958000049, -1.388028719999966 ], [ 120.723653862000106, -1.387564638999947 ], [ 120.724730846000057, -1.387323316999925 ], [ 120.725250770000116, -1.387286189999941 ], [ 120.725370752000117, -1.38715624699995 ], [ 120.725510731000099, -1.38715624699995 ], [ 120.725582196000119, -1.38711854099995 ], [ 120.725852877000079, -1.386975723999967 ], [ 120.72588187000008, -1.386972369999967 ], [ 120.72588316000008, -1.386982669999952 ], [ 120.726968680000027, -1.386391989999936 ], [ 120.728575520000049, -1.385082689999933 ], [ 120.728656421000096, -1.385024233999957 ], [ 120.729687100000092, -1.384279509999942 ], [ 120.729692690000093, -1.384294 ], [ 120.729752383000118, -1.384231455999952 ], [ 120.729842501, -1.384242266999934 ], [ 120.730146418000118, -1.384232771999962 ], [ 120.730564306000019, -1.384232771999962 ], [ 120.730792244000099, -1.384166309999955 ], [ 120.731048675000011, -1.384099846999959 ], [ 120.731162644000051, -1.384061868999936 ], [ 120.731400080000071, -1.383909953999932 ], [ 120.731477645000041, -1.383826445999944 ], [ 120.731523546000062, -1.38377702899993 ], [ 120.731524635000028, -1.383775668999931 ], [ 120.731561536000072, -1.383729554999945 ], [ 120.731611168000086, -1.383644102999938 ], [ 120.731618521000087, -1.383644102999938 ], [ 120.731802844000072, -1.38357500199993 ], [ 120.731846459000053, -1.38355865099993 ], [ 120.731903444000068, -1.38346370499994 ], [ 120.731960428000093, -1.383416230999956 ], [ 120.73223585400001, -1.383368757999961 ], [ 120.732501782000099, -1.383302294999964 ], [ 120.732634746000031, -1.383302294999964 ], [ 120.732767710000076, -1.383302294999964 ], [ 120.732986151000091, -1.383321284999965 ], [ 120.733299567000017, -1.383416230999956 ], [ 120.733461023000018, -1.38347319899998 ], [ 120.733826604000114, -1.383492954999952 ], [ 120.734055, -1.383642739999971 ], [ 120.734315939000112, -1.383604655999932 ], [ 120.734808890000068, -1.38353270999994 ], [ 120.73480867, -1.383541339999965 ], [ 120.734835649000047, -1.383525617999965 ], [ 120.735145561000081, -1.383522487999926 ], [ 120.735720541000092, -1.383208137999929 ], [ 120.735739759000012, -1.383197630999973 ], [ 120.736036858000034, -1.382947026999943 ], [ 120.736201113000106, -1.38286592399993 ], [ 120.736245250000024, -1.382842860999972 ], [ 120.736315389000083, -1.382807801999945 ], [ 120.736593919000029, -1.382779956999968 ], [ 120.73682602800011, -1.382779956999968 ], [ 120.737012805000063, -1.382747947999974 ], [ 120.737150980000024, -1.382724266999958 ], [ 120.737438795000116, -1.382538633999957 ], [ 120.737615197000082, -1.382408690999966 ], [ 120.737655538000013, -1.382361946999936 ], [ 120.738023708000014, -1.38193532799994 ], [ 120.738311523000107, -1.381666159999952 ], [ 120.738470237000115, -1.381626492999942 ], [ 120.738720034000039, -1.381564061999939 ], [ 120.739249242000028, -1.381526934999954 ], [ 120.739555625000094, -1.381452681999974 ], [ 120.739759881000055, -1.381313456999976 ], [ 120.740205530000026, -1.381267048999973 ], [ 120.74041907000003, -1.381276330999924 ], [ 120.740614041000072, -1.381313456999976 ], [ 120.740641894000078, -1.381406273999971 ], [ 120.740665752000041, -1.38146510699994 ], [ 120.740608814000097, -1.381655956999964 ], [ 120.740590830000087, -1.381684722999978 ], [ 120.740521197000021, -1.381847151999978 ], [ 120.740432996000095, -1.382051347999948 ], [ 120.740372648000061, -1.382473662999928 ], [ 120.740386574000013, -1.382626809999977 ], [ 120.740423712000052, -1.382728907999933 ], [ 120.740479418000064, -1.38285885099998 ], [ 120.740562977000081, -1.383002716999954 ], [ 120.740720811000074, -1.383183708999979 ], [ 120.740970942000104, -1.383326146999934 ], [ 120.741236230000027, -1.383578099999966 ], [ 120.741234910000117, -1.383579629999929 ], [ 120.741513628, -1.383821934999958 ], [ 120.741513628, -1.383948018999945 ], [ 120.741764305000061, -1.38443994499994 ], [ 120.742349219000062, -1.385043250999956 ], [ 120.743454056000019, -1.385813626999948 ], [ 120.743604205000111, -1.385967901999948 ], [ 120.74373679100006, -1.386103339999977 ], [ 120.74378829200009, -1.386157046999926 ], [ 120.744103960000075, -1.386379805999979 ], [ 120.744707442000049, -1.386648972999978 ], [ 120.745329493000099, -1.38696454799998 ], [ 120.745475483000064, -1.387013196999931 ], [ 120.745622945000036, -1.387123761999931 ], [ 120.745658390000017, -1.387134429999946 ], [ 120.745944374000032, -1.387220507999928 ], [ 120.745949751000012, -1.387242364999963 ], [ 120.746884890000047, -1.387579529999925 ], [ 120.74688583000011, -1.387577119999946 ], [ 120.747171940000044, -1.387698129999933 ], [ 120.747173050000015, -1.387700189999975 ], [ 120.747188228000027, -1.387704637999946 ], [ 120.74759124000002, -1.387822749999941 ], [ 120.747593060000099, -1.387821039999949 ], [ 120.748125130000062, -1.387961749999931 ], [ 120.748415955000041, -1.388025250999931 ], [ 120.749051680000093, -1.388164059999951 ], [ 120.749074780000115, -1.388156549999962 ], [ 120.749751530000026, -1.388486579999949 ], [ 120.749751640000113, -1.388486769999929 ], [ 120.749750500000118, -1.388488299999949 ], [ 120.750038435000079, -1.388997083999925 ], [ 120.750169742000026, -1.388676789999977 ], [ 120.750302616000113, -1.387858804999951 ], [ 120.750405560000104, -1.387741279999943 ], [ 120.750525140000036, -1.387583309999968 ], [ 120.750579801000072, -1.38752866599998 ], [ 120.750617126000066, -1.387491352999973 ], [ 120.750651710000056, -1.38745677999998 ], [ 120.750652840000043, -1.387456189999966 ], [ 120.750652840000043, -1.387454219999938 ], [ 120.750757370000088, -1.387388209999926 ], [ 120.750757690000114, -1.387388249999958 ], [ 120.75075860000004, -1.387386639999932 ], [ 120.750834420000047, -1.387341119999974 ], [ 120.750956750000114, -1.387276509999936 ], [ 120.750956820000056, -1.387275459999955 ], [ 120.750976530000116, -1.387265759999934 ], [ 120.75097367, -1.387264629999947 ], [ 120.752039047000039, -1.386725048999949 ], [ 120.752428960000088, -1.386527569999942 ], [ 120.752450451000072, -1.386580546999937 ], [ 120.75245059100007, -1.386580476999939 ], [ 120.752429310000025, -1.386527909999927 ], [ 120.752435500000047, -1.386523099999977 ], [ 120.7524365700001, -1.386523419999946 ], [ 120.752446790000022, -1.386518169999931 ], [ 120.752628510000022, -1.386325678999924 ], [ 120.752676016, -1.386325678999924 ], [ 120.752864070000101, -1.386289868999938 ], [ 120.753229320000059, -1.386236433999954 ], [ 120.753231224000046, -1.386236154999949 ], [ 120.753351994000013, -1.386151192999932 ], [ 120.753473009000118, -1.386066059999962 ], [ 120.753705838000087, -1.385851203999948 ], [ 120.753956577000054, -1.385582632999956 ], [ 120.754067617000032, -1.385446396999953 ], [ 120.754153587000019, -1.385340919999976 ], [ 120.754314776000115, -1.385063395999964 ], [ 120.754493876000083, -1.384785872999942 ], [ 120.754655066000055, -1.384436730999937 ], [ 120.754726705000053, -1.384007017999977 ], [ 120.754619246000061, -1.383541494999974 ], [ 120.754579807000027, -1.383381596999925 ], [ 120.754479328000116, -1.38297421599998 ], [ 120.754493876000083, -1.382914828999958 ], [ 120.754619246000061, -1.380981116999976 ], [ 120.75479834500004, -1.379915783999934 ], [ 120.7549864, -1.379530831999944 ], [ 120.755291052000075, -1.379462155999931 ], [ 120.755541608000044, -1.379620355999975 ], [ 120.755792347000011, -1.379629307999949 ], [ 120.755980860000022, -1.379633404999936 ], [ 120.756204276000062, -1.379638260999968 ], [ 120.756553520000011, -1.379566641999929 ], [ 120.75686694400008, -1.379405498999972 ], [ 120.757296783000015, -1.379262260999951 ], [ 120.757610207000084, -1.379145879999953 ], [ 120.757816172000048, -1.379038450999929 ], [ 120.757846811000036, -1.379010784999934 ], [ 120.75809377600001, -1.378787784999929 ], [ 120.75814080900011, -1.378703149999978 ], [ 120.758263921000093, -1.378628879999951 ], [ 120.758702714000037, -1.378279736999957 ], [ 120.758903631000067, -1.378034940999953 ], [ 120.758989274000101, -1.377930593999963 ], [ 120.759014545000014, -1.377890170999933 ], [ 120.759078823000095, -1.377867926999954 ], [ 120.759320608000053, -1.377724688999933 ], [ 120.759822086000099, -1.377089068999965 ], [ 120.759974321000072, -1.376820497999972 ], [ 120.760198195000044, -1.376417639999943 ], [ 120.760333309000089, -1.376159066999946 ], [ 120.76068448, -1.375758689999941 ], [ 120.760792144000106, -1.375621988999967 ], [ 120.760790454000016, -1.37562012199993 ], [ 120.76079169500008, -1.375618953999947 ], [ 120.760792833000096, -1.375617883999951 ], [ 120.760793866000085, -1.375618557999928 ], [ 120.76081231, -1.375580709999952 ], [ 120.760812890000011, -1.375580309999975 ], [ 120.761048870000081, -1.375093379999953 ], [ 120.76106745300001, -1.37498747099994 ], [ 120.761158950000095, -1.374466 ], [ 120.761144530000024, -1.374340759999939 ], [ 120.76111938300005, -1.374122351999972 ], [ 120.761029909000058, -1.374111783999979 ], [ 120.761050540000042, -1.374012408999931 ], [ 120.760873197000024, -1.373986449999961 ], [ 120.760922759000096, -1.373565294999935 ], [ 120.760933317000081, -1.373475575999976 ], [ 120.760865171000091, -1.373318358999938 ], [ 120.760858246000112, -1.373316242999977 ], [ 120.760852089000082, -1.373305052999967 ], [ 120.760857797000085, -1.373299754999948 ], [ 120.760315070000047, -1.372018049999951 ], [ 120.760315430000105, -1.372017789999973 ], [ 120.760172260000104, -1.371651489999977 ], [ 120.760104650000017, -1.37146477999994 ], [ 120.760325420000072, -1.371089929999926 ], [ 120.760405290000108, -1.370974119999971 ], [ 120.760490460000028, -1.37084453999995 ], [ 120.76067949000003, -1.370568809999952 ], [ 120.760802180000042, -1.370450069999947 ], [ 120.760924820000014, -1.370323089999943 ], [ 120.761079480000035, -1.370162989999926 ], [ 120.761109854000097, -1.370013513999936 ], [ 120.761158330000058, -1.369774959999972 ], [ 120.761042290000091, -1.369522439999969 ], [ 120.761113770000065, -1.369464409999978 ], [ 120.761178260000065, -1.369375359999935 ], [ 120.761262060000035, -1.369310899999959 ], [ 120.761444960000063, -1.369116609999935 ], [ 120.761524380000083, -1.368879819999961 ], [ 120.761526410000101, -1.368703819999951 ], [ 120.761528274000057, -1.368490038999937 ], [ 120.761528280000107, -1.368489329999932 ], [ 120.761805800000047, -1.368259989999956 ], [ 120.761894760000018, -1.368191549999949 ], [ 120.761894840000082, -1.368191099999933 ], [ 120.762151450000033, -1.36796985999996 ], [ 120.76215516000002, -1.367966689999946 ], [ 120.762155200000052, -1.367966769999953 ], [ 120.762157160000015, -1.367971289999957 ], [ 120.762417680000112, -1.367763859999968 ], [ 120.762459900000067, -1.367733679999958 ], [ 120.762481070000035, -1.367706449999957 ], [ 120.762483620000012, -1.367704569999944 ], [ 120.76251891000004, -1.367657799999961 ], [ 120.762595930000089, -1.36755876999996 ], [ 120.762691170000039, -1.367427569999961 ], [ 120.762762940000016, -1.367338649999965 ], [ 120.762760230000026, -1.367312449999929 ], [ 120.763631243000077, -1.366379890999951 ], [ 120.76381506700011, -1.366338393999968 ], [ 120.764889664000066, -1.36601610699995 ], [ 120.765032944000041, -1.365944486999979 ], [ 120.765426962000106, -1.365622199999962 ], [ 120.765570242000081, -1.365264102999959 ], [ 120.765749342000049, -1.364834385999927 ], [ 120.766035901, -1.364547907999963 ], [ 120.76639410000007, -1.364547907999963 ], [ 120.766967218000104, -1.364762765999956 ], [ 120.767325417000052, -1.365120863999948 ], [ 120.767791076000094, -1.365335721999941 ], [ 120.768144422000091, -1.365491149999968 ], [ 120.768504350000057, -1.366036349999945 ], [ 120.768988530000115, -1.366850419999935 ], [ 120.769453450000015, -1.367296859999954 ], [ 120.769653411000036, -1.367794659999959 ], [ 120.769670230000088, -1.367836529999977 ], [ 120.769847250000112, -1.367810559999953 ], [ 120.769849170000043, -1.367814 ], [ 120.77001220000011, -1.368100669999933 ], [ 120.770138840000072, -1.368325639999966 ], [ 120.77020812, -1.368352929999958 ], [ 120.770228710000083, -1.368389169999944 ], [ 120.770676940000044, -1.368564639999931 ], [ 120.771144210000102, -1.36873737999997 ], [ 120.771619820000069, -1.368691329999933 ], [ 120.772128080000016, -1.368601549999937 ], [ 120.772417480000058, -1.368666739999981 ], [ 120.773696250000057, -1.368569239999943 ], [ 120.773964750000118, -1.368623249999928 ], [ 120.774035124000079, -1.368609823999975 ], [ 120.774381938000033, -1.368970406999949 ], [ 120.774507307000022, -1.368970406999949 ], [ 120.774689783000099, -1.368942341999968 ], [ 120.774538903, -1.369424182999978 ], [ 120.776036369000053, -1.369367110999974 ], [ 120.777240814000038, -1.369349205999924 ], [ 120.777305918000025, -1.369383523999943 ], [ 120.777817516000027, -1.369269867999947 ], [ 120.778364706000048, -1.36958612199993 ], [ 120.778997394000044, -1.369757068999945 ], [ 120.779553133000036, -1.370184438999956 ], [ 120.779809628000066, -1.370329744999935 ], [ 120.780117422000103, -1.370586165999953 ], [ 120.781220350000012, -1.371244314999956 ], [ 120.781391347000067, -1.371586209999975 ], [ 120.781545244000085, -1.371654588999945 ], [ 120.781639292000023, -1.371774252999955 ], [ 120.781654956000011, -1.371821230999956 ], [ 120.781685280000033, -1.371809440999925 ], [ 120.782828159000019, -1.371891131999973 ], [ 120.784719897000059, -1.37270132499998 ], [ 120.7851945110001, -1.373182516999975 ], [ 120.785194433000015, -1.37318264399994 ], [ 120.787638823000066, -1.372891625999955 ], [ 120.787233168000057, -1.372411721999924 ], [ 120.787259192000079, -1.372408133999954 ], [ 120.787617391000026, -1.372175370999969 ], [ 120.787850221000099, -1.371853083999952 ], [ 120.787975590000087, -1.371566606999977 ], [ 120.788029320000078, -1.371226415999956 ], [ 120.788011410000081, -1.370939938999925 ], [ 120.788065140000072, -1.370671365999954 ], [ 120.788136780000059, -1.370528127999933 ], [ 120.788262149000047, -1.370152125999937 ], [ 120.788387519000025, -1.369758219999937 ], [ 120.788418291000085, -1.369604403999972 ], [ 120.788596661000042, -1.369492954999942 ], [ 120.788954860000104, -1.369385525999974 ], [ 120.789313059000051, -1.369206477999967 ], [ 120.789921997000079, -1.368705141999953 ], [ 120.790387656, -1.368203806999929 ], [ 120.790674215000081, -1.367415993999941 ], [ 120.790674215000081, -1.366986276999967 ], [ 120.790594303000034, -1.366786554999976 ], [ 120.790626263000036, -1.366642776999925 ], [ 120.79071581300002, -1.36635629899996 ], [ 120.790787453, -1.36606982099994 ], [ 120.790805362000015, -1.365819152999961 ], [ 120.790841182, -1.365425245999973 ], [ 120.790841182, -1.365120863999948 ], [ 120.791056102000084, -1.364834385999927 ], [ 120.791271021000057, -1.364762765999956 ], [ 120.791593400000011, -1.364583717999949 ], [ 120.791682950000109, -1.36438676399996 ], [ 120.791700860000105, -1.364261429999942 ], [ 120.79167449900001, -1.363984712999979 ], [ 120.79180607, -1.363983509999969 ], [ 120.792095650000078, -1.363575319999939 ], [ 120.792119970000044, -1.362871909999967 ], [ 120.792129046000014, -1.362854342999981 ], [ 120.792071191000105, -1.362545868999973 ], [ 120.792035371000111, -1.362151961999928 ], [ 120.792178651000086, -1.361507385999971 ], [ 120.792393570000058, -1.361113477999936 ], [ 120.792286111000067, -1.360719569999958 ], [ 120.792250291000073, -1.360647950999976 ], [ 120.792178651000086, -1.360182422999969 ], [ 120.792071191000105, -1.359824324999977 ], [ 120.792187476000095, -1.359417441999938 ], [ 120.792071191000105, -1.359251367999946 ], [ 120.791961735000086, -1.358841023999958 ], [ 120.792256068000029, -1.358800436999957 ], [ 120.792570690000048, -1.358681131999958 ], [ 120.792775457000062, -1.358603482999968 ], [ 120.793026196000028, -1.358406528999978 ], [ 120.793169476000116, -1.358281194999961 ], [ 120.793456035000077, -1.358173764999947 ], [ 120.793850054000018, -1.358227479999925 ], [ 120.794566452000026, -1.358352813999943 ], [ 120.795050021000065, -1.358513958999936 ], [ 120.79573059900008, -1.358693007999932 ], [ 120.795999248000044, -1.358728817999975 ], [ 120.796626096000068, -1.35896158099996 ], [ 120.796930566000015, -1.358979485999953 ], [ 120.797378314000071, -1.358907866999971 ], [ 120.79766487400002, -1.358782531999964 ], [ 120.79786188300011, -1.358424433999971 ], [ 120.79786188300011, -1.358245384999975 ], [ 120.79786188300011, -1.357905190999929 ], [ 120.797799463000047, -1.357808120999948 ], [ 120.798029120000024, -1.357881172999953 ], [ 120.797276938000095, -1.356166679999944 ], [ 120.797858327000085, -1.35544869499995 ], [ 120.799876088000019, -1.355961540999942 ], [ 120.801859649000107, -1.356337627999949 ], [ 120.802714633000051, -1.355893161999973 ], [ 120.803261822000081, -1.35544869499995 ], [ 120.803706414000089, -1.354286241999944 ], [ 120.804048407000096, -1.353226358999962 ], [ 120.804458799000031, -1.352371613999935 ], [ 120.80483499200011, -1.351653627999951 ], [ 120.805245384000045, -1.351516867999976 ], [ 120.80603196800007, -1.351414298999941 ], [ 120.806921151000097, -1.352063905999955 ], [ 120.807719511000073, -1.352553085999944 ], [ 120.807677094000042, -1.352248302999953 ], [ 120.807950660000074, -1.352395409999929 ], [ 120.808788010000058, -1.35190850999993 ], [ 120.809964608000087, -1.351633383999967 ], [ 120.810241391000091, -1.35192813599997 ], [ 120.810524218000069, -1.352229324999939 ], [ 120.810703318000037, -1.35251580399995 ], [ 120.810757047000038, -1.352676948999942 ], [ 120.81068540800004, -1.352981332999946 ], [ 120.810595858000056, -1.353267811999956 ], [ 120.810470488000078, -1.353536386999963 ], [ 120.810434668000084, -1.353822865999973 ], [ 120.810434668000084, -1.354073534999941 ], [ 120.810434668000084, -1.354288394999969 ], [ 120.810434668000084, -1.354521158999944 ], [ 120.810434668000084, -1.35470020799994 ], [ 120.810524218000069, -1.354986686999951 ], [ 120.81068540800004, -1.355308975999947 ], [ 120.810776997000062, -1.355377648999934 ], [ 120.81095614000003, -1.356009749999942 ], [ 120.811106347000077, -1.356080234999979 ], [ 120.811320999000031, -1.356180961999939 ], [ 120.811312256000065, -1.35632955799997 ], [ 120.811365986000055, -1.356472796999981 ], [ 120.81145553600004, -1.356562321999945 ], [ 120.811813735000101, -1.356759275999934 ], [ 120.812136114000054, -1.35681299099997 ], [ 120.812536556000055, -1.356835866999972 ], [ 120.812762962000079, -1.356848800999956 ], [ 120.813031611000042, -1.356705560999956 ], [ 120.813282351000112, -1.356580226999938 ], [ 120.813586820000069, -1.356490701999974 ], [ 120.813945019000016, -1.356472796999981 ], [ 120.814070388000118, -1.356436986999938 ], [ 120.814446497000063, -1.356436986999938 ], [ 120.814912156000105, -1.356651846999966 ], [ 120.815359905000037, -1.356848800999956 ], [ 120.815682284000104, -1.356848800999956 ], [ 120.816434502000106, -1.356795085999977 ], [ 120.816738971000063, -1.356687655999963 ], [ 120.816971800000033, -1.356526511999959 ], [ 120.817168810000112, -1.356383272999949 ], [ 120.817473279000069, -1.356168412999978 ], [ 120.817688198000042, -1.356025173999967 ], [ 120.818028487000106, -1.355702884999971 ], [ 120.818171767000081, -1.355434310999954 ], [ 120.818211655000027, -1.355314681999971 ], [ 120.81807148200005, -1.355186733999972 ], [ 120.818152077000036, -1.354846539999926 ], [ 120.82219077000002, -1.354049769999961 ], [ 120.822209637000014, -1.354180964999955 ], [ 120.822308966000037, -1.354180964999955 ], [ 120.822738804000096, -1.354109344999927 ], [ 120.823151846000087, -1.353807590999963 ], [ 120.82402237000008, -1.35431374999996 ], [ 120.824019480000061, -1.354322189999948 ], [ 120.824157510000077, -1.354403359999935 ], [ 120.824156840000114, -1.354409349999969 ], [ 120.824326030000066, -1.354507719999958 ], [ 120.825715700000046, -1.355215919999978 ], [ 120.826671179000073, -1.355247161999955 ], [ 120.82713887400007, -1.355634572999975 ], [ 120.827231194000092, -1.355634572999975 ], [ 120.827301823000084, -1.355493355999954 ], [ 120.828492834000031, -1.355036779999978 ], [ 120.828922673000079, -1.354857729999935 ], [ 120.831250967000074, -1.355072589999963 ], [ 120.832827042000076, -1.355502307999927 ], [ 120.834259838000094, -1.356325934999973 ], [ 120.836695592000069, -1.356791462999979 ], [ 120.837519449000069, -1.356684033999954 ], [ 120.839489544000116, -1.356254315999934 ], [ 120.842140217000065, -1.356469174999972 ], [ 120.843680472000074, -1.35657660399994 ], [ 120.845865486000093, -1.357292800999971 ], [ 120.845865486000093, -1.35811642799996 ], [ 120.845507287000032, -1.359584630999962 ], [ 120.845256548000066, -1.360229206999975 ], [ 120.84446851000007, -1.361948077999955 ], [ 120.84418195100011, -1.363595326999928 ], [ 120.844278146000079, -1.364037701999962 ], [ 120.844343002000073, -1.364256525999963 ], [ 120.844334174000096, -1.364295355999957 ], [ 120.844540150000057, -1.365242574999968 ], [ 120.844862529000011, -1.367033060999972 ], [ 120.844432690000076, -1.368608687999938 ], [ 120.843763314000057, -1.369510633999937 ], [ 120.84397651300003, -1.369637874999967 ], [ 120.843902588000105, -1.369815241999959 ], [ 120.843902588000105, -1.370316577999972 ], [ 120.844081688000074, -1.37096115099996 ], [ 120.844637277000061, -1.371784010999932 ], [ 120.844583166, -1.37189220199997 ], [ 120.843161013000099, -1.37235426899997 ], [ 120.84186085400006, -1.371569914999952 ], [ 120.84092953600009, -1.371784772999945 ], [ 120.84067879700001, -1.372286107999969 ], [ 120.840642977000016, -1.372500965999961 ], [ 120.840607157000022, -1.372930680999957 ], [ 120.840607157000022, -1.373432015999924 ], [ 120.84067879700001, -1.373646872999927 ], [ 120.840893717000085, -1.374004968999941 ], [ 120.841384067000035, -1.374390133999952 ], [ 120.841423432000056, -1.374710584999946 ], [ 120.840218279000055, -1.374352130999966 ], [ 120.840284327000063, -1.374523805999956 ], [ 120.840276398000015, -1.374606460999928 ], [ 120.840363521000086, -1.374662597999929 ], [ 120.840390794000086, -1.374660780999932 ], [ 120.840390205000062, -1.374682577999977 ], [ 120.840865502000042, -1.375321585999927 ], [ 120.840531376000058, -1.376424658999952 ], [ 120.840469614000085, -1.377099438999949 ], [ 120.840601962000051, -1.377734526999973 ], [ 120.840760780000096, -1.378559257999939 ], [ 120.840813719000039, -1.379450143999975 ], [ 120.841166647000023, -1.380327797999939 ], [ 120.840840189000119, -1.380839394999953 ], [ 120.840928421000058, -1.38165089499995 ], [ 120.841184294000072, -1.382153670999969 ], [ 120.841307819, -1.382806397999957 ], [ 120.841351935000034, -1.383538510999927 ], [ 120.841546045000086, -1.383997183999952 ], [ 120.841886532000103, -1.384512129999962 ], [ 120.84189015000004, -1.384510985999952 ], [ 120.842401896000069, -1.385148275999939 ], [ 120.842534244000035, -1.385540793999951 ], [ 120.842560714000115, -1.386332444999937 ], [ 120.842586106000113, -1.386486567999953 ], [ 120.84268423900005, -1.387082197999973 ], [ 120.842498951000039, -1.387516613999935 ], [ 120.842543067000065, -1.387754770999948 ], [ 120.842476893000025, -1.388131851999958 ], [ 120.842498951000039, -1.388822064999943 ], [ 120.842560640000102, -1.389214113999969 ], [ 120.842622476000088, -1.389607099999978 ], [ 120.842538656000102, -1.39004151499995 ], [ 120.84258675600006, -1.390594500999953 ], [ 120.842596007000111, -1.390700854999977 ], [ 120.84234454500006, -1.391097782999964 ], [ 120.842326899000113, -1.391254348999951 ], [ 120.842168081000068, -1.391417529999956 ], [ 120.84196492600006, -1.391408793999972 ], [ 120.841762069000083, -1.391400071999954 ], [ 120.840899153, -1.39182302699993 ], [ 120.840703429000087, -1.392453950999936 ], [ 120.840610785000081, -1.392537745999959 ], [ 120.840562258000091, -1.39272077399994 ], [ 120.840293150000093, -1.392958929999963 ], [ 120.840068158, -1.393680013999926 ], [ 120.840121097000065, -1.394085760999928 ], [ 120.840099566000049, -1.394153646999939 ], [ 120.840113093000014, -1.394156453999926 ], [ 120.840288738000027, -1.394656894999969 ], [ 120.840491672000098, -1.395186129999956 ], [ 120.840447556000072, -1.395733006999933 ], [ 120.840597550000098, -1.396385729999963 ], [ 120.840950479000071, -1.396985529999938 ], [ 120.84101651900005, -1.397150581999938 ], [ 120.841021064000074, -1.397144300999969 ], [ 120.841606065000065, -1.397737602999939 ], [ 120.841622008000058, -1.397753772999977 ], [ 120.841629866000062, -1.397761740999954 ], [ 120.841629778000083, -1.397763967999936 ], [ 120.841819457000042, -1.398012846999961 ], [ 120.842000862000077, -1.398322654999959 ], [ 120.842011234000097, -1.398350799999946 ], [ 120.842030246000036, -1.39833036899995 ], [ 120.842398173000106, -1.39883843299998 ], [ 120.842427595000117, -1.398946855999952 ], [ 120.842968357000018, -1.39972434799995 ], [ 120.843406753000068, -1.400563096999974 ], [ 120.843701536000026, -1.401020252999956 ], [ 120.843799797000088, -1.401526523999962 ], [ 120.843997028000103, -1.401727037999933 ], [ 120.844245752, -1.401979901999937 ], [ 120.844797526000093, -1.402523954999936 ], [ 120.844860381000103, -1.402753306999955 ], [ 120.845140690000107, -1.403050719999953 ], [ 120.845162090000031, -1.403064789999974 ], [ 120.845168190000095, -1.403071169999976 ], [ 120.845246400000065, -1.403122062999955 ], [ 120.845532340000091, -1.403308129999971 ], [ 120.845620890000077, -1.403366829999925 ], [ 120.846003178000046, -1.403617592999979 ], [ 120.846033491000071, -1.403901348999966 ], [ 120.846559164000041, -1.404261825999924 ], [ 120.847167380000087, -1.404509382999947 ], [ 120.847174322000114, -1.404510087999938 ], [ 120.84823610400008, -1.404617959999939 ], [ 120.848622755000065, -1.404600587999937 ], [ 120.848860059000117, -1.404672475999973 ], [ 120.848909486000025, -1.404687449999926 ], [ 120.849383026000055, -1.405056612999942 ], [ 120.849966668000093, -1.40576280199997 ], [ 120.849971693000043, -1.405768880999972 ], [ 120.850144930000056, -1.405919862999951 ], [ 120.850315269000021, -1.40616608199997 ], [ 120.850761224000053, -1.40673469199993 ], [ 120.850792365000075, -1.406765160999953 ], [ 120.850938850000034, -1.406908485999963 ], [ 120.851312998000026, -1.407195624999929 ], [ 120.851316881000116, -1.407197523999969 ], [ 120.851350791000073, -1.407244740999943 ], [ 120.851410395000016, -1.40729556399998 ], [ 120.851607782000087, -1.407463871999937 ], [ 120.851978151000026, -1.407683003999978 ], [ 120.851982034000116, -1.407680872999947 ], [ 120.851988912000024, -1.40768750899997 ], [ 120.852278416000104, -1.407801521999943 ], [ 120.85298664100003, -1.408080434999931 ], [ 120.852996854000025, -1.408081749999951 ], [ 120.853697721000117, -1.408072151999932 ], [ 120.853806967000082, -1.408078671999931 ], [ 120.85420414400005, -1.408102376999977 ], [ 120.854220435000116, -1.408106285999963 ], [ 120.854239707000033, -1.408097908999935 ], [ 120.855167284000117, -1.408087991999935 ], [ 120.856089427000029, -1.40781596599993 ], [ 120.856747021000047, -1.408292010999958 ], [ 120.857082762000118, -1.408757195999954 ], [ 120.857083377000095, -1.408756720999975 ], [ 120.857087379000063, -1.408758698999975 ], [ 120.85709707400008, -1.40874931999997 ], [ 120.857238327000118, -1.408926736999945 ], [ 120.857907259000058, -1.409266768999942 ], [ 120.858228497000027, -1.409519903999978 ], [ 120.858545956000057, -1.409918496999978 ], [ 120.858736810000096, -1.410215080999933 ], [ 120.859012697000026, -1.410381317999963 ], [ 120.859182764000025, -1.410706237999932 ], [ 120.859522899000012, -1.411146389999942 ], [ 120.859662732000061, -1.41162243399998 ], [ 120.859934840000051, -1.411826452999946 ], [ 120.860412919000055, -1.411752779999972 ], [ 120.860530076000032, -1.411794338999925 ], [ 120.860673689, -1.412081476999958 ], [ 120.860851315000104, -1.412353501999974 ], [ 120.861285932000101, -1.412610414999961 ], [ 120.861701652000079, -1.412784208999938 ], [ 120.861866421000059, -1.412775760999978 ], [ 120.861936031000027, -1.412905959999932 ], [ 120.862714498000059, -1.41318846799993 ], [ 120.863712227000065, -1.41346804899996 ], [ 120.864052362000052, -1.413422711999942 ], [ 120.86414111800002, -1.413379579999969 ], [ 120.864303108000058, -1.413470521999955 ], [ 120.864736411000081, -1.413367928999946 ], [ 120.864993401000106, -1.413179022999941 ], [ 120.865348653000069, -1.412922109999954 ], [ 120.865575410000019, -1.412891884999965 ], [ 120.866051599000116, -1.413367928999946 ], [ 120.866369058000032, -1.413609728999973 ], [ 120.866449027000044, -1.41364970199993 ], [ 120.86646960500002, -1.413643395999941 ], [ 120.866474878000076, -1.413655066999979 ], [ 120.866815012000075, -1.413911978999977 ], [ 120.867192940000109, -1.413896866999949 ], [ 120.86764645300002, -1.414357797999969 ], [ 120.867933678000099, -1.414388022999958 ], [ 120.868183110000018, -1.414168891999964 ], [ 120.868530804000102, -1.414380466999944 ], [ 120.868893614000058, -1.414516478999928 ], [ 120.869407596000087, -1.414501366999957 ], [ 120.869985825000072, -1.414252009999927 ], [ 120.870560275000116, -1.414304903999948 ], [ 120.870892851, -1.41416133499996 ], [ 120.870983554000077, -1.413874197999974 ], [ 120.87141439100003, -1.413685291999968 ], [ 120.872230715000114, -1.413609728999973 ], [ 120.873065935000113, -1.413481272999945 ], [ 120.874025871000072, -1.413496384999974 ], [ 120.874502060000054, -1.413322591999929 ], [ 120.874774168000044, -1.41291455399994 ], [ 120.875159654000072, -1.412763428999938 ], [ 120.875930626000013, -1.412287384999956 ], [ 120.876728054000068, -1.411985133999963 ], [ 120.877196684000069, -1.411849121999978 ], [ 120.878058359000079, -1.412151371999926 ], [ 120.879513380000049, -1.412264715999925 ], [ 120.879586371000073, -1.412274886999967 ], [ 120.880760541000086, -1.412438509999959 ], [ 120.881758270000091, -1.412332721999974 ], [ 120.882446098000059, -1.412219377999975 ], [ 120.883042541, -1.412090456999977 ], [ 120.883424931000036, -1.412007802999938 ], [ 120.88414707000004, -1.411717546999967 ], [ 120.884158110000044, -1.411713108999948 ], [ 120.884623037000097, -1.411457685999949 ], [ 120.884627201000058, -1.411467766999976 ], [ 120.885594235000099, -1.411040601999957 ], [ 120.886720459000117, -1.410693013999946 ], [ 120.887801332000095, -1.410655232999943 ], [ 120.88808855700006, -1.410934814999962 ], [ 120.888194377000104, -1.41148642099995 ], [ 120.888413575000072, -1.411992690999966 ], [ 120.888700800000038, -1.412476290999962 ], [ 120.888930811000023, -1.41274455599995 ], [ 120.888972908000028, -1.412793653999927 ], [ 120.889018259000068, -1.413224359999958 ], [ 120.889010701000075, -1.413443491999942 ], [ 120.8889807810001, -1.413462583999944 ], [ 120.888931840000055, -1.413629589999971 ], [ 120.888869016000058, -1.413906982999947 ], [ 120.888850330000082, -1.413989489999949 ], [ 120.888925050000012, -1.414349389999927 ], [ 120.889101660000051, -1.414661749999937 ], [ 120.889112700000055, -1.414678519999939 ], [ 120.88927147000004, -1.414919789999942 ], [ 120.889298560000043, -1.41506193999993 ], [ 120.88927039500004, -1.415087871999958 ], [ 120.889049390000082, -1.415291359999969 ], [ 120.889047320000032, -1.41529326999995 ], [ 120.88859221000007, -1.41544265999994 ], [ 120.888565430000085, -1.415440428999943 ], [ 120.888466650000055, -1.415432199999941 ], [ 120.888429190000011, -1.415429079999967 ], [ 120.888205040000116, -1.41538154999995 ], [ 120.888159650000034, -1.415353189999962 ], [ 120.888150700000097, -1.415347599999961 ], [ 120.88806174900003, -1.415250588999925 ], [ 120.88800126000001, -1.415184619999934 ], [ 120.887851820000037, -1.414783979999925 ], [ 120.887838240000065, -1.414478409999958 ], [ 120.887682010000049, -1.414213579999966 ], [ 120.887301620000017, -1.414315439999939 ], [ 120.887266950000026, -1.41445407599997 ], [ 120.88719973000002, -1.414722869999935 ], [ 120.887328790000083, -1.415191409999977 ], [ 120.887348418000101, -1.415268665999974 ], [ 120.887437480000017, -1.415619209999932 ], [ 120.88760729, -1.415870459999951 ], [ 120.887783900000045, -1.416053809999937 ], [ 120.887940130000061, -1.416169249999939 ], [ 120.887959239000111, -1.416258396999979 ], [ 120.887980470000116, -1.416357439999956 ], [ 120.887919750000037, -1.416569889999948 ], [ 120.887859714000115, -1.416636573999938 ], [ 120.887797480000017, -1.416705699999966 ], [ 120.887905767, -1.417187429999956 ], [ 120.88793333000001, -1.417310049999969 ], [ 120.887838240000065, -1.417568089999975 ], [ 120.887539360000119, -1.417520559999957 ], [ 120.887172560000067, -1.417500189999942 ], [ 120.886866900000086, -1.417751439999961 ], [ 120.886982370000055, -1.417968729999927 ], [ 120.887057090000098, -1.418057009999927 ], [ 120.887107677000017, -1.418053397999927 ], [ 120.887437480000017, -1.418029849999925 ], [ 120.887593700000025, -1.41806379999997 ], [ 120.887641250000115, -1.418260719999978 ], [ 120.887610710000104, -1.418413397999927 ], [ 120.887600500000076, -1.41846443999998 ], [ 120.887603442000113, -1.418588022999927 ], [ 120.887559568000029, -1.418729725999924 ], [ 120.887480966000112, -1.418797588999951 ], [ 120.887370207000117, -1.418761871999948 ], [ 120.887302323000085, -1.41872258199993 ], [ 120.887202283000079, -1.418708294999931 ], [ 120.887141544000087, -1.418776158999947 ], [ 120.887091038000108, -1.418835064999939 ], [ 120.887077233000014, -1.418851165999968 ], [ 120.887072074000116, -1.418855979999933 ], [ 120.886970047000091, -1.418951174999961 ], [ 120.886941464000074, -1.419022609999956 ], [ 120.886914664000074, -1.419099637999977 ], [ 120.886912881000057, -1.419104760999971 ], [ 120.886895017000029, -1.419190482999966 ], [ 120.886866434000012, -1.419301206999933 ], [ 120.886866434000012, -1.419361926999954 ], [ 120.886864185000036, -1.419406891999927 ], [ 120.886867085000063, -1.419446029999961 ], [ 120.886879189000069, -1.419609384999944 ], [ 120.886923600000046, -1.419722085999979 ], [ 120.886923600000046, -1.419804824999972 ], [ 120.886912881000057, -1.419844114999933 ], [ 120.886891444000071, -1.419919121999953 ], [ 120.886873580000042, -1.419983412999954 ], [ 120.886891444000071, -1.420058419999975 ], [ 120.886908822, -1.420085146999952 ], [ 120.88693600900001, -1.420126959999948 ], [ 120.886937891000116, -1.420129854999971 ], [ 120.887020067000094, -1.420226292999928 ], [ 120.887127253000017, -1.420272725999951 ], [ 120.887245157000052, -1.420315586999948 ], [ 120.887288334000118, -1.420318994999946 ], [ 120.887380926000105, -1.420326301999978 ], [ 120.887484538000081, -1.420372734999944 ], [ 120.887598870000033, -1.420476315999963 ], [ 120.887603831000092, -1.420484994999924 ], [ 120.88762745300005, -1.420526320999954 ], [ 120.887653706000037, -1.420574039999963 ], [ 120.887648050000053, -1.420596659999944 ], [ 120.887688800000092, -1.420786789999966 ], [ 120.887722760000088, -1.420970129999944 ], [ 120.887715970000045, -1.421010879999926 ], [ 120.887713681000037, -1.421016726999937 ], [ 120.887654840000096, -1.421167059999959 ], [ 120.88765882000007, -1.421258669999929 ], [ 120.887703960000067, -1.42134139999996 ], [ 120.887734230000092, -1.421352402999958 ], [ 120.887765178000109, -1.421363652999958 ], [ 120.887729526000044, -1.421604229999957 ], [ 120.887750861000086, -1.421918821999952 ], [ 120.887766794000072, -1.421963952999931 ], [ 120.88784182400002, -1.422063961999925 ], [ 120.887872377, -1.422084687999927 ], [ 120.887941864000027, -1.422131824999951 ], [ 120.888034758000117, -1.42214611199995 ], [ 120.888152662000039, -1.422135396999977 ], [ 120.888274140000021, -1.42209253599998 ], [ 120.888340203000098, -1.422026492999976 ], [ 120.888362225000037, -1.422004477999963 ], [ 120.888364100000103, -1.42199908799995 ], [ 120.888409008000053, -1.421870016999947 ], [ 120.888427418000106, -1.421846244999927 ], [ 120.888431172000082, -1.421853068999951 ], [ 120.88843247200009, -1.421850915999926 ], [ 120.888445870000055, -1.421828731999938 ], [ 120.888474219000045, -1.42178179299998 ], [ 120.888593910000054, -1.421690712999975 ], [ 120.888661794000086, -1.421649637999963 ], [ 120.888729679000107, -1.421631778999938 ], [ 120.88882078600011, -1.421640708999973 ], [ 120.888897603000032, -1.421660352999936 ], [ 120.888952704000076, -1.421691829999929 ], [ 120.888982888000101, -1.421709072999931 ], [ 120.888997643000039, -1.421717501999979 ], [ 120.8890423040001, -1.421774649999975 ], [ 120.889070886000013, -1.421838940999976 ], [ 120.889085178000073, -1.421912161999956 ], [ 120.889117334000048, -1.422005027999944 ], [ 120.88912983900002, -1.422088963999954 ], [ 120.889095896000072, -1.422196116999942 ], [ 120.889033371000096, -1.422251478999954 ], [ 120.889002620000042, -1.422266491999949 ], [ 120.88895655500005, -1.422288981999941 ], [ 120.888895816000058, -1.422335414999964 ], [ 120.888856515000043, -1.422362202999977 ], [ 120.888822573000084, -1.422444353999936 ], [ 120.88882078600011, -1.422524717999977 ], [ 120.888831505000098, -1.42262472699997 ], [ 120.888843608000116, -1.422664051999959 ], [ 120.888845433000029, -1.422685332999947 ], [ 120.888844010000071, -1.422740808999947 ], [ 120.888847583000029, -1.422803314999953 ], [ 120.88887795200003, -1.42284081899993 ], [ 120.888958341000034, -1.422878321999974 ], [ 120.889051236000114, -1.422896180999942 ], [ 120.889090734000092, -1.422895487999938 ], [ 120.889153062000105, -1.422894394999958 ], [ 120.889222733000111, -1.422883679999927 ], [ 120.889294358000029, -1.422874257999979 ], [ 120.889421990000073, -1.422819579999953 ], [ 120.889562810000029, -1.422791419999953 ], [ 120.889759960000106, -1.422918119999963 ], [ 120.889839092000102, -1.423056555999949 ], [ 120.889829225000085, -1.42309798499997 ], [ 120.889843516000042, -1.423158704999935 ], [ 120.88987262, -1.423167917999933 ], [ 120.88987262, -1.423173056999929 ], [ 120.889943556000048, -1.42318192099998 ], [ 120.890050742000085, -1.423201565999932 ], [ 120.890077920000067, -1.423200520999956 ], [ 120.890143636000062, -1.423197993999963 ], [ 120.890238317000012, -1.423226567999961 ], [ 120.890302628000086, -1.423251569999934 ], [ 120.890349076, -1.423294430999931 ], [ 120.890347340000062, -1.423356903999945 ], [ 120.890347289000033, -1.423358722999978 ], [ 120.890338357000019, -1.423439086999963 ], [ 120.890281191000099, -1.423478376999981 ], [ 120.890148996000107, -1.423496234999959 ], [ 120.890073966000045, -1.423517665999952 ], [ 120.890041810000071, -1.423553382999955 ], [ 120.890029305000098, -1.423594458999958 ], [ 120.889991790000067, -1.423696252999946 ], [ 120.889970353000081, -1.423749829999963 ], [ 120.889965887000017, -1.423777063999978 ], [ 120.889961421000066, -1.423834211999974 ], [ 120.889956061000021, -1.423920826999961 ], [ 120.889974819000031, -1.423976189999962 ], [ 120.890006081000024, -1.424021728999946 ], [ 120.890009398000075, -1.424025251999979 ], [ 120.890010715000017, -1.424024593999945 ], [ 120.890017917000023, -1.424020992999942 ], [ 120.890055690000054, -1.424002109999947 ], [ 120.890281, -1.424002109999947 ], [ 120.89046407, -1.424086579999937 ], [ 120.890562650000106, -1.424199199999975 ], [ 120.890604890000077, -1.424297749999937 ], [ 120.890703470000062, -1.424354059999928 ], [ 120.89080204000004, -1.424368139999956 ], [ 120.890969795000046, -1.424440010999945 ], [ 120.891097770000101, -1.424494839999966 ], [ 120.89114002000008, -1.424551149999957 ], [ 120.891111850000016, -1.424635619999947 ], [ 120.890985110000088, -1.424649699999975 ], [ 120.890900620000025, -1.424635619999947 ], [ 120.890872460000082, -1.424677849999966 ], [ 120.890731630000118, -1.425029799999947 ], [ 120.890816130000076, -1.425184649999949 ], [ 120.890916201000095, -1.425260272999935 ], [ 120.89099920000001, -1.425353589999929 ], [ 120.891506150000055, -1.425606989999949 ], [ 120.891815960000031, -1.425944859999959 ], [ 120.891942700000072, -1.426240489999941 ], [ 120.892013110000107, -1.426916229999961 ], [ 120.891815960000031, -1.427493419999962 ], [ 120.891294920000064, -1.428014299999973 ], [ 120.891069610000045, -1.428155069999946 ], [ 120.89105552, -1.428155069999946 ], [ 120.89088654000011, -1.428366239999946 ], [ 120.89088654000011, -1.428746339999975 ], [ 120.890933750000045, -1.428869049999946 ], [ 120.890956950000032, -1.428929349999976 ], [ 120.890858370000046, -1.429323529999976 ], [ 120.890647140000056, -1.429492469999957 ], [ 120.890379580000058, -1.429661399999929 ], [ 120.890281, -1.429661399999929 ], [ 120.890140180000117, -1.429605089999939 ], [ 120.890013440000075, -1.429506539999977 ], [ 120.88987262, -1.429464309999958 ], [ 120.889818010000113, -1.429464309999958 ], [ 120.889745880000078, -1.429464309999958 ], [ 120.889576890000058, -1.429534699999977 ], [ 120.889492400000108, -1.429647319999958 ], [ 120.889436070000102, -1.429717709999977 ], [ 120.889323420000096, -1.42975993999994 ], [ 120.889196680000055, -1.429788099999939 ], [ 120.889098100000069, -1.429788099999939 ], [ 120.889096350000045, -1.429791339999952 ], [ 120.889111670000034, -1.43051805999994 ], [ 120.889143187000059, -1.430928347999952 ], [ 120.889163200000098, -1.431188869999971 ], [ 120.889317740000024, -1.433046489999924 ], [ 120.889323928000067, -1.433062997999969 ], [ 120.88998498, -1.434826509999937 ], [ 120.890216230000078, -1.436168089999967 ], [ 120.890421820000029, -1.43743225999998 ], [ 120.890420740000081, -1.439716929999975 ], [ 120.890614810000102, -1.44192075999996 ], [ 120.890293630000087, -1.444124789999933 ], [ 120.889908300000116, -1.446977059999938 ], [ 120.889265770000065, -1.450931369999978 ], [ 120.889266830000111, -1.453653839999959 ], [ 120.889011654000115, -1.456038159999935 ], [ 120.888525356000059, -1.457199496999976 ], [ 120.888754019000089, -1.458899625999948 ], [ 120.888325276000046, -1.459792549999975 ], [ 120.888310985000089, -1.461049786999979 ], [ 120.88823952700011, -1.461521250999965 ], [ 120.888468190000026, -1.462107007999975 ], [ 120.888582522000092, -1.462549897999963 ], [ 120.888596813000049, -1.463049934999958 ], [ 120.888925516000086, -1.46383570699993 ], [ 120.888639687000023, -1.464250022999977 ], [ 120.888496773000043, -1.464678625999966 ], [ 120.888496773000043, -1.465278668999929 ], [ 120.888468190000026, -1.465607263999971 ], [ 120.888596813000049, -1.466078726999967 ], [ 120.888553939000076, -1.46645018199996 ], [ 120.888439607, -1.466993078999963 ], [ 120.888353859000063, -1.46769312899994 ], [ 120.888210945000083, -1.468136016999949 ], [ 120.888539647000016, -1.468750346999968 ], [ 120.888911224000026, -1.469243238999979 ], [ 120.889097013000082, -1.469786133999946 ], [ 120.889254219, -1.470386176999966 ], [ 120.889268510000079, -1.470914784999934 ], [ 120.889225636000106, -1.471443393999948 ], [ 120.889397133000102, -1.474072146999958 ], [ 120.889488760000063, -1.476126535999924 ], [ 120.889468960000045, -1.476211379999938 ], [ 120.889469800000029, -1.478350459999945 ], [ 120.889985900000056, -1.480424509999978 ], [ 120.889857870000014, -1.482369189999929 ], [ 120.889858510000067, -1.483989709999946 ], [ 120.889894620000064, -1.48404598999997 ], [ 120.890248750000069, -1.483917209999959 ], [ 120.89044927000009, -1.483315649999952 ], [ 120.89066076000006, -1.483315649999952 ], [ 120.891858840000054, -1.485182899999927 ], [ 120.892567990000089, -1.486803129999942 ], [ 120.892633100000012, -1.488553259999946 ], [ 120.893213330000094, -1.489914259999978 ], [ 120.893342720000078, -1.491340259999959 ], [ 120.894373970000061, -1.49309 ], [ 120.894245810000029, -1.494710569999938 ], [ 120.895470860000046, -1.497886279999932 ], [ 120.89553619000003, -1.500154969999926 ], [ 120.896245830000112, -1.50294195999993 ], [ 120.89611823000007, -1.505923759999973 ], [ 120.896490870000093, -1.508375459999968 ], [ 120.896699470000044, -1.509747939999954 ], [ 120.897087340000098, -1.513183269999956 ], [ 120.897410240000113, -1.515257389999931 ], [ 120.896895820000054, -1.517331859999956 ], [ 120.897733730000027, -1.518757569999934 ], [ 120.898120720000065, -1.520053809999979 ], [ 120.9006970800001, -1.519987919999949 ], [ 120.900827080000113, -1.522839959999942 ], [ 120.902566440000101, -1.523552249999966 ], [ 120.902502320000053, -1.524265309999976 ], [ 120.902116130000081, -1.524913679999941 ], [ 120.901803430000086, -1.524942419999945 ], [ 120.901407660000018, -1.524978789999977 ], [ 120.901197690000117, -1.525748429999965 ], [ 120.900700230000098, -1.527571909999949 ], [ 120.901217240000051, -1.531720209999946 ], [ 120.902119600000105, -1.533210689999976 ], [ 120.902120200000013, -1.534636749999947 ], [ 120.901605320000044, -1.535609269999952 ], [ 120.902246980000086, -1.537118789999965 ], [ 120.902017990000104, -1.53783035999993 ], [ 120.902343060000021, -1.538426319999928 ], [ 120.903833540000051, -1.538694889999931 ], [ 120.90438767, -1.538733109999953 ], [ 120.904617140000028, -1.539175279999938 ], [ 120.905381510000097, -1.539348019999977 ], [ 120.905859550000059, -1.540193889999955 ], [ 120.905897960000061, -1.540674599999932 ], [ 120.90585193000004, -1.541289329999927 ], [ 120.906452710000053, -1.542174229999944 ], [ 120.906357370000023, -1.542635759999939 ], [ 120.907007720000024, -1.544289179999964 ], [ 120.906855160000077, -1.545000719999962 ], [ 120.906931920000034, -1.545769849999942 ], [ 120.90690040000004, -1.546076209999967 ], [ 120.907180560000029, -1.546346609999944 ], [ 120.907027850000077, -1.546712029999981 ], [ 120.90737222000007, -1.547731019999958 ], [ 120.907413410000117, -1.548343689999967 ], [ 120.907315420000032, -1.54896169999995 ], [ 120.907678690000012, -1.549499949999927 ], [ 120.907615910000118, -1.549994269999956 ], [ 120.908749620000094, -1.551653139999928 ], [ 120.909170300000028, -1.552402889999939 ], [ 120.909418850000066, -1.552768129999947 ], [ 120.909325950000039, -1.553294629999925 ], [ 120.909706110000116, -1.554267869999933 ], [ 120.909651330000088, -1.554556799999943 ], [ 120.909878340000091, -1.554902349999963 ], [ 120.909791060000089, -1.555346259999965 ], [ 120.910299370000075, -1.556459719999964 ], [ 120.910957070000109, -1.558019849999937 ], [ 120.911930070000039, -1.561066989999972 ], [ 120.912031090000028, -1.563182649999931 ], [ 120.913433430000055, -1.564995499999952 ], [ 120.913535290000027, -1.569025359999955 ], [ 120.914336220000109, -1.569125759999963 ], [ 120.914637300000095, -1.570838339999966 ], [ 120.915043680000053, -1.571467859999927 ], [ 120.915699730000028, -1.571408 ], [ 120.916614270000082, -1.57208301999998 ], [ 120.917469810000057, -1.573094019999928 ], [ 120.918075490000092, -1.573523949999981 ], [ 120.918899750000037, -1.574109049999947 ], [ 120.920642340000086, -1.574938889999942 ], [ 120.922048860000018, -1.575993069999925 ], [ 120.930250620000038, -1.582140229999936 ], [ 120.93088707000004, -1.582617249999942 ], [ 120.930888450000111, -1.582634819999953 ], [ 120.933700870000052, -1.586149209999974 ], [ 120.936821460000033, -1.590336949999937 ], [ 120.960017140000105, -1.620781159999979 ], [ 120.960018270000091, -1.620782649999967 ], [ 120.960713390000024, -1.62169498999998 ], [ 120.960714430000053, -1.621699339999964 ], [ 120.961876240000038, -1.623660589999929 ], [ 120.961876480000114, -1.623661 ], [ 120.960682250000104, -1.623661569999967 ], [ 120.953374330000088, -1.623665069999959 ], [ 120.950299850000079, -1.623219939999956 ], [ 120.944439220000049, -1.623669249999978 ], [ 120.94443861000002, -1.62366929999996 ], [ 120.929546230000028, -1.624875219999979 ], [ 120.919418730000075, -1.624280399999975 ], [ 120.909291730000064, -1.624884499999951 ], [ 120.900355630000035, -1.624289039999951 ], [ 120.89022832, -1.624293559999956 ], [ 120.883675590000053, -1.624895949999939 ], [ 120.883534780000105, -1.625215159999925 ], [ 120.882703280000101, -1.624985169999945 ], [ 120.882301670000061, -1.624874079999927 ], [ 120.881881320000048, -1.625872929999957 ], [ 120.874330624000095, -1.643321019999973 ], [ 120.871414880000088, -1.650058699999931 ], [ 120.870601400000055, -1.651886369999943 ], [ 120.867970504000027, -1.657592465999926 ], [ 120.867796850000104, -1.657969099999946 ], [ 120.867014410000024, -1.659666099999924 ], [ 120.867010880000066, -1.659673769999927 ], [ 120.863876321000021, -1.666779429999963 ], [ 120.862249660000089, -1.670466869999927 ], [ 120.857488410000087, -1.681259979999936 ], [ 120.857342742000014, -1.68177374499993 ], [ 120.857316198000035, -1.68186740799996 ], [ 120.857315242000027, -1.68187073799993 ], [ 120.857311799000058, -1.681882893999955 ], [ 120.857295175000104, -1.681942785999979 ], [ 120.857286226000042, -1.681973831999926 ], [ 120.857286026000111, -1.68197379999998 ], [ 120.857285354000055, -1.681976170999974 ], [ 120.857277511, -1.682003817999941 ], [ 120.857276621000096, -1.68200694799998 ], [ 120.857275057000038, -1.682012464999957 ], [ 120.857274460000099, -1.682014570999968 ], [ 120.857274261000043, -1.682015270999955 ], [ 120.857274256000096, -1.68201530999994 ], [ 120.85727517700002, -1.682015357999944 ], [ 120.857275249000054, -1.682015361999959 ], [ 120.857276161000073, -1.682015408999973 ], [ 120.857277537000073, -1.682015480999951 ], [ 120.857278683000118, -1.682015540999942 ], [ 120.85727891800002, -1.682015552999928 ], [ 120.857287812000095, -1.682016015999977 ], [ 120.857288316000108, -1.68201604199993 ], [ 120.857288880000056, -1.682016070999964 ], [ 120.857290102000093, -1.68201613399998 ], [ 120.857291266000061, -1.68201619499996 ], [ 120.857292330000064, -1.682016250999936 ], [ 120.857297403000075, -1.682016498999928 ], [ 120.857302872000105, -1.682016783999927 ], [ 120.857320058000028, -1.68201763299993 ], [ 120.857342271000107, -1.682018794999976 ], [ 120.857364082000117, -1.682019890999925 ], [ 120.857387301000017, -1.682021096999961 ], [ 120.857387623000022, -1.682021109999937 ], [ 120.857387670000094, -1.682021116999977 ], [ 120.857387623000022, -1.682021222999936 ], [ 120.857522750000044, -1.682028269999932 ], [ 120.85752255500006, -1.682028468999931 ], [ 120.857517987000051, -1.682033109999963 ], [ 120.857511110000019, -1.682040179999944 ], [ 120.857511221000095, -1.682040185999938 ], [ 120.857514224000056, -1.682040345999951 ], [ 120.857514206000019, -1.682040417999929 ], [ 120.857508524000082, -1.682058440999924 ], [ 120.857471159000056, -1.682177329999945 ], [ 120.857418352000082, -1.68234816699993 ], [ 120.857342083000049, -1.682593055999973 ], [ 120.85601234, -1.686862489999953 ], [ 120.855928550000044, -1.68710811699998 ], [ 120.855346910000094, -1.688813169999946 ], [ 120.855023470000106, -1.689953971999955 ], [ 120.855008526, -1.69000919399997 ], [ 120.8550013360001, -1.690032040999938 ], [ 120.854816362000065, -1.690619807999951 ], [ 120.854692498000077, -1.69098050599996 ], [ 120.853286970000113, -1.695073469999954 ], [ 120.852582020000114, -1.697126339999954 ], [ 120.852482740000028, -1.697415439999929 ], [ 120.852397830000086, -1.697662709999975 ], [ 120.85230687, -1.697927589999949 ], [ 120.852213640000059, -1.69819906999993 ], [ 120.85211852000009, -1.698476059999962 ], [ 120.851936420000015, -1.69900636999995 ], [ 120.851489180000044, -1.700308729999961 ], [ 120.851126780000072, -1.701364059999946 ], [ 120.850320030000034, -1.703798309999968 ], [ 120.850015424000048, -1.704624434999971 ], [ 120.849984550000045, -1.704708169999947 ], [ 120.848231271000031, -1.71030376899995 ], [ 120.845800623000059, -1.717595714999959 ], [ 120.844381822000059, -1.721623278999971 ], [ 120.84353511900008, -1.724117621999937 ], [ 120.841864595000061, -1.728854585999954 ], [ 120.841424083000106, -1.730176122999978 ], [ 120.841327460000116, -1.730427629999951 ], [ 120.841259480000076, -1.730604579999977 ], [ 120.841237690000071, -1.730661279999936 ], [ 120.841140992000078, -1.730912986999954 ], [ 120.840960970000083, -1.731381589999955 ], [ 120.840631510000094, -1.732239169999957 ], [ 120.840436410000052, -1.732746979999945 ], [ 120.840344450000089, -1.732986369999935 ], [ 120.840237640000055, -1.733264369999972 ], [ 120.840232440000023, -1.733277919999978 ], [ 120.840232410000112, -1.733277989999976 ], [ 120.840232210000067, -1.733278509999934 ], [ 120.840231320000044, -1.733280839999964 ], [ 120.840231220000078, -1.733281089999934 ], [ 120.840226210000083, -1.733294149999949 ], [ 120.840224340000077, -1.733299 ], [ 120.840223910000077, -1.733300109999959 ], [ 120.840221810000116, -1.733305579999978 ], [ 120.840204200000016, -1.733351419999963 ], [ 120.8401253400001, -1.733556689999944 ], [ 120.839997910000079, -1.733888389999947 ], [ 120.839920800000073, -1.734089109999957 ], [ 120.839903560000039, -1.734133989999975 ], [ 120.839893650000022, -1.734159769999962 ], [ 120.839846310000098, -1.734282979999932 ], [ 120.839804613000069, -1.734391524999978 ], [ 120.83977325, -1.734473169999944 ], [ 120.839730810000106, -1.734595039999931 ], [ 120.839659450000113, -1.734799959999975 ], [ 120.839598140000021, -1.734976 ], [ 120.839410755000017, -1.735514068999976 ], [ 120.834219319000113, -1.750310295999952 ], [ 120.834255004000056, -1.750318781999965 ], [ 120.83408992000011, -1.750792819999958 ], [ 120.833739620000074, -1.75217041999997 ], [ 120.83356652000009, -1.753271929999926 ], [ 120.83397414, -1.754371489999926 ], [ 120.834109470000044, -1.754736519999938 ], [ 120.834201320000034, -1.755207309999946 ], [ 120.834391820000064, -1.756183799999974 ], [ 120.834687270000018, -1.757698219999952 ], [ 120.834717470000101, -1.75785301999997 ], [ 120.834750360000044, -1.758021579999934 ], [ 120.83480893, -1.758321799999976 ], [ 120.834842330000015, -1.758493019999946 ], [ 120.834843498000055, -1.758497355999964 ], [ 120.834848108000074, -1.758521981999934 ], [ 120.835540909000088, -1.761086889999945 ], [ 120.835569970000051, -1.761194799999942 ], [ 120.835463010000012, -1.761152039999956 ], [ 120.83542164000005, -1.761135499999966 ], [ 120.835286100000076, -1.761081309999952 ], [ 120.835239420000107, -1.761062649999928 ], [ 120.83435491900002, -1.760709026999962 ], [ 120.834341624000103, -1.760703718999935 ], [ 120.83433897000009, -1.760702657999957 ], [ 120.834335930000066, -1.760701443999949 ], [ 120.835269912000058, -1.761866039999973 ], [ 120.835612444000049, -1.762613679999959 ], [ 120.836154350000015, -1.763797219999958 ], [ 120.836154460000103, -1.763797469999929 ], [ 120.836436040000081, -1.764412429999936 ], [ 120.836489010000037, -1.764528119999966 ], [ 120.836533880000047, -1.764626119999946 ], [ 120.836603290000085, -1.764777709999976 ], [ 120.836673690000111, -1.764931459999957 ], [ 120.83670410000002, -1.764997889999961 ], [ 120.836719930000072, -1.765032479999945 ], [ 120.836737890000109, -1.765071689999957 ], [ 120.836766700000112, -1.765156049999973 ], [ 120.837192720000075, -1.766403439999976 ], [ 120.837492020000013, -1.767407789999936 ], [ 120.837492050000037, -1.767407889999959 ], [ 120.837496430000101, -1.767422609999926 ], [ 120.837499790000038, -1.767433869999934 ], [ 120.837504010000089, -1.767448039999977 ], [ 120.837506860000076, -1.767457589999935 ], [ 120.837506990000065, -1.767458049999959 ], [ 120.837512120000042, -1.767475249999961 ], [ 120.83751975000007, -1.767500859999927 ], [ 120.837524770000073, -1.767517689999977 ], [ 120.837531530000092, -1.767540389999965 ], [ 120.837535570000114, -1.767553939999971 ], [ 120.837536810000074, -1.767558099999974 ], [ 120.837537650000058, -1.767560919999937 ], [ 120.837539290000109, -1.767566439999939 ], [ 120.837539500000048, -1.767567129999975 ], [ 120.837540500000046, -1.767570489999969 ], [ 120.837540860000104, -1.76757170999997 ], [ 120.837541040000019, -1.767572299999927 ], [ 120.837541230000056, -1.767573439999978 ], [ 120.837541950000059, -1.767577849999952 ], [ 120.837543780000033, -1.767589019999946 ], [ 120.837548660000039, -1.767618849999963 ], [ 120.837556990000053, -1.767669799999965 ], [ 120.837560830000029, -1.767693279999946 ], [ 120.83756591000008, -1.767724329999965 ], [ 120.837572510000086, -1.767764659999955 ], [ 120.837576210000066, -1.767787279999936 ], [ 120.837578210000061, -1.767799499999967 ], [ 120.837582170000019, -1.767823719999967 ], [ 120.837593080000033, -1.767890399999942 ], [ 120.837598810000031, -1.767925379999951 ], [ 120.837599320000095, -1.767928539999957 ], [ 120.837603870000066, -1.767956359999971 ], [ 120.837613160000046, -1.768013089999954 ], [ 120.837620790000074, -1.768059739999956 ], [ 120.837622300000021, -1.768068959999937 ], [ 120.83763789000011, -1.768164309999975 ], [ 120.837643830000047, -1.768200599999943 ], [ 120.837645380000026, -1.768210069999952 ], [ 120.837650890000077, -1.768243709999979 ], [ 120.837662780000073, -1.768316409999954 ], [ 120.837667600000032, -1.76834587999997 ], [ 120.837668280000116, -1.768350009999949 ], [ 120.837670590000016, -1.768364169999927 ], [ 120.837685880000095, -1.768457629999943 ], [ 120.837690040000098, -1.768483019999962 ], [ 120.837690810000026, -1.768487729999947 ], [ 120.837697350000099, -1.768527679999977 ], [ 120.837698960000012, -1.768537579999929 ], [ 120.83770096, -1.768549779999944 ], [ 120.837708190000058, -1.768593959999976 ], [ 120.837714650000066, -1.768633469999941 ], [ 120.837724200000025, -1.768691829999966 ], [ 120.837727210000025, -1.76871019999993 ], [ 120.837729130000071, -1.768721939999978 ], [ 120.837731990000066, -1.768739409999966 ], [ 120.83773597000004, -1.768763749999948 ], [ 120.837743130000035, -1.768807549999963 ], [ 120.837746790000097, -1.768829919999973 ], [ 120.837753230000089, -1.768869269999925 ], [ 120.837756, -1.768883749999929 ], [ 120.83775728, -1.768886359999954 ], [ 120.839411220000102, -1.772273229999939 ], [ 120.840703, -1.773875729999929 ], [ 120.840719930000091, -1.773896729999933 ], [ 120.840784140000096, -1.773976389999973 ], [ 120.840844190000098, -1.774050879999947 ], [ 120.840878700000076, -1.77409369999998 ], [ 120.840903650000087, -1.774124649999976 ], [ 120.840948180000055, -1.774179879999963 ], [ 120.840967480000018, -1.774203829999976 ], [ 120.840984530000014, -1.774224989999936 ], [ 120.841022130000056, -1.77427162999993 ], [ 120.841057680000063, -1.774315719999947 ], [ 120.841140520000067, -1.77441848999996 ], [ 120.841184660000067, -1.774473249999971 ], [ 120.84127, -1.774579109999934 ], [ 120.841375630000016, -1.774710149999976 ], [ 120.841431490000105, -1.774779449999926 ], [ 120.84146429000009, -1.774820139999974 ], [ 120.841479310000068, -1.774838779999925 ], [ 120.841499340000041, -1.77486362999997 ], [ 120.84160565000002, -1.774995499999932 ], [ 120.841713780000077, -1.775129639999932 ], [ 120.841835540000034, -1.775280689999931 ], [ 120.841872980000062, -1.775327129999937 ], [ 120.841914530000054, -1.77537867999996 ], [ 120.841967490000116, -1.775444379999954 ], [ 120.841986290000023, -1.775467699999979 ], [ 120.841999010000109, -1.775483479999934 ], [ 120.842162920000078, -1.775686819999976 ], [ 120.842371190000108, -1.775945189999959 ], [ 120.84256804000006, -1.776189379999948 ], [ 120.842594070000018, -1.776221679999935 ], [ 120.842619690000106, -1.776253459999964 ], [ 120.842702580000037, -1.776356279999959 ], [ 120.842977540000106, -1.776697389999924 ], [ 120.8431730100001, -1.776939869999978 ], [ 120.843265460000111, -1.777054559999954 ], [ 120.843323410000039, -1.777126449999969 ], [ 120.843354190000014, -1.777164629999959 ], [ 120.843374770000082, -1.777190169999926 ], [ 120.843457360000116, -1.777292619999969 ], [ 120.843715430000088, -1.777612769999962 ], [ 120.843843430000106, -1.777771559999962 ], [ 120.843902020000087, -1.777844229999971 ], [ 120.843950640000116, -1.77790454999996 ], [ 120.844067230000064, -1.778049179999925 ], [ 120.845974620000106, -1.780415379999965 ], [ 120.846106730000088, -1.780579269999976 ], [ 120.846275960000071, -1.780789209999966 ], [ 120.846395110000117, -1.780937009999946 ], [ 120.846503710000093, -1.781071739999959 ], [ 120.846517660000018, -1.781089049999935 ], [ 120.846571170000061, -1.781155419999948 ], [ 120.846719520000079, -1.78133945999997 ], [ 120.847046350000028, -1.781744909999929 ], [ 120.847233130000063, -1.781976609999958 ], [ 120.847241150000059, -1.78198655999995 ], [ 120.84725276000006, -1.78200094999994 ], [ 120.84725728, -1.782006569999965 ], [ 120.847258730000021, -1.782008369999971 ], [ 120.847261830000093, -1.782012219999956 ], [ 120.847262520000072, -1.78201305999994 ], [ 120.847263480000038, -1.782014249999975 ], [ 120.847263700000099, -1.782014519999962 ], [ 120.847264920000043, -1.782016039999974 ], [ 120.84726833000002, -1.782020269999975 ], [ 120.847285180000085, -1.782041179999965 ], [ 120.847404850000089, -1.782206109999947 ], [ 120.847408210000026, -1.782210739999925 ], [ 120.847413, -1.782217339999931 ], [ 120.847416630000112, -1.782222349999927 ], [ 120.847422940000115, -1.782231029999934 ], [ 120.847424710000041, -1.782233469999937 ], [ 120.847425620000081, -1.782234729999971 ], [ 120.847429500000089, -1.782240079999951 ], [ 120.847437120000109, -1.782250579999925 ], [ 120.847443110000086, -1.782258829999932 ], [ 120.847446690000083, -1.782263759999978 ], [ 120.847448830000076, -1.782266719999939 ], [ 120.847449530000063, -1.782267679999961 ], [ 120.847454140000082, -1.782274039999947 ], [ 120.847460510000019, -1.782282819999978 ], [ 120.847464360000117, -1.782288119999976 ], [ 120.847467890000075, -1.782292989999974 ], [ 120.847470570000041, -1.782296679999945 ], [ 120.847472030000063, -1.782298689999948 ], [ 120.84747569000001, -1.782303729999967 ], [ 120.847485910000046, -1.782317819999946 ], [ 120.847491700000091, -1.782325789999959 ], [ 120.84749295000006, -1.782327519999967 ], [ 120.847496800000044, -1.782332829999973 ], [ 120.847502070000019, -1.782340079999926 ], [ 120.84750960000008, -1.782350469999926 ], [ 120.847514470000078, -1.782357179999963 ], [ 120.847516280000036, -1.782359669999948 ], [ 120.847517410000023, -1.782361219999927 ], [ 120.847521670000106, -1.782367099999931 ], [ 120.847531900000035, -1.782381199999975 ], [ 120.847537160000115, -1.782388439999977 ], [ 120.84754161, -1.782394579999959 ], [ 120.847542520000047, -1.782395829999928 ], [ 120.847543260000066, -1.782396849999941 ], [ 120.847549320000098, -1.782405209999979 ], [ 120.847559, -1.782418549999932 ], [ 120.847563360000095, -1.782424549999973 ], [ 120.847564330000068, -1.782425889999956 ], [ 120.847568660000093, -1.782431849999966 ], [ 120.847581750000018, -1.782449889999953 ], [ 120.847586320000119, -1.782456189999948 ], [ 120.847587220000037, -1.782457429999965 ], [ 120.847596060000114, -1.782469619999972 ], [ 120.847608010000044, -1.782486089999963 ], [ 120.847612540000114, -1.782492329999968 ], [ 120.84761345000004, -1.782493579999937 ], [ 120.847613640000077, -1.78249384999998 ], [ 120.847621070000059, -1.782504079999967 ], [ 120.847629570000095, -1.782515789999934 ], [ 120.847634500000026, -1.782522589999928 ], [ 120.847637230000032, -1.782526359999963 ], [ 120.847638620000112, -1.782528269999943 ], [ 120.847668860000113, -1.782569949999925 ], [ 120.847745260000011, -1.782675229999938 ], [ 120.847797150000019, -1.782746749999944 ], [ 120.84781505, -1.782771409999953 ], [ 120.847819370000025, -1.78277737999997 ], [ 120.847823930000118, -1.782783649999942 ], [ 120.847880160000045, -1.782861139999966 ], [ 120.847967030000063, -1.78298086999996 ], [ 120.848009110000021, -1.783038869999928 ], [ 120.848023350000062, -1.783058479999966 ], [ 120.848085690000062, -1.783144399999969 ], [ 120.848168400000077, -1.783258389999958 ], [ 120.848176890000104, -1.783270089999974 ], [ 120.848202970000102, -1.783306029999949 ], [ 120.8482189, -1.783327979999967 ], [ 120.848220170000104, -1.783329719999927 ], [ 120.848226190000105, -1.783338029999925 ], [ 120.848227080000015, -1.783339259999934 ], [ 120.848232330000087, -1.783346489999929 ], [ 120.848240370000099, -1.783357569999964 ], [ 120.848247830000105, -1.783367849999934 ], [ 120.848249150000015, -1.783369659999948 ], [ 120.848250270000108, -1.783371209999927 ], [ 120.848251010000013, -1.783372229999941 ], [ 120.848253040000031, -1.783375029999945 ], [ 120.848254920000045, -1.783377609999945 ], [ 120.84825684000009, -1.783380269999952 ], [ 120.848257860000103, -1.783381669999926 ], [ 120.84825920000003, -1.783383769999944 ], [ 120.848260340000024, -1.783385549999934 ], [ 120.848261040000011, -1.783386639999947 ], [ 120.848273860000063, -1.783406689999936 ], [ 120.848275140000055, -1.783408689999931 ], [ 120.848299140000108, -1.783446219999973 ], [ 120.848316740000087, -1.783473739999977 ], [ 120.848332200000073, -1.783497919999945 ], [ 120.848343000000114, -1.783514799999978 ], [ 120.848352530000057, -1.783529709999925 ], [ 120.848400590000097, -1.783604849999961 ], [ 120.848451940000018, -1.78368514999994 ], [ 120.848474730000021, -1.783720789999961 ], [ 120.848481720000109, -1.783731729999943 ], [ 120.848490060000017, -1.783744749999926 ], [ 120.848515350000071, -1.78378430999993 ], [ 120.848564590000024, -1.783861309999963 ], [ 120.848596840000027, -1.783911719999935 ], [ 120.848629140000071, -1.783962239999937 ], [ 120.848639610000077, -1.783978599999955 ], [ 120.848650780000071, -1.783996069999944 ], [ 120.848665690000075, -1.784019389999969 ], [ 120.848701820000088, -1.78407588999994 ], [ 120.848741840000116, -1.784138459999951 ], [ 120.84877882, -1.784196289999954 ], [ 120.848799770000028, -1.784229049999965 ], [ 120.848809180000103, -1.784243759999924 ], [ 120.848831640000071, -1.784278879999931 ], [ 120.84888791000003, -1.784366869999928 ], [ 120.848917400000119, -1.784412989999964 ], [ 120.848947090000024, -1.784459399999946 ], [ 120.848965570000018, -1.784488299999964 ], [ 120.84897017000003, -1.784495499999935 ], [ 120.848987190000116, -1.784522109999955 ], [ 120.84904283000003, -1.784609119999971 ], [ 120.849093770000081, -1.784688779999954 ], [ 120.849125220000019, -1.784737959999973 ], [ 120.849143780000077, -1.784766979999972 ], [ 120.849149640000064, -1.784776139999963 ], [ 120.849164790000032, -1.784799819999932 ], [ 120.849224270000036, -1.784892829999933 ], [ 120.849265830000036, -1.784957819999931 ], [ 120.849296730000106, -1.78500613999995 ], [ 120.849314880000065, -1.785034519999954 ], [ 120.849321640000085, -1.785045089999926 ], [ 120.849347990000069, -1.785086289999924 ], [ 120.849413280000022, -1.785188389999973 ], [ 120.849452470000074, -1.785249659999977 ], [ 120.849494080000113, -1.785314739999933 ], [ 120.84950885, -1.785337829999946 ], [ 120.84951460000002, -1.785346819999972 ], [ 120.849532200000112, -1.785374329999968 ], [ 120.849588800000106, -1.78546283999998 ], [ 120.84960874, -1.785494019999931 ], [ 120.849611620000019, -1.785498529999927 ], [ 120.849614940000038, -1.785503719999951 ], [ 120.849620270000059, -1.785512049999966 ], [ 120.849625890000084, -1.785520849999955 ], [ 120.849630270000034, -1.785527699999932 ], [ 120.849631110000018, -1.785529009999948 ], [ 120.84964965000006, -1.785557989999973 ], [ 120.850965050000013, -1.788230579999947 ], [ 120.851505610000117, -1.789623129999939 ], [ 120.851507020000099, -1.789626759999976 ], [ 120.851514220000013, -1.789645299999961 ], [ 120.85151737000001, -1.789653409999971 ], [ 120.851518310000074, -1.789655839999966 ], [ 120.851521600000069, -1.789664319999929 ], [ 120.851525190000075, -1.789673559999926 ], [ 120.851526480000075, -1.789676879999945 ], [ 120.851531960000102, -1.78969098999994 ], [ 120.851539400000092, -1.78971015999997 ], [ 120.851547240000059, -1.789730369999972 ], [ 120.851551860000086, -1.789742269999977 ], [ 120.851558430000068, -1.789759199999935 ], [ 120.851559420000058, -1.78976173999996 ], [ 120.851563500000111, -1.78977225999995 ], [ 120.851573150000036, -1.789797109999938 ], [ 120.851579950000087, -1.789814619999959 ], [ 120.851588170000014, -1.789835819999951 ], [ 120.851590800000054, -1.789842589999978 ], [ 120.851596560000075, -1.789857419999976 ], [ 120.851608420000048, -1.789887969999938 ], [ 120.851618810000105, -1.78991474999998 ], [ 120.85162326000011, -1.789926199999968 ], [ 120.851624090000087, -1.789928349999968 ], [ 120.851626460000034, -1.789934439999968 ], [ 120.851634890000014, -1.789956169999925 ], [ 120.851646240000036, -1.78998538999997 ], [ 120.851655710000045, -1.790009789999942 ], [ 120.851657720000048, -1.790014979999967 ], [ 120.851659190000078, -1.790018769999961 ], [ 120.851660130000027, -1.79002117999994 ], [ 120.851668490000066, -1.790042719999974 ], [ 120.851685490000023, -1.79008652999994 ], [ 120.851694060000113, -1.790108589999932 ], [ 120.851697730000069, -1.790118029999974 ], [ 120.851699330000088, -1.790122159999953 ], [ 120.851700420000043, -1.790124979999973 ], [ 120.851708780000081, -1.790146519999951 ], [ 120.851726370000051, -1.790191829999969 ], [ 120.851731850000078, -1.790205939999964 ], [ 120.851732120000065, -1.790206649999959 ], [ 120.851734480000118, -1.790212719999943 ], [ 120.851740440000071, -1.790228059999947 ], [ 120.851753030000054, -1.790260499999931 ], [ 120.851767930000051, -1.790298899999925 ], [ 120.851769120000085, -1.790301949999957 ], [ 120.851779520000036, -1.790328749999958 ], [ 120.851799050000068, -1.790379069999972 ], [ 120.851801470000055, -1.790385289999961 ], [ 120.851803150000023, -1.790389629999936 ], [ 120.851809660000072, -1.790406379999979 ], [ 120.851823540000055, -1.790442129999974 ], [ 120.851835070000106, -1.790471859999968 ], [ 120.851838850000036, -1.790481599999964 ], [ 120.851840690000017, -1.790486319999957 ], [ 120.85185587, -1.790525439999954 ], [ 120.85187403000009, -1.790572229999952 ], [ 120.85189485, -1.790625839999961 ], [ 120.851896580000016, -1.790630289999967 ], [ 120.85191232000011, -1.790670839999962 ], [ 120.851936390000105, -1.790732849999927 ], [ 120.851951230000054, -1.790771099999972 ], [ 120.851957060000018, -1.790786089999926 ], [ 120.851959850000071, -1.790793289999954 ], [ 120.851990820000083, -1.790873069999975 ], [ 120.85202627000001, -1.79096439999995 ], [ 120.852051470000106, -1.791029329999958 ], [ 120.852054390000035, -1.791036829999939 ], [ 120.85207317000004, -1.791085219999957 ], [ 120.85210445000007, -1.791165809999939 ], [ 120.852130710000097, -1.791233439999928 ], [ 120.852145420000056, -1.79127133999998 ], [ 120.852149780000104, -1.791282579999972 ], [ 120.852151820000017, -1.791287829999931 ], [ 120.852184740000098, -1.791372629999955 ], [ 120.852225230000045, -1.79147691999998 ], [ 120.852239560000044, -1.791513849999944 ], [ 120.852243620000081, -1.791524309999943 ], [ 120.852263130000097, -1.791574569999966 ], [ 120.852298550000114, -1.791665809999927 ], [ 120.852316970000061, -1.791713269999946 ], [ 120.85232910000002, -1.791744519999952 ], [ 120.852331670000012, -1.791751149999925 ], [ 120.852332, -1.791752 ], [ 120.852354690000084, -1.791810429999941 ], [ 120.852393330000041, -1.791909989999965 ], [ 120.852402830000074, -1.791934459999936 ], [ 120.852404700000079, -1.791939279999951 ], [ 120.852404720000095, -1.791939319999926 ], [ 120.852405620000013, -1.79194162999994 ], [ 120.852408930000024, -1.79195016999995 ], [ 120.85241067000004, -1.79195464999998 ], [ 120.852484740000023, -1.792145459999972 ], [ 120.853154120000113, -1.794265629999927 ], [ 120.854067300000111, -1.797990459999937 ], [ 120.854165560000069, -1.799267979999968 ], [ 120.854447470000082, -1.800764779999952 ], [ 120.854742050000027, -1.801716159999955 ], [ 120.855195570000092, -1.802666969999962 ], [ 120.855448520000095, -1.803334599999971 ], [ 120.855448940000088, -1.803335699999934 ], [ 120.855449690000114, -1.803337689999978 ], [ 120.855450230000088, -1.803339109999968 ], [ 120.855450340000061, -1.803339409999978 ], [ 120.855450620000056, -1.803340139999932 ], [ 120.855450760000053, -1.803340509999941 ], [ 120.855451120000112, -1.803341449999948 ], [ 120.855452090000085, -1.80334401999994 ], [ 120.855452890000038, -1.803346149999925 ], [ 120.855454290000011, -1.803349839999953 ], [ 120.855455010000014, -1.803351739999925 ], [ 120.855456740000022, -1.803356299999962 ], [ 120.855463270000087, -1.803373539999939 ], [ 120.855466310000111, -1.803381559999934 ], [ 120.855467670000053, -1.803385139999932 ], [ 120.855472230000032, -1.803397179999934 ], [ 120.85548244000006, -1.803424129999939 ], [ 120.855488920000084, -1.803441239999927 ], [ 120.85549264000008, -1.803451049999978 ], [ 120.855494170000043, -1.803455079999935 ], [ 120.855516350000016, -1.803513629999941 ], [ 120.855530090000116, -1.803549889999942 ], [ 120.855545840000104, -1.80359145999995 ], [ 120.855553620000023, -1.803612 ], [ 120.855556620000016, -1.803619909999952 ], [ 120.855559460000109, -1.803627399999925 ], [ 120.855563570000072, -1.803638269999965 ], [ 120.855570820000025, -1.803657379999947 ], [ 120.855575430000044, -1.803669559999946 ], [ 120.855576160000055, -1.803673929999945 ], [ 120.855577800000106, -1.803683809999939 ], [ 120.855580180000061, -1.803698169999961 ], [ 120.855581440000037, -1.803705739999941 ], [ 120.855581880000045, -1.80370838999994 ], [ 120.855583360000082, -1.803717309999968 ], [ 120.85558513, -1.803727949999939 ], [ 120.855586300000027, -1.803734969999937 ], [ 120.855586880000033, -1.803738459999977 ], [ 120.855587140000011, -1.80374003999998 ], [ 120.855588830000102, -1.803750219999927 ], [ 120.855591750000031, -1.803767789999938 ], [ 120.85559322000006, -1.803776639999967 ], [ 120.855593400000089, -1.80377773999993 ], [ 120.855595530000073, -1.803790559999925 ], [ 120.855598120000082, -1.803806169999973 ], [ 120.8556001500001, -1.803818349999972 ], [ 120.855601420000085, -1.803826019999974 ], [ 120.855601740000111, -1.803827959999978 ], [ 120.855603740000106, -1.803839959999948 ], [ 120.85560608000003, -1.803854049999927 ], [ 120.855607750000104, -1.803864099999942 ], [ 120.855609720000075, -1.803875989999938 ], [ 120.855610220000017, -1.803879009999946 ], [ 120.855610390000038, -1.803880039999967 ], [ 120.855612340000107, -1.803891749999934 ], [ 120.855615200000102, -1.803908959999944 ], [ 120.855616160000068, -1.803914759999941 ], [ 120.855616670000018, -1.803917849999948 ], [ 120.855618450000065, -1.803928529999951 ], [ 120.855620800000111, -1.803942679999977 ], [ 120.855623180000066, -1.803956989999961 ], [ 120.855624290000037, -1.803963709999948 ], [ 120.855624600000056, -1.803965589999962 ], [ 120.855624840000019, -1.803966979999927 ], [ 120.855626480000069, -1.80397690999996 ], [ 120.855629240000098, -1.803993509999941 ], [ 120.855631050000056, -1.804004369999973 ], [ 120.855632510000078, -1.804013159999954 ], [ 120.855632820000096, -1.804015059999927 ], [ 120.855633040000043, -1.804016339999976 ], [ 120.855634460000033, -1.804024909999953 ], [ 120.855636940000068, -1.804039879999948 ], [ 120.855639390000078, -1.804054589999964 ], [ 120.855640300000118, -1.804060059999927 ], [ 120.855640870000116, -1.804063529999951 ], [ 120.855641190000028, -1.804065439999931 ], [ 120.85564295000006, -1.804076049999935 ], [ 120.855646380000053, -1.804096659999971 ], [ 120.855648100000053, -1.804107059999978 ], [ 120.855649040000117, -1.804112719999978 ], [ 120.855649450000101, -1.80411517999994 ], [ 120.85565267000004, -1.804134519999934 ], [ 120.855655030000094, -1.80414873999996 ], [ 120.85565586000007, -1.804153779999979 ], [ 120.855656610000096, -1.804158269999959 ], [ 120.855658770000105, -1.804171289999942 ], [ 120.855661590000068, -1.804188219999958 ], [ 120.855662770000094, -1.804195319999963 ], [ 120.85566373000006, -1.804201119999959 ], [ 120.855663890000073, -1.804202099999941 ], [ 120.855664410000031, -1.804205209999964 ], [ 120.855666930000098, -1.804220399999963 ], [ 120.855670570000029, -1.804242289999934 ], [ 120.855671390000111, -1.804247209999971 ], [ 120.855673030000048, -1.80425710999998 ], [ 120.855673630000069, -1.804260709999937 ], [ 120.855676380000091, -1.804277299999967 ], [ 120.855678780000062, -1.804291719999981 ], [ 120.855679990000112, -1.804299029999925 ], [ 120.855680460000031, -1.804301859999953 ], [ 120.855682160000015, -1.804312089999939 ], [ 120.855685380000068, -1.804331459999958 ], [ 120.855686910000031, -1.80434065999998 ], [ 120.855688020000116, -1.804347349999944 ], [ 120.855688350000037, -1.804349319999972 ], [ 120.855688550000082, -1.804350539999973 ], [ 120.855692690000069, -1.804375469999968 ], [ 120.85569505, -1.804389689999937 ], [ 120.855696150000085, -1.804396309999959 ], [ 120.855696470000112, -1.804398239999955 ], [ 120.85570021, -1.804420739999955 ], [ 120.855703460000086, -1.804440279999938 ], [ 120.855704560000049, -1.804446919999975 ], [ 120.855704750000086, -1.804448099999945 ], [ 120.855708180000079, -1.804468689999965 ], [ 120.855712340000082, -1.804493749999949 ], [ 120.855712700000026, -1.804495949999932 ], [ 120.855713050000077, -1.80449804999995 ], [ 120.855717130000016, -1.804522569999961 ], [ 120.855720100000099, -1.804540479999957 ], [ 120.85572073000003, -1.804544279999959 ], [ 120.855721070000072, -1.804546309999978 ], [ 120.855724670000086, -1.804567969999937 ], [ 120.855726990000107, -1.804581949999942 ], [ 120.85572887, -1.804593239999974 ], [ 120.855729090000068, -1.804594599999973 ], [ 120.855732470000021, -1.804614919999949 ], [ 120.855735350000032, -1.804632259999948 ], [ 120.855736420000085, -1.804638729999965 ], [ 120.855736880000109, -1.804641469999979 ], [ 120.855740400000059, -1.804662679999979 ], [ 120.85574358000008, -1.804681809999977 ], [ 120.855744960000038, -1.804690129999926 ], [ 120.855747560000054, -1.804705779999949 ], [ 120.855752370000118, -1.804734739999958 ], [ 120.855752560000042, -1.804735879999953 ], [ 120.855753060000097, -1.804738869999937 ], [ 120.855756030000066, -1.804756789999942 ], [ 120.85575907000009, -1.804775049999932 ], [ 120.85575963000008, -1.80477843999995 ], [ 120.855760170000053, -1.804781719999937 ], [ 120.855761170000051, -1.804787739999938 ], [ 120.855763970000112, -1.804804569999931 ], [ 120.855766020000033, -1.804816919999951 ], [ 120.855766580000022, -1.804820279999944 ], [ 120.855769130000112, -1.804835629999957 ], [ 120.855773380000073, -1.804861199999948 ], [ 120.855774070000052, -1.804865399999926 ], [ 120.855778350000037, -1.804891149999946 ], [ 120.855781060000027, -1.804907429999957 ], [ 120.855782200000021, -1.804914329999974 ], [ 120.855785680000054, -1.804935279999938 ], [ 120.855789870000081, -1.804960479999977 ], [ 120.855790190000107, -1.804962399999965 ], [ 120.855790490000118, -1.804964229999939 ], [ 120.855794320000086, -1.804987279999978 ], [ 120.855797580000058, -1.805006929999934 ], [ 120.85579787000006, -1.805008659999942 ], [ 120.855798100000015, -1.805010049999964 ], [ 120.855801, -1.805027489999929 ], [ 120.855804560000024, -1.805048929999941 ], [ 120.855805450000048, -1.80505428999993 ], [ 120.855805820000114, -1.80505648999997 ], [ 120.855808700000011, -1.805073859999936 ], [ 120.855811170000038, -1.805088739999974 ], [ 120.855813200000057, -1.805100929999981 ], [ 120.855813630000057, -1.805103559999964 ], [ 120.855813880000028, -1.805105039999944 ], [ 120.855813980000107, -1.805105639999965 ], [ 120.855816700000105, -1.805121989999975 ], [ 120.855819910000037, -1.805141359999936 ], [ 120.855820690000087, -1.80514600999993 ], [ 120.855821270000092, -1.805149509999978 ], [ 120.855824690000077, -1.805170089999933 ], [ 120.855827600000111, -1.80518761999997 ], [ 120.855828660000043, -1.805193979999956 ], [ 120.855829, -1.80519604999995 ], [ 120.855833240000038, -1.805221599999925 ], [ 120.855834170000094, -1.805227179999974 ], [ 120.85583586000007, -1.805237309999939 ], [ 120.855836750000094, -1.805242679999935 ], [ 120.8558416300001, -1.805272059999936 ], [ 120.855846310000061, -1.805300229999943 ], [ 120.855850650000093, -1.805326369999932 ], [ 120.855852470000059, -1.805337319999978 ], [ 120.855853990000014, -1.805346499999928 ], [ 120.855857570000012, -1.80536804999997 ], [ 120.85586228000011, -1.805396359999975 ], [ 120.855865180000023, -1.805413829999964 ], [ 120.855866150000111, -1.805419699999959 ], [ 120.855866530000071, -1.805421949999925 ], [ 120.855868530000066, -1.805433989999926 ], [ 120.855874290000088, -1.805468689999941 ], [ 120.855878690000054, -1.80549517999998 ], [ 120.855881450000084, -1.805511789999969 ], [ 120.85588263000011, -1.805518889999973 ], [ 120.855885360000116, -1.805535309999925 ], [ 120.855888390000018, -1.805553589999931 ], [ 120.855892140000037, -1.805576149999979 ], [ 120.85589511, -1.805594029999952 ], [ 120.855896210000083, -1.805600629999958 ], [ 120.855896940000093, -1.805605019999973 ], [ 120.855899620000059, -1.805621189999954 ], [ 120.855905100000086, -1.805654169999968 ], [ 120.855908580000118, -1.805675099999974 ], [ 120.855910610000024, -1.805687319999947 ], [ 120.855911650000053, -1.805693589999976 ], [ 120.855912500000045, -1.805698709999945 ], [ 120.855913120000082, -1.805702419999932 ], [ 120.855917850000083, -1.805730909999966 ], [ 120.855923070000017, -1.805762339999944 ], [ 120.855925370000023, -1.805776199999968 ], [ 120.855927910000105, -1.805791479999925 ], [ 120.85593386000005, -1.805827289999968 ], [ 120.855938050000077, -1.805852479999942 ], [ 120.85594097, -1.805870109999944 ], [ 120.855941540000117, -1.805873509999969 ], [ 120.855942590000041, -1.805879859999948 ], [ 120.855945190000057, -1.805895519999979 ], [ 120.855951010000013, -1.805930529999955 ], [ 120.855955290000111, -1.805956269999967 ], [ 120.855956900000024, -1.805966 ], [ 120.85595765000005, -1.805970499999944 ], [ 120.855964140000083, -1.80600955999995 ], [ 120.855968510000025, -1.806035859999952 ], [ 120.855971740000086, -1.806055339999943 ], [ 120.855972940000015, -1.806062519999955 ], [ 120.855975160000071, -1.806075929999963 ], [ 120.855978680000021, -1.806097109999939 ], [ 120.855983070000093, -1.806123509999964 ], [ 120.855985770000075, -1.806139809999934 ], [ 120.855987620000064, -1.80615094999996 ], [ 120.855988010000033, -1.806153259999974 ], [ 120.855991050000057, -1.806171599999971 ], [ 120.855996080000068, -1.806201889999954 ], [ 120.856001150000111, -1.806232359999967 ], [ 120.856002830000079, -1.806242489999931 ], [ 120.856003650000048, -1.806247419999977 ], [ 120.856004480000024, -1.806252419999964 ], [ 120.856008380000048, -1.806275889999938 ], [ 120.856012320000104, -1.806299629999955 ], [ 120.856014180000102, -1.806310829999973 ], [ 120.856017950000023, -1.806333489999929 ], [ 120.856018770000105, -1.806338429999926 ], [ 120.856020690000037, -1.80635000999996 ], [ 120.856023, -1.806363899999951 ], [ 120.856025030000069, -1.806376159999957 ], [ 120.856025340000087, -1.806377979999979 ], [ 120.856027180000069, -1.806389089999925 ], [ 120.85603054, -1.806409309999935 ], [ 120.856032750000054, -1.806422589999954 ], [ 120.856037210000068, -1.806449439999938 ], [ 120.856039510000073, -1.80646330999997 ], [ 120.856040460000031, -1.806469049999976 ], [ 120.856044080000061, -1.806490779999933 ], [ 120.856049320000011, -1.80652232999995 ], [ 120.856053400000064, -1.806546909999952 ], [ 120.856055180000112, -1.806557649999945 ], [ 120.856055610000112, -1.80656020999993 ], [ 120.856059450000089, -1.806583369999942 ], [ 120.856064610000089, -1.80661441999996 ], [ 120.85606684000004, -1.80662781999996 ], [ 120.856069120000029, -1.80664158999997 ], [ 120.856072180000069, -1.806659959999934 ], [ 120.856075770000075, -1.806681569999967 ], [ 120.856079890000046, -1.806706389999931 ], [ 120.856081670000094, -1.806717129999925 ], [ 120.856082380000089, -1.806721359999926 ], [ 120.856082660000084, -1.80672304999996 ], [ 120.856085840000105, -1.806742199999974 ], [ 120.856090830000085, -1.806772269999954 ], [ 120.856092470000021, -1.806782109999972 ], [ 120.856094140000096, -1.806792179999945 ], [ 120.856097960000056, -1.806815149999977 ], [ 120.856102690000057, -1.806843639999954 ], [ 120.856104, -1.806851539999968 ], [ 120.856105340000113, -1.806859569999972 ], [ 120.856108290000066, -1.806877389999954 ], [ 120.856113730000061, -1.806910109999933 ], [ 120.856117600000061, -1.80693341999995 ], [ 120.856118230000106, -1.806937209999944 ], [ 120.856119180000064, -1.806942889999959 ], [ 120.856119570000033, -1.806945269999972 ], [ 120.856122470000059, -1.806962709999937 ], [ 120.856131050000045, -1.807014359999926 ], [ 120.856131490000053, -1.807017019999932 ], [ 120.856132160000016, -1.807021089999978 ], [ 120.856138350000037, -1.807058349999977 ], [ 120.856144450000102, -1.807095059999938 ], [ 120.85614608000003, -1.80710487999994 ], [ 120.856146880000097, -1.807109659999981 ], [ 120.856152230000021, -1.807141859999945 ], [ 120.856159580000053, -1.807186129999934 ], [ 120.856160780000096, -1.807193379999944 ], [ 120.856164520000107, -1.807215879999944 ], [ 120.856173880000028, -1.807272219999959 ], [ 120.856180390000077, -1.807311389999938 ], [ 120.856181830000082, -1.807320069999946 ], [ 120.85618374, -1.807331599999941 ], [ 120.856184330000019, -1.80733510999994 ], [ 120.856189350000022, -1.807365369999957 ], [ 120.856197060000113, -1.807411779999939 ], [ 120.85620495, -1.807459239999957 ], [ 120.856206540000017, -1.807468829999948 ], [ 120.856207650000101, -1.807475539999928 ], [ 120.856208830000014, -1.807482619999973 ], [ 120.85621229000003, -1.807503419999932 ], [ 120.856220520000079, -1.807553009999936 ], [ 120.856228110000075, -1.807598689999963 ], [ 120.856231650000041, -1.80762 ], [ 120.856232810000051, -1.807626939999977 ], [ 120.856238090000033, -1.807658759999924 ], [ 120.856242680000037, -1.807686359999934 ], [ 120.856244810000021, -1.807699229999969 ], [ 120.856245300000069, -1.807702189999929 ], [ 120.856245970000032, -1.80770616999996 ], [ 120.85624598000004, -1.807706289999942 ], [ 120.856249060000096, -1.807724819999976 ], [ 120.856255580000038, -1.807764059999954 ], [ 120.856258300000036, -1.80778042999998 ], [ 120.856259500000078, -1.807787679999933 ], [ 120.856260580000026, -1.80779414999995 ], [ 120.856261090000089, -1.807797209999933 ], [ 120.85626314000001, -1.807809559999953 ], [ 120.856265620000045, -1.807824509999932 ], [ 120.856268540000087, -1.807842069999936 ], [ 120.856271690000085, -1.807861059999937 ], [ 120.856272940000053, -1.807868529999951 ], [ 120.856273650000048, -1.807872799999927 ], [ 120.856274210000038, -1.807876199999953 ], [ 120.856276210000033, -1.807888219999938 ], [ 120.856280030000107, -1.807911239999953 ], [ 120.856282840000063, -1.807928119999929 ], [ 120.856284440000081, -1.807937779999975 ], [ 120.856285390000039, -1.807943479999949 ], [ 120.856287740000084, -1.807957659999943 ], [ 120.856291530000021, -1.807980489999977 ], [ 120.856293880000067, -1.807994589999964 ], [ 120.856295050000085, -1.808001629999978 ], [ 120.856295440000054, -1.808004039999958 ], [ 120.856296050000083, -1.808007669999938 ], [ 120.856298450000054, -1.80802209999996 ], [ 120.856303870000033, -1.808054769999956 ], [ 120.856305190000057, -1.808062719999953 ], [ 120.856306320000044, -1.808069519999947 ], [ 120.856308310000031, -1.808081459999926 ], [ 120.856312160000016, -1.808104649999962 ], [ 120.856315990000098, -1.808127679999927 ], [ 120.85631821000004, -1.808141079999928 ], [ 120.856318660000056, -1.808143789999974 ], [ 120.856319900000017, -1.808151259999931 ], [ 120.856321870000102, -1.808163119999961 ], [ 120.856325720000086, -1.808186299999932 ], [ 120.856329650000021, -1.808209949999934 ], [ 120.856332260000045, -1.808225639999932 ], [ 120.856332550000047, -1.808227389999956 ], [ 120.856332970000039, -1.808229929999925 ], [ 120.856334880000077, -1.808241439999961 ], [ 120.856338750000077, -1.808264749999978 ], [ 120.856341390000011, -1.808280639999964 ], [ 120.856341950000115, -1.808283979999942 ], [ 120.856344090000107, -1.808296889999951 ], [ 120.856344630000081, -1.808300129999964 ], [ 120.856345360000091, -1.808304509999971 ], [ 120.856348870000033, -1.808325629999956 ], [ 120.856350980000116, -1.808338349999929 ], [ 120.856352730000026, -1.80834890999995 ], [ 120.856353750000039, -1.808355019999965 ], [ 120.85635410000009, -1.808355629999937 ], [ 120.856355710000116, -1.808358399999975 ], [ 120.856359800000064, -1.808365459999948 ], [ 120.856363400000077, -1.80837164999997 ], [ 120.856368610000118, -1.80838061999998 ], [ 120.856377370000018, -1.808395719999965 ], [ 120.856380150000064, -1.808400499999948 ], [ 120.856391150000036, -1.808419449999974 ], [ 120.856393300000036, -1.808423159999961 ], [ 120.856409130000088, -1.808450449999953 ], [ 120.856449160000011, -1.808519419999925 ], [ 120.856470250000029, -1.808555759999933 ], [ 120.856494710000106, -1.808597909999946 ], [ 120.856506320000108, -1.808617909999953 ], [ 120.856513770000106, -1.808630749999963 ], [ 120.856519580000054, -1.808640749999938 ], [ 120.856535050000048, -1.808667409999941 ], [ 120.856549250000057, -1.808691879999969 ], [ 120.856561690000035, -1.808713329999932 ], [ 120.856565520000117, -1.808719929999938 ], [ 120.856569150000041, -1.808726179999951 ], [ 120.856579990000114, -1.808744849999925 ], [ 120.856605970000032, -1.808789629999978 ], [ 120.856622350000066, -1.808817839999961 ], [ 120.856631350000043, -1.808833359999937 ], [ 120.85663347000002, -1.808837 ], [ 120.856640740000103, -1.808849529999975 ], [ 120.85664392000001, -1.808855009999945 ], [ 120.856649020000077, -1.808863809999934 ], [ 120.856664300000034, -1.808890129999952 ], [ 120.856681250000065, -1.808919329999981 ], [ 120.856689760000108, -1.808934 ], [ 120.856697040000086, -1.808946539999965 ], [ 120.85670253, -1.808956 ], [ 120.85670524000011, -1.808960669999976 ], [ 120.856711750000045, -1.80897189999996 ], [ 120.856721550000088, -1.808988769999928 ], [ 120.856751480000071, -1.809040349999975 ], [ 120.856765000000109, -1.809063649999928 ], [ 120.856777060000013, -1.809084419999976 ], [ 120.856782260000045, -1.80909338999993 ], [ 120.856787040000086, -1.809101619999979 ], [ 120.856803290000016, -1.809129629999973 ], [ 120.856825980000053, -1.809168719999946 ], [ 120.856839570000034, -1.809192129999929 ], [ 120.856845870000029, -1.809203 ], [ 120.856855870000118, -1.809220219999929 ], [ 120.856868300000087, -1.809241649999933 ], [ 120.856882460000065, -1.809266039999955 ], [ 120.85689552000008, -1.809288539999955 ], [ 120.856910810000045, -1.809314879999931 ], [ 120.85691638000003, -1.80932447999993 ], [ 120.856919630000107, -1.809330079999938 ], [ 120.856920470000091, -1.809331529999952 ], [ 120.856925150000052, -1.80933959999993 ], [ 120.856932970000116, -1.809353069999929 ], [ 120.856942680000088, -1.809369799999956 ], [ 120.856948710000097, -1.809380199999964 ], [ 120.856954270000074, -1.809389769999939 ], [ 120.856957470000111, -1.809395289999941 ], [ 120.856965040000091, -1.809408339999948 ], [ 120.856981030000043, -1.809435879999967 ], [ 120.856991870000115, -1.809454559999949 ], [ 120.856998570000087, -1.809466099999952 ], [ 120.857013470000084, -1.809491779999973 ], [ 120.857019060000084, -1.809501419999947 ], [ 120.857024660000093, -1.809511059999977 ], [ 120.85703315, -1.809525699999938 ], [ 120.857048740000096, -1.809552559999929 ], [ 120.857056680000028, -1.809566239999924 ], [ 120.857076980000102, -1.809601219999934 ], [ 120.857082300000116, -1.809610379999924 ], [ 120.85708417, -1.809613599999977 ], [ 120.857092990000069, -1.809628799999928 ], [ 120.857108860000039, -1.809656149999967 ], [ 120.857118750000041, -1.809673189999955 ], [ 120.85712632000002, -1.809686229999954 ], [ 120.857128060000036, -1.809689229999947 ], [ 120.857136530000048, -1.809703829999933 ], [ 120.857142920000115, -1.80971483999997 ], [ 120.857155750000061, -1.809736939999937 ], [ 120.857170450000012, -1.809762279999973 ], [ 120.8571778700001, -1.809775049999928 ], [ 120.857180350000021, -1.809779339999977 ], [ 120.857190050000099, -1.809796049999932 ], [ 120.857207380000091, -1.809825909999972 ], [ 120.857228380000038, -1.809862089999967 ], [ 120.857239080000113, -1.80988052999993 ], [ 120.8572427900001, -1.809886929999948 ], [ 120.857245530000114, -1.809891639999933 ], [ 120.857248800000093, -1.809897269999965 ], [ 120.857259410000097, -1.809915559999979 ], [ 120.85727957000006, -1.809950299999969 ], [ 120.857296250000104, -1.809979029999965 ], [ 120.857310910000024, -1.810004299999946 ], [ 120.857313800000043, -1.810009279999974 ], [ 120.857316790000027, -1.810014419999959 ], [ 120.857327400000031, -1.810032699999965 ], [ 120.85734578000006, -1.810064379999972 ], [ 120.857363220000025, -1.810094419999928 ], [ 120.85737714000004, -1.810118419999981 ], [ 120.857383360000085, -1.810129139999958 ], [ 120.857386680000104, -1.810134859999948 ], [ 120.857397100000071, -1.810152809999977 ], [ 120.857410290000075, -1.810175539999932 ], [ 120.857412880000084, -1.810179989999938 ], [ 120.857415660000015, -1.810184779999929 ], [ 120.857422540000016, -1.81019662999995 ], [ 120.857433620000052, -1.810215729999925 ], [ 120.857442170000013, -1.810230469999965 ], [ 120.857448580000096, -1.810241509999969 ], [ 120.857451150000088, -1.810245939999959 ], [ 120.857452110000054, -1.81024758999996 ], [ 120.857457990000057, -1.810257719999925 ], [ 120.857474340000067, -1.81028589999994 ], [ 120.857480910000049, -1.810297219999939 ], [ 120.857484340000042, -1.810303129999966 ], [ 120.857485430000111, -1.810305 ], [ 120.857488610000019, -1.810310479999941 ], [ 120.857494750000114, -1.810321059999978 ], [ 120.857506900000089, -1.810342 ], [ 120.857515470000067, -1.810356769999942 ], [ 120.857518910000067, -1.810362699999928 ], [ 120.857522500000073, -1.81036888999995 ], [ 120.85752401000002, -1.810371489999966 ], [ 120.857528190000039, -1.810378679999928 ], [ 120.857539380000048, -1.81039796999994 ], [ 120.857545930000015, -1.810409249999964 ], [ 120.857553980000034, -1.810423129999947 ], [ 120.857556910000085, -1.810428169999966 ], [ 120.857557720000045, -1.81042956999994 ], [ 120.85756501000003, -1.810442129999956 ], [ 120.857576000000108, -1.810461069999974 ], [ 120.857586260000062, -1.810478749999959 ], [ 120.857589970000049, -1.810485129999961 ], [ 120.857591170000092, -1.810487199999955 ], [ 120.85759366000002, -1.810491489999947 ], [ 120.857600860000048, -1.810503899999958 ], [ 120.857619390000082, -1.810535829999935 ], [ 120.857628290000093, -1.810551159999932 ], [ 120.857631840000067, -1.810557279999955 ], [ 120.857633920000012, -1.810560869999961 ], [ 120.857642, -1.810574799999927 ], [ 120.857657830000107, -1.810602059999951 ], [ 120.857666240000071, -1.810616559999971 ], [ 120.857667930000048, -1.810619469999949 ], [ 120.857676560000073, -1.810634339999979 ], [ 120.857688260000032, -1.810654499999941 ], [ 120.857699290000028, -1.810673509999958 ], [ 120.857701820000102, -1.810677859999942 ], [ 120.85770634000005, -1.810685649999925 ], [ 120.857708100000082, -1.810688689999949 ], [ 120.857716900000014, -1.810703849999925 ], [ 120.857732050000095, -1.810729949999939 ], [ 120.857741580000038, -1.810746369999947 ], [ 120.857745630000068, -1.81075334999997 ], [ 120.857746580000025, -1.810755 ], [ 120.857748560000118, -1.810758409999949 ], [ 120.857757030000016, -1.810773 ], [ 120.857770960000039, -1.810797 ], [ 120.857781390000014, -1.810814969999967 ], [ 120.85778511, -1.810821369999928 ], [ 120.85778667000011, -1.810824059999959 ], [ 120.857788460000052, -1.810827149999966 ], [ 120.857790590000036, -1.810830829999929 ], [ 120.857801310000013, -1.810849299999973 ], [ 120.857813150000084, -1.810869699999955 ], [ 120.857818910000105, -1.81087961999998 ], [ 120.857821820000026, -1.810884639999927 ], [ 120.857823430000053, -1.810887409999964 ], [ 120.857829960000117, -1.810898669999972 ], [ 120.857844680000085, -1.810924029999967 ], [ 120.85785447, -1.810940889999927 ], [ 120.857858800000031, -1.810948349999933 ], [ 120.857859880000092, -1.810950219999938 ], [ 120.857861060000118, -1.810952239999949 ], [ 120.857872910000083, -1.810972659999948 ], [ 120.857886980000103, -1.810996909999972 ], [ 120.857896080000046, -1.811012589999962 ], [ 120.857897820000062, -1.811015589999954 ], [ 120.857900670000049, -1.811020509999935 ], [ 120.857902460000105, -1.811023589999934 ], [ 120.85790613000006, -1.811029899999937 ], [ 120.857916920000093, -1.81104849999997 ], [ 120.857925920000071, -1.811064009999939 ], [ 120.85793243, -1.811075229999972 ], [ 120.857936290000112, -1.811081879999961 ], [ 120.85793745, -1.811083879999956 ], [ 120.85794288000011, -1.811093229999926 ], [ 120.857956870000066, -1.811117339999953 ], [ 120.857965690000015, -1.81113253999996 ], [ 120.857973740000034, -1.811146409999935 ], [ 120.857975060000058, -1.811148689999925 ], [ 120.85797690000004, -1.811151849999931 ], [ 120.857981530000075, -1.811159829999951 ], [ 120.857995230000029, -1.811183429999971 ], [ 120.858005240000011, -1.811200679999956 ], [ 120.858011330000068, -1.81121117999993 ], [ 120.858012330000065, -1.811212909999938 ], [ 120.858013970000115, -1.81121571999995 ], [ 120.858019150000018, -1.811224659999937 ], [ 120.858033120000073, -1.81124871999998 ], [ 120.858043830000042, -1.811267179999959 ], [ 120.858048080000117, -1.811274509999976 ], [ 120.858049530000017, -1.811277 ], [ 120.858056840000017, -1.811289589999944 ], [ 120.858073250000075, -1.811317869999925 ], [ 120.8580818800001, -1.811332739999955 ], [ 120.858084740000095, -1.811337679999951 ], [ 120.85808621000001, -1.811340199999961 ], [ 120.858087530000034, -1.811342469999943 ], [ 120.858096190000083, -1.811357389999955 ], [ 120.85811243, -1.811385379999933 ], [ 120.85812197000007, -1.811401819999958 ], [ 120.8581249, -1.811406859999977 ], [ 120.85812648000001, -1.811409589999926 ], [ 120.858128040000111, -1.811412289999964 ], [ 120.858136720000061, -1.811427229999936 ], [ 120.858150980000119, -1.811451809999937 ], [ 120.858160090000069, -1.811467509999943 ], [ 120.858163510000054, -1.811473389999946 ], [ 120.858170520000044, -1.81148546999998 ], [ 120.858185220000109, -1.811510809999959 ], [ 120.858197010000026, -1.811531119999927 ], [ 120.858200150000016, -1.811536529999955 ], [ 120.858200970000098, -1.811537939999937 ], [ 120.858203530000083, -1.811542359999976 ], [ 120.85821605000001, -1.811563919999969 ], [ 120.85822751, -1.811583679999956 ], [ 120.85823726000001, -1.811600479999925 ], [ 120.858238780000079, -1.811603089999949 ], [ 120.85824682000009, -1.811616939999965 ], [ 120.858258940000042, -1.811637829999938 ], [ 120.858268140000064, -1.811653679999949 ], [ 120.858273510000117, -1.811662939999962 ], [ 120.858275740000067, -1.811666779999939 ], [ 120.858277760000078, -1.811670259999971 ], [ 120.858291840000106, -1.811694509999938 ], [ 120.858304520000047, -1.811716359999934 ], [ 120.858313880000082, -1.81173248999994 ], [ 120.858315630000106, -1.811735509999949 ], [ 120.85831716000007, -1.811738139999932 ], [ 120.858319900000083, -1.811742869999932 ], [ 120.858329400000116, -1.811759239999958 ], [ 120.858343200000036, -1.811783009999942 ], [ 120.858351600000105, -1.811797479999939 ], [ 120.858354990000066, -1.811803339999926 ], [ 120.858356720000074, -1.811806309999952 ], [ 120.858358780000117, -1.811809859999926 ], [ 120.858374920000074, -1.811837669999932 ], [ 120.858392460000118, -1.811867889999974 ], [ 120.858394270000076, -1.811871019999955 ], [ 120.858397170000103, -1.811876009999935 ], [ 120.858407710000051, -1.81189416999996 ], [ 120.858425290000014, -1.811924479999959 ], [ 120.85843310000007, -1.811937919999934 ], [ 120.858436560000087, -1.811943889999952 ], [ 120.858438380000052, -1.811947009999926 ], [ 120.858449730000075, -1.811966579999932 ], [ 120.858470430000011, -1.81200223999997 ], [ 120.858474940000065, -1.812010019999946 ], [ 120.858476700000097, -1.812013039999954 ], [ 120.858485170000108, -1.81202763999994 ], [ 120.858501430000047, -1.812055659999942 ], [ 120.85850611, -1.812063719999969 ], [ 120.8585089500001, -1.812068619999934 ], [ 120.858518840000102, -1.81208565999998 ], [ 120.85853781000003, -1.812118349999935 ], [ 120.858540560000051, -1.812123079999935 ], [ 120.858543600000075, -1.81212832999995 ], [ 120.858552640000084, -1.812143899999967 ], [ 120.858568240000068, -1.812170779999974 ], [ 120.858574610000119, -1.81218175999993 ], [ 120.85857972000008, -1.812190549999968 ], [ 120.858582970000043, -1.812196159999928 ], [ 120.858592360000102, -1.812212349999925 ], [ 120.858605920000059, -1.812235699999974 ], [ 120.858613520000063, -1.812248789999956 ], [ 120.858615540000073, -1.812252279999939 ], [ 120.858626280000067, -1.812270789999957 ], [ 120.85864068, -1.81229559999997 ], [ 120.858646220000082, -1.812305139999978 ], [ 120.85864894000008, -1.812309819999939 ], [ 120.858661440000105, -1.812331369999924 ], [ 120.85867539000003, -1.812355409999952 ], [ 120.858679460000076, -1.812362419999943 ], [ 120.858681530000013, -1.812365979999925 ], [ 120.858689180000056, -1.812379169999929 ], [ 120.85870503000001, -1.812406479999936 ], [ 120.858714150000083, -1.812422199999958 ], [ 120.858717470000101, -1.812427919999948 ], [ 120.858721490000107, -1.812434829999972 ], [ 120.858722790000115, -1.812437089999946 ], [ 120.85873211, -1.812453139999946 ], [ 120.858751340000026, -1.812486269999965 ], [ 120.858760170000096, -1.81250147999998 ], [ 120.858763980000049, -1.812508049999963 ], [ 120.858765340000105, -1.812510399999951 ], [ 120.858780040000056, -1.81253573999993 ], [ 120.858795730000111, -1.812562769999943 ], [ 120.858804710000072, -1.812578229999929 ], [ 120.858806500000014, -1.812581319999936 ], [ 120.858816060000095, -1.812597789999927 ], [ 120.85882842, -1.812619089999941 ], [ 120.8588408600001, -1.812640529999953 ], [ 120.858844140000087, -1.812646179999945 ], [ 120.858846020000101, -1.812649419999957 ], [ 120.858846990000075, -1.812651079999966 ], [ 120.858854460000089, -1.812663949999944 ], [ 120.85886658000004, -1.812684849999926 ], [ 120.858877760000041, -1.812704099999962 ], [ 120.858879090000073, -1.812706399999968 ], [ 120.8588824200001, -1.812712139999974 ], [ 120.858883750000018, -1.812714439999979 ], [ 120.85889219, -1.812728979999974 ], [ 120.858904420000044, -1.812750049999977 ], [ 120.858914600000048, -1.812767589999964 ], [ 120.858922270000107, -1.812780799999928 ], [ 120.858923790000063, -1.81278341999996 ], [ 120.858925840000097, -1.812786949999975 ], [ 120.858937560000072, -1.812807139999961 ], [ 120.858950980000031, -1.812830269999949 ], [ 120.858957510000096, -1.812841519999949 ], [ 120.85896, -1.812845809999942 ], [ 120.858961550000117, -1.812848489999965 ], [ 120.858964130000118, -1.812852929999963 ], [ 120.858964670000091, -1.812853859999962 ], [ 120.858974470000021, -1.812877499999956 ], [ 120.858992090000015, -1.812919989999955 ], [ 120.859003230000098, -1.812946849999946 ], [ 120.859097160000033, -1.813173409999933 ], [ 120.859340510000038, -1.813760309999964 ], [ 120.859453010000038, -1.814031639999939 ], [ 120.859458910000058, -1.814045859999965 ], [ 120.859514980000085, -1.814181089999977 ], [ 120.859593430000018, -1.814370309999958 ], [ 120.85960802000011, -1.814405509999972 ], [ 120.859615690000055, -1.814423989999966 ], [ 120.859632350000084, -1.814464169999951 ], [ 120.859659160000092, -1.81452883999998 ], [ 120.85966464, -1.814542049999943 ], [ 120.85966923, -1.814553119999971 ], [ 120.859680430000026, -1.814580139999975 ], [ 120.859707030000095, -1.814644289999933 ], [ 120.859720540000012, -1.814676859999963 ], [ 120.859723790000089, -1.81468469999993 ], [ 120.859725680000111, -1.814689259999966 ], [ 120.859733140000117, -1.814707269999928 ], [ 120.859739990000094, -1.81472378999996 ], [ 120.859742020000112, -1.814728669999965 ], [ 120.859742680000068, -1.814730269999927 ], [ 120.859743460000118, -1.814732149999941 ], [ 120.859745650000036, -1.814737439999931 ], [ 120.859747920000018, -1.81474290999995 ], [ 120.8597500300001, -1.814748 ], [ 120.859750640000016, -1.814749459999973 ], [ 120.859751090000032, -1.814750539999977 ], [ 120.859753200000114, -1.81475563999993 ], [ 120.859757210000112, -1.814765299999976 ], [ 120.859759780000104, -1.814771519999965 ], [ 120.859761350000099, -1.814775289999943 ], [ 120.859761830000025, -1.814776449999954 ], [ 120.859762300000057, -1.814777589999949 ], [ 120.85976388000006, -1.814781399999958 ], [ 120.859767550000015, -1.814790259999938 ], [ 120.859769940000092, -1.814796029999968 ], [ 120.85977141, -1.814799559999926 ], [ 120.859771880000039, -1.81480068999997 ], [ 120.859772070000076, -1.814801149999937 ], [ 120.859772250000105, -1.814801599999953 ], [ 120.859772900000053, -1.81480315999994 ], [ 120.859773720000021, -1.81480511999996 ], [ 120.859774700000116, -1.814807499999972 ], [ 120.859775650000074, -1.814809779999962 ], [ 120.859776090000082, -1.81481083999995 ], [ 120.859776410000109, -1.814811609999936 ], [ 120.85977648000005, -1.814811799999973 ], [ 120.859777080000072, -1.81481322999997 ], [ 120.859778060000053, -1.814815599999974 ], [ 120.859778630000051, -1.814816969999924 ], [ 120.85977886, -1.814817539999979 ], [ 120.859779220000064, -1.814818379999963 ], [ 120.859780350000051, -1.814821129999928 ], [ 120.859781140000109, -1.814823029999957 ], [ 120.85978173, -1.814824459999954 ], [ 120.859783230000062, -1.814828059999968 ], [ 120.859784660000059, -1.814831519999927 ], [ 120.860273370000073, -1.816010189999929 ], [ 120.860442820000117, -1.816487089999953 ], [ 120.860442830000011, -1.816487139999936 ], [ 120.860621010000045, -1.816988599999945 ], [ 120.860901090000084, -1.817700789999947 ], [ 120.860918230000038, -1.817744379999965 ], [ 120.860943500000076, -1.817808619999937 ], [ 120.861081950000084, -1.818160679999949 ], [ 120.86117997000008, -1.818409919999965 ], [ 120.861236930000018, -1.818554769999935 ], [ 120.861290870000062, -1.818691929999943 ], [ 120.861293530000012, -1.818698679999954 ], [ 120.861295940000105, -1.818704819999937 ], [ 120.861297780000086, -1.818709489999947 ], [ 120.861299700000018, -1.81871437999996 ], [ 120.861302, -1.818720219999932 ], [ 120.861315650000051, -1.818754939999963 ], [ 120.861828570000057, -1.820880259999967 ], [ 120.861829310000076, -1.820883339999966 ], [ 120.86183015000006, -1.820886819999942 ], [ 120.861831620000089, -1.820892899999933 ], [ 120.861832790000108, -1.820897779999939 ], [ 120.861833010000055, -1.820898679999971 ], [ 120.861833760000081, -1.820901779999929 ], [ 120.861835480000082, -1.820908929999973 ], [ 120.861837190000074, -1.820916 ], [ 120.861837470000069, -1.820917159999965 ], [ 120.861837710000032, -1.820918159999962 ], [ 120.861838980000016, -1.820923409999978 ], [ 120.861839170000053, -1.82092420999993 ], [ 120.86183931000005, -1.820924779999928 ], [ 120.861839380000106, -1.82092506999993 ], [ 120.861839660000101, -1.820926239999949 ], [ 120.861840450000045, -1.820929519999936 ], [ 120.861841620000064, -1.820934369999975 ], [ 120.861842630000069, -1.820938549999937 ], [ 120.861843580000027, -1.820942499999944 ], [ 120.861844360000077, -1.820945699999925 ], [ 120.861844800000085, -1.820947539999963 ], [ 120.861845180000046, -1.820949129999974 ], [ 120.86184521000007, -1.82094922999994 ], [ 120.861845750000043, -1.820951469999954 ], [ 120.861846040000046, -1.820952689999956 ], [ 120.861846830000104, -1.820955939999976 ], [ 120.861847600000033, -1.820959159999973 ], [ 120.861848950000081, -1.820964719999949 ], [ 120.861850160000017, -1.820969759999969 ], [ 120.86185123000007, -1.820974209999974 ], [ 120.861851680000086, -1.820976039999948 ], [ 120.861851980000097, -1.820977309999932 ], [ 120.861852240000076, -1.82097835999997 ], [ 120.861853040000028, -1.820981709999955 ], [ 120.86185459, -1.820988119999924 ], [ 120.86185609000006, -1.820994349999978 ], [ 120.861857840000084, -1.821001569999964 ], [ 120.861858670000061, -1.821005029999981 ], [ 120.861859930000037, -1.82101025999998 ], [ 120.861860070000034, -1.821010839999929 ], [ 120.861860430000092, -1.82101229999995 ], [ 120.861860830000069, -1.821013959999959 ], [ 120.86186233, -1.821020199999964 ], [ 120.861864380000043, -1.821028679999927 ], [ 120.861866140000075, -1.821035969999969 ], [ 120.861867190000112, -1.821040309999944 ], [ 120.86186753000004, -1.821041719999926 ], [ 120.861868030000096, -1.821043799999927 ], [ 120.861868280000067, -1.821044839999956 ], [ 120.861869190000107, -1.821048639999958 ], [ 120.861872610000091, -1.821062779999977 ], [ 120.861874810000018, -1.821071899999936 ], [ 120.8618760600001, -1.821077079999952 ], [ 120.861876200000097, -1.821077659999958 ], [ 120.861876410000036, -1.821078549999925 ], [ 120.861877310000068, -1.821082279999928 ], [ 120.861880860000042, -1.821096979999936 ], [ 120.861882850000029, -1.821105219999936 ], [ 120.861884480000072, -1.821111989999963 ], [ 120.861884860000032, -1.821113539999942 ], [ 120.861885050000069, -1.821114349999959 ], [ 120.86188621000008, -1.821119169999974 ], [ 120.861889350000069, -1.821132149999926 ], [ 120.861891260000107, -1.821140059999948 ], [ 120.861892540000099, -1.821145369999954 ], [ 120.861892930000067, -1.82114697999998 ], [ 120.861893620000046, -1.821149869999942 ], [ 120.861896390000084, -1.821161329999939 ], [ 120.861898220000057, -1.821168929999942 ], [ 120.861900320000018, -1.821177599999942 ], [ 120.861900770000034, -1.821179479999955 ], [ 120.86190117000001, -1.821181149999973 ], [ 120.861901970000076, -1.821184469999935 ], [ 120.86190489, -1.821196569999927 ], [ 120.861907460000111, -1.821207209999955 ], [ 120.861908700000072, -1.82121232999998 ], [ 120.86190922000003, -1.821214509999947 ], [ 120.861909410000067, -1.821215279999933 ], [ 120.861910320000106, -1.821219069999927 ], [ 120.861913420000064, -1.821231909999938 ], [ 120.861915550000049, -1.821240749999959 ], [ 120.861917120000044, -1.821247239999934 ], [ 120.861917890000086, -1.82125039999994 ], [ 120.861918600000081, -1.821253359999957 ], [ 120.861921170000073, -1.821264029999952 ], [ 120.861923680000018, -1.82127442999996 ], [ 120.861925280000037, -1.821281039999974 ], [ 120.861925890000066, -1.821283559999927 ], [ 120.861926070000095, -1.821284299999945 ], [ 120.861927, -1.821288189999962 ], [ 120.861930010000037, -1.821300649999955 ], [ 120.861932380000098, -1.821310439999934 ], [ 120.861933770000064, -1.821316209999964 ], [ 120.861933950000093, -1.821316959999933 ], [ 120.861934410000117, -1.821318869999971 ], [ 120.861935910000057, -1.821325109999975 ], [ 120.861939420000112, -1.821339629999954 ], [ 120.861941120000097, -1.821346669999969 ], [ 120.861941770000044, -1.821349379999958 ], [ 120.861942060000047, -1.821350579999944 ], [ 120.861944050000034, -1.821358809999936 ], [ 120.861947140000098, -1.821371629999931 ], [ 120.86194923000005, -1.821380289999979 ], [ 120.861950240000056, -1.821384479999949 ], [ 120.861950510000042, -1.821385569999961 ], [ 120.861950930000035, -1.821387349999952 ], [ 120.861952860000088, -1.821395349999932 ], [ 120.861956410000062, -1.821410039999932 ], [ 120.861958400000049, -1.821418299999948 ], [ 120.861959410000054, -1.821422469999959 ], [ 120.861959790000014, -1.821424039999954 ], [ 120.861961, -1.821429049999949 ], [ 120.861964860000057, -1.821445069999925 ], [ 120.861967070000105, -1.821454209999956 ], [ 120.861967640000103, -1.82145657999996 ], [ 120.861968140000045, -1.821458639999946 ], [ 120.861969050000084, -1.821462399999973 ], [ 120.861972800000103, -1.821477929999958 ], [ 120.861976350000077, -1.821492649999925 ], [ 120.861976540000114, -1.821493449999934 ], [ 120.861980540000104, -1.821510019999948 ], [ 120.861984050000046, -1.821524559999943 ], [ 120.86198502000002, -1.821528579999949 ], [ 120.861985270000105, -1.821529599999963 ], [ 120.861988520000068, -1.821543079999969 ], [ 120.861993270000085, -1.821562769999957 ], [ 120.86199423000005, -1.821566749999931 ], [ 120.861998480000011, -1.821584349999966 ], [ 120.862002370000027, -1.821600449999949 ], [ 120.862002830000051, -1.821602399999961 ], [ 120.86200335, -1.821604529999945 ], [ 120.862013360000105, -1.821646029999954 ], [ 120.862017270000024, -1.821662199999935 ], [ 120.862018230000103, -1.821666169999958 ], [ 120.862024720000022, -1.821693059999973 ], [ 120.862031340000044, -1.821720519999928 ], [ 120.86203230000001, -1.821724499999959 ], [ 120.862038110000071, -1.821748579999962 ], [ 120.862039130000085, -1.82175277999994 ], [ 120.862049410000054, -1.821795399999928 ], [ 120.862064800000098, -1.821859159999974 ], [ 120.862071900000046, -1.821888569999942 ], [ 120.862075160000018, -1.821902069999965 ], [ 120.862076990000105, -1.821909649999952 ], [ 120.862083020000114, -1.821934649999946 ], [ 120.862104320000071, -1.82202290999993 ], [ 120.862114940000083, -1.822066939999957 ], [ 120.86211886000001, -1.822083169999928 ], [ 120.862121190000039, -1.822092829999974 ], [ 120.8621434800001, -1.822185189999971 ], [ 120.862171250000074, -1.822300249999955 ], [ 120.862175230000048, -1.822316739999962 ], [ 120.862189560000047, -1.82234133999998 ], [ 120.862199230000101, -1.822357949999969 ], [ 120.86220620000006, -1.822369909999964 ], [ 120.862323680000031, -1.82257156999998 ], [ 120.86254370000006, -1.822949279999932 ], [ 120.8626592600001, -1.823147659999961 ], [ 120.862665090000064, -1.823157659999936 ], [ 120.862681440000074, -1.823185739999929 ], [ 120.862687510000114, -1.82319253999998 ], [ 120.862732480000091, -1.82324288999996 ], [ 120.862769100000037, -1.823283889999971 ], [ 120.862772870000072, -1.823288109999964 ], [ 120.862865570000054, -1.823391909999941 ], [ 120.862879980000116, -1.823408059999963 ], [ 120.86292117000005, -1.823454169999934 ], [ 120.862996980000048, -1.823539059999973 ], [ 120.863032140000087, -1.823578429999941 ], [ 120.863035100000047, -1.823581739999952 ], [ 120.863041820000035, -1.823595239999975 ], [ 120.863044460000083, -1.823600559999932 ], [ 120.863052230000108, -1.82361616999998 ], [ 120.86306108000008, -1.823633959999938 ], [ 120.863063880000027, -1.823639599999979 ], [ 120.863065150000011, -1.823642149999955 ], [ 120.863071320000017, -1.82365453999995 ], [ 120.863087170000085, -1.823686409999937 ], [ 120.863099760000068, -1.823711719999949 ], [ 120.863111060000051, -1.823734429999945 ], [ 120.863113460000022, -1.82373924999996 ], [ 120.863121760000013, -1.82375591999994 ], [ 120.863144470000066, -1.823801579999952 ], [ 120.86315675000003, -1.823826249999968 ], [ 120.863158120000094, -1.823829019999948 ], [ 120.863164380000057, -1.823841589999972 ], [ 120.863178680000033, -1.823870329999977 ], [ 120.863193010000032, -1.82389913999998 ], [ 120.86320029, -1.823913769999933 ], [ 120.863205700000094, -1.823924659999932 ], [ 120.863207030000012, -1.823927329999947 ], [ 120.863218560000064, -1.823950499999967 ], [ 120.863240630000064, -1.823994869999979 ], [ 120.863249660000065, -1.824013009999931 ], [ 120.863254660000052, -1.824023049999937 ], [ 120.863256800000045, -1.824027359999945 ], [ 120.863263, -1.824039829999947 ], [ 120.863284960000101, -1.824083959999939 ], [ 120.863291130000107, -1.824096379999958 ], [ 120.86329808000005, -1.824110339999947 ], [ 120.863303430000087, -1.824121089999949 ], [ 120.863317340000094, -1.824149059999968 ], [ 120.863328230000093, -1.824170939999931 ], [ 120.863335580000012, -1.824185719999946 ], [ 120.863336790000062, -1.824188139999933 ], [ 120.863339520000068, -1.824193639999976 ], [ 120.863349040000116, -1.824212769999974 ], [ 120.863362850000044, -1.82424052999994 ], [ 120.863373050000064, -1.824261029999946 ], [ 120.863381660000073, -1.82427832999997 ], [ 120.863385710000102, -1.824286469999947 ], [ 120.863402840000049, -1.824320919999934 ], [ 120.863411190000079, -1.824337689999936 ], [ 120.863414300000045, -1.824343939999949 ], [ 120.86341858000003, -1.824352549999958 ], [ 120.863424200000054, -1.824363839999933 ], [ 120.8634347200001, -1.824385 ], [ 120.863442150000083, -1.824399909999954 ], [ 120.863444930000014, -1.824405509999963 ], [ 120.863445870000078, -1.824407389999976 ], [ 120.863447280000059, -1.824410239999963 ], [ 120.8634529200001, -1.824421579999978 ], [ 120.863468420000117, -1.824452729999962 ], [ 120.863478090000058, -1.824472169999979 ], [ 120.863481790000037, -1.824479599999961 ], [ 120.863483940000037, -1.824483929999928 ], [ 120.863490830000046, -1.824497779999945 ], [ 120.863498170000071, -1.824512529999936 ], [ 120.863499360000105, -1.824514919999956 ], [ 120.863507190000064, -1.824530649999929 ], [ 120.86352209000006, -1.824560599999927 ], [ 120.863527, -1.824570489999928 ], [ 120.863530710000077, -1.824577919999967 ], [ 120.863533800000027, -1.824584149999964 ], [ 120.863544440000055, -1.824605529999928 ], [ 120.863553540000112, -1.82462382999995 ], [ 120.863559230000078, -1.82463525999998 ], [ 120.863561300000015, -1.824639419999926 ], [ 120.863562930000057, -1.824642689999962 ], [ 120.863575180000112, -1.824667329999954 ], [ 120.863584590000073, -1.824686239999949 ], [ 120.863592250000011, -1.824701619999928 ], [ 120.863596520000101, -1.82471019999997 ], [ 120.863597360000085, -1.824711909999962 ], [ 120.863598350000075, -1.824713899999949 ], [ 120.863605340000049, -1.824727939999946 ], [ 120.86360860000002, -1.824734489999969 ], [ 120.863620690000062, -1.824758789999976 ], [ 120.863626600000089, -1.824770679999972 ], [ 120.86363067000002, -1.824778849999973 ], [ 120.863631380000015, -1.824780269999962 ], [ 120.863632430000052, -1.824782399999947 ], [ 120.863639600000056, -1.824796799999945 ], [ 120.863651770000047, -1.824821269999973 ], [ 120.863659310000116, -1.82483641999994 ], [ 120.86366548, -1.824848819999943 ], [ 120.863667610000107, -1.824853099999928 ], [ 120.863668550000057, -1.824855 ], [ 120.863677080000116, -1.824872139999968 ], [ 120.863690480000059, -1.824899069999958 ], [ 120.863698210000052, -1.824914619999959 ], [ 120.863702020000119, -1.824922269999945 ], [ 120.86370403, -1.824926309999967 ], [ 120.863717040000097, -1.824952459999963 ], [ 120.863729240000112, -1.824976979999974 ], [ 120.86373629000002, -1.824991159999968 ], [ 120.863740390000089, -1.824999389999959 ], [ 120.863741470000036, -1.825001559999976 ], [ 120.863745870000116, -1.825010419999956 ], [ 120.863758130000065, -1.825035059999948 ], [ 120.863766040000087, -1.825050949999934 ], [ 120.863774830000011, -1.82506860999996 ], [ 120.863775710000027, -1.825070379999943 ], [ 120.863776700000017, -1.82507236999993 ], [ 120.863790270000095, -1.825099659999978 ], [ 120.863802640000017, -1.825124529999925 ], [ 120.863810810000018, -1.825140929999975 ], [ 120.8638118, -1.825142919999962 ], [ 120.863813620000087, -1.825146589999974 ], [ 120.863814970000021, -1.825149309999972 ], [ 120.863824370000088, -1.825168189999943 ], [ 120.863835490000042, -1.825190549999945 ], [ 120.863842150000096, -1.825203919999979 ], [ 120.863845670000046, -1.825211009999975 ], [ 120.863847760000112, -1.825215219999961 ], [ 120.863853610000092, -1.825226959999952 ], [ 120.863864700000022, -1.825249259999964 ], [ 120.86387357000001, -1.825267099999962 ], [ 120.863876130000108, -1.825272229999939 ], [ 120.863877980000098, -1.825275949999934 ], [ 120.86388020000004, -1.825280409999948 ], [ 120.863888270000075, -1.825296639999976 ], [ 120.863899200000105, -1.825318599999946 ], [ 120.863908980000019, -1.825338269999975 ], [ 120.863911820000112, -1.825343969999949 ], [ 120.86391320000007, -1.825346749999937 ], [ 120.863916880000033, -1.825354149999953 ], [ 120.863929880000114, -1.825380279999933 ], [ 120.863941430000068, -1.825403489999928 ], [ 120.863944010000068, -1.825408679999953 ], [ 120.863945270000045, -1.825411199999962 ], [ 120.863947440000061, -1.825415579999969 ], [ 120.863952350000091, -1.825425429999939 ], [ 120.863965630000052, -1.825452129999974 ], [ 120.863974390000067, -1.82546973999996 ], [ 120.863977460000115, -1.825475909999966 ], [ 120.863979590000099, -1.825480189999951 ], [ 120.863980490000017, -1.825482 ], [ 120.863989830000037, -1.82550077999997 ], [ 120.864004880000039, -1.825531019999971 ], [ 120.864013360000058, -1.82554805999996 ], [ 120.86401611000008, -1.82555358999997 ], [ 120.864017890000014, -1.825557179999976 ], [ 120.864027720000081, -1.825576919999946 ], [ 120.864040940000109, -1.825603509999951 ], [ 120.864048650000086, -1.825619 ], [ 120.86405220000006, -1.82562613999994 ], [ 120.864054070000066, -1.825629909999975 ], [ 120.864054620000047, -1.825631 ], [ 120.864060970000082, -1.825643769999942 ], [ 120.864071880000097, -1.825665689999937 ], [ 120.864082160000066, -1.825686359999963 ], [ 120.864084860000048, -1.825691789999951 ], [ 120.864086800000109, -1.825695679999967 ], [ 120.864091880000046, -1.825705889999938 ], [ 120.864099580000016, -1.82572136999994 ], [ 120.864105240000072, -1.825732749999929 ], [ 120.864105950000067, -1.825734179999927 ], [ 120.864107250000075, -1.825736789999951 ], [ 120.864114530000052, -1.825787929999933 ], [ 120.864119510000023, -1.825822879999976 ], [ 120.864121540000042, -1.825837069999977 ], [ 120.864122240000029, -1.825842 ], [ 120.864122470000098, -1.825843619999944 ], [ 120.864126040000087, -1.825868689999936 ], [ 120.864129110000022, -1.825890269999945 ], [ 120.864130890000069, -1.825902769999971 ], [ 120.8641311, -1.825904229999935 ], [ 120.864131310000062, -1.825905659999933 ], [ 120.864133440000046, -1.825920639999936 ], [ 120.864137330000062, -1.825947919999976 ], [ 120.864138820000107, -1.825958379999975 ], [ 120.864139940000086, -1.825966259999973 ], [ 120.864140030000044, -1.825966899999969 ], [ 120.86414212000011, -1.825981559999946 ], [ 120.864144690000103, -1.82599960999994 ], [ 120.864146970000093, -1.826015619999964 ], [ 120.864148590000013, -1.826027 ], [ 120.86414901, -1.826029909999932 ], [ 120.864150170000016, -1.826038039999958 ], [ 120.864153030000011, -1.826058109999963 ], [ 120.864155140000094, -1.82607293999996 ], [ 120.864156310000112, -1.826081199999976 ], [ 120.864156580000099, -1.82608302999995 ], [ 120.864158450000104, -1.826096219999954 ], [ 120.864161850000073, -1.82612002999997 ], [ 120.86416255000006, -1.826124959999959 ], [ 120.864164170000095, -1.82613632999994 ], [ 120.864174310000067, -1.826207539999928 ], [ 120.86417847000007, -1.826236689999973 ], [ 120.864179350000086, -1.826242909999962 ], [ 120.864179850000028, -1.826246419999961 ], [ 120.864181440000038, -1.826257529999964 ], [ 120.864186410000116, -1.826292429999967 ], [ 120.864191220000066, -1.826326199999926 ], [ 120.864195420000101, -1.826355679999949 ], [ 120.864197230000059, -1.826368429999945 ], [ 120.864197790000048, -1.826372299999946 ], [ 120.864200180000012, -1.826389119999931 ], [ 120.864205240000047, -1.826424649999979 ], [ 120.864209110000047, -1.826451759999941 ], [ 120.864213720000066, -1.826484149999942 ], [ 120.864215450000074, -1.826496289999966 ], [ 120.864216180000085, -1.826501389999976 ], [ 120.864218030000075, -1.826514389999943 ], [ 120.864222440000049, -1.826545329999931 ], [ 120.864224650000097, -1.826560859999972 ], [ 120.86422497, -1.826563139999962 ], [ 120.864227250000113, -1.826579089999939 ], [ 120.864231410000116, -1.826608309999926 ], [ 120.864233870000021, -1.826625599999943 ], [ 120.864235020000024, -1.826633699999945 ], [ 120.864235170000029, -1.826634729999967 ], [ 120.864238080000064, -1.826655159999973 ], [ 120.864241470000024, -1.826678909999941 ], [ 120.86424412000008, -1.826697539999941 ], [ 120.864245510000046, -1.826707319999969 ], [ 120.864245660000051, -1.826708389999965 ], [ 120.864248800000041, -1.826730419999933 ], [ 120.864251880000097, -1.82675200999995 ], [ 120.864254100000039, -1.826767619999941 ], [ 120.864255470000103, -1.826777189999973 ], [ 120.864255960000037, -1.826780669999948 ], [ 120.864257900000098, -1.826794249999978 ], [ 120.864261680000027, -1.826820789999942 ], [ 120.864264960000014, -1.826843819999965 ], [ 120.864266220000104, -1.826852669999937 ], [ 120.864266480000083, -1.826854529999935 ], [ 120.864268280000033, -1.826867099999959 ], [ 120.864271780000081, -1.826891709999927 ], [ 120.864274760000058, -1.826912639999932 ], [ 120.864276290000021, -1.826923369999975 ], [ 120.864276880000034, -1.826927529999978 ], [ 120.864279080000074, -1.82694295999994 ], [ 120.86428297000009, -1.826970269999947 ], [ 120.864285320000022, -1.826986759999954 ], [ 120.864286210000046, -1.826992989999951 ], [ 120.864286600000014, -1.82699574999998 ], [ 120.864288560000091, -1.827009479999958 ], [ 120.864291730000105, -1.827031729999931 ], [ 120.864294350000023, -1.827050139999926 ], [ 120.864295670000047, -1.827059369999972 ], [ 120.864296090000039, -1.827062369999965 ], [ 120.864298780000013, -1.827081199999952 ], [ 120.864301790000013, -1.827102389999936 ], [ 120.86430479, -1.827123379999932 ], [ 120.86430590000009, -1.827131229999964 ], [ 120.864306360000114, -1.82713444999996 ], [ 120.864309160000062, -1.827154119999932 ], [ 120.86431253, -1.82717772999996 ], [ 120.864314800000102, -1.827193659999978 ], [ 120.864315960000113, -1.827201789999947 ], [ 120.8643164, -1.827204929999937 ], [ 120.864318270000012, -1.827218039999934 ], [ 120.864322780000066, -1.82724965999995 ], [ 120.864324720000013, -1.827263279999954 ], [ 120.864325120000103, -1.827266099999974 ], [ 120.864326780000056, -1.827277769999966 ], [ 120.864329920000046, -1.827299819999951 ], [ 120.86433283000008, -1.827320209999925 ], [ 120.86433417, -1.827329659999975 ], [ 120.864334510000049, -1.827332 ], [ 120.864335070000038, -1.827335949999963 ], [ 120.86433640000007, -1.827345249999951 ], [ 120.864340250000055, -1.827372299999979 ], [ 120.864344300000084, -1.827400739999973 ], [ 120.864347610000095, -1.827423949999968 ], [ 120.864347900000098, -1.827425969999979 ], [ 120.864349330000096, -1.827436079999927 ], [ 120.864353070000107, -1.827462279999963 ], [ 120.864356460000067, -1.827486109999938 ], [ 120.864358930000094, -1.827503399999955 ], [ 120.864359740000054, -1.827509129999953 ], [ 120.86436054, -1.827514699999938 ], [ 120.864361790000089, -1.827523539999959 ], [ 120.864364140000021, -1.827539989999934 ], [ 120.864366770000061, -1.827558459999977 ], [ 120.864368810000087, -1.827572749999945 ], [ 120.864369550000106, -1.827577949999977 ], [ 120.864369800000077, -1.827579749999927 ], [ 120.864372370000069, -1.827597799999978 ], [ 120.864375310000014, -1.827618429999973 ], [ 120.86437826000008, -1.82763910999995 ], [ 120.864379650000046, -1.827648909999937 ], [ 120.86438024000006, -1.827653059999932 ], [ 120.864382050000017, -1.827665759999945 ], [ 120.864385690000063, -1.827691259999938 ], [ 120.864388290000079, -1.827709529999936 ], [ 120.864389930000016, -1.82772104999998 ], [ 120.864390360000016, -1.82772405999998 ], [ 120.86439069000005, -1.827726379999945 ], [ 120.864392160000079, -1.827736719999962 ], [ 120.864396150000061, -1.827764679999973 ], [ 120.864398900000083, -1.827783989999944 ], [ 120.864400210000099, -1.827793219999933 ], [ 120.864401170000065, -1.827799929999969 ], [ 120.864402050000081, -1.827800919999959 ], [ 120.864501510000082, -1.828499079999972 ], [ 120.864501430000018, -1.828503699999942 ], [ 120.864505080000072, -1.82852934999994 ], [ 120.864488570000049, -1.82920852999996 ], [ 120.864476920000016, -1.829847129999962 ], [ 120.864691540000081, -1.830469339999979 ], [ 120.864726160000032, -1.830567349999967 ], [ 120.864736470000025, -1.830599609999979 ], [ 120.864748310000095, -1.830636709999965 ], [ 120.864762590000055, -1.830681439999978 ], [ 120.864781010000115, -1.830739109999968 ], [ 120.864798540000038, -1.830794009999977 ], [ 120.864815760000056, -1.83084791999994 ], [ 120.864827950000063, -1.83088609999993 ], [ 120.864840460000096, -1.830925289999925 ], [ 120.864845310000078, -1.830940469999973 ], [ 120.86484879000011, -1.83095136999998 ], [ 120.864851210000097, -1.830958949999967 ], [ 120.864852210000095, -1.830965939999942 ], [ 120.864854420000029, -1.830981469999927 ], [ 120.864858650000087, -1.83101118999997 ], [ 120.864863790000072, -1.831047239999975 ], [ 120.864871060000041, -1.831098279999935 ], [ 120.864876870000103, -1.831139049999933 ], [ 120.864880870000093, -1.831167169999958 ], [ 120.864882210000019, -1.83117655999996 ], [ 120.864887060000115, -1.831210619999979 ], [ 120.864891930000113, -1.831244799999979 ], [ 120.864896090000116, -1.831273989999943 ], [ 120.864901520000103, -1.831312089999926 ], [ 120.864905350000072, -1.831338949999974 ], [ 120.864907240000093, -1.831352249999952 ], [ 120.864909850000117, -1.831370589999949 ], [ 120.86491189000003, -1.831384899999932 ], [ 120.86491632000002, -1.831415959999958 ], [ 120.864923820000058, -1.831468599999937 ], [ 120.86492958000008, -1.831509049999966 ], [ 120.864932220000014, -1.831527549999976 ], [ 120.86493320000011, -1.831534429999977 ], [ 120.8649384900001, -1.831571599999961 ], [ 120.864944430000037, -1.831613309999966 ], [ 120.864951180000048, -1.831660689999978 ], [ 120.86495646000003, -1.831697739999925 ], [ 120.86495987, -1.831721639999955 ], [ 120.864961690000086, -1.831734449999942 ], [ 120.864963500000044, -1.831747159999964 ], [ 120.864966100000061, -1.831765429999962 ], [ 120.864973960000043, -1.831820529999959 ], [ 120.86497987000007, -1.831862039999976 ], [ 120.864985100000013, -1.831898759999945 ], [ 120.864988370000106, -1.831921729999976 ], [ 120.864993730000037, -1.831959319999953 ], [ 120.865001070000062, -1.832010889999935 ], [ 120.865008430000103, -1.832062529999973 ], [ 120.865012620000016, -1.832091919999925 ], [ 120.865016920000016, -1.832122099999935 ], [ 120.865018580000083, -1.832133739999961 ], [ 120.865019420000067, -1.832139679999955 ], [ 120.865022750000094, -1.832163 ], [ 120.865029360000108, -1.832209439999929 ], [ 120.865038050000067, -1.832270409999978 ], [ 120.86504342, -1.832308119999936 ], [ 120.865044460000036, -1.83231539999997 ], [ 120.865047300000015, -1.832335369999953 ], [ 120.865052750000018, -1.83237362999995 ], [ 120.86506105, -1.832431859999929 ], [ 120.865072030000078, -1.832508909999945 ], [ 120.865075980000029, -1.832536689999927 ], [ 120.86508, -1.83256487999995 ], [ 120.865083480000067, -1.832589279999979 ], [ 120.865086830000109, -1.832612839999967 ], [ 120.865093760000036, -1.832661489999964 ], [ 120.865103590000103, -1.832730449999929 ], [ 120.865106040000114, -1.832747689999962 ], [ 120.865112710000062, -1.832794459999946 ], [ 120.865114230000017, -1.832805159999964 ], [ 120.865117480000094, -1.832828 ], [ 120.865121440000053, -1.83285578999994 ], [ 120.865129690000117, -1.832913639999958 ], [ 120.865143830000079, -1.833012929999938 ], [ 120.865159970000036, -1.83312621999994 ], [ 120.865168060000087, -1.833182979999947 ], [ 120.865170720000037, -1.833201699999961 ], [ 120.865172090000101, -1.833211299999959 ], [ 120.865173830000117, -1.833223509999925 ], [ 120.865179020000028, -1.833259949999956 ], [ 120.865193890000114, -1.833364309999979 ], [ 120.865205420000052, -1.833445209999979 ], [ 120.86521571000003, -1.83351743999998 ], [ 120.865223790000073, -1.83357419999993 ], [ 120.865226830000097, -1.83359551999996 ], [ 120.865229640000052, -1.833615239999972 ], [ 120.865234480000026, -1.83364918999996 ], [ 120.865236850000088, -1.833665839999981 ], [ 120.865248030000089, -1.833744329999945 ], [ 120.8652624, -1.833845219999944 ], [ 120.865273270000102, -1.833921459999942 ], [ 120.865285950000043, -1.834010479999961 ], [ 120.865292630000113, -1.834057359999974 ], [ 120.865294420000055, -1.834069929999941 ], [ 120.86529479, -1.834072569999933 ], [ 120.865295820000028, -1.834079799999927 ], [ 120.865297480000095, -1.834091409999928 ], [ 120.865299720000053, -1.834107149999966 ], [ 120.865301500000101, -1.834119679999958 ], [ 120.865302860000043, -1.834129189999942 ], [ 120.865300710000042, -1.834132939999961 ], [ 120.865293040000097, -1.834146319999945 ], [ 120.865282730000104, -1.834164289999933 ], [ 120.865272560000108, -1.834182019999957 ], [ 120.865267980000112, -1.83419 ], [ 120.865267820000099, -1.834190289999981 ], [ 120.86526377000007, -1.834197339999946 ], [ 120.865255880000063, -1.83421108999994 ], [ 120.865247610000097, -1.834225519999961 ], [ 120.86524119, -1.834236709999971 ], [ 120.865239950000046, -1.834238869999979 ], [ 120.86523765000004, -1.834242889999928 ], [ 120.865236340000024, -1.834245159999966 ], [ 120.865232860000106, -1.83425122999995 ], [ 120.865230200000042, -1.834255859999928 ], [ 120.865222140000014, -1.83426991999994 ], [ 120.865215470000066, -1.834281549999957 ], [ 120.865206030000081, -1.834298009999941 ], [ 120.865203400000041, -1.834302609999952 ], [ 120.865202590000081, -1.834304019999934 ], [ 120.86519885000007, -1.834310519999974 ], [ 120.865191950000053, -1.834322549999968 ], [ 120.865183950000073, -1.834336499999949 ], [ 120.865177820000099, -1.83434718999996 ], [ 120.865169310000056, -1.834362029999966 ], [ 120.865167420000034, -1.834365329999969 ], [ 120.865164800000116, -1.834369899999956 ], [ 120.8651630600001, -1.834372919999964 ], [ 120.865162430000055, -1.834374019999927 ], [ 120.865159330000097, -1.834379429999956 ], [ 120.865151290000085, -1.834393449999936 ], [ 120.865145160000111, -1.834404129999939 ], [ 120.865133060000062, -1.834425219999957 ], [ 120.865124840000021, -1.834439559999964 ], [ 120.865119980000031, -1.834448039999927 ], [ 120.86511586000006, -1.834455209999931 ], [ 120.865115240000023, -1.834456299999943 ], [ 120.865106500000024, -1.834471539999925 ], [ 120.865097490000039, -1.83448723999993 ], [ 120.865088740000033, -1.834502509999936 ], [ 120.865079490000085, -1.834518639999942 ], [ 120.865067060000115, -1.83454028999995 ], [ 120.865062840000064, -1.834547649999934 ], [ 120.865060610000114, -1.83455153999995 ], [ 120.865052070000047, -1.834566429999938 ], [ 120.865043330000049, -1.834581679999928 ], [ 120.865029910000089, -1.834605059999944 ], [ 120.865019790000019, -1.834622709999962 ], [ 120.865012240000055, -1.834635869999943 ], [ 120.8650102900001, -1.834639269999968 ], [ 120.865008780000039, -1.834641909999959 ], [ 120.865003670000078, -1.834650819999979 ], [ 120.864991990000021, -1.83467117999993 ], [ 120.86497729000007, -1.834696819999976 ], [ 120.86496818, -1.834712689999947 ], [ 120.864966670000058, -1.83471531999993 ], [ 120.864960110000084, -1.834726769999975 ], [ 120.864953240000091, -1.834738739999977 ], [ 120.864944800000103, -1.834753459999945 ], [ 120.864924590000101, -1.834788689999925 ], [ 120.864911640000059, -1.834811269999932 ], [ 120.864897350000092, -1.83483616999996 ], [ 120.86489409, -1.834841859999926 ], [ 120.864885660000027, -1.834856559999935 ], [ 120.86486831000002, -1.834886809999944 ], [ 120.864856220000092, -1.834907899999962 ], [ 120.864831, -1.834951869999941 ], [ 120.86481402000004, -1.834981459999938 ], [ 120.86480787000005, -1.83499218999998 ], [ 120.864793180000106, -1.835017809999954 ], [ 120.86477874000002, -1.835042979999969 ], [ 120.86475551, -1.835083469999972 ], [ 120.864725630000066, -1.835135579999928 ], [ 120.864710980000041, -1.835161119999952 ], [ 120.864706240000032, -1.835169379999968 ], [ 120.864701110000055, -1.835178309999947 ], [ 120.864683440000022, -1.835209129999953 ], [ 120.864658440000085, -1.835252709999963 ], [ 120.864637630000061, -1.835289 ], [ 120.864618770000106, -1.835321869999973 ], [ 120.864610160000097, -1.835336889999951 ], [ 120.864604140000097, -1.835347389999924 ], [ 120.864596320000032, -1.835361009999929 ], [ 120.86457917000007, -1.835390919999952 ], [ 120.864559690000078, -1.835424889999956 ], [ 120.8645446700001, -1.835451069999976 ], [ 120.864529660000017, -1.835477239999932 ], [ 120.864526530000035, -1.835482699999943 ], [ 120.864521450000098, -1.835491549999972 ], [ 120.864516650000041, -1.835499919999961 ], [ 120.864503760000048, -1.835522389999937 ], [ 120.864492050000081, -1.835542799999928 ], [ 120.864476460000105, -1.835569979999946 ], [ 120.864471680000065, -1.835578319999968 ], [ 120.86445604000005, -1.835605589999943 ], [ 120.864440720000061, -1.835632299999929 ], [ 120.86442589, -1.83565815999998 ], [ 120.864420650000056, -1.835667289999947 ], [ 120.864418900000032, -1.83567034999993 ], [ 120.864416120000101, -1.835675189999961 ], [ 120.864407720000031, -1.83568983999993 ], [ 120.864384370000039, -1.835730549999937 ], [ 120.864363570000023, -1.835766809999939 ], [ 120.864344180000103, -1.835800609999978 ], [ 120.864327870000011, -1.835829049999973 ], [ 120.864314, -1.835853239999949 ], [ 120.864310990000035, -1.835858479999956 ], [ 120.864309400000025, -1.835861249999937 ], [ 120.864299100000039, -1.835879209999973 ], [ 120.86427948000005, -1.83591341999994 ], [ 120.864260010000066, -1.835947359999977 ], [ 120.864242560000093, -1.835977789999959 ], [ 120.864227870000036, -1.836003389999973 ], [ 120.86422309000011, -1.836011719999931 ], [ 120.864219150000054, -1.836018599999932 ], [ 120.864212200000111, -1.836030729999948 ], [ 120.864197510000054, -1.836056339999971 ], [ 120.864175290000048, -1.836095069999942 ], [ 120.86416832000009, -1.836107219999974 ], [ 120.864156540000067, -1.836127759999954 ], [ 120.864139520000094, -1.836157429999957 ], [ 120.864129, -1.836175769999954 ], [ 120.864126490000103, -1.836180139999954 ], [ 120.864124800000013, -1.836183099999971 ], [ 120.8641188900001, -1.836193399999956 ], [ 120.864069150000091, -1.836280119999969 ], [ 120.864039630000093, -1.836331579999978 ], [ 120.864006570000015, -1.836389219999944 ], [ 120.864001150000036, -1.836398679999945 ], [ 120.863990010000066, -1.836418099999946 ], [ 120.863964410000108, -1.836462729999937 ], [ 120.863934300000096, -1.836515229999975 ], [ 120.863919, -1.836541899999929 ], [ 120.863877720000119, -1.836613869999951 ], [ 120.863865600000054, -1.836635 ], [ 120.863855920000105, -1.836651869999969 ], [ 120.863843240000051, -1.836673979999944 ], [ 120.863839680000069, -1.836680189999925 ], [ 120.8637687800001, -1.836803799999927 ], [ 120.863750600000117, -1.836835509999958 ], [ 120.863724280000042, -1.836881379999966 ], [ 120.863706430000093, -1.836912509999934 ], [ 120.863686570000027, -1.83694713999995 ], [ 120.863681620000079, -1.836955759999967 ], [ 120.863671840000052, -1.836972819999971 ], [ 120.863658550000082, -1.836995989999934 ], [ 120.863644830000112, -1.837019899999973 ], [ 120.863637370000106, -1.837032909999948 ], [ 120.863637150000045, -1.837033289999965 ], [ 120.86362836, -1.837048619999962 ], [ 120.86361450000004, -1.837072779999971 ], [ 120.8636007, -1.837096849999966 ], [ 120.863588600000071, -1.837117949999936 ], [ 120.86358585000005, -1.837122729999976 ], [ 120.863572020000106, -1.837146849999954 ], [ 120.863568770000029, -1.837152509999953 ], [ 120.863562240000078, -1.837163889999943 ], [ 120.863551030000053, -1.837183429999925 ], [ 120.863549590000048, -1.837185949999935 ], [ 120.863529180000114, -1.837221539999973 ], [ 120.863510390000101, -1.837254289999976 ], [ 120.863498390000018, -1.837275219999981 ], [ 120.86349481000002, -1.837281449999978 ], [ 120.863489720000075, -1.837290329999973 ], [ 120.863486610000109, -1.837295759999961 ], [ 120.863478070000042, -1.837310649999949 ], [ 120.863462100000106, -1.837338479999971 ], [ 120.863442600000099, -1.83737248999995 ], [ 120.863437440000098, -1.837381469999968 ], [ 120.86341974000004, -1.837412339999958 ], [ 120.86340873000006, -1.837431529999947 ], [ 120.863406670000018, -1.837435119999952 ], [ 120.863390890000119, -1.837462639999956 ], [ 120.863374180000051, -1.837491769999929 ], [ 120.863348350000024, -1.83753680999996 ], [ 120.863325560000021, -1.83757653999993 ], [ 120.863311600000088, -1.837600879999968 ], [ 120.86330423000004, -1.83761372999993 ], [ 120.863300020000111, -1.837621069999955 ], [ 120.8632958500001, -1.837628329999973 ], [ 120.863283700000011, -1.837649509999949 ], [ 120.863255900000013, -1.837697989999924 ], [ 120.863240790000077, -1.837724339999966 ], [ 120.863231980000023, -1.837739689999978 ], [ 120.863224140000057, -1.837753359999965 ], [ 120.863218750000101, -1.837762759999976 ], [ 120.863200140000117, -1.83779519999996 ], [ 120.863181300000065, -1.837828049999928 ], [ 120.863158670000075, -1.837867499999959 ], [ 120.863153640000064, -1.837876279999932 ], [ 120.863149130000011, -1.837884139999971 ], [ 120.863144730000045, -1.837891809999974 ], [ 120.863139230000115, -1.837901399999964 ], [ 120.86313607000011, -1.837906909999958 ], [ 120.863135410000041, -1.837908059999961 ], [ 120.863135040000088, -1.837908699999957 ], [ 120.863129360000016, -1.837918599999966 ], [ 120.863119610000012, -1.837935609999931 ], [ 120.863101110000116, -1.837967859999935 ], [ 120.863087290000067, -1.837991959999954 ], [ 120.863066840000101, -1.838027609999926 ], [ 120.863062150000019, -1.838035789999935 ], [ 120.86304908000011, -1.838058579999938 ], [ 120.863028100000065, -1.838095149999958 ], [ 120.863007720000041, -1.838130689999957 ], [ 120.862992370000029, -1.838157449999926 ], [ 120.86295589000008, -1.838221039999951 ], [ 120.86294010000006, -1.838248569999962 ], [ 120.862937000000102, -1.838253989999941 ], [ 120.862930960000085, -1.838264519999939 ], [ 120.862908910000101, -1.838302959999965 ], [ 120.862889080000059, -1.838337539999941 ], [ 120.862868800000115, -1.838372879999952 ], [ 120.862838920000058, -1.838424989999965 ], [ 120.86282269000003, -1.838453279999953 ], [ 120.862816440000074, -1.83846417999996 ], [ 120.862806840000076, -1.83848090999993 ], [ 120.862786810000102, -1.838515829999949 ], [ 120.862772530000029, -1.838540729999977 ], [ 120.862761280000086, -1.838560349999966 ], [ 120.862740300000041, -1.838596909999978 ], [ 120.862716140000089, -1.838639039999975 ], [ 120.862704680000093, -1.838659029999974 ], [ 120.862699110000108, -1.838668739999946 ], [ 120.862714010000104, -1.838692699999967 ], [ 120.86271419000002, -1.83869298999997 ], [ 120.862740580000036, -1.838735429999929 ], [ 120.862770020000085, -1.838782779999974 ], [ 120.862801650000051, -1.838833629999954 ], [ 120.862836700000116, -1.83889 ], [ 120.86285169000007, -1.838914109999962 ], [ 120.862864430000059, -1.838934599999959 ], [ 120.86287070000003, -1.83894467999994 ], [ 120.862885560000109, -1.838968589999979 ], [ 120.862896890000115, -1.83898679999993 ], [ 120.862904250000042, -1.838998639999943 ], [ 120.862680010000076, -1.839201299999957 ], [ 120.862663080000061, -1.839216599999929 ], [ 120.862635190000105, -1.839241799999968 ], [ 120.862606330000062, -1.839267889999974 ], [ 120.862584930000025, -1.83928721999996 ], [ 120.862574800000061, -1.839296379999951 ], [ 120.862572490000048, -1.83929846999996 ], [ 120.862575370000059, -1.839304789999971 ], [ 120.862673450000102, -1.839520199999924 ], [ 120.86289201000011, -1.83996357999996 ], [ 120.863059960000101, -1.840384159999928 ], [ 120.863059990000011, -1.840384239999935 ], [ 120.863148280000019, -1.840605359999927 ], [ 120.863240920000067, -1.840827309999952 ], [ 120.863335600000028, -1.841031279999925 ], [ 120.863399170000093, -1.841168239999945 ], [ 120.86344508000002, -1.841267139999957 ], [ 120.86357023000005, -1.841536769999948 ], [ 120.863615970000069, -1.841635309999958 ], [ 120.863686010000038, -1.841785219999963 ], [ 120.863762140000063, -1.841948169999966 ], [ 120.863767370000119, -1.841959359999976 ], [ 120.863779950000094, -1.841975349999927 ], [ 120.864021020000109, -1.842281689999936 ], [ 120.864113060000022, -1.842398629999934 ], [ 120.864265230000115, -1.842592 ], [ 120.864404200000081, -1.842768589999935 ], [ 120.864404720000039, -1.842769259999955 ], [ 120.864504330000045, -1.842895829999975 ], [ 120.864548060000061, -1.842950919999964 ], [ 120.864591920000066, -1.843006159999959 ], [ 120.86464586000011, -1.843074119999926 ], [ 120.864711730000067, -1.843157099999928 ], [ 120.864880270000072, -1.84336940999998 ], [ 120.865127280000024, -1.843680569999947 ], [ 120.865255980000029, -1.843842689999974 ], [ 120.865274740000018, -1.843866319999961 ], [ 120.865342850000047, -1.843946219999964 ], [ 120.865391410000029, -1.844003199999975 ], [ 120.865402020000033, -1.844015639999952 ], [ 120.865418380000051, -1.844034829999941 ], [ 120.865445520000094, -1.844066669999961 ], [ 120.86547457000006, -1.844100749999939 ], [ 120.865488750000054, -1.844117389999951 ], [ 120.865492370000084, -1.844121629999961 ], [ 120.86550069000009, -1.844128169999976 ], [ 120.86550804, -1.844133939999949 ], [ 120.865724670000077, -1.844304079999972 ], [ 120.865884320000077, -1.844429479999974 ], [ 120.866058360000011, -1.844566179999958 ], [ 120.866167570000016, -1.844651949999957 ], [ 120.86617788, -1.844660049999959 ], [ 120.866227550000076, -1.844699059999925 ], [ 120.866224280000097, -1.844710229999976 ], [ 120.866248760000076, -1.844753859999969 ], [ 120.866255010000032, -1.844765009999946 ], [ 120.86632566000003, -1.844815559999972 ], [ 120.866465680000033, -1.844915759999935 ], [ 120.866550650000022, -1.844976559999964 ], [ 120.86657179000008, -1.844991689999972 ], [ 120.866640350000011, -1.845040749999953 ], [ 120.866878, -1.845210799999961 ], [ 120.86704076, -1.845327269999927 ], [ 120.867134690000057, -1.845394479999925 ], [ 120.867145170000072, -1.845401979999963 ], [ 120.867174270000078, -1.845422809999945 ], [ 120.867288640000083, -1.845504639999945 ], [ 120.867397520000054, -1.845582559999968 ], [ 120.867491550000068, -1.845649839999965 ], [ 120.867504240000017, -1.845658919999948 ], [ 120.868242530000089, -1.846187219999933 ], [ 120.868859090000115, -1.846841139999981 ], [ 120.869234660000075, -1.847239459999969 ], [ 120.869279360000064, -1.847286869999948 ], [ 120.869392130000051, -1.847406469999953 ], [ 120.869565270000066, -1.847590099999934 ], [ 120.869651160000103, -1.847990849999974 ], [ 120.869663090000017, -1.848046549999935 ], [ 120.869683500000065, -1.848141759999976 ], [ 120.869683960000089, -1.848143909999976 ], [ 120.869684600000028, -1.848146909999969 ], [ 120.869685610000033, -1.848151609999945 ], [ 120.869692660000055, -1.848184509999953 ], [ 120.86969661, -1.848202959999981 ], [ 120.869710260000033, -1.848266609999939 ], [ 120.86972288000004, -1.848325519999946 ], [ 120.869735640000044, -1.848385069999949 ], [ 120.869745760000114, -1.84843227999994 ], [ 120.869746030000101, -1.848433549999925 ], [ 120.869751300000075, -1.848458149999942 ], [ 120.869758940000111, -1.84849375999994 ], [ 120.869764170000053, -1.848518179999928 ], [ 120.869768, -1.84853604999995 ], [ 120.869772580000017, -1.848557399999947 ], [ 120.869776610000031, -1.848576219999927 ], [ 120.869778550000092, -1.84858528999996 ], [ 120.869779090000065, -1.848587819999977 ], [ 120.869782320000013, -1.848602899999946 ], [ 120.86978403, -1.848610839999935 ], [ 120.869784110000069, -1.848611239999968 ], [ 120.869785350000029, -1.848617009999941 ], [ 120.869786450000106, -1.848622149999926 ], [ 120.869787920000022, -1.848629019999976 ], [ 120.86978833, -1.848630939999964 ], [ 120.869789550000064, -1.848636619999979 ], [ 120.869790780000017, -1.848642359999928 ], [ 120.869791890000101, -1.848647509999978 ], [ 120.869792540000049, -1.848650549999945 ], [ 120.869792760000109, -1.848651599999926 ], [ 120.869793, -1.84865267999993 ], [ 120.869794270000057, -1.848658629999932 ], [ 120.869796780000115, -1.848670359999971 ], [ 120.869798360000118, -1.848677709999947 ], [ 120.869798680000031, -1.848679199999935 ], [ 120.869801760000087, -1.848693559999958 ], [ 120.869804360000103, -1.848705709999933 ], [ 120.869805130000032, -1.848709309999947 ], [ 120.869805930000098, -1.848713059999966 ], [ 120.869807710000032, -1.84872133999994 ], [ 120.869810080000093, -1.848732389999952 ], [ 120.869810510000093, -1.848734419999971 ], [ 120.86981078000008, -1.848735679999947 ], [ 120.869813200000067, -1.848746949999963 ], [ 120.869815710000012, -1.848758689999954 ], [ 120.86981744000002, -1.848766769999941 ], [ 120.869817670000089, -1.848767839999937 ], [ 120.869820230000073, -1.848779759999957 ], [ 120.869823280000105, -1.848794009999949 ], [ 120.869823930000052, -1.848797029999957 ], [ 120.869824140000105, -1.848798019999947 ], [ 120.869828080000048, -1.848816369999952 ], [ 120.869828760000019, -1.848819559999924 ], [ 120.869830130000082, -1.848825959999942 ], [ 120.869830980000074, -1.848829909999949 ], [ 120.86984601000006, -1.848900059999949 ], [ 120.86985702000004, -1.848951429999943 ], [ 120.869857810000099, -1.848955129999979 ], [ 120.869858560000011, -1.848958619999962 ], [ 120.869872840000085, -1.849025239999946 ], [ 120.869884030000094, -1.849077449999925 ], [ 120.869885810000028, -1.849085739999964 ], [ 120.86989911, -1.849147829999936 ], [ 120.869911250000087, -1.849204479999969 ], [ 120.869911820000084, -1.849207109999952 ], [ 120.869923600000106, -1.849262089999968 ], [ 120.86993528000005, -1.849316589999944 ], [ 120.869939510000108, -1.84933634999993 ], [ 120.86994057000004, -1.84934125999996 ], [ 120.869953610000039, -1.849402119999979 ], [ 120.869966360000035, -1.849461639999959 ], [ 120.869968900000117, -1.849473479999972 ], [ 120.869993070000078, -1.849586239999951 ], [ 120.870009070000037, -1.849660899999947 ], [ 120.870012840000072, -1.849678509999933 ], [ 120.870015250000051, -1.849689759999933 ], [ 120.870030520000114, -1.849761 ], [ 120.870031070000095, -1.849763559999928 ], [ 120.870033160000048, -1.849773329999948 ], [ 120.870035270000017, -1.849783159999959 ], [ 120.870036180000056, -1.849786559999927 ], [ 120.870040270000118, -1.849801769999942 ], [ 120.870047680000084, -1.849829309999961 ], [ 120.870050030000016, -1.849838029999944 ], [ 120.870054160000109, -1.849853389999964 ], [ 120.870063580000078, -1.849888429999965 ], [ 120.87007721000009, -1.849939079999956 ], [ 120.87007962000007, -1.849948039999958 ], [ 120.870081840000012, -1.849956319999933 ], [ 120.870087270000113, -1.849976499999968 ], [ 120.870102640000027, -1.850033649999943 ], [ 120.870106310000097, -1.850047299999972 ], [ 120.870107680000046, -1.850052389999973 ], [ 120.870113900000092, -1.850075489999938 ], [ 120.870121270000027, -1.850102899999968 ], [ 120.870122980000019, -1.850109259999954 ], [ 120.870177510000076, -1.850311979999958 ], [ 120.870179100000087, -1.85031792999996 ], [ 120.870184060000042, -1.850336349999964 ], [ 120.870222040000044, -1.850386059999948 ], [ 120.870229470000027, -1.850395769999977 ], [ 120.870247860000063, -1.85041984999998 ], [ 120.870327140000086, -1.850523609999925 ], [ 120.870348170000057, -1.850551129999928 ], [ 120.870412950000059, -1.850635919999945 ], [ 120.870453220000059, -1.850688629999979 ], [ 120.870469900000103, -1.850710459999959 ], [ 120.870473090000019, -1.850714639999978 ], [ 120.87053642, -1.850797519999958 ], [ 120.870574450000049, -1.850847289999933 ], [ 120.870583120000106, -1.850858649999964 ], [ 120.870655560000046, -1.850953459999971 ], [ 120.870689280000079, -1.850997589999963 ], [ 120.870699570000056, -1.851011059999962 ], [ 120.870784470000103, -1.85112216999994 ], [ 120.870798730000047, -1.851140829999963 ], [ 120.870804480000061, -1.851148359999968 ], [ 120.870807100000093, -1.85115178999996 ], [ 120.870890480000071, -1.851260919999959 ], [ 120.871040390000076, -1.851457119999964 ], [ 120.871070600000053, -1.851496659999952 ], [ 120.871080180000035, -1.851509209999961 ], [ 120.871136130000082, -1.851582429999951 ], [ 120.871192830000041, -1.851656649999939 ], [ 120.871203280000032, -1.851670319999926 ], [ 120.871230550000064, -1.851691339999945 ], [ 120.871247490000087, -1.851704389999952 ], [ 120.871252520000098, -1.851708269999961 ], [ 120.871309630000042, -1.851752279999971 ], [ 120.871365670000046, -1.851795469999956 ], [ 120.871420390000026, -1.851837639999928 ], [ 120.871451340000021, -1.851861489999976 ], [ 120.871456210000019, -1.851865249999946 ], [ 120.871525160000033, -1.85191838999998 ], [ 120.871584510000048, -1.851964119999934 ], [ 120.871621880000021, -1.85199291999993 ], [ 120.871626580000111, -1.851996549999967 ], [ 120.871714940000061, -1.85206463999998 ], [ 120.871760460000019, -1.852099729999964 ], [ 120.87177677000011, -1.85211228999998 ], [ 120.871784780000098, -1.852118469999937 ], [ 120.8718690500001, -1.85218341999996 ], [ 120.871929020000039, -1.852229629999954 ], [ 120.871932900000047, -1.852232619999938 ], [ 120.871939530000077, -1.852237729999956 ], [ 120.872022170000037, -1.852301419999947 ], [ 120.872135020000087, -1.85238838999993 ], [ 120.872146200000088, -1.852397009999947 ], [ 120.872232620000091, -1.852463599999965 ], [ 120.87230473000011, -1.852519179999945 ], [ 120.872324100000014, -1.852534109999965 ], [ 120.87233953000009, -1.852546 ], [ 120.872352720000094, -1.852556159999949 ], [ 120.87236925000002, -1.852568899999937 ], [ 120.872394900000018, -1.852588669999932 ], [ 120.872396170000115, -1.852589059999957 ], [ 120.872473080000077, -1.852612689999944 ], [ 120.872516160000032, -1.852625929999931 ], [ 120.872564160000024, -1.852640679999979 ], [ 120.872886010000116, -1.852739569999926 ], [ 120.872882980000099, -1.852907499999958 ], [ 120.872920760000056, -1.852942369999937 ], [ 120.87293757000009, -1.852957889999971 ], [ 120.873002850000034, -1.853018149999969 ], [ 120.873015420000115, -1.85302975999997 ], [ 120.873020250000081, -1.853034209999976 ], [ 120.873023760000024, -1.853037449999931 ], [ 120.873070810000058, -1.853080889999944 ], [ 120.87310226000011, -1.853109909999944 ], [ 120.873105490000057, -1.853112899999928 ], [ 120.87310729, -1.853114559999938 ], [ 120.873146670000096, -1.853150909999954 ], [ 120.873155280000105, -1.853158849999943 ], [ 120.87315645000001, -1.853159939999955 ], [ 120.873157470000024, -1.853160869999954 ], [ 120.873185700000022, -1.853186929999936 ], [ 120.873205780000035, -1.853205469999978 ], [ 120.873210340000014, -1.853209679999964 ], [ 120.87321304000011, -1.853212169999949 ], [ 120.873226550000027, -1.853224639999951 ], [ 120.873240130000113, -1.853237179999951 ], [ 120.87325407000003, -1.853250039999978 ], [ 120.87326065000002, -1.853256119999969 ], [ 120.873262360000012, -1.853257699999972 ], [ 120.873264250000034, -1.853259449999939 ], [ 120.873276520000104, -1.853270769999938 ], [ 120.873291650000056, -1.853284739999935 ], [ 120.873302930000023, -1.853295149999951 ], [ 120.873312450000071, -1.853303939999932 ], [ 120.873324510000089, -1.853315069999951 ], [ 120.873335250000082, -1.853324979999968 ], [ 120.873342920000027, -1.853332059999957 ], [ 120.873344640000028, -1.853333649999968 ], [ 120.873349350000012, -1.853338 ], [ 120.873351430000071, -1.853339909999931 ], [ 120.873357730000066, -1.853345729999944 ], [ 120.87336227000003, -1.853349919999971 ], [ 120.873363650000101, -1.853351199999963 ], [ 120.873372010000026, -1.853358919999948 ], [ 120.873380090000069, -1.853366369999947 ], [ 120.873382760000027, -1.853368839999973 ], [ 120.873383620000027, -1.853369629999975 ], [ 120.873391160000097, -1.853376589999925 ], [ 120.873398670000029, -1.853383519999966 ], [ 120.873402340000098, -1.853386909999927 ], [ 120.873403330000087, -1.853387829999974 ], [ 120.873418460000039, -1.853401789999964 ], [ 120.873425500000053, -1.853408289999948 ], [ 120.873426830000085, -1.853409519999957 ], [ 120.873427370000059, -1.853410009999948 ], [ 120.873439280000071, -1.853421009999977 ], [ 120.873441220000018, -1.853422799999976 ], [ 120.873446400000034, -1.853427579999959 ], [ 120.873450940000112, -1.853431769999929 ], [ 120.873463110000102, -1.853443009999978 ], [ 120.873464360000071, -1.853444169999932 ], [ 120.873474780000038, -1.853453779999938 ], [ 120.87348170000007, -1.853460159999941 ], [ 120.873484240000039, -1.853462519999937 ], [ 120.873484900000108, -1.853463119999958 ], [ 120.873501220000094, -1.853478179999968 ], [ 120.873507360000076, -1.853483849999975 ], [ 120.873508020000031, -1.853484459999947 ], [ 120.873523330000012, -1.853498599999966 ], [ 120.873527710000076, -1.853502649999939 ], [ 120.873530600000095, -1.853505309999946 ], [ 120.87353178, -1.853506399999958 ], [ 120.873541750000072, -1.85351559999998 ], [ 120.873548370000094, -1.853521719999947 ], [ 120.873550990000012, -1.853524129999926 ], [ 120.873619660000031, -1.853587519999962 ], [ 120.873620460000097, -1.853539969999929 ], [ 120.87372396, -1.853616429999931 ], [ 120.873733910000055, -1.853623769999956 ], [ 120.873957310000037, -1.853788799999961 ], [ 120.874043730000039, -1.853852639999957 ], [ 120.874149200000033, -1.853930539999965 ], [ 120.874157670000045, -1.853936799999929 ], [ 120.8741817, -1.853948879999962 ], [ 120.874263460000066, -1.853989979999938 ], [ 120.874353970000016, -1.854035489999944 ], [ 120.87437581000006, -1.854046469999957 ], [ 120.875585240000078, -1.854654489999973 ], [ 120.875721460000022, -1.854722969999955 ], [ 120.875742060000107, -1.854733329999931 ], [ 120.875754360000087, -1.854739509999945 ], [ 120.875773850000087, -1.854747409999959 ], [ 120.875827, -1.854768959999944 ], [ 120.875890170000048, -1.854794569999967 ], [ 120.875906670000063, -1.854801259999931 ], [ 120.875937890000046, -1.85481391999997 ], [ 120.876120740000033, -1.854888049999943 ], [ 120.876435290000018, -1.855015579999929 ], [ 120.876796890000037, -1.855162179999979 ], [ 120.876842390000093, -1.855180619999942 ], [ 120.876941510000051, -1.855220809999935 ], [ 120.876954660000024, -1.855227289999959 ], [ 120.877101940000102, -1.855299879999961 ], [ 120.877263360000029, -1.855379439999979 ], [ 120.877482740000119, -1.85548756999998 ], [ 120.877632750000089, -1.855558429999974 ], [ 120.877698070000065, -1.855585149999968 ], [ 120.877877510000076, -1.85565854999993 ], [ 120.877877690000105, -1.855658619999929 ], [ 120.87797136000006, -1.855696949999981 ], [ 120.878177880000067, -1.855781429999979 ], [ 120.878339760000017, -1.85584764999993 ], [ 120.878400750000083, -1.855872599999941 ], [ 120.878410090000102, -1.855876419999959 ], [ 120.87845768000011, -1.855980009999939 ], [ 120.878522290000092, -1.856120639999972 ], [ 120.878549460000045, -1.856179789999942 ], [ 120.878571030000103, -1.856226739999954 ], [ 120.878598060000058, -1.856285569999955 ], [ 120.87867097000003, -1.856444289999956 ], [ 120.87879324000005, -1.856710439999972 ], [ 120.878801520000025, -1.856728449999935 ], [ 120.878840330000116, -1.856814879999945 ], [ 120.87889868000002, -1.856944799999951 ], [ 120.878904810000108, -1.85695845999993 ], [ 120.878973080000037, -1.857110489999968 ], [ 120.879066070000022, -1.857317559999956 ], [ 120.879156920000014, -1.857519869999976 ], [ 120.879193060000034, -1.857600339999976 ], [ 120.879302770000095, -1.857643719999942 ], [ 120.879350390000013, -1.85766254999993 ], [ 120.879423890000112, -1.857691619999969 ], [ 120.879568050000103, -1.857748629999946 ], [ 120.879637590000016, -1.857776129999934 ], [ 120.87969476, -1.857798739999964 ], [ 120.879740260000062, -1.857816729999968 ], [ 120.87974936, -1.857820329999925 ], [ 120.879879850000066, -1.857871929999931 ], [ 120.881357640000033, -1.857329519999951 ], [ 120.881554010000059, -1.857255909999935 ], [ 120.881605, -1.857236799999953 ], [ 120.881813430000079, -1.857158679999941 ], [ 120.881901650000032, -1.857125609999969 ], [ 120.882432350000045, -1.856926699999974 ], [ 120.882485110000061, -1.856906919999972 ], [ 120.882669380000038, -1.856833689999974 ], [ 120.882913660000099, -1.856736599999977 ], [ 120.883044640000094, -1.856684539999947 ], [ 120.883248980000076, -1.856603329999928 ], [ 120.88350089000005, -1.856508779999956 ], [ 120.88350089000005, -1.856508839999947 ], [ 120.883506860000011, -1.856506539999941 ], [ 120.883640190000051, -1.856456499999979 ], [ 120.883770040000059, -1.856407759999968 ], [ 120.883822890000033, -1.856387929999926 ], [ 120.883956830000102, -1.856337659999951 ], [ 120.883988760000079, -1.856325679999941 ], [ 120.884001220000073, -1.856321 ], [ 120.88400678000005, -1.856320539999956 ], [ 120.884070270000052, -1.856316359999937 ], [ 120.884175350000078, -1.856309439999961 ], [ 120.884234800000058, -1.856305549999945 ], [ 120.884373720000099, -1.856296449999945 ], [ 120.885311320000028, -1.856235019999929 ], [ 120.885361410000087, -1.856251749999956 ], [ 120.88562692000005, -1.85634043999994 ], [ 120.885970840000027, -1.856455319999952 ], [ 120.886016580000046, -1.856470599999966 ], [ 120.886378120000018, -1.856591369999933 ], [ 120.886504520000017, -1.856635609999955 ], [ 120.886569690000101, -1.856658419999974 ], [ 120.886569680000093, -1.856655359999934 ], [ 120.886827590000053, -1.856741509999949 ], [ 120.887225910000097, -1.856887679999943 ], [ 120.8872268, -1.856888409999954 ], [ 120.887359150000066, -1.856996489999972 ], [ 120.887671150000074, -1.857251289999965 ], [ 120.887862860000041, -1.857407859999967 ], [ 120.888076070000011, -1.85758 ], [ 120.8882245100001, -1.857702159999974 ], [ 120.888392840000051, -1.857840679999924 ], [ 120.888399230000118, -1.857845939999947 ], [ 120.888421860000108, -1.857913259999975 ], [ 120.88845450000008, -1.85801035999998 ], [ 120.888474350000024, -1.858069439999952 ], [ 120.888482330000102, -1.858091259999981 ], [ 120.8884927900001, -1.858124299999929 ], [ 120.888650920000032, -1.858594769999968 ], [ 120.889314850000119, -1.859763819999955 ], [ 120.889531740000052, -1.860090949999972 ], [ 120.889643660000047, -1.860253409999927 ], [ 120.890259470000046, -1.861188529999936 ], [ 120.890314070000045, -1.86127087999995 ], [ 120.891464120000023, -1.863236259999951 ], [ 120.892324950000102, -1.864735979999978 ], [ 120.893390110000041, -1.866403599999956 ], [ 120.893452030000049, -1.866499609999948 ], [ 120.893456440000023, -1.866507449999972 ], [ 120.893500910000057, -1.866577069999948 ], [ 120.89389076000009, -1.867279359999941 ], [ 120.894047140000112, -1.867561059999957 ], [ 120.894558, -1.868481359999976 ], [ 120.894589090000068, -1.868537359999948 ], [ 120.894882160000066, -1.869100139999944 ], [ 120.895401510000056, -1.870097409999971 ], [ 120.895507770000108, -1.870710799999927 ], [ 120.8956243, -1.87138342999998 ], [ 120.895674150000104, -1.871671229999947 ], [ 120.895744360000094, -1.872076469999968 ], [ 120.895749600000045, -1.872106739999936 ], [ 120.89576296000007, -1.872194539999953 ], [ 120.89565046000007, -1.872692029999939 ], [ 120.89536626000006, -1.873948839999969 ], [ 120.895374270000048, -1.874003479999942 ], [ 120.89542151, -1.874325529999965 ], [ 120.894872580000083, -1.87546083999996 ], [ 120.895009150000078, -1.876395289999948 ], [ 120.895101860000068, -1.877012219999926 ], [ 120.89520425, -1.877235449999944 ], [ 120.895363010000096, -1.877581609999936 ], [ 120.895390390000102, -1.877641299999937 ], [ 120.895452280000086, -1.877776239999946 ], [ 120.8954764, -1.877828829999942 ], [ 120.895679380000047, -1.878168139999957 ], [ 120.896074660000068, -1.878828909999925 ], [ 120.89754017000007, -1.881479759999934 ], [ 120.898275420000118, -1.881567059999952 ], [ 120.898304260000032, -1.881574009999952 ], [ 120.898422600000117, -1.881602509999937 ], [ 120.900114290000033, -1.88201 ], [ 120.900129280000101, -1.882034879999935 ], [ 120.900134860000094, -1.882036289999974 ], [ 120.900777290000065, -1.883110209999927 ], [ 120.900941250000074, -1.883382289999929 ], [ 120.900941510000052, -1.883384729999932 ], [ 120.900952740000093, -1.883491269999979 ], [ 120.900966040000071, -1.88361741999995 ], [ 120.900973690000114, -1.883689939999954 ], [ 120.900980860000118, -1.883752839999943 ], [ 120.900981240000078, -1.883756929999947 ], [ 120.900985000000105, -1.883797239999979 ], [ 120.901076710000098, -1.884667129999968 ], [ 120.90107584000009, -1.884771789999945 ], [ 120.901074720000111, -1.884907259999977 ], [ 120.901073890000021, -1.885006749999945 ], [ 120.901073260000089, -1.885082429999954 ], [ 120.901072630000044, -1.885158899999965 ], [ 120.901072420000105, -1.885184139999978 ], [ 120.901072050000039, -1.885228769999969 ], [ 120.901072020000015, -1.885231699999963 ], [ 120.901071680000086, -1.88527339999996 ], [ 120.901071260000094, -1.885323439999979 ], [ 120.901070790000063, -1.885380549999979 ], [ 120.901070520000076, -1.885411959999942 ], [ 120.90107042000011, -1.88542426999993 ], [ 120.901070240000081, -1.88544590999993 ], [ 120.901070000000118, -1.885475429999929 ], [ 120.901069780000057, -1.885501619999957 ], [ 120.901069580000012, -1.885525149999978 ], [ 120.901069480000046, -1.885538449999956 ], [ 120.901069450000023, -1.885540839999976 ], [ 120.901069300000017, -1.885559869999952 ], [ 120.901069020000023, -1.88559343999998 ], [ 120.901068810000083, -1.885618419999957 ], [ 120.901068710000118, -1.885631 ], [ 120.901068680000094, -1.885633879999943 ], [ 120.901068670000086, -1.885635639999975 ], [ 120.90106857, -1.885647469999981 ], [ 120.901068560000112, -1.885648649999951 ], [ 120.901068550000105, -1.88564987999996 ], [ 120.901068510000073, -1.885654259999967 ], [ 120.901068460000033, -1.885660039999948 ], [ 120.901068440000017, -1.885663139999963 ], [ 120.901068410000107, -1.885666499999957 ], [ 120.901068360000068, -1.885671979999927 ], [ 120.90106835000006, -1.88567347999998 ], [ 120.901068340000052, -1.885674469999969 ], [ 120.901068330000044, -1.885676119999971 ], [ 120.901068310000028, -1.88567822999994 ], [ 120.901068310000028, -1.885679179999954 ], [ 120.901068330000044, -1.88567981999995 ], [ 120.901068260000102, -1.885684529999935 ], [ 120.90106245000004, -1.886384009999972 ], [ 120.901057770000079, -1.88639741999998 ], [ 120.901033910000024, -1.886465879999946 ], [ 120.901054900000076, -1.886492119999957 ], [ 120.901061480000067, -1.886500349999949 ], [ 120.901061030000051, -1.886554719999936 ], [ 120.901016710000022, -1.886863149999954 ], [ 120.900983750000023, -1.887092439999947 ], [ 120.900983250000081, -1.887095909999971 ], [ 120.90097121000008, -1.887179719999949 ], [ 120.90097022000009, -1.887201569999945 ], [ 120.900970070000085, -1.887204899999972 ], [ 120.900969820000114, -1.88721062999997 ], [ 120.900969340000074, -1.887221269999941 ], [ 120.900966870000047, -1.887276049999969 ], [ 120.90096243000005, -1.887374509999972 ], [ 120.900960570000052, -1.887415739999938 ], [ 120.900960490000102, -1.887417589999927 ], [ 120.900956920000112, -1.887496839999926 ], [ 120.900955162000059, -1.887535838999952 ], [ 120.900938370000063, -1.887908319999951 ], [ 120.900961900000084, -1.888287729999945 ], [ 120.900964470000076, -1.888329059999933 ], [ 120.90096729000004, -1.888374539999973 ], [ 120.900969280000027, -1.888406649999979 ], [ 120.900970950000101, -1.888433579999969 ], [ 120.900982370000065, -1.88846370999994 ], [ 120.901012990000027, -1.888544519999925 ], [ 120.901039730000093, -1.88861505999995 ], [ 120.901086980000059, -1.888739769999972 ], [ 120.901116160000015, -1.888816749999933 ], [ 120.901132770000117, -1.888860579999971 ], [ 120.901134230000025, -1.888864439999963 ], [ 120.901160220000065, -1.888888049999935 ], [ 120.901814340000101, -1.88948223999995 ], [ 120.902078370000027, -1.889956379999944 ], [ 120.902091590000055, -1.889980119999962 ], [ 120.902264760000094, -1.889984089999928 ], [ 120.90242003000003, -1.889987649999966 ], [ 120.902454750000061, -1.889988449999976 ], [ 120.90303705000008, -1.890001789999928 ], [ 120.90328162000003, -1.890007399999945 ], [ 120.903331410000078, -1.890013329999931 ], [ 120.903888670000015, -1.890079799999967 ], [ 120.903977040000086, -1.890090339999972 ], [ 120.904247620000092, -1.890122609999935 ], [ 120.9044895400001, -1.89015145999997 ], [ 120.904533720000018, -1.890183299999933 ], [ 120.90459218, -1.890225419999979 ], [ 120.90474375000008, -1.890334629999927 ], [ 120.904892980000113, -1.890442159999964 ], [ 120.904942550000101, -1.890472089999946 ], [ 120.905055810000022, -1.890540449999946 ], [ 120.90512501, -1.89058222999995 ], [ 120.905344480000053, -1.890714719999949 ], [ 120.905735550000031, -1.89058960999995 ], [ 120.905742170000053, -1.890587489999973 ], [ 120.905810750000114, -1.89051440999998 ], [ 120.90617377, -1.890127569999947 ], [ 120.906192350000083, -1.890120919999958 ], [ 120.906706870000107, -1.889936939999927 ], [ 120.906892280000079, -1.889925209999944 ], [ 120.906892330000119, -1.889925209999944 ], [ 120.907083030000081, -1.889913149999927 ], [ 120.907678900000064, -1.890185199999962 ], [ 120.907952050000063, -1.890768479999963 ], [ 120.907952500000079, -1.890769749999947 ], [ 120.907967820000067, -1.890812659999938 ], [ 120.908133080000084, -1.891275679999978 ], [ 120.908001260000106, -1.891628669999932 ], [ 120.907998640000073, -1.89163568999993 ], [ 120.90812027000004, -1.89155317999996 ], [ 120.908149760000015, -1.891533169999946 ], [ 120.90851809000003, -1.891283319999957 ], [ 120.908752770000092, -1.891117609999981 ], [ 120.908754080000108, -1.891116689999933 ], [ 120.909554050000111, -1.892223959999967 ], [ 120.909554400000047, -1.892224449999958 ], [ 120.909555430000069, -1.892225879999955 ], [ 120.90955793, -1.892229329999964 ], [ 120.909559420000051, -1.892231389999949 ], [ 120.909560520000014, -1.892232919999969 ], [ 120.909560730000067, -1.89223321999998 ], [ 120.909563590000062, -1.89223716999993 ], [ 120.909565550000025, -1.892239879999977 ], [ 120.909567760000073, -1.892242949999968 ], [ 120.909567870000046, -1.892243099999973 ], [ 120.909568690000015, -1.89224422999996 ], [ 120.909568910000075, -1.892244539999979 ], [ 120.909570570000028, -1.892246839999927 ], [ 120.909571050000068, -1.892247499999939 ], [ 120.909574250000105, -1.892251929999929 ], [ 120.909576570000013, -1.892255139999975 ], [ 120.909578490000058, -1.892257799999925 ], [ 120.90957990000004, -1.892259749999937 ], [ 120.909580800000072, -1.892261 ], [ 120.909581360000061, -1.89226175999994 ], [ 120.909583570000109, -1.892264829999931 ], [ 120.909585800000059, -1.89226790999993 ], [ 120.909588390000067, -1.892271499999936 ], [ 120.909590850000086, -1.892274899999961 ], [ 120.909592880000105, -1.892277719999925 ], [ 120.909593340000015, -1.89227834999997 ], [ 120.90959389000011, -1.892279109999947 ], [ 120.909595150000087, -1.892280849999963 ], [ 120.909597250000047, -1.892283759999941 ], [ 120.90959935, -1.892286679999927 ], [ 120.909601480000106, -1.892289619999929 ], [ 120.90960336, -1.892292219999945 ], [ 120.909605470000088, -1.892295139999931 ], [ 120.909607600000072, -1.892298079999932 ], [ 120.909608150000054, -1.892298849999975 ], [ 120.909609530000012, -1.892300759999955 ], [ 120.90961225, -1.892304519999925 ], [ 120.909614930000089, -1.892308229999969 ], [ 120.909615080000094, -1.892308449999973 ], [ 120.909615520000102, -1.892309059999945 ], [ 120.909618500000079, -1.892313179999974 ], [ 120.909619330000055, -1.892314329999977 ], [ 120.909623210000063, -1.892319689999965 ], [ 120.909627160000014, -1.892325169999935 ], [ 120.90963274, -1.892332889999977 ], [ 120.909635200000025, -1.892336289999946 ], [ 120.909635970000068, -1.892337359999942 ], [ 120.909636640000031, -1.892338279999933 ], [ 120.909640080000031, -1.892343049999965 ], [ 120.909643690000053, -1.892348049999953 ], [ 120.909647580000069, -1.892353429999957 ], [ 120.90965076000009, -1.892357839999931 ], [ 120.909652570000048, -1.892360329999974 ], [ 120.909655650000104, -1.892364589999943 ], [ 120.90966005000007, -1.89237068999995 ], [ 120.909663570000021, -1.892375569999956 ], [ 120.909665580000024, -1.892378349999944 ], [ 120.909667440000021, -1.892380919999937 ], [ 120.909667880000029, -1.892381529999966 ], [ 120.909670600000027, -1.892385299999944 ], [ 120.909672930000056, -1.89238851999994 ], [ 120.909677980000083, -1.892395509999972 ], [ 120.909680840000078, -1.89239946999993 ], [ 120.909683690000065, -1.892403419999937 ], [ 120.90968518000011, -1.892405469999972 ], [ 120.909685750000108, -1.892406259999973 ], [ 120.909686230000034, -1.892406919999928 ], [ 120.909688730000084, -1.892410379999944 ], [ 120.909695870000064, -1.892420269999946 ], [ 120.909700870000052, -1.892427189999978 ], [ 120.909702330000073, -1.892429209999932 ], [ 120.909702940000102, -1.892430049999973 ], [ 120.909703300000047, -1.89243055999998 ], [ 120.909706340000071, -1.892434769999966 ], [ 120.909714230000077, -1.892445669999972 ], [ 120.909718700000099, -1.892451859999937 ], [ 120.909720430000107, -1.892454259999965 ], [ 120.909721170000012, -1.89245528999993 ], [ 120.909721890000014, -1.892456279999976 ], [ 120.909724260000075, -1.892459569999971 ], [ 120.909731410000063, -1.892469459999973 ], [ 120.909736940000016, -1.892477119999967 ], [ 120.909738660000016, -1.892479489999971 ], [ 120.909739660000014, -1.892480879999937 ], [ 120.909743190000086, -1.892485769999951 ], [ 120.909748470000068, -1.892493069999944 ], [ 120.909752940000089, -1.892499249999958 ], [ 120.909754500000076, -1.892501419999974 ], [ 120.909755690000111, -1.892503069999975 ], [ 120.909765900000025, -1.892517189999978 ], [ 120.909771420000084, -1.892524829999957 ], [ 120.909772480000015, -1.892526309999937 ], [ 120.909772970000063, -1.892526989999965 ], [ 120.909778910000114, -1.892535209999949 ], [ 120.909785490000104, -1.892544319999956 ], [ 120.909787800000117, -1.892547509999929 ], [ 120.90978817000007, -1.892548029999944 ], [ 120.909788490000096, -1.892548469999952 ], [ 120.909792710000033, -1.892554299999972 ], [ 120.909798880000039, -1.892562839999925 ], [ 120.909803190000048, -1.892568809999943 ], [ 120.909804830000098, -1.892571079999925 ], [ 120.909806430000117, -1.892573299999981 ], [ 120.909809290000112, -1.892577259999939 ], [ 120.909815820000063, -1.892586299999948 ], [ 120.909824440000079, -1.892598229999976 ], [ 120.909832320000078, -1.892609139999934 ], [ 120.909838690000015, -1.892617949999931 ], [ 120.909841800000095, -1.892622259999939 ], [ 120.909843140000021, -1.892624109999929 ], [ 120.90984423000009, -1.892625619999933 ], [ 120.909849130000111, -1.892632399999968 ], [ 120.909859880000113, -1.892647289999957 ], [ 120.909871560000056, -1.892663439999978 ], [ 120.909880950000115, -1.892676449999954 ], [ 120.909885700000018, -1.892683019999936 ], [ 120.909886910000068, -1.892684699999961 ], [ 120.90989414, -1.892694699999936 ], [ 120.909909990000074, -1.892716639999946 ], [ 120.909925310000062, -1.892737849999946 ], [ 120.909930470000063, -1.892744989999926 ], [ 120.909932070000082, -1.892747199999974 ], [ 120.909948410000084, -1.892769819999955 ], [ 120.909929460000058, -1.892787719999944 ], [ 120.909906170000113, -1.892809719999946 ], [ 120.909705170000052, -1.89299957999998 ], [ 120.909661300000039, -1.893041019999941 ], [ 120.909660750000057, -1.893044629999963 ], [ 120.909642850000068, -1.89316206999996 ], [ 120.909600910000108, -1.893437279999944 ], [ 120.909592770000017, -1.893490669999949 ], [ 120.909760950000077, -1.893490079999935 ], [ 120.910094120000053, -1.893488919999925 ], [ 120.910147410000036, -1.893488729999945 ], [ 120.910147460000076, -1.893488729999945 ], [ 120.910235870000065, -1.893488419999926 ], [ 120.910465650000106, -1.893485769999927 ], [ 120.910840650000068, -1.894004809999956 ], [ 120.910877490000075, -1.894055809999941 ], [ 120.910934760000032, -1.894219729999975 ], [ 120.910936100000072, -1.894223569999951 ], [ 120.910954090000018, -1.894275069999935 ], [ 120.910958860000051, -1.894288709999955 ], [ 120.910962440000048, -1.894298969999966 ], [ 120.910971170000039, -1.894323939999936 ], [ 120.91098847, -1.89437345999994 ], [ 120.911007150000046, -1.894426929999952 ], [ 120.911028200000032, -1.894487179999942 ], [ 120.911046710000051, -1.894540179999979 ], [ 120.911066090000077, -1.894595629999969 ], [ 120.911238570000023, -1.895089319999954 ], [ 120.911255360000041, -1.895417479999935 ], [ 120.911260030000108, -1.895508849999942 ], [ 120.9112660400001, -1.895626419999928 ], [ 120.911266610000098, -1.895637509999972 ], [ 120.911280360000092, -1.895662499999958 ], [ 120.911592280000036, -1.89622959999997 ], [ 120.91159773000004, -1.896273189999931 ], [ 120.911618480000016, -1.896439149999935 ], [ 120.911635520000118, -1.896575509999934 ], [ 120.911654590000012, -1.896728029999963 ], [ 120.911669480000114, -1.896847159999936 ], [ 120.911676380000017, -1.896902329999932 ], [ 120.911682130000031, -1.896948349999946 ], [ 120.911691860000019, -1.896955609999964 ], [ 120.912107530000071, -1.897265939999954 ], [ 120.912316960000112, -1.896751809999955 ], [ 120.912320190000059, -1.896743869999966 ], [ 120.912323740000033, -1.896727489999932 ], [ 120.912327450000021, -1.89671033999997 ], [ 120.912329930000055, -1.896698919999949 ], [ 120.912330600000018, -1.896695779999959 ], [ 120.912474350000025, -1.896032 ], [ 120.912490320000074, -1.896040029999938 ], [ 120.912565020000102, -1.896077559999981 ], [ 120.912643790000061, -1.896117129999936 ], [ 120.912767070000086, -1.89617906999996 ], [ 120.91287202, -1.896231799999953 ], [ 120.912960640000051, -1.896276329999978 ], [ 120.91296839000006, -1.896280219999937 ], [ 120.913006320000022, -1.896299279999937 ], [ 120.913038680000113, -1.896315529999924 ], [ 120.913098110000078, -1.896345399999973 ], [ 120.913131580000027, -1.89636220999995 ], [ 120.913135640000064, -1.896364249999976 ], [ 120.913155590000088, -1.896374279999975 ], [ 120.913171860000034, -1.896382449999976 ], [ 120.913172050000071, -1.896381739999924 ], [ 120.91357921000008, -1.894821619999959 ], [ 120.914753190000056, -1.89465894999995 ], [ 120.914885720000029, -1.894640589999938 ], [ 120.915214320000018, -1.894572959999948 ], [ 120.915676150000081, -1.894477919999929 ], [ 120.915970120000111, -1.894417419999968 ], [ 120.91597433000004, -1.89441654999996 ], [ 120.916264260000048, -1.89479431999996 ], [ 120.916264310000088, -1.894794389999959 ], [ 120.916313740000078, -1.894858789999944 ], [ 120.916418080000085, -1.894994749999967 ], [ 120.916554690000112, -1.895308979999925 ], [ 120.916650830000094, -1.895530119999933 ], [ 120.916876520000073, -1.896049269999935 ], [ 120.916921310000021, -1.896099289999938 ], [ 120.91700164000008, -1.896189009999944 ], [ 120.917024130000073, -1.896214129999976 ], [ 120.917201440000099, -1.896412159999954 ], [ 120.917395550000037, -1.896637389999967 ], [ 120.917414260000101, -1.896659099999965 ], [ 120.917425410000078, -1.896672039999942 ], [ 120.917656470000111, -1.896720329999937 ], [ 120.918009520000055, -1.896794129999932 ], [ 120.918248480000102, -1.896844069999929 ], [ 120.918612770000095, -1.896920209999962 ], [ 120.918673100000092, -1.896932819999961 ], [ 120.918722650000063, -1.896953659999951 ], [ 120.918842080000104, -1.897003879999943 ], [ 120.919166810000092, -1.89714043999993 ], [ 120.919658800000093, -1.897347329999945 ], [ 120.919926240000109, -1.897521669999946 ], [ 120.920068818000118, -1.897651209999935 ], [ 120.920128974000022, -1.897705864999978 ], [ 120.92055516500011, -1.898027333999948 ], [ 120.920557920000078, -1.898024709999959 ], [ 120.920561750000047, -1.898027549999938 ], [ 120.920676360000016, -1.89811224999994 ], [ 120.920885770000041, -1.898267029999943 ], [ 120.92092915, -1.898300879999965 ], [ 120.921067250000078, -1.898408669999981 ], [ 120.921067309000023, -1.898413636999976 ], [ 120.921067833000052, -1.898457588999975 ], [ 120.92105541400008, -1.899641522999957 ], [ 120.921056794000037, -1.899642656999958 ], [ 120.921158859000116, -1.899726526999928 ], [ 120.92156887100009, -1.900063443999954 ], [ 120.921590216000027, -1.900062264999974 ], [ 120.921590470000069, -1.900062459999958 ], [ 120.921601820000092, -1.900061819999962 ], [ 120.921610830000077, -1.900061299999948 ], [ 120.921610870000109, -1.900061299999948 ], [ 120.921616890000109, -1.900060959999962 ], [ 120.921646130000113, -1.900059299999953 ], [ 120.921731860000023, -1.900054434999959 ], [ 120.922630220000087, -1.90000337999993 ], [ 120.922680070000069, -1.900109219999933 ], [ 120.922753980000039, -1.900266159999944 ], [ 120.922778200000039, -1.900317589999929 ], [ 120.922800960000018, -1.900365909999948 ], [ 120.922829250000063, -1.900425989999974 ], [ 120.922861300000022, -1.900494049999963 ], [ 120.922890860000052, -1.900556809999955 ], [ 120.922928310000088, -1.900636329999941 ], [ 120.922939990000032, -1.900661769999942 ], [ 120.922942130000024, -1.900666429999944 ], [ 120.922943140000029, -1.900668629999927 ], [ 120.923115707000079, -1.901044383999931 ], [ 120.923375060000012, -1.901609109999924 ], [ 120.923680711000088, -1.902253963999954 ], [ 120.923811275000048, -1.902533480999978 ], [ 120.923819340000023, -1.902550989999952 ], [ 120.92385567000008, -1.902629849999926 ], [ 120.92389628, -1.902716529999964 ], [ 120.924001440000097, -1.90294100999995 ], [ 120.924057170000083, -1.90305995999995 ], [ 120.924066627000116, -1.903080146999969 ], [ 120.924346402000083, -1.903679097999941 ], [ 120.924492287000021, -1.905070008999928 ], [ 120.92449329100009, -1.905070058999968 ], [ 120.924592162000067, -1.90507497699997 ], [ 120.924731110000039, -1.905080249999969 ], [ 120.924731550000047, -1.905080269999928 ], [ 120.925020930000073, -1.905095259999939 ], [ 120.92526521000002, -1.905107899999962 ], [ 120.925441400000068, -1.905117029999928 ], [ 120.925461700000028, -1.905108739999946 ], [ 120.925683320000076, -1.905018299999938 ], [ 120.92584432000001, -1.904952599999945 ], [ 120.925857860000065, -1.904947079999943 ], [ 120.925980720000098, -1.904896939999958 ], [ 120.926081560000057, -1.904855789999942 ], [ 120.926118890000112, -1.904840559999968 ], [ 120.926142090000099, -1.904831089999959 ], [ 120.92615588000001, -1.90483009999997 ], [ 120.926172723000036, -1.904828896999959 ], [ 120.926278010000033, -1.90482137999993 ], [ 120.926719495000043, -1.904727731999969 ], [ 120.927439838000055, -1.904594452999959 ], [ 120.927954368000087, -1.904958091999958 ], [ 120.928336779, -1.905236631999969 ], [ 120.928232371000036, -1.905820170999959 ], [ 120.928012525000099, -1.907305108999935 ], [ 120.928001475000087, -1.907379742999979 ], [ 120.927999421000095, -1.907393616999968 ], [ 120.928088960000082, -1.907630881999978 ], [ 120.928109410000047, -1.907685319999928 ], [ 120.928172100000097, -1.907852169999956 ], [ 120.928197030000092, -1.907918519999953 ], [ 120.92824948000009, -1.90805813999998 ], [ 120.928251210000099, -1.908062709999967 ], [ 120.928251640000099, -1.90806385999997 ], [ 120.928252110000017, -1.908065119999947 ], [ 120.928252970000017, -1.908067399999936 ], [ 120.928255630000081, -1.908074499999941 ], [ 120.928256340000075, -1.908076369999947 ], [ 120.928258070000084, -1.908080979999966 ], [ 120.928259650000086, -1.90808519999996 ], [ 120.9282598100001, -1.908085619999952 ], [ 120.928261520000092, -1.908090159999972 ], [ 120.928263290000018, -1.908094889999973 ], [ 120.928266460000032, -1.90810332999996 ], [ 120.92826772, -1.908106679999946 ], [ 120.928269760000035, -1.908112109999934 ], [ 120.928272770000035, -1.90812010999997 ], [ 120.928276160000109, -1.908129139999971 ], [ 120.928280050000012, -1.90813948999994 ], [ 120.928281110000057, -1.90814230999996 ], [ 120.92828148000001, -1.908143309999957 ], [ 120.928283690000058, -1.908149179999953 ], [ 120.928287910000108, -1.908160409999937 ], [ 120.92829147000009, -1.908169889999954 ], [ 120.928294750000077, -1.908178609999936 ], [ 120.928297300000054, -1.908185399999979 ], [ 120.928297360000101, -1.908185549999928 ], [ 120.928299540000012, -1.908191379999948 ], [ 120.928300630000081, -1.908194259999959 ], [ 120.928306, -1.908208549999927 ], [ 120.928308430000016, -1.908215019999943 ], [ 120.928310670000087, -1.908221 ], [ 120.928312120000101, -1.908224849999954 ], [ 120.92831663000004, -1.908236839999972 ], [ 120.928321340000025, -1.908249379999972 ], [ 120.928324300000099, -1.908257269999979 ], [ 120.928325010000094, -1.908259149999935 ], [ 120.928326550000065, -1.908263249999948 ], [ 120.928327520000039, -1.908265849999964 ], [ 120.92833268000004, -1.908279569999934 ], [ 120.928337050000096, -1.908291209999959 ], [ 120.928337440000064, -1.90829223999998 ], [ 120.92834146000007, -1.908302789999937 ], [ 120.928342540000017, -1.908305619999965 ], [ 120.928345150000041, -1.908312449999926 ], [ 120.928346250000118, -1.908315339999945 ], [ 120.928349200000071, -1.908323079999946 ], [ 120.928354940000077, -1.908338119999939 ], [ 120.928360670000075, -1.908353149999925 ], [ 120.928364100000067, -1.908362139999952 ], [ 120.928368600000113, -1.908373949999941 ], [ 120.928372780000018, -1.908384889999979 ], [ 120.928375520000031, -1.90839176999998 ], [ 120.928375870000082, -1.908392679999963 ], [ 120.928388120000022, -1.908425109999939 ], [ 120.928388150000046, -1.908425199999954 ], [ 120.928441729000042, -1.908565667999937 ], [ 120.928451288000019, -1.908590997999966 ], [ 120.928451175000077, -1.90859108199993 ], [ 120.928498750000017, -1.908715159999929 ], [ 120.928592680000065, -1.908961399999953 ], [ 120.928615, -1.909019909999927 ], [ 120.928621080000084, -1.90903585999996 ], [ 120.92866441000001, -1.909149449999973 ], [ 120.928727070000036, -1.909313729999951 ], [ 120.928765110000086, -1.909413459999939 ], [ 120.928771260000076, -1.909429579999937 ], [ 120.928792110000018, -1.909484239999927 ], [ 120.928813670000068, -1.909543299999939 ], [ 120.928831700000046, -1.909592949999933 ], [ 120.928834690000031, -1.909601189999933 ], [ 120.928838180000071, -1.909610819999955 ], [ 120.928845850000016, -1.909632539999961 ], [ 120.928855060000046, -1.909659519999934 ], [ 120.92885608000006, -1.909662479999952 ], [ 120.9288651600001, -1.909689079999964 ], [ 120.928910280000082, -1.909821229999977 ], [ 120.928948130000094, -1.909917949999965 ], [ 120.928970020000065, -1.909973889999947 ], [ 120.92901229000006, -1.910090289999971 ], [ 120.929069610000056, -1.910248139999965 ], [ 120.929106990000037, -1.910351089999949 ], [ 120.929124200000047, -1.910398489999977 ], [ 120.929124410000099, -1.910399059999975 ], [ 120.929129020000119, -1.91041174999998 ], [ 120.929131300000108, -1.910418039999968 ], [ 120.929132130000085, -1.910420319999957 ], [ 120.929133280000087, -1.91042264999993 ], [ 120.929135260000066, -1.910426639999969 ], [ 120.929146050000099, -1.910448429999974 ], [ 120.929161280000017, -1.910479169999974 ], [ 120.929176250000069, -1.910509399999967 ], [ 120.929194400000029, -1.910546049999937 ], [ 120.929202510000096, -1.91056242999997 ], [ 120.929210600000033, -1.910578749999956 ], [ 120.929288880000058, -1.910736809999946 ], [ 120.929345930000068, -1.910852 ], [ 120.929431350000073, -1.911024469999973 ], [ 120.929431430000022, -1.911024639999937 ], [ 120.929677660000038, -1.911552279999967 ], [ 120.92966712000009, -1.912427039999955 ], [ 120.929659810000089, -1.913033499999926 ], [ 120.929615700000113, -1.913448109999933 ], [ 120.929570580000018, -1.913872259999948 ], [ 120.929550090000021, -1.913934949999941 ], [ 120.929544390000046, -1.913977199999977 ], [ 120.929386210000075, -1.914436229999978 ], [ 120.929255640000065, -1.91481510999995 ], [ 120.929246300000045, -1.914842219999969 ], [ 120.929128400000081, -1.914978699999949 ], [ 120.92899044, -1.915156079999974 ], [ 120.928707510000095, -1.915519849999953 ], [ 120.928517670000019, -1.915763929999969 ], [ 120.927558570000087, -1.916316449999954 ], [ 120.927522535000094, -1.916337639999938 ], [ 120.926916839000114, -1.916699088999962 ], [ 120.926902040000073, -1.916702513999951 ], [ 120.926685769000073, -1.916752559999964 ], [ 120.925766560000056, -1.916950769999971 ], [ 120.925731120000023, -1.916948959999957 ], [ 120.925285770000073, -1.916926279999927 ], [ 120.924841132000097, -1.916903629999979 ], [ 120.924365286000011, -1.916876438999964 ], [ 120.924263210000049, -1.916899683999929 ], [ 120.924036690000094, -1.916946639999935 ], [ 120.92378851, -1.916998079999928 ], [ 120.923773440000105, -1.917012449999959 ], [ 120.923672280000119, -1.917108929999927 ], [ 120.92322230000002, -1.917538089999937 ], [ 120.922857457000077, -1.917892480999967 ], [ 120.922765030000051, -1.917982259999974 ], [ 120.92242662000001, -1.918310969999936 ], [ 120.92227162000006, -1.91843106999994 ], [ 120.921742480000034, -1.918841069999928 ], [ 120.921129858000086, -1.919341856999949 ], [ 120.9210942200001, -1.919370989999948 ], [ 120.921043520000012, -1.919404449999945 ], [ 120.920937430000095, -1.919474479999963 ], [ 120.920693150000034, -1.919635719999974 ], [ 120.92066001, -1.919657589999929 ], [ 120.920485900000017, -1.919774629999949 ], [ 120.920274288000087, -1.91991686199998 ], [ 120.920285824000075, -1.919960658999969 ], [ 120.920605379000108, -1.921172619999936 ], [ 120.920989913000085, -1.922626014999935 ], [ 120.92096833100004, -1.923003696999956 ], [ 120.920944145000021, -1.923426950999954 ], [ 120.920337923000034, -1.92539755699994 ], [ 120.919880246000048, -1.926866415999939 ], [ 120.919617170000038, -1.927696358999981 ], [ 120.919422657000041, -1.928325665999978 ], [ 120.919389414000079, -1.928449572999966 ], [ 120.919144050000114, -1.929238049999981 ], [ 120.918890905000012, -1.929971197999976 ], [ 120.918821955000112, -1.930156376999946 ], [ 120.918717145000073, -1.930465844999958 ], [ 120.918675043, -1.930596265999952 ], [ 120.918684250000069, -1.930836277999958 ], [ 120.91870588200004, -1.93130307399997 ], [ 120.918711424000094, -1.931441270999926 ], [ 120.918720524000037, -1.931625333999932 ], [ 120.918721615000095, -1.931647404999978 ], [ 120.918722140000114, -1.931661940999959 ], [ 120.91872429700004, -1.931721598999957 ], [ 120.918732565000028, -1.931902344999969 ], [ 120.918739533, -1.932055888999969 ], [ 120.918740301000071, -1.932073303999971 ], [ 120.918740784000079, -1.932084209999971 ], [ 120.918740858000092, -1.932085901999926 ], [ 120.918741079000029, -1.932090917999972 ], [ 120.91874800700009, -1.932263704999968 ], [ 120.918763679000108, -1.932602821999978 ], [ 120.91876981900009, -1.932735684999955 ], [ 120.91879949600002, -1.933395741999959 ], [ 120.918803958000012, -1.933515330999967 ], [ 120.91880664700011, -1.933587394999961 ], [ 120.918809039000053, -1.933630453999967 ], [ 120.918810938000092, -1.933664627999974 ], [ 120.918816659000072, -1.93376617499996 ], [ 120.918816659000072, -1.933785852999961 ], [ 120.918816659000072, -1.933796924999967 ], [ 120.918816659000072, -1.933803098999931 ], [ 120.918817360000048, -1.933818979999955 ], [ 120.918816700000093, -1.933819159999928 ], [ 120.918815245000019, -1.933819551999932 ], [ 120.918805322000026, -1.933822225999961 ], [ 120.918634910000037, -1.933868139999959 ], [ 120.918453704000058, -1.933916962999945 ], [ 120.918453319000037, -1.933917446999942 ], [ 120.918425435000017, -1.933924579999939 ], [ 120.917651280000086, -1.934133162999956 ], [ 120.917587914000023, -1.934150235999937 ], [ 120.917298810000034, -1.934228129999951 ], [ 120.917166130000055, -1.934263879999946 ], [ 120.916886476000059, -1.934457628999951 ], [ 120.916802570000073, -1.934515759999954 ], [ 120.916802570000073, -1.934515789999978 ], [ 120.915362538000068, -1.935513483999955 ], [ 120.915348110000082, -1.935523479999972 ], [ 120.91523152000002, -1.935654439999951 ], [ 120.914794100000108, -1.936145779999947 ], [ 120.914283780000119, -1.93671446999997 ], [ 120.913893640000083, -1.937151129999961 ], [ 120.913677320000033, -1.937393249999957 ], [ 120.913190120000081, -1.937938549999956 ], [ 120.913182770000049, -1.937946779999947 ], [ 120.912960850000104, -1.938195159999964 ], [ 120.912958990000106, -1.938197239999965 ], [ 120.912865130000114, -1.938302289999967 ], [ 120.91264934000003, -1.93854381999995 ], [ 120.912597970000093, -1.938601309999967 ], [ 120.912538870000049, -1.938667459999976 ], [ 120.912510150000116, -1.938699609999958 ], [ 120.912474350000025, -1.938739679999969 ], [ 120.912462230000074, -1.938753239999926 ], [ 120.912445680000019, -1.93877595999993 ], [ 120.912415133000081, -1.93881900599996 ], [ 120.912309770000093, -1.938937217999978 ], [ 120.911283841000113, -1.940433150999979 ], [ 120.911189980000017, -1.940567119999969 ], [ 120.910557550000021, -1.941449639999973 ], [ 120.910528710000108, -1.941489879999949 ], [ 120.91039086, -1.941682239999977 ], [ 120.910288960000116, -1.941827219999936 ], [ 120.910149400000023, -1.94202576999993 ], [ 120.909769530000062, -1.942566219999946 ], [ 120.909330360000013, -1.943191049999939 ], [ 120.908880610000097, -1.943830929999933 ], [ 120.908789240000033, -1.943960919999938 ], [ 120.908685980000087, -1.94410782999995 ], [ 120.907285880000018, -1.945984259999932 ], [ 120.90505582000003, -1.948954919999949 ], [ 120.903832950000037, -1.950568559999965 ], [ 120.902286000000117, -1.952631169999961 ], [ 120.901695200000063, -1.953418899999974 ], [ 120.89962292000007, -1.956112859999962 ], [ 120.898767380000095, -1.957238229999973 ], [ 120.896735650000096, -1.959897209999951 ], [ 120.893752020000079, -1.963766519999979 ], [ 120.893407170000046, -1.964217689999941 ], [ 120.892985890000091, -1.964768849999928 ], [ 120.890115920000085, -1.968550819999962 ], [ 120.887371440000038, -1.972171769999932 ], [ 120.886421920000089, -1.973426639999957 ], [ 120.884973540000033, -1.975351579999938 ], [ 120.884004610000034, -1.976639939999927 ], [ 120.883394610000096, -1.977451029999941 ], [ 120.881725570000071, -1.979670299999952 ], [ 120.88134299, -1.980165649999947 ], [ 120.880875180000089, -1.980771339999933 ], [ 120.880030210000086, -1.981865359999972 ], [ 120.879804520000107, -1.982153309999944 ], [ 120.87925, -1.982881359999965 ], [ 120.876479590000031, -1.986439269999948 ], [ 120.875676530000078, -1.987791329999936 ], [ 120.87545316, -1.988162099999954 ], [ 120.874850990000027, -1.989179929999978 ], [ 120.874422250000066, -1.98990460999994 ], [ 120.874252590000083, -1.990176099999928 ], [ 120.873965480000038, -1.990635539999971 ], [ 120.873816160000047, -1.990902179999978 ], [ 120.87321635, -1.991900409999971 ], [ 120.873147350000067, -1.99197909999998 ], [ 120.87305269, -1.992087039999944 ], [ 120.872996150000063, -1.992151519999936 ], [ 120.872920550000117, -1.992237729999943 ], [ 120.872869810000111, -1.992295589999969 ], [ 120.87272379, -1.992462099999955 ], [ 120.872695150000027, -1.992494759999943 ], [ 120.87259151, -1.992607379999924 ], [ 120.872469620000061, -1.992739839999956 ], [ 120.872425800000087, -1.992787459999931 ], [ 120.872380470000053, -1.992836719999957 ], [ 120.872175980000065, -1.99307067999996 ], [ 120.872143750000077, -1.993107559999942 ], [ 120.87202987, -1.993237849999957 ], [ 120.871794440000031, -1.993507209999962 ], [ 120.871757510000066, -1.993549469999948 ], [ 120.871718950000059, -1.993593589999932 ], [ 120.871650620000082, -1.993671769999935 ], [ 120.871559920000095, -1.993775539999945 ], [ 120.871423850000042, -1.993931219999979 ], [ 120.871298060000072, -1.99407513999995 ], [ 120.87085004000005, -1.994587739999929 ], [ 120.869144390000088, -1.996539239999947 ], [ 120.86757845000011, -1.998322669999936 ], [ 120.86744017, -1.998480159999929 ], [ 120.867347400000085, -1.998585809999952 ], [ 120.867241030000059, -1.998706959999936 ], [ 120.86715171000003, -1.998808679999968 ], [ 120.867077420000101, -1.998893289999955 ], [ 120.866942150000114, -1.999047349999955 ], [ 120.866785500000105, -1.999225749999937 ], [ 120.86664716000007, -1.999383309999928 ], [ 120.866572950000091, -1.999467829999958 ], [ 120.866485260000104, -1.999567699999943 ], [ 120.866420050000102, -1.999641959999963 ], [ 120.866338160000055, -1.999735219999934 ], [ 120.866259720000016, -1.999824549999971 ], [ 120.866191670000035, -1.999902059999954 ], [ 120.866091860000097, -2.000015739999981 ], [ 120.866023830000017, -2.000093209999932 ], [ 120.865906390000077, -2.000226959999964 ], [ 120.86581286, -2.000333479999938 ], [ 120.865736970000057, -2.000419909999948 ], [ 120.865676250000092, -2.000489069999958 ], [ 120.865614250000021, -2.000559669999973 ], [ 120.865574410000022, -2.000605049999933 ], [ 120.865547240000069, -2.000635989999978 ], [ 120.865481780000096, -2.000710549999951 ], [ 120.86540130000003, -2.000802199999953 ], [ 120.865382660000023, -2.000823429999969 ], [ 120.865317350000055, -2.000897809999969 ], [ 120.865258840000024, -2.000964449999969 ], [ 120.865226420000113, -2.001001359999975 ], [ 120.865224510000075, -2.001003539999942 ], [ 120.865210500000103, -2.001019509999935 ], [ 120.864221340000086, -2.002146039999957 ], [ 120.86363024000002, -2.002833599999974 ], [ 120.863330910000059, -2.003176289999942 ], [ 120.863279030000058, -2.003235669999981 ], [ 120.86292814, -2.00363737999993 ], [ 120.862927650000074, -2.003637949999927 ], [ 120.862897980000071, -2.00367190999998 ], [ 120.862879730000031, -2.003692799999953 ], [ 120.862873740000055, -2.003699659999938 ], [ 120.862862620000101, -2.003712389999976 ], [ 120.862850060000028, -2.003726769999957 ], [ 120.862835170000039, -2.003743819999954 ], [ 120.86281740000004, -2.003764159999946 ], [ 120.862814810000032, -2.003767119999964 ], [ 120.862805470000012, -2.003777819999925 ], [ 120.862789370000087, -2.003796249999937 ], [ 120.862784420000025, -2.003802349999944 ], [ 120.86277855000003, -2.003809589999946 ], [ 120.862774570000056, -2.003814499999976 ], [ 120.862659480000048, -2.003956479999943 ], [ 120.862551570000051, -2.004089599999929 ], [ 120.862551550000035, -2.004089619999945 ], [ 120.862439950000066, -2.004231459999971 ], [ 120.861741500000107, -2.005119139999977 ], [ 120.861290360000112, -2.005686569999966 ], [ 120.859870830000091, -2.007472 ], [ 120.859859420000021, -2.007485159999931 ], [ 120.859799600000088, -2.007560659999967 ], [ 120.859584360000099, -2.007802539999943 ], [ 120.859060580000119, -2.008391149999966 ], [ 120.857740190000072, -2.009833409999942 ], [ 120.857827750000069, -2.010271229999944 ], [ 120.857921530000112, -2.010740129999931 ], [ 120.858050210000101, -2.010790879999945 ], [ 120.8584579300001, -2.010951659999932 ], [ 120.85621153000011, -2.013431449999928 ], [ 120.854283641000052, -2.016046742999947 ], [ 120.853738470000053, -2.016785328999958 ], [ 120.853183536000074, -2.017489007999927 ], [ 120.851947806000112, -2.018999344999941 ], [ 120.851411489000043, -2.019693251999968 ], [ 120.851279420000083, -2.019856709999942 ], [ 120.851036090000093, -2.020162159999927 ], [ 120.850501856000051, -2.020832774999974 ], [ 120.850180612000031, -2.021198110999933 ], [ 120.850191468000048, -2.021201917999974 ], [ 120.848337874000094, -2.023524631999976 ], [ 120.846821816000102, -2.025704321999967 ], [ 120.843646677000038, -2.030858916999932 ], [ 120.843578370000046, -2.031035445999976 ], [ 120.842649710000046, -2.03325837999995 ], [ 120.842607510000107, -2.033359369999971 ], [ 120.842225140000096, -2.034387589999938 ], [ 120.841395270000021, -2.036619149999979 ], [ 120.841038500000082, -2.037599296999929 ], [ 120.840763308000078, -2.038310481999929 ], [ 120.838657991000105, -2.047738641999956 ], [ 120.838465787000018, -2.048763729999962 ], [ 120.838315110000053, -2.049503859999959 ], [ 120.838305440000113, -2.049551379999969 ], [ 120.838108620000071, -2.050601749999942 ], [ 120.837653500000101, -2.053030659999934 ], [ 120.837630640000043, -2.053152689999934 ], [ 120.837590490000025, -2.053369749999945 ], [ 120.836876040000107, -2.057232119999981 ], [ 120.836356880000039, -2.060003249999966 ], [ 120.836248952, -2.060579341999926 ], [ 120.835963578000019, -2.062095210999928 ], [ 120.831358259000012, -2.086558043999958 ], [ 120.829969172, -2.09393668599995 ], [ 120.829847696000115, -2.094581950999952 ], [ 120.83003817000008, -2.096358574999954 ], [ 120.832097468000029, -2.115566471999955 ], [ 120.832463610000104, -2.121905307999953 ], [ 120.831750340000099, -2.121823125999924 ], [ 120.831719428000042, -2.121819564999953 ], [ 120.831611366000061, -2.121807113999978 ], [ 120.831615950000014, -2.121829199999979 ], [ 120.836472890000096, -2.145234389999928 ], [ 120.83687018, -2.147148899999934 ], [ 120.837080750000041, -2.148163629999942 ], [ 120.838712190000024, -2.156025399999976 ], [ 120.840709230000016, -2.175384489999942 ], [ 120.841515560000062, -2.183200919999933 ], [ 120.841931730000056, -2.18963483999994 ], [ 120.841951260000087, -2.197276339999974 ], [ 120.842033510000078, -2.204121649999934 ], [ 120.842473200000086, -2.211323209999932 ], [ 120.842098530000044, -2.218441079999934 ], [ 120.837739770000098, -2.218591679999975 ], [ 120.832894240000087, -2.219642309999927 ], [ 120.825578490000112, -2.22105087999995 ], [ 120.819723270000054, -2.222277659999975 ], [ 120.815852450000079, -2.223088669999925 ], [ 120.814154900000062, -2.223441 ], [ 120.809416130000045, -2.224424548999934 ], [ 120.806545551000113, -2.22502034799993 ], [ 120.805683417000068, -2.225199286999953 ], [ 120.784464010000079, -2.227048342999979 ], [ 120.784463982000034, -2.227048345999947 ], [ 120.779783519000034, -2.227456200999939 ], [ 120.779581263000068, -2.227473824999947 ], [ 120.779298826000058, -2.227498436999952 ], [ 120.778913207000073, -2.227532039999971 ], [ 120.778565149000087, -2.227562368999941 ], [ 120.778062443000067, -2.227606174999949 ], [ 120.777627749000089, -2.227644053999938 ], [ 120.77733597800011, -2.227669478999928 ], [ 120.777210208000042, -2.227680438999926 ], [ 120.777176938000025, -2.227683337999963 ], [ 120.777140283000108, -2.22768653199995 ], [ 120.777043049000099, -2.22769500499993 ], [ 120.776919632000045, -2.227705758999946 ], [ 120.776883853000072, -2.227708876999941 ], [ 120.776786086000016, -2.227681336999979 ], [ 120.776724367000043, -2.227800275999925 ], [ 120.776651829000116, -2.227940064999927 ], [ 120.776588982000021, -2.228061178999951 ], [ 120.776497851000045, -2.228236799999934 ], [ 120.776433095000016, -2.228361590999953 ], [ 120.776413692, -2.228398983999966 ], [ 120.776335859000028, -2.228450832999954 ], [ 120.77623974200003, -2.22851486299993 ], [ 120.776106830000117, -2.228603403999955 ], [ 120.776010166000106, -2.228667797999947 ], [ 120.77591239800006, -2.228732926999953 ], [ 120.775772900000106, -2.228825855999958 ], [ 120.77564828300001, -2.228875664999975 ], [ 120.775532989000112, -2.228921747999948 ], [ 120.775354514000014, -2.228993083999967 ], [ 120.77518512600011, -2.229054645999952 ], [ 120.775093684000012, -2.229080823999936 ], [ 120.774975499000107, -2.22911449399993 ], [ 120.774748583000019, -2.229179277999947 ], [ 120.774582849000012, -2.229226594999943 ], [ 120.774551841000061, -2.22923544799994 ], [ 120.773743725000031, -2.229466162999927 ], [ 120.77295038200009, -2.229604030999951 ], [ 120.772337014000072, -2.229710623999949 ], [ 120.771679057000028, -2.229824963999931 ], [ 120.771287355000027, -2.229893034999975 ], [ 120.770527417000039, -2.230101858999944 ], [ 120.76971771500007, -2.230324358999951 ], [ 120.769266061000053, -2.230448468999953 ], [ 120.769101150000097, -2.230493785999954 ], [ 120.768865941000058, -2.230558418999976 ], [ 120.768490692000114, -2.230661533999978 ], [ 120.768178755, -2.230747251999958 ], [ 120.767792360000044, -2.230853429999968 ], [ 120.767359110000029, -2.23097248299996 ], [ 120.766931232000047, -2.231081772999971 ], [ 120.766402158, -2.23117506799997 ], [ 120.765836269000033, -2.23127485599997 ], [ 120.765375201000097, -2.231355506999932 ], [ 120.765269317000048, -2.231372862999933 ], [ 120.764961534, -2.231429103999972 ], [ 120.764516835000109, -2.231507520999969 ], [ 120.763897193000048, -2.231616785999961 ], [ 120.763311546000068, -2.231717920999927 ], [ 120.762374250000107, -2.231855653999958 ], [ 120.7617782640001, -2.231943231999935 ], [ 120.760689057000036, -2.232103287999962 ], [ 120.759928337000019, -2.232215073999953 ], [ 120.758868755000094, -2.232368146999931 ], [ 120.758561272000065, -2.232415959999969 ], [ 120.756121940000071, -2.232774412999959 ], [ 120.753935696000099, -2.232178616999931 ], [ 120.753772155000092, -2.232134048999967 ], [ 120.753722621000065, -2.232121270999926 ], [ 120.753623399000048, -2.23209350999997 ], [ 120.753533194000056, -2.232068926999943 ], [ 120.753399175000027, -2.232032403999938 ], [ 120.753309374000082, -2.232007930999941 ], [ 120.753236567000044, -2.231988089999959 ], [ 120.753134845000091, -2.231960368999978 ], [ 120.753080853000029, -2.231945654999947 ], [ 120.753027726000028, -2.231931176999979 ], [ 120.752758441000083, -2.231857790999925 ], [ 120.752743545000044, -2.231853731999934 ], [ 120.75272316500002, -2.23184817799995 ], [ 120.752678627000023, -2.231836039999962 ], [ 120.752621766000061, -2.231820543999959 ], [ 120.752581977000091, -2.231811354999934 ], [ 120.752507525000055, -2.231798955999977 ], [ 120.752106534000063, -2.231732174999934 ], [ 120.751618488000076, -2.231650895999962 ], [ 120.751428597000086, -2.231619270999943 ], [ 120.751061864, -2.23155819599998 ], [ 120.750817430000097, -2.231517486999962 ], [ 120.750635931000033, -2.23148982999993 ], [ 120.750435841000012, -2.231453937999959 ], [ 120.750034414000083, -2.231387083999948 ], [ 120.749865162000106, -2.231378182999947 ], [ 120.746588650000035, -2.231205864999936 ], [ 120.746474923000051, -2.231199883999977 ], [ 120.746227472000101, -2.231186869999931 ], [ 120.745976063000057, -2.231173647999981 ], [ 120.745500261000075, -2.231047795999928 ], [ 120.744524056000046, -2.230789583999979 ], [ 120.744135399000015, -2.230686782999953 ], [ 120.743767236000053, -2.230589400999975 ], [ 120.743607972000063, -2.230547274999935 ], [ 120.742943980000064, -2.230371645999981 ], [ 120.742438695000033, -2.230237994999925 ], [ 120.74231596900006, -2.230213187999937 ], [ 120.742195026000104, -2.230130039999949 ], [ 120.741957217000049, -2.229966546999947 ], [ 120.741774053000086, -2.22993762599998 ], [ 120.737729001000048, -2.229298934999974 ], [ 120.737679236000076, -2.229291076999971 ], [ 120.737464781000085, -2.229257215999951 ], [ 120.737189710000052, -2.229213783999967 ], [ 120.737035455000068, -2.229185447999953 ], [ 120.736770628000045, -2.229123134999952 ], [ 120.736285218000035, -2.229008920999945 ], [ 120.735812699, -2.228897738999933 ], [ 120.735338589000094, -2.228786183999944 ], [ 120.734952171000032, -2.228695261999974 ], [ 120.734542994000094, -2.228598983999973 ], [ 120.734075221000012, -2.228484554999966 ], [ 120.733696068000086, -2.228399706999937 ], [ 120.733222435000016, -2.228288262999968 ], [ 120.732087007000018, -2.22801719499995 ], [ 120.730855163000115, -2.22771985199995 ], [ 120.730087277000052, -2.227534498999944 ], [ 120.729758734000029, -2.227429445999974 ], [ 120.729067671000053, -2.227189075999945 ], [ 120.728762757000027, -2.227083018999963 ], [ 120.727687961000015, -2.226709176999975 ], [ 120.727687961, -2.22670917699997 ], [ 120.722062374000075, -2.225376800999925 ], [ 120.71895349700003, -2.224044425999978 ], [ 120.717028955000046, -2.223156174999929 ], [ 120.709330784000031, -2.216642337999929 ], [ 120.705777782000041, -2.21545800399997 ], [ 120.702964988000076, -2.213089335999939 ], [ 120.699411986000086, -2.211016751999978 ], [ 120.697487444000103, -2.209684375999927 ], [ 120.696155068000053, -2.20894416699997 ], [ 120.69423052500008, -2.208203958999945 ], [ 120.69289814900003, -2.207315707999953 ], [ 120.691269690000013, -2.206723540999974 ], [ 120.689937314000076, -2.206279415999973 ], [ 120.688012772000093, -2.206131373999938 ], [ 120.685644104000062, -2.205687248999936 ], [ 120.685708107000096, -2.20559713199998 ], [ 120.685493749000102, -2.205553085999952 ], [ 120.684883077000109, -2.204942413999959 ], [ 120.681922242000041, -2.201759515999925 ], [ 120.681015486000092, -2.200223582999968 ], [ 120.680460329000084, -2.198891206999974 ], [ 120.67955357400001, -2.198039966999943 ], [ 120.678276713000059, -2.196874137999941 ], [ 120.677666041000066, -2.196559549999961 ], [ 120.677698226000075, -2.196509700999968 ], [ 120.677082924000047, -2.196043562999932 ], [ 120.676953590000039, -2.19603215099994 ], [ 120.67615786600004, -2.195569519999935 ], [ 120.675288121000108, -2.195254931999955 ], [ 120.674510901000076, -2.195106889999977 ], [ 120.673877370000014, -2.19484555799994 ], [ 120.673773006000033, -2.194824684999958 ], [ 120.672551661000057, -2.194500843999947 ], [ 120.672427412000047, -2.194446089999929 ], [ 120.672422125000026, -2.194454580999945 ], [ 120.67133031700007, -2.193936434999955 ], [ 120.669572321000032, -2.19295565799996 ], [ 120.668017883000061, -2.192048902999943 ], [ 120.668039598000064, -2.192014409999956 ], [ 120.665306868000016, -2.189661728999965 ], [ 120.664386234000062, -2.188944651999975 ], [ 120.664390103000073, -2.188938361999931 ], [ 120.658348906000015, -2.184665319999965 ], [ 120.650539704000039, -2.179483858999959 ], [ 120.642915554000069, -2.174820543999942 ], [ 120.637032975000011, -2.170941718999927 ], [ 120.636938368000074, -2.171063984999932 ], [ 120.622430277000035, -2.162329520999947 ], [ 120.614584064000042, -2.156259809999938 ], [ 120.604221141000039, -2.144712552999977 ], [ 120.593710177000048, -2.135089838999932 ], [ 120.586604173000069, -2.129612294999959 ], [ 120.580238378000104, -2.122358248999944 ], [ 120.579257601000108, -2.119526949999965 ], [ 120.576870428, -2.11478961399996 ], [ 120.576919529000065, -2.114722339999958 ], [ 120.548094813000034, -2.082349965999924 ], [ 120.543949644, -2.078796963999935 ], [ 120.541729018000069, -2.075762107999935 ], [ 120.540692726000088, -2.074281690999953 ], [ 120.53973045400005, -2.070136521999927 ], [ 120.536534915000061, -2.066669361999971 ], [ 120.536131189000116, -2.066194909999979 ], [ 120.536032284000044, -2.066118703999962 ], [ 120.533757530000116, -2.06436602499997 ], [ 120.53211671300005, -2.062946087999933 ], [ 120.525084730000117, -2.055247916999974 ], [ 120.519533164000109, -2.049030162999941 ], [ 120.509688388000086, -2.037260843999945 ], [ 120.503248572000075, -2.030080818999977 ], [ 120.498437215000081, -2.02304883599993 ], [ 120.494314584000108, -2.016783124999961 ], [ 120.494242211000028, -2.016641503999949 ], [ 120.494005215000016, -2.016308309999943 ], [ 120.49400697100009, -2.016307175999941 ], [ 120.493815901000062, -2.016000724999969 ], [ 120.493169713000043, -2.015194804999965 ], [ 120.48691309000003, -2.005612293999945 ], [ 120.48365617200011, -2.001763207999943 ], [ 120.483953459000077, -1.991952716999947 ], [ 120.483836598000039, -1.987278247999939 ], [ 120.48279324300006, -1.986140990999957 ], [ 120.480695337000043, -1.984590364999974 ], [ 120.479659044000073, -1.97970498799998 ], [ 120.476698209, -1.977484360999938 ], [ 120.476524380000114, -1.976342053999929 ], [ 120.475675796000019, -1.973408586999938 ], [ 120.475018861000081, -1.971595075999971 ], [ 120.474389683000027, -1.969827826999961 ], [ 120.473492180000108, -1.968051325999966 ], [ 120.472501096000087, -1.966021585999954 ], [ 120.472303220000072, -1.96567109199998 ], [ 120.47181987700003, -1.964904284999932 ], [ 120.471688611000104, -1.964696034999974 ], [ 120.471687922000115, -1.964694941999937 ], [ 120.470780255000022, -1.963599821999935 ], [ 120.470157227000072, -1.962758734999966 ], [ 120.468310141000075, -1.961645050999948 ], [ 120.465668521000111, -1.961114760999976 ], [ 120.465669085000059, -1.961109935999957 ], [ 120.464132370000016, -1.957012039999938 ], [ 120.461825370000042, -1.953679699999952 ], [ 120.461617650000107, -1.953437369999961 ], [ 120.45874936000007, -1.950091029999953 ], [ 120.454645880000044, -1.946522779999952 ], [ 120.453014290000056, -1.945104009999966 ], [ 120.452853680000089, -1.944964349999964 ], [ 120.4477270000001, -1.93881233999997 ], [ 120.446405240000104, -1.937490569999966 ], [ 120.446189000000118, -1.93727432999998 ], [ 120.441574990000049, -1.936505329999932 ], [ 120.436191980000103, -1.932147659999941 ], [ 120.427429650000022, -1.924136379999936 ], [ 120.422862620000046, -1.918049289999942 ], [ 120.418968940000013, -1.914642329999936 ], [ 120.418761270000118, -1.914460619999943 ], [ 120.416966940000066, -1.910102939999945 ], [ 120.41574520000006, -1.908270329999937 ], [ 120.414887510000085, -1.906983799999978 ], [ 120.411327590000042, -1.90164391999997 ], [ 120.408507920000034, -1.897286249999979 ], [ 120.403381240000044, -1.895491909999976 ], [ 120.396460220000108, -1.895235569999954 ], [ 120.390820880000092, -1.895235569999954 ], [ 120.388770210000075, -1.897542579999936 ], [ 120.386975870000015, -1.904719929999942 ], [ 120.386927700000115, -1.905041059999974 ], [ 120.385437870000032, -1.91497327999997 ], [ 120.385023, -1.917047639999964 ], [ 120.38236186000006, -1.930353319999938 ], [ 120.379542190000052, -1.945220679999977 ], [ 120.379493602000025, -1.946775445999947 ], [ 120.379285850000088, -1.953423369999939 ], [ 120.37544084000001, -1.96111338999998 ], [ 120.372108500000081, -1.962907719999976 ], [ 120.370057830000064, -1.969828739999969 ], [ 120.368007160000047, -1.975980749999962 ], [ 120.3669818300001, -1.98162009999993 ], [ 120.364931150000075, -1.987259439999946 ], [ 120.362880480000058, -1.991617119999944 ], [ 120.362876890000052, -1.991684469999939 ], [ 120.36185515000011, -2.010842159999925 ], [ 120.358010140000033, -2.012892829999942 ], [ 120.356984800000077, -2.019044849999943 ], [ 120.353908800000113, -2.023915189999968 ], [ 120.353564230000075, -2.024374619999946 ], [ 120.349294790000044, -2.03006720999997 ], [ 120.347756780000054, -2.039038889999972 ], [ 120.346561220000012, -2.044219649999945 ], [ 120.345449780000081, -2.04903590999993 ], [ 120.345195900000022, -2.051574639999956 ], [ 120.34468078000009, -2.056725929999971 ], [ 120.339810430000057, -2.061339939999925 ], [ 120.334940090000032, -2.061596269999939 ], [ 120.332633080000051, -2.060570939999934 ], [ 120.328603120000025, -2.058757459999924 ], [ 120.327506400000061, -2.058263929999953 ], [ 120.323917730000062, -2.055700599999966 ], [ 120.319563190000054, -2.053188359999979 ], [ 120.31725305000009, -2.051855589999946 ], [ 120.31110104000004, -2.050573919999977 ], [ 120.306999690000112, -2.047497909999947 ], [ 120.306490820000022, -2.047282619999976 ], [ 120.300335010000026, -2.044678239999939 ], [ 120.298056060000022, -2.043523439999944 ], [ 120.291568170000119, -2.040235869999947 ], [ 120.285467650000101, -2.035193879999952 ], [ 120.28296631, -2.033109439999976 ], [ 120.282391640000014, -2.032630539999957 ], [ 120.276495960000034, -2.03057986999994 ], [ 120.276211230000058, -2.030468459999952 ], [ 120.276211040000021, -2.030467879999946 ], [ 120.271146690000023, -2.028486629999975 ], [ 120.270600280000053, -2.028272869999967 ], [ 120.26821464000011, -2.028329669999948 ], [ 120.261968190000061, -2.028478389999975 ], [ 120.254845770000088, -2.02864797999996 ] ] ] ] } }
]
}
