{
"type": "FeatureCollection",
"name": "kdkab_12",
"crs": { "type": "name", "properties": { "name": "urn:ogc:def:crs:OGC:1.3:CRS84" } },
"xy_coordinate_resolution": 1e-15,
"features": [
{ "type": "Feature", "properties": { "fid": null, "gid": 246985.0, "kdprov": "72", "kdkab": "12", "kdkec": "040", "nmprov": "SULAWESI TENGAH", "nmkab": "MOROWALI UTARA", "nmkec": "PETASIA TIMUR", "luas": 2445023.1160499998, "sumber": null, "periode": "2025_1", "layer": null, "path": null, "idkec": "7212040" }, "geometry": { "type": "MultiPolygon", "coordinates": [ [ [ [ 121.31960885, -2.38895864999995 ], [ 121.319555840000021, -2.388948709999966 ], [ 121.319523380000078, -2.388942619999966 ], [ 121.319471810000096, -2.388932949999969 ], [ 121.319360170000095, -2.388912009999956 ], [ 121.319292510000082, -2.38889931999995 ], [ 121.319138360000011, -2.388870409999925 ], [ 121.31913003000011, -2.388868849999938 ], [ 121.319068400000106, -2.388857289999976 ], [ 121.319011790000104, -2.388846679999972 ], [ 121.318956910000111, -2.38883637999993 ], [ 121.318881200000078, -2.388822189999928 ], [ 121.318750900000055, -2.388797749999981 ], [ 121.318675330000019, -2.388783579999938 ], [ 121.318663190000052, -2.388781299999948 ], [ 121.318529350000063, -2.388741429999925 ], [ 121.318467090000013, -2.388722879999932 ], [ 121.318394130000115, -2.388701139999966 ], [ 121.318269830000077, -2.38866411999993 ], [ 121.318198070000108, -2.388642739999966 ], [ 121.318138790000035, -2.38862507999994 ], [ 121.318127440000012, -2.388621699999931 ], [ 121.318040900000028, -2.388595919999943 ], [ 121.318001850000087, -2.388584279999975 ], [ 121.31791963, -2.388559789999931 ], [ 121.317918890000101, -2.388559569999927 ], [ 121.317815190000033, -2.388528679999979 ], [ 121.317753440000047, -2.388510279999934 ], [ 121.317658300000062, -2.388481939999963 ], [ 121.317635140000107, -2.388475039999946 ], [ 121.317627750000042, -2.388472839999963 ], [ 121.317565830000035, -2.388454389999936 ], [ 121.317501650000054, -2.388421929999936 ], [ 121.31738766, -2.388364269999954 ], [ 121.317291790000013, -2.388315779999971 ], [ 121.317182660000071, -2.388260579999951 ], [ 121.31699943000001, -2.388167909999936 ], [ 121.316809520000106, -2.38807184999996 ], [ 121.316683500000067, -2.38800810999993 ], [ 121.316615920000118, -2.38797392999993 ], [ 121.316569030000096, -2.387941029999979 ], [ 121.316503150000017, -2.387894809999977 ], [ 121.316419230000065, -2.387835939999945 ], [ 121.316315390000113, -2.387763079999957 ], [ 121.316049480000061, -2.387576509999974 ], [ 121.315875120000101, -2.387454179999963 ], [ 121.315639920000081, -2.387289169999974 ], [ 121.315415090000101, -2.387131429999954 ], [ 121.315368880000051, -2.387104669999928 ], [ 121.315289610000036, -2.387058759999945 ], [ 121.315227010000058, -2.387022509999952 ], [ 121.315197330000046, -2.387005319999957 ], [ 121.315176700000052, -2.386993369999971 ], [ 121.31506902000001, -2.386931009999955 ], [ 121.315018056000099, -2.386901492999925 ], [ 121.314974730000017, -2.386876399999949 ], [ 121.314926950000086, -2.38684872999994 ], [ 121.314728960000025, -2.386734069999932 ], [ 121.314702730000022, -2.386718879999933 ], [ 121.314643520000118, -2.386684589999959 ], [ 121.314638770000101, -2.386681839999937 ], [ 121.314590090000024, -2.386653649999971 ], [ 121.314513410000018, -2.386609239999927 ], [ 121.314499540000043, -2.386601209999981 ], [ 121.31441570000004, -2.386552649999942 ], [ 121.314261560000091, -2.38646338999996 ], [ 121.314148030000069, -2.386397629999976 ], [ 121.314018880000049, -2.386322839999934 ], [ 121.313904730000104, -2.386256729999957 ], [ 121.313858080000045, -2.38622971999996 ], [ 121.313841520000096, -2.386220119999962 ], [ 121.313808460000018, -2.386200979999956 ], [ 121.313780700000052, -2.386184899999932 ], [ 121.313754480000057, -2.386169719999941 ], [ 121.313716690000092, -2.38614782999997 ], [ 121.313648550000039, -2.386108369999931 ], [ 121.313498210000034, -2.386021299999925 ], [ 121.313399170000025, -2.385963949999962 ], [ 121.313374730000078, -2.385949789999927 ], [ 121.31324437, -2.385874299999955 ], [ 121.313211300000034, -2.385855139999933 ], [ 121.313194280000062, -2.385845289999963 ], [ 121.313170970000101, -2.385831789999941 ], [ 121.313109360000112, -2.385796109999944 ], [ 121.313075830000116, -2.385776689999943 ], [ 121.312991040000043, -2.385727589999931 ], [ 121.312961790000031, -2.385710639999957 ], [ 121.312907210000049, -2.385679029999949 ], [ 121.312854960000095, -2.38564877999994 ], [ 121.312773180000022, -2.385601419999944 ], [ 121.3127081, -2.385563719999936 ], [ 121.312625890000049, -2.385516119999977 ], [ 121.312575810000112, -2.385487109999929 ], [ 121.312496130000113, -2.385440969999934 ], [ 121.312393850000035, -2.385381739999957 ], [ 121.312312630000065, -2.38533469999993 ], [ 121.312300140000048, -2.385327469999936 ], [ 121.312293630000113, -2.38532368999995 ], [ 121.312264410000012, -2.385306769999943 ], [ 121.312180750000039, -2.385258329999942 ], [ 121.31199684, -2.385151819999976 ], [ 121.311901410000019, -2.385096549999957 ], [ 121.311658170000101, -2.38495568999997 ], [ 121.311500040000055, -2.384864109999967 ], [ 121.311403940000105, -2.38480844999998 ], [ 121.311391800000024, -2.384801419999974 ], [ 121.311383690000071, -2.38479671999994 ], [ 121.311343970000053, -2.384773719999941 ], [ 121.311317470000063, -2.384758379999937 ], [ 121.311273770000071, -2.384733069999925 ], [ 121.311032410000053, -2.384593289999941 ], [ 121.310979240000052, -2.384562489999951 ], [ 121.310777360000088, -2.384445579999976 ], [ 121.310700360000055, -2.384400989999961 ], [ 121.310590900000079, -2.384337599999981 ], [ 121.310495840000044, -2.384282549999966 ], [ 121.31043933, -2.38424981999998 ], [ 121.310429710000108, -2.384244249999938 ], [ 121.310399940000025, -2.384227009999961 ], [ 121.310395860000085, -2.384224639999957 ], [ 121.310367860000042, -2.384208429999944 ], [ 121.310241960000099, -2.384135519999973 ], [ 121.310050500000102, -2.38402463999995 ], [ 121.309887350000054, -2.383930149999969 ], [ 121.309638020000079, -2.383785749999959 ], [ 121.309560360000091, -2.383740779999926 ], [ 121.309537170000112, -2.383727349999958 ], [ 121.309507720000056, -2.383710289999954 ], [ 121.309477900000047, -2.383693029999961 ], [ 121.309410470000103, -2.383653979999963 ], [ 121.309248270000012, -2.383560039999963 ], [ 121.309109650000096, -2.383479759999943 ], [ 121.308995180000011, -2.383413469999937 ], [ 121.308885910000072, -2.383350189999931 ], [ 121.308823780000012, -2.383314199999973 ], [ 121.308742780000102, -2.383267299999943 ], [ 121.308719520000068, -2.383253829999944 ], [ 121.308692750000091, -2.383238319999975 ], [ 121.308676760000026, -2.383229059999962 ], [ 121.308591410000076, -2.383179629999972 ], [ 121.308557030000088, -2.383159719999981 ], [ 121.308408350000036, -2.383073619999948 ], [ 121.30835817000002, -2.383044559999973 ], [ 121.308156480000093, -2.382927749999965 ], [ 121.308064850000051, -2.382874689999937 ], [ 121.307982590000051, -2.382827049999946 ], [ 121.307904550000103, -2.382782919999954 ], [ 121.307860800000071, -2.382759109999938 ], [ 121.307850080000094, -2.382753269999967 ], [ 121.307794180000087, -2.382722849999936 ], [ 121.307695230000036, -2.382668989999956 ], [ 121.307515370000033, -2.38257109999995 ], [ 121.307382830000051, -2.382498959999964 ], [ 121.30732502, -2.382467509999969 ], [ 121.307187920000047, -2.382392879999941 ], [ 121.307095300000015, -2.382342479999977 ], [ 121.307009840000092, -2.382295959999965 ], [ 121.306977640000014, -2.382278439999936 ], [ 121.30686728, -2.382218369999975 ], [ 121.306597760000045, -2.382071679999967 ], [ 121.306493100000012, -2.382014719999972 ], [ 121.30633049000005, -2.381926219999968 ], [ 121.306197420000103, -2.381853799999931 ], [ 121.306179780000093, -2.381844199999932 ], [ 121.306161430000088, -2.381834209999965 ], [ 121.306141570000023, -2.381823409999924 ], [ 121.306138660000101, -2.381821819999971 ], [ 121.306114370000046, -2.381808599999943 ], [ 121.306041380000011, -2.381768879999925 ], [ 121.306035430000065, -2.381765639999969 ], [ 121.305927600000018, -2.381706949999966 ], [ 121.305841520000058, -2.381660099999976 ], [ 121.305797990000087, -2.381636409999942 ], [ 121.305742200000054, -2.381606049999959 ], [ 121.305594350000092, -2.381525579999959 ], [ 121.305519780000054, -2.381484989999933 ], [ 121.30536367000002, -2.381400029999952 ], [ 121.30534096000008, -2.381387669999981 ], [ 121.305322360000105, -2.381377549999968 ], [ 121.305307410000069, -2.381369409999934 ], [ 121.305304630000023, -2.38136789999993 ], [ 121.305275290000054, -2.381351929999937 ], [ 121.305212390000065, -2.381317689999946 ], [ 121.305023360000064, -2.381214819999968 ], [ 121.305018720000021, -2.381212289999951 ], [ 121.304917250000017, -2.381157059999964 ], [ 121.304688680000027, -2.38103265999996 ], [ 121.304604460000064, -2.380986819999976 ], [ 121.304571620000047, -2.380968949999954 ], [ 121.304558810000117, -2.380961979999938 ], [ 121.304482810000081, -2.380920609999976 ], [ 121.304457030000094, -2.38090657999993 ], [ 121.304379200000085, -2.380864219999978 ], [ 121.304092670000045, -2.380708269999957 ], [ 121.303978340000072, -2.380646049999939 ], [ 121.303770420000092, -2.380532889999927 ], [ 121.303762010000014, -2.380528309999931 ], [ 121.30370783, -2.380498829999965 ], [ 121.303659870000047, -2.380472719999943 ], [ 121.303630150000117, -2.380456549999963 ], [ 121.303595790000031, -2.380437839999956 ], [ 121.303423530000032, -2.380344089999937 ], [ 121.303264370000079, -2.380257459999939 ], [ 121.303151450000087, -2.380196009999963 ], [ 121.302953570000113, -2.380088309999962 ], [ 121.302830940000035, -2.38002156999994 ], [ 121.302694270000075, -2.379947179999931 ], [ 121.302589180000041, -2.379889989999924 ], [ 121.302417620000028, -2.379796619999979 ], [ 121.302242290000095, -2.379701189999935 ], [ 121.302161110000043, -2.37965700999996 ], [ 121.302121200000101, -2.379635289999953 ], [ 121.302116800000022, -2.379632889999925 ], [ 121.302112940000029, -2.379630789999965 ], [ 121.302098110000088, -2.379622719999929 ], [ 121.302085640000087, -2.379615929999943 ], [ 121.302071490000117, -2.379608229999974 ], [ 121.302069080000024, -2.379606919999958 ], [ 121.302056420000099, -2.379600029999949 ], [ 121.302055000000109, -2.379599129999974 ], [ 121.302047660000085, -2.379594499999939 ], [ 121.302041460000055, -2.379590589999964 ], [ 121.302034330000083, -2.379586099999926 ], [ 121.302025270000058, -2.379580379999936 ], [ 121.302002150000021, -2.379565789999958 ], [ 121.301972710000086, -2.379547219999949 ], [ 121.301925130000086, -2.37951720999996 ], [ 121.301862590000042, -2.379477749999978 ], [ 121.301824320000037, -2.379453609999928 ], [ 121.301766970000017, -2.379417439999941 ], [ 121.301748620000012, -2.379405859999963 ], [ 121.301728030000049, -2.379392869999947 ], [ 121.301722220000102, -2.379389199999935 ], [ 121.301681060000078, -2.379363239999975 ], [ 121.301598800000079, -2.379311349999966 ], [ 121.301516740000011, -2.379259579999939 ], [ 121.301472860000104, -2.379231899999979 ], [ 121.301455430000033, -2.37922089999995 ], [ 121.301444260000039, -2.379213859999936 ], [ 121.3014243, -2.379201259999945 ], [ 121.301371030000041, -2.379167659999951 ], [ 121.301271220000103, -2.379104689999963 ], [ 121.30121435, -2.379068819999929 ], [ 121.301197330000036, -2.379058079999936 ], [ 121.301169270000059, -2.379040379999935 ], [ 121.301144190000059, -2.379024559999948 ], [ 121.301112880000119, -2.379004809999969 ], [ 121.301064270000097, -2.378974139999968 ], [ 121.301041420000047, -2.378959729999963 ], [ 121.301029010000093, -2.378951899999947 ], [ 121.301021220000052, -2.378946979999967 ], [ 121.300999600000068, -2.378933339999946 ], [ 121.300959190000071, -2.378907849999962 ], [ 121.300917760000061, -2.378881719999924 ], [ 121.300897570000075, -2.378868979999936 ], [ 121.300881110000091, -2.378858589999936 ], [ 121.300863850000042, -2.378847709999945 ], [ 121.30085280000003, -2.37884073999993 ], [ 121.300843760000021, -2.378835029999948 ], [ 121.30083465000007, -2.378829289999942 ], [ 121.300822270000026, -2.378821479999942 ], [ 121.300821180000071, -2.378820789999963 ], [ 121.300812840000049, -2.378817649999974 ], [ 121.300778440000045, -2.37880470999994 ], [ 121.300757100000055, -2.378796679999937 ], [ 121.300743770000054, -2.378791669999941 ], [ 121.300734680000119, -2.378788249999957 ], [ 121.300729480000086, -2.378786289999937 ], [ 121.30072688000007, -2.378785309999955 ], [ 121.300656350000054, -2.378758779999941 ], [ 121.300556100000108, -2.378721069999926 ], [ 121.300451780000117, -2.37868181999994 ], [ 121.300318680000032, -2.378631749999954 ], [ 121.300227030000087, -2.378597269999943 ], [ 121.300220130000071, -2.378594669999927 ], [ 121.300184290000061, -2.378581189999977 ], [ 121.300179710000066, -2.378579469999977 ], [ 121.300131480000118, -2.37856131999996 ], [ 121.300090360000013, -2.378545849999966 ], [ 121.300019680000105, -2.378519259999962 ], [ 121.299983560000101, -2.378505669999925 ], [ 121.29988456000001, -2.378468429999941 ], [ 121.299778450000076, -2.378428509999935 ], [ 121.299735680000026, -2.378412419999961 ], [ 121.299708710000118, -2.378402279999932 ], [ 121.299694860000045, -2.378397059999941 ], [ 121.299686190000102, -2.378393799999969 ], [ 121.299674740000114, -2.378389489999961 ], [ 121.299653360000093, -2.378381449999949 ], [ 121.299562280000032, -2.378347189999943 ], [ 121.29955369400011, -2.378343959999938 ], [ 121.299404410000079, -2.378287789999945 ], [ 121.299287970000023, -2.37824398999993 ], [ 121.299230920000014, -2.37822252999996 ], [ 121.299213190000046, -2.378215859999955 ], [ 121.299170790000062, -2.378199909999978 ], [ 121.299168100000088, -2.378198889999965 ], [ 121.29914822, -2.378191409999943 ], [ 121.299138600000106, -2.378187799999978 ], [ 121.299106630000097, -2.378175769999928 ], [ 121.299051270000064, -2.378154939999945 ], [ 121.29885618000003, -2.378081549999933 ], [ 121.298770940000054, -2.378049479999959 ], [ 121.298707100000115, -2.378025459999947 ], [ 121.298679290000109, -2.378015 ], [ 121.298694560000058, -2.378019949999953 ], [ 121.298602890000097, -2.377985469999942 ], [ 121.29721655000003, -2.377579529999934 ], [ 121.296833075000109, -2.377467243999945 ], [ 121.295872578000058, -2.377186 ], [ 121.295687440000052, -2.377131789999964 ], [ 121.294510170000081, -2.376875439999935 ], [ 121.293706350000093, -2.376700409999955 ], [ 121.293002990000105, -2.376547249999931 ], [ 121.292495160000044, -2.376436669999975 ], [ 121.291739450000023, -2.376272119999953 ], [ 121.291612217000079, -2.376244414999974 ], [ 121.290608580000026, -2.376025869999978 ], [ 121.290123950000066, -2.375920349999944 ], [ 121.289065360000109, -2.37568983999995 ], [ 121.28808899, -2.375477229999944 ], [ 121.287232780000068, -2.375290789999951 ], [ 121.285713190000024, -2.374959899999965 ], [ 121.284063040000092, -2.374600569999927 ], [ 121.283423030000108, -2.374461199999928 ], [ 121.282839190000118, -2.374334069999975 ], [ 121.282062150000115, -2.374164859999951 ], [ 121.281470250000098, -2.374035969999966 ], [ 121.280915850000042, -2.373915239999974 ], [ 121.280164630000058, -2.373751659999925 ], [ 121.279265660000078, -2.373555899999928 ], [ 121.278477450000082, -2.373384269999974 ], [ 121.277229910000074, -2.373112599999956 ], [ 121.27621213000009, -2.372890979999966 ], [ 121.275231140000074, -2.372677359999955 ], [ 121.273926150000079, -2.372393189999968 ], [ 121.271733720000043, -2.371977729999969 ], [ 121.270974470000056, -2.371833849999973 ], [ 121.270282470000097, -2.371702719999973 ], [ 121.27000423000004, -2.37164998999998 ], [ 121.269124600000055, -2.371483309999974 ], [ 121.268371170000023, -2.371340539999949 ], [ 121.2670204100001, -2.371084569999937 ], [ 121.266394921000028, -2.370966040999974 ], [ 121.266120930000056, -2.370914119999952 ], [ 121.265577540000095, -2.370811149999952 ], [ 121.264905060000046, -2.370683719999931 ], [ 121.264006540000082, -2.370513449999976 ], [ 121.263177970000015, -2.370356439999966 ], [ 121.262658670000064, -2.370258039999953 ], [ 121.261751100000083, -2.370086049999941 ], [ 121.260570930000085, -2.369862419999947 ], [ 121.259174140000027, -2.369637109999928 ], [ 121.258465640000054, -2.369522829999937 ], [ 121.257638510000106, -2.369389419999948 ], [ 121.25693466000007, -2.369275889999926 ], [ 121.256363140000076, -2.369183699999951 ], [ 121.255978500000083, -2.369121659999962 ], [ 121.255331970000043, -2.369017369999938 ], [ 121.254916800000046, -2.368950409999968 ], [ 121.254149630000029, -2.368826659999968 ], [ 121.253664170000093, -2.368748359999927 ], [ 121.252859330000092, -2.368618539999943 ], [ 121.252520160000017, -2.368563829999971 ], [ 121.252180980000048, -2.368509119999942 ], [ 121.251694540000017, -2.368430659999945 ], [ 121.251175460000013, -2.368346929999973 ], [ 121.250004190000027, -2.368158 ], [ 121.249281600000018, -2.367985269999963 ], [ 121.248600490000058, -2.367848759999958 ], [ 121.247537820000048, -2.367738899999949 ], [ 121.246576110000092, -2.367547769999931 ], [ 121.245634280000104, -2.367419969999958 ], [ 121.244653430000085, -2.36722881999998 ], [ 121.242911070000105, -2.367000539999935 ], [ 121.241629040000021, -2.366818039999941 ], [ 121.2406486000001, -2.36658166999996 ], [ 121.240540550000105, -2.366539073999945 ], [ 121.238232280000034, -2.36562908999997 ], [ 121.23723408, -2.365220889999932 ], [ 121.236258550000116, -2.364595679999979 ], [ 121.235594760000026, -2.364142689999937 ], [ 121.235542840000107, -2.364106449999952 ], [ 121.234986870000057, -2.363626469999929 ], [ 121.234011420000115, -2.363010309999936 ], [ 121.233415780000087, -2.362557399999957 ], [ 121.232798860000116, -2.36214063999995 ], [ 121.232202320000056, -2.361751039999945 ], [ 121.231403420000106, -2.361433519999935 ], [ 121.230983930000093, -2.361306379999974 ], [ 121.230642370000055, -2.361260729999969 ], [ 121.230309980000015, -2.361278389999939 ], [ 121.229979040000103, -2.361296049999964 ], [ 121.22941620000006, -2.361340549999966 ], [ 121.228993630000105, -2.361376169999971 ], [ 121.228388320000022, -2.361529129999951 ], [ 121.227823670000021, -2.361727349999967 ], [ 121.227216480000038, -2.362015939999935 ], [ 121.226425560000052, -2.36249418999995 ], [ 121.225897170000053, -2.362891399999967 ], [ 121.22543045000009, -2.363207299999942 ], [ 121.225105290000101, -2.363487199999952 ], [ 121.224861510000096, -2.363676789999943 ], [ 121.224687165000091, -2.363773783999932 ], [ 121.224293920000036, -2.363992559999929 ], [ 121.223727170000075, -2.364290239999946 ], [ 121.223039020000101, -2.364623929999937 ], [ 121.2222097, -2.365038839999954 ], [ 121.221259610000061, -2.365408359999947 ], [ 121.219845870000086, -2.365949109999974 ], [ 121.218977020000011, -2.366282569999953 ], [ 121.21820888000002, -2.366589029999943 ], [ 121.216894990000014, -2.367147989999978 ], [ 121.215661870000076, -2.367679919999944 ], [ 121.214488840000058, -2.36818478999993 ], [ 121.21321531000001, -2.368689529999926 ], [ 121.212064900000087, -2.369076879999966 ], [ 121.210287730000118, -2.369725649999964 ], [ 121.209033780000027, -2.370239449999929 ], [ 121.207760190000045, -2.370780349999961 ], [ 121.206366930000058, -2.371266849999927 ], [ 121.204995730000064, -2.371653899999956 ], [ 121.203704410000114, -2.371995829999946 ], [ 121.202696110000034, -2.37226579999998 ], [ 121.201689010000109, -2.372445329999948 ], [ 121.200700900000015, -2.372670109999945 ], [ 121.199814020000076, -2.37289501999993 ], [ 121.198826790000112, -2.373065529999963 ], [ 121.198223293000069, -2.373140053999975 ], [ 121.198102180000092, -2.373155009999948 ], [ 121.197276650000049, -2.373280529999931 ], [ 121.196308090000116, -2.373613839999962 ], [ 121.194433130000107, -2.374045419999959 ], [ 121.193889080000076, -2.374162259999935 ], [ 121.193222470000023, -2.374378409999963 ], [ 121.192356670000095, -2.374503869999955 ], [ 121.191170220000117, -2.37461081999993 ], [ 121.190268532000118, -2.374609632999977 ], [ 121.189985170000114, -2.374609259999943 ], [ 121.188636430000088, -2.37480641999997 ], [ 121.187507020000112, -2.375085249999927 ], [ 121.186640020000027, -2.375301129999968 ], [ 121.185410960000013, -2.375543659999948 ], [ 121.184425560000022, -2.375632779999933 ], [ 121.183582290000118, -2.375577409999948 ], [ 121.18274018000011, -2.375458739999942 ], [ 121.181920460000015, -2.375204469999971 ], [ 121.181021120000082, -2.374850619999961 ], [ 121.180085150000082, -2.374333949999937 ], [ 121.179309370000055, -2.373817489999965 ], [ 121.17871381000009, -2.373319369999933 ], [ 121.178617914000029, -2.373216934999959 ], [ 121.178572803000066, -2.373168746999966 ], [ 121.178534602000013, -2.37312794199994 ], [ 121.178508483000087, -2.373100041999976 ], [ 121.178477575000102, -2.373074189999954 ], [ 121.178429718000075, -2.373034162999943 ], [ 121.178415807000079, -2.373022526999932 ], [ 121.178405569, -2.373012666999955 ], [ 121.178186925000091, -2.372802078999939 ], [ 121.177991379000105, -2.372613738999974 ], [ 121.17786111700002, -2.372488276999945 ], [ 121.177790502000107, -2.372406336999973 ], [ 121.177677234000043, -2.372274902999948 ], [ 121.177495546000046, -2.372064074999969 ], [ 121.177319246000025, -2.371859499999971 ], [ 121.17722918700008, -2.371754996999925 ], [ 121.177186392000067, -2.371701273999975 ], [ 121.177084882000031, -2.371573842999965 ], [ 121.176967082000033, -2.371425962999979 ], [ 121.176781514000027, -2.371193009999956 ], [ 121.17670777100011, -2.371100436999939 ], [ 121.176659186000052, -2.37103944699993 ], [ 121.176558577000037, -2.370913146999953 ], [ 121.176483084000097, -2.37081870399993 ], [ 121.176444103000108, -2.370769937999967 ], [ 121.176391758000022, -2.370704452999973 ], [ 121.176301171000091, -2.370591126999955 ], [ 121.176218763000065, -2.370488032999958 ], [ 121.176141174, -2.370390967999924 ], [ 121.176079172000073, -2.370313401999965 ], [ 121.176028311000096, -2.370249773999944 ], [ 121.175986947000069, -2.370198026999958 ], [ 121.175942243, -2.370149028999947 ], [ 121.175889597000037, -2.370091325999965 ], [ 121.175844035000068, -2.370041386999958 ], [ 121.17581330500002, -2.370007704999978 ], [ 121.175766179000107, -2.369956052999953 ], [ 121.175710074000108, -2.369894558999931 ], [ 121.175653802000056, -2.369832881999969 ], [ 121.175606843000082, -2.369781411999952 ], [ 121.17555905200004, -2.369729030999963 ], [ 121.175513490000071, -2.369679091999956 ], [ 121.175442885000052, -2.369601703999933 ], [ 121.175362635000056, -2.369513745999939 ], [ 121.175334407000037, -2.36948280699994 ], [ 121.175281199000096, -2.369414163999977 ], [ 121.17522658300004, -2.369343704999949 ], [ 121.175157034000108, -2.369253980999929 ], [ 121.175093615000037, -2.369172164999952 ], [ 121.175046973, -2.369111991999944 ], [ 121.174997473000076, -2.369048132999978 ], [ 121.174961062000079, -2.369001159999925 ], [ 121.174898657000085, -2.368920652999975 ], [ 121.174839940000084, -2.368844902999967 ], [ 121.174725592000073, -2.368697383999972 ], [ 121.174651341000072, -2.368601594999973 ], [ 121.174604687000055, -2.368541406999952 ], [ 121.174577986000031, -2.368504576999953 ], [ 121.174487298000031, -2.368379492999964 ], [ 121.174407783000106, -2.368269817999931 ], [ 121.174318407000101, -2.368146541999977 ], [ 121.17425499400008, -2.368059076999941 ], [ 121.174198230000115, -2.367980781999961 ], [ 121.174093386000095, -2.367836169999975 ], [ 121.173987728000043, -2.367690435999975 ], [ 121.173935347000111, -2.367618186999948 ], [ 121.173893040000053, -2.367557918999978 ], [ 121.17389301500009, -2.36755788399995 ], [ 121.173795698000049, -2.367419251999934 ], [ 121.173687296000026, -2.367264827999975 ], [ 121.173601634000079, -2.367142798999964 ], [ 121.173532998000042, -2.367045023999935 ], [ 121.173464361000015, -2.366947248999963 ], [ 121.173427452000055, -2.366894670999955 ], [ 121.173372261000054, -2.366816048999965 ], [ 121.173327278000102, -2.366751968999949 ], [ 121.173306337000099, -2.366722136999954 ], [ 121.173277508000069, -2.366675019999946 ], [ 121.173247456000013, -2.366625904999978 ], [ 121.17321788400011, -2.366577574999951 ], [ 121.173175388000118, -2.366508120999924 ], [ 121.173111160000076, -2.36640314899995 ], [ 121.173042682000073, -2.36629123299997 ], [ 121.172973168000112, -2.366177621999952 ], [ 121.172902237000017, -2.366061695999974 ], [ 121.172843651000107, -2.365965944999971 ], [ 121.172763588000066, -2.365835093999976 ], [ 121.172712717000081, -2.365751953999961 ], [ 121.172658477000027, -2.365663306999977 ], [ 121.172604074000105, -2.365576291999957 ], [ 121.172543102000077, -2.365478769999925 ], [ 121.172495607000087, -2.365402803999928 ], [ 121.172438058000012, -2.365310755999928 ], [ 121.172363824000058, -2.365192021999974 ], [ 121.172327454000083, -2.365133850999939 ], [ 121.17228406400011, -2.365064449999977 ], [ 121.172243202000118, -2.364999092999938 ], [ 121.17218244500009, -2.364901915999951 ], [ 121.172131528000023, -2.364820475999977 ], [ 121.172109627000054, -2.364785446999974 ], [ 121.172078275000104, -2.364742633999924 ], [ 121.172027486000047, -2.364673281999956 ], [ 121.171955051000054, -2.364574368999968 ], [ 121.171905594, -2.36450683399994 ], [ 121.171844890000102, -2.364423940999927 ], [ 121.171798577000118, -2.364360698999974 ], [ 121.17174318900004, -2.364285065999979 ], [ 121.171682971000109, -2.364202836999937 ], [ 121.171595046000107, -2.36408277299995 ], [ 121.17150760700008, -2.363963371999944 ], [ 121.171457178000082, -2.363894509999966 ], [ 121.17142026700003, -2.363844106999977 ], [ 121.171388147000016, -2.363795434999929 ], [ 121.171307358000035, -2.363673011999936 ], [ 121.171257934000096, -2.36359811799997 ], [ 121.171188138000048, -2.363492353999959 ], [ 121.171119462000092, -2.363388286999964 ], [ 121.171065383000041, -2.363306338999962 ], [ 121.171017150000011, -2.363233248999961 ], [ 121.170948437000106, -2.363129126999979 ], [ 121.170896403000029, -2.363037335999934 ], [ 121.170845875000055, -2.362948200999938 ], [ 121.170795565000049, -2.362859450999963 ], [ 121.170747596000069, -2.362774829999978 ], [ 121.170693583000116, -2.362679546999971 ], [ 121.170637010000064, -2.362579748999963 ], [ 121.170585286000119, -2.362488503999941 ], [ 121.170528495000099, -2.36238831999998 ], [ 121.170469748000073, -2.362284686999942 ], [ 121.170420067, -2.362197046999938 ], [ 121.170399179000015, -2.362156226999957 ], [ 121.170312148000107, -2.361986148999961 ], [ 121.170223031000091, -2.361811993999936 ], [ 121.170156391000091, -2.361681763999968 ], [ 121.170118366000111, -2.361607455999945 ], [ 121.170080342, -2.361533147999978 ], [ 121.17002677000005, -2.361428456999931 ], [ 121.169970927, -2.361319326999933 ], [ 121.169907741000088, -2.361217301999943 ], [ 121.169842973000073, -2.361112721999973 ], [ 121.169761163000089, -2.360980623999978 ], [ 121.169690633000073, -2.360866740999938 ], [ 121.169567351000069, -2.360667679999949 ], [ 121.16948383600004, -2.360532830999944 ], [ 121.169416066000053, -2.36042340299997 ], [ 121.169363149000105, -2.360337959999924 ], [ 121.169310639000059, -2.360253172999933 ], [ 121.169234997000103, -2.360131033999949 ], [ 121.169155133000118, -2.360002078999969 ], [ 121.169103756000027, -2.359919121999951 ], [ 121.16906855700006, -2.359862286999942 ], [ 121.169022418000054, -2.359792941999956 ], [ 121.16902240200011, -2.359792916999936 ], [ 121.168941690000111, -2.359671610999953 ], [ 121.16884225900003, -2.359522169999934 ], [ 121.168784932000108, -2.359436009999968 ], [ 121.168719415000055, -2.359337539999956 ], [ 121.16868080800009, -2.359279514999969 ], [ 121.168614717000082, -2.359180181999932 ], [ 121.168569792000085, -2.359112661999973 ], [ 121.168449319000047, -2.358931595999934 ], [ 121.168400137000049, -2.358857676999946 ], [ 121.168344630000092, -2.358775498999933 ], [ 121.168261255000061, -2.35865206099993 ], [ 121.168172636, -2.358520859999942 ], [ 121.168081631000064, -2.35838612699996 ], [ 121.167984709000052, -2.358242632999975 ], [ 121.167906732, -2.35812718699998 ], [ 121.167849947000036, -2.358043116999966 ], [ 121.167795126000101, -2.357957383999974 ], [ 121.167689544000041, -2.357792264999944 ], [ 121.1676080740001, -2.357664855999928 ], [ 121.167534139000054, -2.357549229999961 ], [ 121.167476436000015, -2.357458989999941 ], [ 121.167401396000059, -2.357341636999934 ], [ 121.167334090000054, -2.357236377999925 ], [ 121.167300187000023, -2.35718335699994 ], [ 121.167253427000105, -2.357113409999954 ], [ 121.16725339900006, -2.357113367999943 ], [ 121.167164987000092, -2.356981116999975 ], [ 121.167077342000084, -2.356850012999928 ], [ 121.166992842000013, -2.356723611999939 ], [ 121.166932395000117, -2.356633190999958 ], [ 121.166845523, -2.356503242999963 ], [ 121.166753384000117, -2.35636541599996 ], [ 121.166711269000075, -2.356302417999927 ], [ 121.166682966000053, -2.35626007999997 ], [ 121.166623824000112, -2.356171611999969 ], [ 121.166561775000105, -2.356082768999954 ], [ 121.166504216000021, -2.35600416699998 ], [ 121.166410135000092, -2.355875688999959 ], [ 121.166321141000026, -2.355754157999968 ], [ 121.166208199000039, -2.355599922999943 ], [ 121.166100800000095, -2.355453257999955 ], [ 121.166002018000086, -2.355318359999956 ], [ 121.165922857000055, -2.355210256999953 ], [ 121.165814412000032, -2.355063926999946 ], [ 121.165639411000029, -2.354827789999945 ], [ 121.165514331000054, -2.354659013999935 ], [ 121.165404634000083, -2.354510994999941 ], [ 121.165332557000056, -2.354413736999959 ], [ 121.165203388, -2.354250864999926 ], [ 121.165079587000037, -2.354094760999942 ], [ 121.164948883000079, -2.353929953999966 ], [ 121.164851031000012, -2.35380657099995 ], [ 121.164779787000043, -2.353716736999957 ], [ 121.16473919900011, -2.353665982999928 ], [ 121.164739153000028, -2.353665924999973 ], [ 121.164608811000107, -2.353502936999973 ], [ 121.164525747000084, -2.353399066999941 ], [ 121.164475125000081, -2.35333576599993 ], [ 121.16444170300008, -2.35329397199996 ], [ 121.164383034000025, -2.353220608999948 ], [ 121.164292056000022, -2.353106842999978 ], [ 121.164235611000095, -2.353036259999953 ], [ 121.164207907000105, -2.353001616999961 ], [ 121.164106758000116, -2.352877406999937 ], [ 121.164106737000111, -2.352877380999928 ], [ 121.163999335000085, -2.35274549199994 ], [ 121.163877232000118, -2.352595550999979 ], [ 121.163775347000069, -2.352470436999965 ], [ 121.163657527000055, -2.352325753999935 ], [ 121.163590802000044, -2.352243815999941 ], [ 121.163573800000108, -2.352222937999954 ], [ 121.163534973000083, -2.352175257999932 ], [ 121.163480443000026, -2.352108295999926 ], [ 121.163435991000028, -2.352053708999961 ], [ 121.163419502000011, -2.352034268999944 ], [ 121.163401179000061, -2.35201266699994 ], [ 121.163257083000076, -2.351849392999952 ], [ 121.163160634000064, -2.351740107999944 ], [ 121.163115573000027, -2.351689049999948 ], [ 121.162988621000068, -2.351545202999944 ], [ 121.162867921000043, -2.351408438999954 ], [ 121.16280069600009, -2.351332266999975 ], [ 121.162741596000046, -2.351265300999955 ], [ 121.16271383000003, -2.351233839999963 ], [ 121.162681037000084, -2.351196683999945 ], [ 121.162628167000094, -2.351136776999965 ], [ 121.162570741000081, -2.351082442999939 ], [ 121.162485019000087, -2.351001335999968 ], [ 121.162378426000032, -2.350900481999929 ], [ 121.162180712, -2.350713412999937 ], [ 121.162085216000037, -2.35062305799994 ], [ 121.162014154000076, -2.350555821999933 ], [ 121.161955444000114, -2.350500273999955 ], [ 121.161897922000094, -2.350445848999925 ], [ 121.161845490000019, -2.350396239999952 ], [ 121.161797674000013, -2.350350997999954 ], [ 121.16175725700009, -2.350312756999926 ], [ 121.161701001000097, -2.350257145999933 ], [ 121.161573117000103, -2.350130726999964 ], [ 121.160905417000095, -2.349470676999942 ], [ 121.160802237000098, -2.349367626999936 ], [ 121.160546126000099, -2.349111855999979 ], [ 121.16044743000009, -2.349013290999949 ], [ 121.16032456500011, -2.34889058899995 ], [ 121.160252637000099, -2.348818756999947 ], [ 121.160201940000093, -2.348763050999935 ], [ 121.160136655000088, -2.34869131399995 ], [ 121.160005956000077, -2.348547699999926 ], [ 121.159898654000017, -2.348429794999959 ], [ 121.159756584000093, -2.34827368599997 ], [ 121.159665699000016, -2.348173819999943 ], [ 121.159560537000061, -2.348058266999942 ], [ 121.159456170000112, -2.347945655999979 ], [ 121.159392514000047, -2.347876972999927 ], [ 121.159380792000093, -2.347864324999932 ], [ 121.159351794000031, -2.34783303699993 ], [ 121.159310481000034, -2.347788460999936 ], [ 121.159272900000019, -2.347747910999942 ], [ 121.159247031000064, -2.347719998999935 ], [ 121.159221402000071, -2.347692345999974 ], [ 121.159204579000061, -2.347674193999978 ], [ 121.159192471000097, -2.347661129999949 ], [ 121.159184071000027, -2.347652066999956 ], [ 121.159141637000062, -2.347606280999969 ], [ 121.158988212000054, -2.347444635999977 ], [ 121.158898184, -2.34736642699994 ], [ 121.158816079000076, -2.347295100999929 ], [ 121.158707377000042, -2.34720066999995 ], [ 121.15855306200001, -2.347066612999924 ], [ 121.15841917900002, -2.346950306999929 ], [ 121.158391667000046, -2.346926406999955 ], [ 121.158358218000103, -2.346905968999977 ], [ 121.158179178000069, -2.34679657099997 ], [ 121.157949687000041, -2.346656346999964 ], [ 121.157712548000063, -2.34651144999998 ], [ 121.157575967000071, -2.346427996999978 ], [ 121.157271696000066, -2.346254147999957 ], [ 121.156869885000106, -2.346024567999962 ], [ 121.15664004700011, -2.345893246999935 ], [ 121.156444694000015, -2.345762080999975 ], [ 121.155964177000101, -2.345439448999969 ], [ 121.155466057000012, -2.345104996999964 ], [ 121.154848792000053, -2.344725177999976 ], [ 121.15439096700004, -2.344443466999962 ], [ 121.154266592000113, -2.344372981999925 ], [ 121.153753071000096, -2.344081962999951 ], [ 121.153375558000107, -2.343868020999935 ], [ 121.153255437000098, -2.34379994699998 ], [ 121.152908700000012, -2.343573327999934 ], [ 121.152412387000027, -2.343248948999928 ], [ 121.152340457000037, -2.343201936999947 ], [ 121.152129509000019, -2.34304685099994 ], [ 121.151915382000084, -2.342889427999978 ], [ 121.151756050000017, -2.342772289999971 ], [ 121.151724367000043, -2.342748996999944 ], [ 121.151636430000053, -2.342673870999931 ], [ 121.151481383000032, -2.342541409999967 ], [ 121.151328915000022, -2.342411151999954 ], [ 121.151101018000077, -2.342216453999924 ], [ 121.151005572000031, -2.342134911999949 ], [ 121.150950517000069, -2.342087876999926 ], [ 121.150811285000032, -2.341944037999951 ], [ 121.150727041000096, -2.341857005999941 ], [ 121.150591466000037, -2.341716944999973 ], [ 121.150479065000013, -2.341600824999944 ], [ 121.150392362000048, -2.341511252999965 ], [ 121.150319861000071, -2.341436352999949 ], [ 121.150216896000074, -2.341329979999955 ], [ 121.150179277, -2.341291116999969 ], [ 121.150139227000068, -2.341240170999924 ], [ 121.150073977000034, -2.341157166999949 ], [ 121.150005093000118, -2.341069540999968 ], [ 121.14996054400001, -2.341012869999929 ], [ 121.149838751000061, -2.340857938999932 ], [ 121.149677204000113, -2.34065243799995 ], [ 121.149489047000088, -2.340413086999945 ], [ 121.149279153000066, -2.340130143999943 ], [ 121.148878027000023, -2.339589416999956 ], [ 121.148661139000069, -2.33926824699995 ], [ 121.148493829000017, -2.339020492999964 ], [ 121.148425747000033, -2.338919676999978 ], [ 121.148222062000059, -2.338622832999931 ], [ 121.148221959000011, -2.338622681999937 ], [ 121.14798543500001, -2.33827797999993 ], [ 121.147935137000104, -2.338204676999965 ], [ 121.147811079, -2.337977323999951 ], [ 121.147603355000115, -2.337596642999927 ], [ 121.147530481000103, -2.33746309199995 ], [ 121.147367297000073, -2.33716403699998 ], [ 121.147275364000052, -2.33699054799996 ], [ 121.147210606000044, -2.336868341999946 ], [ 121.147037403000013, -2.336541485999931 ], [ 121.146859027000119, -2.336204866999935 ], [ 121.146827814000062, -2.33614887799996 ], [ 121.146459978000053, -2.335489059999929 ], [ 121.146372468000095, -2.335332086999927 ], [ 121.146213307000039, -2.335046586999965 ], [ 121.146097624000049, -2.33465943799996 ], [ 121.145956997000098, -2.334188813999958 ], [ 121.145829377000041, -2.333761716999959 ], [ 121.145671390000075, -2.333498617999965 ], [ 121.145464163000042, -2.33315351899995 ], [ 121.145252217, -2.332800562999978 ], [ 121.145224676000112, -2.332754698999963 ], [ 121.145139613000083, -2.332613041999934 ], [ 121.145050545000117, -2.332464714999958 ], [ 121.144982188000085, -2.332350875999964 ], [ 121.144933466000111, -2.332269736999933 ], [ 121.144899139000017, -2.332180950999941 ], [ 121.144794126000079, -2.331909334999978 ], [ 121.14463915500005, -2.331508502999952 ], [ 121.144528157000082, -2.331221405999941 ], [ 121.144464427000116, -2.331056566999962 ], [ 121.144270854000069, -2.330580631999965 ], [ 121.144101314000068, -2.330163785999957 ], [ 121.14396582300003, -2.329823148999935 ], [ 121.143803545000083, -2.32940132799996 ], [ 121.143749505000073, -2.32912044699998 ], [ 121.143738244000019, -2.329061916999933 ], [ 121.143713882000043, -2.328935293999962 ], [ 121.143700652, -2.328866527999935 ], [ 121.143664657000045, -2.328679436999948 ], [ 121.143520203000094, -2.328389401999971 ], [ 121.143364571, -2.328076924999948 ], [ 121.143219425000098, -2.327785500999937 ], [ 121.143032585000014, -2.327410365999981 ], [ 121.143007838000017, -2.32736067899998 ], [ 121.142966093000041, -2.327276863999941 ], [ 121.142915517, -2.327175316999956 ], [ 121.142883774000097, -2.327081059999955 ], [ 121.142875686000025, -2.327057043999957 ], [ 121.142812668000033, -2.326869921999958 ], [ 121.142786755000088, -2.326792977999958 ], [ 121.14267480400008, -2.326460556999962 ], [ 121.142648697000027, -2.326383036999971 ], [ 121.142551833000084, -2.326095416999976 ], [ 121.142463512000063, -2.325833165999939 ], [ 121.142414839000025, -2.325688639999953 ], [ 121.142405346000032, -2.325660450999976 ], [ 121.142402351000101, -2.325651558999937 ], [ 121.142392648000055, -2.325622746999954 ], [ 121.142380351000043, -2.325586232999967 ], [ 121.142362477, -2.32551880099993 ], [ 121.142311929000016, -2.32531608599993 ], [ 121.142287636000106, -2.325218658999972 ], [ 121.142251549000093, -2.325073933999931 ], [ 121.142182017000096, -2.324795080999934 ], [ 121.142111924000119, -2.324513982999974 ], [ 121.142046269000048, -2.32425230399997 ], [ 121.142046192000066, -2.324251998999955 ], [ 121.141986210000027, -2.324013578999939 ], [ 121.141936086000101, -2.323814341999935 ], [ 121.141862610000089, -2.323538541999937 ], [ 121.141744710000012, -2.323165247999952 ], [ 121.141653427000051, -2.322876225999948 ], [ 121.141544593000049, -2.322531633999972 ], [ 121.141462086000047, -2.322270400999969 ], [ 121.14139396600001, -2.322054718999937 ], [ 121.14137426700006, -2.321992346999934 ], [ 121.141333688000032, -2.321863859999951 ], [ 121.141257443000086, -2.321622439999942 ], [ 121.141211307000049, -2.321476356999938 ], [ 121.141169849000107, -2.321396353999944 ], [ 121.141063931000076, -2.321191963999979 ], [ 121.140888415000063, -2.32085326899994 ], [ 121.140859627000054, -2.320797716999948 ], [ 121.14074895300007, -2.320613703999925 ], [ 121.140618971000094, -2.320397586999945 ], [ 121.140504966000094, -2.32020803599994 ], [ 121.140467737000108, -2.320146136999938 ], [ 121.140352980000102, -2.320011335999936 ], [ 121.140110407000066, -2.319726395999965 ], [ 121.139772766000078, -2.319329783999933 ], [ 121.139647703000037, -2.319182876999946 ], [ 121.139619863, -2.319150174999947 ], [ 121.139531617000102, -2.319046516999947 ], [ 121.13950279900007, -2.319012665999935 ], [ 121.1393585940001, -2.318843276999928 ], [ 121.139330747000031, -2.318810566999957 ], [ 121.13929582600008, -2.318693296999925 ], [ 121.139215955000054, -2.318425072999958 ], [ 121.139176452000015, -2.318292414999974 ], [ 121.139162476000024, -2.318245479999973 ], [ 121.139147968000088, -2.318196760999967 ], [ 121.139137607000066, -2.31816196699998 ], [ 121.139069898000116, -2.318089241999928 ], [ 121.138910595000084, -2.317918135999946 ], [ 121.138722017000077, -2.317715586999952 ], [ 121.138583521000101, -2.317566824999972 ], [ 121.138445056000023, -2.317418097999962 ], [ 121.138350891000073, -2.317316954999967 ], [ 121.138163516000077, -2.317115698999942 ], [ 121.138044297000079, -2.316987646999962 ], [ 121.138002863000111, -2.316943142999946 ], [ 121.137841104000017, -2.316769399999941 ], [ 121.137760966000087, -2.316683323999939 ], [ 121.137698865000061, -2.316616622999959 ], [ 121.13761858700002, -2.316530396999951 ], [ 121.137524856000027, -2.316429719999974 ], [ 121.1374008680001, -2.316296544999943 ], [ 121.137291038000058, -2.31617857699996 ], [ 121.137192093000067, -2.316072299999973 ], [ 121.137093639000113, -2.315966550999974 ], [ 121.137036023000064, -2.315904665999938 ], [ 121.13702157900002, -2.315889150999965 ], [ 121.136968874000104, -2.315832539999974 ], [ 121.136891985000034, -2.315749953999955 ], [ 121.136817060000112, -2.315669477999961 ], [ 121.136781425000095, -2.315631201999963 ], [ 121.136734401000012, -2.315580693999948 ], [ 121.136672284000042, -2.315513973999941 ], [ 121.136610495000014, -2.315447606999953 ], [ 121.136523105000038, -2.315367736999974 ], [ 121.136405450000098, -2.315265558999954 ], [ 121.13631349700006, -2.315185701999951 ], [ 121.136236287000088, -2.315118647999952 ], [ 121.13621989, -2.315104407999968 ], [ 121.136141622000082, -2.315036434999968 ], [ 121.136050208000029, -2.314957045999961 ], [ 121.135940394000045, -2.314828050999949 ], [ 121.13590672600003, -2.314788501999942 ], [ 121.135869642000102, -2.314744940999958 ], [ 121.135827752000068, -2.31469573399994 ], [ 121.135692245000087, -2.314536558999976 ], [ 121.135487637000097, -2.314296211999931 ], [ 121.13546390700003, -2.31426833699993 ], [ 121.135382745000015, -2.314173 ], [ 121.135328574000027, -2.314109367999947 ], [ 121.135239191000096, -2.314004373999978 ], [ 121.135150218000035, -2.313899861999971 ], [ 121.135106047000022, -2.313847976999966 ], [ 121.13504462700007, -2.31377582999994 ], [ 121.134937736000097, -2.313650268999936 ], [ 121.134824147000018, -2.313516840999966 ], [ 121.13469481300001, -2.31336491899998 ], [ 121.134653157000116, -2.313315986999953 ], [ 121.134586748000061, -2.313237977999961 ], [ 121.134503337000069, -2.313139996999951 ], [ 121.134356525000044, -2.312967538999942 ], [ 121.134318147000045, -2.312922456999956 ], [ 121.134282424000048, -2.312880494999945 ], [ 121.134247755000047, -2.312839770999972 ], [ 121.134204094000097, -2.312788483999952 ], [ 121.134179827000025, -2.312759978999964 ], [ 121.134149212000011, -2.312724016999937 ], [ 121.133968693000043, -2.312511970999935 ], [ 121.13393652700006, -2.312474186999964 ], [ 121.133816491000061, -2.312333184999943 ], [ 121.13362540300011, -2.312108721999948 ], [ 121.13335204100008, -2.311787613999968 ], [ 121.133161947000076, -2.311564316999977 ], [ 121.132965471000034, -2.311347036999962 ], [ 121.132965451000018, -2.311347014999967 ], [ 121.132789743000103, -2.311152701999958 ], [ 121.132724702000019, -2.311080773999947 ], [ 121.132696531000079, -2.311049619999949 ], [ 121.132499403000111, -2.310831619999931 ], [ 121.13223774700009, -2.310542260999966 ], [ 121.131967590000045, -2.310246604999975 ], [ 121.13173434600003, -2.310003670999947 ], [ 121.13169016900008, -2.309957658999963 ], [ 121.131614275000061, -2.309878611999977 ], [ 121.13150951700004, -2.309769501999938 ], [ 121.131405710000081, -2.309661381999945 ], [ 121.131292088, -2.309541535999927 ], [ 121.131265906000067, -2.309515768999972 ], [ 121.131077143000084, -2.309313803999942 ], [ 121.130958005000025, -2.30919507599998 ], [ 121.130868417000102, -2.309101766999959 ], [ 121.130720078000081, -2.308960871999943 ], [ 121.130511379000041, -2.30876264699998 ], [ 121.13012681400005, -2.308397380999963 ], [ 121.129907297000045, -2.308188879999932 ], [ 121.129838817000064, -2.308123836999926 ], [ 121.129749005, -2.308040308999978 ], [ 121.129708419000053, -2.308002561999956 ], [ 121.129598794000117, -2.307900606999965 ], [ 121.129472787000054, -2.307783416999939 ], [ 121.129439740000066, -2.307752682999933 ], [ 121.129317532000073, -2.307639029999962 ], [ 121.129175803000066, -2.307507222999959 ], [ 121.129043760000059, -2.307384423999963 ], [ 121.128991853000116, -2.307336149999969 ], [ 121.128950184000018, -2.307297397999946 ], [ 121.128882567000119, -2.307234514999948 ], [ 121.128878771000018, -2.307230983999943 ], [ 121.128868056000101, -2.30722101899994 ], [ 121.12883889200009, -2.307193896999934 ], [ 121.128827255000033, -2.307183073999965 ], [ 121.128818675000048, -2.307175093999945 ], [ 121.128804206000041, -2.307161637999968 ], [ 121.128786938000076, -2.30714557899995 ], [ 121.128765661000102, -2.307125792999955 ], [ 121.128757822000011, -2.30711850299997 ], [ 121.128739920000044, -2.307101853999939 ], [ 121.128708338000024, -2.307070333999945 ], [ 121.128682226000024, -2.307043311999962 ], [ 121.128648259000101, -2.307008161999931 ], [ 121.128508062000037, -2.30686308199995 ], [ 121.128354983, -2.306704671999967 ], [ 121.128352521000011, -2.306702123999969 ], [ 121.12834516700002, -2.306694513999958 ], [ 121.128337115000022, -2.306686180999975 ], [ 121.128328108000119, -2.306676859999925 ], [ 121.128315351000083, -2.30666365899998 ], [ 121.12830610200001, -2.306654087999959 ], [ 121.128297340000017, -2.306645020999952 ], [ 121.128285527000116, -2.306632796999963 ], [ 121.128265535000082, -2.306612107999968 ], [ 121.128240042000016, -2.30658572699997 ], [ 121.128215140000066, -2.30655995799998 ], [ 121.128200575000051, -2.306544518999942 ], [ 121.128181884000014, -2.306525542999964 ], [ 121.128018100000077, -2.306356054999981 ], [ 121.127897657000062, -2.306231416999935 ], [ 121.127816859000063, -2.306143108999947 ], [ 121.127555586000085, -2.305857550999974 ], [ 121.127424446000077, -2.30571422099996 ], [ 121.127310198000032, -2.305589353999949 ], [ 121.127264639000032, -2.305539559999943 ], [ 121.127206491000038, -2.305476006999925 ], [ 121.126978706000045, -2.305227049999928 ], [ 121.126479616000097, -2.304681313999936 ], [ 121.126478587000065, -2.304680188999953 ], [ 121.126048561000061, -2.304209814999979 ], [ 121.125612088000025, -2.303724357999954 ], [ 121.125292930000114, -2.30336181399997 ], [ 121.124934077000034, -2.302954176999947 ], [ 121.124812809000105, -2.302825173999963 ], [ 121.12467919300002, -2.302683035999962 ], [ 121.124452929000086, -2.302442341999949 ], [ 121.124153587000023, -2.302123907999942 ], [ 121.124131813000076, -2.302100745999951 ], [ 121.124083007000081, -2.302048826999965 ], [ 121.124024095000095, -2.30198670599998 ], [ 121.123943419000057, -2.301901634999979 ], [ 121.12383408900007, -2.301786349999929 ], [ 121.12374736400011, -2.301693088999968 ], [ 121.123728389, -2.301674892999927 ], [ 121.123644372000058, -2.30158629899995 ], [ 121.123554936000119, -2.301491991999967 ], [ 121.123456218000115, -2.301387895999937 ], [ 121.123357573000021, -2.301283877999936 ], [ 121.123292735000064, -2.301215508999974 ], [ 121.123261730000081, -2.301182814999947 ], [ 121.123244792000037, -2.301164953999944 ], [ 121.123232997000059, -2.301152516999935 ], [ 121.122371760000078, -2.300296732999925 ], [ 121.122321787000033, -2.300247076999938 ], [ 121.122158066000111, -2.300093592999929 ], [ 121.121888888000058, -2.299841244999925 ], [ 121.121683791, -2.299648970999954 ], [ 121.121529747000068, -2.299504556999977 ], [ 121.121410905000062, -2.299390657999936 ], [ 121.121336373000076, -2.299319224999977 ], [ 121.121313585000053, -2.299297383999942 ], [ 121.121204159000058, -2.299192507999976 ], [ 121.12107392900009, -2.299067693999973 ], [ 121.120914469000013, -2.298914866999951 ], [ 121.120796807000033, -2.298802098999943 ], [ 121.120666825000058, -2.298676916999966 ], [ 121.120563463000053, -2.298576613999955 ], [ 121.120431183000051, -2.298448248999932 ], [ 121.120353856000065, -2.298373210999955 ], [ 121.120231293000074, -2.298254274999977 ], [ 121.120108440000081, -2.298135057999957 ], [ 121.120002166000063, -2.298031929999979 ], [ 121.119925935000083, -2.297957954999958 ], [ 121.119867926000097, -2.297901661999958 ], [ 121.119808884, -2.297844367999971 ], [ 121.119746847000101, -2.297784166999975 ], [ 121.119621377000044, -2.29766675299993 ], [ 121.119332198000052, -2.297396140999979 ], [ 121.11909098700005, -2.297170416999961 ], [ 121.118914677000021, -2.297005426999931 ], [ 121.118888713000047, -2.29698136899998 ], [ 121.118888688000084, -2.296981344999949 ], [ 121.118671982000023, -2.296780541999965 ], [ 121.118477733000077, -2.296600547999958 ], [ 121.11831840100001, -2.296452908999925 ], [ 121.118216893000067, -2.296358849999933 ], [ 121.118162207000069, -2.296308176999958 ], [ 121.118113114000039, -2.296263928999963 ], [ 121.118113095000012, -2.296263911999972 ], [ 121.117972890000033, -2.296137544999965 ], [ 121.117793173000109, -2.295975565999925 ], [ 121.117580233000012, -2.295783642999936 ], [ 121.117358332000094, -2.295582787999933 ], [ 121.117205260000105, -2.295442965999939 ], [ 121.117124119000096, -2.295368847999953 ], [ 121.117089016000023, -2.295336783999971 ], [ 121.117032527000106, -2.295285184999955 ], [ 121.116990085000111, -2.295246417999977 ], [ 121.116970209000101, -2.295228262999956 ], [ 121.116964272000018, -2.295222838999962 ], [ 121.116952917000049, -2.295212466999942 ], [ 121.116942030000018, -2.295200406999925 ], [ 121.116923626000016, -2.295180020999965 ], [ 121.116906531000041, -2.295161084999961 ], [ 121.116900234000013, -2.295154108999952 ], [ 121.11677789700002, -2.295018597999956 ], [ 121.11669262800001, -2.294924145999971 ], [ 121.116658136000069, -2.294885939999972 ], [ 121.116615201000059, -2.294838380999977 ], [ 121.116575608000062, -2.29479452399994 ], [ 121.11653259600007, -2.294746879999934 ], [ 121.116522254000074, -2.294735423999953 ], [ 121.116508989000067, -2.294720729999938 ], [ 121.116494936000095, -2.294705163999936 ], [ 121.116478887000085, -2.294687386999954 ], [ 121.116456469000013, -2.294665050999924 ], [ 121.11643730000003, -2.294645951999939 ], [ 121.116416625000056, -2.294625303999965 ], [ 121.116405016000044, -2.294613709999965 ], [ 121.116347860000019, -2.294556763999935 ], [ 121.116332338, -2.294541375999927 ], [ 121.11631818, -2.294527269999946 ], [ 121.116297868000061, -2.294507031999956 ], [ 121.116264410000099, -2.294473402999927 ], [ 121.116261141000109, -2.294470439999941 ], [ 121.116221669000083, -2.294431112999973 ], [ 121.11619534600004, -2.294404885999938 ], [ 121.116170461000024, -2.294380091999926 ], [ 121.116143, -2.294352731999936 ], [ 121.116116393000084, -2.294326222999928 ], [ 121.11607691800009, -2.294286892999935 ], [ 121.116053423000039, -2.294263483999941 ], [ 121.116052603000071, -2.294262665999952 ], [ 121.116051782000113, -2.294261848999952 ], [ 121.116049036000049, -2.294259112999953 ], [ 121.116046900000015, -2.294256984999947 ], [ 121.116043697, -2.294253792999939 ], [ 121.11604267700011, -2.29425277699994 ], [ 121.116041387000109, -2.294251276999944 ], [ 121.116035967000016, -2.294244993999939 ], [ 121.116008777000047, -2.294213471999967 ], [ 121.115987502000053, -2.294188806999955 ], [ 121.115970551000032, -2.294169154999963 ], [ 121.115945632000034, -2.294140265999943 ], [ 121.115929194000046, -2.294121209999958 ], [ 121.115926975000093, -2.294118637999929 ], [ 121.115916640000023, -2.294106656999929 ], [ 121.115901952000058, -2.294089628999927 ], [ 121.115883992000022, -2.294068806999974 ], [ 121.115868966000107, -2.294051386999968 ], [ 121.115850438000052, -2.294029905999935 ], [ 121.115836413000011, -2.294013645999939 ], [ 121.11582067400002, -2.293995398999925 ], [ 121.115809091000074, -2.293981970999937 ], [ 121.115804275000073, -2.293976387999976 ], [ 121.115801781000073, -2.293973495999978 ], [ 121.115797748000091, -2.293968820999964 ], [ 121.115790439000079, -2.293960346999938 ], [ 121.115784815000097, -2.293953826999939 ], [ 121.115775875000054, -2.293943462999948 ], [ 121.115767386000016, -2.293933620999951 ], [ 121.115761538000015, -2.293926841999962 ], [ 121.11575240600007, -2.293916254999942 ], [ 121.115743766000037, -2.293906237999977 ], [ 121.115734553000038, -2.293895556999928 ], [ 121.115727136000032, -2.293886958999963 ], [ 121.115716212000052, -2.293874294999966 ], [ 121.115710905000014, -2.293868141999951 ], [ 121.115710318000083, -2.29386746199998 ], [ 121.115708850000033, -2.293865758999971 ], [ 121.115707803000078, -2.293864544999963 ], [ 121.115706907000117, -2.293863506999969 ], [ 121.115706105000072, -2.293862669999953 ], [ 121.115701888000103, -2.293858264999926 ], [ 121.115693955000097, -2.293849978999958 ], [ 121.115688736000038, -2.293844526999976 ], [ 121.115682986000024, -2.29383852199993 ], [ 121.115675715000066, -2.293830926999931 ], [ 121.115671116000044, -2.293826123999963 ], [ 121.115665941000088, -2.293820718999939 ], [ 121.115657351000095, -2.29381174599996 ], [ 121.115642647000072, -2.293796387999976 ], [ 121.115626160000033, -2.293779167999958 ], [ 121.115607159000092, -2.293759321999971 ], [ 121.115588270000103, -2.293739591999952 ], [ 121.115569859000061, -2.293720361999931 ], [ 121.11556491500005, -2.293715198999962 ], [ 121.115561372000116, -2.293711497999936 ], [ 121.115558326000041, -2.293708315999936 ], [ 121.115551506000088, -2.293701192999947 ], [ 121.115544045000092, -2.293693399999938 ], [ 121.115535677000025, -2.29368465999994 ], [ 121.11552898900004, -2.29367767399998 ], [ 121.115526834000093, -2.293675423999957 ], [ 121.115518371, -2.293666584999926 ], [ 121.115515108000068, -2.293663175999939 ], [ 121.11550942100007, -2.293657235999945 ], [ 121.115507746000048, -2.293655485999977 ], [ 121.115498725000066, -2.293646063999972 ], [ 121.115490900000054, -2.293637889999957 ], [ 121.115481304000014, -2.29362786799993 ], [ 121.115472746000023, -2.293618928999933 ], [ 121.115466972000036, -2.293612898999925 ], [ 121.115460172000098, -2.293605796999941 ], [ 121.115454125000042, -2.293599479999955 ], [ 121.11544320400003, -2.293588072999967 ], [ 121.115433623000058, -2.293578065999952 ], [ 121.115426923000086, -2.293571066999959 ], [ 121.115417707, -2.293561441999941 ], [ 121.115410532000055, -2.293553946999964 ], [ 121.115401483000028, -2.293544494999935 ], [ 121.115391904000035, -2.293534489999956 ], [ 121.115383334000057, -2.293525537999926 ], [ 121.115375045000064, -2.29351687999997 ], [ 121.115362574000073, -2.293503855999973 ], [ 121.115353818000017, -2.293494709999948 ], [ 121.115345250000018, -2.293486198999972 ], [ 121.115334070000017, -2.293475301999933 ], [ 121.115323079000063, -2.293464589999928 ], [ 121.115309288000049, -2.293451148999964 ], [ 121.115295696000089, -2.293437901999937 ], [ 121.115281429000106, -2.293423995999945 ], [ 121.115272078000089, -2.293414882999969 ], [ 121.115269707000039, -2.293412572999955 ], [ 121.11526734600011, -2.29341027199996 ], [ 121.11526238700003, -2.293405438999969 ], [ 121.115250723000031, -2.293394070999966 ], [ 121.115243190000115, -2.293386728999963 ], [ 121.115234145000045, -2.293377912999972 ], [ 121.115220260000115, -2.293364379999957 ], [ 121.115213396000058, -2.293357689999937 ], [ 121.115207728000087, -2.293352165999977 ], [ 121.115205690000039, -2.293350179999948 ], [ 121.115195085000096, -2.293339843999945 ], [ 121.115187092000042, -2.293332052999972 ], [ 121.115182943000036, -2.293328009999925 ], [ 121.115175718000046, -2.293320967999932 ], [ 121.115164540000023, -2.29331007299993 ], [ 121.115154706000112, -2.293300488999932 ], [ 121.115144294000061, -2.293290340999931 ], [ 121.115136280000115, -2.293282530999932 ], [ 121.115128277000053, -2.293274729999951 ], [ 121.115121052000063, -2.293267687999958 ], [ 121.115115266000089, -2.293262048999964 ], [ 121.115107087000069, -2.293254076999972 ], [ 121.115084726000077, -2.293232282999952 ], [ 121.115064078000046, -2.29321215799996 ], [ 121.115018779000025, -2.293168007999952 ], [ 121.115012991000071, -2.293162366999979 ], [ 121.115010302000087, -2.293159745999958 ], [ 121.115003358000081, -2.293152977999966 ], [ 121.114996408000025, -2.293146203999925 ], [ 121.114990820000116, -2.293140757999936 ], [ 121.114982734000023, -2.293132876999948 ], [ 121.114971363000109, -2.293121793999944 ], [ 121.11496885400004, -2.293119348999937 ], [ 121.114952672000072, -2.293103576999954 ], [ 121.114933570000062, -2.293084959999931 ], [ 121.114921804000119, -2.293073491999962 ], [ 121.114910638000083, -2.293062608999946 ], [ 121.114894631000084, -2.293047006999927 ], [ 121.114878058000045, -2.293030853999937 ], [ 121.114859352000053, -2.293012621999935 ], [ 121.11483849900003, -2.292992296999955 ], [ 121.11481789000004, -2.292972209999959 ], [ 121.1148084780001, -2.292963310999937 ], [ 121.11480450900001, -2.292959168999971 ], [ 121.114800604000038, -2.292955092999932 ], [ 121.114759696000078, -2.292915491999963 ], [ 121.114714566000089, -2.292871505999926 ], [ 121.114669728000081, -2.292827804999945 ], [ 121.114633332000039, -2.292792331999976 ], [ 121.114605251000057, -2.292764961999978 ], [ 121.114599017000046, -2.292758886999934 ], [ 121.114593233000051, -2.292752849999943 ], [ 121.114583528000026, -2.292742719999978 ], [ 121.114562848000105, -2.292721135999955 ], [ 121.114536096000052, -2.29269321299995 ], [ 121.114511779000054, -2.29266783199995 ], [ 121.114486832000011, -2.292641793999962 ], [ 121.114462860000117, -2.292616773999953 ], [ 121.114438805000077, -2.292591666999954 ], [ 121.114423244000022, -2.292575424999939 ], [ 121.114410638000095, -2.292562266999937 ], [ 121.114385485000071, -2.29253601399995 ], [ 121.11434801200005, -2.292496900999936 ], [ 121.11430838900003, -2.29245554299996 ], [ 121.114275492000047, -2.292421205999972 ], [ 121.114242191000017, -2.292386446999956 ], [ 121.114207047000036, -2.292349765999973 ], [ 121.114165592000063, -2.29230649699997 ], [ 121.114140456000086, -2.292280260999974 ], [ 121.114101105000032, -2.292239188999929 ], [ 121.114062241000056, -2.29219862399998 ], [ 121.114053079000087, -2.292189059999941 ], [ 121.114043459000072, -2.292179019999935 ], [ 121.114032826000084, -2.292167921999976 ], [ 121.114002832000097, -2.292136614999947 ], [ 121.113961809000102, -2.29209379699995 ], [ 121.113907812000093, -2.292037436999976 ], [ 121.113871028000062, -2.291999043999965 ], [ 121.113827017000062, -2.291953106999927 ], [ 121.113799525000104, -2.291929840999956 ], [ 121.113754856000014, -2.291892037999958 ], [ 121.113735146000067, -2.29187535799997 ], [ 121.113717014000031, -2.291860012999962 ], [ 121.113696919000063, -2.291843006999954 ], [ 121.113667055000064, -2.291817733999949 ], [ 121.113648155000078, -2.291801738999936 ], [ 121.11362349500007, -2.291780869999968 ], [ 121.113595892000035, -2.291757509999968 ], [ 121.11356295600001, -2.291729635999957 ], [ 121.113539790000118, -2.29171003099998 ], [ 121.113531407000096, -2.291702936999968 ], [ 121.113517477000073, -2.291691147999927 ], [ 121.113495974000102, -2.291672950999953 ], [ 121.113466707000043, -2.29164818299995 ], [ 121.113435819000074, -2.291622042999961 ], [ 121.113410989000045, -2.291601029999924 ], [ 121.113375492000046, -2.291570989999968 ], [ 121.113344988000108, -2.291545174999953 ], [ 121.113309364000088, -2.291515025999956 ], [ 121.113291947000107, -2.291500286999963 ], [ 121.113284021000027, -2.291492762999951 ], [ 121.113259597000024, -2.291469579999955 ], [ 121.113249762, -2.291460244999939 ], [ 121.113238576000072, -2.291449627999953 ], [ 121.113218133000032, -2.291430222999963 ], [ 121.113189279000039, -2.291402834999928 ], [ 121.113181447000102, -2.291395399999942 ], [ 121.113170313000069, -2.291384830999959 ], [ 121.113149733000114, -2.291365295999981 ], [ 121.113111697000022, -2.291329192999967 ], [ 121.113054516000034, -2.291274917999942 ], [ 121.113008673000081, -2.291231402999927 ], [ 121.112979268000117, -2.291203491999966 ], [ 121.112956372000099, -2.291181758999926 ], [ 121.112930517000109, -2.291157217999967 ], [ 121.112885401000085, -2.291114393999976 ], [ 121.112852669000063, -2.291083324999931 ], [ 121.11281413200004, -2.29104674599995 ], [ 121.11278325100011, -2.291017432999979 ], [ 121.112776807000046, -2.29101131699997 ], [ 121.112756990000094, -2.290990586999953 ], [ 121.11272770700009, -2.290959954999948 ], [ 121.112692435000099, -2.290923056999929 ], [ 121.112656561000108, -2.290885530999958 ], [ 121.112623582000083, -2.290851031999978 ], [ 121.112596140000051, -2.290822325999955 ], [ 121.11257136200004, -2.29079640599997 ], [ 121.112540655000089, -2.290764284999966 ], [ 121.112521253000068, -2.290743988999964 ], [ 121.112488127, -2.290709336999953 ], [ 121.112461719000066, -2.290681712999969 ], [ 121.11245744100006, -2.290677236999954 ], [ 121.112450171000091, -2.290669631999947 ], [ 121.11244702700003, -2.290666342999941 ], [ 121.112444929000048, -2.290664148999952 ], [ 121.112439577000032, -2.290658549999932 ], [ 121.112434215, -2.290652940999962 ], [ 121.112427954000054, -2.290646390999939 ], [ 121.112422147000075, -2.290640316999941 ], [ 121.112414005000119, -2.290631799999971 ], [ 121.11240512400002, -2.290622509999935 ], [ 121.112368647000039, -2.290584352999929 ], [ 121.112361367000062, -2.290576736999981 ], [ 121.112355626000067, -2.290569701999971 ], [ 121.112346608000053, -2.29055864999998 ], [ 121.112341690000108, -2.29055262299994 ], [ 121.112329798000019, -2.290538048999963 ], [ 121.112309432000075, -2.290513089999934 ], [ 121.112278057000026, -2.290474639999957 ], [ 121.112246940000091, -2.290436505999935 ], [ 121.11222577400008, -2.290410566999981 ], [ 121.112197148000064, -2.290375485999959 ], [ 121.112171024000077, -2.290343471999961 ], [ 121.112148079, -2.290315352999926 ], [ 121.112125170000013, -2.290287278999926 ], [ 121.112088630000017, -2.290242499999977 ], [ 121.112060813000085, -2.290208410999981 ], [ 121.112018062000061, -2.290156020999973 ], [ 121.11197990200003, -2.290109256999926 ], [ 121.111947727000029, -2.290069826999968 ], [ 121.111924547000058, -2.290030636999973 ], [ 121.111900678000097, -2.289990272999944 ], [ 121.11186994500008, -2.289938302999929 ], [ 121.111860749000016, -2.289922752999928 ], [ 121.111849754000104, -2.289904159999935 ], [ 121.111831930000108, -2.289874018999967 ], [ 121.111810120000086, -2.289837137999939 ], [ 121.111785914000052, -2.289796204999959 ], [ 121.111763738000036, -2.28975870499994 ], [ 121.111736892000067, -2.289713307999932 ], [ 121.111712837000027, -2.289672629999927 ], [ 121.111684111000045, -2.289624052999955 ], [ 121.111662301000024, -2.289587171999926 ], [ 121.111640097000077, -2.28954962399996 ], [ 121.111618409000016, -2.28951294899997 ], [ 121.111604850000049, -2.28949001899997 ], [ 121.111583557000017, -2.289454010999975 ], [ 121.11156987600009, -2.289430874999937 ], [ 121.111547793000113, -2.289393532999952 ], [ 121.111530260000109, -2.289363882999965 ], [ 121.11151312100003, -2.289334899999972 ], [ 121.111498500000039, -2.289310174999969 ], [ 121.111486275000061, -2.289289501999974 ], [ 121.111469257000067, -2.289260724999963 ], [ 121.111453423000057, -2.289233949999925 ], [ 121.111434010000039, -2.289201120999962 ], [ 121.111416871000074, -2.289172137999969 ], [ 121.111398275000056, -2.289140691999933 ], [ 121.111385261, -2.289118684999949 ], [ 121.111373703000027, -2.289099139999962 ], [ 121.111359077000088, -2.28907440699993 ], [ 121.111339394000083, -2.289045052999938 ], [ 121.111325513000111, -2.289024351999956 ], [ 121.111299409000026, -2.288985421999939 ], [ 121.111280125, -2.288956662999965 ], [ 121.111255430000028, -2.288919833999955 ], [ 121.111221320000027, -2.288868964999949 ], [ 121.111195208000026, -2.288830021999956 ], [ 121.111166580000031, -2.288787328999945 ], [ 121.111143944000105, -2.288753570999972 ], [ 121.111130830000093, -2.288734012999953 ], [ 121.111114237000038, -2.288709266999945 ], [ 121.111084015000074, -2.288664198999925 ], [ 121.111053907000041, -2.288619300999926 ], [ 121.111025913000049, -2.288577553999971 ], [ 121.11099931800004, -2.288537894999934 ], [ 121.110965671000031, -2.288487719999978 ], [ 121.110934292000024, -2.288443709999967 ], [ 121.110903848000021, -2.288405311999952 ], [ 121.110865710000098, -2.288357209999958 ], [ 121.110823892000099, -2.288304465999943 ], [ 121.110784605000049, -2.288254914999925 ], [ 121.110741611000094, -2.288200687999961 ], [ 121.110730397000111, -2.288186543999927 ], [ 121.110701403, -2.288149974999953 ], [ 121.11067067800002, -2.28811122299993 ], [ 121.110633742000118, -2.288064636999934 ], [ 121.110610686000086, -2.288035556999944 ], [ 121.110593253000047, -2.288013569999976 ], [ 121.110561634000078, -2.287973688999955 ], [ 121.110535178000077, -2.287940320999951 ], [ 121.110503839000103, -2.287900794999928 ], [ 121.110472737, -2.287861566999936 ], [ 121.110457292000092, -2.287842465999972 ], [ 121.110414835000029, -2.287789958999952 ], [ 121.110376243000019, -2.287742230999925 ], [ 121.110334070000022, -2.287690075999933 ], [ 121.110284103000026, -2.287628280999968 ], [ 121.110217866000085, -2.287546364999969 ], [ 121.110187383000039, -2.287508665999951 ], [ 121.110163746000012, -2.287479433999977 ], [ 121.110125186000118, -2.287431745999925 ], [ 121.110085849000029, -2.287383097999964 ], [ 121.110051012000099, -2.287340013999938 ], [ 121.110002677000011, -2.287280236999948 ], [ 121.109974430000079, -2.287245303999953 ], [ 121.109960387000115, -2.287227936999955 ], [ 121.109946042000047, -2.287204181999925 ], [ 121.109934839000061, -2.287185628999964 ], [ 121.109925633000103, -2.287170383999978 ], [ 121.109904297000071, -2.28713505099995 ], [ 121.109882161000087, -2.287098391999962 ], [ 121.109871786000099, -2.287081210999929 ], [ 121.109840851000058, -2.287029980999932 ], [ 121.109802376000061, -2.286966264999933 ], [ 121.109767550000015, -2.286908591999975 ], [ 121.109723951000092, -2.286836389999962 ], [ 121.109686964000048, -2.286775137999939 ], [ 121.109652124000036, -2.28671744299993 ], [ 121.109613509000042, -2.286653495999929 ], [ 121.109571818000063, -2.286584452999932 ], [ 121.109528687000079, -2.286513026999955 ], [ 121.109508762000019, -2.28646423999993 ], [ 121.109476810000046, -2.28638600499994 ], [ 121.109451113000091, -2.286323084999935 ], [ 121.109397974000103, -2.28619297399996 ], [ 121.109344202000102, -2.286061311999958 ], [ 121.109288614000093, -2.285925202999977 ], [ 121.109259138000084, -2.285853029999942 ], [ 121.109215627000026, -2.285746493999966 ], [ 121.109169934000079, -2.285634614999935 ], [ 121.109120610000105, -2.285513843999979 ], [ 121.109071328000027, -2.285393175999957 ], [ 121.10903844500001, -2.285312660999978 ], [ 121.10900038200009, -2.285219462999976 ], [ 121.108967057000086, -2.285137866999946 ], [ 121.108908445000111, -2.285024668999938 ], [ 121.108862603000034, -2.284936131999928 ], [ 121.108816157000092, -2.284846429999959 ], [ 121.108755762000101, -2.284729787999936 ], [ 121.108733486, -2.284686764999947 ], [ 121.10870232100001, -2.284626574999947 ], [ 121.10867996200011, -2.284583392999934 ], [ 121.108615677000103, -2.284459236999965 ], [ 121.108579507000059, -2.284404225999936 ], [ 121.108525569000108, -2.284322191999934 ], [ 121.108483971000055, -2.284258924999961 ], [ 121.108462493000047, -2.284226258999979 ], [ 121.108430317000057, -2.284177321999948 ], [ 121.108398683000019, -2.284129210999936 ], [ 121.1083682310001, -2.284082895999973 ], [ 121.10832688000005, -2.284020004999945 ], [ 121.108275115000083, -2.28394127599995 ], [ 121.108190311000044, -2.283812299999965 ], [ 121.108139112000117, -2.283737470999938 ], [ 121.108070295000061, -2.283641404999969 ], [ 121.108005736000109, -2.283551281999962 ], [ 121.107933832000072, -2.283450906999974 ], [ 121.107860960000039, -2.283349179999959 ], [ 121.107791961000089, -2.283252860999937 ], [ 121.107734543000106, -2.283172707999938 ], [ 121.107674442000075, -2.283088807999945 ], [ 121.107645048000109, -2.283047774999943 ], [ 121.107592877000116, -2.282974946999957 ], [ 121.107516764000025, -2.28285922699996 ], [ 121.107441010000116, -2.282744053999977 ], [ 121.107392338000068, -2.282670053999936 ], [ 121.107343560000118, -2.28259589399994 ], [ 121.107299542000078, -2.282528970999977 ], [ 121.107213215000115, -2.282397722999974 ], [ 121.107195672000103, -2.282371050999927 ], [ 121.107178838000095, -2.282345456999963 ], [ 121.107159974000069, -2.282316777999938 ], [ 121.107108401000119, -2.28223836899997 ], [ 121.107042458000024, -2.282138110999938 ], [ 121.107009801000117, -2.282088460999944 ], [ 121.106984142000101, -2.282049449999931 ], [ 121.106969355000047, -2.282026967999968 ], [ 121.106954844000029, -2.282004905999941 ], [ 121.106942080000067, -2.281985500999951 ], [ 121.106926397000052, -2.281961656999954 ], [ 121.106910484000082, -2.281937460999927 ], [ 121.106893950000085, -2.281912320999936 ], [ 121.10687219600004, -2.281879243999924 ], [ 121.106853914000112, -2.281851446999951 ], [ 121.10683331000007, -2.281820117999928 ], [ 121.106810383000038, -2.281785256999967 ], [ 121.106794998000055, -2.281761864999964 ], [ 121.106777889000114, -2.281735850999951 ], [ 121.106758183000011, -2.28170588699993 ], [ 121.106747627000118, -2.281689836999931 ], [ 121.106737228000043, -2.281670898999948 ], [ 121.106706677000034, -2.281615261999946 ], [ 121.106673950000072, -2.281555662999949 ], [ 121.106659748000084, -2.28152979999993 ], [ 121.106584935000114, -2.281393554999966 ], [ 121.106496037000056, -2.281231659999946 ], [ 121.106454467000049, -2.281155956999953 ], [ 121.106408637000072, -2.28107104399993 ], [ 121.106408585000054, -2.281070947999979 ], [ 121.106317654, -2.280902470999933 ], [ 121.106239889000108, -2.280758388999971 ], [ 121.106180977, -2.280649236999977 ], [ 121.106071949000011, -2.280478512999935 ], [ 121.105966844000022, -2.280313930999966 ], [ 121.105847408000045, -2.280126908999932 ], [ 121.105787977000091, -2.28003384699997 ], [ 121.105752492000079, -2.279993909999973 ], [ 121.1057083930001, -2.27994427699997 ], [ 121.105687917000068, -2.279921231999936 ], [ 121.105659882000054, -2.27988967999994 ], [ 121.105612947000054, -2.279836855999974 ], [ 121.105541758000072, -2.279756733999932 ], [ 121.105478600000083, -2.279685651999955 ], [ 121.105360002000111, -2.279552172999956 ], [ 121.105239200000028, -2.279416212999934 ], [ 121.105136437000056, -2.279300556999942 ], [ 121.105096007000043, -2.279256379999936 ], [ 121.105024287000106, -2.279178012999978 ], [ 121.104780177000066, -2.278911276999963 ], [ 121.104650222000032, -2.278836463999937 ], [ 121.104218889000094, -2.278588149999962 ], [ 121.104178883000031, -2.27856511899995 ], [ 121.104147586000067, -2.278547101999948 ], [ 121.104122787000051, -2.278532825999946 ], [ 121.104079325000043, -2.278507804999947 ], [ 121.104048626, -2.278490131999945 ], [ 121.104024507000076, -2.278476246999958 ], [ 121.103986171000088, -2.278451963999942 ], [ 121.103965875000085, -2.27843910799993 ], [ 121.103915616000108, -2.278407272999971 ], [ 121.103900311000075, -2.278397577999954 ], [ 121.103666003000058, -2.278249162999941 ], [ 121.103383785, -2.278070399999933 ], [ 121.10315735800009, -2.277926975999947 ], [ 121.102904303000059, -2.27776668599995 ], [ 121.102621543000055, -2.277587579999931 ], [ 121.102336580000042, -2.277407077999953 ], [ 121.102193467, -2.27731642699996 ], [ 121.102116454000111, -2.27725793999997 ], [ 121.101894305000087, -2.277089230999934 ], [ 121.101758620000055, -2.276986185999931 ], [ 121.101597107000089, -2.276863526999932 ], [ 121.101499503000014, -2.276795001999972 ], [ 121.101148780000017, -2.276548769999977 ], [ 121.100861597000062, -2.276347146999967 ], [ 121.100636324000106, -2.276206059999936 ], [ 121.100259451000056, -2.275970025999925 ], [ 121.100065837000102, -2.275848766999957 ], [ 121.0997634470001, -2.27570831099996 ], [ 121.09923307300005, -2.275461958999927 ], [ 121.098940250000055, -2.275325945999953 ], [ 121.098473396000031, -2.275109097999973 ], [ 121.098134127000094, -2.274961276999932 ], [ 121.097681677000082, -2.27479686099997 ], [ 121.097115510000094, -2.274591120999958 ], [ 121.096812248000106, -2.274480917999938 ], [ 121.096297709000055, -2.274323669999944 ], [ 121.095789936000074, -2.27417388899994 ], [ 121.095190647000095, -2.273997111999961 ], [ 121.094710087000067, -2.273855357999935 ], [ 121.094271556000081, -2.273726000999943 ], [ 121.093991757000026, -2.273643466999943 ], [ 121.09367626300002, -2.273543866999944 ], [ 121.093676216000063, -2.273543852999978 ], [ 121.093080748000034, -2.273355866999964 ], [ 121.09257784700003, -2.273197103999962 ], [ 121.092095719000099, -2.273044898999956 ], [ 121.091633177000062, -2.272898876999932 ], [ 121.091377607000027, -2.272836591999976 ], [ 121.091106780000018, -2.272770587999958 ], [ 121.090879479000023, -2.272715191999964 ], [ 121.090518138000107, -2.272627128999943 ], [ 121.090365158000054, -2.27258984599996 ], [ 121.089866873, -2.272468407999952 ], [ 121.089286051000045, -2.27232685499996 ], [ 121.089171047000036, -2.272298826999929 ], [ 121.088776251000013, -2.272183884999947 ], [ 121.087996309000118, -2.271956811999928 ], [ 121.087611017000086, -2.271844636999958 ], [ 121.087209213000051, -2.271730995999974 ], [ 121.086722956000017, -2.271593468999924 ], [ 121.086551007000025, -2.271544836999965 ], [ 121.085708767000028, -2.271313480999936 ], [ 121.085226668000018, -2.271181051999974 ], [ 121.08493020700007, -2.271099616999948 ], [ 121.084739451000019, -2.27105372099993 ], [ 121.083938731000103, -2.270861065999952 ], [ 121.08339917, -2.270736830999965 ], [ 121.082544336000069, -2.270559145999925 ], [ 121.081687127, -2.270380966999937 ], [ 121.081287595000049, -2.270298426999943 ], [ 121.080546173000016, -2.270145255999978 ], [ 121.080058953000048, -2.270044600999938 ], [ 121.079704757000059, -2.269971426999973 ], [ 121.079583023000055, -2.269945810999957 ], [ 121.079037327000037, -2.269830982999963 ], [ 121.078724183000077, -2.269765089999964 ], [ 121.078092721000075, -2.269632214999945 ], [ 121.077667335000115, -2.269542703999946 ], [ 121.077542507000089, -2.269516436999936 ], [ 121.077295167000102, -2.269473442999924 ], [ 121.076664215000051, -2.269363766999959 ], [ 121.076240527000095, -2.269290118999947 ], [ 121.075644762000024, -2.26918655999998 ], [ 121.07549804700011, -2.269161056999963 ], [ 121.075180942000088, -2.269103756999925 ], [ 121.074636059000113, -2.269005298999957 ], [ 121.074036037000042, -2.268896876999975 ], [ 121.073519458000078, -2.268798008999966 ], [ 121.072894227, -2.268678346999934 ], [ 121.072448495000117, -2.268601263999926 ], [ 121.071797200000105, -2.268488631999958 ], [ 121.071636707000039, -2.268460876999939 ], [ 121.071471467000038, -2.268432296999947 ], [ 121.07115163200001, -2.268372868999961 ], [ 121.070290008000029, -2.268212772999959 ], [ 121.070049997000069, -2.26816817699995 ], [ 121.069649168000069, -2.268087894999951 ], [ 121.069104489000097, -2.267978801999959 ], [ 121.068868307000116, -2.26793149699995 ], [ 121.068464180000092, -2.267857598999967 ], [ 121.068464122000023, -2.26785758799997 ], [ 121.068343625000011, -2.26783555399993 ], [ 121.067660177000107, -2.267710579999971 ], [ 121.067025187000013, -2.267594466999981 ], [ 121.066718057000116, -2.267551323999953 ], [ 121.066278461000024, -2.267489573999967 ], [ 121.065689747000079, -2.267406876999928 ], [ 121.06514044700009, -2.267329716999939 ], [ 121.064318279000076, -2.267244792999975 ], [ 121.064008487000024, -2.267212793999931 ], [ 121.063636727000016, -2.267174393999937 ], [ 121.063441111000088, -2.267154187999949 ], [ 121.062834387000066, -2.267091516999926 ], [ 121.062265989000025, -2.26705106999998 ], [ 121.062042372000064, -2.267035157999942 ], [ 121.061853251000116, -2.26702169999993 ], [ 121.061620517000051, -2.267005138999934 ], [ 121.061522360000026, -2.266998153999964 ], [ 121.061409827000034, -2.266990146999944 ], [ 121.061375565000048, -2.266989308999939 ], [ 121.061243187000059, -2.266986073999931 ], [ 121.061064591000104, -2.266981708999936 ], [ 121.060826001, -2.266975876999936 ], [ 121.060607310000023, -2.266970531999959 ], [ 121.060418411000114, -2.266965914999957 ], [ 121.060160606000068, -2.266959613999973 ], [ 121.059880809000106, -2.266952774999936 ], [ 121.059717111000055, -2.266948773999957 ], [ 121.059420192000061, -2.266941516999964 ], [ 121.059060557000066, -2.266932726999926 ], [ 121.058931407000046, -2.266927048999946 ], [ 121.058680646000084, -2.266916026999979 ], [ 121.058197864000022, -2.266894805999925 ], [ 121.057956473000104, -2.266884196999968 ], [ 121.057730990000096, -2.266874285999961 ], [ 121.057574927000019, -2.266867426999966 ], [ 121.057329127000116, -2.26686897299993 ], [ 121.057100708, -2.266870408999978 ], [ 121.056826677000117, -2.266872131999946 ], [ 121.056390137000108, -2.266874876999964 ], [ 121.05617721200008, -2.266860658999974 ], [ 121.055833053000015, -2.266837676999955 ], [ 121.055416137000066, -2.266809836999926 ], [ 121.055173547000095, -2.266793639999946 ], [ 121.054580245000011, -2.266754025999944 ], [ 121.053902237000102, -2.266708756999947 ], [ 121.053532149000034, -2.266689027999973 ], [ 121.05312214300011, -2.266667170999938 ], [ 121.052857937000113, -2.266653086999952 ], [ 121.052233977000014, -2.266769796999938 ], [ 121.051750327000036, -2.266886686999953 ], [ 121.051322265000067, -2.266928427999972 ], [ 121.050744387, -2.266984776999948 ], [ 121.050422497000113, -2.266984346999948 ], [ 121.050057001000027, -2.267038634999949 ], [ 121.049819257000081, -2.267073946999972 ], [ 121.049546922000104, -2.267206315999942 ], [ 121.049374037, -2.267290346999971 ], [ 121.049184706, -2.267414539999947 ], [ 121.048947607000059, -2.267570066999951 ], [ 121.048820853000052, -2.267649111999958 ], [ 121.048441217000118, -2.267885856999953 ], [ 121.048056708000104, -2.268170752999936 ], [ 121.04777126700003, -2.268382246999977 ], [ 121.047435398000061, -2.268652588999942 ], [ 121.047302266000088, -2.268759745999944 ], [ 121.046957319000057, -2.269037393999952 ], [ 121.046246067000084, -2.269609876999937 ], [ 121.045698050000055, -2.269984230999967 ], [ 121.045374197000115, -2.270205456999975 ], [ 121.044689708000078, -2.27060079499995 ], [ 121.044421477000014, -2.270755716999929 ], [ 121.043907399000091, -2.271038565999959 ], [ 121.0433887370001, -2.271323936999977 ], [ 121.042952423000088, -2.271601149999981 ], [ 121.042952398000011, -2.271601165999925 ], [ 121.042952389499462, -2.27160117128463 ], [ 121.042394657, -2.27195552699993 ], [ 121.041747990808958, -2.272349933142785 ], [ 121.04089663036298, -2.272869602626095 ], [ 121.040590987, -2.27305616699993 ], [ 121.040337873000112, -2.273227757999962 ], [ 121.039739087000044, -2.273633686999972 ], [ 121.039629647000083, -2.273693666999975 ], [ 121.038949217000095, -2.27406661699996 ], [ 121.038551582000082, -2.274247774999935 ], [ 121.038330774000087, -2.274348371999963 ], [ 121.038058807000084, -2.274472276999973 ], [ 121.037545618000081, -2.274659856999961 ], [ 121.037081088000036, -2.274829651999937 ], [ 121.036604737000062, -2.27500376699993 ], [ 121.036334871, -2.27507437099996 ], [ 121.036028837000117, -2.275154436999969 ], [ 121.036020277000034, -2.275156676999927 ], [ 121.035396657000092, -2.275228156999958 ], [ 121.035008243000107, -2.275248589999933 ], [ 121.034894067000096, -2.275254596999957 ], [ 121.034725635000086, -2.275263279999933 ], [ 121.034552487000042, -2.275272206999944 ], [ 121.03438239500008, -2.275245107999979 ], [ 121.034249272000011, -2.275223898999968 ], [ 121.034151777000034, -2.275208366999948 ], [ 121.034033961000091, -2.275144064999949 ], [ 121.033952467000063, -2.275099586999943 ], [ 121.033674067000106, -2.274918366999941 ], [ 121.033375747000036, -2.274709996999945 ], [ 121.033058137000012, -2.274483516999965 ], [ 121.032810299000062, -2.274293028999978 ], [ 121.032717086000048, -2.274221387999944 ], [ 121.032681017000073, -2.274193666999963 ], [ 121.032528506000062, -2.274074940999981 ], [ 121.032475956000098, -2.274034032999964 ], [ 121.03234671000007, -2.273933417999956 ], [ 121.032310364000068, -2.273905123999953 ], [ 121.0322039670001, -2.273822296999924 ], [ 121.032103037, -2.27372625699996 ], [ 121.032035506, -2.27366199399995 ], [ 121.031728187, -2.27336954699997 ], [ 121.031462674020133, -2.273094112743168 ], [ 121.031462672000089, -2.273094110999978 ], [ 121.031381464000106, -2.273009868999964 ], [ 121.031288739000047, -2.272913678999942 ], [ 121.031179306000013, -2.272800156999949 ], [ 121.031056167000088, -2.272672415999978 ], [ 121.030992562000051, -2.272588756999937 ], [ 121.030873026000108, -2.272431533999963 ], [ 121.030744463000019, -2.272262438999974 ], [ 121.030622617000063, -2.272102176999965 ], [ 121.030436303000101, -2.271864861999973 ], [ 121.030335227000023, -2.271736116999932 ], [ 121.030189137000093, -2.27155003699994 ], [ 121.030169981000085, -2.271529205999968 ], [ 121.030106499000112, -2.271460170999944 ], [ 121.030026393000071, -2.271373056999948 ], [ 121.029951838000102, -2.271291979999944 ], [ 121.029836560000035, -2.271166616999949 ], [ 121.029813525, -2.271141566999972 ], [ 121.029714617000081, -2.271034006999969 ], [ 121.029651158000092, -2.270992412999931 ], [ 121.029388026000106, -2.270819940999957 ], [ 121.029080547000035, -2.270618401999968 ], [ 121.028737852000063, -2.270394899999928 ], [ 121.028737684000021, -2.270394790999944 ], [ 121.028465128000107, -2.27021803699995 ], [ 121.028372352000019, -2.27015787199997 ], [ 121.028255304000027, -2.270081964999974 ], [ 121.028162233000103, -2.270021607999979 ], [ 121.028102617000059, -2.26998294699996 ], [ 121.028048052000031, -2.26995859699997 ], [ 121.027863007000064, -2.269876017999934 ], [ 121.027741693000053, -2.269821879999938 ], [ 121.027410565000082, -2.269674110999972 ], [ 121.027025467000044, -2.269502256999942 ], [ 121.026864705000094, -2.269427745999963 ], [ 121.026754078000067, -2.269376471999976 ], [ 121.026403315000039, -2.269213899999954 ], [ 121.026027567000028, -2.269039746999965 ], [ 121.025428776000012, -2.268736224999941 ], [ 121.024979331000054, -2.268508404999977 ], [ 121.024632457000052, -2.268332576999967 ], [ 121.024131932000046, -2.268069231999959 ], [ 121.023884624000061, -2.267939114999933 ], [ 121.023615877000111, -2.267797716999951 ], [ 121.023170556000082, -2.26760117799995 ], [ 121.022667507000051, -2.267379159999962 ], [ 121.022503997000058, -2.267306995999945 ], [ 121.022387453000078, -2.267255559999967 ], [ 121.022285949000093, -2.267210761999934 ], [ 121.022135095000067, -2.267148065999947 ], [ 121.021961282, -2.267077848999975 ], [ 121.021831630000065, -2.267025472999933 ], [ 121.021723491000103, -2.266981787999953 ], [ 121.021577962000038, -2.266922997999927 ], [ 121.02140549, -2.266853323999953 ], [ 121.02126897100004, -2.266802393999967 ], [ 121.021048293000035, -2.266726243999926 ], [ 121.020844626000098, -2.266655963999938 ], [ 121.020249746000104, -2.266450686999974 ], [ 121.019762197000091, -2.26628244699998 ], [ 121.019468447, -2.266121659999953 ], [ 121.019174558000032, -2.265960796999934 ], [ 121.019076208000115, -2.265906963999953 ], [ 121.019026081000106, -2.265879526999925 ], [ 121.01893227700009, -2.26582818199995 ], [ 121.018877666000094, -2.265798289999964 ], [ 121.018833598000015, -2.26577416899994 ], [ 121.018826816000114, -2.265770456999974 ], [ 121.018821821000074, -2.265767722999954 ], [ 121.018811895000113, -2.265762289999941 ], [ 121.018806181000059, -2.265759161999938 ], [ 121.018800249000037, -2.265755914999943 ], [ 121.018794386000081, -2.265752705999944 ], [ 121.018789373000118, -2.265749961999973 ], [ 121.018781127000011, -2.265745448999951 ], [ 121.018769667000015, -2.265739175999954 ], [ 121.018766668000012, -2.265737534999971 ], [ 121.018760971, -2.265734416999976 ], [ 121.018750458000113, -2.265728661999958 ], [ 121.018743828000083, -2.265725032999967 ], [ 121.018708752000066, -2.265705833999959 ], [ 121.018670707000069, -2.26568500999997 ], [ 121.018665488000011, -2.265682152999943 ], [ 121.018661063000081, -2.265679730999977 ], [ 121.018658003000041, -2.265678055999956 ], [ 121.018653824000012, -2.265675767999937 ], [ 121.018651815000112, -2.265674668999964 ], [ 121.018650903000093, -2.265674169999954 ], [ 121.018649620000019, -2.265673467999932 ], [ 121.018645551000077, -2.26567124099995 ], [ 121.01864188400009, -2.265669233999972 ], [ 121.018641108000111, -2.265668808999976 ], [ 121.018636840000113, -2.265666472999953 ], [ 121.018631425000081, -2.265663508999978 ], [ 121.018625487, -2.265660258999958 ], [ 121.018620401000021, -2.265657474999955 ], [ 121.018613151000068, -2.265653505999978 ], [ 121.018605797000077, -2.265649479999979 ], [ 121.018586407000043, -2.26563886699995 ], [ 121.018553900000029, -2.265627379999955 ], [ 121.018519947000073, -2.265615381999964 ], [ 121.018331476000071, -2.265548782999929 ], [ 121.018251349000025, -2.265520468999966 ], [ 121.017968291000102, -2.26542044699994 ], [ 121.017546317000097, -2.265271336999945 ], [ 121.017484299000103, -2.265248398999972 ], [ 121.017414156000086, -2.265220517999978 ], [ 121.017319300000054, -2.265182814999946 ], [ 121.017244659000085, -2.265153146999978 ], [ 121.017167405, -2.265122439999971 ], [ 121.017055975000062, -2.265078148999976 ], [ 121.016901598000118, -2.265016787999969 ], [ 121.016887794000013, -2.265011300999959 ], [ 121.01685447400007, -2.264998056999957 ], [ 121.016832935000025, -2.264989495999941 ], [ 121.016802080000048, -2.264977231999978 ], [ 121.016742110000109, -2.264953394999964 ], [ 121.016720782000107, -2.26494491699998 ], [ 121.016674616000046, -2.264926566999975 ], [ 121.01663524300011, -2.264910916999952 ], [ 121.016590862000044, -2.264893276999942 ], [ 121.016569032, -2.264884599999959 ], [ 121.016487431000087, -2.264852963999942 ], [ 121.016487375000111, -2.264852941999948 ], [ 121.016446452000082, -2.26483720799996 ], [ 121.016381240000101, -2.264812135999932 ], [ 121.01630908900006, -2.264784395999925 ], [ 121.016216732000089, -2.264748887999929 ], [ 121.016111924000029, -2.264708592999966 ], [ 121.015987829000096, -2.26466088199993 ], [ 121.015822403000016, -2.264597280999965 ], [ 121.015680754000073, -2.264542821999953 ], [ 121.015250667000032, -2.264377466999974 ], [ 121.015000574000055, -2.264287606999972 ], [ 121.01448437800002, -2.264102133999927 ], [ 121.014012867000019, -2.263932716999932 ], [ 121.013660213000094, -2.263768221999953 ], [ 121.013254647000053, -2.263579046999951 ], [ 121.01302433, -2.263474402999975 ], [ 121.012695737000058, -2.263325106999957 ], [ 121.012180305000015, -2.263048462999961 ], [ 121.012131837000084, -2.263022448999948 ], [ 121.012101383000072, -2.263006103999942 ], [ 121.012076576000027, -2.262992789999942 ], [ 121.01203104800004, -2.262968353999952 ], [ 121.011985585000048, -2.262943952999933 ], [ 121.011938284000053, -2.262918565999939 ], [ 121.011896157000024, -2.262897260999978 ], [ 121.011827554000092, -2.262864393999962 ], [ 121.011769982000033, -2.262836811999932 ], [ 121.011741167000082, -2.262823006999952 ], [ 121.011714190000021, -2.262810082999977 ], [ 121.011617586000057, -2.262763802999928 ], [ 121.011599524000076, -2.262754649999977 ], [ 121.011518248000016, -2.262716212999976 ], [ 121.01144875500006, -2.262682920999964 ], [ 121.011372236000057, -2.262646261999976 ], [ 121.011303594000083, -2.26261337699998 ], [ 121.011227114, -2.26257673799995 ], [ 121.01118064700006, -2.262554476999981 ], [ 121.011167860000114, -2.262547200999961 ], [ 121.011120209000069, -2.262520090999942 ], [ 121.011036841000077, -2.262472659999958 ], [ 121.010953726000025, -2.262425372999928 ], [ 121.01087837700004, -2.262382503999959 ], [ 121.010803921000047, -2.26234014299996 ], [ 121.010384097000042, -2.26210128699995 ], [ 121.010316074000116, -2.262066 ], [ 121.010271404000036, -2.262042826999959 ], [ 121.010213235000037, -2.262012650999964 ], [ 121.010152123000012, -2.261980947999973 ], [ 121.010104487000035, -2.261956236999936 ], [ 121.01003417700008, -2.261905106999961 ], [ 121.009597663000022, -2.261587660999965 ], [ 121.009469197000044, -2.261494236999965 ], [ 121.009464110000067, -2.261489682999979 ], [ 121.009394291000035, -2.261427187999971 ], [ 121.009354512000073, -2.261391581999931 ], [ 121.009213485000032, -2.261265347999938 ], [ 121.009073566000097, -2.261140105999971 ], [ 121.009052182000119, -2.261120964999975 ], [ 121.009028526000066, -2.261099790999936 ], [ 121.009003692000078, -2.261077560999979 ], [ 121.008983486000034, -2.261059474999968 ], [ 121.008973467000033, -2.261050506999936 ], [ 121.008962753000105, -2.26103870299994 ], [ 121.008941741000058, -2.261015553999925 ], [ 121.00893614000006, -2.261009383999976 ], [ 121.008830284000055, -2.260892759999933 ], [ 121.008675797000024, -2.260722557999941 ], [ 121.008585437000079, -2.260623005999946 ], [ 121.008521216000076, -2.260552251999968 ], [ 121.00848196000004, -2.260509003999971 ], [ 121.008420857000033, -2.260441685999979 ], [ 121.008340747000034, -2.260353426999927 ], [ 121.008268442000031, -2.260255843999971 ], [ 121.008128971000019, -2.260067614999969 ], [ 121.007915474000015, -2.259779478999974 ], [ 121.007750587000032, -2.259556946999965 ], [ 121.007534477000036, -2.259249226999941 ], [ 121.007444104000115, -2.259113028999934 ], [ 121.007270756000025, -2.258851784999933 ], [ 121.007234924000045, -2.258797783999967 ], [ 121.007217368000056, -2.25877132599993 ], [ 121.007180177, -2.258715276999965 ], [ 121.007159411000089, -2.258682950999969 ], [ 121.007107547000032, -2.258602216999975 ], [ 121.007073793000018, -2.258549673999937 ], [ 121.007043318000115, -2.25850223499998 ], [ 121.006992661000027, -2.258423378999964 ], [ 121.006898702000058, -2.258277117999967 ], [ 121.006890381000062, -2.258264164999957 ], [ 121.006874, -2.258238664999965 ], [ 121.006866247000062, -2.258226596999975 ], [ 121.00684994400001, -2.258196431999977 ], [ 121.006834427000058, -2.258165829999939 ], [ 121.006818527000064, -2.258138299999928 ], [ 121.006679568000095, -2.257881184999974 ], [ 121.006590212000106, -2.257715849999954 ], [ 121.00650478700004, -2.257557786999939 ], [ 121.006435897000074, -2.25743033699996 ], [ 121.006321231000015, -2.257225454999968 ], [ 121.006228331000102, -2.257059462999962 ], [ 121.006222762000107, -2.25704951199998 ], [ 121.00621766200004, -2.257040399999937 ], [ 121.006205281, -2.257018277999975 ], [ 121.006199705000085, -2.25700831499995 ], [ 121.006197777000011, -2.257004868999957 ], [ 121.006196383000088, -2.257002378999971 ], [ 121.006193375000066, -2.25699700499996 ], [ 121.006190098000047, -2.25699114899993 ], [ 121.00618677600005, -2.25698521299995 ], [ 121.006183732000068, -2.256979774999934 ], [ 121.00617877500008, -2.256970916999933 ], [ 121.006170502000032, -2.256956135999928 ], [ 121.006162427000049, -2.256941706999953 ], [ 121.006155526000043, -2.256930237999939 ], [ 121.006155510000099, -2.25693020999995 ], [ 121.006129014000066, -2.256886173999931 ], [ 121.006124405000037, -2.256878514999926 ], [ 121.006030561000102, -2.25672254899996 ], [ 121.005867740000099, -2.256451943999934 ], [ 121.005782739000097, -2.256310673999963 ], [ 121.005706148000058, -2.256183380999971 ], [ 121.005591287000016, -2.255992484999979 ], [ 121.00550879900004, -2.255855390999955 ], [ 121.005437784000037, -2.255733260999932 ], [ 121.005345927, -2.255570826999929 ], [ 121.005299731000036, -2.255489136999927 ], [ 121.005230304000065, -2.255366366999965 ], [ 121.005137026000057, -2.255201420999924 ], [ 121.005026077000025, -2.25500522699997 ], [ 121.00496359300007, -2.254903145999947 ], [ 121.004850329000078, -2.254718105999928 ], [ 121.004677911000044, -2.254436424999938 ], [ 121.004593295000063, -2.254298186999961 ], [ 121.004556017000027, -2.254236796999976 ], [ 121.004555056000072, -2.254235214999937 ], [ 121.00447965, -2.254111036999973 ], [ 121.004370176000066, -2.253930032999961 ], [ 121.004242428000111, -2.253718816999935 ], [ 121.004189355000108, -2.253626964999967 ], [ 121.004126040000074, -2.253517387999977 ], [ 121.003948257000047, -2.253195406999964 ], [ 121.003752610000106, -2.252921841999978 ], [ 121.003679355000031, -2.252819412999941 ], [ 121.003557969000099, -2.252649683999948 ], [ 121.003436907000037, -2.25248040699995 ], [ 121.003219147000095, -2.252220805999968 ], [ 121.00317597600008, -2.252169339999966 ], [ 121.003158778000056, -2.252148836999936 ], [ 121.003144501000065, -2.252131815999974 ], [ 121.003140777000112, -2.252127376999965 ], [ 121.003127601000074, -2.252112269999941 ], [ 121.00312757800009, -2.252112242999942 ], [ 121.003108193000116, -2.252090016999944 ], [ 121.003087677000053, -2.252066492999973 ], [ 121.003058158000044, -2.252032646999965 ], [ 121.003029204000086, -2.251999447999935 ], [ 121.003024272000062, -2.251993936999952 ], [ 121.003020137000021, -2.251989051999942 ], [ 121.003014370000074, -2.25198243899996 ], [ 121.003009756000097, -2.25197714799998 ], [ 121.003004177000093, -2.251970751999977 ], [ 121.003000281000027, -2.25196628499998 ], [ 121.002995019000082, -2.251960250999957 ], [ 121.0029886640001, -2.25195296499993 ], [ 121.002985027000022, -2.251948793999929 ], [ 121.002980660000048, -2.251943786999959 ], [ 121.002975599000024, -2.251937983999937 ], [ 121.002971021, -2.251932734999968 ], [ 121.002967466000086, -2.25192865899993 ], [ 121.002963746000091, -2.251924393999957 ], [ 121.002959674000067, -2.251919724999937 ], [ 121.00295656600008, -2.251916161999929 ], [ 121.00295337700004, -2.25191250499995 ], [ 121.002950881000061, -2.251909642999976 ], [ 121.002948221000111, -2.251906592999944 ], [ 121.00294554900006, -2.251903529999936 ], [ 121.00294188700002, -2.251899330999947 ], [ 121.002938135000022, -2.251895028999968 ], [ 121.002935499000046, -2.251892005999935 ], [ 121.002931013000079, -2.251886861999935 ], [ 121.002926764000108, -2.251881990999948 ], [ 121.002923410000108, -2.251878144999978 ], [ 121.002919408000025, -2.251873555999964 ], [ 121.002913628000101, -2.251866928999959 ], [ 121.002910192000058, -2.25186298899996 ], [ 121.002908686000069, -2.251861262999967 ], [ 121.002907097000048, -2.251859441999954 ], [ 121.002905388000045, -2.251857482999981 ], [ 121.002904128000068, -2.251856038999961 ], [ 121.002903275000108, -2.251855059999968 ], [ 121.002902446, -2.251854109999954 ], [ 121.002901593000047, -2.251853131999951 ], [ 121.002900534000105, -2.251851917999943 ], [ 121.002898967000078, -2.251850120999961 ], [ 121.002898246000086, -2.251849294999943 ], [ 121.002896829000065, -2.251847669999961 ], [ 121.002895294000041, -2.251845909999929 ], [ 121.002893693000033, -2.251844073999962 ], [ 121.002892596000038, -2.251842816999954 ], [ 121.002891028000022, -2.251841019999972 ], [ 121.002889305000053, -2.25183904499994 ], [ 121.002887765000082, -2.251837278999972 ], [ 121.002886056000079, -2.251835318999952 ], [ 121.002884366000103, -2.251833381999973 ], [ 121.002882487000079, -2.251831227999958 ], [ 121.002880632000029, -2.251829100999942 ], [ 121.002877515000023, -2.251825526999937 ], [ 121.002875269000015, -2.251822951999941 ], [ 121.002873645000022, -2.251821089999964 ], [ 121.002871180000056, -2.251818421999928 ], [ 121.002866217000019, -2.251812682999969 ], [ 121.002854341000102, -2.251799011999935 ], [ 121.002841494000108, -2.251784224999938 ], [ 121.002811885000028, -2.251750274999949 ], [ 121.002792159000023, -2.251727656999947 ], [ 121.002789705000055, -2.251724843999966 ], [ 121.002788090000081, -2.251722991999941 ], [ 121.002785487000097, -2.25172000699996 ], [ 121.002781918000096, -2.251717017999965 ], [ 121.002777881000043, -2.251713637999956 ], [ 121.002772646000039, -2.251709253999934 ], [ 121.002768105000087, -2.251705450999964 ], [ 121.002762739000104, -2.251700956999969 ], [ 121.00276056000007, -2.251699132999931 ], [ 121.002721374000089, -2.251666315999955 ], [ 121.002609265000046, -2.251572430999943 ], [ 121.002494346000049, -2.251476190999938 ], [ 121.002379426000061, -2.251379950999933 ], [ 121.002211809000073, -2.251239579999947 ], [ 121.002153781000061, -2.251190984999937 ], [ 121.002147541000113, -2.251185758999952 ], [ 121.002142552, -2.251181580999969 ], [ 121.00213709500008, -2.251177010999925 ], [ 121.00213257200005, -2.251173222999967 ], [ 121.002128164000055, -2.251169531999949 ], [ 121.002123717000018, -2.25116580699995 ], [ 121.002120333000107, -2.251162972999964 ], [ 121.002117026000064, -2.251160203999973 ], [ 121.002112990000114, -2.251156823999963 ], [ 121.002110187000085, -2.251154476999943 ], [ 121.002107215000024, -2.251151987999947 ], [ 121.002101198000105, -2.251146948999974 ], [ 121.002097295000112, -2.251143680999974 ], [ 121.002092548000064, -2.251139704999957 ], [ 121.002086979000069, -2.25113504199993 ], [ 121.002081540000063, -2.251130486999955 ], [ 121.002074665, -2.251124728999969 ], [ 121.002071737000051, -2.251122276999979 ], [ 121.002070006000054, -2.251120856999933 ], [ 121.002064201000053, -2.251116097999954 ], [ 121.00205909400006, -2.251111910999953 ], [ 121.002056775000028, -2.251110008999945 ], [ 121.002054289000057, -2.251107970999954 ], [ 121.002050022000049, -2.251104472999941 ], [ 121.002046894000046, -2.251101907999953 ], [ 121.002042999000082, -2.251098713999966 ], [ 121.002040358000045, -2.251096548999953 ], [ 121.00203660000011, -2.251093467999965 ], [ 121.002033533000031, -2.251090952999959 ], [ 121.00202976300011, -2.251087861999963 ], [ 121.002027412000075, -2.251085933999946 ], [ 121.002023228000098, -2.251082502999964 ], [ 121.002019531000087, -2.251079470999969 ], [ 121.00201642400009, -2.251076922999971 ], [ 121.00201314100002, -2.251074230999961 ], [ 121.002009785000041, -2.25107147999995 ], [ 121.002006036000012, -2.251068405999945 ], [ 121.002002359000016, -2.251065390999941 ], [ 121.001998548000074, -2.251062266999952 ], [ 121.001993804000108, -2.251058376999936 ], [ 121.001992069000039, -2.251056953999978 ], [ 121.001987177000046, -2.251052942999934 ], [ 121.001984172000107, -2.251050478999957 ], [ 121.001773487000037, -2.250877736999939 ], [ 121.00151594700003, -2.250633256999947 ], [ 121.001184188000025, -2.250462184999947 ], [ 121.000961994000022, -2.250273084999947 ], [ 121.000901770000041, -2.250221831999966 ], [ 121.000867757000037, -2.250192884999933 ], [ 121.000840604000018, -2.25016977699994 ], [ 121.000806076000117, -2.250140390999945 ], [ 121.000788789000012, -2.250125677999961 ], [ 121.000771008000015, -2.250110545999974 ], [ 121.000741295000012, -2.250085257999956 ], [ 121.000713296000072, -2.25006142999996 ], [ 121.000697103000107, -2.250047648999953 ], [ 121.000687977000098, -2.250039882999943 ], [ 121.000680436000039, -2.250033463999955 ], [ 121.000675951000062, -2.250029646999963 ], [ 121.000668137000048, -2.250022996999974 ], [ 121.000659801000097, -2.250021186999959 ], [ 121.000645734000045, -2.250018132999969 ], [ 121.000619455000106, -2.25001242899998 ], [ 121.000600137000106, -2.250008235999928 ], [ 121.000564255000086, -2.250000446999934 ], [ 121.000467673000117, -2.249979480999968 ], [ 121.000271105000024, -2.249936810999941 ], [ 121.000088437000045, -2.249897157999953 ], [ 120.999823534000029, -2.24976056099996 ], [ 120.999728386000015, -2.249711497999954 ], [ 120.999722467000083, -2.249708446999932 ], [ 120.999692077000077, -2.24969277699995 ], [ 120.999525626000036, -2.24957263899995 ], [ 120.999363653000046, -2.249455731999944 ], [ 120.999251375000085, -2.249366441999939 ], [ 120.999074754000048, -2.249225982999974 ], [ 120.998961737000059, -2.249136104999934 ], [ 120.998852317000114, -2.249049087999936 ], [ 120.998706677000087, -2.248933266999927 ], [ 120.998607569000114, -2.248854450999943 ], [ 120.998470779000058, -2.24874566799997 ], [ 120.998348327000031, -2.24864828699998 ], [ 120.998053319000064, -2.248441781999929 ], [ 120.997862962000113, -2.248308532999943 ], [ 120.997551236000049, -2.248090324999964 ], [ 120.997098340000093, -2.247773298999959 ], [ 120.996736789000011, -2.247520213999962 ], [ 120.996377507000034, -2.24726871699994 ], [ 120.996103919, -2.247077203999936 ], [ 120.995971083000086, -2.24696810599994 ], [ 120.995891375000042, -2.246902640999963 ], [ 120.995811458000048, -2.246837006999954 ], [ 120.995704851000028, -2.24674945199996 ], [ 120.995566577000091, -2.246635889999936 ], [ 120.995388357000024, -2.246489520999944 ], [ 120.995299125000088, -2.246416236999949 ], [ 120.995206807000045, -2.246340417999932 ], [ 120.995120904000032, -2.246269866999967 ], [ 120.994949910000059, -2.246129432999965 ], [ 120.994807857000069, -2.246012766999968 ], [ 120.994668752000052, -2.245937364999975 ], [ 120.994523686000093, -2.245858732999977 ], [ 120.994349195000041, -2.245764150999946 ], [ 120.994174815000065, -2.245669627999973 ], [ 120.993999334000023, -2.245574508999937 ], [ 120.993878142000085, -2.245508816999973 ], [ 120.993861267000057, -2.245499669999958 ], [ 120.993839607000041, -2.245487928999978 ], [ 120.993825781000055, -2.245480433999944 ], [ 120.993812667000043, -2.245473325999967 ], [ 120.99377223800002, -2.24544502599997 ], [ 120.993721971000014, -2.245409839999979 ], [ 120.993586038000103, -2.245314687999951 ], [ 120.993431452000095, -2.245206479999979 ], [ 120.993344577000016, -2.245145667999964 ], [ 120.99327354400009, -2.245095945999935 ], [ 120.993193187000088, -2.245039696999925 ], [ 120.993036462000077, -2.244975324999928 ], [ 120.992829604, -2.244890361999978 ], [ 120.992634963000114, -2.24481041599995 ], [ 120.992572467000059, -2.244784747999972 ], [ 120.992455852000035, -2.24473685199996 ], [ 120.992425386000036, -2.244724338999958 ], [ 120.992267752000089, -2.244642217999967 ], [ 120.99208929100007, -2.244549246999952 ], [ 120.991965138000069, -2.244484567999962 ], [ 120.991853339000045, -2.244426324999949 ], [ 120.991738671, -2.244366587999934 ], [ 120.991617764000011, -2.244303599999967 ], [ 120.99148656400007, -2.244235249999974 ], [ 120.991305516000011, -2.244140930999947 ], [ 120.991204261, -2.244088180999938 ], [ 120.991068507000023, -2.244017458999963 ], [ 120.990956708000112, -2.243959215999951 ], [ 120.99090061600009, -2.243929994999974 ], [ 120.99080248000007, -2.243878869999946 ], [ 120.990693927000052, -2.243822317999957 ], [ 120.990600472000096, -2.243773631999943 ], [ 120.990565777000029, -2.243755556999929 ], [ 120.9903862540001, -2.243695918999947 ], [ 120.990211482000063, -2.243637858999932 ], [ 120.990014939000048, -2.243572565999955 ], [ 120.989888122000025, -2.243530436999947 ], [ 120.989687023000101, -2.243463630999941 ], [ 120.989531637000027, -2.243412010999975 ], [ 120.989420825000025, -2.243375198999956 ], [ 120.989258593000045, -2.243321304999938 ], [ 120.989175188000104, -2.243293596999933 ], [ 120.989060935000111, -2.243255641999951 ], [ 120.988892996000118, -2.243199851999975 ], [ 120.988773025000114, -2.243159996999964 ], [ 120.988574204000088, -2.243093946999977 ], [ 120.988424537000014, -2.243044226999928 ], [ 120.988347419000092, -2.243018607999943 ], [ 120.988306747000024, -2.243005095999933 ], [ 120.988229192000063, -2.242979330999958 ], [ 120.98805134700001, -2.242920246999972 ], [ 120.987859256000093, -2.242858990999935 ], [ 120.987692878000075, -2.242805934999978 ], [ 120.98751643300011, -2.242749667999931 ], [ 120.987336532000086, -2.242692299999931 ], [ 120.98717346, -2.242640297999969 ], [ 120.987012892000052, -2.242589093999925 ], [ 120.986797984000077, -2.242520561999925 ], [ 120.986612423000111, -2.24246138899997 ], [ 120.986511704, -2.242429270999935 ], [ 120.986336061000088, -2.242373259999965 ], [ 120.986160568000059, -2.242317296999943 ], [ 120.985984776, -2.242261238999959 ], [ 120.9858564110001, -2.242220304999933 ], [ 120.985693489000028, -2.242168350999975 ], [ 120.985540934000028, -2.242119702999958 ], [ 120.985436759000095, -2.24208648299998 ], [ 120.985290163000059, -2.242039734999935 ], [ 120.985122684000089, -2.241986327999939 ], [ 120.984940932000086, -2.241928368999936 ], [ 120.984878879, -2.241908580999961 ], [ 120.984803302000046, -2.241884479999953 ], [ 120.984722066000018, -2.241858574999981 ], [ 120.984600612, -2.241819843999963 ], [ 120.984476356000073, -2.241780219999953 ], [ 120.98429490400008, -2.241722356999958 ], [ 120.984127424, -2.241668948999973 ], [ 120.983915619000072, -2.241601406999962 ], [ 120.983812396000076, -2.241568489999963 ], [ 120.983714833000022, -2.241537377999975 ], [ 120.983541544000104, -2.241482117999965 ], [ 120.983405166000011, -2.241438627999969 ], [ 120.983352667000077, -2.241421886999944 ], [ 120.983263390000047, -2.241392164999979 ], [ 120.983263291000071, -2.241392132999977 ], [ 120.983083953000119, -2.241332428999954 ], [ 120.982927465000103, -2.241280331999974 ], [ 120.982720708000102, -2.241211499999963 ], [ 120.9825927710001, -2.241168907999963 ], [ 120.982451128000093, -2.241121752999959 ], [ 120.982283208000013, -2.241065849999927 ], [ 120.982125575000055, -2.241013371999941 ], [ 120.98195880500009, -2.240957851999951 ], [ 120.981765753000104, -2.240893581999956 ], [ 120.98166294300006, -2.240859354999941 ], [ 120.981569283000113, -2.240828173999944 ], [ 120.981473327000117, -2.240796228999955 ], [ 120.981386517000033, -2.240767328999937 ], [ 120.981275716000027, -2.240730440999926 ], [ 120.981188567000117, -2.240701427999966 ], [ 120.98113864600009, -2.240684808999958 ], [ 120.980963880000104, -2.240626626999926 ], [ 120.98072627800002, -2.240547525999943 ], [ 120.980538944000045, -2.240485159999935 ], [ 120.980426998000098, -2.240447891999963 ], [ 120.98028535100002, -2.24040073599997 ], [ 120.980123153000022, -2.240346737999971 ], [ 120.979979225000079, -2.240298821999943 ], [ 120.979874137000024, -2.240263836999929 ], [ 120.979749627000047, -2.240222385999971 ], [ 120.979693188000056, -2.240203595999958 ], [ 120.979631971000117, -2.240183215999934 ], [ 120.97954126400009, -2.240153017999944 ], [ 120.979413331000046, -2.240110426999934 ], [ 120.979304816000081, -2.240074300999936 ], [ 120.979119760000117, -2.240012692999926 ], [ 120.97902495400001, -2.239981130999979 ], [ 120.978884448000031, -2.239934354999946 ], [ 120.978723387000059, -2.239880734999929 ], [ 120.978607297000053, -2.239842086999943 ], [ 120.978535273000034, -2.239820035999969 ], [ 120.978535246000092, -2.239820026999951 ], [ 120.978289025000095, -2.239744642999938 ], [ 120.977966226000035, -2.239645812999925 ], [ 120.977632203000098, -2.239543545999936 ], [ 120.977325528000051, -2.239449652999951 ], [ 120.977039669000078, -2.239362132999929 ], [ 120.976729444000057, -2.239267152999957 ], [ 120.976495797000098, -2.23919561799994 ], [ 120.976279272000056, -2.239129324999965 ], [ 120.976125900000056, -2.23908236799997 ], [ 120.976043210000057, -2.239057050999975 ], [ 120.975932674000092, -2.239023208999924 ], [ 120.975871652000023, -2.239004525999974 ], [ 120.975774756000078, -2.238974859999928 ], [ 120.975699028, -2.238951674999953 ], [ 120.975583662000076, -2.238916353999969 ], [ 120.975446344000034, -2.23887431199995 ], [ 120.975334812000028, -2.238840164999942 ], [ 120.975185986000042, -2.238794598999959 ], [ 120.975005833000068, -2.23873944199994 ], [ 120.974893947000055, -2.238705185999947 ], [ 120.974797335000062, -2.238675606999948 ], [ 120.974623645000065, -2.238622428999975 ], [ 120.974438945000088, -2.238565879999953 ], [ 120.974282376000019, -2.238517943999966 ], [ 120.974149889000046, -2.238477380999939 ], [ 120.974037221000117, -2.238442885999973 ], [ 120.973995592000051, -2.238430139999934 ], [ 120.973920067000108, -2.238407016999929 ], [ 120.973783271000116, -2.238350858999979 ], [ 120.973650513000052, -2.238296358999946 ], [ 120.973459522000098, -2.238217952999946 ], [ 120.973299946000111, -2.238152443999979 ], [ 120.973174459, -2.238100928999927 ], [ 120.972956478000015, -2.238011442999948 ], [ 120.972836924000035, -2.237962363999941 ], [ 120.97273808500006, -2.237921787999937 ], [ 120.972602824000091, -2.237866260999965 ], [ 120.972524288000045, -2.23783401999998 ], [ 120.972430216000021, -2.237795400999971 ], [ 120.972321602000079, -2.237750812999934 ], [ 120.97219937400007, -2.237700635999943 ], [ 120.972043227000086, -2.237636533999932 ], [ 120.971882896000011, -2.237570714999947 ], [ 120.971672014000092, -2.23748414399995 ], [ 120.971599627000046, -2.237454426999932 ], [ 120.97152526800005, -2.237424995999959 ], [ 120.971386546000076, -2.237370089999956 ], [ 120.971244464000051, -2.237313853999979 ], [ 120.971064325000043, -2.237242554999966 ], [ 120.970916415000033, -2.237184011999943 ], [ 120.970773785, -2.23712755899993 ], [ 120.97067271100002, -2.23708755399997 ], [ 120.970524184000055, -2.23702876699997 ], [ 120.970417692000069, -2.236986616999957 ], [ 120.970321691000095, -2.236948619999964 ], [ 120.970175014, -2.236890564999953 ], [ 120.970002213000043, -2.236822169999925 ], [ 120.969900315000018, -2.236781838999946 ], [ 120.969781343000022, -2.236734749999925 ], [ 120.969691924000017, -2.236699357999953 ], [ 120.969620267000096, -2.23667099599993 ], [ 120.969496631000084, -2.236622060999935 ], [ 120.969388835000018, -2.236579394999978 ], [ 120.969298800000047, -2.236543758999971 ], [ 120.969191005000084, -2.236501093999948 ], [ 120.969067986000027, -2.23645240299993 ], [ 120.968952305000016, -2.236406615999954 ], [ 120.968780052000056, -2.236338437999962 ], [ 120.968632828000068, -2.236280165999972 ], [ 120.968528941000045, -2.23623904699997 ], [ 120.968349487000069, -2.236168018999933 ], [ 120.968206172, -2.236111294999944 ], [ 120.968056342000068, -2.236051991999943 ], [ 120.967861899000013, -2.235975030999953 ], [ 120.967691704000117, -2.235907667999925 ], [ 120.967584525, -2.235865246999936 ], [ 120.967474741000046, -2.235821793999946 ], [ 120.967355152000096, -2.235774460999949 ], [ 120.967223699000101, -2.235722431999932 ], [ 120.96710650700004, -2.23567604699997 ], [ 120.966947519000087, -2.235622510999974 ], [ 120.966760498000099, -2.235559534999936 ], [ 120.96656311400011, -2.235493069999961 ], [ 120.966467231000024, -2.235460782999951 ], [ 120.96625609900002, -2.235389688999931 ], [ 120.966114612000069, -2.235342045999971 ], [ 120.965950376000023, -2.235286742999961 ], [ 120.965823753000109, -2.235244104999936 ], [ 120.965580556000077, -2.235162212999967 ], [ 120.965369494000015, -2.235091141999931 ], [ 120.965226925000024, -2.235043134999955 ], [ 120.96509793000007, -2.234999698999957 ], [ 120.964792136000028, -2.234896728999956 ], [ 120.964598172000024, -2.234831415999963 ], [ 120.964508046000105, -2.234801067999967 ], [ 120.964371130000018, -2.234754963999933 ], [ 120.964186307000091, -2.23469272899996 ], [ 120.964017464000108, -2.234635873999935 ], [ 120.963787038000078, -2.234558282999956 ], [ 120.963515438000059, -2.234466826999949 ], [ 120.963359122000043, -2.234414190999928 ], [ 120.963197119000029, -2.23435963999998 ], [ 120.96300322400009, -2.234294349999971 ], [ 120.962814912000113, -2.234230939999975 ], [ 120.962614039000073, -2.234163299999977 ], [ 120.962401791000048, -2.234091829999954 ], [ 120.96233221600005, -2.234068401999934 ], [ 120.962157749000085, -2.234009653999976 ], [ 120.96201287800011, -2.233960870999965 ], [ 120.961898781000059, -2.233922450999955 ], [ 120.961853142000109, -2.233907082999963 ], [ 120.961783567000111, -2.233883654999943 ], [ 120.961710539000023, -2.233859063999944 ], [ 120.961655793000091, -2.233840628999928 ], [ 120.961595290000105, -2.233820255999944 ], [ 120.961514306000026, -2.233792985999969 ], [ 120.961431019000088, -2.233764940999947 ], [ 120.961385310000082, -2.233749548999924 ], [ 120.9613134330001, -2.233725345999972 ], [ 120.961267794000037, -2.233709977999979 ], [ 120.961177668000119, -2.233679629999926 ], [ 120.9611149320001, -2.233658504999937 ], [ 120.961041903000023, -2.233633913999938 ], [ 120.96099399700006, -2.233617782999943 ], [ 120.960926690000065, -2.233595118999972 ], [ 120.960844554000118, -2.23356746099995 ], [ 120.960785238000085, -2.233547487999942 ], [ 120.960674595000114, -2.233510230999968 ], [ 120.960614058000033, -2.233489845999941 ], [ 120.960556974000042, -2.233470623999949 ], [ 120.960498775000019, -2.233451026999944 ], [ 120.960406346000013, -2.233419903999959 ], [ 120.960384434000048, -2.233412524999949 ], [ 120.960359556000071, -2.233404147999977 ], [ 120.960325667, -2.233392736999974 ], [ 120.960298285000022, -2.233383515999947 ], [ 120.960262896000017, -2.233371599999941 ], [ 120.960258077000049, -2.233369976999938 ], [ 120.960177534000081, -2.233350692999977 ], [ 120.960115003000055, -2.233335720999946 ], [ 120.960010887000067, -2.23331079299993 ], [ 120.959912958000018, -2.23328734599994 ], [ 120.959863714000107, -2.233275555999967 ], [ 120.959736117000034, -2.233245005999947 ], [ 120.959678505000056, -2.233231211999964 ], [ 120.959607505, -2.23321421299994 ], [ 120.959528442000078, -2.23319528299993 ], [ 120.959391919000041, -2.233162595999943 ], [ 120.959086466000031, -2.233089461999953 ], [ 120.958930368000097, -2.233052087999965 ], [ 120.9586736010001, -2.232990610999934 ], [ 120.95844979900005, -2.232937025999945 ], [ 120.958131110000068, -2.232860722999931 ], [ 120.957949654000117, -2.232817276999924 ], [ 120.957723265000027, -2.232763072999944 ], [ 120.957552612000086, -2.232722213999978 ], [ 120.957394637000107, -2.232684389999974 ], [ 120.957305785000017, -2.232663115999969 ], [ 120.957075474000021, -2.232607972999972 ], [ 120.956877384000109, -2.232560544999956 ], [ 120.956665905000023, -2.232509910999966 ], [ 120.956488126000067, -2.232467345999964 ], [ 120.956218528000022, -2.232402796999963 ], [ 120.956050258000118, -2.232362507999937 ], [ 120.955770087000019, -2.23229542699994 ], [ 120.955654306000042, -2.232267705999959 ], [ 120.95541065000009, -2.232209367999928 ], [ 120.955320097000026, -2.232187686999964 ], [ 120.955208108000079, -2.232162995999943 ], [ 120.954903862000037, -2.232095916999981 ], [ 120.954623158000118, -2.23203402799993 ], [ 120.95440420400007, -2.231985752999947 ], [ 120.954193183000029, -2.231939227999931 ], [ 120.953933062000033, -2.231881876999978 ], [ 120.953767281000069, -2.231845325999927 ], [ 120.953601501000094, -2.231808774999934 ], [ 120.953424270000028, -2.231769699999973 ], [ 120.953276672000015, -2.23173715799993 ], [ 120.953121225000018, -2.231702884999947 ], [ 120.952875041000084, -2.231648606999954 ], [ 120.952730487000053, -2.231616735999978 ], [ 120.952509689000067, -2.231568054999968 ], [ 120.952358488000073, -2.231534718999967 ], [ 120.952158273, -2.231490575999942 ], [ 120.952028212000073, -2.231461899999942 ], [ 120.951868521000051, -2.231426691999957 ], [ 120.951684001000103, -2.231386008999948 ], [ 120.95157692500004, -2.231362400999956 ], [ 120.951402739000059, -2.231323996999947 ], [ 120.951238803000024, -2.231287852999969 ], [ 120.951088802000072, -2.231254780999961 ], [ 120.95085046500003, -2.231202232999976 ], [ 120.950690774, -2.231167024999934 ], [ 120.950459741000031, -2.231116086999975 ], [ 120.950450218000015, -2.231113981999954 ], [ 120.950287395000032, -2.231077943999935 ], [ 120.950068474000091, -2.231029482999929 ], [ 120.949873739000054, -2.230986375999976 ], [ 120.949711626000067, -2.230950489999941 ], [ 120.949622113000032, -2.230930674999968 ], [ 120.949551965000069, -2.230915146999962 ], [ 120.949431617000073, -2.230888505999928 ], [ 120.949273161000065, -2.230853429999968 ], [ 120.949092929000017, -2.230813532999946 ], [ 120.94891997000002, -2.230775245999951 ], [ 120.948753660000079, -2.230738430999963 ], [ 120.948575257000016, -2.230698938999979 ], [ 120.948399264000045, -2.230659980999974 ], [ 120.948292214000048, -2.230636283999957 ], [ 120.948110777000011, -2.230596119999973 ], [ 120.947807206000107, -2.230528919999927 ], [ 120.947605822000014, -2.230484340999965 ], [ 120.947401404000061, -2.230439089999948 ], [ 120.947246606000022, -2.230404822999958 ], [ 120.947069990000045, -2.230365726999935 ], [ 120.946912739000027, -2.230330916999947 ], [ 120.946696228000064, -2.230282988999932 ], [ 120.94652991800001, -2.230246173999944 ], [ 120.9462402260001, -2.230182046999971 ], [ 120.945998325000119, -2.230128498999932 ], [ 120.945792120000078, -2.230082852999942 ], [ 120.945609479000041, -2.230042422999929 ], [ 120.945464321000031, -2.230010289999939 ], [ 120.945099619000075, -2.229929557999981 ], [ 120.944869810000114, -2.229878686999939 ], [ 120.944543215000067, -2.229806390999954 ], [ 120.944294083000045, -2.229751241999963 ], [ 120.944029201000035, -2.229692606999947 ], [ 120.943738304000021, -2.229628212999955 ], [ 120.94350849500006, -2.22957734199997 ], [ 120.943428665000056, -2.229559670999947 ], [ 120.943202792000079, -2.229509023999981 ], [ 120.943202541000119, -2.229508967999948 ], [ 120.942968215000064, -2.229455985999948 ], [ 120.942756659000111, -2.229408151999962 ], [ 120.94260014200006, -2.229372762999958 ], [ 120.942378948000055, -2.229322749999938 ], [ 120.942174763000025, -2.229276582999944 ], [ 120.942035773000043, -2.22924515699998 ], [ 120.941908358000092, -2.229216347999966 ], [ 120.941716267000061, -2.229172914999936 ], [ 120.941588144000093, -2.229143945999965 ], [ 120.941419532000054, -2.229105821999951 ], [ 120.941220780000094, -2.229060882999931 ], [ 120.941097050000053, -2.229032906999976 ], [ 120.941036059000112, -2.22901911699995 ], [ 120.940874109000106, -2.228982498999926 ], [ 120.940713387000073, -2.228946158999975 ], [ 120.9405418, -2.228907361999973 ], [ 120.94020651400001, -2.228831551999974 ], [ 120.939947290000077, -2.228772939999942 ], [ 120.939748538000117, -2.228728000999979 ], [ 120.93943446500009, -2.228656987999955 ], [ 120.939223618000028, -2.228609314999972 ], [ 120.938931087000014, -2.228543172999935 ], [ 120.938741453000034, -2.228500295999936 ], [ 120.938475568000058, -2.228440177999971 ], [ 120.938242989000059, -2.228387590999944 ], [ 120.937921027000016, -2.228314793999971 ], [ 120.937766966000027, -2.228279959999952 ], [ 120.937581537000028, -2.228238033999958 ], [ 120.937334407000094, -2.228182156999935 ], [ 120.937150725000038, -2.22814062599997 ], [ 120.936853470000074, -2.228073414999926 ], [ 120.936634734000108, -2.228023957999937 ], [ 120.936396533000107, -2.227970099999936 ], [ 120.936217047000014, -2.22792951699995 ], [ 120.935967643000026, -2.227889773999948 ], [ 120.93571815700011, -2.22785001799997 ], [ 120.935569806000103, -2.227826377999975 ], [ 120.935409428000071, -2.22780082099996 ], [ 120.935165357000074, -2.22776192699996 ], [ 120.934981970000081, -2.227732702999958 ], [ 120.934816023000053, -2.227706257999955 ], [ 120.934596403000114, -2.227671259999966 ], [ 120.934367419000068, -2.227634769999952 ], [ 120.934158694000075, -2.227601507999964 ], [ 120.933889838000027, -2.227558663999957 ], [ 120.933648828000059, -2.22752025799997 ], [ 120.933325810000042, -2.227468782999949 ], [ 120.933132904000104, -2.22743804199996 ], [ 120.932908603000101, -2.227402297999959 ], [ 120.932611013000042, -2.227354874999946 ], [ 120.932354183000029, -2.22731394799996 ], [ 120.932190899000034, -2.227287927999953 ], [ 120.932043036000096, -2.22726436499994 ], [ 120.93193899500011, -2.227247784999975 ], [ 120.931804689000046, -2.227226382999959 ], [ 120.931622922000088, -2.227197416999957 ], [ 120.931467625000096, -2.227172669999959 ], [ 120.93131685600008, -2.227148643999953 ], [ 120.931242436000048, -2.227136784999971 ], [ 120.931021041, -2.227101503999961 ], [ 120.930894079000041, -2.227081271999964 ], [ 120.930657751000012, -2.227043611999932 ], [ 120.930517632000033, -2.227021282999942 ], [ 120.930361937000043, -2.226996471999939 ], [ 120.930100425000091, -2.226954797999952 ], [ 120.929730678000055, -2.226895876999947 ], [ 120.929523084000039, -2.226862795999978 ], [ 120.929292082000075, -2.226825983999959 ], [ 120.928837664000071, -2.226753569999971 ], [ 120.928660937000018, -2.226725406999947 ], [ 120.928503789000047, -2.226703363999945 ], [ 120.928237515000092, -2.226666014999978 ], [ 120.928013596000028, -2.226634606999937 ], [ 120.927814436000062, -2.226606671999946 ], [ 120.927608788000043, -2.226577825999925 ], [ 120.92734723600006, -2.226541138999949 ], [ 120.927245641000013, -2.226526888999956 ], [ 120.927056896000067, -2.226500413999929 ], [ 120.92686736600001, -2.226473828999929 ], [ 120.926641875000087, -2.226442199999951 ], [ 120.926521908000041, -2.226425372999927 ], [ 120.926313118000053, -2.226396086999955 ], [ 120.926108357000089, -2.226367365999977 ], [ 120.92579011600003, -2.226322727999957 ], [ 120.925628588000109, -2.226300070999969 ], [ 120.925460167000097, -2.226276446999975 ], [ 120.925264656000081, -2.226249021999934 ], [ 120.925051051000082, -2.226219058999959 ], [ 120.924745583000117, -2.226176209999949 ], [ 120.924565417000053, -2.226150936999943 ], [ 120.924352964000036, -2.22612113699995 ], [ 120.924101828000062, -2.226085910999927 ], [ 120.923885080000105, -2.226055507999945 ], [ 120.923709893000023, -2.226030934999926 ], [ 120.92354109200005, -2.226007257999925 ], [ 120.923307857000054, -2.22597454299995 ], [ 120.923159102000113, -2.225953677999939 ], [ 120.922999145000063, -2.225931240999955 ], [ 120.922844105000081, -2.22590949399995 ], [ 120.922754496000039, -2.225896924999972 ], [ 120.9225585800001, -2.225869444999944 ], [ 120.922486559000049, -2.225859342999968 ], [ 120.92231383, -2.225835114999938 ], [ 120.922148956000115, -2.225811987999975 ], [ 120.922021032000089, -2.22579404499993 ], [ 120.921905879000064, -2.225777892999929 ], [ 120.92183710200004, -2.225768245999973 ], [ 120.921720836000077, -2.225751936999927 ], [ 120.921606011000108, -2.225735830999952 ], [ 120.921571622000101, -2.225731006999979 ], [ 120.92148682900006, -2.225719113999958 ], [ 120.921368147000067, -2.225702466999962 ], [ 120.921297335000077, -2.225692915999957 ], [ 120.921213205000072, -2.22568156899996 ], [ 120.921072232000029, -2.225662554999928 ], [ 120.920859102, -2.22563380899993 ], [ 120.920813476000035, -2.225627654999926 ], [ 120.920647042000041, -2.225605206999944 ], [ 120.920537451000087, -2.22559042599994 ], [ 120.920427104000055, -2.225575542999934 ], [ 120.920279766000021, -2.225555670999938 ], [ 120.920054975000085, -2.225525351999977 ], [ 120.91996448000009, -2.225513146999958 ], [ 120.919812289000106, -2.225492619999955 ], [ 120.919612203000042, -2.225465633999931 ], [ 120.919513830000028, -2.225452365999956 ], [ 120.919329057000027, -2.22542744499998 ], [ 120.919168231000072, -2.225405753999951 ], [ 120.918878407000079, -2.225366663999978 ], [ 120.918758355000023, -2.225350471999946 ], [ 120.918574338000099, -2.22532565299997 ], [ 120.918431852000026, -2.225306434999936 ], [ 120.918256470000074, -2.22528277999993 ], [ 120.91807502600011, -2.225258307999979 ], [ 120.918069871000057, -2.22525761299994 ], [ 120.91790526300008, -2.225235410999971 ], [ 120.917745951000029, -2.225213923999945 ], [ 120.917605734000063, -2.225195011999972 ], [ 120.917405648000113, -2.225168024999959 ], [ 120.917030180000097, -2.22511738399993 ], [ 120.916933319, -2.225104319999957 ], [ 120.916653955000015, -2.225066640999955 ], [ 120.916461304000109, -2.225040656999965 ], [ 120.916221201000099, -2.225008272999958 ], [ 120.916017019000037, -2.224980733999928 ], [ 120.915855437000118, -2.224958940999954 ], [ 120.915665812000043, -2.22493336499997 ], [ 120.91549786500002, -2.224910712999929 ], [ 120.915327335000029, -2.22488771299993 ], [ 120.915236840000034, -2.224875507999968 ], [ 120.915162414000065, -2.224865469999941 ], [ 120.915061458000082, -2.224851853999951 ], [ 120.914982937000104, -2.224841262999973 ], [ 120.914889102000075, -2.224828606999949 ], [ 120.914738586000112, -2.224808305999943 ], [ 120.914632022000092, -2.224793932999944 ], [ 120.914476048000097, -2.224772895999934 ], [ 120.914346606000095, -2.224755437999931 ], [ 120.914202606000117, -2.224736015999952 ], [ 120.914051437000012, -2.224715626999966 ], [ 120.91389739300007, -2.224691742999937 ], [ 120.913799131000019, -2.224676507999959 ], [ 120.913645968000083, -2.224652760999959 ], [ 120.913428003000035, -2.224618966999969 ], [ 120.913170136000076, -2.224578985999926 ], [ 120.912968037000041, -2.224547651999956 ], [ 120.912784007000027, -2.224519118999979 ], [ 120.912546329000065, -2.224482267999974 ], [ 120.91232750000006, -2.224448339999981 ], [ 120.912096652000059, -2.224412547999975 ], [ 120.911915994000083, -2.224384537999924 ], [ 120.911595920000082, -2.224334911999961 ], [ 120.911390837000113, -2.224303114999941 ], [ 120.911247098000104, -2.224280828999952 ], [ 120.911004232000096, -2.22424317399998 ], [ 120.910850204000099, -2.224219292999976 ], [ 120.910605221000083, -2.224181309999949 ], [ 120.910426768000093, -2.224153641999976 ], [ 120.910282164000023, -2.224131221999926 ], [ 120.910041114000023, -2.224093847999939 ], [ 120.909902952000039, -2.224072426999953 ], [ 120.909730464000063, -2.224045682999929 ], [ 120.909576825000045, -2.224021861999972 ], [ 120.909472122000011, -2.224005627999929 ], [ 120.909388472000046, -2.223992657999929 ], [ 120.909140895000064, -2.223954272999947 ], [ 120.90898340800004, -2.223929854999938 ], [ 120.908818314000087, -2.223904257999948 ], [ 120.908645517000082, -2.223877466999966 ], [ 120.908582754, -2.223867735999931 ], [ 120.908282782000015, -2.223821225999927 ], [ 120.908050681000077, -2.223785238999938 ], [ 120.907793679000065, -2.223745391999955 ], [ 120.907617344000073, -2.223718051999924 ], [ 120.907327272000089, -2.223673076999944 ], [ 120.907244011000103, -2.223660167999981 ], [ 120.907028640000021, -2.223626774999957 ], [ 120.906931243000031, -2.223611673999926 ], [ 120.906761349000021, -2.22358533299996 ], [ 120.906608186000085, -2.22356158599996 ], [ 120.906474735000074, -2.223540894999928 ], [ 120.906395798000062, -2.223528655999928 ], [ 120.906302724000057, -2.223514224999974 ], [ 120.906219939000039, -2.223501388999978 ], [ 120.906108233000054, -2.223484068999937 ], [ 120.905980359000068, -2.223464242999967 ], [ 120.905733257000065, -2.223425930999952 ], [ 120.905564617000095, -2.22339978399998 ], [ 120.905370688000062, -2.223369715999979 ], [ 120.905096957000069, -2.223327274999974 ], [ 120.904870821000031, -2.223292212999979 ], [ 120.904663145000086, -2.223260012999958 ], [ 120.904344800000104, -2.223210654999946 ], [ 120.904163967000045, -2.223182616999964 ], [ 120.904000399000097, -2.223160684999925 ], [ 120.903852286000074, -2.223140825999963 ], [ 120.903573642000083, -2.223103464999951 ], [ 120.903400489000092, -2.223080247999974 ], [ 120.903087026000094, -2.223038217999942 ], [ 120.90295423900011, -2.223020413999961 ], [ 120.902733950000083, -2.222990876999972 ], [ 120.902580980000039, -2.22297036599997 ], [ 120.902463925, -2.222954670999968 ], [ 120.902200607000054, -2.222919364999939 ], [ 120.902022188000046, -2.222895441999981 ], [ 120.90179102500008, -2.222864446999949 ], [ 120.901596529000017, -2.22283836899993 ], [ 120.901453274000119, -2.222819160999961 ], [ 120.901313027000015, -2.222800355999937 ], [ 120.901122292000082, -2.222774781999931 ], [ 120.900957350000112, -2.222752665999963 ], [ 120.900721329000021, -2.222721019999938 ], [ 120.900579170000015, -2.222701958999949 ], [ 120.900541375000103, -2.222696890999941 ], [ 120.900408618000029, -2.222679090999975 ], [ 120.900268028000028, -2.222660239999925 ], [ 120.900082495000106, -2.222635362999938 ], [ 120.899918994000018, -2.222613439999975 ], [ 120.899790375000066, -2.222596193999948 ], [ 120.899625433000097, -2.22257407799998 ], [ 120.899395021000032, -2.22254318399996 ], [ 120.899221116000035, -2.222519865999971 ], [ 120.898995562000096, -2.222489622999944 ], [ 120.898844440000062, -2.222469359999934 ], [ 120.898683604000098, -2.222447794999937 ], [ 120.898461058000066, -2.222417955999958 ], [ 120.898309592000032, -2.22239764699998 ], [ 120.898115849000078, -2.222371669999973 ], [ 120.897966232000044, -2.222351608999929 ], [ 120.897834949000071, -2.222334005999926 ], [ 120.897774594000111, -2.222325913999953 ], [ 120.897597423000093, -2.22230215899998 ], [ 120.897368773000039, -2.222271500999966 ], [ 120.89720232600007, -2.222249182999974 ], [ 120.89693945700003, -2.222213936999935 ], [ 120.896795316000066, -2.222192463999932 ], [ 120.896486143000061, -2.222146405999979 ], [ 120.896176969000066, -2.222100347999969 ], [ 120.89598702100011, -2.22207205199993 ], [ 120.89577526700009, -2.222040506999974 ], [ 120.895652411000015, -2.222022204999973 ], [ 120.895411110000055, -2.221986257999959 ], [ 120.895187995000015, -2.221953019999944 ], [ 120.894925773000068, -2.22191395599998 ], [ 120.894408705000046, -2.22183692699997 ], [ 120.894149812000023, -2.221798358999933 ], [ 120.893817460000037, -2.221748847999947 ], [ 120.893493191000061, -2.221700540999962 ], [ 120.893082624000044, -2.221639377999963 ], [ 120.892751697000108, -2.221590078999952 ], [ 120.892314861000045, -2.221525002999954 ], [ 120.891988688000083, -2.221476411999959 ], [ 120.891846523000027, -2.221455232999972 ], [ 120.891433699000117, -2.221393733999946 ], [ 120.891094095000085, -2.221343142999956 ], [ 120.8908466150001, -2.221306274999961 ], [ 120.890529358000094, -2.221259012999951 ], [ 120.890354744000092, -2.221233 ], [ 120.890137455000058, -2.221200629999942 ], [ 120.890055673, -2.221188446999975 ], [ 120.889981549000026, -2.221177404999935 ], [ 120.889899245000038, -2.22116514399994 ], [ 120.889719398000011, -2.221138351999969 ], [ 120.889463277000118, -2.221100196999942 ], [ 120.889288961000034, -2.221070545999964 ], [ 120.889288925000074, -2.221070539999971 ], [ 120.889254024000024, -2.221064602999945 ], [ 120.889052087000096, -2.22103025399997 ], [ 120.888956627000084, -2.22101401599997 ], [ 120.888800329000105, -2.220987428999933 ], [ 120.888456938000104, -2.220929014999967 ], [ 120.888247808000074, -2.220893439999941 ], [ 120.888102446000062, -2.220868712999959 ], [ 120.887968491000038, -2.220845925999924 ], [ 120.888056580000011, -2.221011264999959 ], [ 120.888086591000047, -2.221067594999965 ], [ 120.888113105000116, -2.221117361999973 ], [ 120.887874350000061, -2.221076749999952 ], [ 120.887759820000042, -2.221057259999952 ], [ 120.887637380000115, -2.22103642999997 ], [ 120.88742405000005, -2.221000149999952 ], [ 120.886939520000055, -2.220917719999932 ], [ 120.886655330000053, -2.220869379999954 ], [ 120.8863191800001, -2.220812199999955 ], [ 120.886245730000041, -2.22079969999993 ], [ 120.88540037000007, -2.220655889999932 ], [ 120.88537709000002, -2.220651939999925 ], [ 120.884376320000115, -2.220481699999937 ], [ 120.883478180000111, -2.220328919999929 ], [ 120.882941590000087, -2.220237639999937 ], [ 120.882295460000023, -2.220127729999945 ], [ 120.880965960000026, -2.219901569999934 ], [ 120.880890430000022, -2.219888719999972 ], [ 120.880829260000041, -2.219878319999964 ], [ 120.880674680000084, -2.219852019999962 ], [ 120.880624990000115, -2.219843569999966 ], [ 120.880584940000062, -2.219836759999964 ], [ 120.880431200000089, -2.21981059999996 ], [ 120.880281510000032, -2.219785139999942 ], [ 120.879896900000062, -2.219744379999952 ], [ 120.879639570000109, -2.219717469999978 ], [ 120.879520530000036, -2.219705029999943 ], [ 120.879214590000061, -2.219673039999975 ], [ 120.879192500000045, -2.219670729999962 ], [ 120.879149990000087, -2.219666279999956 ], [ 120.878866970000104, -2.219636689999959 ], [ 120.878315930000099, -2.219579069999952 ], [ 120.878125280000063, -2.219559129999936 ], [ 120.878040140000053, -2.219550229999925 ], [ 120.877838140000108, -2.219529109999939 ], [ 120.877391300000113, -2.219482389999939 ], [ 120.876386190000062, -2.219377289999954 ], [ 120.875947620000034, -2.219331429999954 ], [ 120.87503485000002, -2.219235989999959 ], [ 120.873955180000053, -2.219123089999925 ], [ 120.87350511000011, -2.21907602999994 ], [ 120.873484430000076, -2.219073869999932 ], [ 120.872557740000047, -2.218976969999972 ], [ 120.87235062000002, -2.218966789999968 ], [ 120.87154694000003, -2.218927279999946 ], [ 120.870950990000097, -2.218897979999952 ], [ 120.869217400000025, -2.218812759999935 ], [ 120.867560280000021, -2.218731299999945 ], [ 120.865418680000062, -2.21862600999998 ], [ 120.863950080000109, -2.218553819999954 ], [ 120.862703980000106, -2.218492559999959 ], [ 120.861183130000086, -2.218428409999945 ], [ 120.859548290000021, -2.21835944999998 ], [ 120.857751840000105, -2.218283669999948 ], [ 120.855841420000047, -2.218203079999967 ], [ 120.854542461000051, -2.218148290999977 ], [ 120.853746288000025, -2.218114708999963 ], [ 120.853668080000034, -2.218111409999949 ], [ 120.853136660000018, -2.218088989999956 ], [ 120.852714220000053, -2.218071169999973 ], [ 120.851900990000104, -2.218099559999928 ], [ 120.850583240000105, -2.218145549999974 ], [ 120.84937742000011, -2.21818763999994 ], [ 120.847552005000011, -2.218251360999943 ], [ 120.846953320000011, -2.218272259999935 ], [ 120.846437270000024, -2.218290271999933 ], [ 120.845392410000045, -2.218326739999952 ], [ 120.845242190000022, -2.218331989999967 ], [ 120.844599370000083, -2.218354419999969 ], [ 120.843764560000068, -2.218385599999976 ], [ 120.843511232000083, -2.21839403599995 ], [ 120.842098530000044, -2.218441079999934 ], [ 120.842473200000086, -2.211323209999932 ], [ 120.842033510000078, -2.204121649999934 ], [ 120.841951260000087, -2.197276339999974 ], [ 120.841931730000056, -2.18963483999994 ], [ 120.841515560000062, -2.183200919999933 ], [ 120.840709230000016, -2.175384489999942 ], [ 120.838712190000024, -2.156025399999976 ], [ 120.837080750000041, -2.148163629999942 ], [ 120.83687018, -2.147148899999934 ], [ 120.836472890000096, -2.145234389999928 ], [ 120.831615950000014, -2.121829199999979 ], [ 120.831611366000061, -2.121807113999978 ], [ 120.831719428000042, -2.121819564999953 ], [ 120.831750340000099, -2.121823125999924 ], [ 120.832463610000104, -2.121905307999953 ], [ 120.832097468000029, -2.115566471999955 ], [ 120.83003817000008, -2.096358574999954 ], [ 120.829847696000115, -2.094581950999952 ], [ 120.829969172, -2.09393668599995 ], [ 120.831358259000012, -2.086558043999958 ], [ 120.835963578000019, -2.062095210999928 ], [ 120.836248952, -2.060579341999926 ], [ 120.836356880000039, -2.060003249999966 ], [ 120.836876040000107, -2.057232119999981 ], [ 120.837590490000025, -2.053369749999945 ], [ 120.837630640000043, -2.053152689999934 ], [ 120.837653500000101, -2.053030659999934 ], [ 120.838108620000071, -2.050601749999942 ], [ 120.838305440000113, -2.049551379999969 ], [ 120.838315110000053, -2.049503859999959 ], [ 120.838465787000018, -2.048763729999962 ], [ 120.838657991000105, -2.047738641999956 ], [ 120.840763308000078, -2.038310481999929 ], [ 120.841038500000082, -2.037599296999929 ], [ 120.841395270000021, -2.036619149999979 ], [ 120.842225140000096, -2.034387589999938 ], [ 120.842607510000107, -2.033359369999971 ], [ 120.842649710000046, -2.03325837999995 ], [ 120.843578370000046, -2.031035445999976 ], [ 120.843646677000038, -2.030858916999932 ], [ 120.846821816000102, -2.025704321999967 ], [ 120.848337874000094, -2.023524631999976 ], [ 120.850191468000048, -2.021201917999974 ], [ 120.850180612000031, -2.021198110999933 ], [ 120.850501856000051, -2.020832774999974 ], [ 120.851036090000093, -2.020162159999927 ], [ 120.851279420000083, -2.019856709999942 ], [ 120.851411489000043, -2.019693251999968 ], [ 120.851947806000112, -2.018999344999941 ], [ 120.853183536000074, -2.017489007999927 ], [ 120.853738470000053, -2.016785328999958 ], [ 120.854283641000052, -2.016046742999947 ], [ 120.85621153000011, -2.013431449999928 ], [ 120.8584579300001, -2.010951659999932 ], [ 120.858050210000101, -2.010790879999945 ], [ 120.857921530000112, -2.010740129999931 ], [ 120.857827750000069, -2.010271229999944 ], [ 120.857740190000072, -2.009833409999942 ], [ 120.859060580000119, -2.008391149999966 ], [ 120.859584360000099, -2.007802539999943 ], [ 120.859799600000088, -2.007560659999967 ], [ 120.859859420000021, -2.007485159999931 ], [ 120.859870830000091, -2.007472 ], [ 120.861290360000112, -2.005686569999966 ], [ 120.861741500000107, -2.005119139999977 ], [ 120.862439950000066, -2.004231459999971 ], [ 120.862551550000035, -2.004089619999945 ], [ 120.862551570000051, -2.004089599999929 ], [ 120.862659480000048, -2.003956479999943 ], [ 120.862774570000056, -2.003814499999976 ], [ 120.86277855000003, -2.003809589999946 ], [ 120.862784420000025, -2.003802349999944 ], [ 120.862789370000087, -2.003796249999937 ], [ 120.862805470000012, -2.003777819999925 ], [ 120.862814810000032, -2.003767119999964 ], [ 120.86281740000004, -2.003764159999946 ], [ 120.862835170000039, -2.003743819999954 ], [ 120.862850060000028, -2.003726769999957 ], [ 120.862862620000101, -2.003712389999976 ], [ 120.862873740000055, -2.003699659999938 ], [ 120.862879730000031, -2.003692799999953 ], [ 120.862897980000071, -2.00367190999998 ], [ 120.862927650000074, -2.003637949999927 ], [ 120.86292814, -2.00363737999993 ], [ 120.863279030000058, -2.003235669999981 ], [ 120.863330910000059, -2.003176289999942 ], [ 120.86363024000002, -2.002833599999974 ], [ 120.864221340000086, -2.002146039999957 ], [ 120.865210500000103, -2.001019509999935 ], [ 120.865224510000075, -2.001003539999942 ], [ 120.865226420000113, -2.001001359999975 ], [ 120.865258840000024, -2.000964449999969 ], [ 120.865317350000055, -2.000897809999969 ], [ 120.865382660000023, -2.000823429999969 ], [ 120.86540130000003, -2.000802199999953 ], [ 120.865481780000096, -2.000710549999951 ], [ 120.865547240000069, -2.000635989999978 ], [ 120.865574410000022, -2.000605049999933 ], [ 120.865614250000021, -2.000559669999973 ], [ 120.865676250000092, -2.000489069999958 ], [ 120.865736970000057, -2.000419909999948 ], [ 120.86581286, -2.000333479999938 ], [ 120.865906390000077, -2.000226959999964 ], [ 120.866023830000017, -2.000093209999932 ], [ 120.866091860000097, -2.000015739999981 ], [ 120.866191670000035, -1.999902059999954 ], [ 120.866259720000016, -1.999824549999971 ], [ 120.866338160000055, -1.999735219999934 ], [ 120.866420050000102, -1.999641959999963 ], [ 120.866485260000104, -1.999567699999943 ], [ 120.866572950000091, -1.999467829999958 ], [ 120.86664716000007, -1.999383309999928 ], [ 120.866785500000105, -1.999225749999937 ], [ 120.866942150000114, -1.999047349999955 ], [ 120.867077420000101, -1.998893289999955 ], [ 120.86715171000003, -1.998808679999968 ], [ 120.867241030000059, -1.998706959999936 ], [ 120.867347400000085, -1.998585809999952 ], [ 120.86744017, -1.998480159999929 ], [ 120.86757845000011, -1.998322669999936 ], [ 120.869144390000088, -1.996539239999947 ], [ 120.87085004000005, -1.994587739999929 ], [ 120.871298060000072, -1.99407513999995 ], [ 120.871423850000042, -1.993931219999979 ], [ 120.871559920000095, -1.993775539999945 ], [ 120.871650620000082, -1.993671769999935 ], [ 120.871718950000059, -1.993593589999932 ], [ 120.871757510000066, -1.993549469999948 ], [ 120.871794440000031, -1.993507209999962 ], [ 120.87202987, -1.993237849999957 ], [ 120.872143750000077, -1.993107559999942 ], [ 120.872175980000065, -1.99307067999996 ], [ 120.872380470000053, -1.992836719999957 ], [ 120.872425800000087, -1.992787459999931 ], [ 120.872469620000061, -1.992739839999956 ], [ 120.87259151, -1.992607379999924 ], [ 120.872695150000027, -1.992494759999943 ], [ 120.87272379, -1.992462099999955 ], [ 120.872869810000111, -1.992295589999969 ], [ 120.872920550000117, -1.992237729999943 ], [ 120.872996150000063, -1.992151519999936 ], [ 120.87305269, -1.992087039999944 ], [ 120.873147350000067, -1.99197909999998 ], [ 120.87321635, -1.991900409999971 ], [ 120.873816160000047, -1.990902179999978 ], [ 120.873965480000038, -1.990635539999971 ], [ 120.874252590000083, -1.990176099999928 ], [ 120.874422250000066, -1.98990460999994 ], [ 120.874850990000027, -1.989179929999978 ], [ 120.87545316, -1.988162099999954 ], [ 120.875676530000078, -1.987791329999936 ], [ 120.876479590000031, -1.986439269999948 ], [ 120.87925, -1.982881359999965 ], [ 120.879804520000107, -1.982153309999944 ], [ 120.880030210000086, -1.981865359999972 ], [ 120.880875180000089, -1.980771339999933 ], [ 120.88134299, -1.980165649999947 ], [ 120.881725570000071, -1.979670299999952 ], [ 120.883394610000096, -1.977451029999941 ], [ 120.884004610000034, -1.976639939999927 ], [ 120.884973540000033, -1.975351579999938 ], [ 120.886421920000089, -1.973426639999957 ], [ 120.887371440000038, -1.972171769999932 ], [ 120.890115920000085, -1.968550819999962 ], [ 120.892985890000091, -1.964768849999928 ], [ 120.893407170000046, -1.964217689999941 ], [ 120.893752020000079, -1.963766519999979 ], [ 120.896735650000096, -1.959897209999951 ], [ 120.898767380000095, -1.957238229999973 ], [ 120.89962292000007, -1.956112859999962 ], [ 120.901695200000063, -1.953418899999974 ], [ 120.902286000000117, -1.952631169999961 ], [ 120.903832950000037, -1.950568559999965 ], [ 120.90505582000003, -1.948954919999949 ], [ 120.907285880000018, -1.945984259999932 ], [ 120.908685980000087, -1.94410782999995 ], [ 120.908789240000033, -1.943960919999938 ], [ 120.908880610000097, -1.943830929999933 ], [ 120.909330360000013, -1.943191049999939 ], [ 120.909769530000062, -1.942566219999946 ], [ 120.910149400000023, -1.94202576999993 ], [ 120.910288960000116, -1.941827219999936 ], [ 120.91039086, -1.941682239999977 ], [ 120.910528710000108, -1.941489879999949 ], [ 120.910557550000021, -1.941449639999973 ], [ 120.911189980000017, -1.940567119999969 ], [ 120.911283841000113, -1.940433150999979 ], [ 120.912309770000093, -1.938937217999978 ], [ 120.912415133000081, -1.93881900599996 ], [ 120.912445680000019, -1.93877595999993 ], [ 120.912462230000074, -1.938753239999926 ], [ 120.912474350000025, -1.938739679999969 ], [ 120.912510150000116, -1.938699609999958 ], [ 120.912538870000049, -1.938667459999976 ], [ 120.912597970000093, -1.938601309999967 ], [ 120.91264934000003, -1.93854381999995 ], [ 120.912865130000114, -1.938302289999967 ], [ 120.912958990000106, -1.938197239999965 ], [ 120.912960850000104, -1.938195159999964 ], [ 120.913182770000049, -1.937946779999947 ], [ 120.913190120000081, -1.937938549999956 ], [ 120.913677320000033, -1.937393249999957 ], [ 120.913893640000083, -1.937151129999961 ], [ 120.914283780000119, -1.93671446999997 ], [ 120.914794100000108, -1.936145779999947 ], [ 120.91523152000002, -1.935654439999951 ], [ 120.915348110000082, -1.935523479999972 ], [ 120.915362538000068, -1.935513483999955 ], [ 120.916802570000073, -1.934515789999978 ], [ 120.916802570000073, -1.934515759999954 ], [ 120.916886476000059, -1.934457628999951 ], [ 120.917166130000055, -1.934263879999946 ], [ 120.917298810000034, -1.934228129999951 ], [ 120.917587914000023, -1.934150235999937 ], [ 120.917651280000086, -1.934133162999956 ], [ 120.918425435000017, -1.933924579999939 ], [ 120.918453319000037, -1.933917446999942 ], [ 120.918453704000058, -1.933916962999945 ], [ 120.918634910000037, -1.933868139999959 ], [ 120.918805322000026, -1.933822225999961 ], [ 120.918815245000019, -1.933819551999932 ], [ 120.918816700000093, -1.933819159999928 ], [ 120.918817360000048, -1.933818979999955 ], [ 120.918816659000072, -1.933803098999931 ], [ 120.918816659000072, -1.933796924999967 ], [ 120.918816659000072, -1.933785852999961 ], [ 120.918816659000072, -1.93376617499996 ], [ 120.918810938000092, -1.933664627999974 ], [ 120.918809039000053, -1.933630453999967 ], [ 120.91880664700011, -1.933587394999961 ], [ 120.918803958000012, -1.933515330999967 ], [ 120.91879949600002, -1.933395741999959 ], [ 120.91876981900009, -1.932735684999955 ], [ 120.918763679000108, -1.932602821999978 ], [ 120.91874800700009, -1.932263704999968 ], [ 120.918741079000029, -1.932090917999972 ], [ 120.918740858000092, -1.932085901999926 ], [ 120.918740784000079, -1.932084209999971 ], [ 120.918740301000071, -1.932073303999971 ], [ 120.918739533, -1.932055888999969 ], [ 120.918732565000028, -1.931902344999969 ], [ 120.91872429700004, -1.931721598999957 ], [ 120.918722140000114, -1.931661940999959 ], [ 120.918721615000095, -1.931647404999978 ], [ 120.918720524000037, -1.931625333999932 ], [ 120.918711424000094, -1.931441270999926 ], [ 120.91870588200004, -1.93130307399997 ], [ 120.918684250000069, -1.930836277999958 ], [ 120.918675043, -1.930596265999952 ], [ 120.918717145000073, -1.930465844999958 ], [ 120.918821955000112, -1.930156376999946 ], [ 120.918890905000012, -1.929971197999976 ], [ 120.919144050000114, -1.929238049999981 ], [ 120.919389414000079, -1.928449572999966 ], [ 120.919422657000041, -1.928325665999978 ], [ 120.919617170000038, -1.927696358999981 ], [ 120.919880246000048, -1.926866415999939 ], [ 120.920337923000034, -1.92539755699994 ], [ 120.920944145000021, -1.923426950999954 ], [ 120.92096833100004, -1.923003696999956 ], [ 120.920989913000085, -1.922626014999935 ], [ 120.920605379000108, -1.921172619999936 ], [ 120.920285824000075, -1.919960658999969 ], [ 120.920274288000087, -1.91991686199998 ], [ 120.920485900000017, -1.919774629999949 ], [ 120.92066001, -1.919657589999929 ], [ 120.920693150000034, -1.919635719999974 ], [ 120.920937430000095, -1.919474479999963 ], [ 120.921043520000012, -1.919404449999945 ], [ 120.9210942200001, -1.919370989999948 ], [ 120.921129858000086, -1.919341856999949 ], [ 120.921742480000034, -1.918841069999928 ], [ 120.92227162000006, -1.91843106999994 ], [ 120.92242662000001, -1.918310969999936 ], [ 120.922765030000051, -1.917982259999974 ], [ 120.922857457000077, -1.917892480999967 ], [ 120.92322230000002, -1.917538089999937 ], [ 120.923672280000119, -1.917108929999927 ], [ 120.923773440000105, -1.917012449999959 ], [ 120.92378851, -1.916998079999928 ], [ 120.924036690000094, -1.916946639999935 ], [ 120.924263210000049, -1.916899683999929 ], [ 120.924365286000011, -1.916876438999964 ], [ 120.924841132000097, -1.916903629999979 ], [ 120.925285770000073, -1.916926279999927 ], [ 120.925731120000023, -1.916948959999957 ], [ 120.925766560000056, -1.916950769999971 ], [ 120.926685769000073, -1.916752559999964 ], [ 120.926902040000073, -1.916702513999951 ], [ 120.926916839000114, -1.916699088999962 ], [ 120.927522535000094, -1.916337639999938 ], [ 120.927558570000087, -1.916316449999954 ], [ 120.928517670000019, -1.915763929999969 ], [ 120.928707510000095, -1.915519849999953 ], [ 120.92899044, -1.915156079999974 ], [ 120.929128400000081, -1.914978699999949 ], [ 120.929246300000045, -1.914842219999969 ], [ 120.929255640000065, -1.91481510999995 ], [ 120.929386210000075, -1.914436229999978 ], [ 120.929544390000046, -1.913977199999977 ], [ 120.929550090000021, -1.913934949999941 ], [ 120.929570580000018, -1.913872259999948 ], [ 120.929615700000113, -1.913448109999933 ], [ 120.929659810000089, -1.913033499999926 ], [ 120.92966712000009, -1.912427039999955 ], [ 120.929677660000038, -1.911552279999967 ], [ 120.929431430000022, -1.911024639999937 ], [ 120.929431350000073, -1.911024469999973 ], [ 120.929345930000068, -1.910852 ], [ 120.929288880000058, -1.910736809999946 ], [ 120.929210600000033, -1.910578749999956 ], [ 120.929202510000096, -1.91056242999997 ], [ 120.929194400000029, -1.910546049999937 ], [ 120.929176250000069, -1.910509399999967 ], [ 120.929161280000017, -1.910479169999974 ], [ 120.929146050000099, -1.910448429999974 ], [ 120.929135260000066, -1.910426639999969 ], [ 120.929133280000087, -1.91042264999993 ], [ 120.929132130000085, -1.910420319999957 ], [ 120.929131300000108, -1.910418039999968 ], [ 120.929129020000119, -1.91041174999998 ], [ 120.929124410000099, -1.910399059999975 ], [ 120.929124200000047, -1.910398489999977 ], [ 120.929106990000037, -1.910351089999949 ], [ 120.929069610000056, -1.910248139999965 ], [ 120.92901229000006, -1.910090289999971 ], [ 120.928970020000065, -1.909973889999947 ], [ 120.928948130000094, -1.909917949999965 ], [ 120.928910280000082, -1.909821229999977 ], [ 120.9288651600001, -1.909689079999964 ], [ 120.92885608000006, -1.909662479999952 ], [ 120.928855060000046, -1.909659519999934 ], [ 120.928845850000016, -1.909632539999961 ], [ 120.928838180000071, -1.909610819999955 ], [ 120.928834690000031, -1.909601189999933 ], [ 120.928831700000046, -1.909592949999933 ], [ 120.928813670000068, -1.909543299999939 ], [ 120.928792110000018, -1.909484239999927 ], [ 120.928771260000076, -1.909429579999937 ], [ 120.928765110000086, -1.909413459999939 ], [ 120.928727070000036, -1.909313729999951 ], [ 120.92866441000001, -1.909149449999973 ], [ 120.928621080000084, -1.90903585999996 ], [ 120.928615, -1.909019909999927 ], [ 120.928592680000065, -1.908961399999953 ], [ 120.928498750000017, -1.908715159999929 ], [ 120.928451175000077, -1.90859108199993 ], [ 120.928451288000019, -1.908590997999966 ], [ 120.928441729000042, -1.908565667999937 ], [ 120.928388150000046, -1.908425199999954 ], [ 120.928388120000022, -1.908425109999939 ], [ 120.928375870000082, -1.908392679999963 ], [ 120.928375520000031, -1.90839176999998 ], [ 120.928372780000018, -1.908384889999979 ], [ 120.928368600000113, -1.908373949999941 ], [ 120.928364100000067, -1.908362139999952 ], [ 120.928360670000075, -1.908353149999925 ], [ 120.928354940000077, -1.908338119999939 ], [ 120.928349200000071, -1.908323079999946 ], [ 120.928346250000118, -1.908315339999945 ], [ 120.928345150000041, -1.908312449999926 ], [ 120.928342540000017, -1.908305619999965 ], [ 120.92834146000007, -1.908302789999937 ], [ 120.928337440000064, -1.90829223999998 ], [ 120.928337050000096, -1.908291209999959 ], [ 120.92833268000004, -1.908279569999934 ], [ 120.928327520000039, -1.908265849999964 ], [ 120.928326550000065, -1.908263249999948 ], [ 120.928325010000094, -1.908259149999935 ], [ 120.928324300000099, -1.908257269999979 ], [ 120.928321340000025, -1.908249379999972 ], [ 120.92831663000004, -1.908236839999972 ], [ 120.928312120000101, -1.908224849999954 ], [ 120.928310670000087, -1.908221 ], [ 120.928308430000016, -1.908215019999943 ], [ 120.928306, -1.908208549999927 ], [ 120.928300630000081, -1.908194259999959 ], [ 120.928299540000012, -1.908191379999948 ], [ 120.928297360000101, -1.908185549999928 ], [ 120.928297300000054, -1.908185399999979 ], [ 120.928294750000077, -1.908178609999936 ], [ 120.92829147000009, -1.908169889999954 ], [ 120.928287910000108, -1.908160409999937 ], [ 120.928283690000058, -1.908149179999953 ], [ 120.92828148000001, -1.908143309999957 ], [ 120.928281110000057, -1.90814230999996 ], [ 120.928280050000012, -1.90813948999994 ], [ 120.928276160000109, -1.908129139999971 ], [ 120.928272770000035, -1.90812010999997 ], [ 120.928269760000035, -1.908112109999934 ], [ 120.92826772, -1.908106679999946 ], [ 120.928266460000032, -1.90810332999996 ], [ 120.928263290000018, -1.908094889999973 ], [ 120.928261520000092, -1.908090159999972 ], [ 120.9282598100001, -1.908085619999952 ], [ 120.928259650000086, -1.90808519999996 ], [ 120.928258070000084, -1.908080979999966 ], [ 120.928256340000075, -1.908076369999947 ], [ 120.928255630000081, -1.908074499999941 ], [ 120.928252970000017, -1.908067399999936 ], [ 120.928252110000017, -1.908065119999947 ], [ 120.928251640000099, -1.90806385999997 ], [ 120.928251210000099, -1.908062709999967 ], [ 120.92824948000009, -1.90805813999998 ], [ 120.928197030000092, -1.907918519999953 ], [ 120.928172100000097, -1.907852169999956 ], [ 120.928109410000047, -1.907685319999928 ], [ 120.928088960000082, -1.907630881999978 ], [ 120.927999421000095, -1.907393616999968 ], [ 120.928001475000087, -1.907379742999979 ], [ 120.928012525000099, -1.907305108999935 ], [ 120.928232371000036, -1.905820170999959 ], [ 120.928336779, -1.905236631999969 ], [ 120.927954368000087, -1.904958091999958 ], [ 120.927439838000055, -1.904594452999959 ], [ 120.926719495000043, -1.904727731999969 ], [ 120.926278010000033, -1.90482137999993 ], [ 120.926172723000036, -1.904828896999959 ], [ 120.92615588000001, -1.90483009999997 ], [ 120.926142090000099, -1.904831089999959 ], [ 120.926118890000112, -1.904840559999968 ], [ 120.926081560000057, -1.904855789999942 ], [ 120.925980720000098, -1.904896939999958 ], [ 120.925857860000065, -1.904947079999943 ], [ 120.92584432000001, -1.904952599999945 ], [ 120.925683320000076, -1.905018299999938 ], [ 120.925461700000028, -1.905108739999946 ], [ 120.925441400000068, -1.905117029999928 ], [ 120.92526521000002, -1.905107899999962 ], [ 120.925020930000073, -1.905095259999939 ], [ 120.924731550000047, -1.905080269999928 ], [ 120.924731110000039, -1.905080249999969 ], [ 120.924592162000067, -1.90507497699997 ], [ 120.92449329100009, -1.905070058999968 ], [ 120.924492287000021, -1.905070008999928 ], [ 120.924346402000083, -1.903679097999941 ], [ 120.924066627000116, -1.903080146999969 ], [ 120.924057170000083, -1.90305995999995 ], [ 120.924001440000097, -1.90294100999995 ], [ 120.92389628, -1.902716529999964 ], [ 120.92385567000008, -1.902629849999926 ], [ 120.923819340000023, -1.902550989999952 ], [ 120.923811275000048, -1.902533480999978 ], [ 120.923680711000088, -1.902253963999954 ], [ 120.923375060000012, -1.901609109999924 ], [ 120.923115707000079, -1.901044383999931 ], [ 120.922943140000029, -1.900668629999927 ], [ 120.922942130000024, -1.900666429999944 ], [ 120.922939990000032, -1.900661769999942 ], [ 120.922928310000088, -1.900636329999941 ], [ 120.922890860000052, -1.900556809999955 ], [ 120.922861300000022, -1.900494049999963 ], [ 120.922829250000063, -1.900425989999974 ], [ 120.922800960000018, -1.900365909999948 ], [ 120.922778200000039, -1.900317589999929 ], [ 120.922753980000039, -1.900266159999944 ], [ 120.922680070000069, -1.900109219999933 ], [ 120.922630220000087, -1.90000337999993 ], [ 120.921731860000023, -1.900054434999959 ], [ 120.921646130000113, -1.900059299999953 ], [ 120.921616890000109, -1.900060959999962 ], [ 120.921610870000109, -1.900061299999948 ], [ 120.921610830000077, -1.900061299999948 ], [ 120.921601820000092, -1.900061819999962 ], [ 120.921590470000069, -1.900062459999958 ], [ 120.921590216000027, -1.900062264999974 ], [ 120.92156887100009, -1.900063443999954 ], [ 120.921158859000116, -1.899726526999928 ], [ 120.921056794000037, -1.899642656999958 ], [ 120.92105541400008, -1.899641522999957 ], [ 120.921067833000052, -1.898457588999975 ], [ 120.921067309000023, -1.898413636999976 ], [ 120.921067250000078, -1.898408669999981 ], [ 120.92092915, -1.898300879999965 ], [ 120.920885770000041, -1.898267029999943 ], [ 120.920676360000016, -1.89811224999994 ], [ 120.920561750000047, -1.898027549999938 ], [ 120.920557920000078, -1.898024709999959 ], [ 120.92055516500011, -1.898027333999948 ], [ 120.920128974000022, -1.897705864999978 ], [ 120.920068818000118, -1.897651209999935 ], [ 120.919926240000109, -1.897521669999946 ], [ 120.919658800000093, -1.897347329999945 ], [ 120.919166810000092, -1.89714043999993 ], [ 120.918842080000104, -1.897003879999943 ], [ 120.918722650000063, -1.896953659999951 ], [ 120.918673100000092, -1.896932819999961 ], [ 120.918612770000095, -1.896920209999962 ], [ 120.918248480000102, -1.896844069999929 ], [ 120.918009520000055, -1.896794129999932 ], [ 120.917656470000111, -1.896720329999937 ], [ 120.917425410000078, -1.896672039999942 ], [ 120.917414260000101, -1.896659099999965 ], [ 120.917395550000037, -1.896637389999967 ], [ 120.917201440000099, -1.896412159999954 ], [ 120.917024130000073, -1.896214129999976 ], [ 120.91700164000008, -1.896189009999944 ], [ 120.916921310000021, -1.896099289999938 ], [ 120.916876520000073, -1.896049269999935 ], [ 120.916650830000094, -1.895530119999933 ], [ 120.916554690000112, -1.895308979999925 ], [ 120.916418080000085, -1.894994749999967 ], [ 120.916313740000078, -1.894858789999944 ], [ 120.916264310000088, -1.894794389999959 ], [ 120.916264260000048, -1.89479431999996 ], [ 120.91597433000004, -1.89441654999996 ], [ 120.915970120000111, -1.894417419999968 ], [ 120.915676150000081, -1.894477919999929 ], [ 120.915214320000018, -1.894572959999948 ], [ 120.914885720000029, -1.894640589999938 ], [ 120.914753190000056, -1.89465894999995 ], [ 120.91357921000008, -1.894821619999959 ], [ 120.913172050000071, -1.896381739999924 ], [ 120.913171860000034, -1.896382449999976 ], [ 120.913155590000088, -1.896374279999975 ], [ 120.913135640000064, -1.896364249999976 ], [ 120.913131580000027, -1.89636220999995 ], [ 120.913098110000078, -1.896345399999973 ], [ 120.913038680000113, -1.896315529999924 ], [ 120.913006320000022, -1.896299279999937 ], [ 120.91296839000006, -1.896280219999937 ], [ 120.912960640000051, -1.896276329999978 ], [ 120.91287202, -1.896231799999953 ], [ 120.912767070000086, -1.89617906999996 ], [ 120.912643790000061, -1.896117129999936 ], [ 120.912565020000102, -1.896077559999981 ], [ 120.912490320000074, -1.896040029999938 ], [ 120.912474350000025, -1.896032 ], [ 120.912330600000018, -1.896695779999959 ], [ 120.912329930000055, -1.896698919999949 ], [ 120.912327450000021, -1.89671033999997 ], [ 120.912323740000033, -1.896727489999932 ], [ 120.912320190000059, -1.896743869999966 ], [ 120.912316960000112, -1.896751809999955 ], [ 120.912107530000071, -1.897265939999954 ], [ 120.911691860000019, -1.896955609999964 ], [ 120.911682130000031, -1.896948349999946 ], [ 120.911676380000017, -1.896902329999932 ], [ 120.911669480000114, -1.896847159999936 ], [ 120.911654590000012, -1.896728029999963 ], [ 120.911635520000118, -1.896575509999934 ], [ 120.911618480000016, -1.896439149999935 ], [ 120.91159773000004, -1.896273189999931 ], [ 120.911592280000036, -1.89622959999997 ], [ 120.911280360000092, -1.895662499999958 ], [ 120.911266610000098, -1.895637509999972 ], [ 120.9112660400001, -1.895626419999928 ], [ 120.911260030000108, -1.895508849999942 ], [ 120.911255360000041, -1.895417479999935 ], [ 120.911238570000023, -1.895089319999954 ], [ 120.911066090000077, -1.894595629999969 ], [ 120.911046710000051, -1.894540179999979 ], [ 120.911028200000032, -1.894487179999942 ], [ 120.911007150000046, -1.894426929999952 ], [ 120.91098847, -1.89437345999994 ], [ 120.910971170000039, -1.894323939999936 ], [ 120.910962440000048, -1.894298969999966 ], [ 120.910958860000051, -1.894288709999955 ], [ 120.910954090000018, -1.894275069999935 ], [ 120.910936100000072, -1.894223569999951 ], [ 120.910934760000032, -1.894219729999975 ], [ 120.910877490000075, -1.894055809999941 ], [ 120.910840650000068, -1.894004809999956 ], [ 120.910465650000106, -1.893485769999927 ], [ 120.910235870000065, -1.893488419999926 ], [ 120.910147460000076, -1.893488729999945 ], [ 120.910147410000036, -1.893488729999945 ], [ 120.910094120000053, -1.893488919999925 ], [ 120.909760950000077, -1.893490079999935 ], [ 120.909592770000017, -1.893490669999949 ], [ 120.909600910000108, -1.893437279999944 ], [ 120.909642850000068, -1.89316206999996 ], [ 120.909660750000057, -1.893044629999963 ], [ 120.909661300000039, -1.893041019999941 ], [ 120.909705170000052, -1.89299957999998 ], [ 120.909906170000113, -1.892809719999946 ], [ 120.909929460000058, -1.892787719999944 ], [ 120.909948410000084, -1.892769819999955 ], [ 120.909932070000082, -1.892747199999974 ], [ 120.909930470000063, -1.892744989999926 ], [ 120.909925310000062, -1.892737849999946 ], [ 120.909909990000074, -1.892716639999946 ], [ 120.90989414, -1.892694699999936 ], [ 120.909886910000068, -1.892684699999961 ], [ 120.909885700000018, -1.892683019999936 ], [ 120.909880950000115, -1.892676449999954 ], [ 120.909871560000056, -1.892663439999978 ], [ 120.909859880000113, -1.892647289999957 ], [ 120.909849130000111, -1.892632399999968 ], [ 120.90984423000009, -1.892625619999933 ], [ 120.909843140000021, -1.892624109999929 ], [ 120.909841800000095, -1.892622259999939 ], [ 120.909838690000015, -1.892617949999931 ], [ 120.909832320000078, -1.892609139999934 ], [ 120.909824440000079, -1.892598229999976 ], [ 120.909815820000063, -1.892586299999948 ], [ 120.909809290000112, -1.892577259999939 ], [ 120.909806430000117, -1.892573299999981 ], [ 120.909804830000098, -1.892571079999925 ], [ 120.909803190000048, -1.892568809999943 ], [ 120.909798880000039, -1.892562839999925 ], [ 120.909792710000033, -1.892554299999972 ], [ 120.909788490000096, -1.892548469999952 ], [ 120.90978817000007, -1.892548029999944 ], [ 120.909787800000117, -1.892547509999929 ], [ 120.909785490000104, -1.892544319999956 ], [ 120.909778910000114, -1.892535209999949 ], [ 120.909772970000063, -1.892526989999965 ], [ 120.909772480000015, -1.892526309999937 ], [ 120.909771420000084, -1.892524829999957 ], [ 120.909765900000025, -1.892517189999978 ], [ 120.909755690000111, -1.892503069999975 ], [ 120.909754500000076, -1.892501419999974 ], [ 120.909752940000089, -1.892499249999958 ], [ 120.909748470000068, -1.892493069999944 ], [ 120.909743190000086, -1.892485769999951 ], [ 120.909739660000014, -1.892480879999937 ], [ 120.909738660000016, -1.892479489999971 ], [ 120.909736940000016, -1.892477119999967 ], [ 120.909731410000063, -1.892469459999973 ], [ 120.909724260000075, -1.892459569999971 ], [ 120.909721890000014, -1.892456279999976 ], [ 120.909721170000012, -1.89245528999993 ], [ 120.909720430000107, -1.892454259999965 ], [ 120.909718700000099, -1.892451859999937 ], [ 120.909714230000077, -1.892445669999972 ], [ 120.909706340000071, -1.892434769999966 ], [ 120.909703300000047, -1.89243055999998 ], [ 120.909702940000102, -1.892430049999973 ], [ 120.909702330000073, -1.892429209999932 ], [ 120.909700870000052, -1.892427189999978 ], [ 120.909695870000064, -1.892420269999946 ], [ 120.909688730000084, -1.892410379999944 ], [ 120.909686230000034, -1.892406919999928 ], [ 120.909685750000108, -1.892406259999973 ], [ 120.90968518000011, -1.892405469999972 ], [ 120.909683690000065, -1.892403419999937 ], [ 120.909680840000078, -1.89239946999993 ], [ 120.909677980000083, -1.892395509999972 ], [ 120.909672930000056, -1.89238851999994 ], [ 120.909670600000027, -1.892385299999944 ], [ 120.909667880000029, -1.892381529999966 ], [ 120.909667440000021, -1.892380919999937 ], [ 120.909665580000024, -1.892378349999944 ], [ 120.909663570000021, -1.892375569999956 ], [ 120.90966005000007, -1.89237068999995 ], [ 120.909655650000104, -1.892364589999943 ], [ 120.909652570000048, -1.892360329999974 ], [ 120.90965076000009, -1.892357839999931 ], [ 120.909647580000069, -1.892353429999957 ], [ 120.909643690000053, -1.892348049999953 ], [ 120.909640080000031, -1.892343049999965 ], [ 120.909636640000031, -1.892338279999933 ], [ 120.909635970000068, -1.892337359999942 ], [ 120.909635200000025, -1.892336289999946 ], [ 120.90963274, -1.892332889999977 ], [ 120.909627160000014, -1.892325169999935 ], [ 120.909623210000063, -1.892319689999965 ], [ 120.909619330000055, -1.892314329999977 ], [ 120.909618500000079, -1.892313179999974 ], [ 120.909615520000102, -1.892309059999945 ], [ 120.909615080000094, -1.892308449999973 ], [ 120.909614930000089, -1.892308229999969 ], [ 120.90961225, -1.892304519999925 ], [ 120.909609530000012, -1.892300759999955 ], [ 120.909608150000054, -1.892298849999975 ], [ 120.909607600000072, -1.892298079999932 ], [ 120.909605470000088, -1.892295139999931 ], [ 120.90960336, -1.892292219999945 ], [ 120.909601480000106, -1.892289619999929 ], [ 120.90959935, -1.892286679999927 ], [ 120.909597250000047, -1.892283759999941 ], [ 120.909595150000087, -1.892280849999963 ], [ 120.90959389000011, -1.892279109999947 ], [ 120.909593340000015, -1.89227834999997 ], [ 120.909592880000105, -1.892277719999925 ], [ 120.909590850000086, -1.892274899999961 ], [ 120.909588390000067, -1.892271499999936 ], [ 120.909585800000059, -1.89226790999993 ], [ 120.909583570000109, -1.892264829999931 ], [ 120.909581360000061, -1.89226175999994 ], [ 120.909580800000072, -1.892261 ], [ 120.90957990000004, -1.892259749999937 ], [ 120.909578490000058, -1.892257799999925 ], [ 120.909576570000013, -1.892255139999975 ], [ 120.909574250000105, -1.892251929999929 ], [ 120.909571050000068, -1.892247499999939 ], [ 120.909570570000028, -1.892246839999927 ], [ 120.909568910000075, -1.892244539999979 ], [ 120.909568690000015, -1.89224422999996 ], [ 120.909567870000046, -1.892243099999973 ], [ 120.909567760000073, -1.892242949999968 ], [ 120.909565550000025, -1.892239879999977 ], [ 120.909563590000062, -1.89223716999993 ], [ 120.909560730000067, -1.89223321999998 ], [ 120.909560520000014, -1.892232919999969 ], [ 120.909559420000051, -1.892231389999949 ], [ 120.90955793, -1.892229329999964 ], [ 120.909555430000069, -1.892225879999955 ], [ 120.909554400000047, -1.892224449999958 ], [ 120.909554050000111, -1.892223959999967 ], [ 120.908754080000108, -1.891116689999933 ], [ 120.908752770000092, -1.891117609999981 ], [ 120.90851809000003, -1.891283319999957 ], [ 120.908149760000015, -1.891533169999946 ], [ 120.90812027000004, -1.89155317999996 ], [ 120.907998640000073, -1.89163568999993 ], [ 120.908001260000106, -1.891628669999932 ], [ 120.908133080000084, -1.891275679999978 ], [ 120.907967820000067, -1.890812659999938 ], [ 120.907952500000079, -1.890769749999947 ], [ 120.907952050000063, -1.890768479999963 ], [ 120.907678900000064, -1.890185199999962 ], [ 120.907083030000081, -1.889913149999927 ], [ 120.906892330000119, -1.889925209999944 ], [ 120.906892280000079, -1.889925209999944 ], [ 120.906706870000107, -1.889936939999927 ], [ 120.906192350000083, -1.890120919999958 ], [ 120.90617377, -1.890127569999947 ], [ 120.905810750000114, -1.89051440999998 ], [ 120.905742170000053, -1.890587489999973 ], [ 120.905735550000031, -1.89058960999995 ], [ 120.905344480000053, -1.890714719999949 ], [ 120.90512501, -1.89058222999995 ], [ 120.905055810000022, -1.890540449999946 ], [ 120.904942550000101, -1.890472089999946 ], [ 120.904892980000113, -1.890442159999964 ], [ 120.90474375000008, -1.890334629999927 ], [ 120.90459218, -1.890225419999979 ], [ 120.904533720000018, -1.890183299999933 ], [ 120.9044895400001, -1.89015145999997 ], [ 120.904247620000092, -1.890122609999935 ], [ 120.903977040000086, -1.890090339999972 ], [ 120.903888670000015, -1.890079799999967 ], [ 120.903331410000078, -1.890013329999931 ], [ 120.90328162000003, -1.890007399999945 ], [ 120.90303705000008, -1.890001789999928 ], [ 120.902454750000061, -1.889988449999976 ], [ 120.90242003000003, -1.889987649999966 ], [ 120.902264760000094, -1.889984089999928 ], [ 120.902091590000055, -1.889980119999962 ], [ 120.902078370000027, -1.889956379999944 ], [ 120.901814340000101, -1.88948223999995 ], [ 120.901160220000065, -1.888888049999935 ], [ 120.901134230000025, -1.888864439999963 ], [ 120.901132770000117, -1.888860579999971 ], [ 120.901116160000015, -1.888816749999933 ], [ 120.901086980000059, -1.888739769999972 ], [ 120.901039730000093, -1.88861505999995 ], [ 120.901012990000027, -1.888544519999925 ], [ 120.900982370000065, -1.88846370999994 ], [ 120.900970950000101, -1.888433579999969 ], [ 120.900969280000027, -1.888406649999979 ], [ 120.90096729000004, -1.888374539999973 ], [ 120.900964470000076, -1.888329059999933 ], [ 120.900961900000084, -1.888287729999945 ], [ 120.900938370000063, -1.887908319999951 ], [ 120.900955162000059, -1.887535838999952 ], [ 120.900956920000112, -1.887496839999926 ], [ 120.900960490000102, -1.887417589999927 ], [ 120.900960570000052, -1.887415739999938 ], [ 120.90096243000005, -1.887374509999972 ], [ 120.900966870000047, -1.887276049999969 ], [ 120.900969340000074, -1.887221269999941 ], [ 120.900969820000114, -1.88721062999997 ], [ 120.900970070000085, -1.887204899999972 ], [ 120.90097022000009, -1.887201569999945 ], [ 120.90097121000008, -1.887179719999949 ], [ 120.900983250000081, -1.887095909999971 ], [ 120.900983750000023, -1.887092439999947 ], [ 120.901016710000022, -1.886863149999954 ], [ 120.901061030000051, -1.886554719999936 ], [ 120.901061480000067, -1.886500349999949 ], [ 120.901054900000076, -1.886492119999957 ], [ 120.901033910000024, -1.886465879999946 ], [ 120.901057770000079, -1.88639741999998 ], [ 120.90106245000004, -1.886384009999972 ], [ 120.901068260000102, -1.885684529999935 ], [ 120.901068330000044, -1.88567981999995 ], [ 120.901068310000028, -1.885679179999954 ], [ 120.901068310000028, -1.88567822999994 ], [ 120.901068330000044, -1.885676119999971 ], [ 120.901068340000052, -1.885674469999969 ], [ 120.90106835000006, -1.88567347999998 ], [ 120.901068360000068, -1.885671979999927 ], [ 120.901068410000107, -1.885666499999957 ], [ 120.901068440000017, -1.885663139999963 ], [ 120.901068460000033, -1.885660039999948 ], [ 120.901068510000073, -1.885654259999967 ], [ 120.901068550000105, -1.88564987999996 ], [ 120.901068560000112, -1.885648649999951 ], [ 120.90106857, -1.885647469999981 ], [ 120.901068670000086, -1.885635639999975 ], [ 120.901068680000094, -1.885633879999943 ], [ 120.901068710000118, -1.885631 ], [ 120.901068810000083, -1.885618419999957 ], [ 120.901069020000023, -1.88559343999998 ], [ 120.901069300000017, -1.885559869999952 ], [ 120.901069450000023, -1.885540839999976 ], [ 120.901069480000046, -1.885538449999956 ], [ 120.901069580000012, -1.885525149999978 ], [ 120.901069780000057, -1.885501619999957 ], [ 120.901070000000118, -1.885475429999929 ], [ 120.901070240000081, -1.88544590999993 ], [ 120.90107042000011, -1.88542426999993 ], [ 120.901070520000076, -1.885411959999942 ], [ 120.901070790000063, -1.885380549999979 ], [ 120.901071260000094, -1.885323439999979 ], [ 120.901071680000086, -1.88527339999996 ], [ 120.901072020000015, -1.885231699999963 ], [ 120.901072050000039, -1.885228769999969 ], [ 120.901072420000105, -1.885184139999978 ], [ 120.901072630000044, -1.885158899999965 ], [ 120.901073260000089, -1.885082429999954 ], [ 120.901073890000021, -1.885006749999945 ], [ 120.901074720000111, -1.884907259999977 ], [ 120.90107584000009, -1.884771789999945 ], [ 120.901076710000098, -1.884667129999968 ], [ 120.900985000000105, -1.883797239999979 ], [ 120.900981240000078, -1.883756929999947 ], [ 120.900980860000118, -1.883752839999943 ], [ 120.900973690000114, -1.883689939999954 ], [ 120.900966040000071, -1.88361741999995 ], [ 120.900952740000093, -1.883491269999979 ], [ 120.900941510000052, -1.883384729999932 ], [ 120.900941250000074, -1.883382289999929 ], [ 120.900777290000065, -1.883110209999927 ], [ 120.900134860000094, -1.882036289999974 ], [ 120.900129280000101, -1.882034879999935 ], [ 120.900114290000033, -1.88201 ], [ 120.898422600000117, -1.881602509999937 ], [ 120.898304260000032, -1.881574009999952 ], [ 120.898275420000118, -1.881567059999952 ], [ 120.89754017000007, -1.881479759999934 ], [ 120.896074660000068, -1.878828909999925 ], [ 120.895679380000047, -1.878168139999957 ], [ 120.8954764, -1.877828829999942 ], [ 120.895452280000086, -1.877776239999946 ], [ 120.895390390000102, -1.877641299999937 ], [ 120.895363010000096, -1.877581609999936 ], [ 120.89520425, -1.877235449999944 ], [ 120.895101860000068, -1.877012219999926 ], [ 120.895009150000078, -1.876395289999948 ], [ 120.894872580000083, -1.87546083999996 ], [ 120.89542151, -1.874325529999965 ], [ 120.895374270000048, -1.874003479999942 ], [ 120.89536626000006, -1.873948839999969 ], [ 120.89565046000007, -1.872692029999939 ], [ 120.89576296000007, -1.872194539999953 ], [ 120.895749600000045, -1.872106739999936 ], [ 120.895744360000094, -1.872076469999968 ], [ 120.895674150000104, -1.871671229999947 ], [ 120.8956243, -1.87138342999998 ], [ 120.895507770000108, -1.870710799999927 ], [ 120.895401510000056, -1.870097409999971 ], [ 120.894882160000066, -1.869100139999944 ], [ 120.894589090000068, -1.868537359999948 ], [ 120.894558, -1.868481359999976 ], [ 120.894047140000112, -1.867561059999957 ], [ 120.89389076000009, -1.867279359999941 ], [ 120.893500910000057, -1.866577069999948 ], [ 120.893456440000023, -1.866507449999972 ], [ 120.893452030000049, -1.866499609999948 ], [ 120.893390110000041, -1.866403599999956 ], [ 120.892324950000102, -1.864735979999978 ], [ 120.891464120000023, -1.863236259999951 ], [ 120.890314070000045, -1.86127087999995 ], [ 120.890259470000046, -1.861188529999936 ], [ 120.889643660000047, -1.860253409999927 ], [ 120.889531740000052, -1.860090949999972 ], [ 120.889314850000119, -1.859763819999955 ], [ 120.888650920000032, -1.858594769999968 ], [ 120.8884927900001, -1.858124299999929 ], [ 120.888482330000102, -1.858091259999981 ], [ 120.888474350000024, -1.858069439999952 ], [ 120.88845450000008, -1.85801035999998 ], [ 120.888421860000108, -1.857913259999975 ], [ 120.888399230000118, -1.857845939999947 ], [ 120.888392840000051, -1.857840679999924 ], [ 120.8882245100001, -1.857702159999974 ], [ 120.888076070000011, -1.85758 ], [ 120.887862860000041, -1.857407859999967 ], [ 120.887671150000074, -1.857251289999965 ], [ 120.887359150000066, -1.856996489999972 ], [ 120.8872268, -1.856888409999954 ], [ 120.887225910000097, -1.856887679999943 ], [ 120.886827590000053, -1.856741509999949 ], [ 120.886569680000093, -1.856655359999934 ], [ 120.886569690000101, -1.856658419999974 ], [ 120.886504520000017, -1.856635609999955 ], [ 120.886378120000018, -1.856591369999933 ], [ 120.886016580000046, -1.856470599999966 ], [ 120.885970840000027, -1.856455319999952 ], [ 120.88562692000005, -1.85634043999994 ], [ 120.885361410000087, -1.856251749999956 ], [ 120.885311320000028, -1.856235019999929 ], [ 120.884373720000099, -1.856296449999945 ], [ 120.884234800000058, -1.856305549999945 ], [ 120.884175350000078, -1.856309439999961 ], [ 120.884070270000052, -1.856316359999937 ], [ 120.88400678000005, -1.856320539999956 ], [ 120.884001220000073, -1.856321 ], [ 120.883988760000079, -1.856325679999941 ], [ 120.883956830000102, -1.856337659999951 ], [ 120.883822890000033, -1.856387929999926 ], [ 120.883770040000059, -1.856407759999968 ], [ 120.883640190000051, -1.856456499999979 ], [ 120.883506860000011, -1.856506539999941 ], [ 120.88350089000005, -1.856508839999947 ], [ 120.88350089000005, -1.856508779999956 ], [ 120.883248980000076, -1.856603329999928 ], [ 120.883044640000094, -1.856684539999947 ], [ 120.882913660000099, -1.856736599999977 ], [ 120.882669380000038, -1.856833689999974 ], [ 120.882485110000061, -1.856906919999972 ], [ 120.882432350000045, -1.856926699999974 ], [ 120.881901650000032, -1.857125609999969 ], [ 120.881813430000079, -1.857158679999941 ], [ 120.881605, -1.857236799999953 ], [ 120.881554010000059, -1.857255909999935 ], [ 120.881357640000033, -1.857329519999951 ], [ 120.879879850000066, -1.857871929999931 ], [ 120.87974936, -1.857820329999925 ], [ 120.879740260000062, -1.857816729999968 ], [ 120.87969476, -1.857798739999964 ], [ 120.879637590000016, -1.857776129999934 ], [ 120.879568050000103, -1.857748629999946 ], [ 120.879423890000112, -1.857691619999969 ], [ 120.879350390000013, -1.85766254999993 ], [ 120.879302770000095, -1.857643719999942 ], [ 120.879193060000034, -1.857600339999976 ], [ 120.879156920000014, -1.857519869999976 ], [ 120.879066070000022, -1.857317559999956 ], [ 120.878973080000037, -1.857110489999968 ], [ 120.878904810000108, -1.85695845999993 ], [ 120.87889868000002, -1.856944799999951 ], [ 120.878840330000116, -1.856814879999945 ], [ 120.878801520000025, -1.856728449999935 ], [ 120.87879324000005, -1.856710439999972 ], [ 120.87867097000003, -1.856444289999956 ], [ 120.878598060000058, -1.856285569999955 ], [ 120.878571030000103, -1.856226739999954 ], [ 120.878549460000045, -1.856179789999942 ], [ 120.878522290000092, -1.856120639999972 ], [ 120.87845768000011, -1.855980009999939 ], [ 120.878410090000102, -1.855876419999959 ], [ 120.878400750000083, -1.855872599999941 ], [ 120.878339760000017, -1.85584764999993 ], [ 120.878177880000067, -1.855781429999979 ], [ 120.87797136000006, -1.855696949999981 ], [ 120.877877690000105, -1.855658619999929 ], [ 120.877877510000076, -1.85565854999993 ], [ 120.877698070000065, -1.855585149999968 ], [ 120.877632750000089, -1.855558429999974 ], [ 120.877482740000119, -1.85548756999998 ], [ 120.877263360000029, -1.855379439999979 ], [ 120.877101940000102, -1.855299879999961 ], [ 120.876954660000024, -1.855227289999959 ], [ 120.876941510000051, -1.855220809999935 ], [ 120.876842390000093, -1.855180619999942 ], [ 120.876796890000037, -1.855162179999979 ], [ 120.876435290000018, -1.855015579999929 ], [ 120.876120740000033, -1.854888049999943 ], [ 120.875937890000046, -1.85481391999997 ], [ 120.875906670000063, -1.854801259999931 ], [ 120.875890170000048, -1.854794569999967 ], [ 120.875827, -1.854768959999944 ], [ 120.875773850000087, -1.854747409999959 ], [ 120.875754360000087, -1.854739509999945 ], [ 120.875742060000107, -1.854733329999931 ], [ 120.875721460000022, -1.854722969999955 ], [ 120.875585240000078, -1.854654489999973 ], [ 120.87437581000006, -1.854046469999957 ], [ 120.874353970000016, -1.854035489999944 ], [ 120.874263460000066, -1.853989979999938 ], [ 120.8741817, -1.853948879999962 ], [ 120.874157670000045, -1.853936799999929 ], [ 120.874149200000033, -1.853930539999965 ], [ 120.874043730000039, -1.853852639999957 ], [ 120.873957310000037, -1.853788799999961 ], [ 120.873733910000055, -1.853623769999956 ], [ 120.87372396, -1.853616429999931 ], [ 120.873620460000097, -1.853539969999929 ], [ 120.873619660000031, -1.853587519999962 ], [ 120.873550990000012, -1.853524129999926 ], [ 120.873548370000094, -1.853521719999947 ], [ 120.873541750000072, -1.85351559999998 ], [ 120.87353178, -1.853506399999958 ], [ 120.873530600000095, -1.853505309999946 ], [ 120.873527710000076, -1.853502649999939 ], [ 120.873523330000012, -1.853498599999966 ], [ 120.873508020000031, -1.853484459999947 ], [ 120.873507360000076, -1.853483849999975 ], [ 120.873501220000094, -1.853478179999968 ], [ 120.873484900000108, -1.853463119999958 ], [ 120.873484240000039, -1.853462519999937 ], [ 120.87348170000007, -1.853460159999941 ], [ 120.873474780000038, -1.853453779999938 ], [ 120.873464360000071, -1.853444169999932 ], [ 120.873463110000102, -1.853443009999978 ], [ 120.873450940000112, -1.853431769999929 ], [ 120.873446400000034, -1.853427579999959 ], [ 120.873441220000018, -1.853422799999976 ], [ 120.873439280000071, -1.853421009999977 ], [ 120.873427370000059, -1.853410009999948 ], [ 120.873426830000085, -1.853409519999957 ], [ 120.873425500000053, -1.853408289999948 ], [ 120.873418460000039, -1.853401789999964 ], [ 120.873403330000087, -1.853387829999974 ], [ 120.873402340000098, -1.853386909999927 ], [ 120.873398670000029, -1.853383519999966 ], [ 120.873391160000097, -1.853376589999925 ], [ 120.873383620000027, -1.853369629999975 ], [ 120.873382760000027, -1.853368839999973 ], [ 120.873380090000069, -1.853366369999947 ], [ 120.873372010000026, -1.853358919999948 ], [ 120.873363650000101, -1.853351199999963 ], [ 120.87336227000003, -1.853349919999971 ], [ 120.873357730000066, -1.853345729999944 ], [ 120.873351430000071, -1.853339909999931 ], [ 120.873349350000012, -1.853338 ], [ 120.873344640000028, -1.853333649999968 ], [ 120.873342920000027, -1.853332059999957 ], [ 120.873335250000082, -1.853324979999968 ], [ 120.873324510000089, -1.853315069999951 ], [ 120.873312450000071, -1.853303939999932 ], [ 120.873302930000023, -1.853295149999951 ], [ 120.873291650000056, -1.853284739999935 ], [ 120.873276520000104, -1.853270769999938 ], [ 120.873264250000034, -1.853259449999939 ], [ 120.873262360000012, -1.853257699999972 ], [ 120.87326065000002, -1.853256119999969 ], [ 120.87325407000003, -1.853250039999978 ], [ 120.873240130000113, -1.853237179999951 ], [ 120.873226550000027, -1.853224639999951 ], [ 120.87321304000011, -1.853212169999949 ], [ 120.873210340000014, -1.853209679999964 ], [ 120.873205780000035, -1.853205469999978 ], [ 120.873185700000022, -1.853186929999936 ], [ 120.873157470000024, -1.853160869999954 ], [ 120.87315645000001, -1.853159939999955 ], [ 120.873155280000105, -1.853158849999943 ], [ 120.873146670000096, -1.853150909999954 ], [ 120.87310729, -1.853114559999938 ], [ 120.873105490000057, -1.853112899999928 ], [ 120.87310226000011, -1.853109909999944 ], [ 120.873070810000058, -1.853080889999944 ], [ 120.873023760000024, -1.853037449999931 ], [ 120.873020250000081, -1.853034209999976 ], [ 120.873015420000115, -1.85302975999997 ], [ 120.873002850000034, -1.853018149999969 ], [ 120.87293757000009, -1.852957889999971 ], [ 120.872920760000056, -1.852942369999937 ], [ 120.872882980000099, -1.852907499999958 ], [ 120.872886010000116, -1.852739569999926 ], [ 120.872564160000024, -1.852640679999979 ], [ 120.872516160000032, -1.852625929999931 ], [ 120.872473080000077, -1.852612689999944 ], [ 120.872396170000115, -1.852589059999957 ], [ 120.872394900000018, -1.852588669999932 ], [ 120.87236925000002, -1.852568899999937 ], [ 120.872352720000094, -1.852556159999949 ], [ 120.87233953000009, -1.852546 ], [ 120.872324100000014, -1.852534109999965 ], [ 120.87230473000011, -1.852519179999945 ], [ 120.872232620000091, -1.852463599999965 ], [ 120.872146200000088, -1.852397009999947 ], [ 120.872135020000087, -1.85238838999993 ], [ 120.872022170000037, -1.852301419999947 ], [ 120.871939530000077, -1.852237729999956 ], [ 120.871932900000047, -1.852232619999938 ], [ 120.871929020000039, -1.852229629999954 ], [ 120.8718690500001, -1.85218341999996 ], [ 120.871784780000098, -1.852118469999937 ], [ 120.87177677000011, -1.85211228999998 ], [ 120.871760460000019, -1.852099729999964 ], [ 120.871714940000061, -1.85206463999998 ], [ 120.871626580000111, -1.851996549999967 ], [ 120.871621880000021, -1.85199291999993 ], [ 120.871584510000048, -1.851964119999934 ], [ 120.871525160000033, -1.85191838999998 ], [ 120.871456210000019, -1.851865249999946 ], [ 120.871451340000021, -1.851861489999976 ], [ 120.871420390000026, -1.851837639999928 ], [ 120.871365670000046, -1.851795469999956 ], [ 120.871309630000042, -1.851752279999971 ], [ 120.871252520000098, -1.851708269999961 ], [ 120.871247490000087, -1.851704389999952 ], [ 120.871230550000064, -1.851691339999945 ], [ 120.871203280000032, -1.851670319999926 ], [ 120.871192830000041, -1.851656649999939 ], [ 120.871136130000082, -1.851582429999951 ], [ 120.871080180000035, -1.851509209999961 ], [ 120.871070600000053, -1.851496659999952 ], [ 120.871040390000076, -1.851457119999964 ], [ 120.870890480000071, -1.851260919999959 ], [ 120.870807100000093, -1.85115178999996 ], [ 120.870804480000061, -1.851148359999968 ], [ 120.870798730000047, -1.851140829999963 ], [ 120.870784470000103, -1.85112216999994 ], [ 120.870699570000056, -1.851011059999962 ], [ 120.870689280000079, -1.850997589999963 ], [ 120.870655560000046, -1.850953459999971 ], [ 120.870583120000106, -1.850858649999964 ], [ 120.870574450000049, -1.850847289999933 ], [ 120.87053642, -1.850797519999958 ], [ 120.870473090000019, -1.850714639999978 ], [ 120.870469900000103, -1.850710459999959 ], [ 120.870453220000059, -1.850688629999979 ], [ 120.870412950000059, -1.850635919999945 ], [ 120.870348170000057, -1.850551129999928 ], [ 120.870327140000086, -1.850523609999925 ], [ 120.870247860000063, -1.85041984999998 ], [ 120.870229470000027, -1.850395769999977 ], [ 120.870222040000044, -1.850386059999948 ], [ 120.870184060000042, -1.850336349999964 ], [ 120.870179100000087, -1.85031792999996 ], [ 120.870177510000076, -1.850311979999958 ], [ 120.870122980000019, -1.850109259999954 ], [ 120.870121270000027, -1.850102899999968 ], [ 120.870113900000092, -1.850075489999938 ], [ 120.870107680000046, -1.850052389999973 ], [ 120.870106310000097, -1.850047299999972 ], [ 120.870102640000027, -1.850033649999943 ], [ 120.870087270000113, -1.849976499999968 ], [ 120.870081840000012, -1.849956319999933 ], [ 120.87007962000007, -1.849948039999958 ], [ 120.87007721000009, -1.849939079999956 ], [ 120.870063580000078, -1.849888429999965 ], [ 120.870054160000109, -1.849853389999964 ], [ 120.870050030000016, -1.849838029999944 ], [ 120.870047680000084, -1.849829309999961 ], [ 120.870040270000118, -1.849801769999942 ], [ 120.870036180000056, -1.849786559999927 ], [ 120.870035270000017, -1.849783159999959 ], [ 120.870033160000048, -1.849773329999948 ], [ 120.870031070000095, -1.849763559999928 ], [ 120.870030520000114, -1.849761 ], [ 120.870015250000051, -1.849689759999933 ], [ 120.870012840000072, -1.849678509999933 ], [ 120.870009070000037, -1.849660899999947 ], [ 120.869993070000078, -1.849586239999951 ], [ 120.869968900000117, -1.849473479999972 ], [ 120.869966360000035, -1.849461639999959 ], [ 120.869953610000039, -1.849402119999979 ], [ 120.86994057000004, -1.84934125999996 ], [ 120.869939510000108, -1.84933634999993 ], [ 120.86993528000005, -1.849316589999944 ], [ 120.869923600000106, -1.849262089999968 ], [ 120.869911820000084, -1.849207109999952 ], [ 120.869911250000087, -1.849204479999969 ], [ 120.86989911, -1.849147829999936 ], [ 120.869885810000028, -1.849085739999964 ], [ 120.869884030000094, -1.849077449999925 ], [ 120.869872840000085, -1.849025239999946 ], [ 120.869858560000011, -1.848958619999962 ], [ 120.869857810000099, -1.848955129999979 ], [ 120.86985702000004, -1.848951429999943 ], [ 120.86984601000006, -1.848900059999949 ], [ 120.869830980000074, -1.848829909999949 ], [ 120.869830130000082, -1.848825959999942 ], [ 120.869828760000019, -1.848819559999924 ], [ 120.869828080000048, -1.848816369999952 ], [ 120.869824140000105, -1.848798019999947 ], [ 120.869823930000052, -1.848797029999957 ], [ 120.869823280000105, -1.848794009999949 ], [ 120.869820230000073, -1.848779759999957 ], [ 120.869817670000089, -1.848767839999937 ], [ 120.86981744000002, -1.848766769999941 ], [ 120.869815710000012, -1.848758689999954 ], [ 120.869813200000067, -1.848746949999963 ], [ 120.86981078000008, -1.848735679999947 ], [ 120.869810510000093, -1.848734419999971 ], [ 120.869810080000093, -1.848732389999952 ], [ 120.869807710000032, -1.84872133999994 ], [ 120.869805930000098, -1.848713059999966 ], [ 120.869805130000032, -1.848709309999947 ], [ 120.869804360000103, -1.848705709999933 ], [ 120.869801760000087, -1.848693559999958 ], [ 120.869798680000031, -1.848679199999935 ], [ 120.869798360000118, -1.848677709999947 ], [ 120.869796780000115, -1.848670359999971 ], [ 120.869794270000057, -1.848658629999932 ], [ 120.869793, -1.84865267999993 ], [ 120.869792760000109, -1.848651599999926 ], [ 120.869792540000049, -1.848650549999945 ], [ 120.869791890000101, -1.848647509999978 ], [ 120.869790780000017, -1.848642359999928 ], [ 120.869789550000064, -1.848636619999979 ], [ 120.86978833, -1.848630939999964 ], [ 120.869787920000022, -1.848629019999976 ], [ 120.869786450000106, -1.848622149999926 ], [ 120.869785350000029, -1.848617009999941 ], [ 120.869784110000069, -1.848611239999968 ], [ 120.86978403, -1.848610839999935 ], [ 120.869782320000013, -1.848602899999946 ], [ 120.869779090000065, -1.848587819999977 ], [ 120.869778550000092, -1.84858528999996 ], [ 120.869776610000031, -1.848576219999927 ], [ 120.869772580000017, -1.848557399999947 ], [ 120.869768, -1.84853604999995 ], [ 120.869764170000053, -1.848518179999928 ], [ 120.869758940000111, -1.84849375999994 ], [ 120.869751300000075, -1.848458149999942 ], [ 120.869746030000101, -1.848433549999925 ], [ 120.869745760000114, -1.84843227999994 ], [ 120.869735640000044, -1.848385069999949 ], [ 120.86972288000004, -1.848325519999946 ], [ 120.869710260000033, -1.848266609999939 ], [ 120.86969661, -1.848202959999981 ], [ 120.869692660000055, -1.848184509999953 ], [ 120.869685610000033, -1.848151609999945 ], [ 120.869684600000028, -1.848146909999969 ], [ 120.869683960000089, -1.848143909999976 ], [ 120.869683500000065, -1.848141759999976 ], [ 120.869663090000017, -1.848046549999935 ], [ 120.869651160000103, -1.847990849999974 ], [ 120.869565270000066, -1.847590099999934 ], [ 120.869392130000051, -1.847406469999953 ], [ 120.869279360000064, -1.847286869999948 ], [ 120.869234660000075, -1.847239459999969 ], [ 120.868859090000115, -1.846841139999981 ], [ 120.868242530000089, -1.846187219999933 ], [ 120.867504240000017, -1.845658919999948 ], [ 120.867491550000068, -1.845649839999965 ], [ 120.867397520000054, -1.845582559999968 ], [ 120.867288640000083, -1.845504639999945 ], [ 120.867174270000078, -1.845422809999945 ], [ 120.867145170000072, -1.845401979999963 ], [ 120.867134690000057, -1.845394479999925 ], [ 120.86704076, -1.845327269999927 ], [ 120.866878, -1.845210799999961 ], [ 120.866640350000011, -1.845040749999953 ], [ 120.86657179000008, -1.844991689999972 ], [ 120.866550650000022, -1.844976559999964 ], [ 120.866465680000033, -1.844915759999935 ], [ 120.86632566000003, -1.844815559999972 ], [ 120.866255010000032, -1.844765009999946 ], [ 120.866248760000076, -1.844753859999969 ], [ 120.866224280000097, -1.844710229999976 ], [ 120.866227550000076, -1.844699059999925 ], [ 120.86617788, -1.844660049999959 ], [ 120.866167570000016, -1.844651949999957 ], [ 120.866058360000011, -1.844566179999958 ], [ 120.865884320000077, -1.844429479999974 ], [ 120.865724670000077, -1.844304079999972 ], [ 120.86550804, -1.844133939999949 ], [ 120.86550069000009, -1.844128169999976 ], [ 120.865492370000084, -1.844121629999961 ], [ 120.865488750000054, -1.844117389999951 ], [ 120.86547457000006, -1.844100749999939 ], [ 120.865445520000094, -1.844066669999961 ], [ 120.865418380000051, -1.844034829999941 ], [ 120.865402020000033, -1.844015639999952 ], [ 120.865391410000029, -1.844003199999975 ], [ 120.865342850000047, -1.843946219999964 ], [ 120.865274740000018, -1.843866319999961 ], [ 120.865255980000029, -1.843842689999974 ], [ 120.865127280000024, -1.843680569999947 ], [ 120.864880270000072, -1.84336940999998 ], [ 120.864711730000067, -1.843157099999928 ], [ 120.86464586000011, -1.843074119999926 ], [ 120.864591920000066, -1.843006159999959 ], [ 120.864548060000061, -1.842950919999964 ], [ 120.864504330000045, -1.842895829999975 ], [ 120.864404720000039, -1.842769259999955 ], [ 120.864404200000081, -1.842768589999935 ], [ 120.864265230000115, -1.842592 ], [ 120.864113060000022, -1.842398629999934 ], [ 120.864021020000109, -1.842281689999936 ], [ 120.863779950000094, -1.841975349999927 ], [ 120.863767370000119, -1.841959359999976 ], [ 120.863762140000063, -1.841948169999966 ], [ 120.863686010000038, -1.841785219999963 ], [ 120.863615970000069, -1.841635309999958 ], [ 120.86357023000005, -1.841536769999948 ], [ 120.86344508000002, -1.841267139999957 ], [ 120.863399170000093, -1.841168239999945 ], [ 120.863335600000028, -1.841031279999925 ], [ 120.863240920000067, -1.840827309999952 ], [ 120.863148280000019, -1.840605359999927 ], [ 120.863059990000011, -1.840384239999935 ], [ 120.863059960000101, -1.840384159999928 ], [ 120.86289201000011, -1.83996357999996 ], [ 120.862673450000102, -1.839520199999924 ], [ 120.862575370000059, -1.839304789999971 ], [ 120.862572490000048, -1.83929846999996 ], [ 120.862574800000061, -1.839296379999951 ], [ 120.862584930000025, -1.83928721999996 ], [ 120.862606330000062, -1.839267889999974 ], [ 120.862635190000105, -1.839241799999968 ], [ 120.862663080000061, -1.839216599999929 ], [ 120.862680010000076, -1.839201299999957 ], [ 120.862904250000042, -1.838998639999943 ], [ 120.862896890000115, -1.83898679999993 ], [ 120.862885560000109, -1.838968589999979 ], [ 120.86287070000003, -1.83894467999994 ], [ 120.862864430000059, -1.838934599999959 ], [ 120.86285169000007, -1.838914109999962 ], [ 120.862836700000116, -1.83889 ], [ 120.862801650000051, -1.838833629999954 ], [ 120.862770020000085, -1.838782779999974 ], [ 120.862740580000036, -1.838735429999929 ], [ 120.86271419000002, -1.83869298999997 ], [ 120.862714010000104, -1.838692699999967 ], [ 120.862699110000108, -1.838668739999946 ], [ 120.862704680000093, -1.838659029999974 ], [ 120.862716140000089, -1.838639039999975 ], [ 120.862740300000041, -1.838596909999978 ], [ 120.862761280000086, -1.838560349999966 ], [ 120.862772530000029, -1.838540729999977 ], [ 120.862786810000102, -1.838515829999949 ], [ 120.862806840000076, -1.83848090999993 ], [ 120.862816440000074, -1.83846417999996 ], [ 120.86282269000003, -1.838453279999953 ], [ 120.862838920000058, -1.838424989999965 ], [ 120.862868800000115, -1.838372879999952 ], [ 120.862889080000059, -1.838337539999941 ], [ 120.862908910000101, -1.838302959999965 ], [ 120.862930960000085, -1.838264519999939 ], [ 120.862937000000102, -1.838253989999941 ], [ 120.86294010000006, -1.838248569999962 ], [ 120.86295589000008, -1.838221039999951 ], [ 120.862992370000029, -1.838157449999926 ], [ 120.863007720000041, -1.838130689999957 ], [ 120.863028100000065, -1.838095149999958 ], [ 120.86304908000011, -1.838058579999938 ], [ 120.863062150000019, -1.838035789999935 ], [ 120.863066840000101, -1.838027609999926 ], [ 120.863087290000067, -1.837991959999954 ], [ 120.863101110000116, -1.837967859999935 ], [ 120.863119610000012, -1.837935609999931 ], [ 120.863129360000016, -1.837918599999966 ], [ 120.863135040000088, -1.837908699999957 ], [ 120.863135410000041, -1.837908059999961 ], [ 120.86313607000011, -1.837906909999958 ], [ 120.863139230000115, -1.837901399999964 ], [ 120.863144730000045, -1.837891809999974 ], [ 120.863149130000011, -1.837884139999971 ], [ 120.863153640000064, -1.837876279999932 ], [ 120.863158670000075, -1.837867499999959 ], [ 120.863181300000065, -1.837828049999928 ], [ 120.863200140000117, -1.83779519999996 ], [ 120.863218750000101, -1.837762759999976 ], [ 120.863224140000057, -1.837753359999965 ], [ 120.863231980000023, -1.837739689999978 ], [ 120.863240790000077, -1.837724339999966 ], [ 120.863255900000013, -1.837697989999924 ], [ 120.863283700000011, -1.837649509999949 ], [ 120.8632958500001, -1.837628329999973 ], [ 120.863300020000111, -1.837621069999955 ], [ 120.86330423000004, -1.83761372999993 ], [ 120.863311600000088, -1.837600879999968 ], [ 120.863325560000021, -1.83757653999993 ], [ 120.863348350000024, -1.83753680999996 ], [ 120.863374180000051, -1.837491769999929 ], [ 120.863390890000119, -1.837462639999956 ], [ 120.863406670000018, -1.837435119999952 ], [ 120.86340873000006, -1.837431529999947 ], [ 120.86341974000004, -1.837412339999958 ], [ 120.863437440000098, -1.837381469999968 ], [ 120.863442600000099, -1.83737248999995 ], [ 120.863462100000106, -1.837338479999971 ], [ 120.863478070000042, -1.837310649999949 ], [ 120.863486610000109, -1.837295759999961 ], [ 120.863489720000075, -1.837290329999973 ], [ 120.86349481000002, -1.837281449999978 ], [ 120.863498390000018, -1.837275219999981 ], [ 120.863510390000101, -1.837254289999976 ], [ 120.863529180000114, -1.837221539999973 ], [ 120.863549590000048, -1.837185949999935 ], [ 120.863551030000053, -1.837183429999925 ], [ 120.863562240000078, -1.837163889999943 ], [ 120.863568770000029, -1.837152509999953 ], [ 120.863572020000106, -1.837146849999954 ], [ 120.86358585000005, -1.837122729999976 ], [ 120.863588600000071, -1.837117949999936 ], [ 120.8636007, -1.837096849999966 ], [ 120.86361450000004, -1.837072779999971 ], [ 120.86362836, -1.837048619999962 ], [ 120.863637150000045, -1.837033289999965 ], [ 120.863637370000106, -1.837032909999948 ], [ 120.863644830000112, -1.837019899999973 ], [ 120.863658550000082, -1.836995989999934 ], [ 120.863671840000052, -1.836972819999971 ], [ 120.863681620000079, -1.836955759999967 ], [ 120.863686570000027, -1.83694713999995 ], [ 120.863706430000093, -1.836912509999934 ], [ 120.863724280000042, -1.836881379999966 ], [ 120.863750600000117, -1.836835509999958 ], [ 120.8637687800001, -1.836803799999927 ], [ 120.863839680000069, -1.836680189999925 ], [ 120.863843240000051, -1.836673979999944 ], [ 120.863855920000105, -1.836651869999969 ], [ 120.863865600000054, -1.836635 ], [ 120.863877720000119, -1.836613869999951 ], [ 120.863919, -1.836541899999929 ], [ 120.863934300000096, -1.836515229999975 ], [ 120.863964410000108, -1.836462729999937 ], [ 120.863990010000066, -1.836418099999946 ], [ 120.864001150000036, -1.836398679999945 ], [ 120.864006570000015, -1.836389219999944 ], [ 120.864039630000093, -1.836331579999978 ], [ 120.864069150000091, -1.836280119999969 ], [ 120.8641188900001, -1.836193399999956 ], [ 120.864124800000013, -1.836183099999971 ], [ 120.864126490000103, -1.836180139999954 ], [ 120.864129, -1.836175769999954 ], [ 120.864139520000094, -1.836157429999957 ], [ 120.864156540000067, -1.836127759999954 ], [ 120.86416832000009, -1.836107219999974 ], [ 120.864175290000048, -1.836095069999942 ], [ 120.864197510000054, -1.836056339999971 ], [ 120.864212200000111, -1.836030729999948 ], [ 120.864219150000054, -1.836018599999932 ], [ 120.86422309000011, -1.836011719999931 ], [ 120.864227870000036, -1.836003389999973 ], [ 120.864242560000093, -1.835977789999959 ], [ 120.864260010000066, -1.835947359999977 ], [ 120.86427948000005, -1.83591341999994 ], [ 120.864299100000039, -1.835879209999973 ], [ 120.864309400000025, -1.835861249999937 ], [ 120.864310990000035, -1.835858479999956 ], [ 120.864314, -1.835853239999949 ], [ 120.864327870000011, -1.835829049999973 ], [ 120.864344180000103, -1.835800609999978 ], [ 120.864363570000023, -1.835766809999939 ], [ 120.864384370000039, -1.835730549999937 ], [ 120.864407720000031, -1.83568983999993 ], [ 120.864416120000101, -1.835675189999961 ], [ 120.864418900000032, -1.83567034999993 ], [ 120.864420650000056, -1.835667289999947 ], [ 120.86442589, -1.83565815999998 ], [ 120.864440720000061, -1.835632299999929 ], [ 120.86445604000005, -1.835605589999943 ], [ 120.864471680000065, -1.835578319999968 ], [ 120.864476460000105, -1.835569979999946 ], [ 120.864492050000081, -1.835542799999928 ], [ 120.864503760000048, -1.835522389999937 ], [ 120.864516650000041, -1.835499919999961 ], [ 120.864521450000098, -1.835491549999972 ], [ 120.864526530000035, -1.835482699999943 ], [ 120.864529660000017, -1.835477239999932 ], [ 120.8645446700001, -1.835451069999976 ], [ 120.864559690000078, -1.835424889999956 ], [ 120.86457917000007, -1.835390919999952 ], [ 120.864596320000032, -1.835361009999929 ], [ 120.864604140000097, -1.835347389999924 ], [ 120.864610160000097, -1.835336889999951 ], [ 120.864618770000106, -1.835321869999973 ], [ 120.864637630000061, -1.835289 ], [ 120.864658440000085, -1.835252709999963 ], [ 120.864683440000022, -1.835209129999953 ], [ 120.864701110000055, -1.835178309999947 ], [ 120.864706240000032, -1.835169379999968 ], [ 120.864710980000041, -1.835161119999952 ], [ 120.864725630000066, -1.835135579999928 ], [ 120.86475551, -1.835083469999972 ], [ 120.86477874000002, -1.835042979999969 ], [ 120.864793180000106, -1.835017809999954 ], [ 120.86480787000005, -1.83499218999998 ], [ 120.86481402000004, -1.834981459999938 ], [ 120.864831, -1.834951869999941 ], [ 120.864856220000092, -1.834907899999962 ], [ 120.86486831000002, -1.834886809999944 ], [ 120.864885660000027, -1.834856559999935 ], [ 120.86489409, -1.834841859999926 ], [ 120.864897350000092, -1.83483616999996 ], [ 120.864911640000059, -1.834811269999932 ], [ 120.864924590000101, -1.834788689999925 ], [ 120.864944800000103, -1.834753459999945 ], [ 120.864953240000091, -1.834738739999977 ], [ 120.864960110000084, -1.834726769999975 ], [ 120.864966670000058, -1.83471531999993 ], [ 120.86496818, -1.834712689999947 ], [ 120.86497729000007, -1.834696819999976 ], [ 120.864991990000021, -1.83467117999993 ], [ 120.865003670000078, -1.834650819999979 ], [ 120.865008780000039, -1.834641909999959 ], [ 120.8650102900001, -1.834639269999968 ], [ 120.865012240000055, -1.834635869999943 ], [ 120.865019790000019, -1.834622709999962 ], [ 120.865029910000089, -1.834605059999944 ], [ 120.865043330000049, -1.834581679999928 ], [ 120.865052070000047, -1.834566429999938 ], [ 120.865060610000114, -1.83455153999995 ], [ 120.865062840000064, -1.834547649999934 ], [ 120.865067060000115, -1.83454028999995 ], [ 120.865079490000085, -1.834518639999942 ], [ 120.865088740000033, -1.834502509999936 ], [ 120.865097490000039, -1.83448723999993 ], [ 120.865106500000024, -1.834471539999925 ], [ 120.865115240000023, -1.834456299999943 ], [ 120.86511586000006, -1.834455209999931 ], [ 120.865119980000031, -1.834448039999927 ], [ 120.865124840000021, -1.834439559999964 ], [ 120.865133060000062, -1.834425219999957 ], [ 120.865145160000111, -1.834404129999939 ], [ 120.865151290000085, -1.834393449999936 ], [ 120.865159330000097, -1.834379429999956 ], [ 120.865162430000055, -1.834374019999927 ], [ 120.8651630600001, -1.834372919999964 ], [ 120.865164800000116, -1.834369899999956 ], [ 120.865167420000034, -1.834365329999969 ], [ 120.865169310000056, -1.834362029999966 ], [ 120.865177820000099, -1.83434718999996 ], [ 120.865183950000073, -1.834336499999949 ], [ 120.865191950000053, -1.834322549999968 ], [ 120.86519885000007, -1.834310519999974 ], [ 120.865202590000081, -1.834304019999934 ], [ 120.865203400000041, -1.834302609999952 ], [ 120.865206030000081, -1.834298009999941 ], [ 120.865215470000066, -1.834281549999957 ], [ 120.865222140000014, -1.83426991999994 ], [ 120.865230200000042, -1.834255859999928 ], [ 120.865232860000106, -1.83425122999995 ], [ 120.865236340000024, -1.834245159999966 ], [ 120.86523765000004, -1.834242889999928 ], [ 120.865239950000046, -1.834238869999979 ], [ 120.86524119, -1.834236709999971 ], [ 120.865247610000097, -1.834225519999961 ], [ 120.865255880000063, -1.83421108999994 ], [ 120.86526377000007, -1.834197339999946 ], [ 120.865267820000099, -1.834190289999981 ], [ 120.865267980000112, -1.83419 ], [ 120.865272560000108, -1.834182019999957 ], [ 120.865282730000104, -1.834164289999933 ], [ 120.865293040000097, -1.834146319999945 ], [ 120.865300710000042, -1.834132939999961 ], [ 120.865302860000043, -1.834129189999942 ], [ 120.865301500000101, -1.834119679999958 ], [ 120.865299720000053, -1.834107149999966 ], [ 120.865297480000095, -1.834091409999928 ], [ 120.865295820000028, -1.834079799999927 ], [ 120.86529479, -1.834072569999933 ], [ 120.865294420000055, -1.834069929999941 ], [ 120.865292630000113, -1.834057359999974 ], [ 120.865285950000043, -1.834010479999961 ], [ 120.865273270000102, -1.833921459999942 ], [ 120.8652624, -1.833845219999944 ], [ 120.865248030000089, -1.833744329999945 ], [ 120.865236850000088, -1.833665839999981 ], [ 120.865234480000026, -1.83364918999996 ], [ 120.865229640000052, -1.833615239999972 ], [ 120.865226830000097, -1.83359551999996 ], [ 120.865223790000073, -1.83357419999993 ], [ 120.86521571000003, -1.83351743999998 ], [ 120.865205420000052, -1.833445209999979 ], [ 120.865193890000114, -1.833364309999979 ], [ 120.865179020000028, -1.833259949999956 ], [ 120.865173830000117, -1.833223509999925 ], [ 120.865172090000101, -1.833211299999959 ], [ 120.865170720000037, -1.833201699999961 ], [ 120.865168060000087, -1.833182979999947 ], [ 120.865159970000036, -1.83312621999994 ], [ 120.865143830000079, -1.833012929999938 ], [ 120.865129690000117, -1.832913639999958 ], [ 120.865121440000053, -1.83285578999994 ], [ 120.865117480000094, -1.832828 ], [ 120.865114230000017, -1.832805159999964 ], [ 120.865112710000062, -1.832794459999946 ], [ 120.865106040000114, -1.832747689999962 ], [ 120.865103590000103, -1.832730449999929 ], [ 120.865093760000036, -1.832661489999964 ], [ 120.865086830000109, -1.832612839999967 ], [ 120.865083480000067, -1.832589279999979 ], [ 120.86508, -1.83256487999995 ], [ 120.865075980000029, -1.832536689999927 ], [ 120.865072030000078, -1.832508909999945 ], [ 120.86506105, -1.832431859999929 ], [ 120.865052750000018, -1.83237362999995 ], [ 120.865047300000015, -1.832335369999953 ], [ 120.865044460000036, -1.83231539999997 ], [ 120.86504342, -1.832308119999936 ], [ 120.865038050000067, -1.832270409999978 ], [ 120.865029360000108, -1.832209439999929 ], [ 120.865022750000094, -1.832163 ], [ 120.865019420000067, -1.832139679999955 ], [ 120.865018580000083, -1.832133739999961 ], [ 120.865016920000016, -1.832122099999935 ], [ 120.865012620000016, -1.832091919999925 ], [ 120.865008430000103, -1.832062529999973 ], [ 120.865001070000062, -1.832010889999935 ], [ 120.864993730000037, -1.831959319999953 ], [ 120.864988370000106, -1.831921729999976 ], [ 120.864985100000013, -1.831898759999945 ], [ 120.86497987000007, -1.831862039999976 ], [ 120.864973960000043, -1.831820529999959 ], [ 120.864966100000061, -1.831765429999962 ], [ 120.864963500000044, -1.831747159999964 ], [ 120.864961690000086, -1.831734449999942 ], [ 120.86495987, -1.831721639999955 ], [ 120.86495646000003, -1.831697739999925 ], [ 120.864951180000048, -1.831660689999978 ], [ 120.864944430000037, -1.831613309999966 ], [ 120.8649384900001, -1.831571599999961 ], [ 120.86493320000011, -1.831534429999977 ], [ 120.864932220000014, -1.831527549999976 ], [ 120.86492958000008, -1.831509049999966 ], [ 120.864923820000058, -1.831468599999937 ], [ 120.86491632000002, -1.831415959999958 ], [ 120.86491189000003, -1.831384899999932 ], [ 120.864909850000117, -1.831370589999949 ], [ 120.864907240000093, -1.831352249999952 ], [ 120.864905350000072, -1.831338949999974 ], [ 120.864901520000103, -1.831312089999926 ], [ 120.864896090000116, -1.831273989999943 ], [ 120.864891930000113, -1.831244799999979 ], [ 120.864887060000115, -1.831210619999979 ], [ 120.864882210000019, -1.83117655999996 ], [ 120.864880870000093, -1.831167169999958 ], [ 120.864876870000103, -1.831139049999933 ], [ 120.864871060000041, -1.831098279999935 ], [ 120.864863790000072, -1.831047239999975 ], [ 120.864858650000087, -1.83101118999997 ], [ 120.864854420000029, -1.830981469999927 ], [ 120.864852210000095, -1.830965939999942 ], [ 120.864851210000097, -1.830958949999967 ], [ 120.86484879000011, -1.83095136999998 ], [ 120.864845310000078, -1.830940469999973 ], [ 120.864840460000096, -1.830925289999925 ], [ 120.864827950000063, -1.83088609999993 ], [ 120.864815760000056, -1.83084791999994 ], [ 120.864798540000038, -1.830794009999977 ], [ 120.864781010000115, -1.830739109999968 ], [ 120.864762590000055, -1.830681439999978 ], [ 120.864748310000095, -1.830636709999965 ], [ 120.864736470000025, -1.830599609999979 ], [ 120.864726160000032, -1.830567349999967 ], [ 120.864691540000081, -1.830469339999979 ], [ 120.864476920000016, -1.829847129999962 ], [ 120.864488570000049, -1.82920852999996 ], [ 120.864505080000072, -1.82852934999994 ], [ 120.864501430000018, -1.828503699999942 ], [ 120.864501510000082, -1.828499079999972 ], [ 120.864402050000081, -1.827800919999959 ], [ 120.864401170000065, -1.827799929999969 ], [ 120.864400210000099, -1.827793219999933 ], [ 120.864398900000083, -1.827783989999944 ], [ 120.864396150000061, -1.827764679999973 ], [ 120.864392160000079, -1.827736719999962 ], [ 120.86439069000005, -1.827726379999945 ], [ 120.864390360000016, -1.82772405999998 ], [ 120.864389930000016, -1.82772104999998 ], [ 120.864388290000079, -1.827709529999936 ], [ 120.864385690000063, -1.827691259999938 ], [ 120.864382050000017, -1.827665759999945 ], [ 120.86438024000006, -1.827653059999932 ], [ 120.864379650000046, -1.827648909999937 ], [ 120.86437826000008, -1.82763910999995 ], [ 120.864375310000014, -1.827618429999973 ], [ 120.864372370000069, -1.827597799999978 ], [ 120.864369800000077, -1.827579749999927 ], [ 120.864369550000106, -1.827577949999977 ], [ 120.864368810000087, -1.827572749999945 ], [ 120.864366770000061, -1.827558459999977 ], [ 120.864364140000021, -1.827539989999934 ], [ 120.864361790000089, -1.827523539999959 ], [ 120.86436054, -1.827514699999938 ], [ 120.864359740000054, -1.827509129999953 ], [ 120.864358930000094, -1.827503399999955 ], [ 120.864356460000067, -1.827486109999938 ], [ 120.864353070000107, -1.827462279999963 ], [ 120.864349330000096, -1.827436079999927 ], [ 120.864347900000098, -1.827425969999979 ], [ 120.864347610000095, -1.827423949999968 ], [ 120.864344300000084, -1.827400739999973 ], [ 120.864340250000055, -1.827372299999979 ], [ 120.86433640000007, -1.827345249999951 ], [ 120.864335070000038, -1.827335949999963 ], [ 120.864334510000049, -1.827332 ], [ 120.86433417, -1.827329659999975 ], [ 120.86433283000008, -1.827320209999925 ], [ 120.864329920000046, -1.827299819999951 ], [ 120.864326780000056, -1.827277769999966 ], [ 120.864325120000103, -1.827266099999974 ], [ 120.864324720000013, -1.827263279999954 ], [ 120.864322780000066, -1.82724965999995 ], [ 120.864318270000012, -1.827218039999934 ], [ 120.8643164, -1.827204929999937 ], [ 120.864315960000113, -1.827201789999947 ], [ 120.864314800000102, -1.827193659999978 ], [ 120.86431253, -1.82717772999996 ], [ 120.864309160000062, -1.827154119999932 ], [ 120.864306360000114, -1.82713444999996 ], [ 120.86430590000009, -1.827131229999964 ], [ 120.86430479, -1.827123379999932 ], [ 120.864301790000013, -1.827102389999936 ], [ 120.864298780000013, -1.827081199999952 ], [ 120.864296090000039, -1.827062369999965 ], [ 120.864295670000047, -1.827059369999972 ], [ 120.864294350000023, -1.827050139999926 ], [ 120.864291730000105, -1.827031729999931 ], [ 120.864288560000091, -1.827009479999958 ], [ 120.864286600000014, -1.82699574999998 ], [ 120.864286210000046, -1.826992989999951 ], [ 120.864285320000022, -1.826986759999954 ], [ 120.86428297000009, -1.826970269999947 ], [ 120.864279080000074, -1.82694295999994 ], [ 120.864276880000034, -1.826927529999978 ], [ 120.864276290000021, -1.826923369999975 ], [ 120.864274760000058, -1.826912639999932 ], [ 120.864271780000081, -1.826891709999927 ], [ 120.864268280000033, -1.826867099999959 ], [ 120.864266480000083, -1.826854529999935 ], [ 120.864266220000104, -1.826852669999937 ], [ 120.864264960000014, -1.826843819999965 ], [ 120.864261680000027, -1.826820789999942 ], [ 120.864257900000098, -1.826794249999978 ], [ 120.864255960000037, -1.826780669999948 ], [ 120.864255470000103, -1.826777189999973 ], [ 120.864254100000039, -1.826767619999941 ], [ 120.864251880000097, -1.82675200999995 ], [ 120.864248800000041, -1.826730419999933 ], [ 120.864245660000051, -1.826708389999965 ], [ 120.864245510000046, -1.826707319999969 ], [ 120.86424412000008, -1.826697539999941 ], [ 120.864241470000024, -1.826678909999941 ], [ 120.864238080000064, -1.826655159999973 ], [ 120.864235170000029, -1.826634729999967 ], [ 120.864235020000024, -1.826633699999945 ], [ 120.864233870000021, -1.826625599999943 ], [ 120.864231410000116, -1.826608309999926 ], [ 120.864227250000113, -1.826579089999939 ], [ 120.86422497, -1.826563139999962 ], [ 120.864224650000097, -1.826560859999972 ], [ 120.864222440000049, -1.826545329999931 ], [ 120.864218030000075, -1.826514389999943 ], [ 120.864216180000085, -1.826501389999976 ], [ 120.864215450000074, -1.826496289999966 ], [ 120.864213720000066, -1.826484149999942 ], [ 120.864209110000047, -1.826451759999941 ], [ 120.864205240000047, -1.826424649999979 ], [ 120.864200180000012, -1.826389119999931 ], [ 120.864197790000048, -1.826372299999946 ], [ 120.864197230000059, -1.826368429999945 ], [ 120.864195420000101, -1.826355679999949 ], [ 120.864191220000066, -1.826326199999926 ], [ 120.864186410000116, -1.826292429999967 ], [ 120.864181440000038, -1.826257529999964 ], [ 120.864179850000028, -1.826246419999961 ], [ 120.864179350000086, -1.826242909999962 ], [ 120.86417847000007, -1.826236689999973 ], [ 120.864174310000067, -1.826207539999928 ], [ 120.864164170000095, -1.82613632999994 ], [ 120.86416255000006, -1.826124959999959 ], [ 120.864161850000073, -1.82612002999997 ], [ 120.864158450000104, -1.826096219999954 ], [ 120.864156580000099, -1.82608302999995 ], [ 120.864156310000112, -1.826081199999976 ], [ 120.864155140000094, -1.82607293999996 ], [ 120.864153030000011, -1.826058109999963 ], [ 120.864150170000016, -1.826038039999958 ], [ 120.86414901, -1.826029909999932 ], [ 120.864148590000013, -1.826027 ], [ 120.864146970000093, -1.826015619999964 ], [ 120.864144690000103, -1.82599960999994 ], [ 120.86414212000011, -1.825981559999946 ], [ 120.864140030000044, -1.825966899999969 ], [ 120.864139940000086, -1.825966259999973 ], [ 120.864138820000107, -1.825958379999975 ], [ 120.864137330000062, -1.825947919999976 ], [ 120.864133440000046, -1.825920639999936 ], [ 120.864131310000062, -1.825905659999933 ], [ 120.8641311, -1.825904229999935 ], [ 120.864130890000069, -1.825902769999971 ], [ 120.864129110000022, -1.825890269999945 ], [ 120.864126040000087, -1.825868689999936 ], [ 120.864122470000098, -1.825843619999944 ], [ 120.864122240000029, -1.825842 ], [ 120.864121540000042, -1.825837069999977 ], [ 120.864119510000023, -1.825822879999976 ], [ 120.864114530000052, -1.825787929999933 ], [ 120.864107250000075, -1.825736789999951 ], [ 120.864105950000067, -1.825734179999927 ], [ 120.864105240000072, -1.825732749999929 ], [ 120.864099580000016, -1.82572136999994 ], [ 120.864091880000046, -1.825705889999938 ], [ 120.864086800000109, -1.825695679999967 ], [ 120.864084860000048, -1.825691789999951 ], [ 120.864082160000066, -1.825686359999963 ], [ 120.864071880000097, -1.825665689999937 ], [ 120.864060970000082, -1.825643769999942 ], [ 120.864054620000047, -1.825631 ], [ 120.864054070000066, -1.825629909999975 ], [ 120.86405220000006, -1.82562613999994 ], [ 120.864048650000086, -1.825619 ], [ 120.864040940000109, -1.825603509999951 ], [ 120.864027720000081, -1.825576919999946 ], [ 120.864017890000014, -1.825557179999976 ], [ 120.86401611000008, -1.82555358999997 ], [ 120.864013360000058, -1.82554805999996 ], [ 120.864004880000039, -1.825531019999971 ], [ 120.863989830000037, -1.82550077999997 ], [ 120.863980490000017, -1.825482 ], [ 120.863979590000099, -1.825480189999951 ], [ 120.863977460000115, -1.825475909999966 ], [ 120.863974390000067, -1.82546973999996 ], [ 120.863965630000052, -1.825452129999974 ], [ 120.863952350000091, -1.825425429999939 ], [ 120.863947440000061, -1.825415579999969 ], [ 120.863945270000045, -1.825411199999962 ], [ 120.863944010000068, -1.825408679999953 ], [ 120.863941430000068, -1.825403489999928 ], [ 120.863929880000114, -1.825380279999933 ], [ 120.863916880000033, -1.825354149999953 ], [ 120.86391320000007, -1.825346749999937 ], [ 120.863911820000112, -1.825343969999949 ], [ 120.863908980000019, -1.825338269999975 ], [ 120.863899200000105, -1.825318599999946 ], [ 120.863888270000075, -1.825296639999976 ], [ 120.86388020000004, -1.825280409999948 ], [ 120.863877980000098, -1.825275949999934 ], [ 120.863876130000108, -1.825272229999939 ], [ 120.86387357000001, -1.825267099999962 ], [ 120.863864700000022, -1.825249259999964 ], [ 120.863853610000092, -1.825226959999952 ], [ 120.863847760000112, -1.825215219999961 ], [ 120.863845670000046, -1.825211009999975 ], [ 120.863842150000096, -1.825203919999979 ], [ 120.863835490000042, -1.825190549999945 ], [ 120.863824370000088, -1.825168189999943 ], [ 120.863814970000021, -1.825149309999972 ], [ 120.863813620000087, -1.825146589999974 ], [ 120.8638118, -1.825142919999962 ], [ 120.863810810000018, -1.825140929999975 ], [ 120.863802640000017, -1.825124529999925 ], [ 120.863790270000095, -1.825099659999978 ], [ 120.863776700000017, -1.82507236999993 ], [ 120.863775710000027, -1.825070379999943 ], [ 120.863774830000011, -1.82506860999996 ], [ 120.863766040000087, -1.825050949999934 ], [ 120.863758130000065, -1.825035059999948 ], [ 120.863745870000116, -1.825010419999956 ], [ 120.863741470000036, -1.825001559999976 ], [ 120.863740390000089, -1.824999389999959 ], [ 120.86373629000002, -1.824991159999968 ], [ 120.863729240000112, -1.824976979999974 ], [ 120.863717040000097, -1.824952459999963 ], [ 120.86370403, -1.824926309999967 ], [ 120.863702020000119, -1.824922269999945 ], [ 120.863698210000052, -1.824914619999959 ], [ 120.863690480000059, -1.824899069999958 ], [ 120.863677080000116, -1.824872139999968 ], [ 120.863668550000057, -1.824855 ], [ 120.863667610000107, -1.824853099999928 ], [ 120.86366548, -1.824848819999943 ], [ 120.863659310000116, -1.82483641999994 ], [ 120.863651770000047, -1.824821269999973 ], [ 120.863639600000056, -1.824796799999945 ], [ 120.863632430000052, -1.824782399999947 ], [ 120.863631380000015, -1.824780269999962 ], [ 120.86363067000002, -1.824778849999973 ], [ 120.863626600000089, -1.824770679999972 ], [ 120.863620690000062, -1.824758789999976 ], [ 120.86360860000002, -1.824734489999969 ], [ 120.863605340000049, -1.824727939999946 ], [ 120.863598350000075, -1.824713899999949 ], [ 120.863597360000085, -1.824711909999962 ], [ 120.863596520000101, -1.82471019999997 ], [ 120.863592250000011, -1.824701619999928 ], [ 120.863584590000073, -1.824686239999949 ], [ 120.863575180000112, -1.824667329999954 ], [ 120.863562930000057, -1.824642689999962 ], [ 120.863561300000015, -1.824639419999926 ], [ 120.863559230000078, -1.82463525999998 ], [ 120.863553540000112, -1.82462382999995 ], [ 120.863544440000055, -1.824605529999928 ], [ 120.863533800000027, -1.824584149999964 ], [ 120.863530710000077, -1.824577919999967 ], [ 120.863527, -1.824570489999928 ], [ 120.86352209000006, -1.824560599999927 ], [ 120.863507190000064, -1.824530649999929 ], [ 120.863499360000105, -1.824514919999956 ], [ 120.863498170000071, -1.824512529999936 ], [ 120.863490830000046, -1.824497779999945 ], [ 120.863483940000037, -1.824483929999928 ], [ 120.863481790000037, -1.824479599999961 ], [ 120.863478090000058, -1.824472169999979 ], [ 120.863468420000117, -1.824452729999962 ], [ 120.8634529200001, -1.824421579999978 ], [ 120.863447280000059, -1.824410239999963 ], [ 120.863445870000078, -1.824407389999976 ], [ 120.863444930000014, -1.824405509999963 ], [ 120.863442150000083, -1.824399909999954 ], [ 120.8634347200001, -1.824385 ], [ 120.863424200000054, -1.824363839999933 ], [ 120.86341858000003, -1.824352549999958 ], [ 120.863414300000045, -1.824343939999949 ], [ 120.863411190000079, -1.824337689999936 ], [ 120.863402840000049, -1.824320919999934 ], [ 120.863385710000102, -1.824286469999947 ], [ 120.863381660000073, -1.82427832999997 ], [ 120.863373050000064, -1.824261029999946 ], [ 120.863362850000044, -1.82424052999994 ], [ 120.863349040000116, -1.824212769999974 ], [ 120.863339520000068, -1.824193639999976 ], [ 120.863336790000062, -1.824188139999933 ], [ 120.863335580000012, -1.824185719999946 ], [ 120.863328230000093, -1.824170939999931 ], [ 120.863317340000094, -1.824149059999968 ], [ 120.863303430000087, -1.824121089999949 ], [ 120.86329808000005, -1.824110339999947 ], [ 120.863291130000107, -1.824096379999958 ], [ 120.863284960000101, -1.824083959999939 ], [ 120.863263, -1.824039829999947 ], [ 120.863256800000045, -1.824027359999945 ], [ 120.863254660000052, -1.824023049999937 ], [ 120.863249660000065, -1.824013009999931 ], [ 120.863240630000064, -1.823994869999979 ], [ 120.863218560000064, -1.823950499999967 ], [ 120.863207030000012, -1.823927329999947 ], [ 120.863205700000094, -1.823924659999932 ], [ 120.86320029, -1.823913769999933 ], [ 120.863193010000032, -1.82389913999998 ], [ 120.863178680000033, -1.823870329999977 ], [ 120.863164380000057, -1.823841589999972 ], [ 120.863158120000094, -1.823829019999948 ], [ 120.86315675000003, -1.823826249999968 ], [ 120.863144470000066, -1.823801579999952 ], [ 120.863121760000013, -1.82375591999994 ], [ 120.863113460000022, -1.82373924999996 ], [ 120.863111060000051, -1.823734429999945 ], [ 120.863099760000068, -1.823711719999949 ], [ 120.863087170000085, -1.823686409999937 ], [ 120.863071320000017, -1.82365453999995 ], [ 120.863065150000011, -1.823642149999955 ], [ 120.863063880000027, -1.823639599999979 ], [ 120.86306108000008, -1.823633959999938 ], [ 120.863052230000108, -1.82361616999998 ], [ 120.863044460000083, -1.823600559999932 ], [ 120.863041820000035, -1.823595239999975 ], [ 120.863035100000047, -1.823581739999952 ], [ 120.863032140000087, -1.823578429999941 ], [ 120.862996980000048, -1.823539059999973 ], [ 120.86292117000005, -1.823454169999934 ], [ 120.862879980000116, -1.823408059999963 ], [ 120.862865570000054, -1.823391909999941 ], [ 120.862772870000072, -1.823288109999964 ], [ 120.862769100000037, -1.823283889999971 ], [ 120.862732480000091, -1.82324288999996 ], [ 120.862687510000114, -1.82319253999998 ], [ 120.862681440000074, -1.823185739999929 ], [ 120.862665090000064, -1.823157659999936 ], [ 120.8626592600001, -1.823147659999961 ], [ 120.86254370000006, -1.822949279999932 ], [ 120.862323680000031, -1.82257156999998 ], [ 120.86220620000006, -1.822369909999964 ], [ 120.862199230000101, -1.822357949999969 ], [ 120.862189560000047, -1.82234133999998 ], [ 120.862175230000048, -1.822316739999962 ], [ 120.862171250000074, -1.822300249999955 ], [ 120.8621434800001, -1.822185189999971 ], [ 120.862121190000039, -1.822092829999974 ], [ 120.86211886000001, -1.822083169999928 ], [ 120.862114940000083, -1.822066939999957 ], [ 120.862104320000071, -1.82202290999993 ], [ 120.862083020000114, -1.821934649999946 ], [ 120.862076990000105, -1.821909649999952 ], [ 120.862075160000018, -1.821902069999965 ], [ 120.862071900000046, -1.821888569999942 ], [ 120.862064800000098, -1.821859159999974 ], [ 120.862049410000054, -1.821795399999928 ], [ 120.862039130000085, -1.82175277999994 ], [ 120.862038110000071, -1.821748579999962 ], [ 120.86203230000001, -1.821724499999959 ], [ 120.862031340000044, -1.821720519999928 ], [ 120.862024720000022, -1.821693059999973 ], [ 120.862018230000103, -1.821666169999958 ], [ 120.862017270000024, -1.821662199999935 ], [ 120.862013360000105, -1.821646029999954 ], [ 120.86200335, -1.821604529999945 ], [ 120.862002830000051, -1.821602399999961 ], [ 120.862002370000027, -1.821600449999949 ], [ 120.861998480000011, -1.821584349999966 ], [ 120.86199423000005, -1.821566749999931 ], [ 120.861993270000085, -1.821562769999957 ], [ 120.861988520000068, -1.821543079999969 ], [ 120.861985270000105, -1.821529599999963 ], [ 120.86198502000002, -1.821528579999949 ], [ 120.861984050000046, -1.821524559999943 ], [ 120.861980540000104, -1.821510019999948 ], [ 120.861976540000114, -1.821493449999934 ], [ 120.861976350000077, -1.821492649999925 ], [ 120.861972800000103, -1.821477929999958 ], [ 120.861969050000084, -1.821462399999973 ], [ 120.861968140000045, -1.821458639999946 ], [ 120.861967640000103, -1.82145657999996 ], [ 120.861967070000105, -1.821454209999956 ], [ 120.861964860000057, -1.821445069999925 ], [ 120.861961, -1.821429049999949 ], [ 120.861959790000014, -1.821424039999954 ], [ 120.861959410000054, -1.821422469999959 ], [ 120.861958400000049, -1.821418299999948 ], [ 120.861956410000062, -1.821410039999932 ], [ 120.861952860000088, -1.821395349999932 ], [ 120.861950930000035, -1.821387349999952 ], [ 120.861950510000042, -1.821385569999961 ], [ 120.861950240000056, -1.821384479999949 ], [ 120.86194923000005, -1.821380289999979 ], [ 120.861947140000098, -1.821371629999931 ], [ 120.861944050000034, -1.821358809999936 ], [ 120.861942060000047, -1.821350579999944 ], [ 120.861941770000044, -1.821349379999958 ], [ 120.861941120000097, -1.821346669999969 ], [ 120.861939420000112, -1.821339629999954 ], [ 120.861935910000057, -1.821325109999975 ], [ 120.861934410000117, -1.821318869999971 ], [ 120.861933950000093, -1.821316959999933 ], [ 120.861933770000064, -1.821316209999964 ], [ 120.861932380000098, -1.821310439999934 ], [ 120.861930010000037, -1.821300649999955 ], [ 120.861927, -1.821288189999962 ], [ 120.861926070000095, -1.821284299999945 ], [ 120.861925890000066, -1.821283559999927 ], [ 120.861925280000037, -1.821281039999974 ], [ 120.861923680000018, -1.82127442999996 ], [ 120.861921170000073, -1.821264029999952 ], [ 120.861918600000081, -1.821253359999957 ], [ 120.861917890000086, -1.82125039999994 ], [ 120.861917120000044, -1.821247239999934 ], [ 120.861915550000049, -1.821240749999959 ], [ 120.861913420000064, -1.821231909999938 ], [ 120.861910320000106, -1.821219069999927 ], [ 120.861909410000067, -1.821215279999933 ], [ 120.86190922000003, -1.821214509999947 ], [ 120.861908700000072, -1.82121232999998 ], [ 120.861907460000111, -1.821207209999955 ], [ 120.86190489, -1.821196569999927 ], [ 120.861901970000076, -1.821184469999935 ], [ 120.86190117000001, -1.821181149999973 ], [ 120.861900770000034, -1.821179479999955 ], [ 120.861900320000018, -1.821177599999942 ], [ 120.861898220000057, -1.821168929999942 ], [ 120.861896390000084, -1.821161329999939 ], [ 120.861893620000046, -1.821149869999942 ], [ 120.861892930000067, -1.82114697999998 ], [ 120.861892540000099, -1.821145369999954 ], [ 120.861891260000107, -1.821140059999948 ], [ 120.861889350000069, -1.821132149999926 ], [ 120.86188621000008, -1.821119169999974 ], [ 120.861885050000069, -1.821114349999959 ], [ 120.861884860000032, -1.821113539999942 ], [ 120.861884480000072, -1.821111989999963 ], [ 120.861882850000029, -1.821105219999936 ], [ 120.861880860000042, -1.821096979999936 ], [ 120.861877310000068, -1.821082279999928 ], [ 120.861876410000036, -1.821078549999925 ], [ 120.861876200000097, -1.821077659999958 ], [ 120.8618760600001, -1.821077079999952 ], [ 120.861874810000018, -1.821071899999936 ], [ 120.861872610000091, -1.821062779999977 ], [ 120.861869190000107, -1.821048639999958 ], [ 120.861868280000067, -1.821044839999956 ], [ 120.861868030000096, -1.821043799999927 ], [ 120.86186753000004, -1.821041719999926 ], [ 120.861867190000112, -1.821040309999944 ], [ 120.861866140000075, -1.821035969999969 ], [ 120.861864380000043, -1.821028679999927 ], [ 120.86186233, -1.821020199999964 ], [ 120.861860830000069, -1.821013959999959 ], [ 120.861860430000092, -1.82101229999995 ], [ 120.861860070000034, -1.821010839999929 ], [ 120.861859930000037, -1.82101025999998 ], [ 120.861858670000061, -1.821005029999981 ], [ 120.861857840000084, -1.821001569999964 ], [ 120.86185609000006, -1.820994349999978 ], [ 120.86185459, -1.820988119999924 ], [ 120.861853040000028, -1.820981709999955 ], [ 120.861852240000076, -1.82097835999997 ], [ 120.861851980000097, -1.820977309999932 ], [ 120.861851680000086, -1.820976039999948 ], [ 120.86185123000007, -1.820974209999974 ], [ 120.861850160000017, -1.820969759999969 ], [ 120.861848950000081, -1.820964719999949 ], [ 120.861847600000033, -1.820959159999973 ], [ 120.861846830000104, -1.820955939999976 ], [ 120.861846040000046, -1.820952689999956 ], [ 120.861845750000043, -1.820951469999954 ], [ 120.86184521000007, -1.82094922999994 ], [ 120.861845180000046, -1.820949129999974 ], [ 120.861844800000085, -1.820947539999963 ], [ 120.861844360000077, -1.820945699999925 ], [ 120.861843580000027, -1.820942499999944 ], [ 120.861842630000069, -1.820938549999937 ], [ 120.861841620000064, -1.820934369999975 ], [ 120.861840450000045, -1.820929519999936 ], [ 120.861839660000101, -1.820926239999949 ], [ 120.861839380000106, -1.82092506999993 ], [ 120.86183931000005, -1.820924779999928 ], [ 120.861839170000053, -1.82092420999993 ], [ 120.861838980000016, -1.820923409999978 ], [ 120.861837710000032, -1.820918159999962 ], [ 120.861837470000069, -1.820917159999965 ], [ 120.861837190000074, -1.820916 ], [ 120.861835480000082, -1.820908929999973 ], [ 120.861833760000081, -1.820901779999929 ], [ 120.861833010000055, -1.820898679999971 ], [ 120.861832790000108, -1.820897779999939 ], [ 120.861831620000089, -1.820892899999933 ], [ 120.86183015000006, -1.820886819999942 ], [ 120.861829310000076, -1.820883339999966 ], [ 120.861828570000057, -1.820880259999967 ], [ 120.861315650000051, -1.818754939999963 ], [ 120.861302, -1.818720219999932 ], [ 120.861299700000018, -1.81871437999996 ], [ 120.861297780000086, -1.818709489999947 ], [ 120.861295940000105, -1.818704819999937 ], [ 120.861293530000012, -1.818698679999954 ], [ 120.861290870000062, -1.818691929999943 ], [ 120.861236930000018, -1.818554769999935 ], [ 120.86117997000008, -1.818409919999965 ], [ 120.861081950000084, -1.818160679999949 ], [ 120.860943500000076, -1.817808619999937 ], [ 120.860918230000038, -1.817744379999965 ], [ 120.860901090000084, -1.817700789999947 ], [ 120.860621010000045, -1.816988599999945 ], [ 120.860442830000011, -1.816487139999936 ], [ 120.860442820000117, -1.816487089999953 ], [ 120.860273370000073, -1.816010189999929 ], [ 120.859784660000059, -1.814831519999927 ], [ 120.859783230000062, -1.814828059999968 ], [ 120.85978173, -1.814824459999954 ], [ 120.859781140000109, -1.814823029999957 ], [ 120.859780350000051, -1.814821129999928 ], [ 120.859779220000064, -1.814818379999963 ], [ 120.85977886, -1.814817539999979 ], [ 120.859778630000051, -1.814816969999924 ], [ 120.859778060000053, -1.814815599999974 ], [ 120.859777080000072, -1.81481322999997 ], [ 120.85977648000005, -1.814811799999973 ], [ 120.859776410000109, -1.814811609999936 ], [ 120.859776090000082, -1.81481083999995 ], [ 120.859775650000074, -1.814809779999962 ], [ 120.859774700000116, -1.814807499999972 ], [ 120.859773720000021, -1.81480511999996 ], [ 120.859772900000053, -1.81480315999994 ], [ 120.859772250000105, -1.814801599999953 ], [ 120.859772070000076, -1.814801149999937 ], [ 120.859771880000039, -1.81480068999997 ], [ 120.85977141, -1.814799559999926 ], [ 120.859769940000092, -1.814796029999968 ], [ 120.859767550000015, -1.814790259999938 ], [ 120.85976388000006, -1.814781399999958 ], [ 120.859762300000057, -1.814777589999949 ], [ 120.859761830000025, -1.814776449999954 ], [ 120.859761350000099, -1.814775289999943 ], [ 120.859759780000104, -1.814771519999965 ], [ 120.859757210000112, -1.814765299999976 ], [ 120.859753200000114, -1.81475563999993 ], [ 120.859751090000032, -1.814750539999977 ], [ 120.859750640000016, -1.814749459999973 ], [ 120.8597500300001, -1.814748 ], [ 120.859747920000018, -1.81474290999995 ], [ 120.859745650000036, -1.814737439999931 ], [ 120.859743460000118, -1.814732149999941 ], [ 120.859742680000068, -1.814730269999927 ], [ 120.859742020000112, -1.814728669999965 ], [ 120.859739990000094, -1.81472378999996 ], [ 120.859733140000117, -1.814707269999928 ], [ 120.859725680000111, -1.814689259999966 ], [ 120.859723790000089, -1.81468469999993 ], [ 120.859720540000012, -1.814676859999963 ], [ 120.859707030000095, -1.814644289999933 ], [ 120.859680430000026, -1.814580139999975 ], [ 120.85966923, -1.814553119999971 ], [ 120.85966464, -1.814542049999943 ], [ 120.859659160000092, -1.81452883999998 ], [ 120.859632350000084, -1.814464169999951 ], [ 120.859615690000055, -1.814423989999966 ], [ 120.85960802000011, -1.814405509999972 ], [ 120.859593430000018, -1.814370309999958 ], [ 120.859514980000085, -1.814181089999977 ], [ 120.859458910000058, -1.814045859999965 ], [ 120.859453010000038, -1.814031639999939 ], [ 120.859340510000038, -1.813760309999964 ], [ 120.859097160000033, -1.813173409999933 ], [ 120.859003230000098, -1.812946849999946 ], [ 120.858992090000015, -1.812919989999955 ], [ 120.858974470000021, -1.812877499999956 ], [ 120.858964670000091, -1.812853859999962 ], [ 120.858964130000118, -1.812852929999963 ], [ 120.858961550000117, -1.812848489999965 ], [ 120.85896, -1.812845809999942 ], [ 120.858957510000096, -1.812841519999949 ], [ 120.858950980000031, -1.812830269999949 ], [ 120.858937560000072, -1.812807139999961 ], [ 120.858925840000097, -1.812786949999975 ], [ 120.858923790000063, -1.81278341999996 ], [ 120.858922270000107, -1.812780799999928 ], [ 120.858914600000048, -1.812767589999964 ], [ 120.858904420000044, -1.812750049999977 ], [ 120.85889219, -1.812728979999974 ], [ 120.858883750000018, -1.812714439999979 ], [ 120.8588824200001, -1.812712139999974 ], [ 120.858879090000073, -1.812706399999968 ], [ 120.858877760000041, -1.812704099999962 ], [ 120.85886658000004, -1.812684849999926 ], [ 120.858854460000089, -1.812663949999944 ], [ 120.858846990000075, -1.812651079999966 ], [ 120.858846020000101, -1.812649419999957 ], [ 120.858844140000087, -1.812646179999945 ], [ 120.8588408600001, -1.812640529999953 ], [ 120.85882842, -1.812619089999941 ], [ 120.858816060000095, -1.812597789999927 ], [ 120.858806500000014, -1.812581319999936 ], [ 120.858804710000072, -1.812578229999929 ], [ 120.858795730000111, -1.812562769999943 ], [ 120.858780040000056, -1.81253573999993 ], [ 120.858765340000105, -1.812510399999951 ], [ 120.858763980000049, -1.812508049999963 ], [ 120.858760170000096, -1.81250147999998 ], [ 120.858751340000026, -1.812486269999965 ], [ 120.85873211, -1.812453139999946 ], [ 120.858722790000115, -1.812437089999946 ], [ 120.858721490000107, -1.812434829999972 ], [ 120.858717470000101, -1.812427919999948 ], [ 120.858714150000083, -1.812422199999958 ], [ 120.85870503000001, -1.812406479999936 ], [ 120.858689180000056, -1.812379169999929 ], [ 120.858681530000013, -1.812365979999925 ], [ 120.858679460000076, -1.812362419999943 ], [ 120.85867539000003, -1.812355409999952 ], [ 120.858661440000105, -1.812331369999924 ], [ 120.85864894000008, -1.812309819999939 ], [ 120.858646220000082, -1.812305139999978 ], [ 120.85864068, -1.81229559999997 ], [ 120.858626280000067, -1.812270789999957 ], [ 120.858615540000073, -1.812252279999939 ], [ 120.858613520000063, -1.812248789999956 ], [ 120.858605920000059, -1.812235699999974 ], [ 120.858592360000102, -1.812212349999925 ], [ 120.858582970000043, -1.812196159999928 ], [ 120.85857972000008, -1.812190549999968 ], [ 120.858574610000119, -1.81218175999993 ], [ 120.858568240000068, -1.812170779999974 ], [ 120.858552640000084, -1.812143899999967 ], [ 120.858543600000075, -1.81212832999995 ], [ 120.858540560000051, -1.812123079999935 ], [ 120.85853781000003, -1.812118349999935 ], [ 120.858518840000102, -1.81208565999998 ], [ 120.8585089500001, -1.812068619999934 ], [ 120.85850611, -1.812063719999969 ], [ 120.858501430000047, -1.812055659999942 ], [ 120.858485170000108, -1.81202763999994 ], [ 120.858476700000097, -1.812013039999954 ], [ 120.858474940000065, -1.812010019999946 ], [ 120.858470430000011, -1.81200223999997 ], [ 120.858449730000075, -1.811966579999932 ], [ 120.858438380000052, -1.811947009999926 ], [ 120.858436560000087, -1.811943889999952 ], [ 120.85843310000007, -1.811937919999934 ], [ 120.858425290000014, -1.811924479999959 ], [ 120.858407710000051, -1.81189416999996 ], [ 120.858397170000103, -1.811876009999935 ], [ 120.858394270000076, -1.811871019999955 ], [ 120.858392460000118, -1.811867889999974 ], [ 120.858374920000074, -1.811837669999932 ], [ 120.858358780000117, -1.811809859999926 ], [ 120.858356720000074, -1.811806309999952 ], [ 120.858354990000066, -1.811803339999926 ], [ 120.858351600000105, -1.811797479999939 ], [ 120.858343200000036, -1.811783009999942 ], [ 120.858329400000116, -1.811759239999958 ], [ 120.858319900000083, -1.811742869999932 ], [ 120.85831716000007, -1.811738139999932 ], [ 120.858315630000106, -1.811735509999949 ], [ 120.858313880000082, -1.81173248999994 ], [ 120.858304520000047, -1.811716359999934 ], [ 120.858291840000106, -1.811694509999938 ], [ 120.858277760000078, -1.811670259999971 ], [ 120.858275740000067, -1.811666779999939 ], [ 120.858273510000117, -1.811662939999962 ], [ 120.858268140000064, -1.811653679999949 ], [ 120.858258940000042, -1.811637829999938 ], [ 120.85824682000009, -1.811616939999965 ], [ 120.858238780000079, -1.811603089999949 ], [ 120.85823726000001, -1.811600479999925 ], [ 120.85822751, -1.811583679999956 ], [ 120.85821605000001, -1.811563919999969 ], [ 120.858203530000083, -1.811542359999976 ], [ 120.858200970000098, -1.811537939999937 ], [ 120.858200150000016, -1.811536529999955 ], [ 120.858197010000026, -1.811531119999927 ], [ 120.858185220000109, -1.811510809999959 ], [ 120.858170520000044, -1.81148546999998 ], [ 120.858163510000054, -1.811473389999946 ], [ 120.858160090000069, -1.811467509999943 ], [ 120.858150980000119, -1.811451809999937 ], [ 120.858136720000061, -1.811427229999936 ], [ 120.858128040000111, -1.811412289999964 ], [ 120.85812648000001, -1.811409589999926 ], [ 120.8581249, -1.811406859999977 ], [ 120.85812197000007, -1.811401819999958 ], [ 120.85811243, -1.811385379999933 ], [ 120.858096190000083, -1.811357389999955 ], [ 120.858087530000034, -1.811342469999943 ], [ 120.85808621000001, -1.811340199999961 ], [ 120.858084740000095, -1.811337679999951 ], [ 120.8580818800001, -1.811332739999955 ], [ 120.858073250000075, -1.811317869999925 ], [ 120.858056840000017, -1.811289589999944 ], [ 120.858049530000017, -1.811277 ], [ 120.858048080000117, -1.811274509999976 ], [ 120.858043830000042, -1.811267179999959 ], [ 120.858033120000073, -1.81124871999998 ], [ 120.858019150000018, -1.811224659999937 ], [ 120.858013970000115, -1.81121571999995 ], [ 120.858012330000065, -1.811212909999938 ], [ 120.858011330000068, -1.81121117999993 ], [ 120.858005240000011, -1.811200679999956 ], [ 120.857995230000029, -1.811183429999971 ], [ 120.857981530000075, -1.811159829999951 ], [ 120.85797690000004, -1.811151849999931 ], [ 120.857975060000058, -1.811148689999925 ], [ 120.857973740000034, -1.811146409999935 ], [ 120.857965690000015, -1.81113253999996 ], [ 120.857956870000066, -1.811117339999953 ], [ 120.85794288000011, -1.811093229999926 ], [ 120.85793745, -1.811083879999956 ], [ 120.857936290000112, -1.811081879999961 ], [ 120.85793243, -1.811075229999972 ], [ 120.857925920000071, -1.811064009999939 ], [ 120.857916920000093, -1.81104849999997 ], [ 120.85790613000006, -1.811029899999937 ], [ 120.857902460000105, -1.811023589999934 ], [ 120.857900670000049, -1.811020509999935 ], [ 120.857897820000062, -1.811015589999954 ], [ 120.857896080000046, -1.811012589999962 ], [ 120.857886980000103, -1.810996909999972 ], [ 120.857872910000083, -1.810972659999948 ], [ 120.857861060000118, -1.810952239999949 ], [ 120.857859880000092, -1.810950219999938 ], [ 120.857858800000031, -1.810948349999933 ], [ 120.85785447, -1.810940889999927 ], [ 120.857844680000085, -1.810924029999967 ], [ 120.857829960000117, -1.810898669999972 ], [ 120.857823430000053, -1.810887409999964 ], [ 120.857821820000026, -1.810884639999927 ], [ 120.857818910000105, -1.81087961999998 ], [ 120.857813150000084, -1.810869699999955 ], [ 120.857801310000013, -1.810849299999973 ], [ 120.857790590000036, -1.810830829999929 ], [ 120.857788460000052, -1.810827149999966 ], [ 120.85778667000011, -1.810824059999959 ], [ 120.85778511, -1.810821369999928 ], [ 120.857781390000014, -1.810814969999967 ], [ 120.857770960000039, -1.810797 ], [ 120.857757030000016, -1.810773 ], [ 120.857748560000118, -1.810758409999949 ], [ 120.857746580000025, -1.810755 ], [ 120.857745630000068, -1.81075334999997 ], [ 120.857741580000038, -1.810746369999947 ], [ 120.857732050000095, -1.810729949999939 ], [ 120.857716900000014, -1.810703849999925 ], [ 120.857708100000082, -1.810688689999949 ], [ 120.85770634000005, -1.810685649999925 ], [ 120.857701820000102, -1.810677859999942 ], [ 120.857699290000028, -1.810673509999958 ], [ 120.857688260000032, -1.810654499999941 ], [ 120.857676560000073, -1.810634339999979 ], [ 120.857667930000048, -1.810619469999949 ], [ 120.857666240000071, -1.810616559999971 ], [ 120.857657830000107, -1.810602059999951 ], [ 120.857642, -1.810574799999927 ], [ 120.857633920000012, -1.810560869999961 ], [ 120.857631840000067, -1.810557279999955 ], [ 120.857628290000093, -1.810551159999932 ], [ 120.857619390000082, -1.810535829999935 ], [ 120.857600860000048, -1.810503899999958 ], [ 120.85759366000002, -1.810491489999947 ], [ 120.857591170000092, -1.810487199999955 ], [ 120.857589970000049, -1.810485129999961 ], [ 120.857586260000062, -1.810478749999959 ], [ 120.857576000000108, -1.810461069999974 ], [ 120.85756501000003, -1.810442129999956 ], [ 120.857557720000045, -1.81042956999994 ], [ 120.857556910000085, -1.810428169999966 ], [ 120.857553980000034, -1.810423129999947 ], [ 120.857545930000015, -1.810409249999964 ], [ 120.857539380000048, -1.81039796999994 ], [ 120.857528190000039, -1.810378679999928 ], [ 120.85752401000002, -1.810371489999966 ], [ 120.857522500000073, -1.81036888999995 ], [ 120.857518910000067, -1.810362699999928 ], [ 120.857515470000067, -1.810356769999942 ], [ 120.857506900000089, -1.810342 ], [ 120.857494750000114, -1.810321059999978 ], [ 120.857488610000019, -1.810310479999941 ], [ 120.857485430000111, -1.810305 ], [ 120.857484340000042, -1.810303129999966 ], [ 120.857480910000049, -1.810297219999939 ], [ 120.857474340000067, -1.81028589999994 ], [ 120.857457990000057, -1.810257719999925 ], [ 120.857452110000054, -1.81024758999996 ], [ 120.857451150000088, -1.810245939999959 ], [ 120.857448580000096, -1.810241509999969 ], [ 120.857442170000013, -1.810230469999965 ], [ 120.857433620000052, -1.810215729999925 ], [ 120.857422540000016, -1.81019662999995 ], [ 120.857415660000015, -1.810184779999929 ], [ 120.857412880000084, -1.810179989999938 ], [ 120.857410290000075, -1.810175539999932 ], [ 120.857397100000071, -1.810152809999977 ], [ 120.857386680000104, -1.810134859999948 ], [ 120.857383360000085, -1.810129139999958 ], [ 120.85737714000004, -1.810118419999981 ], [ 120.857363220000025, -1.810094419999928 ], [ 120.85734578000006, -1.810064379999972 ], [ 120.857327400000031, -1.810032699999965 ], [ 120.857316790000027, -1.810014419999959 ], [ 120.857313800000043, -1.810009279999974 ], [ 120.857310910000024, -1.810004299999946 ], [ 120.857296250000104, -1.809979029999965 ], [ 120.85727957000006, -1.809950299999969 ], [ 120.857259410000097, -1.809915559999979 ], [ 120.857248800000093, -1.809897269999965 ], [ 120.857245530000114, -1.809891639999933 ], [ 120.8572427900001, -1.809886929999948 ], [ 120.857239080000113, -1.80988052999993 ], [ 120.857228380000038, -1.809862089999967 ], [ 120.857207380000091, -1.809825909999972 ], [ 120.857190050000099, -1.809796049999932 ], [ 120.857180350000021, -1.809779339999977 ], [ 120.8571778700001, -1.809775049999928 ], [ 120.857170450000012, -1.809762279999973 ], [ 120.857155750000061, -1.809736939999937 ], [ 120.857142920000115, -1.80971483999997 ], [ 120.857136530000048, -1.809703829999933 ], [ 120.857128060000036, -1.809689229999947 ], [ 120.85712632000002, -1.809686229999954 ], [ 120.857118750000041, -1.809673189999955 ], [ 120.857108860000039, -1.809656149999967 ], [ 120.857092990000069, -1.809628799999928 ], [ 120.85708417, -1.809613599999977 ], [ 120.857082300000116, -1.809610379999924 ], [ 120.857076980000102, -1.809601219999934 ], [ 120.857056680000028, -1.809566239999924 ], [ 120.857048740000096, -1.809552559999929 ], [ 120.85703315, -1.809525699999938 ], [ 120.857024660000093, -1.809511059999977 ], [ 120.857019060000084, -1.809501419999947 ], [ 120.857013470000084, -1.809491779999973 ], [ 120.856998570000087, -1.809466099999952 ], [ 120.856991870000115, -1.809454559999949 ], [ 120.856981030000043, -1.809435879999967 ], [ 120.856965040000091, -1.809408339999948 ], [ 120.856957470000111, -1.809395289999941 ], [ 120.856954270000074, -1.809389769999939 ], [ 120.856948710000097, -1.809380199999964 ], [ 120.856942680000088, -1.809369799999956 ], [ 120.856932970000116, -1.809353069999929 ], [ 120.856925150000052, -1.80933959999993 ], [ 120.856920470000091, -1.809331529999952 ], [ 120.856919630000107, -1.809330079999938 ], [ 120.85691638000003, -1.80932447999993 ], [ 120.856910810000045, -1.809314879999931 ], [ 120.85689552000008, -1.809288539999955 ], [ 120.856882460000065, -1.809266039999955 ], [ 120.856868300000087, -1.809241649999933 ], [ 120.856855870000118, -1.809220219999929 ], [ 120.856845870000029, -1.809203 ], [ 120.856839570000034, -1.809192129999929 ], [ 120.856825980000053, -1.809168719999946 ], [ 120.856803290000016, -1.809129629999973 ], [ 120.856787040000086, -1.809101619999979 ], [ 120.856782260000045, -1.80909338999993 ], [ 120.856777060000013, -1.809084419999976 ], [ 120.856765000000109, -1.809063649999928 ], [ 120.856751480000071, -1.809040349999975 ], [ 120.856721550000088, -1.808988769999928 ], [ 120.856711750000045, -1.80897189999996 ], [ 120.85670524000011, -1.808960669999976 ], [ 120.85670253, -1.808956 ], [ 120.856697040000086, -1.808946539999965 ], [ 120.856689760000108, -1.808934 ], [ 120.856681250000065, -1.808919329999981 ], [ 120.856664300000034, -1.808890129999952 ], [ 120.856649020000077, -1.808863809999934 ], [ 120.85664392000001, -1.808855009999945 ], [ 120.856640740000103, -1.808849529999975 ], [ 120.85663347000002, -1.808837 ], [ 120.856631350000043, -1.808833359999937 ], [ 120.856622350000066, -1.808817839999961 ], [ 120.856605970000032, -1.808789629999978 ], [ 120.856579990000114, -1.808744849999925 ], [ 120.856569150000041, -1.808726179999951 ], [ 120.856565520000117, -1.808719929999938 ], [ 120.856561690000035, -1.808713329999932 ], [ 120.856549250000057, -1.808691879999969 ], [ 120.856535050000048, -1.808667409999941 ], [ 120.856519580000054, -1.808640749999938 ], [ 120.856513770000106, -1.808630749999963 ], [ 120.856506320000108, -1.808617909999953 ], [ 120.856494710000106, -1.808597909999946 ], [ 120.856470250000029, -1.808555759999933 ], [ 120.856449160000011, -1.808519419999925 ], [ 120.856409130000088, -1.808450449999953 ], [ 120.856393300000036, -1.808423159999961 ], [ 120.856391150000036, -1.808419449999974 ], [ 120.856380150000064, -1.808400499999948 ], [ 120.856377370000018, -1.808395719999965 ], [ 120.856368610000118, -1.80838061999998 ], [ 120.856363400000077, -1.80837164999997 ], [ 120.856359800000064, -1.808365459999948 ], [ 120.856355710000116, -1.808358399999975 ], [ 120.85635410000009, -1.808355629999937 ], [ 120.856353750000039, -1.808355019999965 ], [ 120.856352730000026, -1.80834890999995 ], [ 120.856350980000116, -1.808338349999929 ], [ 120.856348870000033, -1.808325629999956 ], [ 120.856345360000091, -1.808304509999971 ], [ 120.856344630000081, -1.808300129999964 ], [ 120.856344090000107, -1.808296889999951 ], [ 120.856341950000115, -1.808283979999942 ], [ 120.856341390000011, -1.808280639999964 ], [ 120.856338750000077, -1.808264749999978 ], [ 120.856334880000077, -1.808241439999961 ], [ 120.856332970000039, -1.808229929999925 ], [ 120.856332550000047, -1.808227389999956 ], [ 120.856332260000045, -1.808225639999932 ], [ 120.856329650000021, -1.808209949999934 ], [ 120.856325720000086, -1.808186299999932 ], [ 120.856321870000102, -1.808163119999961 ], [ 120.856319900000017, -1.808151259999931 ], [ 120.856318660000056, -1.808143789999974 ], [ 120.85631821000004, -1.808141079999928 ], [ 120.856315990000098, -1.808127679999927 ], [ 120.856312160000016, -1.808104649999962 ], [ 120.856308310000031, -1.808081459999926 ], [ 120.856306320000044, -1.808069519999947 ], [ 120.856305190000057, -1.808062719999953 ], [ 120.856303870000033, -1.808054769999956 ], [ 120.856298450000054, -1.80802209999996 ], [ 120.856296050000083, -1.808007669999938 ], [ 120.856295440000054, -1.808004039999958 ], [ 120.856295050000085, -1.808001629999978 ], [ 120.856293880000067, -1.807994589999964 ], [ 120.856291530000021, -1.807980489999977 ], [ 120.856287740000084, -1.807957659999943 ], [ 120.856285390000039, -1.807943479999949 ], [ 120.856284440000081, -1.807937779999975 ], [ 120.856282840000063, -1.807928119999929 ], [ 120.856280030000107, -1.807911239999953 ], [ 120.856276210000033, -1.807888219999938 ], [ 120.856274210000038, -1.807876199999953 ], [ 120.856273650000048, -1.807872799999927 ], [ 120.856272940000053, -1.807868529999951 ], [ 120.856271690000085, -1.807861059999937 ], [ 120.856268540000087, -1.807842069999936 ], [ 120.856265620000045, -1.807824509999932 ], [ 120.85626314000001, -1.807809559999953 ], [ 120.856261090000089, -1.807797209999933 ], [ 120.856260580000026, -1.80779414999995 ], [ 120.856259500000078, -1.807787679999933 ], [ 120.856258300000036, -1.80778042999998 ], [ 120.856255580000038, -1.807764059999954 ], [ 120.856249060000096, -1.807724819999976 ], [ 120.85624598000004, -1.807706289999942 ], [ 120.856245970000032, -1.80770616999996 ], [ 120.856245300000069, -1.807702189999929 ], [ 120.856244810000021, -1.807699229999969 ], [ 120.856242680000037, -1.807686359999934 ], [ 120.856238090000033, -1.807658759999924 ], [ 120.856232810000051, -1.807626939999977 ], [ 120.856231650000041, -1.80762 ], [ 120.856228110000075, -1.807598689999963 ], [ 120.856220520000079, -1.807553009999936 ], [ 120.85621229000003, -1.807503419999932 ], [ 120.856208830000014, -1.807482619999973 ], [ 120.856207650000101, -1.807475539999928 ], [ 120.856206540000017, -1.807468829999948 ], [ 120.85620495, -1.807459239999957 ], [ 120.856197060000113, -1.807411779999939 ], [ 120.856189350000022, -1.807365369999957 ], [ 120.856184330000019, -1.80733510999994 ], [ 120.85618374, -1.807331599999941 ], [ 120.856181830000082, -1.807320069999946 ], [ 120.856180390000077, -1.807311389999938 ], [ 120.856173880000028, -1.807272219999959 ], [ 120.856164520000107, -1.807215879999944 ], [ 120.856160780000096, -1.807193379999944 ], [ 120.856159580000053, -1.807186129999934 ], [ 120.856152230000021, -1.807141859999945 ], [ 120.856146880000097, -1.807109659999981 ], [ 120.85614608000003, -1.80710487999994 ], [ 120.856144450000102, -1.807095059999938 ], [ 120.856138350000037, -1.807058349999977 ], [ 120.856132160000016, -1.807021089999978 ], [ 120.856131490000053, -1.807017019999932 ], [ 120.856131050000045, -1.807014359999926 ], [ 120.856122470000059, -1.806962709999937 ], [ 120.856119570000033, -1.806945269999972 ], [ 120.856119180000064, -1.806942889999959 ], [ 120.856118230000106, -1.806937209999944 ], [ 120.856117600000061, -1.80693341999995 ], [ 120.856113730000061, -1.806910109999933 ], [ 120.856108290000066, -1.806877389999954 ], [ 120.856105340000113, -1.806859569999972 ], [ 120.856104, -1.806851539999968 ], [ 120.856102690000057, -1.806843639999954 ], [ 120.856097960000056, -1.806815149999977 ], [ 120.856094140000096, -1.806792179999945 ], [ 120.856092470000021, -1.806782109999972 ], [ 120.856090830000085, -1.806772269999954 ], [ 120.856085840000105, -1.806742199999974 ], [ 120.856082660000084, -1.80672304999996 ], [ 120.856082380000089, -1.806721359999926 ], [ 120.856081670000094, -1.806717129999925 ], [ 120.856079890000046, -1.806706389999931 ], [ 120.856075770000075, -1.806681569999967 ], [ 120.856072180000069, -1.806659959999934 ], [ 120.856069120000029, -1.80664158999997 ], [ 120.85606684000004, -1.80662781999996 ], [ 120.856064610000089, -1.80661441999996 ], [ 120.856059450000089, -1.806583369999942 ], [ 120.856055610000112, -1.80656020999993 ], [ 120.856055180000112, -1.806557649999945 ], [ 120.856053400000064, -1.806546909999952 ], [ 120.856049320000011, -1.80652232999995 ], [ 120.856044080000061, -1.806490779999933 ], [ 120.856040460000031, -1.806469049999976 ], [ 120.856039510000073, -1.80646330999997 ], [ 120.856037210000068, -1.806449439999938 ], [ 120.856032750000054, -1.806422589999954 ], [ 120.85603054, -1.806409309999935 ], [ 120.856027180000069, -1.806389089999925 ], [ 120.856025340000087, -1.806377979999979 ], [ 120.856025030000069, -1.806376159999957 ], [ 120.856023, -1.806363899999951 ], [ 120.856020690000037, -1.80635000999996 ], [ 120.856018770000105, -1.806338429999926 ], [ 120.856017950000023, -1.806333489999929 ], [ 120.856014180000102, -1.806310829999973 ], [ 120.856012320000104, -1.806299629999955 ], [ 120.856008380000048, -1.806275889999938 ], [ 120.856004480000024, -1.806252419999964 ], [ 120.856003650000048, -1.806247419999977 ], [ 120.856002830000079, -1.806242489999931 ], [ 120.856001150000111, -1.806232359999967 ], [ 120.855996080000068, -1.806201889999954 ], [ 120.855991050000057, -1.806171599999971 ], [ 120.855988010000033, -1.806153259999974 ], [ 120.855987620000064, -1.80615094999996 ], [ 120.855985770000075, -1.806139809999934 ], [ 120.855983070000093, -1.806123509999964 ], [ 120.855978680000021, -1.806097109999939 ], [ 120.855975160000071, -1.806075929999963 ], [ 120.855972940000015, -1.806062519999955 ], [ 120.855971740000086, -1.806055339999943 ], [ 120.855968510000025, -1.806035859999952 ], [ 120.855964140000083, -1.80600955999995 ], [ 120.85595765000005, -1.805970499999944 ], [ 120.855956900000024, -1.805966 ], [ 120.855955290000111, -1.805956269999967 ], [ 120.855951010000013, -1.805930529999955 ], [ 120.855945190000057, -1.805895519999979 ], [ 120.855942590000041, -1.805879859999948 ], [ 120.855941540000117, -1.805873509999969 ], [ 120.85594097, -1.805870109999944 ], [ 120.855938050000077, -1.805852479999942 ], [ 120.85593386000005, -1.805827289999968 ], [ 120.855927910000105, -1.805791479999925 ], [ 120.855925370000023, -1.805776199999968 ], [ 120.855923070000017, -1.805762339999944 ], [ 120.855917850000083, -1.805730909999966 ], [ 120.855913120000082, -1.805702419999932 ], [ 120.855912500000045, -1.805698709999945 ], [ 120.855911650000053, -1.805693589999976 ], [ 120.855910610000024, -1.805687319999947 ], [ 120.855908580000118, -1.805675099999974 ], [ 120.855905100000086, -1.805654169999968 ], [ 120.855899620000059, -1.805621189999954 ], [ 120.855896940000093, -1.805605019999973 ], [ 120.855896210000083, -1.805600629999958 ], [ 120.85589511, -1.805594029999952 ], [ 120.855892140000037, -1.805576149999979 ], [ 120.855888390000018, -1.805553589999931 ], [ 120.855885360000116, -1.805535309999925 ], [ 120.85588263000011, -1.805518889999973 ], [ 120.855881450000084, -1.805511789999969 ], [ 120.855878690000054, -1.80549517999998 ], [ 120.855874290000088, -1.805468689999941 ], [ 120.855868530000066, -1.805433989999926 ], [ 120.855866530000071, -1.805421949999925 ], [ 120.855866150000111, -1.805419699999959 ], [ 120.855865180000023, -1.805413829999964 ], [ 120.85586228000011, -1.805396359999975 ], [ 120.855857570000012, -1.80536804999997 ], [ 120.855853990000014, -1.805346499999928 ], [ 120.855852470000059, -1.805337319999978 ], [ 120.855850650000093, -1.805326369999932 ], [ 120.855846310000061, -1.805300229999943 ], [ 120.8558416300001, -1.805272059999936 ], [ 120.855836750000094, -1.805242679999935 ], [ 120.85583586000007, -1.805237309999939 ], [ 120.855834170000094, -1.805227179999974 ], [ 120.855833240000038, -1.805221599999925 ], [ 120.855829, -1.80519604999995 ], [ 120.855828660000043, -1.805193979999956 ], [ 120.855827600000111, -1.80518761999997 ], [ 120.855824690000077, -1.805170089999933 ], [ 120.855821270000092, -1.805149509999978 ], [ 120.855820690000087, -1.80514600999993 ], [ 120.855819910000037, -1.805141359999936 ], [ 120.855816700000105, -1.805121989999975 ], [ 120.855813980000107, -1.805105639999965 ], [ 120.855813880000028, -1.805105039999944 ], [ 120.855813630000057, -1.805103559999964 ], [ 120.855813200000057, -1.805100929999981 ], [ 120.855811170000038, -1.805088739999974 ], [ 120.855808700000011, -1.805073859999936 ], [ 120.855805820000114, -1.80505648999997 ], [ 120.855805450000048, -1.80505428999993 ], [ 120.855804560000024, -1.805048929999941 ], [ 120.855801, -1.805027489999929 ], [ 120.855798100000015, -1.805010049999964 ], [ 120.85579787000006, -1.805008659999942 ], [ 120.855797580000058, -1.805006929999934 ], [ 120.855794320000086, -1.804987279999978 ], [ 120.855790490000118, -1.804964229999939 ], [ 120.855790190000107, -1.804962399999965 ], [ 120.855789870000081, -1.804960479999977 ], [ 120.855785680000054, -1.804935279999938 ], [ 120.855782200000021, -1.804914329999974 ], [ 120.855781060000027, -1.804907429999957 ], [ 120.855778350000037, -1.804891149999946 ], [ 120.855774070000052, -1.804865399999926 ], [ 120.855773380000073, -1.804861199999948 ], [ 120.855769130000112, -1.804835629999957 ], [ 120.855766580000022, -1.804820279999944 ], [ 120.855766020000033, -1.804816919999951 ], [ 120.855763970000112, -1.804804569999931 ], [ 120.855761170000051, -1.804787739999938 ], [ 120.855760170000053, -1.804781719999937 ], [ 120.85575963000008, -1.80477843999995 ], [ 120.85575907000009, -1.804775049999932 ], [ 120.855756030000066, -1.804756789999942 ], [ 120.855753060000097, -1.804738869999937 ], [ 120.855752560000042, -1.804735879999953 ], [ 120.855752370000118, -1.804734739999958 ], [ 120.855747560000054, -1.804705779999949 ], [ 120.855744960000038, -1.804690129999926 ], [ 120.85574358000008, -1.804681809999977 ], [ 120.855740400000059, -1.804662679999979 ], [ 120.855736880000109, -1.804641469999979 ], [ 120.855736420000085, -1.804638729999965 ], [ 120.855735350000032, -1.804632259999948 ], [ 120.855732470000021, -1.804614919999949 ], [ 120.855729090000068, -1.804594599999973 ], [ 120.85572887, -1.804593239999974 ], [ 120.855726990000107, -1.804581949999942 ], [ 120.855724670000086, -1.804567969999937 ], [ 120.855721070000072, -1.804546309999978 ], [ 120.85572073000003, -1.804544279999959 ], [ 120.855720100000099, -1.804540479999957 ], [ 120.855717130000016, -1.804522569999961 ], [ 120.855713050000077, -1.80449804999995 ], [ 120.855712700000026, -1.804495949999932 ], [ 120.855712340000082, -1.804493749999949 ], [ 120.855708180000079, -1.804468689999965 ], [ 120.855704750000086, -1.804448099999945 ], [ 120.855704560000049, -1.804446919999975 ], [ 120.855703460000086, -1.804440279999938 ], [ 120.85570021, -1.804420739999955 ], [ 120.855696470000112, -1.804398239999955 ], [ 120.855696150000085, -1.804396309999959 ], [ 120.85569505, -1.804389689999937 ], [ 120.855692690000069, -1.804375469999968 ], [ 120.855688550000082, -1.804350539999973 ], [ 120.855688350000037, -1.804349319999972 ], [ 120.855688020000116, -1.804347349999944 ], [ 120.855686910000031, -1.80434065999998 ], [ 120.855685380000068, -1.804331459999958 ], [ 120.855682160000015, -1.804312089999939 ], [ 120.855680460000031, -1.804301859999953 ], [ 120.855679990000112, -1.804299029999925 ], [ 120.855678780000062, -1.804291719999981 ], [ 120.855676380000091, -1.804277299999967 ], [ 120.855673630000069, -1.804260709999937 ], [ 120.855673030000048, -1.80425710999998 ], [ 120.855671390000111, -1.804247209999971 ], [ 120.855670570000029, -1.804242289999934 ], [ 120.855666930000098, -1.804220399999963 ], [ 120.855664410000031, -1.804205209999964 ], [ 120.855663890000073, -1.804202099999941 ], [ 120.85566373000006, -1.804201119999959 ], [ 120.855662770000094, -1.804195319999963 ], [ 120.855661590000068, -1.804188219999958 ], [ 120.855658770000105, -1.804171289999942 ], [ 120.855656610000096, -1.804158269999959 ], [ 120.85565586000007, -1.804153779999979 ], [ 120.855655030000094, -1.80414873999996 ], [ 120.85565267000004, -1.804134519999934 ], [ 120.855649450000101, -1.80411517999994 ], [ 120.855649040000117, -1.804112719999978 ], [ 120.855648100000053, -1.804107059999978 ], [ 120.855646380000053, -1.804096659999971 ], [ 120.85564295000006, -1.804076049999935 ], [ 120.855641190000028, -1.804065439999931 ], [ 120.855640870000116, -1.804063529999951 ], [ 120.855640300000118, -1.804060059999927 ], [ 120.855639390000078, -1.804054589999964 ], [ 120.855636940000068, -1.804039879999948 ], [ 120.855634460000033, -1.804024909999953 ], [ 120.855633040000043, -1.804016339999976 ], [ 120.855632820000096, -1.804015059999927 ], [ 120.855632510000078, -1.804013159999954 ], [ 120.855631050000056, -1.804004369999973 ], [ 120.855629240000098, -1.803993509999941 ], [ 120.855626480000069, -1.80397690999996 ], [ 120.855624840000019, -1.803966979999927 ], [ 120.855624600000056, -1.803965589999962 ], [ 120.855624290000037, -1.803963709999948 ], [ 120.855623180000066, -1.803956989999961 ], [ 120.855620800000111, -1.803942679999977 ], [ 120.855618450000065, -1.803928529999951 ], [ 120.855616670000018, -1.803917849999948 ], [ 120.855616160000068, -1.803914759999941 ], [ 120.855615200000102, -1.803908959999944 ], [ 120.855612340000107, -1.803891749999934 ], [ 120.855610390000038, -1.803880039999967 ], [ 120.855610220000017, -1.803879009999946 ], [ 120.855609720000075, -1.803875989999938 ], [ 120.855607750000104, -1.803864099999942 ], [ 120.85560608000003, -1.803854049999927 ], [ 120.855603740000106, -1.803839959999948 ], [ 120.855601740000111, -1.803827959999978 ], [ 120.855601420000085, -1.803826019999974 ], [ 120.8556001500001, -1.803818349999972 ], [ 120.855598120000082, -1.803806169999973 ], [ 120.855595530000073, -1.803790559999925 ], [ 120.855593400000089, -1.80377773999993 ], [ 120.85559322000006, -1.803776639999967 ], [ 120.855591750000031, -1.803767789999938 ], [ 120.855588830000102, -1.803750219999927 ], [ 120.855587140000011, -1.80374003999998 ], [ 120.855586880000033, -1.803738459999977 ], [ 120.855586300000027, -1.803734969999937 ], [ 120.85558513, -1.803727949999939 ], [ 120.855583360000082, -1.803717309999968 ], [ 120.855581880000045, -1.80370838999994 ], [ 120.855581440000037, -1.803705739999941 ], [ 120.855580180000061, -1.803698169999961 ], [ 120.855577800000106, -1.803683809999939 ], [ 120.855576160000055, -1.803673929999945 ], [ 120.855575430000044, -1.803669559999946 ], [ 120.855570820000025, -1.803657379999947 ], [ 120.855563570000072, -1.803638269999965 ], [ 120.855559460000109, -1.803627399999925 ], [ 120.855556620000016, -1.803619909999952 ], [ 120.855553620000023, -1.803612 ], [ 120.855545840000104, -1.80359145999995 ], [ 120.855530090000116, -1.803549889999942 ], [ 120.855516350000016, -1.803513629999941 ], [ 120.855494170000043, -1.803455079999935 ], [ 120.85549264000008, -1.803451049999978 ], [ 120.855488920000084, -1.803441239999927 ], [ 120.85548244000006, -1.803424129999939 ], [ 120.855472230000032, -1.803397179999934 ], [ 120.855467670000053, -1.803385139999932 ], [ 120.855466310000111, -1.803381559999934 ], [ 120.855463270000087, -1.803373539999939 ], [ 120.855456740000022, -1.803356299999962 ], [ 120.855455010000014, -1.803351739999925 ], [ 120.855454290000011, -1.803349839999953 ], [ 120.855452890000038, -1.803346149999925 ], [ 120.855452090000085, -1.80334401999994 ], [ 120.855451120000112, -1.803341449999948 ], [ 120.855450760000053, -1.803340509999941 ], [ 120.855450620000056, -1.803340139999932 ], [ 120.855450340000061, -1.803339409999978 ], [ 120.855450230000088, -1.803339109999968 ], [ 120.855449690000114, -1.803337689999978 ], [ 120.855448940000088, -1.803335699999934 ], [ 120.855448520000095, -1.803334599999971 ], [ 120.855195570000092, -1.802666969999962 ], [ 120.854742050000027, -1.801716159999955 ], [ 120.854447470000082, -1.800764779999952 ], [ 120.854165560000069, -1.799267979999968 ], [ 120.854067300000111, -1.797990459999937 ], [ 120.853154120000113, -1.794265629999927 ], [ 120.852484740000023, -1.792145459999972 ], [ 120.85241067000004, -1.79195464999998 ], [ 120.852408930000024, -1.79195016999995 ], [ 120.852405620000013, -1.79194162999994 ], [ 120.852404720000095, -1.791939319999926 ], [ 120.852404700000079, -1.791939279999951 ], [ 120.852402830000074, -1.791934459999936 ], [ 120.852393330000041, -1.791909989999965 ], [ 120.852354690000084, -1.791810429999941 ], [ 120.852332, -1.791752 ], [ 120.852331670000012, -1.791751149999925 ], [ 120.85232910000002, -1.791744519999952 ], [ 120.852316970000061, -1.791713269999946 ], [ 120.852298550000114, -1.791665809999927 ], [ 120.852263130000097, -1.791574569999966 ], [ 120.852243620000081, -1.791524309999943 ], [ 120.852239560000044, -1.791513849999944 ], [ 120.852225230000045, -1.79147691999998 ], [ 120.852184740000098, -1.791372629999955 ], [ 120.852151820000017, -1.791287829999931 ], [ 120.852149780000104, -1.791282579999972 ], [ 120.852145420000056, -1.79127133999998 ], [ 120.852130710000097, -1.791233439999928 ], [ 120.85210445000007, -1.791165809999939 ], [ 120.85207317000004, -1.791085219999957 ], [ 120.852054390000035, -1.791036829999939 ], [ 120.852051470000106, -1.791029329999958 ], [ 120.85202627000001, -1.79096439999995 ], [ 120.851990820000083, -1.790873069999975 ], [ 120.851959850000071, -1.790793289999954 ], [ 120.851957060000018, -1.790786089999926 ], [ 120.851951230000054, -1.790771099999972 ], [ 120.851936390000105, -1.790732849999927 ], [ 120.85191232000011, -1.790670839999962 ], [ 120.851896580000016, -1.790630289999967 ], [ 120.85189485, -1.790625839999961 ], [ 120.85187403000009, -1.790572229999952 ], [ 120.85185587, -1.790525439999954 ], [ 120.851840690000017, -1.790486319999957 ], [ 120.851838850000036, -1.790481599999964 ], [ 120.851835070000106, -1.790471859999968 ], [ 120.851823540000055, -1.790442129999974 ], [ 120.851809660000072, -1.790406379999979 ], [ 120.851803150000023, -1.790389629999936 ], [ 120.851801470000055, -1.790385289999961 ], [ 120.851799050000068, -1.790379069999972 ], [ 120.851779520000036, -1.790328749999958 ], [ 120.851769120000085, -1.790301949999957 ], [ 120.851767930000051, -1.790298899999925 ], [ 120.851753030000054, -1.790260499999931 ], [ 120.851740440000071, -1.790228059999947 ], [ 120.851734480000118, -1.790212719999943 ], [ 120.851732120000065, -1.790206649999959 ], [ 120.851731850000078, -1.790205939999964 ], [ 120.851726370000051, -1.790191829999969 ], [ 120.851708780000081, -1.790146519999951 ], [ 120.851700420000043, -1.790124979999973 ], [ 120.851699330000088, -1.790122159999953 ], [ 120.851697730000069, -1.790118029999974 ], [ 120.851694060000113, -1.790108589999932 ], [ 120.851685490000023, -1.79008652999994 ], [ 120.851668490000066, -1.790042719999974 ], [ 120.851660130000027, -1.79002117999994 ], [ 120.851659190000078, -1.790018769999961 ], [ 120.851657720000048, -1.790014979999967 ], [ 120.851655710000045, -1.790009789999942 ], [ 120.851646240000036, -1.78998538999997 ], [ 120.851634890000014, -1.789956169999925 ], [ 120.851626460000034, -1.789934439999968 ], [ 120.851624090000087, -1.789928349999968 ], [ 120.85162326000011, -1.789926199999968 ], [ 120.851618810000105, -1.78991474999998 ], [ 120.851608420000048, -1.789887969999938 ], [ 120.851596560000075, -1.789857419999976 ], [ 120.851590800000054, -1.789842589999978 ], [ 120.851588170000014, -1.789835819999951 ], [ 120.851579950000087, -1.789814619999959 ], [ 120.851573150000036, -1.789797109999938 ], [ 120.851563500000111, -1.78977225999995 ], [ 120.851559420000058, -1.78976173999996 ], [ 120.851558430000068, -1.789759199999935 ], [ 120.851551860000086, -1.789742269999977 ], [ 120.851547240000059, -1.789730369999972 ], [ 120.851539400000092, -1.78971015999997 ], [ 120.851531960000102, -1.78969098999994 ], [ 120.851526480000075, -1.789676879999945 ], [ 120.851525190000075, -1.789673559999926 ], [ 120.851521600000069, -1.789664319999929 ], [ 120.851518310000074, -1.789655839999966 ], [ 120.85151737000001, -1.789653409999971 ], [ 120.851514220000013, -1.789645299999961 ], [ 120.851507020000099, -1.789626759999976 ], [ 120.851505610000117, -1.789623129999939 ], [ 120.850965050000013, -1.788230579999947 ], [ 120.84964965000006, -1.785557989999973 ], [ 120.849631110000018, -1.785529009999948 ], [ 120.849630270000034, -1.785527699999932 ], [ 120.849625890000084, -1.785520849999955 ], [ 120.849620270000059, -1.785512049999966 ], [ 120.849614940000038, -1.785503719999951 ], [ 120.849611620000019, -1.785498529999927 ], [ 120.84960874, -1.785494019999931 ], [ 120.849588800000106, -1.78546283999998 ], [ 120.849532200000112, -1.785374329999968 ], [ 120.84951460000002, -1.785346819999972 ], [ 120.84950885, -1.785337829999946 ], [ 120.849494080000113, -1.785314739999933 ], [ 120.849452470000074, -1.785249659999977 ], [ 120.849413280000022, -1.785188389999973 ], [ 120.849347990000069, -1.785086289999924 ], [ 120.849321640000085, -1.785045089999926 ], [ 120.849314880000065, -1.785034519999954 ], [ 120.849296730000106, -1.78500613999995 ], [ 120.849265830000036, -1.784957819999931 ], [ 120.849224270000036, -1.784892829999933 ], [ 120.849164790000032, -1.784799819999932 ], [ 120.849149640000064, -1.784776139999963 ], [ 120.849143780000077, -1.784766979999972 ], [ 120.849125220000019, -1.784737959999973 ], [ 120.849093770000081, -1.784688779999954 ], [ 120.84904283000003, -1.784609119999971 ], [ 120.848987190000116, -1.784522109999955 ], [ 120.84897017000003, -1.784495499999935 ], [ 120.848965570000018, -1.784488299999964 ], [ 120.848947090000024, -1.784459399999946 ], [ 120.848917400000119, -1.784412989999964 ], [ 120.84888791000003, -1.784366869999928 ], [ 120.848831640000071, -1.784278879999931 ], [ 120.848809180000103, -1.784243759999924 ], [ 120.848799770000028, -1.784229049999965 ], [ 120.84877882, -1.784196289999954 ], [ 120.848741840000116, -1.784138459999951 ], [ 120.848701820000088, -1.78407588999994 ], [ 120.848665690000075, -1.784019389999969 ], [ 120.848650780000071, -1.783996069999944 ], [ 120.848639610000077, -1.783978599999955 ], [ 120.848629140000071, -1.783962239999937 ], [ 120.848596840000027, -1.783911719999935 ], [ 120.848564590000024, -1.783861309999963 ], [ 120.848515350000071, -1.78378430999993 ], [ 120.848490060000017, -1.783744749999926 ], [ 120.848481720000109, -1.783731729999943 ], [ 120.848474730000021, -1.783720789999961 ], [ 120.848451940000018, -1.78368514999994 ], [ 120.848400590000097, -1.783604849999961 ], [ 120.848352530000057, -1.783529709999925 ], [ 120.848343000000114, -1.783514799999978 ], [ 120.848332200000073, -1.783497919999945 ], [ 120.848316740000087, -1.783473739999977 ], [ 120.848299140000108, -1.783446219999973 ], [ 120.848275140000055, -1.783408689999931 ], [ 120.848273860000063, -1.783406689999936 ], [ 120.848261040000011, -1.783386639999947 ], [ 120.848260340000024, -1.783385549999934 ], [ 120.84825920000003, -1.783383769999944 ], [ 120.848257860000103, -1.783381669999926 ], [ 120.84825684000009, -1.783380269999952 ], [ 120.848254920000045, -1.783377609999945 ], [ 120.848253040000031, -1.783375029999945 ], [ 120.848251010000013, -1.783372229999941 ], [ 120.848250270000108, -1.783371209999927 ], [ 120.848249150000015, -1.783369659999948 ], [ 120.848247830000105, -1.783367849999934 ], [ 120.848240370000099, -1.783357569999964 ], [ 120.848232330000087, -1.783346489999929 ], [ 120.848227080000015, -1.783339259999934 ], [ 120.848226190000105, -1.783338029999925 ], [ 120.848220170000104, -1.783329719999927 ], [ 120.8482189, -1.783327979999967 ], [ 120.848202970000102, -1.783306029999949 ], [ 120.848176890000104, -1.783270089999974 ], [ 120.848168400000077, -1.783258389999958 ], [ 120.848085690000062, -1.783144399999969 ], [ 120.848023350000062, -1.783058479999966 ], [ 120.848009110000021, -1.783038869999928 ], [ 120.847967030000063, -1.78298086999996 ], [ 120.847880160000045, -1.782861139999966 ], [ 120.847823930000118, -1.782783649999942 ], [ 120.847819370000025, -1.78277737999997 ], [ 120.84781505, -1.782771409999953 ], [ 120.847797150000019, -1.782746749999944 ], [ 120.847745260000011, -1.782675229999938 ], [ 120.847668860000113, -1.782569949999925 ], [ 120.847638620000112, -1.782528269999943 ], [ 120.847637230000032, -1.782526359999963 ], [ 120.847634500000026, -1.782522589999928 ], [ 120.847629570000095, -1.782515789999934 ], [ 120.847621070000059, -1.782504079999967 ], [ 120.847613640000077, -1.78249384999998 ], [ 120.84761345000004, -1.782493579999937 ], [ 120.847612540000114, -1.782492329999968 ], [ 120.847608010000044, -1.782486089999963 ], [ 120.847596060000114, -1.782469619999972 ], [ 120.847587220000037, -1.782457429999965 ], [ 120.847586320000119, -1.782456189999948 ], [ 120.847581750000018, -1.782449889999953 ], [ 120.847568660000093, -1.782431849999966 ], [ 120.847564330000068, -1.782425889999956 ], [ 120.847563360000095, -1.782424549999973 ], [ 120.847559, -1.782418549999932 ], [ 120.847549320000098, -1.782405209999979 ], [ 120.847543260000066, -1.782396849999941 ], [ 120.847542520000047, -1.782395829999928 ], [ 120.84754161, -1.782394579999959 ], [ 120.847537160000115, -1.782388439999977 ], [ 120.847531900000035, -1.782381199999975 ], [ 120.847521670000106, -1.782367099999931 ], [ 120.847517410000023, -1.782361219999927 ], [ 120.847516280000036, -1.782359669999948 ], [ 120.847514470000078, -1.782357179999963 ], [ 120.84750960000008, -1.782350469999926 ], [ 120.847502070000019, -1.782340079999926 ], [ 120.847496800000044, -1.782332829999973 ], [ 120.84749295000006, -1.782327519999967 ], [ 120.847491700000091, -1.782325789999959 ], [ 120.847485910000046, -1.782317819999946 ], [ 120.84747569000001, -1.782303729999967 ], [ 120.847472030000063, -1.782298689999948 ], [ 120.847470570000041, -1.782296679999945 ], [ 120.847467890000075, -1.782292989999974 ], [ 120.847464360000117, -1.782288119999976 ], [ 120.847460510000019, -1.782282819999978 ], [ 120.847454140000082, -1.782274039999947 ], [ 120.847449530000063, -1.782267679999961 ], [ 120.847448830000076, -1.782266719999939 ], [ 120.847446690000083, -1.782263759999978 ], [ 120.847443110000086, -1.782258829999932 ], [ 120.847437120000109, -1.782250579999925 ], [ 120.847429500000089, -1.782240079999951 ], [ 120.847425620000081, -1.782234729999971 ], [ 120.847424710000041, -1.782233469999937 ], [ 120.847422940000115, -1.782231029999934 ], [ 120.847416630000112, -1.782222349999927 ], [ 120.847413, -1.782217339999931 ], [ 120.847408210000026, -1.782210739999925 ], [ 120.847404850000089, -1.782206109999947 ], [ 120.847285180000085, -1.782041179999965 ], [ 120.84726833000002, -1.782020269999975 ], [ 120.847264920000043, -1.782016039999974 ], [ 120.847263700000099, -1.782014519999962 ], [ 120.847263480000038, -1.782014249999975 ], [ 120.847262520000072, -1.78201305999994 ], [ 120.847261830000093, -1.782012219999956 ], [ 120.847258730000021, -1.782008369999971 ], [ 120.84725728, -1.782006569999965 ], [ 120.84725276000006, -1.78200094999994 ], [ 120.847241150000059, -1.78198655999995 ], [ 120.847233130000063, -1.781976609999958 ], [ 120.847046350000028, -1.781744909999929 ], [ 120.846719520000079, -1.78133945999997 ], [ 120.846571170000061, -1.781155419999948 ], [ 120.846517660000018, -1.781089049999935 ], [ 120.846503710000093, -1.781071739999959 ], [ 120.846395110000117, -1.780937009999946 ], [ 120.846275960000071, -1.780789209999966 ], [ 120.846106730000088, -1.780579269999976 ], [ 120.845974620000106, -1.780415379999965 ], [ 120.844067230000064, -1.778049179999925 ], [ 120.843950640000116, -1.77790454999996 ], [ 120.843902020000087, -1.777844229999971 ], [ 120.843843430000106, -1.777771559999962 ], [ 120.843715430000088, -1.777612769999962 ], [ 120.843457360000116, -1.777292619999969 ], [ 120.843374770000082, -1.777190169999926 ], [ 120.843354190000014, -1.777164629999959 ], [ 120.843323410000039, -1.777126449999969 ], [ 120.843265460000111, -1.777054559999954 ], [ 120.8431730100001, -1.776939869999978 ], [ 120.842977540000106, -1.776697389999924 ], [ 120.842702580000037, -1.776356279999959 ], [ 120.842619690000106, -1.776253459999964 ], [ 120.842594070000018, -1.776221679999935 ], [ 120.84256804000006, -1.776189379999948 ], [ 120.842371190000108, -1.775945189999959 ], [ 120.842162920000078, -1.775686819999976 ], [ 120.841999010000109, -1.775483479999934 ], [ 120.841986290000023, -1.775467699999979 ], [ 120.841967490000116, -1.775444379999954 ], [ 120.841914530000054, -1.77537867999996 ], [ 120.841872980000062, -1.775327129999937 ], [ 120.841835540000034, -1.775280689999931 ], [ 120.841713780000077, -1.775129639999932 ], [ 120.84160565000002, -1.774995499999932 ], [ 120.841499340000041, -1.77486362999997 ], [ 120.841479310000068, -1.774838779999925 ], [ 120.84146429000009, -1.774820139999974 ], [ 120.841431490000105, -1.774779449999926 ], [ 120.841375630000016, -1.774710149999976 ], [ 120.84127, -1.774579109999934 ], [ 120.841184660000067, -1.774473249999971 ], [ 120.841140520000067, -1.77441848999996 ], [ 120.841057680000063, -1.774315719999947 ], [ 120.841022130000056, -1.77427162999993 ], [ 120.840984530000014, -1.774224989999936 ], [ 120.840967480000018, -1.774203829999976 ], [ 120.840948180000055, -1.774179879999963 ], [ 120.840903650000087, -1.774124649999976 ], [ 120.840878700000076, -1.77409369999998 ], [ 120.840844190000098, -1.774050879999947 ], [ 120.840784140000096, -1.773976389999973 ], [ 120.840719930000091, -1.773896729999933 ], [ 120.840703, -1.773875729999929 ], [ 120.839411220000102, -1.772273229999939 ], [ 120.83775728, -1.768886359999954 ], [ 120.837756, -1.768883749999929 ], [ 120.837753230000089, -1.768869269999925 ], [ 120.837746790000097, -1.768829919999973 ], [ 120.837743130000035, -1.768807549999963 ], [ 120.83773597000004, -1.768763749999948 ], [ 120.837731990000066, -1.768739409999966 ], [ 120.837729130000071, -1.768721939999978 ], [ 120.837727210000025, -1.76871019999993 ], [ 120.837724200000025, -1.768691829999966 ], [ 120.837714650000066, -1.768633469999941 ], [ 120.837708190000058, -1.768593959999976 ], [ 120.83770096, -1.768549779999944 ], [ 120.837698960000012, -1.768537579999929 ], [ 120.837697350000099, -1.768527679999977 ], [ 120.837690810000026, -1.768487729999947 ], [ 120.837690040000098, -1.768483019999962 ], [ 120.837685880000095, -1.768457629999943 ], [ 120.837670590000016, -1.768364169999927 ], [ 120.837668280000116, -1.768350009999949 ], [ 120.837667600000032, -1.76834587999997 ], [ 120.837662780000073, -1.768316409999954 ], [ 120.837650890000077, -1.768243709999979 ], [ 120.837645380000026, -1.768210069999952 ], [ 120.837643830000047, -1.768200599999943 ], [ 120.83763789000011, -1.768164309999975 ], [ 120.837622300000021, -1.768068959999937 ], [ 120.837620790000074, -1.768059739999956 ], [ 120.837613160000046, -1.768013089999954 ], [ 120.837603870000066, -1.767956359999971 ], [ 120.837599320000095, -1.767928539999957 ], [ 120.837598810000031, -1.767925379999951 ], [ 120.837593080000033, -1.767890399999942 ], [ 120.837582170000019, -1.767823719999967 ], [ 120.837578210000061, -1.767799499999967 ], [ 120.837576210000066, -1.767787279999936 ], [ 120.837572510000086, -1.767764659999955 ], [ 120.83756591000008, -1.767724329999965 ], [ 120.837560830000029, -1.767693279999946 ], [ 120.837556990000053, -1.767669799999965 ], [ 120.837548660000039, -1.767618849999963 ], [ 120.837543780000033, -1.767589019999946 ], [ 120.837541950000059, -1.767577849999952 ], [ 120.837541230000056, -1.767573439999978 ], [ 120.837541040000019, -1.767572299999927 ], [ 120.837540860000104, -1.76757170999997 ], [ 120.837540500000046, -1.767570489999969 ], [ 120.837539500000048, -1.767567129999975 ], [ 120.837539290000109, -1.767566439999939 ], [ 120.837537650000058, -1.767560919999937 ], [ 120.837536810000074, -1.767558099999974 ], [ 120.837535570000114, -1.767553939999971 ], [ 120.837531530000092, -1.767540389999965 ], [ 120.837524770000073, -1.767517689999977 ], [ 120.83751975000007, -1.767500859999927 ], [ 120.837512120000042, -1.767475249999961 ], [ 120.837506990000065, -1.767458049999959 ], [ 120.837506860000076, -1.767457589999935 ], [ 120.837504010000089, -1.767448039999977 ], [ 120.837499790000038, -1.767433869999934 ], [ 120.837496430000101, -1.767422609999926 ], [ 120.837492050000037, -1.767407889999959 ], [ 120.837492020000013, -1.767407789999936 ], [ 120.837192720000075, -1.766403439999976 ], [ 120.836766700000112, -1.765156049999973 ], [ 120.836737890000109, -1.765071689999957 ], [ 120.836719930000072, -1.765032479999945 ], [ 120.83670410000002, -1.764997889999961 ], [ 120.836673690000111, -1.764931459999957 ], [ 120.836603290000085, -1.764777709999976 ], [ 120.836533880000047, -1.764626119999946 ], [ 120.836489010000037, -1.764528119999966 ], [ 120.836436040000081, -1.764412429999936 ], [ 120.836154460000103, -1.763797469999929 ], [ 120.836154350000015, -1.763797219999958 ], [ 120.835612444000049, -1.762613679999959 ], [ 120.835269912000058, -1.761866039999973 ], [ 120.834335930000066, -1.760701443999949 ], [ 120.83433897000009, -1.760702657999957 ], [ 120.834341624000103, -1.760703718999935 ], [ 120.83435491900002, -1.760709026999962 ], [ 120.835239420000107, -1.761062649999928 ], [ 120.835286100000076, -1.761081309999952 ], [ 120.83542164000005, -1.761135499999966 ], [ 120.835463010000012, -1.761152039999956 ], [ 120.835569970000051, -1.761194799999942 ], [ 120.835540909000088, -1.761086889999945 ], [ 120.834848108000074, -1.758521981999934 ], [ 120.834843498000055, -1.758497355999964 ], [ 120.834842330000015, -1.758493019999946 ], [ 120.83480893, -1.758321799999976 ], [ 120.834750360000044, -1.758021579999934 ], [ 120.834717470000101, -1.75785301999997 ], [ 120.834687270000018, -1.757698219999952 ], [ 120.834391820000064, -1.756183799999974 ], [ 120.834201320000034, -1.755207309999946 ], [ 120.834109470000044, -1.754736519999938 ], [ 120.83397414, -1.754371489999926 ], [ 120.83356652000009, -1.753271929999926 ], [ 120.833739620000074, -1.75217041999997 ], [ 120.83408992000011, -1.750792819999958 ], [ 120.834255004000056, -1.750318781999965 ], [ 120.834219319000113, -1.750310295999952 ], [ 120.839410755000017, -1.735514068999976 ], [ 120.839598140000021, -1.734976 ], [ 120.839659450000113, -1.734799959999975 ], [ 120.839730810000106, -1.734595039999931 ], [ 120.83977325, -1.734473169999944 ], [ 120.839804613000069, -1.734391524999978 ], [ 120.839846310000098, -1.734282979999932 ], [ 120.839893650000022, -1.734159769999962 ], [ 120.839903560000039, -1.734133989999975 ], [ 120.839920800000073, -1.734089109999957 ], [ 120.839997910000079, -1.733888389999947 ], [ 120.8401253400001, -1.733556689999944 ], [ 120.840204200000016, -1.733351419999963 ], [ 120.840221810000116, -1.733305579999978 ], [ 120.840223910000077, -1.733300109999959 ], [ 120.840224340000077, -1.733299 ], [ 120.840226210000083, -1.733294149999949 ], [ 120.840231220000078, -1.733281089999934 ], [ 120.840231320000044, -1.733280839999964 ], [ 120.840232210000067, -1.733278509999934 ], [ 120.840232410000112, -1.733277989999976 ], [ 120.840232440000023, -1.733277919999978 ], [ 120.840237640000055, -1.733264369999972 ], [ 120.840344450000089, -1.732986369999935 ], [ 120.840436410000052, -1.732746979999945 ], [ 120.840631510000094, -1.732239169999957 ], [ 120.840960970000083, -1.731381589999955 ], [ 120.841140992000078, -1.730912986999954 ], [ 120.841237690000071, -1.730661279999936 ], [ 120.841259480000076, -1.730604579999977 ], [ 120.841327460000116, -1.730427629999951 ], [ 120.841424083000106, -1.730176122999978 ], [ 120.841864595000061, -1.728854585999954 ], [ 120.84353511900008, -1.724117621999937 ], [ 120.844381822000059, -1.721623278999971 ], [ 120.845800623000059, -1.717595714999959 ], [ 120.848231271000031, -1.71030376899995 ], [ 120.849984550000045, -1.704708169999947 ], [ 120.850015424000048, -1.704624434999971 ], [ 120.850320030000034, -1.703798309999968 ], [ 120.851126780000072, -1.701364059999946 ], [ 120.851489180000044, -1.700308729999961 ], [ 120.851936420000015, -1.69900636999995 ], [ 120.85211852000009, -1.698476059999962 ], [ 120.852213640000059, -1.69819906999993 ], [ 120.85230687, -1.697927589999949 ], [ 120.852397830000086, -1.697662709999975 ], [ 120.852482740000028, -1.697415439999929 ], [ 120.852582020000114, -1.697126339999954 ], [ 120.853286970000113, -1.695073469999954 ], [ 120.854692498000077, -1.69098050599996 ], [ 120.854816362000065, -1.690619807999951 ], [ 120.8550013360001, -1.690032040999938 ], [ 120.855008526, -1.69000919399997 ], [ 120.855023470000106, -1.689953971999955 ], [ 120.855346910000094, -1.688813169999946 ], [ 120.855928550000044, -1.68710811699998 ], [ 120.85601234, -1.686862489999953 ], [ 120.857342083000049, -1.682593055999973 ], [ 120.857418352000082, -1.68234816699993 ], [ 120.857471159000056, -1.682177329999945 ], [ 120.857508524000082, -1.682058440999924 ], [ 120.857514206000019, -1.682040417999929 ], [ 120.857514224000056, -1.682040345999951 ], [ 120.857511221000095, -1.682040185999938 ], [ 120.857511110000019, -1.682040179999944 ], [ 120.857517987000051, -1.682033109999963 ], [ 120.85752255500006, -1.682028468999931 ], [ 120.857522750000044, -1.682028269999932 ], [ 120.857387623000022, -1.682021222999936 ], [ 120.857387670000094, -1.682021116999977 ], [ 120.857387623000022, -1.682021109999937 ], [ 120.857387301000017, -1.682021096999961 ], [ 120.857364082000117, -1.682019890999925 ], [ 120.857342271000107, -1.682018794999976 ], [ 120.857320058000028, -1.68201763299993 ], [ 120.857302872000105, -1.682016783999927 ], [ 120.857297403000075, -1.682016498999928 ], [ 120.857292330000064, -1.682016250999936 ], [ 120.857291266000061, -1.68201619499996 ], [ 120.857290102000093, -1.68201613399998 ], [ 120.857288880000056, -1.682016070999964 ], [ 120.857288316000108, -1.68201604199993 ], [ 120.857287812000095, -1.682016015999977 ], [ 120.85727891800002, -1.682015552999928 ], [ 120.857278683000118, -1.682015540999942 ], [ 120.857277537000073, -1.682015480999951 ], [ 120.857276161000073, -1.682015408999973 ], [ 120.857275249000054, -1.682015361999959 ], [ 120.85727517700002, -1.682015357999944 ], [ 120.857274256000096, -1.68201530999994 ], [ 120.857274261000043, -1.682015270999955 ], [ 120.857274460000099, -1.682014570999968 ], [ 120.857275057000038, -1.682012464999957 ], [ 120.857276621000096, -1.68200694799998 ], [ 120.857277511, -1.682003817999941 ], [ 120.857285354000055, -1.681976170999974 ], [ 120.857286026000111, -1.68197379999998 ], [ 120.857286226000042, -1.681973831999926 ], [ 120.857295175000104, -1.681942785999979 ], [ 120.857311799000058, -1.681882893999955 ], [ 120.857315242000027, -1.68187073799993 ], [ 120.857316198000035, -1.68186740799996 ], [ 120.857342742000014, -1.68177374499993 ], [ 120.857488410000087, -1.681259979999936 ], [ 120.862249660000089, -1.670466869999927 ], [ 120.863876321000021, -1.666779429999963 ], [ 120.867010880000066, -1.659673769999927 ], [ 120.867014410000024, -1.659666099999924 ], [ 120.867796850000104, -1.657969099999946 ], [ 120.867970504000027, -1.657592465999926 ], [ 120.870601400000055, -1.651886369999943 ], [ 120.871414880000088, -1.650058699999931 ], [ 120.874330624000095, -1.643321019999973 ], [ 120.881881320000048, -1.625872929999957 ], [ 120.882301670000061, -1.624874079999927 ], [ 120.882703280000101, -1.624985169999945 ], [ 120.883534780000105, -1.625215159999925 ], [ 120.883675590000053, -1.624895949999939 ], [ 120.89022832, -1.624293559999956 ], [ 120.900355630000035, -1.624289039999951 ], [ 120.909291730000064, -1.624884499999951 ], [ 120.919418730000075, -1.624280399999975 ], [ 120.929546230000028, -1.624875219999979 ], [ 120.94443861000002, -1.62366929999996 ], [ 120.944439220000049, -1.623669249999978 ], [ 120.950299850000079, -1.623219939999956 ], [ 120.953374330000088, -1.623665069999959 ], [ 120.960682250000104, -1.623661569999967 ], [ 120.961876480000114, -1.623661 ], [ 120.961876240000038, -1.623660589999929 ], [ 120.970086860000038, -1.623656659999938 ], [ 120.971246350000115, -1.623656099999948 ], [ 120.982564260000117, -1.622451639999952 ], [ 120.988018110000098, -1.623458579999976 ], [ 120.989250070000026, -1.623506489999954 ], [ 120.989985170000068, -1.623535079999954 ], [ 120.989988690000018, -1.623535219999951 ], [ 121.000319980000086, -1.623937009999963 ], [ 121.007142220000105, -1.62420230999993 ], [ 121.007738380000092, -1.623818709999966 ], [ 121.008578500000112, -1.623278139999968 ], [ 121.020094910000012, -1.618703839999966 ], [ 121.026441220000038, -1.613923659999955 ], [ 121.027195260000099, -1.613355699999943 ], [ 121.02873519000002, -1.61219578999993 ], [ 121.034255060000078, -1.608339499999943 ], [ 121.036809610000091, -1.606870329999936 ], [ 121.036990640000113, -1.606766209999932 ], [ 121.037300260000052, -1.606588149999936 ], [ 121.03754283, -1.60644863999994 ], [ 121.037751160000084, -1.606328819999931 ], [ 121.038045850000117, -1.606159339999977 ], [ 121.038136210000062, -1.606107369999961 ], [ 121.038833480000108, -1.605706359999942 ], [ 121.039404550000086, -1.605377929999975 ], [ 121.04686477000007, -1.600296519999972 ], [ 121.046864763000031, -1.60029648699998 ], [ 121.047637685000041, -1.599770019999937 ], [ 121.050813065000057, -1.597607159999939 ], [ 121.056766315000118, -1.592147460999968 ], [ 121.056766383000081, -1.592147447999935 ], [ 121.057569580000063, -1.59141083999998 ], [ 121.057787985000118, -1.591210547999935 ], [ 121.057831480000118, -1.591170659999932 ], [ 121.058288470000093, -1.590826419999928 ], [ 121.06103556000005, -1.588757089999945 ], [ 121.065978090000044, -1.585033919999944 ], [ 121.066750360000015, -1.584452179999971 ], [ 121.067594610000015, -1.583816209999952 ], [ 121.073695420000035, -1.580446889999962 ], [ 121.084368660000109, -1.578002239999932 ], [ 121.089483800000039, -1.577385779999929 ], [ 121.092052930000023, -1.577076139999974 ], [ 121.093018840000013, -1.576959729999942 ], [ 121.102054080000016, -1.575870779999946 ], [ 121.105505980000089, -1.575428629999976 ], [ 121.114259530000027, -1.574307569999974 ], [ 121.11429768000005, -1.57430267999996 ], [ 121.116749, -1.573988739999947 ], [ 121.118918740000026, -1.573710859999949 ], [ 121.118163830000071, -1.57450708999994 ], [ 121.118207380000058, -1.574501509999948 ], [ 121.125126370000089, -1.573615189999941 ], [ 121.125782210000011, -1.573615779999955 ], [ 121.13610256000004, -1.573625079999942 ], [ 121.142824450000035, -1.572765649999951 ], [ 121.148659230000021, -1.573312079999937 ], [ 121.154116574000113, -1.574401757999965 ], [ 121.154379542000015, -1.574454264999929 ], [ 121.160112793000053, -1.575599033999936 ], [ 121.160799268000119, -1.575729886999966 ], [ 121.161498706000089, -1.575863210999955 ], [ 121.161510988000032, -1.575865551999925 ], [ 121.161510988000032, -1.57494528999996 ], [ 121.161441054000079, -1.569475026999953 ], [ 121.161153806000016, -1.569135324999934 ], [ 121.162441671000011, -1.568814160999978 ], [ 121.162521328000025, -1.56882079899998 ], [ 121.164004306000038, -1.568903023999951 ], [ 121.164280346000055, -1.56887659399996 ], [ 121.164517231000104, -1.568861910999942 ], [ 121.164552953000111, -1.568856343999926 ], [ 121.164989959000081, -1.568809382999973 ], [ 121.165058452000039, -1.568802021999943 ], [ 121.165832850000015, -1.569333037999968 ], [ 121.167452747000084, -1.570502963999957 ], [ 121.169477619000077, -1.572347845999957 ], [ 121.170962524000061, -1.573922745999937 ], [ 121.172132450000049, -1.576307594999946 ], [ 121.174832278000054, -1.579592385999945 ], [ 121.178027075000045, -1.581257279999932 ], [ 121.185612247000108, -1.566991984999959 ], [ 121.187076390000016, -1.566854809999938 ], [ 121.186876029000018, -1.560875381999949 ], [ 121.18660882000006, -1.552900959999931 ], [ 121.18764431000011, -1.548598539999944 ], [ 121.18775826000001, -1.548488799999973 ], [ 121.187950900000033, -1.548157969999977 ], [ 121.188227280000092, -1.547681979999936 ], [ 121.188481900000056, -1.547244819999946 ], [ 121.188775030000102, -1.546730009999976 ], [ 121.189032990000101, -1.546286089999967 ], [ 121.189257450000014, -1.545896179999943 ], [ 121.189371360000109, -1.545697009999969 ], [ 121.189370980000035, -1.545696979999946 ], [ 121.189419820000012, -1.54561493999995 ], [ 121.18961494000007, -1.545275079999954 ], [ 121.189913190000084, -1.54477511999994 ], [ 121.190200310000023, -1.544289209999931 ], [ 121.190548720000038, -1.543679719999943 ], [ 121.190824660000089, -1.543202239999971 ], [ 121.191095030000042, -1.542727569999954 ], [ 121.191315250000116, -1.542362429999969 ], [ 121.191630510000095, -1.542245709999975 ], [ 121.191806390000011, -1.541936919999955 ], [ 121.192026600000077, -1.54157177999997 ], [ 121.192387250000024, -1.541438249999942 ], [ 121.192710100000113, -1.541318719999936 ], [ 121.192887510000105, -1.541012259999945 ], [ 121.193115490000082, -1.540618439999946 ], [ 121.193598490000113, -1.540221919999965 ], [ 121.194113160000029, -1.539541319999955 ], [ 121.194692390000114, -1.538724259999981 ], [ 121.195329490000063, -1.537732159999962 ], [ 121.196719520000102, -1.535572889999969 ], [ 121.197530250000113, -1.534084819999975 ], [ 121.198872540000025, -1.530747899999938 ], [ 121.199226600000088, -1.530256339999937 ], [ 121.19953605, -1.529823759999942 ], [ 121.19973957000002, -1.52954847999996 ], [ 121.1998789700001, -1.529354659999967 ], [ 121.200049030000059, -1.529115909999973 ], [ 121.200336170000014, -1.528722649999963 ], [ 121.200419820000093, -1.528610289999961 ], [ 121.200456050000071, -1.528542889999926 ], [ 121.200511790000064, -1.528430539999931 ], [ 121.200634410000021, -1.528200229999925 ], [ 121.200757040000099, -1.527964309999959 ], [ 121.200907530000109, -1.527660979999951 ], [ 121.201069180000104, -1.527335189999974 ], [ 121.201172300000053, -1.527121749999935 ], [ 121.201490060000083, -1.526588079999954 ], [ 121.201559720000091, -1.526453259999926 ], [ 121.201726950000079, -1.526133079999966 ], [ 121.201899740000044, -1.52579604999994 ], [ 121.202050230000054, -1.525495529999944 ], [ 121.202097620000018, -1.52541126999995 ], [ 121.202150560000064, -1.525307349999935 ], [ 121.202217450000035, -1.525178149999931 ], [ 121.202270400000089, -1.525065809999944 ], [ 121.202351240000098, -1.52491133999996 ], [ 121.202454350000039, -1.524714729999971 ], [ 121.202596500000027, -1.52444509999998 ], [ 121.202744200000097, -1.52416704999996 ], [ 121.202869620000115, -1.523928319999925 ], [ 121.203034070000058, -1.523619369999949 ], [ 121.203209650000076, -1.52327951999996 ], [ 121.20336850000001, -1.522976189999952 ], [ 121.203491130000089, -1.522740269999929 ], [ 121.20353015, -1.522664439999971 ], [ 121.203588670000045, -1.522540859999935 ], [ 121.203786600000058, -1.52224592999994 ], [ 121.204045860000065, -1.521863929999938 ], [ 121.204310690000057, -1.521467879999932 ], [ 121.204522540000085, -1.52114204999998 ], [ 121.204798520000054, -1.520715109999969 ], [ 121.205238960000088, -1.520046609999952 ], [ 121.205526090000035, -1.519611239999961 ], [ 121.205637590000038, -1.519439899999952 ], [ 121.205763040000079, -1.519254519999947 ], [ 121.205908, -1.519035429999974 ], [ 121.206047380000086, -1.518821959999968 ], [ 121.206175610000059, -1.518622529999959 ], [ 121.206331710000086, -1.518380979999961 ], [ 121.206451590000029, -1.518201209999972 ], [ 121.206549150000114, -1.51804672999998 ], [ 121.20660491000001, -1.517965269999934 ], [ 121.206685760000028, -1.517844489999959 ], [ 121.20683349, -1.517614169999945 ], [ 121.206933840000033, -1.517459679999945 ], [ 121.2071345600001, -1.517159139999933 ], [ 121.207457910000016, -1.516659169999969 ], [ 121.207575, -1.516482209999936 ], [ 121.207706030000054, -1.516299629999935 ], [ 121.208074020000026, -1.515774369999974 ], [ 121.20849777, -1.515198529999964 ], [ 121.20898008000006, -1.514560889999927 ], [ 121.209239360000083, -1.514212579999935 ], [ 121.209551600000054, -1.513791239999932 ], [ 121.20973283, -1.513549669999975 ], [ 121.209847120000063, -1.513392359999955 ], [ 121.209923700000104, -1.513296529999934 ], [ 121.21009803000004, -1.513055289999954 ], [ 121.210249, -1.512855859999945 ], [ 121.210302270000057, -1.512948179999967 ], [ 121.210444180000081, -1.512759009999968 ], [ 121.210558480000032, -1.512601709999956 ], [ 121.210635060000072, -1.512505879999935 ], [ 121.21080939, -1.512264639999955 ], [ 121.21096035000005, -1.512065209999946 ], [ 121.21106468000005, -1.512246009999956 ], [ 121.212173810000081, -1.513642569999945 ], [ 121.213629600000104, -1.515423229999953 ], [ 121.215293910000014, -1.51678536999998 ], [ 121.216334410000059, -1.517274719999932 ], [ 121.217375240000024, -1.51734536999993 ], [ 121.218277350000108, -1.517346109999949 ], [ 121.219040780000114, -1.517207179999957 ], [ 121.219700360000047, -1.516789039999935 ], [ 121.22091531, -1.516092209999954 ], [ 121.223052610000082, -1.514542209999945 ], [ 121.223284050000075, -1.514374369999928 ], [ 121.224708110000051, -1.512526309999942 ], [ 121.22641031, -1.509980639999981 ], [ 121.227278970000043, -1.508446129999925 ], [ 121.227488000000108, -1.507399549999946 ], [ 121.227315590000103, -1.506073539999932 ], [ 121.226830940000013, -1.504712369999936 ], [ 121.226172920000067, -1.503211509999971 ], [ 121.225376310000115, -1.501466279999931 ], [ 121.225272730000029, -1.500838149999936 ], [ 121.225412140000117, -1.500070649999941 ], [ 121.225507300000118, -1.499837339999942 ], [ 121.225543160000029, -1.499749429999952 ], [ 121.225687190000031, -1.499466609999956 ], [ 121.227934520000076, -1.497690979999959 ], [ 121.229358660000116, -1.496565759999953 ], [ 121.236645130000056, -1.491158389999953 ], [ 121.237585880000097, -1.490460239999948 ], [ 121.237606320000054, -1.490445079999972 ], [ 121.238011450000045, -1.49014442999993 ], [ 121.240857320000032, -1.488032479999958 ], [ 121.244704280000065, -1.485020599999928 ], [ 121.25012227000002, -1.480988709999963 ], [ 121.254214970000021, -1.477974609999933 ], [ 121.257333340000059, -1.47550831999996 ], [ 121.259204, -1.474490939999953 ], [ 121.261854050000011, -1.473121489999926 ], [ 121.263295830000061, -1.47257400999996 ], [ 121.265477650000093, -1.472183859999973 ], [ 121.268516440000099, -1.471872739999981 ], [ 121.272607090000065, -1.471484069999974 ], [ 121.275100450000082, -1.471250889999965 ], [ 121.276887610000017, -1.471448929999951 ], [ 121.27759341, -1.471527139999978 ], [ 121.278413140000112, -1.471580639999956 ], [ 121.278418520000059, -1.47158098999995 ], [ 121.280631820000053, -1.471725439999943 ], [ 121.284283930000015, -1.471810209999944 ], [ 121.290633320000097, -1.472402939999938 ], [ 121.293438020000053, -1.472601039999972 ], [ 121.295152010000038, -1.472719919999975 ], [ 121.2966022600001, -1.472805619999974 ], [ 121.296674730000063, -1.472809899999959 ], [ 121.297839870000075, -1.472878739999942 ], [ 121.300449950000029, -1.472880749999945 ], [ 121.31209960000001, -1.472717409999973 ], [ 121.350856580000027, -1.473156459999927 ], [ 121.351684240000054, -1.473095289999947 ], [ 121.35958375000007, -1.457578379999973 ], [ 121.359898430000044, -1.457566909999969 ], [ 121.35993054000005, -1.457503829999951 ], [ 121.359955380000088, -1.457455039999957 ], [ 121.359967860000097, -1.457430539999962 ], [ 121.359968640000034, -1.457429 ], [ 121.360040860000026, -1.457287149999956 ], [ 121.360045520000085, -1.457277989999966 ], [ 121.360129370000095, -1.457113289999938 ], [ 121.360212070000102, -1.456950829999926 ], [ 121.360295110000038, -1.456787729999974 ], [ 121.36037189000001, -1.456784929999969 ], [ 121.360379290000083, -1.456784659999926 ], [ 121.360481410000034, -1.456780939999931 ], [ 121.360504780000042, -1.45678007999993 ], [ 121.360504900000024, -1.45678007999993 ], [ 121.360710230000109, -1.456772599999965 ], [ 121.360714940000094, -1.456772419999936 ], [ 121.360969720000071, -1.456763139999964 ], [ 121.361310680000088, -1.456750709999937 ], [ 121.361318830000073, -1.456750409999927 ], [ 121.361466550000046, -1.456745029999979 ], [ 121.361629030000017, -1.45671085999993 ], [ 121.361657530000116, -1.456704869999953 ], [ 121.361923060000095, -1.456649019999929 ], [ 121.361928170000056, -1.456647949999933 ], [ 121.362260800000058, -1.456578 ], [ 121.362267030000112, -1.456576679999955 ], [ 121.362582940000038, -1.456510249999951 ], [ 121.362593640000114, -1.456508 ], [ 121.362903070000016, -1.456442919999972 ], [ 121.362915330000078, -1.45644034999998 ], [ 121.363150440000027, -1.456390899999974 ], [ 121.363181050000094, -1.456385119999936 ], [ 121.363442730000088, -1.456335759999945 ], [ 121.363463100000104, -1.456331919999968 ], [ 121.363571600000114, -1.45631144999993 ], [ 121.363585970000031, -1.45630873999994 ], [ 121.36361303000001, -1.456303629999979 ], [ 121.363933450000104, -1.456243189999952 ], [ 121.364060030000019, -1.456219309999938 ], [ 121.364065370000048, -1.456218299999932 ], [ 121.36420368000006, -1.456192209999926 ], [ 121.364208290000079, -1.456191339999975 ], [ 121.364283430000114, -1.456177169999933 ], [ 121.364283590000014, -1.456177139999966 ], [ 121.364593180000043, -1.456118739999965 ], [ 121.364960500000052, -1.456049449999966 ], [ 121.36524979, -1.455994879999935 ], [ 121.3655641900001, -1.455941959999961 ], [ 121.365769110000087, -1.455907899999943 ], [ 121.365937470000063, -1.455879909999965 ], [ 121.36597874000006, -1.45587304999998 ], [ 121.36621553000009, -1.455833679999955 ], [ 121.366309490000049, -1.455818059999956 ], [ 121.366753660000086, -1.455744229999937 ], [ 121.367126370000051, -1.455682269999954 ], [ 121.367136030000097, -1.45567914999998 ], [ 121.367393580000112, -1.455595899999935 ], [ 121.367741190000061, -1.455483529999981 ], [ 121.36795759000006, -1.455413589999978 ], [ 121.368496140000047, -1.455239509999956 ], [ 121.368950460000065, -1.455092649999926 ], [ 121.368984200000114, -1.455080609999925 ], [ 121.369159750000108, -1.455017969999972 ], [ 121.369227350000074, -1.454993849999937 ], [ 121.369245940000042, -1.454987219999964 ], [ 121.369246130000079, -1.454987159999973 ], [ 121.369356710000034, -1.454952179999964 ], [ 121.369564110000056, -1.454873699999951 ], [ 121.36956414000008, -1.454873689999943 ], [ 121.369690830000081, -1.454828479999946 ], [ 121.370510330000116, -1.454534969999941 ], [ 121.371646810000016, -1.454097739999952 ], [ 121.371673050000027, -1.454087639999955 ], [ 121.371858380000049, -1.454016339999953 ], [ 121.372163230000069, -1.453899059999969 ], [ 121.372247750000042, -1.453866539999979 ], [ 121.372314870000082, -1.453838859999962 ], [ 121.372559030000048, -1.454222959999925 ], [ 121.375659590000055, -1.45305062999995 ], [ 121.380431760000079, -1.449640629999976 ], [ 121.387373330000059, -1.445093609999958 ], [ 121.39305679000006, -1.441552019999961 ], [ 121.400519170000052, -1.437135729999966 ], [ 121.402341370000045, -1.436042599999951 ], [ 121.407633470000064, -1.431365579999976 ], [ 121.410756570000103, -1.42843709999994 ], [ 121.413575910000077, -1.425596169999949 ], [ 121.416757510000025, -1.422096809999971 ], [ 121.416757890000099, -1.422097089999966 ], [ 121.416756350000014, -1.422089839999956 ], [ 121.417078290000063, -1.421735749999925 ], [ 121.417150000000106, -1.421656879999944 ], [ 121.417468870000107, -1.421306159999972 ], [ 121.417469250000067, -1.421306439999967 ], [ 121.417454890000045, -1.421239039999932 ], [ 121.431968360000042, -1.405657089999977 ], [ 121.432704790000116, -1.404866439999978 ], [ 121.432720910000057, -1.404866439999978 ], [ 121.432742470000107, -1.404866439999978 ], [ 121.433142490000023, -1.404866449999929 ], [ 121.433146940000029, -1.404866449999929 ], [ 121.434177550000072, -1.404866439999978 ], [ 121.434191830000032, -1.404866439999978 ], [ 121.434208960000092, -1.404866439999978 ], [ 121.43518121000011, -1.404866439999978 ], [ 121.435206910000034, -1.404866439999978 ], [ 121.436092070000086, -1.404866439999978 ], [ 121.436114910000015, -1.404866439999978 ], [ 121.43722850000006, -1.404866439999978 ], [ 121.4381165100001, -1.404866439999978 ], [ 121.438157910000086, -1.404866439999978 ], [ 121.438886030000049, -1.404866439999978 ], [ 121.438940280000111, -1.404866439999978 ], [ 121.439856850000069, -1.404866439999978 ], [ 121.439906820000033, -1.404866439999978 ], [ 121.440886200000023, -1.404866439999978 ], [ 121.441383040000119, -1.404866439999978 ], [ 121.441394890000083, -1.404866439999978 ], [ 121.441782070000045, -1.404866439999978 ], [ 121.44179492, -1.404866439999978 ], [ 121.442332440000087, -1.404866439999978 ], [ 121.442348860000038, -1.404866439999978 ], [ 121.442864250000071, -1.404866439999978 ], [ 121.44341105, -1.404866439999978 ], [ 121.443423900000084, -1.404866439999978 ], [ 121.443865770000116, -1.404866439999978 ], [ 121.443878620000078, -1.404866439999978 ], [ 121.444347610000023, -1.404866439999978 ], [ 121.444360460000098, -1.404866439999978 ], [ 121.44483230000003, -1.404866439999978 ], [ 121.444844440000111, -1.404866439999978 ], [ 121.445361260000027, -1.404866439999978 ], [ 121.445381960000077, -1.404866439999978 ], [ 121.445936610000103, -1.404866439999978 ], [ 121.447152010000082, -1.404866439999978 ], [ 121.447214670000108, -1.404866439999978 ], [ 121.448824770000101, -1.404866439999978 ], [ 121.450761650000118, -1.404866439999978 ], [ 121.450868720000017, -1.404866439999978 ], [ 121.451980410000033, -1.404866439999978 ], [ 121.456212040000082, -1.404866439999978 ], [ 121.456453060000058, -1.404866439999978 ], [ 121.45645443, -1.404866449999929 ], [ 121.456454530000087, -1.404866449999929 ], [ 121.456454810000082, -1.404866449999929 ], [ 121.456455590000019, -1.404866439999978 ], [ 121.456456300000013, -1.404866439999978 ], [ 121.45645801, -1.404866439999978 ], [ 121.456458410000096, -1.404866439999978 ], [ 121.456459610000024, -1.404866449999929 ], [ 121.456460200000038, -1.404866449999929 ], [ 121.456463360000043, -1.404866439999978 ], [ 121.456466480000017, -1.404866439999978 ], [ 121.456468400000063, -1.404866439999978 ], [ 121.456469090000041, -1.404866439999978 ], [ 121.456476400000042, -1.404866439999978 ], [ 121.456476510000016, -1.404866439999978 ], [ 121.456476700000053, -1.404866439999978 ], [ 121.456477550000045, -1.404866439999978 ], [ 121.456478210000114, -1.404866439999978 ], [ 121.456478440000069, -1.404866439999978 ], [ 121.456480650000117, -1.404866439999978 ], [ 121.456486920000089, -1.404866439999978 ], [ 121.456495730000029, -1.404866439999978 ], [ 121.456499560000111, -1.404866439999978 ], [ 121.456500190000042, -1.404866439999978 ], [ 121.456501020000019, -1.404866439999978 ], [ 121.456504320000022, -1.404866439999978 ], [ 121.456514290000086, -1.404866439999978 ], [ 121.456524280000053, -1.404866439999978 ], [ 121.456525440000064, -1.404866439999978 ], [ 121.456525770000098, -1.404866439999978 ], [ 121.456531240000118, -1.404866439999978 ], [ 121.456540460000042, -1.404866439999978 ], [ 121.456545100000085, -1.404866439999978 ], [ 121.456547900000032, -1.404866439999978 ], [ 121.456548400000088, -1.404866439999978 ], [ 121.456548940000062, -1.404866439999978 ], [ 121.456555330000015, -1.404866439999978 ], [ 121.456566490000114, -1.404866439999978 ], [ 121.456571960000019, -1.404866439999978 ], [ 121.45657309, -1.404866439999978 ], [ 121.456573510000112, -1.404866439999978 ], [ 121.456606210000018, -1.404866439999978 ], [ 121.456613810000022, -1.404866439999978 ], [ 121.456645230000049, -1.404866439999978 ], [ 121.456728030000022, -1.404866439999978 ], [ 121.456774200000041, -1.404866439999978 ], [ 121.456783710000082, -1.404866439999978 ], [ 121.456791330000101, -1.404866439999978 ], [ 121.456801800000108, -1.404866439999978 ], [ 121.456846290000044, -1.404866439999978 ], [ 121.456927670000027, -1.404866439999978 ], [ 121.456965500000024, -1.404866439999978 ], [ 121.45697954000002, -1.404866439999978 ], [ 121.456983350000087, -1.404866439999978 ], [ 121.45708293000007, -1.404866439999978 ], [ 121.457253300000048, -1.404866439999978 ], [ 121.457478870000045, -1.404866439999978 ], [ 121.457616880000046, -1.404866439999978 ], [ 121.457637820000059, -1.404866439999978 ], [ 121.457840790000091, -1.404866439999978 ], [ 121.458166770000048, -1.404866439999978 ], [ 121.4585629500001, -1.404866439999978 ], [ 121.458622440000113, -1.404866439999978 ], [ 121.458636720000072, -1.404866439999978 ], [ 121.458673600000111, -1.404866439999978 ], [ 121.458854440000096, -1.404866439999978 ], [ 121.45924229000002, -1.404866439999978 ], [ 121.459506410000017, -1.404866439999978 ], [ 121.459603970000103, -1.404866439999978 ], [ 121.459627780000119, -1.404866439999978 ], [ 121.459851430000072, -1.404866439999978 ], [ 121.460249990000079, -1.404866439999978 ], [ 121.460530770000105, -1.404866439999978 ], [ 121.460583120000024, -1.404866439999978 ], [ 121.460627140000042, -1.404866439999978 ], [ 121.460760390000019, -1.404866439999978 ], [ 121.461095890000024, -1.404866439999978 ], [ 121.46120178000001, -1.404866439999978 ], [ 121.461296950000019, -1.404866439999978 ], [ 121.461363580000011, -1.404866439999978 ], [ 121.461464710000087, -1.404866439999978 ], [ 121.461714940000093, -1.404866439999978 ], [ 121.461736550000069, -1.404866439999978 ], [ 121.461750350000102, -1.404866439999978 ], [ 121.461779380000053, -1.404866439999978 ], [ 121.461810310000033, -1.404866439999978 ], [ 121.46183077, -1.404866439999978 ], [ 121.461862180000026, -1.404866439999978 ], [ 121.461872650000032, -1.404866439999978 ], [ 121.461911200000031, -1.404866439999978 ], [ 121.461987340000064, -1.404866439999978 ], [ 121.462031600000046, -1.404866439999978 ], [ 121.46206136, -1.404866439999978 ], [ 121.462095840000075, -1.404866439999978 ], [ 121.462105380000025, -1.404866439999978 ], [ 121.462146780000012, -1.404866439999978 ], [ 121.462164150000035, -1.404866439999978 ], [ 121.462172720000012, -1.404866439999978 ], [ 121.462177000000111, -1.404866439999978 ], [ 121.462185790000035, -1.404866439999978 ], [ 121.462189370000033, -1.404866439999978 ], [ 121.462195780000116, -1.404866439999978 ], [ 121.462201980000032, -1.404866439999978 ], [ 121.462225290000106, -1.404866439999978 ], [ 121.462273830000072, -1.404866439999978 ], [ 121.462334740000074, -1.404866439999978 ], [ 121.462427540000022, -1.404866439999978 ], [ 121.462428970000019, -1.404866439999978 ], [ 121.46243182, -1.404866439999978 ], [ 121.462440870000023, -1.404866439999978 ], [ 121.462467520000018, -1.404866439999978 ], [ 121.462498450000112, -1.404866439999978 ], [ 121.462549370000033, -1.404866439999978 ], [ 121.462604570000053, -1.404866439999978 ], [ 121.462672630000043, -1.404866439999978 ], [ 121.462725450000107, -1.404866439999978 ], [ 121.462740040000085, -1.404866439999978 ], [ 121.462759710000114, -1.404866439999978 ], [ 121.462856640000041, -1.404866439999978 ], [ 121.462876340000093, -1.404866439999978 ], [ 121.462879480000083, -1.404866439999978 ], [ 121.463076930000057, -1.404866439999978 ], [ 121.463272280000069, -1.404866439999978 ], [ 121.463392490000047, -1.404866439999978 ], [ 121.463491480000016, -1.404866439999978 ], [ 121.463669180000011, -1.404866439999978 ], [ 121.46384592000004, -1.404866439999978 ], [ 121.464024810000069, -1.404866439999978 ], [ 121.464203940000061, -1.404866439999978 ], [ 121.464385460000017, -1.404866439999978 ], [ 121.464457210000091, -1.404866439999978 ], [ 121.464534370000024, -1.404866439999978 ], [ 121.464568430000099, -1.404866439999978 ], [ 121.464601450000032, -1.404866439999978 ], [ 121.464637350000089, -1.404866439999978 ], [ 121.464640980000013, -1.404866439999978 ], [ 121.46465623000006, -1.40486642999997 ], [ 121.464656260000083, -1.40486642999997 ], [ 121.464657080000052, -1.404866439999978 ], [ 121.465299870000081, -1.404866439999978 ], [ 121.465949380000097, -1.404866439999978 ], [ 121.466063420000069, -1.403408479999939 ], [ 121.466056250000065, -1.399632419999932 ], [ 121.466187930000046, -1.398783399999957 ], [ 121.46821689, -1.393502749999925 ], [ 121.469982020000089, -1.388492889999952 ], [ 121.472264010000117, -1.384173059999966 ], [ 121.473670140000081, -1.380492439999955 ], [ 121.473829090000095, -1.380074219999926 ], [ 121.474167630000011, -1.379183499999954 ], [ 121.474473830000079, -1.378377869999952 ], [ 121.474768930000096, -1.377601419999962 ], [ 121.47483026000009, -1.377440039999954 ], [ 121.474830170000018, -1.377412449999952 ], [ 121.47483821000003, -1.37739363999998 ], [ 121.474837980000075, -1.377374379999935 ], [ 121.474835, -1.377127409999957 ], [ 121.474834800000053, -1.37711029999997 ], [ 121.474827040000037, -1.376466219999941 ], [ 121.474826900000039, -1.376423019999947 ], [ 121.474826740000026, -1.376376039999968 ], [ 121.474826540000095, -1.376314739999941 ], [ 121.474826320000034, -1.37624988999994 ], [ 121.474826220000068, -1.376218349999931 ], [ 121.474826150000013, -1.376196379999953 ], [ 121.474825890000034, -1.376118489999953 ], [ 121.474825610000039, -1.37603576999993 ], [ 121.474825420000116, -1.37597803999995 ], [ 121.474825390000092, -1.375967899999978 ], [ 121.474825340000052, -1.375954169999943 ], [ 121.474825250000094, -1.375926299999946 ], [ 121.474824850000118, -1.37580558999997 ], [ 121.474824520000084, -1.375703839999971 ], [ 121.47482444000002, -1.375680609999961 ], [ 121.474824400000102, -1.375667439999972 ], [ 121.474823740000033, -1.375469079999959 ], [ 121.474823620000052, -1.375431809999952 ], [ 121.474822530000097, -1.375369219999925 ], [ 121.474822450000033, -1.375364759999968 ], [ 121.474821750000046, -1.375329839999949 ], [ 121.474820630000067, -1.375273829999969 ], [ 121.474816660000101, -1.375076579999927 ], [ 121.474815080000099, -1.374997899999926 ], [ 121.474813090000112, -1.374899009999979 ], [ 121.474810700000035, -1.374780419999979 ], [ 121.47480943000005, -1.374717309999937 ], [ 121.474805670000023, -1.374692709999977 ], [ 121.47480565, -1.37469077999998 ], [ 121.474803040000097, -1.374474 ], [ 121.474802520000026, -1.374431209999955 ], [ 121.474803310000084, -1.374436949999961 ], [ 121.474890530000039, -1.37445385999996 ], [ 121.475009680000085, -1.374476959999924 ], [ 121.475224690000118, -1.374518639999962 ], [ 121.475281020000011, -1.374529559999928 ], [ 121.475281860000109, -1.37452959999996 ], [ 121.475672900000063, -1.374605329999952 ], [ 121.47645513000009, -1.374756949999949 ], [ 121.476571090000107, -1.374779369999942 ], [ 121.476571240000112, -1.374779199999978 ], [ 121.476571300000046, -1.374779689999968 ], [ 121.47688960000005, -1.374841299999957 ], [ 121.477240880000068, -1.374909429999946 ], [ 121.477546260000054, -1.374968679999938 ], [ 121.477630350000027, -1.374984909999966 ], [ 121.477630400000066, -1.37498501999994 ], [ 121.477904810000041, -1.375038199999949 ], [ 121.478071800000066, -1.375070659999949 ], [ 121.478154020000034, -1.375086559999943 ], [ 121.47815426000011, -1.37508639999993 ], [ 121.47815429000002, -1.37508650999996 ], [ 121.478195610000057, -1.375094569999931 ], [ 121.478236290000041, -1.375102419999962 ], [ 121.478247930000066, -1.375104719999968 ], [ 121.478278790000104, -1.375110749999976 ], [ 121.478301100000067, -1.375115069999936 ], [ 121.478309780000018, -1.375116669999954 ], [ 121.478314880000084, -1.375117659999944 ], [ 121.478320290000056, -1.375118719999932 ], [ 121.47832781000011, -1.375120189999961 ], [ 121.478329600000052, -1.375120539999955 ], [ 121.483437920000028, -1.375426249999975 ], [ 121.488446200000112, -1.375530269999956 ], [ 121.495958810000047, -1.375434229999939 ], [ 121.500466790000019, -1.374731389999965 ], [ 121.502870940000093, -1.374531279999928 ], [ 121.506175660000054, -1.375843939999925 ], [ 121.51058093000006, -1.37927437999997 ], [ 121.51298359000009, -1.38149379999993 ], [ 121.514885410000034, -1.383712909999929 ], [ 121.51578505000009, -1.386737889999949 ], [ 121.516284140000039, -1.389561 ], [ 121.517181370000117, -1.39641692999993 ], [ 121.518382450000104, -1.397929899999951 ], [ 121.520485320000034, -1.399040189999937 ], [ 121.523734500000046, -1.400530619999927 ], [ 121.525692690000028, -1.401362229999961 ], [ 121.528497200000061, -1.401767259999929 ], [ 121.531001390000029, -1.401869659999932 ], [ 121.534406860000104, -1.402375879999965 ], [ 121.537511960000074, -1.40268027999997 ], [ 121.539715520000073, -1.402984109999977 ], [ 121.540516830000115, -1.403085429999976 ], [ 121.5421191800001, -1.40369131999995 ], [ 121.548128, -1.406013839999957 ], [ 121.55063116000008, -1.407830089999948 ], [ 121.55363487000011, -1.410150729999941 ], [ 121.55683862, -1.412975569999958 ], [ 121.560142430000042, -1.416002119999973 ], [ 121.562845510000102, -1.418425089999971 ], [ 121.567951400000084, -1.423265759999936 ], [ 121.570554830000106, -1.424981269999932 ], [ 121.573861470000111, -1.423471079999956 ], [ 121.576767300000029, -1.422162269999944 ], [ 121.579272670000023, -1.420449939999969 ], [ 121.582678620000024, -1.420351229999937 ], [ 121.5867729900001, -1.41843130999996 ], [ 121.58718771000008, -1.418236839999963 ], [ 121.588290960000108, -1.416019539999979 ], [ 121.589056930000083, -1.414953509999975 ], [ 121.589594310000052, -1.414205629999969 ], [ 121.594503530000111, -1.412998819999927 ], [ 121.602819110000041, -1.410431469999935 ], [ 121.608452090000014, -1.408637649999946 ], [ 121.612711520000062, -1.406704739999952 ], [ 121.614634940000087, -1.406152899999938 ], [ 121.617520810000087, -1.404080909999948 ], [ 121.621780720000061, -1.401318479999929 ], [ 121.624332720000098, -1.398753069999941 ], [ 121.624403330000064, -1.398682088999976 ], [ 121.624681365000015, -1.398402591999968 ], [ 121.624804510000104, -1.398278799999957 ], [ 121.625068240000019, -1.398108389999948 ], [ 121.627560049000067, -1.396498267999959 ], [ 121.628217032000066, -1.396074639999938 ], [ 121.628253333000089, -1.396050291999927 ], [ 121.628652150000107, -1.395792589999928 ], [ 121.629691002000072, -1.394226258999936 ], [ 121.629857794000031, -1.393974777999972 ], [ 121.629869320000012, -1.393953070999942 ], [ 121.630248932000086, -1.393385038999952 ], [ 121.630406576000041, -1.393149148999953 ], [ 121.630586042000118, -1.392887752999968 ], [ 121.630723197000066, -1.392846399999939 ], [ 121.630966698000066, -1.392772982999929 ], [ 121.630975983000098, -1.392762753999932 ], [ 121.630989582000097, -1.392762220999941 ], [ 121.631415726000114, -1.392634115999954 ], [ 121.632728145000101, -1.392235422999931 ], [ 121.632743178000055, -1.392236729999979 ], [ 121.635945793000019, -1.390434768999967 ], [ 121.638039327000115, -1.389865203999932 ], [ 121.640212461000033, -1.389273983999942 ], [ 121.643464750000021, -1.386701433999974 ], [ 121.643471505000093, -1.386693625999953 ], [ 121.643669225000053, -1.386465068999939 ], [ 121.649587671000063, -1.379623561999949 ], [ 121.650303968000117, -1.37879554899996 ], [ 121.653629459000058, -1.376955025999962 ], [ 121.654207637000013, -1.376114977999976 ], [ 121.658318936000114, -1.370141580999928 ], [ 121.659592290000091, -1.368418409999947 ], [ 121.66316552, -1.365240649999976 ], [ 121.66962151000007, -1.365520759999924 ], [ 121.675391070000046, -1.365109199999949 ], [ 121.681159810000054, -1.366218409999931 ], [ 121.682670980000012, -1.36594273999998 ], [ 121.690364890000069, -1.36332017999996 ], [ 121.697920030000091, -1.363324299999931 ], [ 121.705750210000019, -1.362775529999965 ], [ 121.70991222400005, -1.363549477999925 ], [ 121.709924435000062, -1.363551748999953 ], [ 121.71096964000003, -1.363746109999965 ], [ 121.712357110000085, -1.363478339999972 ], [ 121.712521520000109, -1.362738709999974 ], [ 121.715073850000067, -1.362246139999968 ], [ 121.719607850000102, -1.360589519999962 ], [ 121.724279220000085, -1.358932969999955 ], [ 121.72675270000002, -1.357275229999971 ], [ 121.729788620000022, -1.353078039999957 ], [ 121.730277520000072, -1.352402129999973 ], [ 121.731158770000093, -1.349666269999943 ], [ 121.73129, -1.349258879999979 ], [ 121.731776730000092, -1.348769519999962 ], [ 121.734451090000107, -1.346080679999943 ], [ 121.737364460000094, -1.343732149999937 ], [ 121.738368990000026, -1.34292236999994 ], [ 121.74180157, -1.34015525999996 ], [ 121.743427100000076, -1.338549859999944 ], [ 121.744895610000071, -1.33709953999994 ], [ 121.745995180000023, -1.335855809999941 ], [ 121.749705150000068, -1.333783879999942 ], [ 121.751217950000068, -1.333668809999949 ], [ 121.751921640000091, -1.333615279999947 ], [ 121.757815470000082, -1.333166959999971 ], [ 121.762343470000019, -1.332822519999979 ], [ 121.76536633, -1.331303229999946 ], [ 121.769625500000075, -1.329784549999943 ], [ 121.772922200000039, -1.330062719999944 ], [ 121.776081540000064, -1.330340809999939 ], [ 121.778828850000082, -1.330480429999966 ], [ 121.795314900000108, -1.326893889999951 ], [ 121.798744531000011, -1.325946444999943 ], [ 121.800810410000054, -1.32537573999997 ], [ 121.803970580000055, -1.323994699999957 ], [ 121.8089012800001, -1.319308369999931 ], [ 121.809004328000015, -1.31919338199998 ], [ 121.808937439000033, -1.318918395999958 ], [ 121.808975196, -1.318257659999972 ], [ 121.808975196, -1.317898974999935 ], [ 121.809088465000059, -1.317219359999967 ], [ 121.809409394000113, -1.316690771999959 ], [ 121.809692566000081, -1.316275451999957 ], [ 121.810334424000075, -1.315746862999958 ], [ 121.810730866000085, -1.315539202999958 ], [ 121.811485993000019, -1.31521827399996 ], [ 121.812259998000059, -1.314840710999931 ], [ 121.812713074000044, -1.31372689799997 ], [ 121.812979360000099, -1.31350499399997 ], [ 121.813279419000082, -1.313254943999937 ], [ 121.815016211000057, -1.312764111999968 ], [ 121.815733581000018, -1.312537573999975 ], [ 121.817446776000111, -1.310937647999936 ], [ 121.819089177000023, -1.309276368999974 ], [ 121.819787669000107, -1.308558998999956 ], [ 121.820505040000057, -1.307803871999965 ], [ 121.821675486000117, -1.307218647999946 ], [ 121.822511893000069, -1.307112437999933 ], [ 121.822864811000045, -1.307067622999966 ], [ 121.824261796000087, -1.307162013999971 ], [ 121.825149070000066, -1.307766114999936 ], [ 121.825734293000096, -1.30844572999996 ], [ 121.826244004000046, -1.30935188199993 ], [ 121.827032168000073, -1.312424304999979 ], [ 121.827409731000103, -1.31368914199993 ], [ 121.827711782000051, -1.314349877999973 ], [ 121.828353640000046, -1.315256029999944 ], [ 121.828976620000049, -1.316030035999972 ], [ 121.829675112000018, -1.316445354999928 ], [ 121.8301659440001, -1.316426476999936 ], [ 121.830770046000112, -1.316143304999969 ], [ 121.831053219000069, -1.315841253999963 ], [ 121.83446544800006, -1.31463305099993 ], [ 121.837481236000031, -1.313632507999955 ], [ 121.838991490000012, -1.313632507999955 ], [ 121.84014305900007, -1.313708019999979 ], [ 121.841370140000095, -1.313972314999944 ], [ 121.842181901000117, -1.314331 ], [ 121.843574167000043, -1.315652471999954 ], [ 121.845178811000096, -1.318517234999945 ], [ 121.846311502000049, -1.319281800999931 ], [ 121.847330923000072, -1.319130774999962 ], [ 121.84801053700005, -1.318828724999946 ], [ 121.849332009000022, -1.318186866999952 ], [ 121.850426943000116, -1.317998084999942 ], [ 121.850728994000065, -1.317998084999942 ], [ 121.855099291000101, -1.317469495999944 ], [ 121.857138134000024, -1.316978663999976 ], [ 121.858195311000031, -1.316601099999957 ], [ 121.85966780900003, -1.316450074999977 ], [ 121.860611718000087, -1.316563343999974 ], [ 121.863282979000019, -1.317545008999957 ], [ 121.8639869000001, -1.317911047999928 ], [ 121.864073899000118, -1.317912629999967 ], [ 121.865189762000114, -1.31774818699995 ], [ 121.86575356700007, -1.317642472999978 ], [ 121.866176421000091, -1.317090413999949 ], [ 121.866370208000035, -1.315520736999929 ], [ 121.866528799000093, -1.314236151999978 ], [ 121.866411339000024, -1.313437428999976 ], [ 121.866223405000028, -1.312532991999944 ], [ 121.86616467500005, -1.311546332999967 ], [ 121.866293880000057, -1.311006019999979 ], [ 121.866716734000079, -1.310336501999927 ], [ 121.867104350000091, -1.309960631999957 ], [ 121.867809106000095, -1.309514285999967 ], [ 121.868737035000095, -1.309126670999945 ], [ 121.8687581370001, -1.30912352799993 ], [ 121.86876346300005, -1.309111987999927 ], [ 121.869926310000096, -1.308504135999954 ], [ 121.870257049000088, -1.308357399999977 ], [ 121.870664344000033, -1.307910061999962 ], [ 121.871476106000046, -1.307277642999964 ], [ 121.872158070000069, -1.307023287999925 ], [ 121.872268985000119, -1.306981919999942 ], [ 121.873092549000035, -1.30640688699998 ], [ 121.874770347000094, -1.305698955999958 ], [ 121.875714256000037, -1.305491295999957 ], [ 121.876507139000068, -1.305396904999952 ], [ 121.877771977000066, -1.305378026999961 ], [ 121.878828625000097, -1.305580550999935 ], [ 121.88059648, -1.305643529999941 ], [ 121.881800940000062, -1.305642629999966 ], [ 121.882131284000025, -1.30562159699997 ], [ 121.882542120000039, -1.305595439999934 ], [ 121.882542950000015, -1.305596699999967 ], [ 121.883191400000101, -1.306574079999962 ], [ 121.883192230000077, -1.306575339999938 ], [ 121.883424590000118, -1.30764722999993 ], [ 121.884072960000026, -1.308438429999967 ], [ 121.884073220000118, -1.308438979999949 ], [ 121.88407380000001, -1.308439689999943 ], [ 121.88444456000002, -1.309231089999969 ], [ 121.884445, -1.309232029999976 ], [ 121.885557470000094, -1.310117069999933 ], [ 121.886245152000015, -1.310311168999931 ], [ 121.887040190000107, -1.310535569999956 ], [ 121.887595920000081, -1.310302029999946 ], [ 121.888244190000023, -1.30992853999993 ], [ 121.88884586000006, -1.309182079999971 ], [ 121.88921632000006, -1.308995299999935 ], [ 121.890234950000035, -1.308295149999935 ], [ 121.890929480000068, -1.307828369999925 ], [ 121.891345640000054, -1.306802299999958 ], [ 121.891484370000057, -1.306475819999946 ], [ 121.892271790000109, -1.306335349999927 ], [ 121.892920200000049, -1.306148359999952 ], [ 121.893336670000053, -1.305541919999939 ], [ 121.89458731000002, -1.305354469999941 ], [ 121.895057635000057, -1.305235748999962 ], [ 121.895538931000033, -1.305114258999936 ], [ 121.895781753000051, -1.304882474999943 ], [ 121.896307982000053, -1.304712570999925 ], [ 121.897270769000102, -1.304391641999928 ], [ 121.897704967000095, -1.30425949499994 ], [ 121.89815804300008, -1.304202859999975 ], [ 121.898705510000013, -1.304221738999956 ], [ 121.899196343000085, -1.30429725099998 ], [ 121.899932592000027, -1.30429725099998 ], [ 121.900480059000074, -1.30429725099998 ], [ 121.900876500000095, -1.304278372999931 ], [ 121.901310698000088, -1.304278372999931 ], [ 121.901406051000095, -1.304328558999941 ], [ 121.901488940000036, -1.304323489999945 ], [ 121.902647480000041, -1.304882099999929 ], [ 121.902954263000083, -1.30488186499997 ], [ 121.903157050000118, -1.304881709999961 ], [ 121.9033419000001, -1.304275449999977 ], [ 121.903480660000014, -1.303995599999951 ], [ 121.90412928, -1.304088349999972 ], [ 121.904870610000103, -1.304274289999967 ], [ 121.905750640000065, -1.304087119999963 ], [ 121.90621340000007, -1.303434019999941 ], [ 121.906385848000014, -1.303312329999926 ], [ 121.906676400000038, -1.303107299999965 ], [ 121.907371270000112, -1.303106769999943 ], [ 121.908159030000093, -1.30343253999996 ], [ 121.90848316000006, -1.303245789999949 ], [ 121.908612514000083, -1.303006674999949 ], [ 121.908710942000084, -1.302470787999937 ], [ 121.908918602000085, -1.301979955999968 ], [ 121.909107383000105, -1.301677904999963 ], [ 121.909315043000106, -1.301300340999944 ], [ 121.909617094000055, -1.300752873999954 ], [ 121.91014568300011, -1.299903356999948 ], [ 121.910315587000014, -1.299544670999978 ], [ 121.910315587000014, -1.299299254999937 ], [ 121.910476051000046, -1.29872347099996 ], [ 121.910660113000063, -1.297666292999963 ], [ 121.910684899000103, -1.297632782999926 ], [ 121.911056582000015, -1.297130271999947 ], [ 121.911921684000049, -1.296608891999938 ], [ 121.91201039200007, -1.296555429999955 ], [ 121.912075976000096, -1.296515903999932 ], [ 121.91244882, -1.296695246999946 ], [ 121.912479074000089, -1.296755753999946 ], [ 121.912599845000045, -1.296997297999951 ], [ 121.913218923000045, -1.297590269999944 ], [ 121.914025147000075, -1.298885114999962 ], [ 121.915044569000088, -1.300093317999938 ], [ 121.916630335000036, -1.301226007999958 ], [ 121.918017881000083, -1.30239645499995 ], [ 121.919377109000038, -1.302849530999936 ], [ 121.920321018000095, -1.302660749999973 ], [ 121.921718003000024, -1.302245429999971 ], [ 121.922661911000091, -1.301716840999973 ], [ 121.923719089000087, -1.300961713999925 ], [ 121.924511972000118, -1.300621906999936 ], [ 121.926324277000049, -1.299829023999962 ], [ 121.926565645000096, -1.299536162999971 ], [ 121.92711716000008, -1.299272117999976 ], [ 121.928076249000014, -1.299017522999975 ], [ 121.928693488000022, -1.299045579999927 ], [ 121.929637396000089, -1.299460898999939 ], [ 121.929901691000055, -1.299536411999952 ], [ 121.930543549000049, -1.299423142999956 ], [ 121.930883356000095, -1.29915884899998 ], [ 121.930958868000062, -1.299045579999927 ], [ 121.931185406000054, -1.297648594999941 ], [ 121.931072137000115, -1.297120005999943 ], [ 121.930883356000095, -1.296478147999949 ], [ 121.93035476700004, -1.295760776999941 ], [ 121.930197847000045, -1.295677413999954 ], [ 121.930060669000113, -1.295526852999956 ], [ 121.930024399000104, -1.29548704399997 ], [ 121.929571323000118, -1.29504340699998 ], [ 121.929508877000103, -1.294836853999925 ], [ 121.929448615000069, -1.294637525999974 ], [ 121.929401419000101, -1.294222205999972 ], [ 121.929348829000105, -1.293801480999946 ], [ 121.929914608000104, -1.291929021999977 ], [ 121.930033838000099, -1.291534426999931 ], [ 121.931157089000067, -1.290347460999953 ], [ 121.931259432000047, -1.290294783999968 ], [ 121.931402956000056, -1.290220911999938 ], [ 121.932440805000056, -1.289686724999967 ], [ 121.934194115000082, -1.288386490999926 ], [ 121.935269035000033, -1.28769181499996 ], [ 121.935581661000015, -1.287489777999951 ], [ 121.936364907000097, -1.287235201999977 ], [ 121.936879288000114, -1.287068013999942 ], [ 121.937759730000039, -1.286781846999929 ], [ 121.939392692000069, -1.286640259999956 ], [ 121.939695886000095, -1.286966274999941 ], [ 121.940270527000052, -1.287584168999956 ], [ 121.940683487000115, -1.287839023999936 ], [ 121.941193198000065, -1.287744632999932 ], [ 121.942646817000082, -1.28731987499998 ], [ 121.943796026000086, -1.286727571999961 ], [ 121.945221328000116, -1.285708150999938 ], [ 121.945995775000029, -1.285116437999932 ], [ 121.946061407000116, -1.285066292999943 ], [ 121.947021834000111, -1.284860992999938 ], [ 121.947673131000101, -1.285030895999967 ], [ 121.947890230000098, -1.285380141999951 ], [ 121.947814717000028, -1.286739370999953 ], [ 121.947830748000115, -1.288186724999946 ], [ 121.947831235000081, -1.288230745999954 ], [ 121.948001139000098, -1.288579992999928 ], [ 121.948725589000105, -1.288832487999969 ], [ 121.949120614000094, -1.288832487999969 ], [ 121.949537350000014, -1.288832487999969 ], [ 121.95086006400004, -1.289100730999962 ], [ 121.950887139000088, -1.28910622199993 ], [ 121.952763158000039, -1.289502662999951 ], [ 121.953763701000071, -1.289568736999968 ], [ 121.955167765000056, -1.289700883999956 ], [ 121.956083356000022, -1.289672566999968 ], [ 121.957084676000022, -1.289648606999947 ], [ 121.958256706000043, -1.28954041999998 ], [ 121.961003480000045, -1.289313881999931 ], [ 121.961683094000023, -1.289162855999962 ], [ 121.962082007000049, -1.288610515999949 ], [ 121.962076745000104, -1.288804674999938 ], [ 121.962395085000026, -1.289388298999938 ], [ 121.962601417000087, -1.29007508899997 ], [ 121.962678054000094, -1.290487752999979 ], [ 121.962837224000054, -1.290994738999927 ], [ 121.963301471000023, -1.291074323999965 ], [ 121.963861514000087, -1.29098000099998 ], [ 121.964675051000086, -1.291156856999976 ], [ 121.965722921000065, -1.291457511999965 ], [ 121.966353707000053, -1.291655000999924 ], [ 121.96658951400002, -1.291767008999955 ], [ 121.967114186000117, -1.292179672999964 ], [ 121.967348011000013, -1.292430689999946 ], [ 121.967515059000107, -1.292610021999963 ], [ 121.967697810000118, -1.292975523999928 ], [ 121.967261566000047, -1.293444191999924 ], [ 121.966848903000027, -1.293738950999966 ], [ 121.966253488, -1.29387454099998 ], [ 121.965883565000013, -1.294284255999969 ], [ 121.965694919000043, -1.294620281999926 ], [ 121.96538247400008, -1.29493862299995 ], [ 121.965154035000069, -1.294879670999933 ], [ 121.964947703, -1.294691024999963 ], [ 121.964583675000085, -1.294820718999972 ], [ 121.964427881, -1.295020853999972 ], [ 121.964200488000074, -1.295312967999962 ], [ 121.963893938000069, -1.296067551999954 ], [ 121.963616864000073, -1.296866350999949 ], [ 121.96344000800002, -1.297284908999927 ], [ 121.96328083800006, -1.298066021999944 ], [ 121.963274942000112, -1.298148554999955 ], [ 121.963221886000042, -1.298425628999951 ], [ 121.96326904700004, -1.298773444999938 ], [ 121.963516645000027, -1.298994514999947 ], [ 121.963581492000117, -1.299077047999958 ], [ 121.963829091000093, -1.299253903999954 ], [ 121.96426533500005, -1.299413073999972 ], [ 121.964516403000061, -1.299743324999952 ], [ 121.964648522000061, -1.299917112999935 ], [ 121.964695684000048, -1.300082177999968 ], [ 121.964725160000057, -1.300217766999936 ], [ 121.964701579, -1.300371041999938 ], [ 121.964483457000028, -1.300500736999936 ], [ 121.964475882000102, -1.30050253099995 ], [ 121.964259440000092, -1.300553792999949 ], [ 121.964100269000028, -1.300600954999936 ], [ 121.964011841000115, -1.30064811699998 ], [ 121.963734767000119, -1.30063632599996 ], [ 121.963457693, -1.30064811699998 ], [ 121.963215991000084, -1.300712963999956 ], [ 121.962962497000035, -1.300777810999932 ], [ 121.962791537000044, -1.301081412999963 ], [ 121.962750270000015, -1.301234687999965 ], [ 121.962773851000065, -1.301423333999935 ], [ 121.962927126000068, -1.301688617999957 ], [ 121.963098087000049, -1.301835997999945 ], [ 121.963322104000099, -1.301977481999927 ], [ 121.963834986000052, -1.30201285399994 ], [ 121.964135641000098, -1.30212191499993 ], [ 121.964300706000017, -1.302269293999927 ], [ 121.964360177000117, -1.302371715999925 ], [ 121.964406819000033, -1.302452044999939 ], [ 121.964542409000046, -1.302782175999937 ], [ 121.964548304000118, -1.302970821999963 ], [ 121.964471666, -1.303183048999927 ], [ 121.964377343000024, -1.303289162999931 ], [ 121.964176907000024, -1.303389380999931 ], [ 121.963675816000091, -1.303466017999938 ], [ 121.96324694000009, -1.303463070999953 ], [ 121.96314617500002, -1.303404626999964 ], [ 121.962952181000105, -1.303292109999973 ], [ 121.9628460670001, -1.303268528999979 ], [ 121.962510041000087, -1.303410013999951 ], [ 121.96240982300003, -1.303522022999971 ], [ 121.96240982300003, -1.303734249999934 ], [ 121.962439299000039, -1.304241235999939 ], [ 121.962527727000065, -1.304482938999968 ], [ 121.962545412000054, -1.304606737999961 ], [ 121.962515936000045, -1.304830754999955 ], [ 121.962462880000089, -1.30520804799994 ], [ 121.962492356000098, -1.305685557999936 ], [ 121.962504146000015, -1.305726824999965 ], [ 121.962533622000024, -1.305927260999965 ], [ 121.962592574000041, -1.306204334999961 ], [ 121.962732669000047, -1.306782874999953 ], [ 121.962751744000116, -1.306861648999927 ], [ 121.962757639000074, -1.306897019999951 ], [ 121.962875543000109, -1.307062085999974 ], [ 121.962910914000076, -1.307203569999956 ], [ 121.962869648000037, -1.307309683999961 ], [ 121.962751744000116, -1.307468853999978 ], [ 121.962521832000107, -1.307622128999981 ], [ 121.962403928000072, -1.307675185999926 ], [ 121.962103273000025, -1.307804879999935 ], [ 121.961543230000075, -1.307969944999968 ], [ 121.961031822000109, -1.308149748999938 ], [ 121.960843176000026, -1.308291232999977 ], [ 121.960607636000077, -1.308477473999972 ], [ 121.960589682000091, -1.308491669999967 ], [ 121.960277237000014, -1.308721581999976 ], [ 121.959988373000101, -1.309025184999939 ], [ 121.959970687, -1.309042869999928 ], [ 121.959935316000042, -1.309178459999941 ], [ 121.959935316000042, -1.30952038099997 ], [ 121.959958897000092, -1.309815140999945 ], [ 121.960016126000028, -1.309905455999967 ], [ 121.960147543000062, -1.31011284799996 ], [ 121.960171124000112, -1.310283807999951 ], [ 121.96000605800009, -1.310407606999945 ], [ 121.959947106000072, -1.310419397999965 ], [ 121.959801458000015, -1.310412923999934 ], [ 121.959681823000096, -1.310407606999945 ], [ 121.959221998000089, -1.310378130999936 ], [ 121.959104094000054, -1.310442977999969 ], [ 121.958885972000076, -1.310678785999926 ], [ 121.958709116000023, -1.310944069999948 ], [ 121.958703221000064, -1.311079658999972 ], [ 121.958750382000062, -1.311680968999951 ], [ 121.959062828000015, -1.311993413999971 ], [ 121.959085316000028, -1.312105857999939 ], [ 121.95909029500001, -1.312130750999927 ], [ 121.959303609000017, -1.31242597399995 ], [ 121.960700589000112, -1.312397585999975 ], [ 121.960700955000107, -1.312397971999928 ], [ 121.9606648460001, -1.312398708999979 ], [ 121.960560206000082, -1.31240091899997 ], [ 121.959303609000017, -1.312426341999981 ], [ 121.959400880000089, -1.31251476999995 ], [ 121.959448042000076, -1.312567826999953 ], [ 121.959630792000098, -1.312710784999979 ], [ 121.959778172000028, -1.313497792999954 ], [ 121.959831229000088, -1.31374539199993 ], [ 121.95997271400006, -1.314087312999959 ], [ 121.960279264000064, -1.314399757999979 ], [ 121.960861414000078, -1.314626722999947 ], [ 121.961285868000118, -1.314768206999929 ], [ 121.961698531000025, -1.314956853999945 ], [ 121.961893073000056, -1.315505105999932 ], [ 121.961786959000051, -1.315849974999935 ], [ 121.961598313000081, -1.316292114999953 ], [ 121.961551151000094, -1.316722463999952 ], [ 121.961698531000025, -1.317070279999939 ], [ 121.961705336000023, -1.317076052999937 ], [ 121.961893073000056, -1.317235344999972 ], [ 121.9622408890001, -1.317412200999968 ], [ 121.962889360000077, -1.317335563999961 ], [ 121.963620364, -1.316970061999939 ], [ 121.964066267000021, -1.317026985999973 ], [ 121.96418630200003, -1.316993641999943 ], [ 121.964775822000092, -1.31704080399993 ], [ 121.965495035000117, -1.317760016999955 ], [ 121.965901803000065, -1.319224972999962 ], [ 121.966131716000064, -1.319851336999932 ], [ 121.966214248000028, -1.32036863999997 ], [ 121.966217196000116, -1.320395167999948 ], [ 121.966219231000082, -1.320409923999932 ], [ 121.966228986000033, -1.320480648999933 ], [ 121.966234410000084, -1.320532715999946 ], [ 121.966243724000037, -1.320622132999972 ], [ 121.966270253000062, -1.320816674999946 ], [ 121.966172982000103, -1.321037743999966 ], [ 121.966060973000026, -1.321167438999964 ], [ 121.965946017000078, -1.321300079999958 ], [ 121.965792742000076, -1.321435669999971 ], [ 121.965556935000109, -1.321503464999978 ], [ 121.96551429200008, -1.321501027999943 ], [ 121.965350603000047, -1.321491673999958 ], [ 121.965142785000012, -1.321454802999938 ], [ 121.964907358000119, -1.321498305999967 ], [ 121.964477746000057, -1.321380401999932 ], [ 121.964286152000113, -1.321256602999938 ], [ 121.964006131000019, -1.321165227999927 ], [ 121.963747479000062, -1.321085642999947 ], [ 121.963588309000102, -1.321144594999964 ], [ 121.963496933000101, -1.321212388999925 ], [ 121.963409686000091, -1.321337028999949 ], [ 121.963331830000016, -1.321307369999943 ], [ 121.963105480000081, -1.321533719999934 ], [ 121.963174520000052, -1.322213499999975 ], [ 121.963187135000112, -1.322332892999952 ], [ 121.962992894000081, -1.322459222999953 ], [ 121.962945733000083, -1.322500488999935 ], [ 121.962730558000089, -1.322733348999975 ], [ 121.962586126000019, -1.323126852999962 ], [ 121.962559598000098, -1.32327423299995 ], [ 121.962603812000111, -1.323557201999961 ], [ 121.962813091000044, -1.323782692999941 ], [ 121.963063637000118, -1.324149668999951 ], [ 121.963160907000088, -1.324487168999951 ], [ 121.963087217000066, -1.324693499999967 ], [ 121.963040056000068, -1.325196065999933 ], [ 121.963090942, -1.325320178999959 ], [ 121.963160907000088, -1.325490824999974 ], [ 121.963202174000116, -1.325792953999951 ], [ 121.963196278000055, -1.32610245099994 ], [ 121.962910362000116, -1.326366260999976 ], [ 121.962689431000058, -1.326465578999944 ], [ 121.962589074000107, -1.326510692999932 ], [ 121.962379794000071, -1.326768607999952 ], [ 121.962332633000074, -1.326951358999963 ], [ 121.962279576000014, -1.327110528999924 ], [ 121.962337110000021, -1.327273210999977 ], [ 121.962284720000071, -1.32739319999996 ], [ 121.962446500000055, -1.32781112999993 ], [ 121.962486907000084, -1.327913158999934 ], [ 121.962429903000043, -1.328156925999963 ], [ 121.962332633000074, -1.328630014999931 ], [ 121.962143987000104, -1.328933617999951 ], [ 121.961964183000077, -1.329253431999973 ], [ 121.962011345000064, -1.329468605999978 ], [ 121.962167567000051, -1.329747153999961 ], [ 121.962294314000019, -1.329847371999961 ], [ 121.962653921000083, -1.330083179999974 ], [ 121.962748244000068, -1.330201083999953 ], [ 121.962612654000054, -1.330439838999951 ], [ 121.962297262000106, -1.330753757999958 ], [ 121.962138091000043, -1.330909980999934 ], [ 121.961981869000056, -1.331113364999965 ], [ 121.961970078000036, -1.331384543999945 ], [ 121.962072507000016, -1.331486235999932 ], [ 121.962440957000013, -1.331556977999981 ], [ 121.962800564000077, -1.331556977999981 ], [ 121.963213227000097, -1.331657195999981 ], [ 121.963778429000058, -1.33209196699994 ], [ 121.964224990000048, -1.332703592999962 ], [ 121.964997260000018, -1.333228264999946 ], [ 121.965656047000039, -1.333514181999931 ], [ 121.966333995000014, -1.333920949999936 ], [ 121.96685866700011, -1.334245185999976 ], [ 121.967542509000054, -1.334416145999967 ], [ 121.968313305000038, -1.334483940999974 ], [ 121.968983883000078, -1.33471974899993 ], [ 121.969078207000052, -1.334825861999946 ], [ 121.969484975000114, -1.335256210999944 ], [ 121.969927114000029, -1.335385904999953 ], [ 121.970481262000021, -1.335209049999946 ], [ 121.971023620000096, -1.334937870999966 ], [ 121.971747255000082, -1.334890708999978 ], [ 121.972215186000085, -1.335008612999957 ], [ 121.972937347000084, -1.335097040999926 ], [ 121.973646981000115, -1.335111778999931 ], [ 121.97434187600004, -1.335403590999931 ], [ 121.974674955000069, -1.335819201999925 ], [ 121.974747603000083, -1.336053594999953 ], [ 121.974780547000023, -1.336159886999951 ], [ 121.974834125000029, -1.336211231999926 ], [ 121.974999190000062, -1.336435249999965 ], [ 121.975105304000067, -1.336623895999935 ], [ 121.975187836000032, -1.336906864999946 ], [ 121.975081723000017, -1.337071929999979 ], [ 121.974763383000095, -1.337260576999938 ], [ 121.974350719000086, -1.337331318999929 ], [ 121.973997008000083, -1.337378479999927 ], [ 121.973655822000069, -1.337421128999949 ], [ 121.973619715000041, -1.337425641999971 ], [ 121.973218842000051, -1.337602497999967 ], [ 121.973112729000036, -1.337732191999976 ], [ 121.973006615000031, -1.338003370999957 ], [ 121.973016993000101, -1.338221307999959 ], [ 121.972569600000043, -1.33878169999997 ], [ 121.972831573, -1.340182157999948 ], [ 121.973116810000079, -1.341706979999969 ], [ 121.974227670000118, -1.342603899999972 ], [ 121.978992040000094, -1.346504259999961 ], [ 121.980255130000046, -1.347545179999941 ], [ 121.982353430000103, -1.348392729999944 ], [ 121.987590950000026, -1.350495139999964 ], [ 121.988236890000053, -1.350688509999941 ], [ 121.99066434000008, -1.351379719999954 ], [ 121.994980260000034, -1.351112289999946 ], [ 121.995877170000085, -1.35179525999996 ], [ 121.999881746000028, -1.354897283999946 ], [ 121.999929958000052, -1.354975628999966 ], [ 122.000142185000072, -1.355058161999978 ], [ 122.000295460000075, -1.355117113999938 ], [ 122.000566639000112, -1.355022790999953 ], [ 122.000849608000067, -1.354775192999966 ], [ 122.001002883000069, -1.354551175999973 ], [ 122.001104510000118, -1.354354696999962 ], [ 122.001919850000036, -1.354382809999947 ], [ 122.002108090000092, -1.354113899999959 ], [ 122.002332560000013, -1.353793229999951 ], [ 122.003410360000089, -1.35232740999993 ], [ 122.003618520000032, -1.352044319999948 ], [ 122.003806510000118, -1.351788659999954 ], [ 122.005168990000016, -1.349652039999967 ], [ 122.005633780000039, -1.34892315999997 ], [ 122.006400660000054, -1.347720559999971 ], [ 122.006647300000054, -1.347540579999929 ], [ 122.006724832000032, -1.347484001999931 ], [ 122.006968818000018, -1.347429782999939 ], [ 122.007652660000076, -1.347241136999969 ], [ 122.007900519000032, -1.347097032999955 ], [ 122.009126194000032, -1.346938416999933 ], [ 122.009867415000031, -1.346656543999927 ], [ 122.010441601000025, -1.344479857999943 ], [ 122.010617067000112, -1.343880347999971 ], [ 122.011380179000071, -1.34424510599996 ], [ 122.014145290000101, -1.34565755999995 ], [ 122.015003740000111, -1.346025169999962 ], [ 122.019639580000103, -1.348010349999925 ], [ 122.020566778000102, -1.348369695999963 ], [ 122.023368060000053, -1.349565364999933 ], [ 122.026280430000043, -1.351807631999975 ], [ 122.028841810000017, -1.35382132999996 ], [ 122.029195284000025, -1.354689475999976 ], [ 122.035539054000083, -1.37271310999995 ], [ 122.036225350000109, -1.374771169999974 ], [ 122.036663710000084, -1.376085739999951 ], [ 122.039544990000081, -1.38548918999993 ], [ 122.041652260000092, -1.392164049999963 ], [ 122.041813450000063, -1.392415719999974 ], [ 122.042182580000031, -1.392992069999934 ], [ 122.042303430000061, -1.39318075999995 ], [ 122.04368704, -1.395341059999964 ], [ 122.044228890000113, -1.396187089999955 ], [ 122.044992500000035, -1.397379359999945 ], [ 122.045551360000104, -1.398251939999966 ], [ 122.045952660000012, -1.398878509999975 ], [ 122.047004380000089, -1.400520619999952 ], [ 122.04757824, -1.401416619999964 ], [ 122.048118120000026, -1.402259579999964 ], [ 122.048316000000113, -1.402568539999947 ], [ 122.049048690000063, -1.40371252999995 ], [ 122.04948628000011, -1.404395759999943 ], [ 122.049597960000028, -1.404570129999968 ], [ 122.049803810000071, -1.404891539999937 ], [ 122.050230280000051, -1.40555741999998 ], [ 122.05098694000003, -1.406738839999946 ], [ 122.05144198000005, -1.407449309999947 ], [ 122.051690420000114, -1.407837219999976 ], [ 122.052024460000098, -1.40835876999995 ], [ 122.052448230000095, -1.409020439999949 ], [ 122.052988090000099, -1.409863349999966 ], [ 122.053405060000046, -1.410514389999946 ], [ 122.053711780000071, -1.410993289999965 ], [ 122.053735830000051, -1.411030839999967 ], [ 122.053885230000105, -1.411264109999934 ], [ 122.054129350000039, -1.411645269999951 ], [ 122.054125840000097, -1.411661489999972 ], [ 122.054078390000086, -1.411880749999966 ], [ 122.054029190000051, -1.412108049999972 ], [ 122.05368425000006, -1.413701869999954 ], [ 122.053512460000093, -1.415766429999962 ], [ 122.053504491000012, -1.415862198999946 ], [ 122.051814759000081, -1.423308567999925 ], [ 122.047865821000073, -1.424072735999971 ], [ 122.046398440000075, -1.424345589999973 ], [ 122.041210910000018, -1.425111139999956 ], [ 122.037684058000082, -1.425631614999929 ], [ 122.036250611000014, -1.425745063999955 ], [ 122.036228220000112, -1.425745639999946 ], [ 122.036201440000013, -1.425746329999924 ], [ 122.03620296500003, -1.425748834999979 ], [ 122.036178610000093, -1.42575076299994 ], [ 122.038314404000062, -1.429217050999966 ], [ 122.038413990000095, -1.429380629999969 ], [ 122.038461760000018, -1.429459099999974 ], [ 122.038631690000102, -1.429738209999925 ], [ 122.039000230000056, -1.430343569999934 ], [ 122.039619690000109, -1.431361089999939 ], [ 122.039898510000057, -1.431819079999968 ], [ 122.039962470000091, -1.431924139999978 ], [ 122.040037300000108, -1.432047049999937 ], [ 122.040275310000084, -1.432438 ], [ 122.040887590000011, -1.433443729999965 ], [ 122.041308340000114, -1.434134849999964 ], [ 122.041468100000088, -1.434397259999969 ], [ 122.041643070000077, -1.434684669999967 ], [ 122.041730580000035, -1.434828409999966 ], [ 122.041823590000035, -1.434981179999966 ], [ 122.041886690000069, -1.435084829999937 ], [ 122.041996010000048, -1.435264389999929 ], [ 122.04207150000002, -1.435388389999957 ], [ 122.042132990000027, -1.435620839999956 ], [ 122.042204670000046, -1.435891829999946 ], [ 122.042272220000086, -1.436147219999953 ], [ 122.04231483, -1.436308279999935 ], [ 122.042314941000086, -1.436308735999944 ], [ 122.043169058000103, -1.440579324999931 ], [ 122.040857120000055, -1.440417878999938 ], [ 122.040769935000071, -1.440403928999956 ], [ 122.040721779000023, -1.440408427999955 ], [ 122.040346770000042, -1.440382239999963 ], [ 122.035497130000067, -1.440775909999957 ], [ 122.035263270000087, -1.44079488999995 ], [ 122.030675554000027, -1.441346956999951 ], [ 122.022209258000089, -1.442137886999944 ], [ 122.019446186000096, -1.444063663999941 ], [ 122.019050170000014, -1.444244619999949 ], [ 122.016575900000021, -1.447285429999965 ], [ 122.015472434000117, -1.449226930999941 ], [ 122.013014396000017, -1.452614900999947 ], [ 122.013028663000114, -1.452736591999951 ], [ 122.012726560000033, -1.453090989999964 ], [ 122.014241454000057, -1.463080985999966 ], [ 122.014675088000104, -1.466779627999927 ], [ 122.0184193770001, -1.469032167999956 ], [ 122.021099500000105, -1.470792959999926 ], [ 122.026826361000076, -1.474089755999955 ], [ 122.026871053000036, -1.474116642999945 ], [ 122.027212255000109, -1.474460326999974 ], [ 122.035998785000061, -1.484131414999979 ], [ 122.040836544000058, -1.489456200999939 ], [ 122.041667701000051, -1.490615459999958 ], [ 122.041551437000066, -1.490517756999964 ], [ 122.042626003, -1.492972162999934 ], [ 122.040183808000052, -1.498381622999943 ], [ 122.039597682000021, -1.502582196999924 ], [ 122.032661850000068, -1.521338249999928 ], [ 122.032636352000054, -1.521664266999949 ], [ 122.032449120000024, -1.521753099999955 ], [ 122.032445340000095, -1.521832449999977 ], [ 122.032445210000105, -1.52183531999998 ], [ 122.032168613000067, -1.52764476699997 ], [ 122.029181723000079, -1.565835030999949 ], [ 122.031377601000031, -1.573050056999932 ], [ 122.03176953000002, -1.574498909999932 ], [ 122.031882512000038, -1.574709050999957 ], [ 122.03208355400011, -1.575082979999934 ], [ 122.033554130000084, -1.577818179999952 ], [ 122.035476200000062, -1.580999249999934 ], [ 122.037702060000015, -1.584326439999927 ], [ 122.038283080000042, -1.585194949999959 ], [ 122.039732550000053, -1.587361589999944 ], [ 122.040640617, -1.588474055999939 ], [ 122.04282524000007, -1.591150419999963 ], [ 122.043129800000088, -1.591523529999961 ], [ 122.043666180000059, -1.592180639999924 ], [ 122.043667890000052, -1.592182739999942 ], [ 122.046563800000058, -1.595730489999937 ], [ 122.049894190000032, -1.599810519999949 ], [ 122.056581250000022, -1.607647069999928 ], [ 122.057747670000026, -1.609227469999951 ], [ 122.05978127000003, -1.611982809999972 ], [ 122.06197864, -1.614196139999933 ], [ 122.063659100000109, -1.616001659999938 ], [ 122.063961017000111, -1.616326042999958 ], [ 122.064038610000011, -1.61640940999996 ], [ 122.063235488000032, -1.616524487999925 ], [ 122.061153040000022, -1.616822879999972 ], [ 122.06075127500003, -1.616800133999959 ], [ 122.058665887000075, -1.616682069999968 ], [ 122.058453230000055, -1.616670029999966 ], [ 122.05678832000001, -1.616581149999945 ], [ 122.055017910000061, -1.616558039999973 ], [ 122.053840990000026, -1.616291519999947 ], [ 122.053054860000088, -1.615717229999973 ], [ 122.05221503000007, -1.615954269999975 ], [ 122.051186920000077, -1.615580959999932 ], [ 122.050811200000112, -1.614689169999963 ], [ 122.050341980000098, -1.613750639999978 ], [ 122.049639890000094, -1.613047609999967 ], [ 122.048517940000011, -1.612486589999946 ], [ 122.047630720000029, -1.612441819999958 ], [ 122.046932460000107, -1.613289309999971 ], [ 122.045860100000027, -1.613902809999956 ], [ 122.044551390000038, -1.613342259999968 ], [ 122.043783210000015, -1.612252249999926 ], [ 122.04337892, -1.611230809999938 ], [ 122.039269130000093, -1.610818189999975 ], [ 122.037540430000035, -1.610352629999966 ], [ 122.036514970000098, -1.611059989999944 ], [ 122.035040140000092, -1.610772139999938 ], [ 122.033098400000085, -1.610963119999951 ], [ 122.031393890000118, -1.611647439999956 ], [ 122.031369702, -1.611657150999974 ], [ 122.029654540000024, -1.612345739999967 ], [ 122.029153834000113, -1.612702805999959 ], [ 122.028220598000075, -1.61336831899996 ], [ 122.027307810000025, -1.614019249999956 ], [ 122.026811350000116, -1.614373279999938 ], [ 122.025644090000014, -1.61583313999995 ], [ 122.024673600000028, -1.615975129999924 ], [ 122.023584, -1.615733559999967 ], [ 122.022789060000036, -1.616649769999981 ], [ 122.022663720000082, -1.617597319999959 ], [ 122.022462190000056, -1.619079109999973 ], [ 122.021662810000066, -1.621118829999944 ], [ 122.021499070000118, -1.62220788999997 ], [ 122.021445180000114, -1.622850049999954 ], [ 122.021613130000105, -1.623463739999977 ], [ 122.021671920000017, -1.624803469999961 ], [ 122.021229420000054, -1.625334939999959 ], [ 122.020827420000046, -1.625443899999937 ], [ 122.020397820000085, -1.625560339999936 ], [ 122.02006614000004, -1.62603570999994 ], [ 122.020095260000062, -1.626593919999948 ], [ 122.02009914000007, -1.627748789999941 ], [ 122.019988590000025, -1.628324869999972 ], [ 122.019517730000075, -1.628605189999973 ], [ 122.017790400000081, -1.629150699999968 ], [ 122.014830760000109, -1.629158129999951 ], [ 122.012612870000112, -1.629908299999954 ], [ 122.011505990000046, -1.631121049999933 ], [ 122.010029850000024, -1.632613969999966 ], [ 122.008352370000011, -1.633248229999936 ], [ 122.006712174000086, -1.634789802999933 ], [ 122.006709400000091, -1.634792409999932 ], [ 122.006244230000107, -1.635229609999953 ], [ 122.005509860000075, -1.637465279999958 ], [ 122.005485795000027, -1.637538540999969 ], [ 122.004417420000095, -1.64079105999997 ], [ 122.004408310000031, -1.640818789999969 ], [ 122.003307205000056, -1.641737522999961 ], [ 122.002858200000105, -1.642112159999954 ], [ 122.000368, -1.644058629999961 ], [ 121.998141860000032, -1.645776179999928 ], [ 121.997429190000048, -1.648022519999927 ], [ 121.995171350000078, -1.650464789999944 ], [ 121.994944880000048, -1.652327669999977 ], [ 121.994416480000041, -1.652671399999974 ], [ 121.99022183000011, -1.653328769999973 ], [ 121.988108210000064, -1.654703689999963 ], [ 121.985539490000065, -1.655509119999977 ], [ 121.982064020000053, -1.656545119999976 ], [ 121.980820460000018, -1.658146119999969 ], [ 121.978710720000095, -1.66108085999997 ], [ 121.976411090000056, -1.663673709999955 ], [ 121.974071080000044, -1.66523946999996 ], [ 121.972711700000104, -1.665889689999972 ], [ 121.970785710000087, -1.666731569999968 ], [ 121.968446240000048, -1.668525619999969 ], [ 121.965049250000106, -1.670740869999975 ], [ 121.964521110000078, -1.671198749999974 ], [ 121.963125640000044, -1.672533879999946 ], [ 121.962086410000097, -1.674033049999935 ], [ 121.961346370000115, -1.676563039999962 ], [ 121.959172850000073, -1.679239909999978 ], [ 121.95735908000006, -1.679625 ], [ 121.955200540000078, -1.678222849999941 ], [ 121.95353732, -1.678341229999944 ], [ 121.951376860000096, -1.676178149999942 ], [ 121.950204640000038, -1.676105049999933 ], [ 121.947668120000117, -1.674741859999926 ], [ 121.945323490000078, -1.674519559999965 ], [ 121.944150600000057, -1.674180129999968 ], [ 121.943930450000039, -1.676843909999945 ], [ 121.942152060000012, -1.67627774999994 ], [ 121.93913706, -1.676448249999964 ], [ 121.936828910000031, -1.679373049999924 ], [ 121.935169850000079, -1.681165459999931 ], [ 121.934567990000119, -1.682384489999947 ], [ 121.932910280000101, -1.684709559999931 ], [ 121.935527210000032, -1.687936839999963 ], [ 121.934167460000026, -1.688472969999964 ], [ 121.93205144, -1.688972989999968 ], [ 121.929559160000053, -1.690196869999966 ], [ 121.928989820000083, -1.689323249999973 ], [ 121.930705340000031, -1.686706909999941 ], [ 121.930343150000112, -1.686237989999938 ], [ 121.92871652000008, -1.685899719999952 ], [ 121.928075300000046, -1.686510109999972 ], [ 121.926979910000114, -1.686931429999959 ], [ 121.927014270000086, -1.685561649999954 ], [ 121.92700947000003, -1.683659309999939 ], [ 121.92689203000009, -1.682061629999964 ], [ 121.925527280000097, -1.680619319999948 ], [ 121.924658830000112, -1.681078089999971 ], [ 121.924888070000065, -1.682028689999925 ], [ 121.923794200000088, -1.683058739999979 ], [ 121.921601670000086, -1.683216519999974 ], [ 121.920312570000078, -1.683176399999979 ], [ 121.919853350000039, -1.683305139999959 ], [ 121.918666220000091, -1.683834379999951 ], [ 121.918160340000099, -1.684314049999955 ], [ 121.917322420000119, -1.685081589999925 ], [ 121.917133230000104, -1.685464779999961 ], [ 121.91634389, -1.686646799999949 ], [ 121.915491560000078, -1.687988449999978 ], [ 121.914922220000108, -1.688436389999936 ], [ 121.91425675000005, -1.688469979999979 ], [ 121.913432140000054, -1.688232889999938 ], [ 121.912559590000114, -1.687836459999971 ], [ 121.911449470000093, -1.687488469999948 ], [ 121.910387760000049, -1.68749116999993 ], [ 121.909723100000065, -1.687843679999958 ], [ 121.908964680000054, -1.688722659999939 ], [ 121.908759800000098, -1.689169679999964 ], [ 121.908285130000081, -1.689457919999938 ], [ 121.907762430000048, -1.689554929999929 ], [ 121.906779430000029, -1.68935012999998 ], [ 121.905860170000096, -1.689288689999955 ], [ 121.905559570000037, -1.689480809999964 ], [ 121.904896310000026, -1.690391439999928 ], [ 121.904345530000114, -1.691923699999961 ], [ 121.904394510000088, -1.69249764999995 ], [ 121.904712050000057, -1.692736029999935 ], [ 121.905647840000029, -1.69306851999994 ], [ 121.905933840000102, -1.693370769999945 ], [ 121.905761740000116, -1.694248259999938 ], [ 121.90557246000003, -1.694599559999972 ], [ 121.904657390000011, -1.69619653999996 ], [ 121.904217270000117, -1.697616889999949 ], [ 121.904157350000105, -1.698988439999937 ], [ 121.904766930000051, -1.700506089999976 ], [ 121.904559040000095, -1.701172069999927 ], [ 121.904274240000063, -1.701348209999935 ], [ 121.903672270000015, -1.701429479999945 ], [ 121.901880270000106, -1.700907839999957 ], [ 121.900813060000019, -1.700923829999965 ], [ 121.899995030000014, -1.70111997999993 ], [ 121.899360680000086, -1.700930239999934 ], [ 121.899042460000032, -1.700420769999937 ], [ 121.898866250000083, -1.699671729999977 ], [ 121.898627340000075, -1.699193949999938 ], [ 121.898357580000038, -1.699051119999979 ], [ 121.897834480000029, -1.698988669999949 ], [ 121.897311900000091, -1.699133519999975 ], [ 121.896393390000071, -1.699375069999974 ], [ 121.89569584000003, -1.69926522999998 ], [ 121.895219600000019, -1.698931569999957 ], [ 121.894932900000072, -1.698358219999932 ], [ 121.894724720000113, -1.69749762999993 ], [ 121.894469930000014, -1.697003939999945 ], [ 121.893818720000013, -1.696415569999942 ], [ 121.893538808000017, -1.696240960999944 ], [ 121.893460880000021, -1.696192349999933 ], [ 121.89308711000001, -1.69595918999994 ], [ 121.892137190000085, -1.695718209999939 ], [ 121.891726084000084, -1.695306604999928 ], [ 121.891676470000107, -1.695256929999971 ], [ 121.891183570000067, -1.694604369999979 ], [ 121.890896760000032, -1.693983179999975 ], [ 121.890637250000054, -1.693403389999958 ], [ 121.890634947000081, -1.693401970999957 ], [ 121.890409420000083, -1.693263039999977 ], [ 121.890407929000048, -1.693262451999942 ], [ 121.89005166000004, -1.693121919999953 ], [ 121.88959538000006, -1.692944219999958 ], [ 121.889190960000064, -1.692756109999948 ], [ 121.888890230000015, -1.692646339999953 ], [ 121.888672520000114, -1.692458339999973 ], [ 121.888605180000013, -1.692317389999971 ], [ 121.888620840000044, -1.69213474999998 ], [ 121.888776490000055, -1.692014799999924 ], [ 121.889046230000076, -1.691910579999956 ], [ 121.889264110000113, -1.691806329999963 ], [ 121.889492450000034, -1.691778186999954 ], [ 121.88957245000006, -1.691742104999946 ], [ 121.889637875000062, -1.691361263999966 ], [ 121.889687894000076, -1.69134876499993 ], [ 121.890038125000046, -1.691261244999964 ], [ 121.890457618000028, -1.691172766999955 ], [ 121.890730866000013, -1.690899637999962 ], [ 121.890965628000117, -1.690826547999961 ], [ 121.891292755000109, -1.690676518999965 ], [ 121.891446697000106, -1.690718834999927 ], [ 121.891288906000113, -1.691172766999955 ], [ 121.891354332000105, -1.691334335999954 ], [ 121.891431303000104, -1.69150359899993 ], [ 121.891490865000037, -1.691608138999925 ], [ 121.891716437000014, -1.691263621999951 ], [ 121.891821200000095, -1.691249389999939 ], [ 121.891877280000017, -1.691243919999977 ], [ 121.89191199000004, -1.691240339999979 ], [ 121.891919920000078, -1.691237739999963 ], [ 121.891943130000072, -1.691224689999956 ], [ 121.892204760000027, -1.691077549999932 ], [ 121.892522100000065, -1.691236209999943 ], [ 121.8925325350001, -1.69133661199993 ], [ 121.892603290000011, -1.692017389999933 ], [ 121.892792040000018, -1.69172145999994 ], [ 121.892792811000049, -1.691714309999952 ], [ 121.892827850000117, -1.691389479999941 ], [ 121.892900310000073, -1.691057399999977 ], [ 121.893119260000049, -1.690688069999965 ], [ 121.893576180000082, -1.690225949999956 ], [ 121.893614770000113, -1.69024595999997 ], [ 121.89382025000009, -1.68966686999994 ], [ 121.894288360000019, -1.689234769999928 ], [ 121.894744460000084, -1.689174759999958 ], [ 121.895308590000013, -1.689330789999929 ], [ 121.894764960000089, -1.690941169999974 ], [ 121.894996520000063, -1.691023179999945 ], [ 121.893400150000048, -1.69302762999996 ], [ 121.893320800000083, -1.692953949999946 ], [ 121.89341072000002, -1.693041049999977 ], [ 121.896281502000079, -1.689409724999962 ], [ 121.896290170000043, -1.68939875999996 ], [ 121.896277920000102, -1.689397379999946 ], [ 121.895759270000099, -1.689103939999939 ], [ 121.89586, -1.688931409999952 ], [ 121.895862080000029, -1.688484069999959 ], [ 121.895651350000094, -1.687879459999976 ], [ 121.895411940000031, -1.687194369999929 ], [ 121.895142580000083, -1.687002939999957 ], [ 121.894680170000015, -1.68730069999998 ], [ 121.89396747, -1.688531249999926 ], [ 121.893043600000055, -1.689508119999971 ], [ 121.892075400000067, -1.689595319999967 ], [ 121.891020970000113, -1.688877699999978 ], [ 121.890176420000103, -1.68790531999997 ], [ 121.889582390000101, -1.686084889999961 ], [ 121.889747950000014, -1.68494045999995 ], [ 121.890039930000057, -1.683838089999938 ], [ 121.889954340000031, -1.683287479999933 ], [ 121.889656960000025, -1.682228969999926 ], [ 121.88957159000006, -1.681763109999963 ], [ 121.890031890000046, -1.680617939999934 ], [ 121.890787880000062, -1.679853359999925 ], [ 121.8893136800001, -1.679645229999949 ], [ 121.888847880000071, -1.678587139999934 ], [ 121.888929880000092, -1.677697149999972 ], [ 121.889052930000048, -1.676383349999981 ], [ 121.888671880000061, -1.675536889999933 ], [ 121.887176380000028, -1.675960319999945 ], [ 121.886536050000018, -1.676951219999978 ], [ 121.886311650000039, -1.677941059999966 ], [ 121.885481140000024, -1.678475849999927 ], [ 121.885294640000097, -1.679503649999958 ], [ 121.886167040000032, -1.680604879999976 ], [ 121.886063190000073, -1.684448129999964 ], [ 121.886897500000032, -1.685435299999938 ], [ 121.885952800000041, -1.685665989999961 ], [ 121.88678626, -1.686310719999938 ], [ 121.886259850000101, -1.687491579999971 ], [ 121.884835490000114, -1.687551459999952 ], [ 121.883086860000049, -1.688755249999929 ], [ 121.881836140000019, -1.687578879999933 ], [ 121.880962010000076, -1.68579275999997 ], [ 121.880732490000014, -1.684727949999967 ], [ 121.879559860000086, -1.684540659999925 ], [ 121.878580180000085, -1.685912929999972 ], [ 121.878433400000063, -1.687701639999943 ], [ 121.877790890000028, -1.687817419999931 ], [ 121.877100320000068, -1.68382392999996 ], [ 121.877600640000082, -1.682585899999935 ], [ 121.876791950000097, -1.681465609999975 ], [ 121.874072360000014, -1.682613959999969 ], [ 121.87350377000007, -1.682044649999966 ], [ 121.874899870000036, -1.680861579999942 ], [ 121.874783410000077, -1.679644269999926 ], [ 121.87451447, -1.677932699999928 ], [ 121.873058440000023, -1.677441519999945 ], [ 121.871980910000048, -1.67786295999997 ], [ 121.871870690000037, -1.679156939999928 ], [ 121.871190550000051, -1.679348899999979 ], [ 121.870655170000077, -1.678308309999977 ], [ 121.868480780000027, -1.677675199999953 ], [ 121.867402580000089, -1.676618789999964 ], [ 121.866993030000117, -1.675542179999979 ], [ 121.866450310000118, -1.673805439999967 ], [ 121.86565561000009, -1.67354107999995 ], [ 121.865879850000056, -1.672475099999929 ], [ 121.86489495, -1.671754599999929 ], [ 121.864553140000112, -1.671146649999969 ], [ 121.863909400000011, -1.670767749999925 ], [ 121.86303982000004, -1.670807969999942 ], [ 121.862814150000077, -1.671674579999944 ], [ 121.862814024000045, -1.671675061999963 ], [ 121.862702700000114, -1.672102539999969 ], [ 121.86253277600008, -1.67304674199994 ], [ 121.862532460000011, -1.673048499999936 ], [ 121.862367, -1.673967859999948 ], [ 121.861610940000105, -1.67404584999997 ], [ 121.862378320000062, -1.675171699999964 ], [ 121.862032890000023, -1.676480049999952 ], [ 121.862827140000036, -1.676554159999966 ], [ 121.863153930000067, -1.67700186999997 ], [ 121.862302310000018, -1.678121699999963 ], [ 121.860595670000066, -1.678985759999932 ], [ 121.863087040000096, -1.684482049999929 ], [ 121.865476320000084, -1.683272359999933 ], [ 121.865728150000109, -1.68146620999994 ], [ 121.866579970000089, -1.680432349999933 ], [ 121.868118490000029, -1.680686409999964 ], [ 121.868463440000028, -1.681975189999946 ], [ 121.867872220000095, -1.684727929999951 ], [ 121.86830262, -1.686016489999929 ], [ 121.867706910000038, -1.686963739999953 ], [ 121.868054230000098, -1.689198249999947 ], [ 121.870707540000012, -1.691083029999959 ], [ 121.87019792000001, -1.692287979999946 ], [ 121.870117210000103, -1.694179669999926 ], [ 121.868236280000019, -1.693668569999943 ], [ 121.865844860000038, -1.694018539999945 ], [ 121.864727290000019, -1.69127009999994 ], [ 121.863444640000012, -1.69084345999994 ], [ 121.862936080000054, -1.692478309999956 ], [ 121.863537800000017, -1.693938399999979 ], [ 121.862346820000084, -1.696004869999967 ], [ 121.862436560000106, -1.697724189999974 ], [ 121.864316650000092, -1.697891369999979 ], [ 121.86490269, -1.699587519999966 ], [ 121.863552230000096, -1.69969883999994 ], [ 121.861161870000046, -1.700478699999962 ], [ 121.861251840000023, -1.702284 ], [ 121.863046710000049, -1.702537369999959 ], [ 121.864583110000012, -1.701931619999925 ], [ 121.864508700000101, -1.706316639999955 ], [ 121.867323860000056, -1.704589919999933 ], [ 121.869456580000019, -1.703294839999955 ], [ 121.870569230000115, -1.704065789999959 ], [ 121.872277560000043, -1.70388947999993 ], [ 121.872872600000051, -1.70268429999993 ], [ 121.874580490000085, -1.702336039999977 ], [ 121.875432700000033, -1.701474109999936 ], [ 121.876542090000044, -1.700955429999965 ], [ 121.877908660000116, -1.70078 ], [ 121.878505210000071, -1.700176649999946 ], [ 121.879181350000067, -1.69725176999998 ], [ 121.880204440000057, -1.696389419999946 ], [ 121.882086420000064, -1.697330349999959 ], [ 121.882859680000024, -1.699047879999966 ], [ 121.885343840000019, -1.701620769999977 ], [ 121.887571040000012, -1.703936379999959 ], [ 121.88731995, -1.706000399999937 ], [ 121.886298410000109, -1.707464579999964 ], [ 121.88408228000003, -1.709533649999969 ], [ 121.881779400000028, -1.711087099999929 ], [ 121.878871910000043, -1.710062859999937 ], [ 121.8759687700001, -1.710758099999964 ], [ 121.871525970000107, -1.710769489999961 ], [ 121.868531270000062, -1.709057619999953 ], [ 121.865797220000104, -1.709064609999928 ], [ 121.862721620000116, -1.709158439999953 ], [ 121.858555040000056, -1.70930887999998 ], [ 121.856327230000034, -1.707175629999938 ], [ 121.854892880000079, -1.704473389999976 ], [ 121.854145180000046, -1.701717029999941 ], [ 121.85193090000007, -1.699126469999953 ], [ 121.851755500000081, -1.697321359999933 ], [ 121.852604330000077, -1.69508376999994 ], [ 121.851475030000074, -1.693437829999937 ], [ 121.851292710000052, -1.693157029999952 ], [ 121.848535410000068, -1.694670949999932 ], [ 121.848162320000029, -1.695189899999946 ], [ 121.848212170000011, -1.696414179999977 ], [ 121.847417550000046, -1.696792929999958 ], [ 121.847093380000047, -1.698159439999927 ], [ 121.846345550000024, -1.698538069999927 ], [ 121.845691910000028, -1.699151929999971 ], [ 121.845183250000105, -1.701602039999955 ], [ 121.8445642800001, -1.702148019999925 ], [ 121.843687950000117, -1.702500589999943 ], [ 121.843363540000041, -1.703772919999949 ], [ 121.843646340000078, -1.704572779999978 ], [ 121.843696090000094, -1.705749969999943 ], [ 121.843370980000032, -1.70673974999994 ], [ 121.842248410000025, -1.706978059999926 ], [ 121.841218130000016, -1.706698119999942 ], [ 121.84056118, -1.705993389999946 ], [ 121.83976537, -1.70590121999993 ], [ 121.839578770000116, -1.706137159999969 ], [ 121.839440610000111, -1.707032279999964 ], [ 121.839769980000028, -1.707737839999936 ], [ 121.839491190000103, -1.708539129999963 ], [ 121.839024150000114, -1.708917069999927 ], [ 121.8380888800001, -1.709202 ], [ 121.837763070000051, -1.709909229999937 ], [ 121.837812230000054, -1.710850969999967 ], [ 121.836702910000099, -1.712801869999964 ], [ 121.83732921, -1.713305749999961 ], [ 121.837024700000029, -1.714055309999935 ], [ 121.836276150000117, -1.714151409999943 ], [ 121.835527010000078, -1.714012029999935 ], [ 121.834456820000014, -1.713745289999963 ], [ 121.833579650000047, -1.714708129999963 ], [ 121.832906760000014, -1.714831439999955 ], [ 121.831991040000048, -1.715301729999965 ], [ 121.831262800000104, -1.716244639999957 ], [ 121.830649980000089, -1.716599089999931 ], [ 121.830094640000084, -1.716571099999953 ], [ 121.829098720000047, -1.716380439999966 ], [ 121.82787278, -1.716253269999925 ], [ 121.827084160000027, -1.716431729999954 ], [ 121.82673202, -1.716964179999934 ], [ 121.826734710000096, -1.718033366999975 ], [ 121.82673520000003, -1.718227909999939 ], [ 121.826505890000021, -1.718903489999946 ], [ 121.825818300000037, -1.719264319999979 ], [ 121.825367760000063, -1.719553369999971 ], [ 121.825346062000108, -1.719716565999931 ], [ 121.825281710000013, -1.720200569999975 ], [ 121.825174520000019, -1.720678047999968 ], [ 121.825050510000096, -1.72123044999995 ], [ 121.824702110000089, -1.722143 ], [ 121.824410830000033, -1.722526049999942 ], [ 121.823506120000047, -1.723028299999953 ], [ 121.823156020000056, -1.723264459999939 ], [ 121.823157580000043, -1.72388202999997 ], [ 121.823538690000078, -1.724351599999977 ], [ 121.824153220000085, -1.724673519999953 ], [ 121.824942290000081, -1.724671499999943 ], [ 121.825556230000075, -1.724758149999957 ], [ 121.825703610000119, -1.725257719999945 ], [ 121.825266430000056, -1.725729369999954 ], [ 121.82491656000002, -1.726053749999949 ], [ 121.824158420000117, -1.726732089999928 ], [ 121.823428620000072, -1.727057449999961 ], [ 121.822132590000024, -1.727472939999927 ], [ 121.820408040000075, -1.727704079999967 ], [ 121.819688580000047, -1.727361099999939 ], [ 121.818781870000066, -1.727069329999949 ], [ 121.818051760000117, -1.727277059999949 ], [ 121.817819230000055, -1.727777599999968 ], [ 121.817907870000113, -1.728159679999976 ], [ 121.817791780000107, -1.728483479999966 ], [ 121.817499830000088, -1.728601859999969 ], [ 121.816947150000033, -1.72855648999996 ], [ 121.815862930000094, -1.728488409999954 ], [ 121.815367220000098, -1.728930809999952 ], [ 121.814207320000037, -1.728918799999974 ], [ 121.812998050000033, -1.728172239999935 ], [ 121.811833620000016, -1.728267609999932 ], [ 121.809820930000114, -1.729099739999924 ], [ 121.809819460000085, -1.729096949999928 ], [ 121.809402746000046, -1.729263630999981 ], [ 121.80931277000002, -1.729299619999949 ], [ 121.80930874, -1.729291369999942 ], [ 121.809229260000052, -1.729344349999963 ], [ 121.808988290000116, -1.729505 ], [ 121.808551244000114, -1.729905920999954 ], [ 121.807806473000028, -1.730589131999977 ], [ 121.807570010000063, -1.730806049999956 ], [ 121.806541440000046, -1.732239599999957 ], [ 121.806202720000101, -1.732746139999961 ], [ 121.805802200000016, -1.733345086999975 ], [ 121.804137960000048, -1.735833829999933 ], [ 121.803031630000078, -1.73821978999996 ], [ 121.802598430000103, -1.741291869999941 ], [ 121.802469410000072, -1.742915289999928 ], [ 121.802339240000038, -1.743671349999943 ], [ 121.802871, -1.74562235999997 ], [ 121.802880660000028, -1.749413679999975 ], [ 121.802634270000112, -1.751291929999979 ], [ 121.802709530000016, -1.752663839999968 ], [ 121.802821150000113, -1.754216199999973 ], [ 121.803542050000033, -1.755478119999964 ], [ 121.804264790000047, -1.756628089999936 ], [ 121.804628980000075, -1.758969939999929 ], [ 121.80426832, -1.760721899999965 ], [ 121.804860710000071, -1.762032989999966 ], [ 121.806214710000063, -1.76222335999995 ], [ 121.806931820000045, -1.762004849999926 ], [ 121.807077850000042, -1.762979379999933 ], [ 121.806470810000064, -1.764136409999935 ], [ 121.804858670000044, -1.765151629999934 ], [ 121.80435556000009, -1.764864079999938 ], [ 121.803529320000052, -1.764505149999934 ], [ 121.802345630000104, -1.764688769999964 ], [ 121.801164730000096, -1.765955629999951 ], [ 121.7997131300001, -1.767904279999925 ], [ 121.798037519000104, -1.770188699999949 ], [ 121.797204100000044, -1.771324929999935 ], [ 121.79697762, -1.77189889999994 ], [ 121.796087740000075, -1.774154141999929 ], [ 121.796080780000011, -1.774171779999961 ], [ 121.795612314000095, -1.775359 ], [ 121.795611020000024, -1.775362279999968 ], [ 121.793556250000051, -1.780569659999969 ], [ 121.793161250000026, -1.781628439999963 ], [ 121.792235703000074, -1.784039376999942 ], [ 121.7917448500001, -1.785317989999953 ], [ 121.791246777000083, -1.786183072999961 ], [ 121.791034430000082, -1.786551889999942 ], [ 121.790814700000055, -1.786933529999942 ], [ 121.789627497000083, -1.788598213999933 ], [ 121.789160580000043, -1.789252919999967 ], [ 121.788832979000063, -1.78970335899993 ], [ 121.78722692100007, -1.791911628999969 ], [ 121.787170410000044, -1.791989329999979 ], [ 121.786669780000011, -1.792869649999943 ], [ 121.786162770000033, -1.793761199999949 ], [ 121.785258120000094, -1.794986079999944 ], [ 121.78440549000004, -1.796471339999925 ], [ 121.784173040000042, -1.796966379999958 ], [ 121.78409578000003, -1.797357089999934 ], [ 121.783475650000014, -1.798399399999937 ], [ 121.782777620000047, -1.799181359999977 ], [ 121.782182730000045, -1.79957257999996 ], [ 121.78163913000003, -1.79946893999994 ], [ 121.781768, -1.798921929999949 ], [ 121.782388540000056, -1.798296299999947 ], [ 121.782982950000019, -1.797410269999943 ], [ 121.782904550000012, -1.796629069999938 ], [ 121.784455500000035, -1.791753749999941 ], [ 121.784349280000015, -1.791715289999956 ], [ 121.78424485000005, -1.791647589999968 ], [ 121.782207560000074, -1.792772739999975 ], [ 121.780835350000075, -1.79617036999997 ], [ 121.780546130000062, -1.797293569999965 ], [ 121.780524830000104, -1.798011659999929 ], [ 121.779754030000049, -1.799086209999928 ], [ 121.779008230000045, -1.798259709999968 ], [ 121.778931620000094, -1.799435799999969 ], [ 121.776143710000042, -1.799737129999926 ], [ 121.774174650000077, -1.798325919999968 ], [ 121.77366638, -1.798629399999925 ], [ 121.774629080000068, -1.799447159999943 ], [ 121.775109930000099, -1.80051487999998 ], [ 121.774952950000056, -1.80142393999995 ], [ 121.775976090000086, -1.806739449999952 ], [ 121.776584430000071, -1.805775749999952 ], [ 121.776575760000014, -1.801204119999966 ], [ 121.778776100000073, -1.800906059999932 ], [ 121.779281560000072, -1.80122541999998 ], [ 121.779393030000051, -1.803229469999962 ], [ 121.779183910000029, -1.804512809999949 ], [ 121.77953471, -1.806623119999927 ], [ 121.779111360000115, -1.808299839999961 ], [ 121.77695669000002, -1.81141931999997 ], [ 121.774973310000064, -1.814188349999938 ], [ 121.773292450000099, -1.816420949999952 ], [ 121.7719699700001, -1.818509019999965 ], [ 121.770385200000078, -1.821853859999976 ], [ 121.77033653, -1.823537659999943 ], [ 121.769887480000079, -1.824474229999964 ], [ 121.768750440000076, -1.826374749999957 ], [ 121.767747530000065, -1.828782679999961 ], [ 121.767489080000018, -1.831482609999966 ], [ 121.767787190000035, -1.833726709999951 ], [ 121.766514230000098, -1.834451709999939 ], [ 121.765503750000107, -1.834000089999961 ], [ 121.764261330000068, -1.836221619999947 ], [ 121.763389670000038, -1.838041269999962 ], [ 121.765327200000115, -1.837528279999958 ], [ 121.765748820000113, -1.836271069999952 ], [ 121.76698303, -1.835477949999927 ], [ 121.767767370000115, -1.836265639999965 ], [ 121.76840814000002, -1.837519989999976 ], [ 121.76781845000005, -1.840328969999973 ], [ 121.76513685000009, -1.845840319999979 ], [ 121.764778580000097, -1.850919059999967 ], [ 121.763247960000058, -1.85461128999998 ], [ 121.762486550000062, -1.855860729999961 ], [ 121.760045120000086, -1.85893772999998 ], [ 121.756230340000116, -1.86370710999995 ], [ 121.753942140000049, -1.867245149999974 ], [ 121.752111810000088, -1.870321549999971 ], [ 121.749672800000099, -1.875858219999941 ], [ 121.745399630000065, -1.880628099999967 ], [ 121.744329150000112, -1.881441929999937 ], [ 121.743987550000043, -1.882805889999929 ], [ 121.74425693, -1.884194899999954 ], [ 121.74399625, -1.886012979999975 ], [ 121.743761260000042, -1.887510279999958 ], [ 121.742808750000108, -1.888875929999926 ], [ 121.74050254000008, -1.890592749999939 ], [ 121.739282180000032, -1.891492219999975 ], [ 121.736361960000067, -1.891726639999945 ], [ 121.734903680000116, -1.892692799999963 ], [ 121.733231870000054, -1.893285379999952 ], [ 121.731641420000074, -1.894492449999973 ], [ 121.731169050000062, -1.896605139999963 ], [ 121.730173750000063, -1.901766099999975 ], [ 121.726326890000109, -1.903487229999939 ], [ 121.723406110000042, -1.903896199999963 ], [ 121.7217865, -1.904674529999966 ], [ 121.718762030000107, -1.905512639999927 ], [ 121.717310420000103, -1.908937699999967 ], [ 121.715438410000047, -1.914047749999952 ], [ 121.71411803, -1.916884479999965 ], [ 121.712453420000088, -1.920123089999947 ], [ 121.713993940000023, -1.920065359999967 ], [ 121.714188180000065, -1.923084979999942 ], [ 121.712067980000029, -1.924854879999941 ], [ 121.709888240000055, -1.924299679999933 ], [ 121.706374850000088, -1.92195468999995 ], [ 121.704807360000018, -1.921667789999958 ], [ 121.702171330000056, -1.921810979999975 ], [ 121.700902150000047, -1.921544989999973 ], [ 121.699417880000055, -1.922751859999948 ], [ 121.698783870000057, -1.924036549999926 ], [ 121.697988720000012, -1.924680219999971 ], [ 121.696686280000108, -1.924389829999939 ], [ 121.696208570000067, -1.924551519999966 ], [ 121.695386410000083, -1.925034909999965 ], [ 121.695149610000044, -1.925864129999979 ], [ 121.69215022000003, -1.926727749999941 ], [ 121.690192050000064, -1.927681969999981 ], [ 121.688306930000067, -1.929838879999977 ], [ 121.687090110000099, -1.931713229999957 ], [ 121.685953570000038, -1.93380118999994 ], [ 121.685702080000056, -1.935348019999935 ], [ 121.684546010000076, -1.937096549999978 ], [ 121.683389990000023, -1.938889889999928 ], [ 121.680636470000081, -1.94194140999997 ], [ 121.679763660000049, -1.943333729999949 ], [ 121.678478220000102, -1.945396959999925 ], [ 121.676664570000071, -1.946603269999969 ], [ 121.67251052000006, -1.946969469999942 ], [ 121.669526290000022, -1.947621609999942 ], [ 121.666545730000053, -1.949615 ], [ 121.663604070000019, -1.950114509999935 ], [ 121.661588550000033, -1.951376409999966 ], [ 121.659707480000066, -1.953225979999957 ], [ 121.657720520000112, -1.955209499999967 ], [ 121.654456380000056, -1.95647490999994 ], [ 121.653393080000114, -1.956237319999957 ], [ 121.65296383000009, -1.955232649999971 ], [ 121.646675980000055, -1.957752939999978 ], [ 121.645242430000053, -1.958131169999945 ], [ 121.644438700000023, -1.957670789999952 ], [ 121.643849770000088, -1.956814 ], [ 121.643527900000095, -1.956117419999941 ], [ 121.642394890000105, -1.956348219999938 ], [ 121.642184720000046, -1.957204159999947 ], [ 121.639029420000043, -1.959431549999977 ], [ 121.638229180000053, -1.958257659999958 ], [ 121.635891530000094, -1.958344369999963 ], [ 121.633313090000115, -1.957816949999938 ], [ 121.631267300000104, -1.957769189999965 ], [ 121.628235450000034, -1.959151589999976 ], [ 121.626067520000106, -1.96045670999996 ], [ 121.62436627000011, -1.960113949999936 ], [ 121.622154810000097, -1.957794539999952 ], [ 121.619388810000032, -1.956706269999927 ], [ 121.615529370000104, -1.954097349999927 ], [ 121.611862030000111, -1.95373326999993 ], [ 121.606041680000089, -1.953000889999942 ], [ 121.603755830000068, -1.95263295999996 ], [ 121.601443910000057, -1.952452219999941 ], [ 121.594324410000013, -1.952739169999973 ], [ 121.5871792800001, -1.953400409999972 ], [ 121.582267220000062, -1.954563399999927 ], [ 121.580433980000066, -1.954568439999946 ], [ 121.578453060000015, -1.955191489999947 ], [ 121.575017600000024, -1.957948169999952 ], [ 121.573750540000106, -1.958970919999956 ], [ 121.571968520000041, -1.958280779999939 ], [ 121.569868470000074, -1.957885569999974 ], [ 121.566757840000037, -1.957145589999925 ], [ 121.563569740000048, -1.957234539999945 ], [ 121.559898310000108, -1.955453499999976 ], [ 121.556197120000093, -1.952496249999967 ], [ 121.554623820000074, -1.950388629999964 ], [ 121.553501990000086, -1.948199559999978 ], [ 121.553659180000068, -1.947370409999962 ], [ 121.556553970000095, -1.946881319999932 ], [ 121.555860790000111, -1.946001019999926 ], [ 121.556763290000049, -1.945677769999975 ], [ 121.557906780000053, -1.946048909999945 ], [ 121.55857289000005, -1.946742159999928 ], [ 121.559214150000116, -1.948077059999946 ], [ 121.560120680000068, -1.949250839999934 ], [ 121.560274410000034, -1.947138519999953 ], [ 121.558514640000112, -1.944844269999976 ], [ 121.558139580000102, -1.943695769999977 ], [ 121.556120090000036, -1.943621069999949 ], [ 121.55603966000001, -1.94335394999996 ], [ 121.555590570000049, -1.944317569999953 ], [ 121.554715140000098, -1.944827879999934 ], [ 121.553041400000097, -1.944885899999974 ], [ 121.551258580000081, -1.943901609999955 ], [ 121.550484830000073, -1.94270070999994 ], [ 121.549521020000043, -1.939976529999967 ], [ 121.548642140000084, -1.93920363999996 ], [ 121.548319800000058, -1.937894579999977 ], [ 121.547997750000036, -1.936692439999945 ], [ 121.547384790000024, -1.935999029999948 ], [ 121.547587837000037, -1.935023150999939 ], [ 121.547650140000087, -1.934723709999957 ], [ 121.547116730000084, -1.934390279999946 ], [ 121.546921660000066, -1.934636919999946 ], [ 121.5467414310001, -1.934442682999929 ], [ 121.546669610000095, -1.934365279999952 ], [ 121.546709760000113, -1.934136879999926 ], [ 121.546706683000025, -1.934134331999928 ], [ 121.546704870000099, -1.934132829999953 ], [ 121.546704472000101, -1.934132903999966 ], [ 121.545706410000093, -1.934319359999961 ], [ 121.544908110000051, -1.933867039999939 ], [ 121.544455, -1.933333599999969 ], [ 121.544053670000039, -1.93229206999996 ], [ 121.543465290000086, -1.930850039999939 ], [ 121.543383590000076, -1.930101719999925 ], [ 121.543248970000036, -1.929433739999979 ], [ 121.543008560000089, -1.928953189999959 ], [ 121.543192910000016, -1.928337819999967 ], [ 121.543112210000118, -1.927963759999955 ], [ 121.542898450000052, -1.927509869999938 ], [ 121.54255205000004, -1.927136529999927 ], [ 121.541966940000066, -1.926924229999941 ], [ 121.540982230000054, -1.926312 ], [ 121.540156510000088, -1.925538939999967 ], [ 121.54026017000001, -1.924549519999971 ], [ 121.541242120000106, -1.924119139999959 ], [ 121.541346620000013, -1.92345051999996 ], [ 121.540760530000057, -1.922863949999964 ], [ 121.540733610000075, -1.922730349999938 ], [ 121.540359790000025, -1.922036279999929 ], [ 121.539482070000076, -1.921691089999968 ], [ 121.539135180000017, -1.921130609999977 ], [ 121.540117550000105, -1.920860649999952 ], [ 121.540673890000107, -1.920244279999963 ], [ 121.540460200000098, -1.91981710999994 ], [ 121.540273150000075, -1.919416609999928 ], [ 121.540011080000113, -1.918845209999972 ], [ 121.539569820000111, -1.918025899999975 ], [ 121.537811290000036, -1.917210099999977 ], [ 121.53554809000002, -1.915322689999925 ], [ 121.534042460000023, -1.915263589999938 ], [ 121.53297874000009, -1.916276269999969 ], [ 121.531852630000117, -1.91741535999995 ], [ 121.529781100000037, -1.916852839999933 ], [ 121.528457990000106, -1.914647319999972 ], [ 121.526160170000026, -1.911445969999932 ], [ 121.52248768000004, -1.910434399999929 ], [ 121.518467250000072, -1.908235979999972 ], [ 121.51602213000001, -1.908747389999974 ], [ 121.513823630000047, -1.907617099999925 ], [ 121.510933630000068, -1.905920569999978 ], [ 121.509359470000049, -1.903652489999956 ], [ 121.507031410000081, -1.900944569999979 ], [ 121.505957300000091, -1.897980859999961 ], [ 121.50432469000009, -1.897353959999975 ], [ 121.501944220000041, -1.89862256999993 ], [ 121.498490460000085, -1.89724302999997 ], [ 121.496790870000041, -1.894975209999927 ], [ 121.497219710000081, -1.890997619999951 ], [ 121.498908220000089, -1.888973419999957 ], [ 121.49746266000011, -1.887904169999956 ], [ 121.496777990000055, -1.889988869999968 ], [ 121.49445632000004, -1.889742459999979 ], [ 121.493258920000017, -1.88759953999994 ], [ 121.491625000000113, -1.886467649999929 ], [ 121.490428260000044, -1.884577189999959 ], [ 121.488608910000039, -1.884518789999959 ], [ 121.486095790000036, -1.883010449999972 ], [ 121.48577712000008, -1.881054569999947 ], [ 121.485333160000096, -1.879162129999941 ], [ 121.487526480000042, -1.878272779999975 ], [ 121.487773050000101, -1.876567919999957 ], [ 121.486702920000084, -1.875118939999936 ], [ 121.488507, -1.873182979999967 ], [ 121.486137540000072, -1.874804799999936 ], [ 121.485444610000059, -1.873670439999955 ], [ 121.48443979000001, -1.873231189999956 ], [ 121.483809750000091, -1.872159779999947 ], [ 121.483235310000055, -1.870169539999949 ], [ 121.482237790000113, -1.870712079999976 ], [ 121.480542590000027, -1.870719509999958 ], [ 121.479039950000015, -1.871288389999961 ], [ 121.47749103000001, -1.871523259999947 ], [ 121.475965750000114, -1.872526019999952 ], [ 121.4740265800001, -1.873321139999973 ], [ 121.47315411000011, -1.87559572999993 ], [ 121.471648070000015, -1.875410249999959 ], [ 121.469731, -1.875468919999946 ], [ 121.467409300000099, -1.876867899999979 ], [ 121.465256130000057, -1.878077799999971 ], [ 121.463694150000038, -1.877731489999974 ], [ 121.461494410000114, -1.878971179999951 ], [ 121.458982680000076, -1.878030819999935 ], [ 121.457662240000104, -1.876834899999949 ], [ 121.461569080000118, -1.874941679999949 ], [ 121.462924280000038, -1.873854659999949 ], [ 121.464554050000061, -1.873804169999971 ], [ 121.46461161000002, -1.873520489999976 ], [ 121.465236740000023, -1.87044015999993 ], [ 121.466615090000118, -1.869742289999976 ], [ 121.466736240000046, -1.868037709999953 ], [ 121.467361800000049, -1.867341769999939 ], [ 121.467544570000086, -1.865195189999952 ], [ 121.46747482, -1.862418029999958 ], [ 121.46904088000008, -1.861530339999945 ], [ 121.470350450000069, -1.858434059999979 ], [ 121.469782050000049, -1.857041919999972 ], [ 121.468521190000047, -1.856842679999943 ], [ 121.468057210000097, -1.857443949999947 ], [ 121.467195400000037, -1.858379369999966 ], [ 121.466209690000028, -1.858255259999964 ], [ 121.46580309, -1.859715819999963 ], [ 121.464208940000049, -1.860911459999954 ], [ 121.464212660000044, -1.862187439999957 ], [ 121.461705860000052, -1.863379589999965 ], [ 121.461105350000025, -1.86410664999994 ], [ 121.46016738000003, -1.864928159999977 ], [ 121.459039320000102, -1.864862339999945 ], [ 121.456943440000032, -1.865474769999935 ], [ 121.45512769000004, -1.866868089999969 ], [ 121.453810290000092, -1.86687145999997 ], [ 121.451553810000064, -1.867634689999932 ], [ 121.448541650000038, -1.867263639999976 ], [ 121.448656940000092, -1.863223489999939 ], [ 121.447022540000034, -1.861902059999977 ], [ 121.44896395, -1.860571549999975 ], [ 121.449147240000116, -1.858614279999927 ], [ 121.450833760000023, -1.855706349999934 ], [ 121.450078590000089, -1.85476142999994 ], [ 121.454253130000097, -1.854183959999943 ], [ 121.454716860000076, -1.853171609999947 ], [ 121.45515346000002, -1.852160549999951 ], [ 121.454711340000017, -1.850962339999967 ], [ 121.450065180000024, -1.84939602999998 ], [ 121.454579880000097, -1.848564029999977 ], [ 121.455454980000013, -1.847299369999973 ], [ 121.456078050000087, -1.84559349999995 ], [ 121.457764570000109, -1.842685619999941 ], [ 121.461772960000076, -1.84008751999994 ], [ 121.46327851, -1.840083719999939 ], [ 121.464973670000063, -1.840647539999964 ], [ 121.466715850000014, -1.840019549999965 ], [ 121.465720310000052, -1.838183919999949 ], [ 121.465779120000093, -1.836605739999925 ], [ 121.46797360000005, -1.836413229999948 ], [ 121.467592190000119, -1.834139449999952 ], [ 121.465263470000082, -1.831052359999944 ], [ 121.463815970000041, -1.829162349999933 ], [ 121.462548720000086, -1.827247689999979 ], [ 121.46007119, -1.825649889999966 ], [ 121.458772010000075, -1.824867729999937 ], [ 121.45746406, -1.82499267999998 ], [ 121.456695920000016, -1.825569829999949 ], [ 121.455785110000079, -1.826246899999944 ], [ 121.454927710000106, -1.826293289999967 ], [ 121.454672400000049, -1.825298329999953 ], [ 121.456262670000115, -1.823745659999929 ], [ 121.457703300000048, -1.823468079999941 ], [ 121.458964650000098, -1.822743319999972 ], [ 121.460133090000113, -1.822866469999951 ], [ 121.461579330000063, -1.822006699999974 ], [ 121.461875010000085, -1.821541349999961 ], [ 121.461943850000011, -1.820857419999925 ], [ 121.46171607000008, -1.819837979999932 ], [ 121.461824800000045, -1.81825103999995 ], [ 121.461145100000067, -1.816666049999981 ], [ 121.460693180000021, -1.816100509999956 ], [ 121.459112160000018, -1.81440441999996 ], [ 121.457871540000042, -1.81372749999997 ], [ 121.456855070000074, -1.812596669999948 ], [ 121.455943570000045, -1.811186049999947 ], [ 121.455412180000053, -1.810452059999932 ], [ 121.452346420000026, -1.811247829999957 ], [ 121.449190470000076, -1.810348949999934 ], [ 121.44535622, -1.808431709999979 ], [ 121.445461130000012, -1.805258029999948 ], [ 121.446004310000035, -1.804018479999968 ], [ 121.442827270000066, -1.80474479999998 ], [ 121.442759830000114, -1.804812539999944 ], [ 121.44269234, -1.804919029999951 ], [ 121.44249982000008, -1.804909179999925 ], [ 121.442422840000063, -1.804851 ], [ 121.442316980000101, -1.80480246999997 ], [ 121.442230270000096, -1.804889569999943 ], [ 121.442143540000075, -1.805005729999948 ], [ 121.442133770000055, -1.805160699999931 ], [ 121.442075870000053, -1.805315619999931 ], [ 121.442037230000096, -1.80548024999996 ], [ 121.441820460000031, -1.80572645999996 ], [ 121.441666270000042, -1.805910359999928 ], [ 121.441608400000064, -1.806026539999948 ], [ 121.441589020000038, -1.806171809999967 ], [ 121.441511920000039, -1.806278289999966 ], [ 121.441367430000014, -1.806365339999957 ], [ 121.441194130000099, -1.806394249999926 ], [ 121.440655010000114, -1.806403459999956 ], [ 121.440587760000085, -1.806248429999926 ], [ 121.440472250000084, -1.80622896999995 ], [ 121.440395140000078, -1.806325759999936 ], [ 121.440404690000037, -1.806422619999978 ], [ 121.44047197000009, -1.806558279999933 ], [ 121.440548890000059, -1.806664889999979 ], [ 121.440635440000051, -1.806771519999927 ], [ 121.440712370000028, -1.806878129999973 ], [ 121.440750730000104, -1.807042819999936 ], [ 121.440664020000099, -1.807120229999953 ], [ 121.440577340000118, -1.807168579999939 ], [ 121.440471450000018, -1.807158819999927 ], [ 121.440269270000044, -1.80716831999996 ], [ 121.4401152800001, -1.807110069999965 ], [ 121.440019110000094, -1.807003449999968 ], [ 121.439922910000064, -1.806925879999937 ], [ 121.439865110000028, -1.806954889999929 ], [ 121.439836180000043, -1.807032349999929 ], [ 121.43973979000009, -1.807148499999926 ], [ 121.439624230000049, -1.807196829999953 ], [ 121.439460540000027, -1.80724510999994 ], [ 121.439325720000056, -1.807293429999959 ], [ 121.439200520000099, -1.807351439999934 ], [ 121.439094510000018, -1.807486939999933 ], [ 121.43906547000006, -1.807661269999926 ], [ 121.439055730000064, -1.807796859999939 ], [ 121.438949530000059, -1.808155149999948 ], [ 121.438833940000109, -1.808232529999941 ], [ 121.438737630000105, -1.808280869999976 ], [ 121.438689410000052, -1.808368019999932 ], [ 121.438602670000023, -1.808493849999934 ], [ 121.438496680000071, -1.808600299999966 ], [ 121.43840031000002, -1.808697079999945 ], [ 121.438058660000024, -1.809037669999952 ], [ 121.437991220000072, -1.809095709999951 ], [ 121.437721600000032, -1.809182659999976 ], [ 121.43756747000009, -1.809289069999977 ], [ 121.437451870000018, -1.809376139999927 ], [ 121.43728813000007, -1.809463169999958 ], [ 121.437220750000051, -1.809463109999967 ], [ 121.437105250000059, -1.809433959999978 ], [ 121.436999360000073, -1.809414489999938 ], [ 121.436797200000115, -1.80940462999996 ], [ 121.436575720000064, -1.809481929999947 ], [ 121.43623875000003, -1.809510689999968 ], [ 121.436075230000029, -1.809336209999969 ], [ 121.43590198000004, -1.809287629999972 ], [ 121.43570947, -1.809268079999924 ], [ 121.435343620000026, -1.809296819999929 ], [ 121.4352280600001, -1.809335469999951 ], [ 121.435093200000097, -1.809432209999954 ], [ 121.434967960000108, -1.809528959999966 ], [ 121.434813880000092, -1.809586949999925 ], [ 121.434602090000112, -1.809577069999932 ], [ 121.434448110000062, -1.809509129999981 ], [ 121.434313430000088, -1.809402469999952 ], [ 121.434246160000043, -1.80926680999994 ], [ 121.43417885000008, -1.809169899999972 ], [ 121.434034550000092, -1.809053539999979 ], [ 121.433909410000069, -1.809043739999936 ], [ 121.433793860000037, -1.809082399999966 ], [ 121.433601250000038, -1.809140329999934 ], [ 121.433476050000081, -1.809208029999979 ], [ 121.433312300000011, -1.809324119999928 ], [ 121.433148520000032, -1.809459579999952 ], [ 121.433023250000019, -1.809595059999936 ], [ 121.432907650000061, -1.809682149999958 ], [ 121.432720110000105, -1.809859969999934 ], [ 121.432537140000022, -1.809917919999975 ], [ 121.432344520000015, -1.810014609999939 ], [ 121.432190430000105, -1.810082289999968 ], [ 121.432084470000063, -1.81015967999997 ], [ 121.431920710000099, -1.810266079999963 ], [ 121.431785840000089, -1.810372509999979 ], [ 121.431554660000074, -1.810527279999974 ], [ 121.431207820000054, -1.810836929999937 ], [ 121.431063260000087, -1.811020829999961 ], [ 121.430928360000053, -1.811156309999944 ], [ 121.43067778000011, -1.81148541999994 ], [ 121.430523620000031, -1.811620879999964 ], [ 121.430533130000072, -1.811766169999942 ], [ 121.430590730000063, -1.811959959999967 ], [ 121.430657930000052, -1.812163419999933 ], [ 121.430754080000042, -1.812328149999928 ], [ 121.430792440000118, -1.812483159999942 ], [ 121.430811580000068, -1.812618789999931 ], [ 121.430821070000093, -1.812783439999976 ], [ 121.430753600000116, -1.81288023999997 ], [ 121.430657310000015, -1.812889849999976 ], [ 121.430503360000102, -1.81280253999995 ], [ 121.430378230000088, -1.812783059999958 ], [ 121.430243480000058, -1.812744199999941 ], [ 121.430147260000012, -1.812695689999941 ], [ 121.430080010000097, -1.81252128999995 ], [ 121.430060870000034, -1.812385659999961 ], [ 121.430032140000094, -1.812201609999931 ], [ 121.430032300000107, -1.812017569999966 ], [ 121.429965050000078, -1.811862539999936 ], [ 121.429888110000093, -1.811784989999978 ], [ 121.429753420000111, -1.81167832999995 ], [ 121.429599390000021, -1.811678189999952 ], [ 121.429368350000118, -1.811668299999951 ], [ 121.42923364, -1.811590709999962 ], [ 121.429035850000105, -1.811288479999973 ], [ 121.428958890000104, -1.811210929999959 ], [ 121.428949270000089, -1.811191549999933 ], [ 121.428805010000019, -1.811026759999947 ], [ 121.42866068, -1.810949149999942 ], [ 121.428516370000011, -1.810842479999963 ], [ 121.42833354000004, -1.810735769999951 ], [ 121.428150710000068, -1.810648449999974 ], [ 121.428006330000017, -1.810619249999945 ], [ 121.427784920000022, -1.810609369999952 ], [ 121.427698230000033, -1.810648049999941 ], [ 121.427524910000102, -1.810696329999928 ], [ 121.427476750000096, -1.810715649999963 ], [ 121.427187870000012, -1.810812249999969 ], [ 121.427062630000023, -1.810918689999937 ], [ 121.426956650000079, -1.811015449999957 ], [ 121.426763980000032, -1.811150899999973 ], [ 121.426629100000014, -1.811267 ], [ 121.42650384, -1.811392809999973 ], [ 121.426388230000043, -1.811499259999948 ], [ 121.426028890000111, -1.811483009999961 ], [ 121.42589415000009, -1.81143445999993 ], [ 121.425749790000054, -1.811385899999948 ], [ 121.425605380000093, -1.811385779999966 ], [ 121.425451340000109, -1.811385639999969 ], [ 121.425268390000042, -1.811443589999953 ], [ 121.425162430000114, -1.811520989999963 ], [ 121.424979440000016, -1.811598309999965 ], [ 121.424873560000037, -1.811578849999933 ], [ 121.424671540000077, -1.811414009999964 ], [ 121.424411550000059, -1.811491259999968 ], [ 121.42419007, -1.81155887999995 ], [ 121.423958930000026, -1.811645839999926 ], [ 121.423756610000055, -1.811829709999927 ], [ 121.423381, -1.812013399999955 ], [ 121.423198100000036, -1.812013239999942 ], [ 121.423034420000022, -1.812032479999971 ], [ 121.422803360000103, -1.812041959999931 ], [ 121.422543370000085, -1.81210952999993 ], [ 121.422341150000079, -1.812177149999968 ], [ 121.422158170000102, -1.812254469999971 ], [ 121.421955880000041, -1.812399599999935 ], [ 121.421782480000047, -1.812515659999974 ], [ 121.421329660000083, -1.812931759999969 ], [ 121.421242870000015, -1.81310603999998 ], [ 121.421146430000022, -1.813289979999979 ], [ 121.421040410000046, -1.813435169999934 ], [ 121.421069030000012, -1.81374513999998 ], [ 121.421165110000061, -1.813958319999927 ], [ 121.421270900000081, -1.814074639999944 ], [ 121.421367130000021, -1.814132829999949 ], [ 121.421521100000064, -1.814191079999944 ], [ 121.421665480000115, -1.814229959999977 ], [ 121.421838690000072, -1.814317289999963 ], [ 121.422011910000037, -1.814385229999971 ], [ 121.422088820000113, -1.814520909999942 ], [ 121.422136820000105, -1.814666229999943 ], [ 121.422078990000045, -1.814753349999933 ], [ 121.421924870000112, -1.814850069999977 ], [ 121.421846230000028, -1.815126039999939 ], [ 121.421769010000048, -1.815348739999934 ], [ 121.421826630000055, -1.815523139999925 ], [ 121.421874630000048, -1.815687849999961 ], [ 121.421951510000099, -1.815833199999929 ], [ 121.422268890000055, -1.816182169999934 ], [ 121.422519080000029, -1.816317979999951 ], [ 121.422605670000053, -1.816385869999976 ], [ 121.422721090000096, -1.816502199999945 ], [ 121.422788220000029, -1.816802519999953 ], [ 121.42274964, -1.81687028999994 ], [ 121.422653320000109, -1.816938 ], [ 121.42253775000006, -1.816996009999968 ], [ 121.422345140000061, -1.817083009999976 ], [ 121.422171730000059, -1.81720877999993 ], [ 121.422007960000087, -1.817334549999941 ], [ 121.421824910000055, -1.817499049999981 ], [ 121.421815150000043, -1.817654009999956 ], [ 121.421786180000026, -1.817750849999925 ], [ 121.421718670000018, -1.817896069999961 ], [ 121.421757040000102, -1.818041409999978 ], [ 121.421737680000092, -1.818186669999932 ], [ 121.421727930000088, -1.818322259999945 ], [ 121.42161236000004, -1.818380279999928 ], [ 121.421448620000092, -1.818467299999952 ], [ 121.421241500000065, -1.818878489999975 ], [ 121.421241380000083, -1.819023769999944 ], [ 121.421116150000103, -1.819110829999943 ], [ 121.421039130000054, -1.819120449999957 ], [ 121.420971460000032, -1.81943033999994 ], [ 121.420961700000021, -1.819585309999979 ], [ 121.420961500000089, -1.819817759999978 ], [ 121.420932500000049, -1.819963019999932 ], [ 121.420874680000111, -1.82003076999996 ], [ 121.420768710000061, -1.820108179999977 ], [ 121.420730100000014, -1.820224359999941 ], [ 121.420758810000052, -1.820418119999943 ], [ 121.420749060000048, -1.820563389999961 ], [ 121.420623860000092, -1.820621399999936 ], [ 121.420412020000072, -1.820679309999946 ], [ 121.420296460000031, -1.820717969999976 ], [ 121.420238650000101, -1.820766339999977 ], [ 121.420200070000078, -1.820863169999939 ], [ 121.420151660000101, -1.821173069999929 ], [ 121.420266990000073, -1.821395939999945 ], [ 121.420411300000069, -1.821502609999925 ], [ 121.42047862000004, -1.821570479999934 ], [ 121.420497800000021, -1.821667349999927 ], [ 121.420430380000084, -1.821706029999973 ], [ 121.42025706000004, -1.821734939999942 ], [ 121.420083780000027, -1.821734789999937 ], [ 121.419900820000066, -1.821783059999973 ], [ 121.41967937000004, -1.821821599999964 ], [ 121.419400150000115, -1.821860099999981 ], [ 121.419005340000012, -1.821975979999934 ], [ 121.418726100000072, -1.822043539999925 ], [ 121.41843735000009, -1.821975479999935 ], [ 121.418158290000065, -1.821829949999938 ], [ 121.418004420000102, -1.821655459999931 ], [ 121.417790150000087, -1.821080439999946 ], [ 121.417665170000078, -1.820886619999953 ], [ 121.417472800000041, -1.820702419999975 ], [ 121.417299730000082, -1.820440749999932 ], [ 121.417107430000101, -1.82017905999993 ], [ 121.416626420000057, -1.819791209999948 ], [ 121.416347260000066, -1.819761899999946 ], [ 121.416058450000037, -1.819751949999954 ], [ 121.415914130000033, -1.819674349999957 ], [ 121.415760170000112, -1.819577359999926 ], [ 121.415606210000078, -1.819499719999953 ], [ 121.415529370000058, -1.819305939999936 ], [ 121.415365860000065, -1.819121769999924 ], [ 121.415154540000117, -1.818588859999977 ], [ 121.414971740000055, -1.818453099999942 ], [ 121.414865930000019, -1.818356149999943 ], [ 121.414673640000046, -1.818075089999979 ], [ 121.414442, -1.817035389999944 ], [ 121.414451850000091, -1.816773889999979 ], [ 121.414538700000094, -1.816531809999958 ], [ 121.414664010000024, -1.816347899999926 ], [ 121.414808530000073, -1.816222099999948 ], [ 121.414933750000046, -1.816144729999962 ], [ 121.415087900000117, -1.816009269999938 ], [ 121.415193900000077, -1.815893129999949 ], [ 121.41533840000011, -1.815786709999941 ], [ 121.415473310000039, -1.815631859999939 ], [ 121.415974170000027, -1.814930849999939 ], [ 121.416041630000109, -1.81484372999995 ], [ 121.416080220000026, -1.81474690999994 ], [ 121.416234300000042, -1.814698609999937 ], [ 121.416263230000027, -1.814650209999968 ], [ 121.416234510000095, -1.814456469999925 ], [ 121.416234600000053, -1.814359619999948 ], [ 121.416177090000019, -1.814059309999948 ], [ 121.416138680000017, -1.813952729999926 ], [ 121.415946250000047, -1.813826629999937 ], [ 121.415801870000109, -1.813787769999976 ], [ 121.415667130000088, -1.813768269999969 ], [ 121.415493830000059, -1.813768119999963 ], [ 121.41536880000001, -1.813632409999968 ], [ 121.415311130000077, -1.813516129999925 ], [ 121.415243820000114, -1.813438589999976 ], [ 121.414926200000082, -1.813360819999957 ], [ 121.41472404000001, -1.81335095999998 ], [ 121.414521880000052, -1.813350789999959 ], [ 121.414348550000113, -1.813389369999925 ], [ 121.414011540000047, -1.813466559999938 ], [ 121.413713060000077, -1.813514719999944 ], [ 121.413501260000089, -1.813524219999977 ], [ 121.41315467000004, -1.81355297999994 ], [ 121.412702220000028, -1.813542889999951 ], [ 121.412374920000047, -1.813513539999974 ], [ 121.412211360000015, -1.813406849999978 ], [ 121.412211420000062, -1.813339059999976 ], [ 121.412269230000106, -1.813280989999953 ], [ 121.412346260000049, -1.813271369999939 ], [ 121.412529200000108, -1.813232789999972 ], [ 121.412702500000023, -1.813223259999972 ], [ 121.41288540000005, -1.813223419999929 ], [ 121.413049060000048, -1.813223559999926 ], [ 121.413241600000106, -1.813223729999947 ], [ 121.413453400000094, -1.813223919999928 ], [ 121.41365557000006, -1.813214409999944 ], [ 121.413771110000084, -1.813195149999956 ], [ 121.413963660000036, -1.813166249999938 ], [ 121.414059980000047, -1.813127599999973 ], [ 121.414214520000087, -1.812660619999974 ], [ 121.41431091000004, -1.812515419999954 ], [ 121.414388020000047, -1.812418629999968 ], [ 121.414359210000043, -1.81233143999998 ], [ 121.414272640000036, -1.81225386999995 ], [ 121.414176400000088, -1.81220535999995 ], [ 121.414070620000075, -1.812079359999927 ], [ 121.414041860000111, -1.811953409999944 ], [ 121.414003520000051, -1.81175965999995 ], [ 121.4139748, -1.811565919999964 ], [ 121.413897930000076, -1.81140118999997 ], [ 121.413667040000064, -1.811226639999973 ], [ 121.413185970000086, -1.810906589999945 ], [ 121.412955040000043, -1.81076110999993 ], [ 121.412858890000052, -1.810625409999943 ], [ 121.412748760000113, -1.810234819999948 ], [ 121.412729630000058, -1.810089519999963 ], [ 121.412777840000103, -1.809983019999947 ], [ 121.412826090000067, -1.809866839999927 ], [ 121.412797240000032, -1.809818389999975 ], [ 121.412720210000089, -1.809847369999943 ], [ 121.412595030000034, -1.809876309999936 ], [ 121.412441, -1.809876169999939 ], [ 121.412123340000107, -1.809846839999977 ], [ 121.412007890000041, -1.809769259999939 ], [ 121.411998340000082, -1.809682069999951 ], [ 121.411931120000077, -1.809478609999928 ], [ 121.411931200000026, -1.809381749999943 ], [ 121.41176766000001, -1.809255699999937 ], [ 121.411623310000095, -1.80919745999995 ], [ 121.411488550000058, -1.80916826999993 ], [ 121.411315260000038, -1.809168119999924 ], [ 121.411132340000108, -1.80919702999995 ], [ 121.41089159, -1.809283979999975 ], [ 121.410756740000011, -1.809361359999968 ], [ 121.410544910000112, -1.809409599999981 ], [ 121.410352350000039, -1.80942878999997 ], [ 121.410092420000069, -1.809428559999958 ], [ 121.409919140000056, -1.809428409999953 ], [ 121.409813270000086, -1.809408949999977 ], [ 121.409745900000075, -1.809379829999955 ], [ 121.40961123000011, -1.809244109999952 ], [ 121.409351480000055, -1.809050169999978 ], [ 121.409313100000077, -1.808914529999925 ], [ 121.409236240000041, -1.808720749999964 ], [ 121.409149660000026, -1.808652859999938 ], [ 121.409014880000086, -1.80866242999997 ], [ 121.408851100000106, -1.808797899999945 ], [ 121.408696970000051, -1.808923669999956 ], [ 121.408600590000106, -1.809049509999966 ], [ 121.408465720000095, -1.809155929999974 ], [ 121.408282790000044, -1.809165449999966 ], [ 121.408196230000044, -1.809078199999931 ], [ 121.408128950000105, -1.808942549999927 ], [ 121.40823502, -1.808758599999976 ], [ 121.408244790000026, -1.808584279999934 ], [ 121.408244950000039, -1.808400239999969 ], [ 121.408139170000027, -1.808274239999946 ], [ 121.408004510000069, -1.808138519999943 ], [ 121.407507880000026, -1.808058309999979 ], [ 121.407440460000089, -1.808077609999941 ], [ 121.40721894, -1.808203339999977 ], [ 121.407161110000061, -1.808290449999959 ], [ 121.407026260000066, -1.808367829999952 ], [ 121.406852910000111, -1.808435469999949 ], [ 121.406718190000106, -1.808377229999962 ], [ 121.406650940000077, -1.808222199999932 ], [ 121.406593230000112, -1.808154359999946 ], [ 121.40646813, -1.808096129999967 ], [ 121.406227520000016, -1.808028109999952 ], [ 121.406150560000015, -1.807969929999956 ], [ 121.406015870000033, -1.807872949999933 ], [ 121.405804110000076, -1.807834019999973 ], [ 121.405746420000014, -1.807746809999969 ], [ 121.40559251000002, -1.807601389999945 ], [ 121.405525220000072, -1.807504459999961 ], [ 121.405409690000056, -1.807504349999931 ], [ 121.405226740000103, -1.80754294999997 ], [ 121.405101540000032, -1.807600949999937 ], [ 121.404947420000099, -1.807717029999935 ], [ 121.404841460000057, -1.807775059999926 ], [ 121.404687390000049, -1.807842729999948 ], [ 121.404542900000024, -1.807939459999943 ], [ 121.404417750000107, -1.80793934999997 ], [ 121.404350460000046, -1.807813359999955 ], [ 121.404341, -1.807639019999954 ], [ 121.404398920000062, -1.807445359999974 ], [ 121.404447140000116, -1.807358219999969 ], [ 121.40446656000006, -1.807174209999971 ], [ 121.404437730000041, -1.807106379999937 ], [ 121.404380030000084, -1.807028849999938 ], [ 121.404024010000057, -1.806834819999949 ], [ 121.40395675000002, -1.806689469999981 ], [ 121.403735570000094, -1.806408389999945 ], [ 121.403600930000039, -1.806262989999937 ], [ 121.403446970000118, -1.806175679999967 ], [ 121.403216020000059, -1.806068939999932 ], [ 121.40302349000001, -1.806059079999955 ], [ 121.402583610000079, -1.805942439999967 ], [ 121.402314050000086, -1.805942199999947 ], [ 121.402111910000031, -1.805922649999957 ], [ 121.401919410000119, -1.805874049999943 ], [ 121.401803960000052, -1.805786779999949 ], [ 121.401544060000106, -1.805757479999954 ], [ 121.40138042000001, -1.805747659999952 ], [ 121.401245650000078, -1.80574753999997 ], [ 121.401062690000117, -1.80579580999995 ], [ 121.400937470000031, -1.805873179999935 ], [ 121.40081224000005, -1.805960229999926 ], [ 121.400667830000089, -1.805969789999949 ], [ 121.400475370000095, -1.805892149999977 ], [ 121.400388820000103, -1.805785519999972 ], [ 121.400350470000035, -1.805601449999926 ], [ 121.40029289000006, -1.805407689999925 ], [ 121.40024496, -1.805165509999938 ], [ 121.400168070000063, -1.805029839999975 ], [ 121.400062200000093, -1.804981319999968 ], [ 121.399917810000034, -1.804990869999926 ], [ 121.399667450000038, -1.805058449999933 ], [ 121.399494100000084, -1.805126099999939 ], [ 121.399253350000095, -1.805213059999971 ], [ 121.399118510000108, -1.805290429999957 ], [ 121.399031800000103, -1.805377519999979 ], [ 121.399012430000084, -1.805503409999972 ], [ 121.398935340000094, -1.805600199999958 ], [ 121.398761980000018, -1.805677539999976 ], [ 121.398102600000016, -1.805725929999937 ], [ 121.397688650000077, -1.805715869999972 ], [ 121.397265110000035, -1.805676739999967 ], [ 121.397072600000115, -1.805637829999966 ], [ 121.396880080000074, -1.80562797999994 ], [ 121.396610510000073, -1.805637429999933 ], [ 121.396283100000119, -1.805753369999934 ], [ 121.395821030000093, -1.805743269999937 ], [ 121.39554191000002, -1.805675209999947 ], [ 121.395291640000096, -1.805636249999964 ], [ 121.394748970000023, -1.805442059999962 ], [ 121.394556580000085, -1.805267539999932 ], [ 121.394373690000066, -1.805248019999965 ], [ 121.394181130000106, -1.805267209999954 ], [ 121.393584130000022, -1.805421649999971 ], [ 121.393458940000073, -1.805469959999925 ], [ 121.392842810000047, -1.80548878999997 ], [ 121.392784900000038, -1.805663089999939 ], [ 121.392717180000091, -1.806040759999973 ], [ 121.392668900000103, -1.806215069999951 ], [ 121.392610950000062, -1.806418419999943 ], [ 121.39233167000009, -1.806544079999981 ], [ 121.391917600000056, -1.806679319999944 ], [ 121.391705700000102, -1.806805029999964 ], [ 121.391455180000094, -1.807056639999928 ], [ 121.390843230000087, -1.807455569999945 ], [ 121.390294140000037, -1.807871569999975 ], [ 121.389899250000099, -1.80808430999997 ], [ 121.389802880000047, -1.808210129999964 ], [ 121.389619720000042, -1.808481169999936 ], [ 121.389494380000087, -1.808694139999943 ], [ 121.389099370000054, -1.809061849999978 ], [ 121.388925900000118, -1.809265099999948 ], [ 121.388761940000109, -1.809613629999944 ], [ 121.38860775, -1.809807199999966 ], [ 121.388492090000113, -1.809962069999926 ], [ 121.388511230000063, -1.810078319999946 ], [ 121.388183420000018, -1.81064946999993 ], [ 121.38803895, -1.810717149999959 ], [ 121.387798270000076, -1.810736309999925 ], [ 121.38759605000007, -1.810803919999955 ], [ 121.387461210000083, -1.810871599999928 ], [ 121.387283600000046, -1.811113459999945 ], [ 121.38720645, -1.811268369999937 ], [ 121.38714863000007, -1.811326429999951 ], [ 121.387071550000087, -1.811413529999925 ], [ 121.386955980000039, -1.811461849999944 ], [ 121.386724910000112, -1.811500399999943 ], [ 121.38646497000002, -1.811509859999944 ], [ 121.386224380000044, -1.81142245999996 ], [ 121.386060870000051, -1.811257649999959 ], [ 121.385974640000086, -1.810792669999955 ], [ 121.38592661000007, -1.810666709999964 ], [ 121.385753520000094, -1.810463159999927 ], [ 121.38562851000006, -1.810308069999962 ], [ 121.385561240000015, -1.810162729999945 ], [ 121.385272630000031, -1.809959069999934 ], [ 121.384878110000045, -1.809745629999952 ], [ 121.384743420000063, -1.809648659999937 ], [ 121.384685710000099, -1.809609859999966 ], [ 121.384493290000023, -1.809464409999975 ], [ 121.38431042000002, -1.809425489999967 ], [ 121.384002370000076, -1.809415539999975 ], [ 121.383761700000036, -1.809415329999979 ], [ 121.383318940000095, -1.809337439999979 ], [ 121.382914630000073, -1.809317709999959 ], [ 121.382606580000015, -1.809298059999946 ], [ 121.382423730000028, -1.809239779999928 ], [ 121.382231270000034, -1.809162129999947 ], [ 121.381980920000046, -1.80922 ], [ 121.381769180000106, -1.80915202999995 ], [ 121.381682630000114, -1.809055089999958 ], [ 121.381519, -1.809025879999979 ], [ 121.381374630000096, -1.809006389999979 ], [ 121.381201290000035, -1.809064329999956 ], [ 121.380828610000094, -1.809534479999968 ], [ 121.380645640000012, -1.809621499999935 ], [ 121.38059743000008, -1.809689249999963 ], [ 121.38053957000011, -1.809815109999931 ], [ 121.380241010000077, -1.809950439999966 ], [ 121.38004844000011, -1.809998689999929 ], [ 121.379894310000054, -1.810114789999943 ], [ 121.379749800000013, -1.810230889999957 ], [ 121.379557140000088, -1.810376 ], [ 121.37939343000005, -1.810433969999963 ], [ 121.3790854, -1.810414309999942 ], [ 121.378989130000036, -1.810404539999979 ], [ 121.378902550000021, -1.81033666999997 ], [ 121.378835340000023, -1.810152569999957 ], [ 121.378758540000035, -1.809890989999928 ], [ 121.378720270000031, -1.809639129999937 ], [ 121.378691640000056, -1.80935822999993 ], [ 121.378691900000035, -1.809057979999977 ], [ 121.378749900000116, -1.808786829999974 ], [ 121.37876932000006, -1.808593129999963 ], [ 121.378721300000052, -1.808476859999928 ], [ 121.37861548, -1.808379909999928 ], [ 121.378403720000051, -1.808350669999925 ], [ 121.378312829000038, -1.808378710999932 ], [ 121.37827854000011, -1.80838928999998 ], [ 121.378037840000047, -1.808427819999963 ], [ 121.37794150000002, -1.808514899999977 ], [ 121.377835590000018, -1.808534179999924 ], [ 121.377729720000048, -1.808505029999935 ], [ 121.377672030000099, -1.808417799999972 ], [ 121.377547020000065, -1.808262709999951 ], [ 121.377421890000051, -1.808243239999967 ], [ 121.377344860000107, -1.808272219999935 ], [ 121.377171580000095, -1.808252699999969 ], [ 121.377094710000051, -1.808107339999935 ], [ 121.377056340000081, -1.807942659999981 ], [ 121.376950640000018, -1.807729479999978 ], [ 121.376767880000102, -1.807574339999974 ], [ 121.376604280000038, -1.807496699999945 ], [ 121.376276960000041, -1.807525469999973 ], [ 121.376094010000088, -1.807554359999926 ], [ 121.375682570000095, -1.807727909999926 ], [ 121.375576630000069, -1.807785929999966 ], [ 121.375374390000047, -1.807882599999971 ], [ 121.375220330000047, -1.807911529999956 ], [ 121.374921860000086, -1.80795 ], [ 121.374690690000079, -1.808095069999979 ], [ 121.374459610000031, -1.808143289999975 ], [ 121.374084110000013, -1.808210759999952 ], [ 121.373843420000071, -1.808229899999958 ], [ 121.373304300000086, -1.808248789999936 ], [ 121.373025180000013, -1.808200109999973 ], [ 121.372746, -1.808199859999945 ], [ 121.37250538, -1.808151219999957 ], [ 121.372245410000119, -1.808199409999929 ], [ 121.37212033000003, -1.808121799999981 ], [ 121.372004860000061, -1.808063579999953 ], [ 121.371908800000028, -1.807840739999961 ], [ 121.371832090000112, -1.807482299999947 ], [ 121.371861170000102, -1.807269239999926 ], [ 121.371947960000057, -1.807114349999949 ], [ 121.372102150000046, -1.806920779999928 ], [ 121.37226596000005, -1.806746579999981 ], [ 121.372391300000118, -1.806533619999925 ], [ 121.372391470000025, -1.806339899999955 ], [ 121.372420470000066, -1.80621401999997 ], [ 121.372468640000079, -1.80615593999994 ], [ 121.372642020000058, -1.806049559999963 ], [ 121.372844250000071, -1.805972259999976 ], [ 121.373104240000089, -1.805895 ], [ 121.373384500000043, -1.80517451999998 ], [ 121.373413480000067, -1.805068 ], [ 121.373442560000058, -1.804825889999961 ], [ 121.373423420000108, -1.804709639999942 ], [ 121.37336571000003, -1.804651479999961 ], [ 121.373298350000027, -1.804622369999947 ], [ 121.373182880000059, -1.804564149999976 ], [ 121.373125210000012, -1.804457549999938 ], [ 121.373067580000111, -1.804321909999942 ], [ 121.373029220000035, -1.804147519999958 ], [ 121.373019720000116, -1.804011919999937 ], [ 121.373019860000113, -1.803847259999941 ], [ 121.372991110000044, -1.803701949999947 ], [ 121.372962330000064, -1.80357601999998 ], [ 121.372943280000072, -1.80337260999994 ], [ 121.372895350000022, -1.803130409999937 ], [ 121.372779930000092, -1.803014089999976 ], [ 121.37261637000006, -1.802907399999924 ], [ 121.37241438, -1.802723189999938 ], [ 121.372327890000065, -1.802558469999951 ], [ 121.372269870000082, -1.802080699999976 ], [ 121.372298860000114, -1.801954809999927 ], [ 121.372356670000045, -1.801887069999964 ], [ 121.372356790000026, -1.801761149999948 ], [ 121.372328140000036, -1.801509299999964 ], [ 121.372299450000014, -1.80129618999996 ], [ 121.372232340000096, -1.800966829999936 ], [ 121.37209770000004, -1.800840789999938 ], [ 121.371886040000049, -1.800675939999962 ], [ 121.371790030000057, -1.800394969999957 ], [ 121.3716457700001, -1.800230189999979 ], [ 121.371530970000094, -1.800060759999951 ], [ 121.371335710000039, -1.799804879999954 ], [ 121.371257660000083, -1.799627789999931 ], [ 121.371140630000014, -1.79933264999994 ], [ 121.371003950000045, -1.799135839999963 ], [ 121.370945710000115, -1.798683399999959 ], [ 121.37094632000003, -1.797994979999942 ], [ 121.370848890000048, -1.797640859999944 ], [ 121.370712250000111, -1.797404709999967 ], [ 121.370419240000047, -1.797148749999963 ], [ 121.370165210000096, -1.797030509999956 ], [ 121.370008860000098, -1.796991039999966 ], [ 121.369715700000029, -1.796892419999949 ], [ 121.369442100000015, -1.796793829999956 ], [ 121.368502160000048, -1.796570839999958 ], [ 121.368228610000074, -1.796413239999936 ], [ 121.368052900000066, -1.796157389999962 ], [ 121.368033590000096, -1.795882009999957 ], [ 121.368053370000098, -1.795626339999956 ], [ 121.368073190000018, -1.795311649999974 ], [ 121.368073470000013, -1.794996949999927 ], [ 121.368034710000074, -1.794623199999933 ], [ 121.367976610000028, -1.793993739999962 ], [ 121.367937790000042, -1.793679019999956 ], [ 121.367879450000032, -1.793344579999939 ], [ 121.367664700000091, -1.79301001999994 ], [ 121.367430360000071, -1.792734439999947 ], [ 121.366981250000094, -1.791707039999949 ], [ 121.366578100000083, -1.791519379999954 ], [ 121.366361070000039, -1.79134750999998 ], [ 121.36606646000007, -1.791206779999925 ], [ 121.365678790000061, -1.791050349999978 ], [ 121.365053410000087, -1.79079798999993 ], [ 121.364650130000086, -1.790750799999955 ], [ 121.364401980000025, -1.790688159999945 ], [ 121.36416936, -1.790609909999944 ], [ 121.363936790000025, -1.790484849999928 ], [ 121.36362672000007, -1.790281669999956 ], [ 121.363208240000063, -1.789891109999928 ], [ 121.36288271, -1.789625479999927 ], [ 121.362619240000072, -1.789359929999932 ], [ 121.362402220000035, -1.789172439999959 ], [ 121.361999030000106, -1.789031609999938 ], [ 121.361065, -1.788624899999945 ], [ 121.3610648, -1.788859 ], [ 121.360987130000012, -1.788968189999935 ], [ 121.360894040000062, -1.788999309999951 ], [ 121.360738900000115, -1.789014789999953 ], [ 121.360537190000059, -1.789061419999939 ], [ 121.360335500000019, -1.789108069999941 ], [ 121.360164790000113, -1.789170339999941 ], [ 121.360025130000054, -1.789232639999966 ], [ 121.359838950000039, -1.789263699999935 ], [ 121.359513090000064, -1.789372649999962 ], [ 121.359419950000074, -1.789450599999952 ], [ 121.359311220000109, -1.789622179999981 ], [ 121.359233470000049, -1.789825019999967 ], [ 121.359202290000098, -1.789996669999937 ], [ 121.358969530000081, -1.790090099999929 ], [ 121.358783240000093, -1.790246019999927 ], [ 121.358689970000114, -1.790464439999937 ], [ 121.358534690000056, -1.790635979999934 ], [ 121.35831737, -1.79080745999994 ], [ 121.358053590000054, -1.790885259999925 ], [ 121.357898500000033, -1.790838299999962 ], [ 121.35718466000003, -1.790268769999955 ], [ 121.357021130000021, -1.790103949999946 ], [ 121.356633530000067, -1.789737689999924 ], [ 121.356409420000091, -1.789560619999975 ], [ 121.356233750000115, -1.789414099999931 ], [ 121.356130780000058, -1.789340829999958 ], [ 121.355778270000087, -1.788935539999954 ], [ 121.355608690000054, -1.788776819999953 ], [ 121.355463320000013, -1.788666919999969 ], [ 121.355360330000053, -1.788605839999946 ], [ 121.354851330000088, -1.788416319999953 ], [ 121.354772590000039, -1.788361359999953 ], [ 121.354645350000055, -1.788294169999972 ], [ 121.354560610000021, -1.788172119999956 ], [ 121.354481910000118, -1.788050079999948 ], [ 121.354348870000081, -1.787702339999953 ], [ 121.354252, -1.787574179999979 ], [ 121.3541854, -1.787494839999965 ], [ 121.354082400000038, -1.787433759999942 ], [ 121.353997600000071, -1.787366599999928 ], [ 121.353589020000072, -1.78708987999994 ], [ 121.353479920000041, -1.787077569999951 ], [ 121.353334460000042, -1.787053059999948 ], [ 121.353195080000091, -1.78702852999993 ], [ 121.353092060000108, -1.786985749999928 ], [ 121.352976950000084, -1.786930759999962 ], [ 121.352813310000101, -1.786912319999942 ], [ 121.352467790000105, -1.786936399999945 ], [ 121.352176800000052, -1.786972729999945 ], [ 121.352013170000077, -1.786948179999968 ], [ 121.35192832000007, -1.78691761999994 ], [ 121.351801070000079, -1.786880909999979 ], [ 121.351667720000023, -1.786880799999949 ], [ 121.351491980000105, -1.786825739999927 ], [ 121.351413190000017, -1.78681346999997 ], [ 121.351358640000058, -1.78681341999993 ], [ 121.351075970000011, -1.786750679999955 ], [ 121.350936560000036, -1.786744449999958 ], [ 121.350833510000029, -1.786744359999943 ], [ 121.350663770000097, -1.786762499999952 ], [ 121.350500110000098, -1.786768459999962 ], [ 121.350378880000108, -1.786768349999932 ], [ 121.350287980000076, -1.786743869999952 ], [ 121.35020320000001, -1.786652319999973 ], [ 121.350075930000116, -1.786640009999928 ], [ 121.349918400000092, -1.78654838999995 ], [ 121.349797270000067, -1.786444599999925 ], [ 121.349742830000082, -1.786316479999925 ], [ 121.349761130000047, -1.786194519999981 ], [ 121.349815830000011, -1.786023809999961 ], [ 121.349864530000104, -1.785792099999981 ], [ 121.349925300000109, -1.785615309999969 ], [ 121.350046640000073, -1.785493439999925 ], [ 121.350198280000086, -1.78537769999997 ], [ 121.350349930000107, -1.785255879999966 ], [ 121.350580570000034, -1.784673789999943 ], [ 121.350592820000088, -1.784551829999941 ], [ 121.350586860000021, -1.784429839999973 ], [ 121.350544510000077, -1.784338329999969 ], [ 121.350441520000118, -1.784283349999953 ], [ 121.350265830000012, -1.784173419999945 ], [ 121.350096110000095, -1.784179369999947 ], [ 121.350011210000048, -1.784221969999976 ], [ 121.34992026000009, -1.784246289999942 ], [ 121.349780870000018, -1.784215679999932 ], [ 121.349690020000025, -1.784136309999951 ], [ 121.349665860000073, -1.784050899999954 ], [ 121.349629600000071, -1.783922799999971 ], [ 121.349538770000095, -1.78381294999997 ], [ 121.349357030000078, -1.783703009999954 ], [ 121.34924804000002, -1.783587039999929 ], [ 121.349187480000069, -1.78351988999998 ], [ 121.349114830000076, -1.783410059999937 ], [ 121.348993430000064, -1.783060679999949 ], [ 121.349017730000014, -1.782987519999949 ], [ 121.349017830000093, -1.782883849999962 ], [ 121.348999710000044, -1.782828939999945 ], [ 121.348957300000052, -1.782780119999927 ], [ 121.348896780000018, -1.782682479999949 ], [ 121.348872650000089, -1.782560499999931 ], [ 121.348890920000031, -1.782462929999951 ], [ 121.348878890000037, -1.782359239999948 ], [ 121.348806220000029, -1.782273799999928 ], [ 121.348685070000101, -1.782188309999981 ], [ 121.348612400000093, -1.782115059999967 ], [ 121.348533690000068, -1.782011309999973 ], [ 121.348473170000034, -1.781619109999951 ], [ 121.348473220000074, -1.781558119999943 ], [ 121.348455100000024, -1.781484919999968 ], [ 121.348255270000095, -1.781253 ], [ 121.348061540000117, -1.781002779999938 ], [ 121.348001040000099, -1.78087464999993 ], [ 121.347976900000049, -1.78075266999997 ], [ 121.34797699, -1.780655089999925 ], [ 121.347983110000087, -1.780581899999959 ], [ 121.347983200000044, -1.780478229999972 ], [ 121.348001690000046, -1.780116579999969 ], [ 121.347983620000036, -1.779988489999937 ], [ 121.348013980000019, -1.77993362999996 ], [ 121.34805649000009, -1.77983 ], [ 121.348062620000064, -1.779762909999931 ], [ 121.347838560000014, -1.779524869999932 ], [ 121.347693160000063, -1.779439349999961 ], [ 121.347608340000079, -1.779402689999927 ], [ 121.347420560000046, -1.779256149999981 ], [ 121.34738432000006, -1.77897403999998 ], [ 121.347402590000115, -1.778882579999959 ], [ 121.347469310000065, -1.778815539999925 ], [ 121.347596630000112, -1.778797359999942 ], [ 121.347657250000111, -1.778791329999933 ], [ 121.347711870000012, -1.778705989999935 ], [ 121.347718020000116, -1.778614519999962 ], [ 121.347590920000016, -1.778394859999935 ], [ 121.347488030000022, -1.778217909999967 ], [ 121.347403270000086, -1.778120249999972 ], [ 121.34733059000007, -1.778034799999944 ], [ 121.346812420000106, -1.777788319999956 ], [ 121.346721570000113, -1.777727249999941 ], [ 121.34661858000004, -1.77765396999996 ], [ 121.346521640000105, -1.777617299999974 ], [ 121.34643678000009, -1.777605029999961 ], [ 121.34636407000005, -1.777574459999926 ], [ 121.346255190000079, -1.777318229999935 ], [ 121.346206810000012, -1.77720839999995 ], [ 121.346158360000118, -1.777159569999981 ], [ 121.346043250000093, -1.777080189999936 ], [ 121.345928170000093, -1.777000799999939 ], [ 121.345843390000027, -1.776915349999967 ], [ 121.345728300000019, -1.776811559999942 ], [ 121.345479960000034, -1.776628389999928 ], [ 121.345364800000084, -1.776603889999933 ], [ 121.345249650000028, -1.77659768999996 ], [ 121.34516480000002, -1.776573219999932 ], [ 121.345086060000085, -1.776524349999931 ], [ 121.345019450000109, -1.776438919999975 ], [ 121.3449649800001, -1.776353479999955 ], [ 121.3448741200001, -1.77628631999994 ], [ 121.344524640000031, -1.776037179999946 ], [ 121.344439410000064, -1.775987059999977 ], [ 121.344387340000026, -1.775953649999963 ], [ 121.344337660000065, -1.775886869999965 ], [ 121.344271370000115, -1.775846309999963 ], [ 121.344188500000087, -1.775815239999929 ], [ 121.344010090000097, -1.775702469999942 ], [ 121.343972210000061, -1.775669069999935 ], [ 121.343891730000109, -1.775626109999962 ], [ 121.343827810000107, -1.775592689999939 ], [ 121.34372837, -1.77554731999993 ], [ 121.343654970000102, -1.775521049999952 ], [ 121.343403690000059, -1.775377599999956 ], [ 121.343387120000102, -1.775363289999973 ], [ 121.34333743000002, -1.775329879999958 ], [ 121.34328296000001, -1.775306 ], [ 121.343083690000071, -1.775126039999975 ], [ 121.343043450000096, -1.775092639999968 ], [ 121.342993720000095, -1.775075919999949 ], [ 121.342818590000093, -1.774937539999939 ], [ 121.342747580000037, -1.774880279999934 ], [ 121.34268606, -1.774815889999957 ], [ 121.342607950000115, -1.774746709999931 ], [ 121.342432880000047, -1.77452016999996 ], [ 121.342349820000095, -1.774477769999976 ], [ 121.342269360000046, -1.774342569999931 ], [ 121.342162110000118, -1.774126259999946 ], [ 121.34202799000002, -1.773896409999963 ], [ 121.341934050000077, -1.773815249999927 ], [ 121.341786370000023, -1.773747549999939 ], [ 121.341638710000097, -1.773666319999961 ], [ 121.341464210000026, -1.773544539999932 ], [ 121.341424160000088, -1.773274239999978 ], [ 121.341370660000052, -1.773017439999933 ], [ 121.34129031000009, -1.772747099999947 ], [ 121.34115621, -1.772517249999964 ], [ 121.341035430000034, -1.772395519999975 ], [ 121.340766850000023, -1.772354749999977 ], [ 121.34052513000006, -1.772313979999979 ], [ 121.340162530000043, -1.772273109999958 ], [ 121.339490980000051, -1.772286029999975 ], [ 121.339249170000016, -1.77233984999998 ], [ 121.339114830000085, -1.772366769999962 ], [ 121.338846210000042, -1.772366519999935 ], [ 121.338712030000011, -1.772231269999963 ], [ 121.338564440000027, -1.772055459999933 ], [ 121.338349560000097, -1.772028249999948 ], [ 121.33818838000002, -1.772055119999948 ], [ 121.338053990000049, -1.772136079999939 ], [ 121.337852420000104, -1.772244009999952 ], [ 121.337337780000098, -1.772342849999973 ], [ 121.337122860000022, -1.77236967999994 ], [ 121.336921400000051, -1.77238301999995 ], [ 121.336693070000024, -1.772382809999954 ], [ 121.336410910000041, -1.772504169999934 ], [ 121.336249620000103, -1.772625639999944 ], [ 121.33620923, -1.772747229999936 ], [ 121.336209090000011, -1.772895879999965 ], [ 121.336182060000056, -1.773085049999963 ], [ 121.3358460500001, -1.773341499999958 ], [ 121.335792230000038, -1.773449549999953 ], [ 121.335738340000034, -1.773638679999976 ], [ 121.335751660000028, -1.773760319999951 ], [ 121.335724650000088, -1.773935969999968 ], [ 121.335724450000043, -1.77415217999993 ], [ 121.335898820000011, -1.774422609999931 ], [ 121.336127030000057, -1.774557949999974 ], [ 121.336368640000046, -1.774706809999941 ], [ 121.336610210000117, -1.774909729999933 ], [ 121.336717530000101, -1.775071989999958 ], [ 121.336784470000111, -1.775301789999958 ], [ 121.336784180000109, -1.775626109999962 ], [ 121.336716130000013, -1.77663954999997 ], [ 121.336554800000044, -1.776801559999967 ], [ 121.336474180000096, -1.776842029999955 ], [ 121.33631299000001, -1.77685538999998 ], [ 121.336192070000038, -1.776909339999975 ], [ 121.33611135000001, -1.77707141999997 ], [ 121.336070910000103, -1.777220039999975 ], [ 121.335909640000068, -1.777341509999928 ], [ 121.3356677700001, -1.77746290999994 ], [ 121.335412540000107, -1.777503219999971 ], [ 121.335157400000071, -1.777448929999935 ], [ 121.3346338, -1.777218729999959 ], [ 121.334338420000108, -1.777110359999938 ], [ 121.333217380000065, -1.776417119999962 ], [ 121.332944800000064, -1.776224759999934 ], [ 121.332699500000103, -1.776032449999946 ], [ 121.331554690000075, -1.775208149999969 ], [ 121.331118570000058, -1.774905889999957 ], [ 121.330873350000047, -1.774631239999962 ], [ 121.33049182000002, -1.77427414999994 ], [ 121.32972867, -1.773669739999946 ], [ 121.32945613000004, -1.773422509999932 ], [ 121.329183490000105, -1.773312499999975 ], [ 121.328692690000025, -1.773147389999963 ], [ 121.328392690000101, -1.773119669999971 ], [ 121.32787463000011, -1.77295455999996 ], [ 121.327274660000057, -1.77287167999998 ], [ 121.326238230000058, -1.772870739999973 ], [ 121.325856250000015, -1.773007609999979 ], [ 121.325474400000076, -1.773007259999929 ], [ 121.325201710000101, -1.772952129999965 ], [ 121.324983610000118, -1.772842159999925 ], [ 121.324738320000051, -1.772649829999978 ], [ 121.324574840000082, -1.772457589999931 ], [ 121.324411410000039, -1.772210469999948 ], [ 121.324275410000041, -1.771798719999936 ], [ 121.32403029000011, -1.771414299999947 ], [ 121.323812320000116, -1.771167129999981 ], [ 121.323595330000103, -1.769822269999963 ], [ 121.323514120000027, -1.769136139999944 ], [ 121.32351441000003, -1.768806849999976 ], [ 121.32351471000004, -1.768477539999935 ], [ 121.32321507000006, -1.766769519999968 ], [ 121.323215340000047, -1.766467659999932 ], [ 121.323161060000075, -1.766165759999978 ], [ 121.323324950000028, -1.765891479999937 ], [ 121.323352470000032, -1.765617099999929 ], [ 121.323352770000042, -1.765287789999945 ], [ 121.323298470000054, -1.765013309999972 ], [ 121.323244230000114, -1.76465651999996 ], [ 121.323135330000014, -1.764436899999964 ], [ 121.322862810000061, -1.764189659999943 ], [ 121.32267214, -1.763915079999947 ], [ 121.321443540000018, -1.764488669999935 ], [ 121.321525900000097, -1.764709839999966 ], [ 121.321689340000034, -1.764929529999961 ], [ 121.32174378000002, -1.765066789999935 ], [ 121.321961710000096, -1.765341409999962 ], [ 121.322310860000016, -1.766215529999954 ], [ 121.322175030000039, -1.766758849999974 ], [ 121.321949780000068, -1.767006729999935 ], [ 121.321531930000106, -1.767290019999962 ], [ 121.32095827, -1.76761579999993 ], [ 121.320512090000079, -1.76789907999995 ], [ 121.320069500000045, -1.76817785999998 ], [ 121.319774210000105, -1.768418839999924 ], [ 121.319644990000029, -1.768563469999947 ], [ 121.319541180000101, -1.769157199999938 ], [ 121.319522620000043, -1.769287089999978 ], [ 121.319404490000011, -1.769402029999981 ], [ 121.319205270000111, -1.769450099999972 ], [ 121.318998800000031, -1.769368259999965 ], [ 121.318036500000062, -1.768350579999947 ], [ 121.31767213, -1.768727699999943 ], [ 121.31081667, -1.770084039999972 ], [ 121.31476082000006, -1.774448209999946 ], [ 121.314815520000025, -1.774724689999971 ], [ 121.314897690000066, -1.775001189999955 ], [ 121.315062320000038, -1.775222479999968 ], [ 121.315227, -1.775416109999981 ], [ 121.31558394000001, -1.775637569999958 ], [ 121.316627790000098, -1.775804389999962 ], [ 121.316820110000094, -1.775804559999926 ], [ 121.317094840000095, -1.775804809999954 ], [ 121.317507, -1.775749909999945 ], [ 121.31802907000008, -1.775667459999966 ], [ 121.318276330000117, -1.77566767999997 ], [ 121.318496270000082, -1.775502029999927 ], [ 121.318633760000012, -1.775363959999936 ], [ 121.318936140000119, -1.775170739999965 ], [ 121.31921095000007, -1.775088059999973 ], [ 121.319458250000025, -1.775060649999944 ], [ 121.319622830000071, -1.775337219999926 ], [ 121.319567660000075, -1.775585939999928 ], [ 121.319457600000078, -1.775779329999978 ], [ 121.31915532000005, -1.775861979999945 ], [ 121.318907990000071, -1.775917039999968 ], [ 121.31863326000007, -1.77591678999994 ], [ 121.31841347000011, -1.775916589999952 ], [ 121.31811124, -1.77594395999995 ], [ 121.317863890000012, -1.776026659999957 ], [ 121.317616510000107, -1.776164639999934 ], [ 121.317479050000088, -1.776275079999948 ], [ 121.31783551, -1.777049399999953 ], [ 121.317917940000029, -1.777021829999967 ], [ 121.3182203, -1.77685624999998 ], [ 121.318385220000096, -1.776773479999974 ], [ 121.318522630000075, -1.776718319999929 ], [ 121.318852470000024, -1.776552769999967 ], [ 121.319127240000057, -1.776525379999953 ], [ 121.319374400000015, -1.776636169999961 ], [ 121.319484210000041, -1.776719199999945 ], [ 121.319593780000105, -1.777078639999957 ], [ 121.319648410000013, -1.777438039999936 ], [ 121.319758030000116, -1.777742199999977 ], [ 121.319812770000112, -1.777963389999968 ], [ 121.31989494000004, -1.778239889999952 ], [ 121.319949670000028, -1.778488719999928 ], [ 121.320004440000048, -1.778682269999933 ], [ 121.320004220000101, -1.778931039999975 ], [ 121.320003790000101, -1.779400959999975 ], [ 121.320031040000117, -1.779649759999927 ], [ 121.320085720000066, -1.779953879999937 ], [ 121.32008549000011, -1.780202659999929 ], [ 121.320222620000095, -1.780451549999952 ], [ 121.320448530000021, -1.782378669999957 ], [ 121.320456900000067, -1.782532949999961 ], [ 121.320516280000106, -1.78282441999994 ], [ 121.32051601, -1.783115819999978 ], [ 121.320592480000073, -1.783338729999969 ], [ 121.320634870000049, -1.783553049999966 ], [ 121.320634770000083, -1.783655889999977 ], [ 121.320455720000041, -1.783835709999948 ], [ 121.320166070000028, -1.783869739999943 ], [ 121.319953020000071, -1.783955249999963 ], [ 121.319053510000117, -1.784281969999938 ], [ 121.31888312000001, -1.784307529999978 ], [ 121.318763800000056, -1.784367419999967 ], [ 121.31862745, -1.78442728999994 ], [ 121.318482600000038, -1.78447000999995 ], [ 121.318235500000014, -1.784538359999942 ], [ 121.317954210000039, -1.784718079999948 ], [ 121.317039600000044, -1.787680329999944 ], [ 121.315356440000073, -1.791110119999928 ], [ 121.312512930000025, -1.794520549999959 ], [ 121.312589470000034, -1.794649179999965 ], [ 121.312606420000066, -1.794752049999943 ], [ 121.312538220000079, -1.794803409999929 ], [ 121.312427430000071, -1.794846169999971 ], [ 121.312291160000086, -1.794828889999962 ], [ 121.31208684, -1.794691569999941 ], [ 121.311916640000049, -1.794494279999981 ], [ 121.311874100000068, -1.794434249999938 ], [ 121.311720800000103, -1.794408389999944 ], [ 121.311601500000052, -1.794442559999936 ], [ 121.3113630900001, -1.794313789999933 ], [ 121.31122683000001, -1.794279379999978 ], [ 121.310954210000091, -1.79430482999993 ], [ 121.310766750000084, -1.794356089999951 ], [ 121.310536630000115, -1.794475859999977 ], [ 121.310425770000052, -1.794604309999954 ], [ 121.310246800000073, -1.794707 ], [ 121.310093320000078, -1.794852559999924 ], [ 121.30984129, -1.795116739999969 ], [ 121.309754530000077, -1.795184499999948 ], [ 121.309735200000091, -1.795262019999939 ], [ 121.309657920000063, -1.795494549999944 ], [ 121.309551870000064, -1.795601069999975 ], [ 121.309464960000014, -1.795823879999944 ], [ 121.309329940000111, -1.795998219999944 ], [ 121.309233480000103, -1.796143509999979 ], [ 121.309165920000055, -1.796288809999965 ], [ 121.30911763000006, -1.796424459999969 ], [ 121.309098160000076, -1.796647349999944 ], [ 121.309078710000108, -1.796850869999957 ], [ 121.308780020000086, -1.79691841999994 ], [ 121.308702980000021, -1.796908659999929 ], [ 121.308587430000102, -1.796860099999947 ], [ 121.308481510000092, -1.796811539999965 ], [ 121.308356410000101, -1.796675729999947 ], [ 121.308240970000043, -1.79650117999995 ], [ 121.308173970000098, -1.796035909999944 ], [ 121.308222260000093, -1.795909969999968 ], [ 121.308212780000076, -1.795735499999978 ], [ 121.308135810000067, -1.795638509999947 ], [ 121.308068510000112, -1.795502759999977 ], [ 121.308020450000072, -1.795386409999935 ], [ 121.308030190000068, -1.795260429999928 ], [ 121.307924430000071, -1.795056809999949 ], [ 121.307654057000036, -1.795018889999938 ], [ 121.307653840000057, -1.795018859999971 ], [ 121.307298370000012, -1.794969 ], [ 121.307307810000111, -1.795182219999958 ], [ 121.307346210000105, -1.795327639999925 ], [ 121.307403940000086, -1.795405229999972 ], [ 121.307500140000116, -1.795541 ], [ 121.307615610000084, -1.795676799999967 ], [ 121.307653980000055, -1.795851279999965 ], [ 121.307711640000093, -1.79599670999994 ], [ 121.30775967000011, -1.796132429999943 ], [ 121.307798080000111, -1.796277849999967 ], [ 121.307826760000012, -1.796520169999951 ], [ 121.307788150000079, -1.79658797999997 ], [ 121.307682160000013, -1.796626649999951 ], [ 121.307556970000064, -1.796597449999979 ], [ 121.30733543000008, -1.796568169999944 ], [ 121.30717173000005, -1.796509869999966 ], [ 121.307008070000052, -1.796412789999977 ], [ 121.306767390000118, -1.796257519999926 ], [ 121.306507470000042, -1.79607311999996 ], [ 121.306343850000076, -1.795937279999976 ], [ 121.305987680000044, -1.795665579999934 ], [ 121.305463840000016, -1.795234889999961 ], [ 121.305290560000117, -1.795108729999924 ], [ 121.30525216, -1.794973019999929 ], [ 121.305175360000021, -1.794682189999946 ], [ 121.30507918, -1.79451733999997 ], [ 121.304877020000049, -1.794371769999941 ], [ 121.304723040000113, -1.794216559999938 ], [ 121.304520900000057, -1.794061299999953 ], [ 121.304058890000078, -1.79367321999996 ], [ 121.303712340000061, -1.793430589999957 ], [ 121.303548730000102, -1.793255989999977 ], [ 121.30342364, -1.793110489999947 ], [ 121.303154080000013, -1.792945479999958 ], [ 121.302951830000097, -1.792896839999969 ], [ 121.302691760000016, -1.792896599999949 ], [ 121.302159720000077, -1.792975349999949 ], [ 121.302092220000077, -1.79306250999997 ], [ 121.302043930000082, -1.793188469999961 ], [ 121.302043740000045, -1.793401679999931 ], [ 121.302043590000039, -1.793556749999937 ], [ 121.301995220000094, -1.793789309999966 ], [ 121.302004670000088, -1.793983149999974 ], [ 121.30206234000002, -1.794128569999941 ], [ 121.302139360000069, -1.794157729999938 ], [ 121.302331930000037, -1.794264519999956 ], [ 121.302399290000039, -1.79433242999994 ], [ 121.30249493000008, -1.795078779999926 ], [ 121.302408090000085, -1.795233769999925 ], [ 121.302282810000065, -1.795291789999965 ], [ 121.302215290000049, -1.795398339999963 ], [ 121.30221516000006, -1.795534019999934 ], [ 121.302214910000089, -1.795805389999941 ], [ 121.302214710000044, -1.79602830999994 ], [ 121.302195260000076, -1.796222119999925 ], [ 121.302156670000045, -1.796289919999936 ], [ 121.301356240000018, -1.796439189999944 ], [ 121.301067260000082, -1.796429229999944 ], [ 121.300874610000051, -1.796429049999972 ], [ 121.300614520000067, -1.796428799999944 ], [ 121.30036408, -1.796428569999932 ], [ 121.300094330000093, -1.796457379999936 ], [ 121.299978720000013, -1.796476659999939 ], [ 121.299747470000057, -1.796553979999942 ], [ 121.299593300000083, -1.796611979999966 ], [ 121.299477650000085, -1.796670029999973 ], [ 121.299410160000093, -1.796737809999968 ], [ 121.299371510000014, -1.796854079999946 ], [ 121.299380990000031, -1.797028529999977 ], [ 121.2993807900001, -1.797241739999947 ], [ 121.299245780000092, -1.797396679999963 ], [ 121.299139830000058, -1.797396589999948 ], [ 121.299043370000049, -1.79753218999997 ], [ 121.299129950000065, -1.797658259999935 ], [ 121.299264740000012, -1.79773591999998 ], [ 121.29940909000004, -1.797891119999974 ], [ 121.299485970000092, -1.798075339999968 ], [ 121.299562940000101, -1.798182009999948 ], [ 121.299668820000079, -1.798269349999941 ], [ 121.299793990000012, -1.798317919999931 ], [ 121.299938430000111, -1.79837619999995 ], [ 121.300053790000106, -1.798718129999941 ], [ 121.300082590000102, -1.798834459999966 ], [ 121.30016919000002, -1.798921779999944 ], [ 121.300275090000014, -1.798989709999944 ], [ 121.300448350000011, -1.799135249999949 ], [ 121.300544580000064, -1.799241949999953 ], [ 121.300746430000117, -1.799717039999962 ], [ 121.300746250000088, -1.799910869999962 ], [ 121.300755640000034, -1.800162859999944 ], [ 121.300668350000024, -1.800802429999976 ], [ 121.300668220000034, -1.800947809999968 ], [ 121.300629510000022, -1.801141609999945 ], [ 121.30060018000006, -1.801606779999929 ], [ 121.300522990000104, -1.801742389999959 ], [ 121.300416970000015, -1.801810129999978 ], [ 121.300378380000097, -1.801858549999963 ], [ 121.300339720000011, -1.802003899999931 ], [ 121.300243350000073, -1.802052259999925 ], [ 121.300185500000111, -1.80211036999998 ], [ 121.300146760000075, -1.802342919999944 ], [ 121.300154680000105, -1.802909799999952 ], [ 121.300183480000101, -1.803016439999965 ], [ 121.30025081000008, -1.803123109999945 ], [ 121.300327780000089, -1.803210409999963 ], [ 121.300472210000066, -1.803278389999946 ], [ 121.300655190000043, -1.803327019999927 ], [ 121.300770700000044, -1.803414349999969 ], [ 121.300789890000033, -1.803501599999947 ], [ 121.300789750000035, -1.803656659999945 ], [ 121.30074138000009, -1.803869839999948 ], [ 121.300683480000089, -1.803986079999959 ], [ 121.300625470000114, -1.804208929999959 ], [ 121.300548340000091, -1.80429608999998 ], [ 121.300480860000107, -1.804334799999936 ], [ 121.300317090000021, -1.804354019999948 ], [ 121.299979850000113, -1.804460319999976 ], [ 121.29975826000009, -1.804498869999975 ], [ 121.299632920000022, -1.804615059999946 ], [ 121.299632690000067, -1.804857349999963 ], [ 121.299632560000077, -1.804993019999927 ], [ 121.29973842000004, -1.80511912999998 ], [ 121.299815380000041, -1.805216109999947 ], [ 121.299940560000096, -1.805274389999965 ], [ 121.300036760000012, -1.805410149999943 ], [ 121.300161650000064, -1.805768859999944 ], [ 121.300142220000112, -1.805943299999967 ], [ 121.300113160000024, -1.806117719999975 ], [ 121.30008405, -1.80634060999995 ], [ 121.299898260000077, -1.806848289999948 ], [ 121.29978252, -1.80700324999998 ], [ 121.299676490000024, -1.807090379999977 ], [ 121.299580090000063, -1.807167829999969 ], [ 121.29952215000003, -1.807322829999976 ], [ 121.299473810000109, -1.807497239999975 ], [ 121.29950258000008, -1.807642649999934 ], [ 121.299454230000038, -1.807846129999973 ], [ 121.299338480000074, -1.808010769999953 ], [ 121.299155350000092, -1.808136589999947 ], [ 121.299116720000029, -1.808223769999927 ], [ 121.299097350000011, -1.808349759999942 ], [ 121.299068290000037, -1.808524179999949 ], [ 121.29873112000007, -1.808543239999949 ], [ 121.29841332, -1.808446029999971 ], [ 121.298326730000099, -1.808339329999967 ], [ 121.298201640000116, -1.808193849999952 ], [ 121.298066910000102, -1.808058029999927 ], [ 121.297845560000042, -1.807834919999948 ], [ 121.297701160000088, -1.807747549999931 ], [ 121.297527990000049, -1.80750508999995 ], [ 121.29733547, -1.807349839999972 ], [ 121.296989020000069, -1.807000609999932 ], [ 121.296960250000097, -1.806864909999945 ], [ 121.296892950000029, -1.806729149999967 ], [ 121.296681130000024, -1.806622359999949 ], [ 121.296536680000031, -1.806573759999935 ], [ 121.296459600000048, -1.80658337999995 ], [ 121.296363290000045, -1.806573599999979 ], [ 121.29630558000008, -1.806476619999955 ], [ 121.296228680000013, -1.806311789999938 ], [ 121.296074560000079, -1.806301959999928 ], [ 121.296035970000048, -1.806360069999926 ], [ 121.29601657, -1.806515119999972 ], [ 121.296026010000105, -1.806718649999937 ], [ 121.295987230000037, -1.806989979999969 ], [ 121.295977480000033, -1.807115959999976 ], [ 121.295909830000028, -1.807338809999976 ], [ 121.29578355000001, -1.807642099999953 ], [ 121.295725680000032, -1.807719579999969 ], [ 121.295638980000035, -1.807719499999962 ], [ 121.295513780000078, -1.807690299999933 ], [ 121.295369310000069, -1.807670789999975 ], [ 121.29533076000007, -1.807690129999969 ], [ 121.295292170000039, -1.807757939999931 ], [ 121.295292080000081, -1.807854849999956 ], [ 121.295369, -1.808000299999946 ], [ 121.29538815, -1.808126309999977 ], [ 121.295320450000077, -1.808426689999976 ], [ 121.295252920000053, -1.808523539999953 ], [ 121.295098640000106, -1.808688159999974 ], [ 121.294992430000093, -1.808959419999951 ], [ 121.29498258000001, -1.809182319999934 ], [ 121.294953570000075, -1.809298599999977 ], [ 121.294866760000104, -1.809443889999955 ], [ 121.294876260000024, -1.809579579999934 ], [ 121.294924300000048, -1.809695919999967 ], [ 121.295010560000037, -1.810170899999946 ], [ 121.295106840000017, -1.810238839999954 ], [ 121.295203130000118, -1.810268 ], [ 121.295347600000014, -1.810277829999961 ], [ 121.295549870000059, -1.810307099999932 ], [ 121.295780990000026, -1.810384849999934 ], [ 121.295935050000026, -1.810452829999974 ], [ 121.296040910000102, -1.810549859999981 ], [ 121.296146800000088, -1.810637179999958 ], [ 121.2965607000001, -1.810967079999955 ], [ 121.296618350000017, -1.811131909999972 ], [ 121.296618270000067, -1.811219129999927 ], [ 121.296589280000035, -1.811316009999928 ], [ 121.29649294, -1.81131591999997 ], [ 121.29630993, -1.81129636999998 ], [ 121.295991810000032, -1.811562729999935 ], [ 121.295943550000061, -1.811659589999977 ], [ 121.295895320000113, -1.811737079999943 ], [ 121.295895250000058, -1.811814609999942 ], [ 121.295933640000044, -1.811960029999966 ], [ 121.29590453000003, -1.812182899999925 ], [ 121.295885120000094, -1.812328259999958 ], [ 121.295913890000065, -1.812473669999974 ], [ 121.296000440000057, -1.812628819999929 ], [ 121.296058060000064, -1.812822709999978 ], [ 121.296211980000066, -1.813036069999953 ], [ 121.296423900000036, -1.813036269999941 ], [ 121.296655060000035, -1.81307524999994 ], [ 121.296780220000073, -1.813143219999972 ], [ 121.296895680000034, -1.813288689999979 ], [ 121.296943730000066, -1.813395349999951 ], [ 121.297136310000042, -1.813492459999964 ], [ 121.297300030000088, -1.813521679999951 ], [ 121.297473400000058, -1.813550919999955 ], [ 121.297714220000103, -1.813551149999967 ], [ 121.297926100000041, -1.813599799999963 ], [ 121.298003080000058, -1.813677409999968 ], [ 121.298051160000114, -1.813774379999927 ], [ 121.29804114, -1.814191109999967 ], [ 121.298002450000013, -1.814346139999941 ], [ 121.297896440000045, -1.814413879999961 ], [ 121.297761580000042, -1.814404069999966 ], [ 121.297645970000076, -1.814433019999967 ], [ 121.297530320000078, -1.814491069999974 ], [ 121.297424260000071, -1.814587879999976 ], [ 121.297432580000077, -1.814902079999968 ], [ 121.297644410000089, -1.814999199999932 ], [ 121.297788800000035, -1.815086569999949 ], [ 121.297807990000024, -1.815173809999976 ], [ 121.297836740000093, -1.815338589999953 ], [ 121.297826800000053, -1.815668099999925 ], [ 121.29774964, -1.815764949999959 ], [ 121.297720660000095, -1.815852139999947 ], [ 121.297759120000023, -1.815920029999972 ], [ 121.297758980000026, -1.81607508999997 ], [ 121.297758860000044, -1.816201079999928 ], [ 121.29766238000002, -1.816365749999932 ], [ 121.29747921, -1.816530329999978 ], [ 121.297421210000039, -1.816743499999973 ], [ 121.296900580000056, -1.817237269999964 ], [ 121.296794490000025, -1.817382549999934 ], [ 121.296746190000022, -1.817518179999979 ], [ 121.296745980000082, -1.817741099999978 ], [ 121.29674564000004, -1.81809968999994 ], [ 121.296726100000114, -1.818390429999965 ], [ 121.296754780000015, -1.818623059999936 ], [ 121.296754530000044, -1.818894419999936 ], [ 121.296783040000037, -1.819301499999938 ], [ 121.296831070000053, -1.819456619999926 ], [ 121.297118350000119, -1.820033459999934 ], [ 121.297368750000032, -1.820091839999975 ], [ 121.297628820000114, -1.82011147999998 ], [ 121.297734730000116, -1.820160039999962 ], [ 121.297753880000073, -1.820295729999941 ], [ 121.297715150000045, -1.820508919999952 ], [ 121.297657170000093, -1.82070269999997 ], [ 121.297589550000112, -1.820886769999959 ], [ 121.29746423000006, -1.820993259999966 ], [ 121.297329360000049, -1.821012529999962 ], [ 121.297165640000117, -1.820954209999968 ], [ 121.296982650000018, -1.820924959999957 ], [ 121.296626370000013, -1.820788939999943 ], [ 121.296462610000049, -1.820788789999938 ], [ 121.296337300000118, -1.820875889999968 ], [ 121.296173360000012, -1.821079259999976 ], [ 121.296038260000046, -1.821321419999947 ], [ 121.295951340000101, -1.821563639999965 ], [ 121.295951100000025, -1.821815619999938 ], [ 121.295864200000096, -1.822028749999959 ], [ 121.29564237000011, -1.822328979999952 ], [ 121.29557474, -1.822542129999931 ], [ 121.295708440000112, -1.822838429999933 ], [ 121.295804670000052, -1.822945129999937 ], [ 121.295910540000023, -1.823051839999948 ], [ 121.296112600000015, -1.82328463999994 ], [ 121.29618951000009, -1.823449469999957 ], [ 121.296179700000039, -1.823623899999973 ], [ 121.296092780000095, -1.823875809999947 ], [ 121.295755, -1.824534509999978 ], [ 121.295571790000054, -1.82473787999993 ], [ 121.295378920000076, -1.824960589999932 ], [ 121.29531127000007, -1.825202819999959 ], [ 121.295291460000044, -1.825774609999939 ], [ 121.295252750000031, -1.825968409999973 ], [ 121.295165960000077, -1.826065239999934 ], [ 121.294963400000029, -1.826346099999967 ], [ 121.294895750000023, -1.826588339999944 ], [ 121.29502084, -1.826724139999953 ], [ 121.295107460000054, -1.826811439999972 ], [ 121.295242250000115, -1.826898799999981 ], [ 121.295357750000107, -1.826976439999953 ], [ 121.295454, -1.827073459999951 ], [ 121.29551924000009, -1.82754456999993 ], [ 121.295509460000062, -1.82770931999994 ], [ 121.295432270000106, -1.827835249999964 ], [ 121.295364780000114, -1.827903019999951 ], [ 121.295278020000069, -1.827961089999974 ], [ 121.295191, -1.828309909999973 ], [ 121.295258100000069, -1.828668569999934 ], [ 121.295229010000071, -1.828872059999981 ], [ 121.295132550000062, -1.828997959999924 ], [ 121.294987990000095, -1.829075359999933 ], [ 121.294737430000055, -1.829181729999959 ], [ 121.294496500000037, -1.829288109999936 ], [ 121.294342320000055, -1.829355789999966 ], [ 121.294226650000041, -1.829433219999942 ], [ 121.294062840000038, -1.829491219999966 ], [ 121.293927970000027, -1.829510469999946 ], [ 121.293783470000108, -1.829510329999948 ], [ 121.293542660000071, -1.82950040999998 ], [ 121.293398110000112, -1.829558409999947 ], [ 121.29323029000011, -1.829607659999965 ], [ 121.293171530000109, -1.829706009999938 ], [ 121.293171470000061, -1.829765039999927 ], [ 121.293132120000109, -1.830001189999962 ], [ 121.292916780000041, -1.830158419999975 ], [ 121.292760070000099, -1.830394449999972 ], [ 121.29275989000007, -1.830591269999957 ], [ 121.292818330000046, -1.830847179999978 ], [ 121.292818150000016, -1.831043989999955 ], [ 121.292778780000049, -1.831299809999962 ], [ 121.29266116000008, -1.831555549999962 ], [ 121.292523990000063, -1.831811269999946 ], [ 121.29248468000003, -1.832008049999956 ], [ 121.291984700000057, -1.832483189999948 ], [ 121.291812130000039, -1.832582499999944 ], [ 121.291617730000098, -1.83267275999998 ], [ 121.291526140000087, -1.832690749999927 ], [ 121.291366040000071, -1.832735819999925 ], [ 121.291194350000069, -1.832789909999974 ], [ 121.291010940000092, -1.832853019999959 ], [ 121.29088511000009, -1.832861949999938 ], [ 121.290827730000046, -1.832898069999942 ], [ 121.290713370000049, -1.83294318999998 ], [ 121.290564160000031, -1.83307869999993 ], [ 121.290448920000017, -1.833178049999958 ], [ 121.290369050000095, -1.833259369999951 ], [ 121.29031056000008, -1.833340709999959 ], [ 121.29019530000005, -1.833467189999965 ], [ 121.29011512000011, -1.833593719999953 ], [ 121.290068450000035, -1.833693149999931 ], [ 121.290022490000069, -1.833828749999952 ], [ 121.289987330000031, -1.833955329999981 ], [ 121.289928770000074, -1.834090899999978 ], [ 121.289847720000012, -1.834262649999971 ], [ 121.28982424000003, -1.834389229999942 ], [ 121.289824190000104, -1.834452529999965 ], [ 121.2898339300001, -1.834597249999945 ], [ 121.289833890000068, -1.834651479999934 ], [ 121.289832920000094, -1.834732869999925 ], [ 121.289832750000073, -1.834904689999973 ], [ 121.289842520000093, -1.835013229999959 ], [ 121.289876320000076, -1.835185079999974 ], [ 121.289931160000037, -1.835375029999966 ], [ 121.290009860000055, -1.835565009999925 ], [ 121.290055610000081, -1.835682619999943 ], [ 121.290088960000048, -1.835755009999957 ], [ 121.290111300000035, -1.83590874999993 ], [ 121.290143360000116, -1.836116759999925 ], [ 121.290177450000101, -1.836261499999978 ], [ 121.290244740000048, -1.83637006999993 ], [ 121.290290520000099, -1.836442459999944 ], [ 121.290346930000055, -1.836487749999947 ], [ 121.290426020000041, -1.836569179999969 ], [ 121.29046023, -1.83659635999993 ], [ 121.290482650000058, -1.836650649999967 ], [ 121.290550860000053, -1.836759229999927 ], [ 121.290584760000115, -1.836822559999973 ], [ 121.290595640000106, -1.836912989999973 ], [ 121.290594620000093, -1.837039599999969 ], [ 121.290570950000074, -1.837175219999949 ], [ 121.290524190000042, -1.837292759999968 ], [ 121.290431360000071, -1.837464459999978 ], [ 121.290362160000086, -1.837563879999948 ], [ 121.290258670000071, -1.837726559999965 ], [ 121.290120000000115, -1.837907279999968 ], [ 121.289958970000043, -1.838069909999945 ], [ 121.289775730000088, -1.838142069999947 ], [ 121.289603790000115, -1.838250439999968 ], [ 121.289477920000081, -1.838313619999951 ], [ 121.289306170000032, -1.838412929999947 ], [ 121.289202730000056, -1.838512279999975 ], [ 121.289145160000089, -1.838566499999956 ], [ 121.289064200000098, -1.83862972999998 ], [ 121.28898434000007, -1.838692959999946 ], [ 121.288937330000067, -1.838783339999964 ], [ 121.288903340000047, -1.838819489999935 ], [ 121.28887971000006, -1.838882769999941 ], [ 121.288879590000079, -1.839000329999976 ], [ 121.288890520000109, -1.839063629999941 ], [ 121.288924420000058, -1.839126979999946 ], [ 121.288991740000029, -1.839217459999929 ], [ 121.289037730000018, -1.839253679999956 ], [ 121.289094090000049, -1.83932606999997 ], [ 121.289138970000067, -1.839389419999975 ], [ 121.289242290000061, -1.839434729999937 ], [ 121.289412120000065, -1.839561509999953 ], [ 121.289560300000062, -1.83967918999997 ], [ 121.289673360000052, -1.839769739999952 ], [ 121.289855890000013, -1.839869379999925 ], [ 121.289912280000067, -1.839923709999937 ], [ 121.289958220000017, -1.840005129999952 ], [ 121.290003090000027, -1.84005942999994 ], [ 121.29004795000003, -1.840131829999962 ], [ 121.29004792, -1.84015895999994 ], [ 121.290047830000049, -1.840258429999949 ], [ 121.2900360000001, -1.840312689999962 ], [ 121.29001267000001, -1.840385009999977 ], [ 121.28996673000006, -1.840475389999938 ], [ 121.289863290000085, -1.840574769999932 ], [ 121.289782360000117, -1.840628959999947 ], [ 121.289702350000084, -1.840655989999959 ], [ 121.289598930000011, -1.840719199999967 ], [ 121.289472140000044, -1.84079141999996 ], [ 121.289335280000046, -1.840872669999953 ], [ 121.289140320000115, -1.840999099999976 ], [ 121.288967390000039, -1.841188839999973 ], [ 121.288920650000023, -1.841297309999959 ], [ 121.288873890000104, -1.841423869999971 ], [ 121.288827730000094, -1.841559469999936 ], [ 121.288804280000022, -1.841658919999929 ], [ 121.288802460000056, -1.841866909999965 ], [ 121.288802360000091, -1.841975429999934 ], [ 121.288823740000112, -1.842165359999967 ], [ 121.288868520000051, -1.842337229999941 ], [ 121.288923990000058, -1.842509099999972 ], [ 121.289014560000055, -1.842626729999949 ], [ 121.28912876000004, -1.842735369999957 ], [ 121.289196060000108, -1.842862019999927 ], [ 121.289286730000072, -1.842961589999959 ], [ 121.289365530000055, -1.843079219999936 ], [ 121.289491260000091, -1.843169769999975 ], [ 121.289616080000087, -1.843296499999951 ], [ 121.28976345, -1.843405159999975 ], [ 121.289945860000103, -1.843531929999926 ], [ 121.290172910000024, -1.843676839999944 ], [ 121.290435380000076, -1.843821789999936 ], [ 121.290684930000111, -1.843948639999951 ], [ 121.291061430000013, -1.844111779999935 ], [ 121.29134518, -1.844265769999936 ], [ 121.2916077000001, -1.844374559999949 ], [ 121.291800840000064, -1.844465149999962 ], [ 121.292208600000095, -1.844786819999968 ], [ 121.292339010000092, -1.844891989999951 ], [ 121.292508530000077, -1.845036569999934 ], [ 121.292612690000055, -1.845286129999977 ], [ 121.292599360000054, -1.845574979999981 ], [ 121.29246873000011, -1.845706149999955 ], [ 121.292338090000044, -1.845850439999936 ], [ 121.292129160000059, -1.846007789999931 ], [ 121.29195927, -1.846243959999924 ], [ 121.29224588000011, -1.846756279999965 ], [ 121.292337340000017, -1.846638199999973 ], [ 121.2923896100001, -1.846559489999947 ], [ 121.29246803, -1.846441399999946 ], [ 121.292585540000118, -1.846388979999972 ], [ 121.292716050000081, -1.846375979999948 ], [ 121.292781290000107, -1.846376049999947 ], [ 121.292950890000043, -1.846428719999949 ], [ 121.293094180000026, -1.846704589999945 ], [ 121.293172250000111, -1.846954119999964 ], [ 121.293250310000076, -1.847203659999934 ], [ 121.293107380000038, -1.848520749999977 ], [ 121.293063550000056, -1.848776579999935 ], [ 121.292961470000023, -1.849142029999939 ], [ 121.292764600000055, -1.849829069999942 ], [ 121.292735340000036, -1.850033749999966 ], [ 121.292800260000035, -1.850538269999959 ], [ 121.292836350000016, -1.85078687999993 ], [ 121.293142490000037, -1.851703689999965 ], [ 121.293144648000066, -1.851710153999932 ], [ 121.293250710000052, -1.852027789999966 ], [ 121.293236020000109, -1.852203239999938 ], [ 121.29328677, -1.852312959999949 ], [ 121.293410200000039, -1.852415419999943 ], [ 121.293584450000026, -1.852569119999941 ], [ 121.293715020000036, -1.852825129999928 ], [ 121.293801970000118, -1.853081109999948 ], [ 121.293925070000114, -1.853534499999967 ], [ 121.294062670000017, -1.854024479999964 ], [ 121.29415680000011, -1.854375479999931 ], [ 121.294200200000091, -1.854580229999954 ], [ 121.294432610000058, -1.855183899999929 ], [ 121.294555970000033, -1.855359489999955 ], [ 121.294701150000037, -1.85552778999994 ], [ 121.29485331, -1.855973899999981 ], [ 121.294845850000115, -1.856178599999964 ], [ 121.294758530000081, -1.85630279999998 ], [ 121.294613150000032, -1.856368459999942 ], [ 121.294467760000089, -1.856419499999959 ], [ 121.294271590000108, -1.856390069999975 ], [ 121.294249350000086, -1.856709959999932 ], [ 121.294249039000078, -1.856714436999937 ], [ 121.294227370000044, -1.857026069999961 ], [ 121.294350850000114, -1.857091989999958 ], [ 121.294496170000116, -1.857092139999963 ], [ 121.294736030000081, -1.857041189999961 ], [ 121.29488144000004, -1.856968219999942 ], [ 121.295026850000113, -1.856880629999978 ], [ 121.295172260000072, -1.856800359999966 ], [ 121.2952958300001, -1.856756599999926 ], [ 121.295383110000103, -1.856676259999972 ], [ 121.29558664000001, -1.856625289999954 ], [ 121.295717510000031, -1.856545 ], [ 121.296004120000021, -1.856509499999959 ], [ 121.296200450000015, -1.85636347999997 ], [ 121.296338620000029, -1.856253949999939 ], [ 121.296520380000061, -1.85615176999994 ], [ 121.296694860000116, -1.856071509999936 ], [ 121.296920090000071, -1.856122909999954 ], [ 121.29712341000004, -1.856269329999975 ], [ 121.29722490000006, -1.856525309999938 ], [ 121.297326220000059, -1.856956759999946 ], [ 121.297427790000029, -1.857139629999949 ], [ 121.297660260000043, -1.857205649999969 ], [ 121.297812970000109, -1.857096139999953 ], [ 121.297929480000107, -1.856833059999929 ], [ 121.29806765, -1.856738149999956 ], [ 121.298249220000116, -1.856833369999947 ], [ 121.298379790000013, -1.857074749999924 ], [ 121.298503190000019, -1.857221089999939 ], [ 121.298670310000034, -1.857243189999963 ], [ 121.29885205000005, -1.857162949999974 ], [ 121.298917580000079, -1.857016789999932 ], [ 121.298961280000071, -1.856921779999936 ], [ 121.299128560000099, -1.85676841999998 ], [ 121.299641170000086, -1.856436099999939 ], [ 121.299808390000067, -1.856341219999933 ], [ 121.299990190000017, -1.85620978999998 ], [ 121.300070180000034, -1.856151379999972 ], [ 121.300252020000016, -1.855968789999963 ], [ 121.300426610000045, -1.855771549999929 ], [ 121.300710300000105, -1.855472069999962 ], [ 121.30076865, -1.85525279999996 ], [ 121.300856280000062, -1.85479960999993 ], [ 121.300834620000046, -1.854653379999945 ], [ 121.300900190000107, -1.854470649999939 ], [ 121.300987560000067, -1.854287969999973 ], [ 121.301227490000088, -1.854163909999954 ], [ 121.301430970000069, -1.854142169999932 ], [ 121.30155457, -1.854083809999963 ], [ 121.301687440000023, -1.853686439999933 ], [ 121.301687510000079, -1.853613319999965 ], [ 121.30162955000003, -1.853430499999945 ], [ 121.301593370000091, -1.853276939999944 ], [ 121.301513540000087, -1.853159879999964 ], [ 121.301564580000104, -1.852977159999966 ], [ 121.30171727000004, -1.852882259999944 ], [ 121.301862720000031, -1.852765419999969 ], [ 121.301964610000027, -1.852604679999956 ], [ 121.30213914, -1.852465929999937 ], [ 121.302335350000021, -1.852458819999924 ], [ 121.302546050000046, -1.852488259999973 ], [ 121.302698580000083, -1.852568829999939 ], [ 121.302858290000017, -1.852737139999931 ], [ 121.302981660000114, -1.852905399999941 ], [ 121.303359990000104, -1.853487069999971 ], [ 121.30340354000009, -1.853552909999962 ], [ 121.303447030000029, -1.853655299999957 ], [ 121.303388720000044, -1.853852649999965 ], [ 121.303301460000057, -1.853918349999958 ], [ 121.303236, -1.853976789999933 ], [ 121.303141450000112, -1.854064419999929 ], [ 121.303003300000114, -1.854137389999948 ], [ 121.30290879000006, -1.854188479999948 ], [ 121.302865120000092, -1.854268859999934 ], [ 121.302864940000063, -1.854451629999971 ], [ 121.302886540000031, -1.854656359999979 ], [ 121.302966380000044, -1.854766109999957 ], [ 121.303075300000046, -1.854839329999947 ], [ 121.30316968000011, -1.854934469999932 ], [ 121.303314630000045, -1.855344019999961 ], [ 121.30339441000001, -1.855512249999947 ], [ 121.303430630000094, -1.855614629999934 ], [ 121.303452430000107, -1.855629269999952 ], [ 121.303626800000075, -1.855666 ], [ 121.304058690000033, -1.855916319999949 ], [ 121.304160310000043, -1.856026089999943 ], [ 121.30421114, -1.85607731999994 ], [ 121.304349160000015, -1.856121309999935 ], [ 121.304465390000018, -1.856172599999979 ], [ 121.304574290000119, -1.856267749999972 ], [ 121.304675940000038, -1.856362899999965 ], [ 121.304814010000086, -1.856363029999955 ], [ 121.304973870000026, -1.856355869999959 ], [ 121.30514104000008, -1.856326789999969 ], [ 121.305228290000059, -1.856275689999961 ], [ 121.305293780000056, -1.856188029999942 ], [ 121.30543914000009, -1.856166229999928 ], [ 121.305577210000024, -1.856159059999925 ], [ 121.305700800000068, -1.856107989999941 ], [ 121.305969790000063, -1.855976659999953 ], [ 121.306158770000025, -1.855932969999969 ], [ 121.306340440000099, -1.855933139999934 ], [ 121.306471240000064, -1.85592596999993 ], [ 121.30659485000001, -1.855860279999945 ], [ 121.306611740000108, -1.855771109999978 ], [ 121.306720850000033, -1.855676179999932 ], [ 121.306851700000038, -1.855617809999956 ], [ 121.30700438000008, -1.855537529999935 ], [ 121.30712066000001, -1.855523029999972 ], [ 121.307345960000021, -1.855501319999973 ], [ 121.307636620000039, -1.855501599999968 ], [ 121.307840110000029, -1.855479859999946 ], [ 121.3080218, -1.855458109999972 ], [ 121.308138080000049, -1.855450899999937 ], [ 121.30826890000003, -1.855429089999973 ], [ 121.30839251000009, -1.855363419999946 ], [ 121.308465240000032, -1.855283069999928 ], [ 121.308537980000096, -1.855202709999958 ], [ 121.308654320000073, -1.855129699999964 ], [ 121.309268240000051, -1.855145979999975 ], [ 121.309428060000073, -1.855204619999938 ], [ 121.309544240000037, -1.855285159999937 ], [ 121.309638610000093, -1.85538760999998 ], [ 121.309747560000119, -1.855438879999951 ], [ 121.309914700000036, -1.855439039999965 ], [ 121.310060010000029, -1.855475739999974 ], [ 121.310234330000071, -1.855556329999956 ], [ 121.310386840000092, -1.855666139999926 ], [ 121.310510330000056, -1.855702819999976 ], [ 121.310648450000031, -1.855651769999952 ], [ 121.310699420000105, -1.855534839999962 ], [ 121.310714070000017, -1.855410559999939 ], [ 121.310743210000055, -1.855344809999963 ], [ 121.31085379000001, -1.855218759999957 ], [ 121.310970100000077, -1.855167689999973 ], [ 121.311035590000074, -1.855080029999954 ], [ 121.311028450000094, -1.85494110999997 ], [ 121.310934050000014, -1.854853279999929 ], [ 121.310868730000038, -1.854780109999979 ], [ 121.310767130000045, -1.854648409999925 ], [ 121.310694620000049, -1.854480189999947 ], [ 121.310680200000093, -1.854355889999965 ], [ 121.310731160000046, -1.854253579999977 ], [ 121.310789390000082, -1.85415858999994 ], [ 121.31086941, -1.854070939999929 ], [ 121.311000240000112, -1.854027199999962 ], [ 121.311109250000072, -1.854019989999927 ], [ 121.311276380000095, -1.854027469999949 ], [ 121.311457960000098, -1.854115369999931 ], [ 121.311603220000052, -1.854203249999955 ], [ 121.311712100000022, -1.854327639999951 ], [ 121.311799170000086, -1.854466629999934 ], [ 121.311915380000073, -1.854539849999981 ], [ 121.312031600000068, -1.854583819999959 ], [ 121.312198730000091, -1.854591299999925 ], [ 121.312380400000052, -1.854591479999954 ], [ 121.312554810000051, -1.854591639999967 ], [ 121.3127828800001, -1.854495819999954 ], [ 121.312906460000022, -1.854444759999978 ], [ 121.313022740000065, -1.854437569999959 ], [ 121.313226210000039, -1.854437759999939 ], [ 121.313742140000045, -1.85445287999994 ], [ 121.313952830000062, -1.85448963999994 ], [ 121.314163500000063, -1.854555629999936 ], [ 121.314301560000104, -1.854570389999935 ], [ 121.314635790000011, -1.854621889999976 ], [ 121.314853790000029, -1.854622099999972 ], [ 121.314970100000096, -1.854571029999931 ], [ 121.315013850000014, -1.854424859999938 ], [ 121.315042980000044, -1.854351769999937 ], [ 121.315130270000054, -1.854256799999973 ], [ 121.315253880000114, -1.854183819999946 ], [ 121.315421130000118, -1.85407430999993 ], [ 121.315464720000023, -1.854074349999962 ], [ 121.315595570000028, -1.854030609999938 ], [ 121.315646440000023, -1.854016039999976 ], [ 121.315719200000103, -1.853928369999949 ], [ 121.31596976000003, -1.853813699999932 ], [ 121.316115110000055, -1.853791899999976 ], [ 121.316296850000072, -1.853718969999932 ], [ 121.31636957, -1.85366055999998 ], [ 121.316471410000077, -1.853550989999974 ], [ 121.316587740000045, -1.853492599999925 ], [ 121.316718550000019, -1.853478099999961 ], [ 121.316820240000084, -1.853522059999932 ], [ 121.31687106000004, -1.853580609999938 ], [ 121.31687807000003, -1.853858429999946 ], [ 121.316848800000116, -1.854070419999971 ], [ 121.316834060000019, -1.854282429999955 ], [ 121.316848400000026, -1.854501779999964 ], [ 121.316899090000106, -1.854677289999927 ], [ 121.31734895000011, -1.85540151999993 ], [ 121.317537620000053, -1.855679519999967 ], [ 121.3175593200001, -1.855796519999956 ], [ 121.317646350000018, -1.855979379999951 ], [ 121.317827920000013, -1.856081899999936 ], [ 121.31807498, -1.856082129999947 ], [ 121.318154970000023, -1.856023729999947 ], [ 121.318227790000037, -1.85586294999996 ], [ 121.318220610000026, -1.855775219999941 ], [ 121.318220740000015, -1.855636309999966 ], [ 121.318228120000072, -1.855519329999936 ], [ 121.318315400000074, -1.855438989999925 ], [ 121.318511670000021, -1.855358759999945 ], [ 121.318678870000099, -1.855300429999943 ], [ 121.319154670000103, -1.855155769999953 ], [ 121.319270970000048, -1.855119319999972 ], [ 121.319401830000061, -1.855068279999955 ], [ 121.319503620000091, -1.855009879999955 ], [ 121.319569110000089, -1.854922209999927 ], [ 121.319787170000041, -1.854849299999955 ], [ 121.31999071000007, -1.854791009999929 ], [ 121.320136030000072, -1.854798469999935 ], [ 121.320303090000039, -1.854879049999965 ], [ 121.3204192500001, -1.854996129999961 ], [ 121.320484570000076, -1.855083939999929 ], [ 121.320557150000013, -1.855179049999947 ], [ 121.320622440000079, -1.855303399999968 ], [ 121.320578670000032, -1.855471509999973 ], [ 121.320694880000019, -1.855530099999953 ], [ 121.320920160000014, -1.855530319999957 ], [ 121.321210830000041, -1.855523289999951 ], [ 121.321737510000048, -1.855383789999962 ], [ 121.321919260000072, -1.855296219999957 ], [ 121.322260910000068, -1.855186879999962 ], [ 121.32242808, -1.855150479999963 ], [ 121.322602550000056, -1.855084859999977 ], [ 121.322806100000093, -1.854997309999931 ], [ 121.323031380000089, -1.854975599999932 ], [ 121.32327849, -1.854946579999933 ], [ 121.323532790000058, -1.854990699999973 ], [ 121.323641740000085, -1.855034669999952 ], [ 121.323816150000084, -1.855034839999973 ], [ 121.324015030000055, -1.855020449999927 ], [ 121.324102260000018, -1.854976649999969 ], [ 121.324167710000097, -1.854932849999955 ], [ 121.324254910000036, -1.854925629999968 ], [ 121.324422070000082, -1.85491116999998 ], [ 121.324596390000011, -1.854999059999955 ], [ 121.324748970000087, -1.855028449999963 ], [ 121.324836220000066, -1.854977349999956 ], [ 121.324894430000086, -1.854882369999928 ], [ 121.324981730000104, -1.85478741999998 ], [ 121.325098060000073, -1.85472902999993 ], [ 121.325243410000098, -1.854699929999924 ], [ 121.325323280000021, -1.85477310999994 ], [ 121.325344980000068, -1.854890109999928 ], [ 121.325198920000048, -1.855206219999957 ], [ 121.325140710000028, -1.855279269999926 ], [ 121.325053400000115, -1.855403469999942 ], [ 121.324958740000056, -1.855608089999976 ], [ 121.324922240000092, -1.85578352999994 ], [ 121.324922050000055, -1.855988239999931 ], [ 121.324907420000045, -1.856090569999935 ], [ 121.324645710000027, -1.856207309999945 ], [ 121.324507600000061, -1.856236419999959 ], [ 121.324405830000046, -1.856272879999949 ], [ 121.32430403, -1.856345889999943 ], [ 121.324209470000028, -1.856440839999948 ], [ 121.324151200000074, -1.856587009999942 ], [ 121.324042070000019, -1.856718499999943 ], [ 121.323751140000013, -1.857003359999965 ], [ 121.323685590000082, -1.857156819999943 ], [ 121.323627280000096, -1.857332239999948 ], [ 121.323670690000085, -1.85754430999998 ], [ 121.32366305000005, -1.857935319999967 ], [ 121.323648370000114, -1.858103479999954 ], [ 121.323561040000072, -1.858234979999963 ], [ 121.32355365, -1.858366579999938 ], [ 121.323648010000056, -1.858483639999974 ], [ 121.323764150000102, -1.858608039999979 ], [ 121.323894860000109, -1.858703209999931 ], [ 121.32405467000001, -1.858769159999952 ], [ 121.324250850000112, -1.858798589999935 ], [ 121.324418, -1.858784129999947 ], [ 121.32462876000011, -1.858769709999933 ], [ 121.324824900000067, -1.858835699999929 ], [ 121.325195320000034, -1.85903344999997 ], [ 121.32532604000005, -1.859135929999979 ], [ 121.325442150000072, -1.859289579999938 ], [ 121.325521950000052, -1.859443179999971 ], [ 121.325587200000086, -1.859589469999946 ], [ 121.325594340000066, -1.859735699999931 ], [ 121.325528820000045, -1.859859929999971 ], [ 121.325135950000117, -1.860059539999952 ], [ 121.32502691000002, -1.860103299999935 ], [ 121.324976000000106, -1.860139789999948 ], [ 121.324932320000016, -1.860234799999944 ], [ 121.324866800000109, -1.860359019999976 ], [ 121.324663250000071, -1.860439249999956 ], [ 121.324503290000052, -1.86053413999997 ], [ 121.324386910000044, -1.86065831999997 ], [ 121.324292340000056, -1.860767899999928 ], [ 121.324241360000087, -1.860877509999966 ], [ 121.324146780000092, -1.860994409999932 ], [ 121.324131880000095, -1.861381879999954 ], [ 121.324168130000089, -1.861469649999947 ], [ 121.32418981, -1.861593959999936 ], [ 121.324226050000107, -1.861703659999932 ], [ 121.324203960000091, -1.862027719999958 ], [ 121.324240210000085, -1.862115499999959 ], [ 121.32432008, -1.862181379999925 ], [ 121.324443540000061, -1.862261899999964 ], [ 121.324487030000114, -1.862378929999977 ], [ 121.32450137, -1.862583649999976 ], [ 121.324515790000078, -1.862700649999965 ], [ 121.32453737000003, -1.862934629999927 ], [ 121.324559080000085, -1.863044309999964 ], [ 121.324624410000069, -1.863102859999969 ], [ 121.324762430000078, -1.863161469999966 ], [ 121.324849560000075, -1.863241979999941 ], [ 121.324922160000028, -1.863322479999965 ], [ 121.324994770000103, -1.863366409999969 ], [ 121.325198270000101, -1.863351979999948 ], [ 121.325372670000093, -1.863352149999969 ], [ 121.325709820000043, -1.863344949999941 ], [ 121.325847910000107, -1.86333776999993 ], [ 121.325913330000049, -1.863315899999975 ], [ 121.326036850000037, -1.863330639999958 ], [ 121.326116720000073, -1.863403829999925 ], [ 121.326145670000074, -1.86352082999997 ], [ 121.326167340000097, -1.863674379999964 ], [ 121.32618901, -1.863806009999962 ], [ 121.326232560000108, -1.863849909999942 ], [ 121.326566840000055, -1.863857549999977 ], [ 121.326704920000111, -1.863850369999966 ], [ 121.326893860000041, -1.863850549999938 ], [ 121.327031920000081, -1.863850679999928 ], [ 121.327235390000055, -1.863858189999974 ], [ 121.32748254, -1.863770679999959 ], [ 121.32754073000001, -1.863719569999944 ], [ 121.327649970000039, -1.863463789999969 ], [ 121.327671910000049, -1.863332199999945 ], [ 121.327722890000018, -1.863200659999961 ], [ 121.327853840000103, -1.863054559999966 ], [ 121.328101260000039, -1.862674609999942 ], [ 121.328188610000097, -1.862513849999971 ], [ 121.328254160000029, -1.862367699999936 ], [ 121.328319740000097, -1.862177669999937 ], [ 121.32892645000004, -1.861978649999969 ], [ 121.329093580000063, -1.861986129999934 ], [ 121.329209810000066, -1.862022779999961 ], [ 121.329311550000057, -1.862022879999927 ], [ 121.329500520000011, -1.861986509999952 ], [ 121.329682210000101, -1.86196474999997 ], [ 121.329733120000014, -1.861928239999941 ], [ 121.329798610000012, -1.861818629999959 ], [ 121.329835120000098, -1.861643199999946 ], [ 121.329849810000042, -1.861475059999975 ], [ 121.32988631, -1.861292319999961 ], [ 121.329908290000049, -1.861116869999933 ], [ 121.33000327000002, -1.860575939999933 ], [ 121.330039680000027, -1.860488239999938 ], [ 121.33010524000008, -1.860320159999958 ], [ 121.330323300000032, -1.86025455999993 ], [ 121.330468640000049, -1.860254699999928 ], [ 121.33069536000005, -1.860090899999932 ], [ 121.330804470000089, -1.859966709999981 ], [ 121.331008230000066, -1.859681769999952 ], [ 121.331088250000107, -1.85957217999993 ], [ 121.331146520000061, -1.859433329999945 ], [ 121.331190220000053, -1.859338319999949 ], [ 121.331248540000047, -1.859133669999949 ], [ 121.331299540000032, -1.858994809999956 ], [ 121.331372360000046, -1.858841349999977 ], [ 121.3314669, -1.858761009999967 ], [ 121.331634110000095, -1.858688059999963 ], [ 121.33172133000005, -1.858666209999967 ], [ 121.331830380000042, -1.858615129999976 ], [ 121.332138210000039, -1.858379199999945 ], [ 121.332247260000031, -1.858328139999969 ], [ 121.332276330000013, -1.858320849999927 ], [ 121.33243630000004, -1.858218639999961 ], [ 121.332487250000099, -1.858138279999935 ], [ 121.332516410000039, -1.858035939999979 ], [ 121.332531090000089, -1.857882419999953 ], [ 121.332538400000089, -1.857831249999947 ], [ 121.332909130000075, -1.857721939999976 ], [ 121.333069080000087, -1.857619739999961 ], [ 121.333229170000095, -1.857393239999965 ], [ 121.333316570000079, -1.85718130999993 ], [ 121.333353030000012, -1.85705704999998 ], [ 121.333565520000093, -1.856521159999943 ], [ 121.33365283, -1.856411569999977 ], [ 121.333790980000117, -1.856316659999948 ], [ 121.333958130000042, -1.856302199999959 ], [ 121.334081680000054, -1.856280369999979 ], [ 121.334263450000094, -1.856178199999931 ], [ 121.334408860000053, -1.856112529999962 ], [ 121.334503410000025, -1.856024899999966 ], [ 121.334685150000041, -1.855944639999962 ], [ 121.334866900000065, -1.855864389999965 ], [ 121.33512149, -1.85560143999993 ], [ 121.335158, -1.855426 ], [ 121.335187180000048, -1.85529441999995 ], [ 121.335252700000069, -1.855177509999976 ], [ 121.335369080000078, -1.855046019999975 ], [ 121.33602656000005, -1.854509909999933 ], [ 121.336179200000061, -1.854458869999974 ], [ 121.336251950000019, -1.854378509999947 ], [ 121.336339260000045, -1.85426160999998 ], [ 121.336412110000083, -1.85406428999994 ], [ 121.336404960000095, -1.853947289999951 ], [ 121.33634695, -1.853808329999936 ], [ 121.336274520000075, -1.853545059999931 ], [ 121.336158390000037, -1.853406049999933 ], [ 121.336158490000116, -1.853296379999961 ], [ 121.336223960000098, -1.853223329999935 ], [ 121.336376560000076, -1.85322347999994 ], [ 121.336536380000098, -1.853274799999951 ], [ 121.336637980000091, -1.85342111999995 ], [ 121.336761420000016, -1.853538219999962 ], [ 121.336848580000037, -1.853582169999925 ], [ 121.337030240000104, -1.853596959999948 ], [ 121.337153730000068, -1.853640939999934 ], [ 121.337533850000113, -1.85392109999998 ], [ 121.337737240000024, -1.854001709999977 ], [ 121.337853510000059, -1.854009129999952 ], [ 121.338020560000018, -1.854097019999926 ], [ 121.338056830000028, -1.854170169999975 ], [ 121.338107630000081, -1.854236029999925 ], [ 121.338303780000047, -1.85430931999997 ], [ 121.338427310000043, -1.854309429999944 ], [ 121.338623480000024, -1.854346179999936 ], [ 121.338768770000115, -1.854404799999941 ], [ 121.338906870000073, -1.854361069999925 ], [ 121.339059500000076, -1.85433194999996 ], [ 121.339212110000062, -1.854339419999974 ], [ 121.339328290000026, -1.854427249999958 ], [ 121.339415420000023, -1.85450045999994 ], [ 121.339444440000079, -1.85456628999998 ], [ 121.339567930000044, -1.854610269999966 ], [ 121.340130430000045, -1.854617229999974 ], [ 121.340224950000106, -1.854566139999974 ], [ 121.340348580000068, -1.854471209999929 ], [ 121.340501240000094, -1.854398239999966 ], [ 121.340639360000068, -1.854361809999943 ], [ 121.340908260000106, -1.854332819999968 ], [ 121.341039080000087, -1.854303709999954 ], [ 121.341104560000076, -1.854230649999977 ], [ 121.341155500000013, -1.854157589999943 ], [ 121.341322700000092, -1.854091939999932 ], [ 121.341519110000036, -1.853872789999969 ], [ 121.341519180000091, -1.853792369999951 ], [ 121.341497490000052, -1.85367537999997 ], [ 121.341475760000094, -1.853594929999929 ], [ 121.341512170000101, -1.853514539999935 ], [ 121.341570390000015, -1.853419549999956 ], [ 121.341804340000067, -1.853147089999936 ], [ 121.341898830000105, -1.853117939999947 ], [ 121.342007860000081, -1.853088799999966 ], [ 121.342131570000106, -1.85291344999996 ], [ 121.342168020000031, -1.85278188999996 ], [ 121.342168090000087, -1.852701469999943 ], [ 121.342219070000056, -1.852591849999953 ], [ 121.342240970000034, -1.85248219999994 ], [ 121.342241090000016, -1.852350589999958 ], [ 121.342233870000086, -1.852306719999945 ], [ 121.342197560000045, -1.852262819999964 ], [ 121.342299470000057, -1.852094749999935 ], [ 121.342335830000025, -1.852058239999963 ], [ 121.342430340000078, -1.852014449999956 ], [ 121.342517620000081, -1.851934119999953 ], [ 121.34258310000007, -1.851853759999926 ], [ 121.342648540000027, -1.851795319999951 ], [ 121.342663220000077, -1.851656429999935 ], [ 121.342912330000104, -1.85142105999995 ], [ 121.343014140000037, -1.851333429999954 ], [ 121.343137760000104, -1.851238499999965 ], [ 121.34327592000011, -1.851150889999928 ], [ 121.343385030000036, -1.851034019999929 ], [ 121.343443310000112, -1.850880539999935 ], [ 121.343516120000118, -1.850719759999947 ], [ 121.343807860000084, -1.85016160999993 ], [ 121.3438734, -1.850000819999934 ], [ 121.343982580000102, -1.849803519999966 ], [ 121.34402630000011, -1.849679269999967 ], [ 121.344048310000062, -1.849459959999933 ], [ 121.3440558100001, -1.849196759999927 ], [ 121.344012420000013, -1.848977389999959 ], [ 121.343969, -1.848779949999937 ], [ 121.343976560000101, -1.848338 ], [ 121.34394033, -1.848213679999958 ], [ 121.343896910000012, -1.84803084999993 ], [ 121.343773540000029, -1.847840639999959 ], [ 121.34374476000005, -1.847533559999931 ], [ 121.343701300000021, -1.847387289999972 ], [ 121.343672340000012, -1.847262969999974 ], [ 121.343687110000019, -1.847007089999977 ], [ 121.343680120000045, -1.846700019999957 ], [ 121.343680730000074, -1.84625903999995 ], [ 121.343695420000017, -1.846083589999978 ], [ 121.34373195, -1.845886219999954 ], [ 121.343826600000057, -1.845688899999971 ], [ 121.343972190000045, -1.845425839999962 ], [ 121.344344080000042, -1.841708079999933 ], [ 121.344925620000026, -1.845112739999934 ], [ 121.344925440000111, -1.845310129999973 ], [ 121.345121440000071, -1.845522349999953 ], [ 121.345186690000105, -1.84569055999998 ], [ 121.345601540000075, -1.846616399999959 ], [ 121.345695720000094, -1.846930869999937 ], [ 121.345717130000025, -1.847354939999946 ], [ 121.345716860000039, -1.847647399999971 ], [ 121.345716610000068, -1.847917909999978 ], [ 121.34577438000008, -1.848312759999942 ], [ 121.345832270000074, -1.848568709999938 ], [ 121.345832100000052, -1.848744179999926 ], [ 121.345824640000046, -1.848956189999967 ], [ 121.345824490000041, -1.849124349999954 ], [ 121.345846220000112, -1.849212099999932 ], [ 121.346056970000063, -1.849197679999975 ], [ 121.346159520000015, -1.849118139999973 ], [ 121.346224980000102, -1.849045089999947 ], [ 121.34628315000009, -1.849008579999975 ], [ 121.34645029, -1.849008739999931 ], [ 121.346631930000058, -1.849045469999965 ], [ 121.346893420000015, -1.84917 ], [ 121.347024160000046, -1.849228609999955 ], [ 121.347176700000091, -1.849301879999928 ], [ 121.347555950000014, -1.849390909999954 ], [ 121.347737620000089, -1.849391079999975 ], [ 121.347882970000114, -1.849391209999965 ], [ 121.348180790000015, -1.849515779999933 ], [ 121.34823882, -1.849632819999954 ], [ 121.348355010000091, -1.849713339999937 ], [ 121.348464010000043, -1.84971343999996 ], [ 121.348931030000017, -1.849649959999965 ], [ 121.349127230000022, -1.849650139999937 ], [ 121.349221680000028, -1.849664849999954 ], [ 121.349352440000075, -1.849708849999956 ], [ 121.349497750000069, -1.849745539999958 ], [ 121.349599420000118, -1.849811429999932 ], [ 121.349701040000014, -1.849935819999928 ], [ 121.349911470000052, -1.850286959999949 ], [ 121.349933090000036, -1.850477069999954 ], [ 121.349961980000103, -1.850667169999952 ], [ 121.349910860000023, -1.850944959999936 ], [ 121.350055990000101, -1.851164429999926 ], [ 121.350207970000042, -1.851844519999929 ], [ 121.35022957000001, -1.852056559999937 ], [ 121.35020768000004, -1.852158889999941 ], [ 121.350251190000108, -1.852261289999944 ], [ 121.350170370000114, -1.852967539999952 ], [ 121.350133930000084, -1.853077179999957 ], [ 121.350097320000032, -1.853376899999944 ], [ 121.350097180000034, -1.853530429999978 ], [ 121.349951290000035, -1.854122509999968 ], [ 121.34992211000008, -1.854246769999975 ], [ 121.349827530000084, -1.854363659999933 ], [ 121.349762050000095, -1.85444401999996 ], [ 121.349711060000118, -1.854590199999961 ], [ 121.349680950000106, -1.854892749999976 ], [ 121.349673580000058, -1.855009709999933 ], [ 121.349608090000061, -1.855097389999969 ], [ 121.349542600000063, -1.85518505999994 ], [ 121.34951344000001, -1.855294699999945 ], [ 121.349513330000036, -1.855418989999976 ], [ 121.349469410000097, -1.855747949999966 ], [ 121.349505580000027, -1.85593807999993 ], [ 121.349672450000071, -1.856223369999952 ], [ 121.349723210000093, -1.856333089999964 ], [ 121.349846630000116, -1.85647210999997 ], [ 121.3502460200001, -1.856772249999949 ], [ 121.350333160000105, -1.856845439999972 ], [ 121.350442090000115, -1.856918659999963 ], [ 121.350529220000112, -1.857006469999931 ], [ 121.350812930000075, -1.857368059999942 ], [ 121.350914610000018, -1.85743395999998 ], [ 121.35111065000001, -1.85762423999995 ], [ 121.351197750000097, -1.857733989999929 ], [ 121.351277550000077, -1.857865649999951 ], [ 121.351458950000051, -1.858158279999941 ], [ 121.351502420000088, -1.858319159999951 ], [ 121.351465970000049, -1.858443429999966 ], [ 121.351407640000048, -1.858648089999974 ], [ 121.351269500000058, -1.858713749999936 ], [ 121.35109503000001, -1.85877937999993 ], [ 121.351029560000029, -1.858874369999967 ], [ 121.351029450000055, -1.858991359999948 ], [ 121.350905860000012, -1.859027779999963 ], [ 121.350760560000026, -1.85899840999997 ], [ 121.350644330000023, -1.858947109999974 ], [ 121.350586280000016, -1.858866649999925 ], [ 121.350411920000056, -1.858815299999947 ], [ 121.350215720000051, -1.858785879999971 ], [ 121.349975930000028, -1.85877832999995 ], [ 121.349622, -1.858821859999978 ], [ 121.349483930000019, -1.85882904999994 ], [ 121.349411270000019, -1.85881435999994 ], [ 121.349338680000074, -1.858726549999972 ], [ 121.349237010000024, -1.858660669999949 ], [ 121.349157090000062, -1.858638649999932 ], [ 121.348968160000027, -1.858631159999959 ], [ 121.348851860000082, -1.85866029999994 ], [ 121.3487137300001, -1.858718659999965 ], [ 121.348611930000061, -1.85879166999996 ], [ 121.34851019000007, -1.858798889999946 ], [ 121.348328530000117, -1.85878409999998 ], [ 121.348205, -1.858762049999939 ], [ 121.348081490000027, -1.858739989999947 ], [ 121.347972490000075, -1.858739889999924 ], [ 121.347769020000101, -1.858739699999944 ], [ 121.347529190000046, -1.85875410999995 ], [ 121.347216590000016, -1.85887809999997 ], [ 121.347180140000091, -1.85900965999997 ], [ 121.347078300000021, -1.859126549999928 ], [ 121.34699825000007, -1.859250759999952 ], [ 121.346947210000053, -1.859418869999956 ], [ 121.346982220000086, -1.859882599999935 ], [ 121.347062030000075, -1.860014289999924 ], [ 121.347091, -1.860138599999971 ], [ 121.347083600000019, -1.860284819999947 ], [ 121.347192390000032, -1.860504259999971 ], [ 121.347192280000058, -1.860628549999944 ], [ 121.347126770000045, -1.860730839999974 ], [ 121.34709040000007, -1.860781979999956 ], [ 121.34692322, -1.860818389999963 ], [ 121.346116540000025, -1.860876109999936 ], [ 121.345782370000052, -1.860758809999936 ], [ 121.345629860000031, -1.860649 ], [ 121.345455460000039, -1.860641529999953 ], [ 121.345310060000088, -1.860714499999972 ], [ 121.345215550000034, -1.86075827999997 ], [ 121.345062900000016, -1.860809309999979 ], [ 121.344830350000052, -1.860801789999925 ], [ 121.344597900000053, -1.860721149999961 ], [ 121.344409080000105, -1.860574739999947 ], [ 121.344154840000101, -1.860479459999965 ], [ 121.34403855000005, -1.860486659999935 ], [ 121.343987640000023, -1.860537779999959 ], [ 121.343965540000113, -1.86084483999997 ], [ 121.343958080000107, -1.861064159999955 ], [ 121.343987, -1.861232349999966 ], [ 121.344044890000077, -1.861480979999953 ], [ 121.344139240000118, -1.861605359999942 ], [ 121.344240950000085, -1.86165662999997 ], [ 121.344320760000073, -1.861766379999949 ], [ 121.344356970000035, -1.86191993999995 ], [ 121.344597200000067, -1.862420339999971 ], [ 121.344727870000042, -1.862559379999936 ], [ 121.344785900000034, -1.862676419999957 ], [ 121.344814830000018, -1.862822659999949 ], [ 121.344996100000117, -1.863246879999963 ], [ 121.345054080000068, -1.863422399999934 ], [ 121.345061190000024, -1.863590579999936 ], [ 121.34499539, -1.86401455999993 ], [ 121.344922620000034, -1.864131459999953 ], [ 121.344886140000085, -1.864277659999971 ], [ 121.344878750000021, -1.864416559999938 ], [ 121.34486379000009, -1.864869839999926 ], [ 121.34487093000007, -1.865008749999959 ], [ 121.3449217000001, -1.86511846999997 ], [ 121.345139450000033, -1.865381869999965 ], [ 121.345270160000041, -1.865477039999973 ], [ 121.345495290000031, -1.865645419999964 ], [ 121.345734930000049, -1.865828419999957 ], [ 121.345851010000047, -1.866025929999978 ], [ 121.345945300000039, -1.866223429999934 ], [ 121.345996050000053, -1.86635506999994 ], [ 121.346274190000031, -1.866716079999946 ], [ 121.346419440000091, -1.866818559999956 ], [ 121.346615560000032, -1.866899169999954 ], [ 121.34680440000011, -1.867009019999955 ], [ 121.34692055000005, -1.867133419999959 ], [ 121.347029450000036, -1.867257809999955 ], [ 121.347523390000106, -1.867477629999939 ], [ 121.34774858000003, -1.867580189999956 ], [ 121.348082810000051, -1.867617069999937 ], [ 121.348337170000036, -1.867609989999949 ], [ 121.348656920000053, -1.867610289999959 ], [ 121.348896720000084, -1.867625139999973 ], [ 121.349136440000052, -1.867705789999945 ], [ 121.349259900000106, -1.867808269999955 ], [ 121.349582940000118, -1.867875599999934 ], [ 121.349699200000032, -1.867875709999964 ], [ 121.349800950000031, -1.867861179999977 ], [ 121.349960870000018, -1.867817469999977 ], [ 121.350128, -1.867824929999927 ], [ 121.35035326000002, -1.867839759999924 ], [ 121.350563960000045, -1.867898449999927 ], [ 121.350752860000057, -1.867935189999969 ], [ 121.350869120000084, -1.867942609999943 ], [ 121.351043560000107, -1.867906219999952 ], [ 121.351217910000059, -1.867972189999932 ], [ 121.35134138, -1.868038109999929 ], [ 121.351421230000028, -1.868133229999955 ], [ 121.351486580000028, -1.868191769999953 ], [ 121.351698560000045, -1.868097739999939 ], [ 121.351865770000018, -1.868024799999944 ], [ 121.351996610000015, -1.867995669999971 ], [ 121.352178290000097, -1.867988529999934 ], [ 121.352352680000081, -1.868010629999958 ], [ 121.352795970000102, -1.868003729999941 ], [ 121.353021260000105, -1.867982019999943 ], [ 121.353173900000115, -1.867945599999928 ], [ 121.35326117000011, -1.867879879999975 ], [ 121.353333930000076, -1.867784909999955 ], [ 121.353414020000059, -1.867616829999974 ], [ 121.353523120000091, -1.86752187999997 ], [ 121.353775850000034, -1.867340269999943 ], [ 121.35385873000007, -1.867309099999943 ], [ 121.353931300000113, -1.867225809999979 ], [ 121.354014320000033, -1.86704876999994 ], [ 121.354014420000112, -1.866944589999946 ], [ 121.353962900000056, -1.86666323999998 ], [ 121.354076950000035, -1.866507059999947 ], [ 121.35415989, -1.866402949999951 ], [ 121.354346310000096, -1.866382279999925 ], [ 121.354574140000068, -1.866382499999929 ], [ 121.354739800000061, -1.86642433999998 ], [ 121.354977870000084, -1.866539159999945 ], [ 121.355143460000022, -1.866643499999952 ], [ 121.35530902000005, -1.866789519999941 ], [ 121.355609180000101, -1.866956499999958 ], [ 121.355836880000084, -1.86709215999997 ], [ 121.356043900000031, -1.867186129999936 ], [ 121.35701137, -1.86778419999996 ], [ 121.357135560000074, -1.867857249999929 ], [ 121.357415100000026, -1.867930439999952 ], [ 121.357622120000087, -1.868024409999975 ], [ 121.357767010000089, -1.868139159999942 ], [ 121.35786006, -1.868285109999931 ], [ 121.357932430000119, -1.868420619999938 ], [ 121.358035910000012, -1.868514479999931 ], [ 121.358387820000075, -1.868702349999978 ], [ 121.358574150000095, -1.868775459999938 ], [ 121.358708750000119, -1.868817259999958 ], [ 121.358936570000083, -1.868817469999954 ], [ 121.359102200000052, -1.868880139999931 ], [ 121.359195320000026, -1.868974 ], [ 121.359246960000064, -1.869130319999954 ], [ 121.359246770000027, -1.869338709999965 ], [ 121.35931899000002, -1.86968676999993 ], [ 121.359391360000018, -1.869801439999947 ], [ 121.359411950000094, -1.869936909999979 ], [ 121.359411800000089, -1.870093189999977 ], [ 121.359370200000058, -1.870280689999959 ], [ 121.359328640000058, -1.870447349999949 ], [ 121.359318080000094, -1.870666139999969 ], [ 121.359328270000105, -1.870843269999966 ], [ 121.35936955000011, -1.870978749999949 ], [ 121.359483350000119, -1.871114299999931 ], [ 121.359648860000107, -1.871301989999949 ], [ 121.359938640000109, -1.871500219999973 ], [ 121.360114620000104, -1.871573309999974 ], [ 121.360218100000111, -1.871656769999959 ], [ 121.36037328000009, -1.871823599999971 ], [ 121.36048707000009, -1.871959149999952 ], [ 121.360569740000074, -1.872157189999939 ], [ 121.36062139, -1.872282269999971 ], [ 121.360673100000099, -1.872365659999957 ], [ 121.36075578000009, -1.872542859999953 ], [ 121.360797030000072, -1.872740859999965 ], [ 121.36089, -1.872970159999966 ], [ 121.360931240000014, -1.873178569999936 ], [ 121.36102432000007, -1.873314099999959 ], [ 121.3610759500001, -1.873460009999974 ], [ 121.361169020000034, -1.873605969999971 ], [ 121.361644700000056, -1.874277349999943 ], [ 121.361789630000089, -1.874329579999937 ], [ 121.361913850000064, -1.874381789999973 ], [ 121.36200701000007, -1.874423559999968 ], [ 121.361996590000103, -1.874486049999973 ], [ 121.361924090000116, -1.874517239999932 ], [ 121.361841220000088, -1.874527589999957 ], [ 121.361665180000045, -1.874527429999944 ], [ 121.361520170000063, -1.874548119999929 ], [ 121.361354420000112, -1.874610479999944 ], [ 121.361240450000082, -1.874683299999958 ], [ 121.36106433000009, -1.874745649999966 ], [ 121.360919360000025, -1.874745509999968 ], [ 121.360784720000083, -1.87474538999993 ], [ 121.360189340000034, -1.874515549999956 ], [ 121.360106510000037, -1.874515469999949 ], [ 121.359878660000049, -1.874515259999953 ], [ 121.359775230000082, -1.874390129999938 ], [ 121.35973386, -1.874327569999934 ], [ 121.35964067000009, -1.874317069999961 ], [ 121.359619910000106, -1.87436914999995 ], [ 121.359609500000033, -1.87444206999993 ], [ 121.359495530000117, -1.874494049999953 ], [ 121.359350500000119, -1.874546019999968 ], [ 121.359277950000092, -1.874608459999934 ], [ 121.359194940000066, -1.874775089999957 ], [ 121.358977180000011, -1.875087439999959 ], [ 121.358883850000097, -1.87522279999996 ], [ 121.35882150000009, -1.87546236999998 ], [ 121.358748860000105, -1.87561857999998 ], [ 121.358645220000085, -1.875701839999977 ], [ 121.358448410000051, -1.875753739999936 ], [ 121.358293170000024, -1.875659819999953 ], [ 121.358127550000063, -1.875576319999936 ], [ 121.357993100000044, -1.875388659999942 ], [ 121.357868960000019, -1.875242669999977 ], [ 121.357693090000112, -1.875054969999951 ], [ 121.357579270000087, -1.874961089999942 ], [ 121.357134250000058, -1.874648109999953 ], [ 121.356989410000097, -1.874512529999947 ], [ 121.356854860000112, -1.87443946999997 ], [ 121.356720370000062, -1.874283059999925 ], [ 121.35622125000009, -1.873559309999962 ], [ 121.356169610000052, -1.873402989999931 ], [ 121.356180080000058, -1.873277969999947 ], [ 121.356180220000056, -1.873132109999972 ], [ 121.356118230000106, -1.872975769999925 ], [ 121.356097580000096, -1.872902819999979 ], [ 121.35604593000005, -1.872756909999964 ], [ 121.355994320000036, -1.872579749999943 ], [ 121.355994460000034, -1.872423459999936 ], [ 121.356015390000039, -1.872194259999958 ], [ 121.35607769, -1.872017199999959 ], [ 121.356067420000045, -1.871933849999948 ], [ 121.355953690000092, -1.871735789999946 ], [ 121.355829470000117, -1.871683579999967 ], [ 121.355653460000099, -1.871641729999965 ], [ 121.355581, -1.871610399999952 ], [ 121.35543607000011, -1.871558179999965 ], [ 121.355384380000032, -1.871464359999948 ], [ 121.355353370000103, -1.871391399999936 ], [ 121.355270550000114, -1.87136006999998 ], [ 121.355135940000082, -1.871349519999967 ], [ 121.355011650000051, -1.871370239999976 ], [ 121.354742520000059, -1.87125537999998 ], [ 121.354659740000102, -1.871182369999929 ], [ 121.354577040000095, -1.871015589999956 ], [ 121.354521340000019, -1.870828039999935 ], [ 121.354459290000023, -1.870734209999966 ], [ 121.354366170000048, -1.870650759999933 ], [ 121.354314440000053, -1.870598629999961 ], [ 121.354138420000027, -1.870577619999949 ], [ 121.353962350000074, -1.87058787999996 ], [ 121.353889840000079, -1.870619069999975 ], [ 121.353786210000067, -1.87069189999994 ], [ 121.353692900000055, -1.870796 ], [ 121.353609990000109, -1.870879269999932 ], [ 121.353547780000099, -1.870952139999929 ], [ 121.353475200000048, -1.871045839999965 ], [ 121.353413010000054, -1.871118709999962 ], [ 121.353267960000039, -1.871181089999936 ], [ 121.353029780000043, -1.871180859999924 ], [ 121.352884810000091, -1.871180729999935 ], [ 121.352750140000012, -1.871222269999976 ], [ 121.352729330000102, -1.871316029999946 ], [ 121.352615330000049, -1.871420099999966 ], [ 121.352408210000021, -1.871430319999945 ], [ 121.352263210000046, -1.871440609999979 ], [ 121.352107870000054, -1.871450879999941 ], [ 121.352056060000109, -1.871482089999972 ], [ 121.351993850000099, -1.871565369999928 ], [ 121.35189025000011, -1.871617379999975 ], [ 121.351807370000074, -1.871648559999926 ], [ 121.351507060000017, -1.871637839999948 ], [ 121.351465690000055, -1.871575299999961 ], [ 121.351351890000046, -1.871460579999962 ], [ 121.351103390000048, -1.871418669999969 ], [ 121.350958570000103, -1.871241419999933 ], [ 121.35082409000006, -1.871095439999976 ], [ 121.350720670000101, -1.870939049999947 ], [ 121.350648260000071, -1.870866049999961 ], [ 121.350472220000029, -1.870845039999949 ], [ 121.35007475000009, -1.870617049999964 ], [ 121.34994013000005, -1.870616929999926 ], [ 121.349815810000109, -1.870668889999934 ], [ 121.349774310000043, -1.870762629999945 ], [ 121.349722390000011, -1.870908439999937 ], [ 121.349691180000036, -1.871064689999969 ], [ 121.349535460000084, -1.871481289999963 ], [ 121.349442130000057, -1.871606229999941 ], [ 121.349338450000118, -1.87173114999996 ], [ 121.349317630000087, -1.871845739999969 ], [ 121.349234620000061, -1.872033189999968 ], [ 121.348985820000053, -1.872314259999939 ], [ 121.348861430000056, -1.87243916999995 ], [ 121.348747390000085, -1.872574509999936 ], [ 121.348612680000087, -1.87265771999995 ], [ 121.348436580000111, -1.872720069999957 ], [ 121.348105170000053, -1.872740599999929 ], [ 121.347856640000032, -1.872740359999966 ], [ 121.347597750000091, -1.872729699999979 ], [ 121.347380300000054, -1.872708649999936 ], [ 121.347214620000045, -1.872708499999931 ], [ 121.347007570000073, -1.872635369999955 ], [ 121.346862610000017, -1.872603979999951 ], [ 121.346505420000085, -1.872543229999962 ], [ 121.346339750000084, -1.872511809999935 ], [ 121.346194840000067, -1.872449179999933 ], [ 121.345946430000026, -1.872313489999954 ], [ 121.345666870000059, -1.87226112999997 ], [ 121.345532250000019, -1.872261 ], [ 121.345376850000093, -1.872323369999947 ], [ 121.344931430000088, -1.872458389999963 ], [ 121.344765680000023, -1.872520749999978 ], [ 121.344662070000027, -1.872572729999945 ], [ 121.344517050000036, -1.87262469999996 ], [ 121.344361590000062, -1.872749559999932 ], [ 121.344257930000026, -1.872864079999943 ], [ 121.344123190000118, -1.872978549999971 ], [ 121.344050620000075, -1.87307224999995 ], [ 121.343936570000096, -1.873218 ], [ 121.343853600000102, -1.873342949999937 ], [ 121.343729240000016, -1.873447019999958 ], [ 121.343252610000036, -1.873727869999925 ], [ 121.343045460000099, -1.873769339999967 ], [ 121.342869400000041, -1.873769179999954 ], [ 121.342641510000021, -1.873841889999937 ], [ 121.34243433000006, -1.873914619999937 ], [ 121.342216890000032, -1.873893579999958 ], [ 121.341947690000097, -1.873830809999959 ], [ 121.341771830000084, -1.87364311999994 ], [ 121.341668350000077, -1.87354924999994 ], [ 121.341606250000041, -1.873507509999968 ], [ 121.341388750000078, -1.873548979999953 ], [ 121.341212640000094, -1.873621739999976 ], [ 121.34112970000001, -1.873715429999947 ], [ 121.341067470000098, -1.873829969999974 ], [ 121.340974200000119, -1.873892399999932 ], [ 121.340767070000084, -1.873913029999926 ], [ 121.340518530000054, -1.873912789999963 ], [ 121.340321760000052, -1.873933449999925 ], [ 121.340176720000045, -1.873985409999932 ], [ 121.340093820000106, -1.874037419999979 ], [ 121.34009298, -1.874279159999958 ], [ 121.340144630000054, -1.874414659999957 ], [ 121.340206640000019, -1.874550159999956 ], [ 121.340289320000011, -1.874716939999928 ], [ 121.340340990000072, -1.874831589999928 ], [ 121.340496190000067, -1.874988019999932 ], [ 121.340744380000046, -1.875363329999971 ], [ 121.340795950000029, -1.875571749999949 ], [ 121.340826930000048, -1.875665549999951 ], [ 121.341054590000113, -1.875832469999978 ], [ 121.34123059, -1.875895139999955 ], [ 121.341458380000063, -1.87593703999994 ], [ 121.341613690000031, -1.875958019999928 ], [ 121.341944950000084, -1.876093779999962 ], [ 121.34202769, -1.876198039999963 ], [ 121.342203590000054, -1.87636490999995 ], [ 121.34233813000003, -1.876448379999943 ], [ 121.342534830000091, -1.876500669999928 ], [ 121.342752320000045, -1.87650087999998 ], [ 121.34294904, -1.876532319999967 ], [ 121.343207840000105, -1.876636749999932 ], [ 121.343394050000029, -1.876834889999941 ], [ 121.343435320000026, -1.877001629999938 ], [ 121.343341970000097, -1.877147399999956 ], [ 121.343300480000039, -1.877220289999968 ], [ 121.343165850000105, -1.877230569999938 ], [ 121.342989810000063, -1.877230399999974 ], [ 121.342793050000068, -1.877219799999978 ], [ 121.342648090000012, -1.877198819999933 ], [ 121.342295920000083, -1.877271429999951 ], [ 121.342005860000086, -1.87739616999994 ], [ 121.341462420000084, -1.877625009999974 ], [ 121.341141380000067, -1.877645529999938 ], [ 121.340954980000106, -1.87763493999995 ], [ 121.340768600000047, -1.877613919999931 ], [ 121.340633940000089, -1.877655459999971 ], [ 121.340395660000013, -1.877759419999961 ], [ 121.340240210000047, -1.877873889999933 ], [ 121.340084790000105, -1.877967509999962 ], [ 121.339908620000074, -1.878102779999949 ], [ 121.339680700000031, -1.878185909999956 ], [ 121.339432100000067, -1.878258599999924 ], [ 121.33920425000008, -1.878279219999968 ], [ 121.339017890000036, -1.878237369999965 ], [ 121.33890413000006, -1.87809139999996 ], [ 121.338604230000101, -1.877643109999951 ], [ 121.338511200000085, -1.877455489999932 ], [ 121.338366420000057, -1.877246979999939 ], [ 121.33812846, -1.87701753999994 ], [ 121.337942220000059, -1.876829819999955 ], [ 121.337745680000012, -1.876600429999939 ], [ 121.337259300000028, -1.876245719999929 ], [ 121.336948850000113, -1.876005799999973 ], [ 121.336824670000055, -1.87592232999998 ], [ 121.336576260000015, -1.875786649999952 ], [ 121.336125360000096, -1.875713459999929 ], [ 121.335887190000108, -1.87570280999995 ], [ 121.335752720000073, -1.875535989999946 ], [ 121.33564927000009, -1.875431699999979 ], [ 121.335535360000108, -1.875421159999973 ], [ 121.333969060000072, -1.878309789999946 ], [ 121.332489, -1.878318389999947 ], [ 121.332301290000032, -1.878839549999952 ], [ 121.332207890000063, -1.879047829999934 ], [ 121.332104200000117, -1.879193589999943 ], [ 121.331948690000104, -1.879370569999935 ], [ 121.331492730000036, -1.879703509999956 ], [ 121.331337310000094, -1.879797129999929 ], [ 121.331026520000023, -1.879921859999968 ], [ 121.330922890000011, -1.879984259999958 ], [ 121.330726020000043, -1.88010909999997 ], [ 121.330663770000115, -1.88022363999994 ], [ 121.330601400000091, -1.88048404999995 ], [ 121.33061161, -1.881071649999967 ], [ 121.330746030000114, -1.881269719999977 ], [ 121.330859770000075, -1.881467789999931 ], [ 121.330983850000052, -1.881655449999926 ], [ 121.331107910000014, -1.881884769999942 ], [ 121.331149260000075, -1.881957739999962 ], [ 121.331532270000025, -1.88211438999997 ], [ 121.331594260000088, -1.882270739999967 ], [ 121.331604410000068, -1.882479119999971 ], [ 121.33148, -1.882624849999956 ], [ 121.331262440000046, -1.882718419999946 ], [ 121.331065720000083, -1.882686969999952 ], [ 121.330858480000074, -1.882822209999972 ], [ 121.330785270000092, -1.883450289999928 ], [ 121.330774710000014, -1.883669059999932 ], [ 121.330836760000011, -1.883762889999957 ], [ 121.330898700000034, -1.883950499999969 ], [ 121.330939980000039, -1.884106809999935 ], [ 121.33109515000001, -1.884284069999978 ], [ 121.331219340000075, -1.884357119999947 ], [ 121.331322900000032, -1.884367649999945 ], [ 121.33155062000003, -1.884472049999943 ], [ 121.331612540000037, -1.884690899999953 ], [ 121.33155019000003, -1.884930459999964 ], [ 121.331446480000068, -1.885076219999974 ], [ 121.331342890000087, -1.885128219999956 ], [ 121.331177040000057, -1.885412069999973 ], [ 121.331166550000034, -1.885557929999948 ], [ 121.331114540000044, -1.885797509999975 ], [ 121.33110406000003, -1.885922509999943 ], [ 121.331268820000105, -1.886891609999964 ], [ 121.331361830000105, -1.887100069999974 ], [ 121.331506290000107, -1.887641979999955 ], [ 121.331485440000051, -1.887787819999971 ], [ 121.331392190000088, -1.887850239999977 ], [ 121.331319580000013, -1.88796476999994 ], [ 121.331371200000035, -1.888141939999969 ], [ 121.33146553000006, -1.888406199999963 ], [ 121.331475780000119, -1.888510399999973 ], [ 121.331475610000098, -1.888687509999954 ], [ 121.331527220000112, -1.888875089999942 ], [ 121.331630660000087, -1.889000219999957 ], [ 121.33169268000006, -1.889114869999958 ], [ 121.331671840000013, -1.889239879999934 ], [ 121.331568040000093, -1.889510669999936 ], [ 121.33153685000002, -1.889635649999946 ], [ 121.331598910000025, -1.889719069999956 ], [ 121.33155733000001, -1.889875299999972 ], [ 121.331474300000082, -1.890062759999978 ], [ 121.331639950000067, -1.890125439999963 ], [ 121.33178491000001, -1.890135989999976 ], [ 121.331909110000083, -1.890198619999978 ], [ 121.332043670000076, -1.890271679999955 ], [ 121.332116030000066, -1.890417609999929 ], [ 121.332219440000017, -1.890563579999935 ], [ 121.332343660000106, -1.890626199999929 ], [ 121.332478240000114, -1.890657589999932 ], [ 121.332695620000095, -1.890751569999964 ], [ 121.332954430000086, -1.890845589999969 ], [ 121.333330230000115, -1.891170369999941 ], [ 121.333412950000024, -1.891316329999938 ], [ 121.333547470000099, -1.891410209999947 ], [ 121.333661400000096, -1.891410319999977 ], [ 121.333889230000068, -1.891400129999965 ], [ 121.333992840000064, -1.891358559999958 ], [ 121.334044690000042, -1.891264839999963 ], [ 121.334024120000095, -1.891129369999931 ], [ 121.334096820000013, -1.890900239999951 ], [ 121.334097, -1.890712699999938 ], [ 121.334097170000064, -1.890535589999956 ], [ 121.334066270000108, -1.890358449999951 ], [ 121.334118200000034, -1.890202209999927 ], [ 121.334211440000104, -1.890171039999927 ], [ 121.33441855, -1.890171239999972 ], [ 121.334553160000041, -1.890181799999937 ], [ 121.334718810000027, -1.890234049999947 ], [ 121.33477055000003, -1.89027576999996 ], [ 121.334801310000103, -1.890588349999973 ], [ 121.334718370000019, -1.890692459999968 ], [ 121.334604420000119, -1.890723609999952 ], [ 121.334490450000089, -1.890796429999966 ], [ 121.33449035000001, -1.890900629999976 ], [ 121.334490260000052, -1.890994379999938 ], [ 121.334510740000042, -1.891234029999964 ], [ 121.334500260000027, -1.891369459999964 ], [ 121.334406960000024, -1.891463139999928 ], [ 121.334251530000074, -1.891567179999925 ], [ 121.334189240000114, -1.891723399999933 ], [ 121.334168380000051, -1.891879649999964 ], [ 121.334230460000072, -1.891942229999927 ], [ 121.334375390000105, -1.891984039999954 ], [ 121.334592860000043, -1.89198424999995 ], [ 121.334758490000013, -1.892067769999926 ], [ 121.334903440000062, -1.892088739999963 ], [ 121.334996750000073, -1.891984639999976 ], [ 121.335121190000109, -1.891797229999952 ], [ 121.335245620000023, -1.891630649999968 ], [ 121.335411380000096, -1.891557879999937 ], [ 121.335670280000045, -1.891558129999964 ], [ 121.335866960000089, -1.891631249999932 ], [ 121.335991080000099, -1.891798069999936 ], [ 121.336115170000085, -1.891975309999964 ], [ 121.336197900000116, -1.892110829999979 ], [ 121.336259870000049, -1.892288 ], [ 121.336290740000095, -1.892475579999939 ], [ 121.33638378, -1.892652779999935 ], [ 121.336632320000035, -1.892653019999955 ], [ 121.336957080000047, -1.892736069999955 ], [ 121.337298710000027, -1.892851009999958 ], [ 121.337350440000023, -1.892892729999971 ], [ 121.337433240000109, -1.892944899999975 ], [ 121.337495320000016, -1.89300746999993 ], [ 121.337609180000072, -1.893059679999965 ], [ 121.337733390000039, -1.893132729999934 ], [ 121.337909350000018, -1.893216239999958 ], [ 121.337992190000023, -1.893226739999932 ], [ 121.338126840000086, -1.893195619999972 ], [ 121.338230450000083, -1.893143619999933 ], [ 121.338334160000045, -1.892977019999933 ], [ 121.338344640000059, -1.892852019999964 ], [ 121.338437910000039, -1.892779169999926 ], [ 121.338510590000055, -1.892591709999977 ], [ 121.338510780000092, -1.89239374999994 ], [ 121.338469410000016, -1.892331199999944 ], [ 121.338366190000102, -1.891966449999927 ], [ 121.33832494, -1.891799719999938 ], [ 121.338418200000092, -1.891726879999965 ], [ 121.338542550000057, -1.891654049999943 ], [ 121.338573890000021, -1.891372779999926 ], [ 121.338554250000016, -1.890526719999968 ], [ 121.338554460000069, -1.890307929999949 ], [ 121.338596050000092, -1.890120429999968 ], [ 121.338658340000052, -1.889964199999952 ], [ 121.338793080000073, -1.88984972999998 ], [ 121.338917460000062, -1.889724819999969 ], [ 121.339062510000076, -1.889662459999954 ], [ 121.339207530000067, -1.889610499999947 ], [ 121.339383630000043, -1.889558579999971 ], [ 121.339559760000043, -1.88948580999994 ], [ 121.339787590000014, -1.889475619999928 ], [ 121.33997394000005, -1.889527899999962 ], [ 121.340180960000112, -1.889621849999969 ], [ 121.340419040000029, -1.88973668999995 ], [ 121.340481140000065, -1.889778429999978 ], [ 121.34088578, -1.890042659999949 ], [ 121.340937470000085, -1.890136489999975 ], [ 121.340999510000074, -1.890219899999977 ], [ 121.341040820000103, -1.890344959999936 ], [ 121.34101988000009, -1.89058456999993 ], [ 121.34095762000004, -1.890709539999932 ], [ 121.340936790000114, -1.89085536999994 ], [ 121.340947, -1.89100123999998 ], [ 121.340988300000049, -1.891126309999947 ], [ 121.34098812000002, -1.891313839999953 ], [ 121.340998330000048, -1.891470129999959 ], [ 121.340925570000081, -1.891761789999975 ], [ 121.340883680000047, -1.89225141999998 ], [ 121.340955970000095, -1.892449449999958 ], [ 121.341007540000078, -1.892668289999961 ], [ 121.341268860000014, -1.892859589999944 ], [ 121.341372340000021, -1.892953459999944 ], [ 121.341455100000076, -1.893047309999929 ], [ 121.341620640000087, -1.893203749999941 ], [ 121.341703320000079, -1.893380939999929 ], [ 121.341754970000011, -1.893506019999961 ], [ 121.341775570000095, -1.893631069999969 ], [ 121.341878670000028, -1.894120839999971 ], [ 121.3418785, -1.894297949999952 ], [ 121.341868060000024, -1.894381299999964 ], [ 121.341588100000081, -1.894756099999938 ], [ 121.341494800000078, -1.894849769999951 ], [ 121.341432600000076, -1.894933069999979 ], [ 121.341411810000068, -1.895005979999951 ], [ 121.341401320000045, -1.895151819999967 ], [ 121.34143215000006, -1.895401909999975 ], [ 121.341432040000086, -1.895516509999936 ], [ 121.341483670000116, -1.895662419999951 ], [ 121.341618010000047, -1.895964689999971 ], [ 121.34170081000002, -1.89602728999995 ], [ 121.341825010000093, -1.896089919999952 ], [ 121.341918160000091, -1.896152509999979 ], [ 121.342063040000085, -1.896246419999954 ], [ 121.34218721000002, -1.896361159999969 ], [ 121.342321800000036, -1.896392529999957 ], [ 121.342466790000117, -1.896382249999931 ], [ 121.34257041, -1.896319839999933 ], [ 121.342684390000045, -1.89625744999995 ], [ 121.342829410000036, -1.896215899999959 ], [ 121.34295373000009, -1.896163939999951 ], [ 121.343057310000063, -1.896132779999959 ], [ 121.343254090000073, -1.896112129999949 ], [ 121.343640980000032, -1.896133219999967 ], [ 121.343765350000012, -1.89601872999998 ], [ 121.343910340000093, -1.896029299999952 ], [ 121.343982780000033, -1.896071039999924 ], [ 121.344055270000013, -1.89607110999998 ], [ 121.344210590000102, -1.896081669999944 ], [ 121.34437628, -1.896102669999948 ], [ 121.344469410000102, -1.896165279999934 ], [ 121.344821140000022, -1.896561519999977 ], [ 121.34497637000004, -1.896665849999977 ], [ 121.345142010000018, -1.896738939999977 ], [ 121.345359470000062, -1.896749579999948 ], [ 121.345514790000038, -1.896760139999969 ], [ 121.345649350000031, -1.896843609999962 ], [ 121.345763170000055, -1.896927079999955 ], [ 121.345866650000062, -1.897020949999956 ], [ 121.34593910000001, -1.897073109999951 ], [ 121.346084, -1.897146179999936 ], [ 121.34620824000001, -1.897167139999965 ], [ 121.346405080000068, -1.897104809999973 ], [ 121.346519010000065, -1.897073669999941 ], [ 121.346643430000086, -1.896927929999947 ], [ 121.346705640000096, -1.89683421999996 ], [ 121.346736860000078, -1.896677959999977 ], [ 121.346767990000103, -1.896615489999931 ], [ 121.346799070000088, -1.89660508999998 ], [ 121.346933720000038, -1.89658438999993 ], [ 121.34697514000004, -1.896574 ], [ 121.347078820000092, -1.896459499999935 ], [ 121.347078930000066, -1.896344899999974 ], [ 121.34707904000004, -1.896219869999925 ], [ 121.347120500000074, -1.896188649999942 ], [ 121.34721371, -1.896167909999974 ], [ 121.34735873000011, -1.896136799999965 ], [ 121.34747268000001, -1.89609521999995 ], [ 121.347576260000096, -1.896074489999933 ], [ 121.347762710000097, -1.896022569999957 ], [ 121.347897350000039, -1.896022699999946 ], [ 121.348166600000013, -1.896022959999925 ], [ 121.348280510000109, -1.896023069999956 ], [ 121.348539410000058, -1.896023319999927 ], [ 121.348653360000071, -1.895992169999943 ], [ 121.348881230000075, -1.89594029999995 ], [ 121.349005440000042, -1.896002929999952 ], [ 121.34909859000004, -1.896065519999979 ], [ 121.349160650000044, -1.896148939999932 ], [ 121.349243340000044, -1.89630528999993 ], [ 121.349346800000035, -1.896409589999962 ], [ 121.349419170000033, -1.896545109999977 ], [ 121.349450090000119, -1.896680569999944 ], [ 121.349460350000072, -1.896784779999962 ], [ 121.34964659000002, -1.896972479999931 ], [ 121.349729340000067, -1.897066339999981 ], [ 121.349760320000087, -1.897160119999967 ], [ 121.349791260000075, -1.89729559999995 ], [ 121.349594160000038, -1.897660069999972 ], [ 121.349490560000049, -1.897691219999956 ], [ 121.349355960000025, -1.897670249999976 ], [ 121.349242080000067, -1.897628469999972 ], [ 121.349086790000115, -1.897586649999937 ], [ 121.348900400000048, -1.897576059999949 ], [ 121.348693260000118, -1.897586269999977 ], [ 121.348258200000032, -1.897700449999945 ], [ 121.348164910000037, -1.897804549999933 ], [ 121.348154420000014, -1.897950409999964 ], [ 121.348174980000067, -1.898106709999979 ], [ 121.348143770000092, -1.898252529999979 ], [ 121.348081560000082, -1.898335829999951 ], [ 121.347853660000055, -1.898408539999934 ], [ 121.347791570000027, -1.898356379999939 ], [ 121.347781320000081, -1.89824176999997 ], [ 121.347781430000055, -1.898127169999952 ], [ 121.347543260000066, -1.89810609999995 ], [ 121.34721189000004, -1.898084949999941 ], [ 121.34684414000003, -1.898232769999936 ], [ 121.3466059000001, -1.898295049999945 ], [ 121.346481580000045, -1.898336599999936 ], [ 121.346243280000067, -1.898461399999974 ], [ 121.346150040000111, -1.898502979999932 ], [ 121.346118850000039, -1.898638399999925 ], [ 121.346077310000055, -1.898752959999968 ], [ 121.346035840000013, -1.898805019999941 ], [ 121.346004640000046, -1.898940429999925 ], [ 121.346056360000034, -1.899003 ], [ 121.34613916, -1.899055159999932 ], [ 121.34622193000007, -1.899128169999926 ], [ 121.346407990000102, -1.899503419999974 ], [ 121.346469950000028, -1.899680609999962 ], [ 121.346521590000066, -1.899826519999976 ], [ 121.346521450000068, -1.899972379999951 ], [ 121.346324220000042, -1.900472289999925 ], [ 121.34624129000008, -1.900545139999963 ], [ 121.346137700000099, -1.900597129999937 ], [ 121.345951250000098, -1.90064904999997 ], [ 121.34549547000006, -1.900752789999956 ], [ 121.345402360000094, -1.900669359999938 ], [ 121.345340300000089, -1.900585939999928 ], [ 121.34522658000003, -1.900377459999959 ], [ 121.345112870000094, -1.900168979999933 ], [ 121.345040490000088, -1.900043879999942 ], [ 121.344864490000077, -1.900002039999947 ], [ 121.34462636, -1.899939289999963 ], [ 121.344429600000012, -1.899939099999926 ], [ 121.344232850000026, -1.899918089999971 ], [ 121.3435906200001, -1.900094579999973 ], [ 121.343435190000037, -1.900198619999969 ], [ 121.343279830000029, -1.900219299999947 ], [ 121.343093440000075, -1.900198289999935 ], [ 121.342896690000089, -1.900198099999955 ], [ 121.342762050000033, -1.900197969999965 ], [ 121.342606590000059, -1.900333259999968 ], [ 121.342482190000055, -1.900458159999971 ], [ 121.34240960000011, -1.900572699999941 ], [ 121.342388650000089, -1.900822719999951 ], [ 121.342114500000093, -1.901407619999929 ], [ 121.342052200000012, -1.901574259999961 ], [ 121.341948550000097, -1.901667929999974 ], [ 121.341875990000062, -1.901751209999929 ], [ 121.341741340000112, -1.901771919999931 ], [ 121.341523850000044, -1.90178211999995 ], [ 121.340995950000092, -1.901521159999959 ], [ 121.340674980000017, -1.901468739999927 ], [ 121.340509410000095, -1.901333139999963 ], [ 121.340022890000114, -1.901113879999969 ], [ 121.339908950000108, -1.901155449999976 ], [ 121.339670590000082, -1.901332329999946 ], [ 121.339556550000111, -1.901457249999964 ], [ 121.339473650000059, -1.901509249999947 ], [ 121.339380440000014, -1.901530009999931 ], [ 121.338904190000108, -1.901404519999971 ], [ 121.338697170000046, -1.901289719999966 ], [ 121.338531550000084, -1.901216629999965 ], [ 121.338365870000075, -1.901206039999977 ], [ 121.338096620000101, -1.901205779999941 ], [ 121.3378791, -1.90125766999995 ], [ 121.337630560000093, -1.90125742999993 ], [ 121.337340470000072, -1.901382169999977 ], [ 121.337102230000028, -1.901444439999977 ], [ 121.336310260000118, -1.901496289999955 ], [ 121.336082410000017, -1.901516899999933 ], [ 121.335844230000021, -1.901516669999978 ], [ 121.335657770000012, -1.901579 ], [ 121.335347030000094, -1.90164120999998 ], [ 121.335119130000066, -1.901713919999963 ], [ 121.334715150000079, -1.90181771999994 ], [ 121.334425190000047, -1.901827859999969 ], [ 121.334083490000012, -1.90177542999993 ], [ 121.33391792000009, -1.901650239999981 ], [ 121.333824840000034, -1.901514709999958 ], [ 121.333762820000061, -1.901389629999926 ], [ 121.333700850000014, -1.901233289999936 ], [ 121.333690600000068, -1.901118679999968 ], [ 121.333804640000039, -1.900983349999933 ], [ 121.333856690000061, -1.900702099999933 ], [ 121.333846400000084, -1.900629159999937 ], [ 121.333856930000024, -1.900452039999948 ], [ 121.333919200000082, -1.90031665999993 ], [ 121.333971100000099, -1.900181269999962 ], [ 121.333971370000086, -1.899899969999979 ], [ 121.334023270000102, -1.899775009999928 ], [ 121.334147670000107, -1.899650099999974 ], [ 121.334240960000102, -1.899546 ], [ 121.334313580000071, -1.899410629999977 ], [ 121.334469, -1.899317009999947 ], [ 121.334551900000065, -1.899275419999981 ], [ 121.334645140000021, -1.899233839999965 ], [ 121.334717690000048, -1.899160979999976 ], [ 121.334717760000103, -1.899088039999924 ], [ 121.334707500000036, -1.899004679999962 ], [ 121.334645450000039, -1.898910849999936 ], [ 121.33454190000009, -1.898900339999955 ], [ 121.334355500000015, -1.898900159999926 ], [ 121.334282970000118, -1.898931349999941 ], [ 121.334042090000025, -1.898994869999967 ], [ 121.333917810000116, -1.898994749999929 ], [ 121.33367958000008, -1.899046619999979 ], [ 121.333524200000056, -1.899098569999978 ], [ 121.333337800000095, -1.899098389999949 ], [ 121.333141070000011, -1.899066939999955 ], [ 121.333017090000112, -1.898754249999968 ], [ 121.332602950000023, -1.89867049999998 ], [ 121.332426880000071, -1.898680749999926 ], [ 121.332281880000096, -1.898701449999976 ], [ 121.332167960000106, -1.898701339999946 ], [ 121.332054030000108, -1.898732489999929 ], [ 121.33197111000004, -1.898805329999959 ], [ 121.3318260100001, -1.898930219999954 ], [ 121.33179468000003, -1.899201069999947 ], [ 121.331773830000088, -1.899346909999963 ], [ 121.33172199, -1.899409379999952 ], [ 121.331659730000069, -1.899544759999969 ], [ 121.331649230000039, -1.899701019999952 ], [ 121.331752590000065, -1.899899069999947 ], [ 121.331804230000103, -1.900044979999961 ], [ 121.331824910000023, -1.900076259999935 ], [ 121.331979930000102, -1.900399389999961 ], [ 121.33194866000008, -1.900607729999933 ], [ 121.331824380000057, -1.900628439999934 ], [ 121.33170012000005, -1.90060748999997 ], [ 121.331513750000113, -1.900576049999927 ], [ 121.331389490000106, -1.900575929999945 ], [ 121.331234110000082, -1.900607039999954 ], [ 121.33113053000011, -1.900648609999962 ], [ 121.331037240000114, -1.900731859999951 ], [ 121.331006020000018, -1.900888119999934 ], [ 121.330985140000053, -1.901065209999956 ], [ 121.330974660000038, -1.901190229999941 ], [ 121.331004150000012, -1.901821029999951 ], [ 121.330993670000112, -1.901946029999976 ], [ 121.330921030000013, -1.902102249999928 ], [ 121.330910600000038, -1.902175159999956 ], [ 121.330931210000017, -1.902279369999974 ], [ 121.33093104000011, -1.902456479999955 ], [ 121.33091013, -1.902664829999935 ], [ 121.330837530000053, -1.90277937999997 ], [ 121.330464330000041, -1.903185339999936 ], [ 121.330381400000078, -1.903268599999933 ], [ 121.330174220000117, -1.903341329999932 ], [ 121.330018840000093, -1.903393279999932 ], [ 121.329925510000066, -1.903518199999951 ], [ 121.329842580000104, -1.903601479999963 ], [ 121.329707690000077, -1.903882639999949 ], [ 121.329697180000039, -1.904038919999948 ], [ 121.329696940000076, -1.904288959999974 ], [ 121.329676110000037, -1.904413949999935 ], [ 121.329634610000085, -1.904486849999955 ], [ 121.329582670000036, -1.90465348999993 ], [ 121.329592930000103, -1.904747269999973 ], [ 121.329560910000055, -1.905178749999948 ], [ 121.329498670000021, -1.905282869999951 ], [ 121.329384670000081, -1.90536611999994 ], [ 121.329301790000045, -1.905418119999979 ], [ 121.329208490000042, -1.905511799999942 ], [ 121.329104790000088, -1.905647139999928 ], [ 121.32859712000004, -1.905886279999947 ], [ 121.32855561000008, -1.905990419999966 ], [ 121.328524270000116, -1.906271689999926 ], [ 121.328461870000069, -1.906542509999952 ], [ 121.328430540000113, -1.906813369999952 ], [ 121.328482190000045, -1.906948859999943 ], [ 121.328626900000017, -1.907230299999981 ], [ 121.328699290000031, -1.907334549999973 ], [ 121.328771680000045, -1.907449239999949 ], [ 121.328740450000055, -1.907615889999931 ], [ 121.328657500000077, -1.90770957999996 ], [ 121.328522870000029, -1.907730299999969 ], [ 121.328367540000045, -1.907709299999965 ], [ 121.328170750000027, -1.907740359999934 ], [ 121.328097470000102, -1.907920859999933 ], [ 121.32808698000008, -1.908056289999934 ], [ 121.32798329000002, -1.908202049999943 ], [ 121.32792108000001, -1.908274909999932 ], [ 121.327765710000108, -1.908316429999957 ], [ 121.327734560000067, -1.908399759999952 ], [ 121.327682580000101, -1.908597659999941 ], [ 121.327651310000078, -1.908806 ], [ 121.327754780000078, -1.908910289999938 ], [ 121.32793068, -1.909056319999934 ], [ 121.328034130000106, -1.90916059999995 ], [ 121.328168530000085, -1.90940035999995 ], [ 121.32823049000001, -1.909587969999961 ], [ 121.328354620000027, -1.909723529999951 ], [ 121.328437360000066, -1.909838209999975 ], [ 121.328664970000091, -1.910067639999966 ], [ 121.328985430000102, -1.910477709999952 ], [ 121.329120070000045, -1.910477839999942 ], [ 121.329244310000036, -1.910498799999971 ], [ 121.329451340000105, -1.91058234999997 ], [ 121.329616980000083, -1.910645019999947 ], [ 121.329761870000084, -1.910738939999931 ], [ 121.329875650000076, -1.910864079999953 ], [ 121.329989460000093, -1.91098919999996 ], [ 121.330165330000113, -1.911166489999971 ], [ 121.330237640000064, -1.911354099999926 ], [ 121.330475640000031, -1.911552289999975 ], [ 121.330496260000018, -1.911646069999961 ], [ 121.330485780000117, -1.911771079999937 ], [ 121.330475290000095, -1.911906519999945 ], [ 121.330350900000099, -1.912041839999972 ], [ 121.330195390000085, -1.912208379999925 ], [ 121.330029460000105, -1.912458259999937 ], [ 121.329987940000024, -1.91255198999994 ], [ 121.329935990000081, -1.912729059999947 ], [ 121.329915150000033, -1.912864479999939 ], [ 121.32989421000002, -1.913093669999967 ], [ 121.32962477, -1.913291349999952 ], [ 121.329376240000101, -1.913280689999965 ], [ 121.329179480000107, -1.913280499999928 ], [ 121.328930940000077, -1.913280259999965 ], [ 121.328703150000024, -1.91323835999998 ], [ 121.328620240000078, -1.913311209999961 ], [ 121.328537170000118, -1.91354033999994 ], [ 121.328526640000064, -1.913717439999971 ], [ 121.328567350000071, -1.913888079999936 ], [ 121.328691470000081, -1.914034059999949 ], [ 121.328774190000104, -1.914169579999964 ], [ 121.328919080000105, -1.914263489999939 ], [ 121.329064010000025, -1.914326149999965 ], [ 121.329105360000085, -1.914399119999928 ], [ 121.329188040000076, -1.914565899999957 ], [ 121.329239610000059, -1.914784729999951 ], [ 121.329446450000091, -1.915066229999979 ], [ 121.329643050000072, -1.915233129999933 ], [ 121.329705070000045, -1.915358219999973 ], [ 121.329632430000061, -1.915524839999932 ], [ 121.329539150000073, -1.915597679999962 ], [ 121.329435590000116, -1.915587159999973 ], [ 121.329290660000083, -1.915545339999937 ], [ 121.32923883, -1.915586969999936 ], [ 121.329217910000011, -1.915805729999931 ], [ 121.329124550000074, -1.915972339999939 ], [ 121.328958710000052, -1.916118039999958 ], [ 121.328834380000103, -1.91618042999994 ], [ 121.328699610000058, -1.916326149999975 ], [ 121.328491310000118, -1.91667340999993 ], [ 121.328397980000091, -1.916819179999948 ], [ 121.328408190000118, -1.916954619999956 ], [ 121.328490960000067, -1.917038059999925 ], [ 121.328625450000118, -1.917184049999946 ], [ 121.328583790000039, -1.917423629999973 ], [ 121.328283130000045, -1.917777579999949 ], [ 121.328107040000077, -1.917819079999958 ], [ 121.327941240000087, -1.917912669999964 ], [ 121.327889310000046, -1.918089749999979 ], [ 121.327868420000073, -1.918266839999944 ], [ 121.327951010000106, -1.918516959999977 ], [ 121.328013020000071, -1.918652469999927 ], [ 121.327971460000072, -1.91878786999996 ], [ 121.3279195, -1.918975359999934 ], [ 121.327784800000018, -1.919058569999947 ], [ 121.327629460000026, -1.919068829999958 ], [ 121.327453370000057, -1.919099909999943 ], [ 121.327328970000053, -1.91923522999997 ], [ 121.327339200000097, -1.919370689999937 ], [ 121.327256210000087, -1.919506049999939 ], [ 121.327225100000078, -1.919547689999945 ], [ 121.326986900000065, -1.91956829999998 ], [ 121.32677977000003, -1.919578509999951 ], [ 121.326707190000093, -1.919661789999964 ], [ 121.32661389000009, -1.919776299999967 ], [ 121.326458480000042, -1.919838659999925 ], [ 121.326206, -1.920060189999958 ], [ 121.326050620000046, -1.92011212999995 ], [ 121.325833130000092, -1.920132749999937 ], [ 121.325636340000074, -1.920163809999963 ], [ 121.325460220000082, -1.920226149999962 ], [ 121.325180550000027, -1.920277959999964 ], [ 121.324859530000026, -1.920277649999946 ], [ 121.324621350000029, -1.920277409999926 ], [ 121.324434970000084, -1.920235559999981 ], [ 121.323678950000044, -1.920276479999927 ], [ 121.323399260000087, -1.920369969999967 ], [ 121.323295630000075, -1.920442799999933 ], [ 121.323171250000087, -1.920546859999945 ], [ 121.322922730000073, -1.920525789999942 ], [ 121.32289159000004, -1.920609099999979 ], [ 121.322891500000082, -1.920702869999957 ], [ 121.322881020000068, -1.920827889999941 ], [ 121.32259101000011, -1.920869269999969 ], [ 121.32243574000006, -1.920796189999976 ], [ 121.322384120000038, -1.920639859999937 ], [ 121.322259860000031, -1.920618909999973 ], [ 121.32162969, -1.920576919999974 ], [ 121.32155712000008, -1.920660189999978 ], [ 121.321577690000026, -1.920806069999969 ], [ 121.32136012, -1.920899629999951 ], [ 121.321163360000014, -1.920899429999963 ], [ 121.320583350000106, -1.920982209999977 ], [ 121.320469380000077, -1.921034189999943 ], [ 121.320293350000043, -1.921013179999932 ], [ 121.320107020000023, -1.920940059999964 ], [ 121.319951730000071, -1.920898229999978 ], [ 121.319744730000025, -1.920762589999924 ], [ 121.319465150000042, -1.920731049999972 ], [ 121.319278700000041, -1.920782969999948 ], [ 121.319133700000066, -1.920803649999925 ], [ 121.31899906000001, -1.920813949999967 ], [ 121.31872979000002, -1.920824099999948 ], [ 121.318543390000059, -1.920823909999967 ], [ 121.318325880000089, -1.920865369999945 ], [ 121.318201560000034, -1.920927759999927 ], [ 121.318149450000078, -1.921261099999924 ], [ 121.318066490000092, -1.921375619999935 ], [ 121.317849010000032, -1.921385819999955 ], [ 121.317797200000086, -1.921406609999963 ], [ 121.317589940000062, -1.921552259999942 ], [ 121.317496610000035, -1.921677189999969 ], [ 121.317289330000108, -1.921854099999962 ], [ 121.317123480000078, -1.922010219999947 ], [ 121.316957690000095, -1.922114239999928 ], [ 121.316436960000033, -1.922451149999972 ], [ 121.31636441, -1.922513579999929 ], [ 121.316260750000083, -1.922607239999934 ], [ 121.316260650000117, -1.922711429999936 ], [ 121.316312370000105, -1.922773989999939 ], [ 121.316384730000095, -1.922909509999954 ], [ 121.316343170000096, -1.92304490999993 ], [ 121.31624991000001, -1.92309690999997 ], [ 121.31605318000004, -1.923075879999942 ], [ 121.315887500000031, -1.923065299999962 ], [ 121.315721810000014, -1.92304428999995 ], [ 121.315328220000083, -1.923127239999928 ], [ 121.315017520000083, -1.923147769999957 ], [ 121.314779270000031, -1.923210049999966 ], [ 121.314716930000031, -1.923418359999971 ], [ 121.314644200000089, -1.923668329999941 ], [ 121.314612890000035, -1.923918349999951 ], [ 121.314550570000051, -1.924095399999942 ], [ 121.314353630000028, -1.924282729999959 ], [ 121.314187890000085, -1.924334669999951 ], [ 121.314073910000047, -1.924397069999941 ], [ 121.313939130000108, -1.92456360999995 ], [ 121.313928590000046, -1.924751139999955 ], [ 121.313762790000055, -1.924844749999977 ], [ 121.313710880000031, -1.924969709999971 ], [ 121.313824670000031, -1.92510526999996 ], [ 121.313907520000043, -1.925105349999967 ], [ 121.314073200000053, -1.925115939999955 ], [ 121.314187040000093, -1.92519939999994 ], [ 121.31422831000009, -1.925345289999939 ], [ 121.314341630000058, -1.925960099999941 ], [ 121.314123820000077, -1.92626611999998 ], [ 121.31405136, -1.926234789999967 ], [ 121.313854670000069, -1.926161669999942 ], [ 121.313689010000076, -1.926119829999948 ], [ 121.313637140000083, -1.926223969999967 ], [ 121.3135851400001, -1.926442709999947 ], [ 121.313626460000023, -1.92654693999998 ], [ 121.313740310000071, -1.926609549999966 ], [ 121.313895660000071, -1.92660970999998 ], [ 121.314102690000027, -1.92669326999993 ], [ 121.314123230000064, -1.926870399999927 ], [ 121.314154090000102, -1.927078799999947 ], [ 121.314153960000112, -1.927214239999955 ], [ 121.314122710000106, -1.927401749999945 ], [ 121.314101770000093, -1.927630929999964 ], [ 121.314194710000038, -1.927881069999955 ], [ 121.31424628000002, -1.928099909999958 ], [ 121.314328900000078, -1.928339619999974 ], [ 121.314142280000056, -1.928558209999949 ], [ 121.313914360000012, -1.92863092999994 ], [ 121.313841800000091, -1.928714199999945 ], [ 121.313835674000075, -1.928811253999925 ], [ 121.313831280000045, -1.928880879999952 ], [ 121.313727630000017, -1.928964119999932 ], [ 121.313520490000087, -1.928995169999951 ], [ 121.31340651000005, -1.929057569999941 ], [ 121.313375260000043, -1.929255499999954 ], [ 121.313323300000093, -1.929432559999952 ], [ 121.3132506500001, -1.929588769999953 ], [ 121.313126390000093, -1.929588639999963 ], [ 121.312940130000015, -1.929421759999968 ], [ 121.312702110000032, -1.929254829999934 ], [ 121.31247436000001, -1.929181669999934 ], [ 121.312277540000082, -1.929243969999959 ], [ 121.31224627000006, -1.929441899999972 ], [ 121.312370410000085, -1.929587889999937 ], [ 121.312535960000105, -1.929723499999966 ], [ 121.312722230000077, -1.929859109999938 ], [ 121.312856750000037, -1.929973859999961 ], [ 121.313147630000117, -1.930038139999965 ], [ 121.313292600000068, -1.93003828999997 ], [ 121.313478960000111, -1.930100969999955 ], [ 121.313582400000087, -1.930215689999955 ], [ 121.313748690000011, -1.930583959999979 ], [ 121.313748550000014, -1.930729829999962 ], [ 121.313758790000065, -1.930844429999979 ], [ 121.313789660000111, -1.931052829999942 ], [ 121.31376875, -1.931250769999963 ], [ 121.313830720000055, -1.931417529999976 ], [ 121.313944510000056, -1.931542649999926 ], [ 121.314337690000116, -1.931886859999963 ], [ 121.314378940000097, -1.932064029999935 ], [ 121.314378780000084, -1.932220289999975 ], [ 121.314420140000038, -1.932293259999938 ], [ 121.314492570000084, -1.932355849999965 ], [ 121.314637380000022, -1.932522689999928 ], [ 121.314759830000071, -1.932589801999939 ], [ 121.314983142000074, -1.932726833999936 ], [ 121.315150625000115, -1.932726833999936 ], [ 121.315323184000022, -1.932813112999952 ], [ 121.315582023000047, -1.932914618999973 ], [ 121.315668302000063, -1.933056725999961 ], [ 121.316130151000038, -1.933148080999956 ], [ 121.316571699000065, -1.933269886999938 ], [ 121.316333161000102, -1.93356425199994 ], [ 121.316125108000051, -1.933651515999941 ], [ 121.316278034000106, -1.933815769999967 ], [ 121.316037318000099, -1.934036661999926 ], [ 121.315980679000063, -1.934288705999961 ], [ 121.316093957000021, -1.934322689999931 ], [ 121.316232723000098, -1.934305697999946 ], [ 121.316769634000025, -1.934274788999971 ], [ 121.316795010000078, -1.93479246499993 ], [ 121.316592381000078, -1.93504766999996 ], [ 121.316723956000033, -1.935447173999933 ], [ 121.316816105000044, -1.935591404999968 ], [ 121.316884072000107, -1.935900087999926 ], [ 121.317034166000099, -1.936220098999968 ], [ 121.31693676000009, -1.936343480999938 ], [ 121.317070390000026, -1.936530009999956 ], [ 121.317194500000028, -1.936686419999944 ], [ 121.317370400000073, -1.936853289999931 ], [ 121.317598150000094, -1.93692644999993 ], [ 121.317701720000059, -1.936905709999962 ], [ 121.317898600000035, -1.936801719999949 ], [ 121.318033220000075, -1.936801849999938 ], [ 121.318261050000046, -1.93680207999995 ], [ 121.318437120000112, -1.936791839999955 ], [ 121.318602900000087, -1.936708669999973 ], [ 121.318768600000112, -1.936698399999955 ], [ 121.318882580000036, -1.936636 ], [ 121.319048330000101, -1.936573669999973 ], [ 121.319120810000072, -1.936594569999954 ], [ 121.319193220000102, -1.93666756999994 ], [ 121.319307, -1.936813549999954 ], [ 121.319462210000097, -1.936938719999944 ], [ 121.31954509000002, -1.936907549999944 ], [ 121.319596970000021, -1.936813839999957 ], [ 121.31959710000001, -1.936678399999948 ], [ 121.319379740000045, -1.936563569999976 ], [ 121.319152020000047, -1.936448749999954 ], [ 121.319048560000056, -1.93634445999993 ], [ 121.319017650000092, -1.93617772999994 ], [ 121.319048920000114, -1.935979799999927 ], [ 121.319435020000014, -1.935872299999971 ], [ 121.31960068, -1.935914139999966 ], [ 121.319766280000067, -1.936008069999957 ], [ 121.319838690000097, -1.936101899999926 ], [ 121.320025020000116, -1.936175029999958 ], [ 121.320169950000036, -1.936216849999937 ], [ 121.320335680000085, -1.93619616999996 ], [ 121.320377150000013, -1.936154539999961 ], [ 121.320449730000064, -1.936050429999966 ], [ 121.320615500000031, -1.935988079999959 ], [ 121.320926280000094, -1.93587378999996 ], [ 121.32110243000011, -1.935780189999946 ], [ 121.321206080000024, -1.935676109999974 ], [ 121.321330510000053, -1.935530379999932 ], [ 121.321475550000059, -1.935468009999965 ], [ 121.321610280000073, -1.935363959999961 ], [ 121.321910900000034, -1.935051699999974 ], [ 121.322066410000048, -1.934885159999965 ], [ 121.322025070000109, -1.934801759999971 ], [ 121.321921540000062, -1.934759989999975 ], [ 121.321880270000065, -1.934624509999935 ], [ 121.321911450000016, -1.934489089999943 ], [ 121.321963280000091, -1.93444747999996 ], [ 121.322015100000044, -1.93440585999997 ], [ 121.322077340000078, -1.934301729999959 ], [ 121.322087870000018, -1.934135039999944 ], [ 121.322067250000032, -1.934030839999934 ], [ 121.322036360000084, -1.933853699999929 ], [ 121.322140240000067, -1.93353081999993 ], [ 121.322264530000098, -1.933510109999929 ], [ 121.322336990000053, -1.933541429999934 ], [ 121.322459310000113, -1.933624 ], [ 121.32263687000011, -1.933862659999932 ], [ 121.322707750000063, -1.934113159999924 ], [ 121.322778630000016, -1.934351719999938 ], [ 121.322908630000029, -1.934745359999965 ], [ 121.323026710000022, -1.935210539999957 ], [ 121.323085910000032, -1.93527021999995 ], [ 121.323204380000107, -1.935329959999933 ], [ 121.3234414100001, -1.935354049999944 ], [ 121.323713990000101, -1.93540201999997 ], [ 121.323856100000057, -1.935521399999971 ], [ 121.323962600000073, -1.935712299999977 ], [ 121.324069230000077, -1.935760109999933 ], [ 121.324258830000076, -1.935796069999981 ], [ 121.324341740000023, -1.935867709999968 ], [ 121.324554950000106, -1.936011 ], [ 121.324827080000091, -1.936512109999967 ], [ 121.325004820000117, -1.936571909999941 ], [ 121.325147010000023, -1.936607829999957 ], [ 121.325301080000031, -1.936619909999933 ], [ 121.325636720000034, -1.936799089999965 ], [ 121.325873680000086, -1.93691857999994 ], [ 121.32601580000005, -1.937026039999978 ], [ 121.32613412, -1.937240799999927 ], [ 121.326205040000104, -1.93744358999993 ], [ 121.326311520000104, -1.937646409999957 ], [ 121.32652470000005, -1.937813569999946 ], [ 121.326773510000066, -1.937921139999958 ], [ 121.326939410000023, -1.937980919999973 ], [ 121.327128910000056, -1.938124209999955 ], [ 121.32735399, -1.938255609999942 ], [ 121.327531630000067, -1.938410799999929 ], [ 121.32791076, -1.938578119999931 ], [ 121.328100240000026, -1.938757169999974 ], [ 121.328301620000047, -1.938888549999945 ], [ 121.32858603000011, -1.938948459999949 ], [ 121.328775690000043, -1.93892478999993 ], [ 121.328858790000027, -1.938805629999933 ], [ 121.328858980000064, -1.938614839999957 ], [ 121.328574840000101, -1.938256819999935 ], [ 121.328385340000068, -1.938113529999953 ], [ 121.328231340000116, -1.938029899999947 ], [ 121.328041750000011, -1.937958159999937 ], [ 121.327923290000058, -1.937898439999969 ], [ 121.327544150000108, -1.93774303999993 ], [ 121.326951580000014, -1.937647049999953 ], [ 121.326797490000104, -1.93764688999994 ], [ 121.326560530000052, -1.937551259999964 ], [ 121.326525040000092, -1.937467759999947 ], [ 121.326466050000022, -1.937193429999979 ], [ 121.326407, -1.936978729999964 ], [ 121.326336080000033, -1.936775929999953 ], [ 121.326087480000069, -1.936453719999975 ], [ 121.325886150000088, -1.936274659999981 ], [ 121.325779670000088, -1.936083759999974 ], [ 121.325744480000026, -1.935714059999952 ], [ 121.325780130000112, -1.935618699999964 ], [ 121.32580388000008, -1.935571019999941 ], [ 121.325993640000092, -1.935451969999974 ], [ 121.326088480000067, -1.935440139999969 ], [ 121.326266280000027, -1.93542838999997 ], [ 121.326432250000039, -1.935404709999943 ], [ 121.326491640000086, -1.935273589999952 ], [ 121.326527250000026, -1.935214 ], [ 121.326799900000083, -1.935190419999969 ], [ 121.326953920000051, -1.935262119999948 ], [ 121.327072360000102, -1.93535763999995 ], [ 121.327273770000033, -1.935453239999958 ], [ 121.327392280000026, -1.935477209999931 ], [ 121.327522650000105, -1.935489249999932 ], [ 121.327688660000035, -1.935405949999961 ], [ 121.32771243000002, -1.935346349999975 ], [ 121.327748130000032, -1.935215209999967 ], [ 121.327700930000105, -1.93498859999994 ], [ 121.327665510000088, -1.934845469999971 ], [ 121.327713100000096, -1.934666639999932 ], [ 121.327701440000055, -1.934475839999948 ], [ 121.327689790000022, -1.934261179999964 ], [ 121.327811020000013, -1.934011579999947 ], [ 121.327894110000102, -1.933892429999958 ], [ 121.328000910000014, -1.933761359999949 ], [ 121.328036720000114, -1.933510979999937 ], [ 121.32806056000004, -1.933379829999978 ], [ 121.328179190000014, -1.933260699999948 ], [ 121.328368940000018, -1.933165499999973 ], [ 121.328511160000062, -1.933177569999941 ], [ 121.328665200000046, -1.933225399999969 ], [ 121.328771770000117, -1.933344759999954 ], [ 121.328854560000082, -1.933523719999926 ], [ 121.328878, -1.933798 ], [ 121.328877780000084, -1.934024569999963 ], [ 121.328818320000096, -1.934215309999956 ], [ 121.328936670000076, -1.934406219999971 ], [ 121.329102550000016, -1.934477929999957 ], [ 121.329256720000103, -1.934394619999978 ], [ 121.329375250000112, -1.934382809999931 ], [ 121.329481910000027, -1.934406769999953 ], [ 121.329552890000059, -1.934538 ], [ 121.329612000000111, -1.934705009999959 ], [ 121.329588120000039, -1.934883839999941 ], [ 121.329635380000013, -1.935038919999954 ], [ 121.329706840000085, -1.935675949999961 ], [ 121.32975405000002, -1.93587870999994 ], [ 121.329801440000097, -1.935902609999971 ], [ 121.329908120000027, -1.935902709999937 ], [ 121.329943590000084, -1.935986219999961 ], [ 121.329895300000089, -1.936880529999939 ], [ 121.329776750000065, -1.936904259999949 ], [ 121.32968191000009, -1.936916089999954 ], [ 121.32963441000004, -1.937011439999935 ], [ 121.329681550000032, -1.937285749999944 ], [ 121.329681290000053, -1.93754808999995 ], [ 121.329775870000049, -1.937810529999979 ], [ 121.329799290000096, -1.938096739999935 ], [ 121.329810900000098, -1.938335239999958 ], [ 121.330012340000053, -1.938406989999976 ], [ 121.330178280000041, -1.938395229999969 ], [ 121.330273300000044, -1.938204539999958 ], [ 121.330332820000081, -1.937954169999955 ], [ 121.33042781000006, -1.937775409999972 ], [ 121.330570210000019, -1.937608599999976 ], [ 121.330712510000012, -1.937549109999964 ], [ 121.330914020000023, -1.937525459999961 ], [ 121.331127380000112, -1.937537599999928 ], [ 121.331281520000061, -1.937478139999939 ], [ 121.331447480000065, -1.937466379999933 ], [ 121.331601500000033, -1.93753806999996 ], [ 121.331601370000044, -1.937669239999934 ], [ 121.331506430000104, -1.937788399999931 ], [ 121.331411500000058, -1.937895629999957 ], [ 121.331292870000084, -1.937990899999932 ], [ 121.331067560000065, -1.938109929999939 ], [ 121.330948960000114, -1.938169439999967 ], [ 121.330925060000027, -1.93837211999994 ], [ 121.330889260000049, -1.938805269999932 ], [ 121.330889200000115, -1.938864899999942 ], [ 121.330995870000038, -1.938865 ], [ 121.331149980000077, -1.93884130999993 ], [ 121.33123301, -1.938793689999954 ], [ 121.331363410000108, -1.938781889999973 ], [ 121.33144634000007, -1.938817749999941 ], [ 121.33150554000008, -1.938877429999934 ], [ 121.331564470000103, -1.939235229999952 ], [ 121.331540640000071, -1.939354459999947 ], [ 121.331445730000041, -1.939437819999966 ], [ 121.331303360000106, -1.939568859999952 ], [ 121.331255860000056, -1.93967613999996 ], [ 121.331445420000023, -1.939759799999933 ], [ 121.331504580000114, -1.939855249999937 ], [ 121.331563640000013, -1.94008187999998 ], [ 121.331527890000075, -1.940260709999961 ], [ 121.331549260000088, -1.940368709999973 ], [ 121.331563290000076, -1.94043961999995 ], [ 121.331634240000085, -1.940594699999963 ], [ 121.331717040000058, -1.940785579999954 ], [ 121.331787900000108, -1.941047989999959 ], [ 121.331815820000088, -1.941146699999933 ], [ 121.331858760000046, -1.941298489999951 ], [ 121.331894070000089, -1.941560859999925 ], [ 121.331981213000063, -1.942036941999959 ], [ 121.332011960000045, -1.942204919999938 ], [ 121.332071080000105, -1.942359989999943 ], [ 121.332153880000078, -1.942538949999971 ], [ 121.332236760000114, -1.942622509999978 ], [ 121.332343380000111, -1.942694149999966 ], [ 121.3326882, -1.94315322999995 ], [ 121.332770960000062, -1.943379869999944 ], [ 121.332853760000035, -1.943546909999952 ], [ 121.332960250000042, -1.943737809999959 ], [ 121.333007470000098, -1.943940569999938 ], [ 121.332947870000112, -1.944286329999954 ], [ 121.332829030000084, -1.944596249999961 ], [ 121.332852570000114, -1.94476321999997 ], [ 121.332923530000016, -1.944930239999962 ], [ 121.332982560000119, -1.94515685999994 ], [ 121.333207180000045, -1.945765249999965 ], [ 121.333313550000071, -1.946075399999927 ], [ 121.33333712000001, -1.946218519999945 ], [ 121.333727860000067, -1.946624349999979 ], [ 121.333893640000042, -1.946803369999941 ], [ 121.33397643, -1.946982329999969 ], [ 121.33408307000002, -1.947018209999953 ], [ 121.334166080000045, -1.946994449999977 ], [ 121.334332050000057, -1.946958839999979 ], [ 121.334817263000105, -1.946775156999934 ], [ 121.33527911200008, -1.946896963999961 ], [ 121.335776487000089, -1.947328360999961 ], [ 121.336238336000065, -1.947627800999953 ], [ 121.336608830000046, -1.947602424999957 ], [ 121.33671033600001, -1.947988144999954 ], [ 121.336690035000061, -1.948130251999942 ], [ 121.336756013000013, -1.948246982999933 ], [ 121.336862593000092, -1.94826220899995 ], [ 121.337241989000063, -1.948240737999924 ], [ 121.337790117000054, -1.948514801999977 ], [ 121.338937126000019, -1.949164435999933 ], [ 121.33929239500003, -1.94955015599993 ], [ 121.339373599000055, -1.949753165999937 ], [ 121.33946495400005, -1.949844520999932 ], [ 121.339640050000071, -1.949928262999947 ], [ 121.339759319000109, -1.950070369999935 ], [ 121.340091748000077, -1.950072907999925 ], [ 121.34032267300006, -1.95015918699994 ], [ 121.340365812000073, -1.950194713999963 ], [ 121.340406414000086, -1.950240390999966 ], [ 121.340629726000088, -1.950714927999968 ], [ 121.340822586000058, -1.950851959999966 ], [ 121.341573725000103, -1.95102451899993 ], [ 121.341949294000074, -1.951110797999945 ], [ 121.342233509000039, -1.951100647999965 ], [ 121.342532949000088, -1.951105722999955 ], [ 121.342832389000023, -1.951146324999968 ], [ 121.343055701000026, -1.951151400999947 ], [ 121.34325871100009, -1.951166625999974 ], [ 121.343400819000067, -1.951217378999957 ], [ 121.343542926000055, -1.951212303999966 ], [ 121.343791614000111, -1.95119707799995 ], [ 121.343954022000048, -1.951156475999937 ], [ 121.344085979000056, -1.951146324999968 ], [ 121.344182409000041, -1.951161550999927 ], [ 121.344299140000089, -1.95119200299996 ], [ 121.344430850000094, -1.951186159999963 ], [ 121.3445494, -1.951174349999974 ], [ 121.344750870000098, -1.951210329999981 ], [ 121.344776352000054, -1.951218451999978 ], [ 121.344976020000104, -1.95128208999995 ], [ 121.345189360000063, -1.951294219999966 ], [ 121.345414560000108, -1.951306369999941 ], [ 121.345734470000025, -1.95143786999995 ], [ 121.345888390000027, -1.951616899999976 ], [ 121.345983120000028, -1.951712379999947 ], [ 121.346172690000117, -1.951796039999977 ], [ 121.34648087000005, -1.951796349999938 ], [ 121.34676520000005, -1.951939729999935 ], [ 121.347108870000056, -1.952023549999979 ], [ 121.347357790000046, -1.952023789999942 ], [ 121.347511950000012, -1.951952389999974 ], [ 121.347630650000042, -1.951785559999962 ], [ 121.347666360000062, -1.951630579999971 ], [ 121.347919130000037, -1.951247789999968 ], [ 121.34818005000011, -1.951093019999973 ], [ 121.348393420000093, -1.951093229999969 ], [ 121.348654220000071, -1.95105770999993 ], [ 121.348832220000077, -1.950855169999954 ], [ 121.348903430000064, -1.950759839999932 ], [ 121.349021980000089, -1.95073610999998 ], [ 121.349211590000095, -1.950784 ], [ 121.349448610000081, -1.950820009999973 ], [ 121.34966205, -1.950748659999931 ], [ 121.34974517, -1.950593719999972 ], [ 121.349828280000111, -1.950450709999927 ], [ 121.349982520000026, -1.950295839999967 ], [ 121.350077420000048, -1.950224379999952 ], [ 121.350160420000066, -1.950188689999948 ], [ 121.350350130000038, -1.950141169999938 ], [ 121.350587240000095, -1.950093719999927 ], [ 121.351013970000054, -1.950082219999956 ], [ 121.351073120000024, -1.950189589999979 ], [ 121.35053955, -1.950367939999978 ], [ 121.350539330000061, -1.950594499999966 ], [ 121.350539190000063, -1.950737599999968 ], [ 121.35053898000001, -1.950952239999936 ], [ 121.350550640000051, -1.951166909999927 ], [ 121.350609570000074, -1.951500859999953 ], [ 121.350479040000096, -1.951655759999937 ], [ 121.350206280000066, -1.951786649999974 ], [ 121.349969160000114, -1.951846039999964 ], [ 121.349767590000056, -1.951917389999949 ], [ 121.349518560000092, -1.952024469999969 ], [ 121.349364320000063, -1.952179329999979 ], [ 121.349257360000024, -1.952465429999961 ], [ 121.349162330000013, -1.952679979999971 ], [ 121.348996350000107, -1.952715589999968 ], [ 121.348543480000103, -1.95310281999997 ], [ 121.348412730000064, -1.953472359999978 ], [ 121.348282180000069, -1.953639179999925 ], [ 121.34819901000003, -1.953853739999943 ], [ 121.348151370000096, -1.954080269999963 ], [ 121.348103650000098, -1.954390259999968 ], [ 121.348103698000045, -1.954390846999956 ], [ 121.348779123000099, -1.95446702299995 ], [ 121.348871261000113, -1.95464571499997 ], [ 121.348770747000117, -1.954933296999968 ], [ 121.348463620000075, -1.954941672999951 ], [ 121.348552966000057, -1.95563131199998 ], [ 121.348762370000031, -1.955606183999976 ], [ 121.348779123000099, -1.955776498999967 ], [ 121.348499917000026, -1.955871428999956 ], [ 121.348516669000105, -1.95606128999998 ], [ 121.348879637000095, -1.95599427999997 ], [ 121.348915934000047, -1.956329326999935 ], [ 121.349144883, -1.956318158999977 ], [ 121.349144883, -1.956630869999969 ], [ 121.349264941000115, -1.956594572999961 ], [ 121.349468762000015, -1.956600156999968 ], [ 121.349627909000105, -1.956759304999935 ], [ 121.349812185000019, -1.957094351999956 ], [ 121.34989594700005, -1.957479656999965 ], [ 121.349898739000082, -1.957803535999972 ], [ 121.34959161300003, -1.958166503999962 ], [ 121.349348703000032, -1.95809111799997 ], [ 121.349262149000083, -1.958225136999943 ], [ 121.348952231000112, -1.958292145999962 ], [ 121.348915934000047, -1.958431748999942 ], [ 121.348988527000074, -1.958747251999966 ], [ 121.349055537000027, -1.959230278999939 ], [ 121.348994112000014, -1.959612790999927 ], [ 121.348988527000074, -1.960140490999947 ], [ 121.348871261000113, -1.960534170999949 ], [ 121.34889638900006, -1.960966940999924 ], [ 121.348918726000079, -1.96106187099997 ], [ 121.348865677000049, -1.961324324999964 ], [ 121.348921518000111, -1.961745925999935 ], [ 121.348753994000049, -1.962228951999975 ], [ 121.348608807000119, -1.962432772999932 ], [ 121.348675817000071, -1.962703602999966 ], [ 121.348622767000052, -1.963044233999938 ], [ 121.34853342100007, -1.963359736999962 ], [ 121.348482424000053, -1.963609897999959 ], [ 121.348672112000031, -1.963871908999977 ], [ 121.34877615500011, -1.964242402999957 ], [ 121.348390435000056, -1.964937713999973 ], [ 121.346289719000083, -1.968397960999937 ], [ 121.343655900000044, -1.970483066999975 ], [ 121.343415199000106, -1.974473819999957 ], [ 121.343154319000064, -1.975749848999953 ], [ 121.342325179000113, -1.976313663999974 ], [ 121.34125525200011, -1.976294879999955 ], [ 121.341147403000036, -1.976453481999954 ], [ 121.340874607000046, -1.976613351999958 ], [ 121.340543447000073, -1.97671739499998 ], [ 121.340183103000072, -1.977082813999971 ], [ 121.339717448000101, -1.977283286999977 ], [ 121.339289780000058, -1.977159339999957 ], [ 121.339146380000102, -1.977375279999933 ], [ 121.339123590000099, -1.97740959999993 ], [ 121.339230150000049, -1.977528949999964 ], [ 121.339360440000064, -1.977624479999974 ], [ 121.339586630000099, -1.977915149999944 ], [ 121.339740480000046, -1.978153789999965 ], [ 121.339882510000052, -1.978368579999938 ], [ 121.34009556, -1.97867883999993 ], [ 121.340237620000039, -1.97886976999996 ], [ 121.340415110000095, -1.97918 ], [ 121.340510970000082, -1.979354 ], [ 121.340592590000028, -1.979502139999965 ], [ 121.340587105000054, -1.979814340999951 ], [ 121.340580020000061, -1.980217609999954 ], [ 121.340568100000041, -1.980289149999976 ], [ 121.340734090000069, -1.980241619999958 ], [ 121.340817070000071, -1.980241699999965 ], [ 121.341054130000089, -1.980241939999928 ], [ 121.341326690000074, -1.980313759999945 ], [ 121.341694010000083, -1.980445309999936 ], [ 121.34193085000004, -1.980684039999971 ], [ 121.342155510000111, -1.98123279999993 ], [ 121.34200321000003, -1.982168879999961 ], [ 121.34230884100009, -1.982180984999957 ], [ 121.342314706000025, -1.982181530999981 ], [ 121.342327948000047, -1.982182762999969 ], [ 121.342334378000032, -1.982183360999954 ], [ 121.34236472900011, -1.982186183999943 ], [ 121.342315483000107, -1.982402246999925 ], [ 121.342315548000101, -1.982402265999951 ], [ 121.342028857000059, -1.98386757399993 ], [ 121.341823729000112, -1.984916006999924 ], [ 121.341811005000068, -1.984913418999952 ], [ 121.341602111000043, -1.986086858999954 ], [ 121.340769001000012, -1.986071695999954 ], [ 121.339841380000053, -1.986054812999953 ], [ 121.339825855000072, -1.986052790999963 ], [ 121.339833835000036, -1.986056454999925 ], [ 121.339828987000033, -1.986056602999952 ], [ 121.339837878000026, -1.986057793999976 ], [ 121.341667929000096, -1.986302889999934 ], [ 121.341661098000031, -1.986344330999941 ], [ 121.341311360000077, -1.988417255999934 ], [ 121.341817752000111, -1.988453686999947 ], [ 121.341814340000042, -1.988816175999943 ], [ 121.341803179000067, -1.990002005999941 ], [ 121.341431583000031, -1.989980146999926 ], [ 121.341413367000087, -1.989739701999952 ], [ 121.341047768000067, -1.989701552999975 ], [ 121.340994411000111, -1.989695984999969 ], [ 121.340943407000054, -1.990158658999974 ], [ 121.341238498000052, -1.990377244999934 ], [ 121.341019912000093, -1.99069783799996 ], [ 121.340830471000118, -1.990614046999951 ], [ 121.340564524000115, -1.991313522999974 ], [ 121.340229359000091, -1.99120058699998 ], [ 121.340187023000112, -1.990909049999971 ], [ 121.34018616000003, -1.990910159999942 ], [ 121.340105330000029, -1.990879849999942 ], [ 121.340019450000113, -1.990834379999967 ], [ 121.33994873000006, -1.990834379999967 ], [ 121.339872950000085, -1.990839439999945 ], [ 121.339822430000027, -1.990879849999942 ], [ 121.33981621800001, -1.990915578999932 ], [ 121.339802230000032, -1.99099603999997 ], [ 121.339766860000054, -1.991097079999975 ], [ 121.339736550000111, -1.991132439999944 ], [ 121.339665430000082, -1.991139799999928 ], [ 121.339662990000079, -1.991139199999964 ], [ 121.339667544, -1.991140663999943 ], [ 121.340027030000101, -1.99125620999996 ], [ 121.340314400000011, -1.991928131999941 ], [ 121.340688280000109, -1.992802329999961 ], [ 121.340689630000043, -1.992805519999933 ], [ 121.340713720000053, -1.992862729999956 ], [ 121.340724180000052, -1.992882889999976 ], [ 121.340893416000085, -1.993212455999981 ], [ 121.341289670000037, -1.993984109999928 ], [ 121.341298800000118, -1.994241249999959 ], [ 121.341299330000084, -1.994242109999959 ], [ 121.341299330000084, -1.99428697999997 ], [ 121.340933010000072, -1.994313689999956 ], [ 121.340934640000114, -1.994314989999964 ], [ 121.340935380000019, -1.994315579999977 ], [ 121.341142010000112, -1.994300749999979 ], [ 121.341300090000118, -1.994289399999957 ], [ 121.341300090000118, -1.99492381999994 ], [ 121.34103739000011, -1.995802839999953 ], [ 121.341209150000054, -1.996671749999962 ], [ 121.34139102000006, -1.996984959999963 ], [ 121.341309610000053, -1.997188489999928 ], [ 121.341265620000058, -1.997897249999937 ], [ 121.341181610000035, -1.998244529999965 ], [ 121.341167120000023, -1.998284059999946 ], [ 121.341199390000043, -1.998319749999951 ], [ 121.341296600000078, -1.998548199999959 ], [ 121.341327680000063, -1.998565459999952 ], [ 121.341445070000077, -1.998966 ], [ 121.341181080000069, -1.999139759999935 ], [ 121.341182650000064, -1.999149 ], [ 121.341306100000111, -1.999315169999932 ], [ 121.341562285, -1.999398004999932 ], [ 121.34162875200002, -1.999636744999975 ], [ 121.341689167000027, -1.999738046999937 ], [ 121.342067274000101, -1.999748197999963 ], [ 121.342156091000106, -1.999842089999959 ], [ 121.342262672000061, -2.000057788999925 ], [ 121.342546886000036, -2.000019723999969 ], [ 121.342773224000098, -2.000373752999963 ], [ 121.342987150000113, -2.000625115999981 ], [ 121.343136898000012, -2.00087112999995 ], [ 121.34313561600004, -2.001128668999968 ], [ 121.34273930400002, -2.001357864999932 ], [ 121.342756241000075, -2.00142049599998 ], [ 121.342856477000055, -2.001458560999936 ], [ 121.342924993000111, -2.001469979999968 ], [ 121.343004928000028, -2.001480130999937 ], [ 121.343067100000098, -2.001495355999964 ], [ 121.343167337000068, -2.001552452999931 ], [ 121.343240650000098, -2.001608209999972 ], [ 121.343370920000098, -2.001727589999973 ], [ 121.34343001000002, -2.00191843999994 ], [ 121.343477200000052, -2.002145069999926 ], [ 121.343476970000097, -2.002371629999971 ], [ 121.343476790000068, -2.002550509999935 ], [ 121.343369910000092, -2.002729259999967 ], [ 121.343049640000118, -2.002967439999964 ], [ 121.342871914000057, -2.002967260999981 ], [ 121.342822887000011, -2.003117612999972 ], [ 121.342244100000016, -2.002825891999976 ], [ 121.342244959000027, -2.002831542999957 ], [ 121.342290840000032, -2.003133609999963 ], [ 121.342397380000079, -2.00327681999994 ], [ 121.342515940000112, -2.003253079999979 ], [ 121.342752960000098, -2.003301029999932 ], [ 121.342823810000027, -2.003575359999957 ], [ 121.342752490000066, -2.003766089999942 ], [ 121.342681260000063, -2.003873349999935 ], [ 121.34260998000002, -2.004040209999971 ], [ 121.342574260000106, -2.00419519999997 ], [ 121.342514620000088, -2.004564809999977 ], [ 121.342514330000085, -2.004850989999966 ], [ 121.34258530000011, -2.005006089999938 ], [ 121.342668120000098, -2.005161189999967 ], [ 121.342710780000061, -2.005324979999955 ], [ 121.342709550000109, -2.005387479999968 ], [ 121.342928560000018, -2.005495359999941 ], [ 121.343106350000085, -2.005507469999941 ], [ 121.343130140000085, -2.005424009999956 ], [ 121.343165830000089, -2.005304799999976 ], [ 121.343177810000043, -2.005173629999945 ], [ 121.343177930000024, -2.005054399999949 ], [ 121.343154390000109, -2.004887419999932 ], [ 121.3432137100001, -2.004827859999978 ], [ 121.343320430000063, -2.004804109999952 ], [ 121.343510020000053, -2.004863929999942 ], [ 121.343604780000078, -2.004935579999938 ], [ 121.343640200000095, -2.005066789999944 ], [ 121.343687450000061, -2.005233779999969 ], [ 121.34374657, -2.005376939999962 ], [ 121.34392438000009, -2.005365199999972 ], [ 121.343971840000108, -2.005329469999936 ], [ 121.344031250000057, -2.005198349999944 ], [ 121.344019480000043, -2.005102959999931 ], [ 121.344007770000076, -2.004971769999941 ], [ 121.344055300000036, -2.004852559999961 ], [ 121.344114770000033, -2.004649909999955 ], [ 121.344221640000114, -2.004459219999944 ], [ 121.344340340000031, -2.00430431999996 ], [ 121.344411610000066, -2.004161299999964 ], [ 121.344542100000012, -2.004054099999962 ], [ 121.34468435000008, -2.00404231999994 ], [ 121.344850320000091, -2.004030559999933 ], [ 121.344885950000048, -2.003947119999964 ], [ 121.344936570000073, -2.003802119999932 ], [ 121.344972250000069, -2.003682899999944 ], [ 121.345031610000092, -2.00359949999995 ], [ 121.345126500000106, -2.003528049999943 ], [ 121.345304300000066, -2.003528229999972 ], [ 121.34545628, -2.00350642899997 ], [ 121.345623763000049, -2.003541955999935 ], [ 121.345938430000047, -2.003628234999951 ], [ 121.346319074, -2.00351150399996 ], [ 121.346445956000025, -2.003618084999971 ], [ 121.346588063000013, -2.003648535999957 ], [ 121.346877353000082, -2.003638385999977 ], [ 121.346877353000082, -2.002724838999939 ], [ 121.347998986000107, -2.002861870999936 ], [ 121.348795802000041, -2.004181438999979 ], [ 121.347674832000052, -2.004289458999949 ], [ 121.347415830000045, -2.004331609999952 ], [ 121.347760448000031, -2.004501179999977 ], [ 121.347811201000013, -2.004775243999973 ], [ 121.347846728000036, -2.004998555999975 ], [ 121.347873670000013, -2.005205 ], [ 121.347873450000066, -2.00542293999996 ], [ 121.347873180000079, -2.005689319999931 ], [ 121.347848780000049, -2.006028319999928 ], [ 121.347848510000063, -2.006294699999955 ], [ 121.34789631000001, -2.006633779999959 ], [ 121.347823750000089, -2.006972719999965 ], [ 121.34777535, -2.007239049999953 ], [ 121.347775180000099, -2.007408569999939 ], [ 121.348015650000093, -2.007650979999937 ], [ 121.348184070000116, -2.007723799999951 ], [ 121.348400570000081, -2.007869309999933 ], [ 121.348496760000103, -2.007966279999948 ], [ 121.34854479, -2.008087399999965 ], [ 121.348664970000073, -2.008257039999933 ], [ 121.348761190000118, -2.00832977999994 ], [ 121.348785320000047, -2.008281379999971 ], [ 121.348833610000042, -2.008111909999968 ], [ 121.34885789000009, -2.007918199999949 ], [ 121.348833950000085, -2.007772879999948 ], [ 121.348737830000118, -2.007627489999948 ], [ 121.348689900000068, -2.007409499999937 ], [ 121.348690050000073, -2.007264199999952 ], [ 121.348666160000107, -2.007070449999958 ], [ 121.348666310000112, -2.006925149999972 ], [ 121.348786870000026, -2.006731539999976 ], [ 121.348811110000042, -2.006562059999965 ], [ 121.348907620000091, -2.006344199999944 ], [ 121.348980410000081, -2.005763099999967 ], [ 121.349076990000071, -2.00547260999997 ], [ 121.349173350000115, -2.005400059999943 ], [ 121.349317830000018, -2.00535175999994 ], [ 121.34948643000007, -2.005255059999968 ], [ 121.349534620000099, -2.005206689999966 ], [ 121.349582940000118, -2.005037219999963 ], [ 121.349703320000117, -2.005013119999944 ], [ 121.349968200000035, -2.004916539999954 ], [ 121.350088650000089, -2.004819789999942 ], [ 121.350065170000107, -2.004238569999927 ], [ 121.350113460000102, -2.004093329999932 ], [ 121.350234030000024, -2.003875509999943 ], [ 121.350427010000089, -2.003464019999967 ], [ 121.350427180000111, -2.00329451999994 ], [ 121.350379320000116, -2.00302808999993 ], [ 121.350259070000106, -2.002906889999963 ], [ 121.350114770000118, -2.002785659999972 ], [ 121.349963112000069, -2.003141009999979 ], [ 121.349719499000116, -2.002511677999962 ], [ 121.349821004000091, -2.001841742999943 ], [ 121.349780402000079, -2.001293614999952 ], [ 121.350309670000115, -2.00130409999997 ], [ 121.350598640000044, -2.00120751999998 ], [ 121.350791200000117, -2.001207719999968 ], [ 121.350959700000089, -2.001207889999932 ], [ 121.351272660000063, -2.001183979999951 ], [ 121.351344880000056, -2.001184049999949 ], [ 121.351513480000108, -2.001087369999937 ], [ 121.351657910000085, -2.001087519999942 ], [ 121.351946760000033, -2.001087809999945 ], [ 121.35218735, -2.00120912999995 ], [ 121.352355820000071, -2.001257719999955 ], [ 121.352716810000061, -2.001330739999958 ], [ 121.353029670000069, -2.001403699999969 ], [ 121.353150110000115, -2.001331169999958 ], [ 121.353391010000109, -2.00113768999995 ], [ 121.35348749000002, -2.000944059999938 ], [ 121.353463790000092, -2.000580789999958 ], [ 121.353463910000073, -2.000459719999981 ], [ 121.353464200000076, -2.000169119999953 ], [ 121.353416320000065, -1.99990269999995 ], [ 121.353083260000062, -1.999222509999925 ], [ 121.352902750000112, -1.999161759999936 ], [ 121.352737260000026, -1.999131329999955 ], [ 121.352556740000068, -1.999070589999974 ], [ 121.352451480000013, -1.999009939999951 ], [ 121.352406450000103, -1.998888789999967 ], [ 121.352391510000075, -1.998782809999966 ], [ 121.352602530000013, -1.998434869999926 ], [ 121.352738010000053, -1.998374449999972 ], [ 121.352918600000066, -1.998359499999935 ], [ 121.353008960000011, -1.998268749999966 ], [ 121.353009120000024, -1.998102249999931 ], [ 121.352738420000037, -1.997965739999927 ], [ 121.352557910000087, -1.997905 ], [ 121.352407510000035, -1.997829169999932 ], [ 121.352362500000027, -1.997708019999948 ], [ 121.352377680000018, -1.997571799999946 ], [ 121.352422970000021, -1.997420469999952 ], [ 121.352513330000079, -1.997344869999949 ], [ 121.352618760000041, -1.997254159999954 ], [ 121.352573760000041, -1.997102729999938 ], [ 121.352513890000068, -1.996784789999936 ], [ 121.352469070000097, -1.996451709999974 ], [ 121.35252950000006, -1.99622471999993 ], [ 121.352741220000098, -1.995978839999964 ], [ 121.35286171000007, -1.995873019999976 ], [ 121.352906890000099, -1.995827639999959 ], [ 121.352982230000066, -1.995721749999973 ], [ 121.352997400000049, -1.995600669999931 ], [ 121.352982500000053, -1.995449279999946 ], [ 121.352922400000011, -1.995373539999946 ], [ 121.352832180000064, -1.995297759999971 ], [ 121.352727070000014, -1.995070589999955 ], [ 121.352757370000063, -1.99487382999996 ], [ 121.352893170000016, -1.994495529999938 ], [ 121.35296849000008, -1.994404779999968 ], [ 121.353088980000052, -1.994298939999965 ], [ 121.353224450000084, -1.99425365999997 ], [ 121.353359940000018, -1.99417810999995 ], [ 121.353390180000019, -1.994041889999949 ], [ 121.353375330000063, -1.993845109999938 ], [ 121.353300200000035, -1.993739069999947 ], [ 121.353255210000043, -1.99358763999993 ], [ 121.353165260000083, -1.993254529999945 ], [ 121.353135290000068, -1.99311825999996 ], [ 121.353361300000074, -1.992815729999961 ], [ 121.353436560000091, -1.992785529999935 ], [ 121.353786580000019, -1.992448449999927 ], [ 121.353922170000033, -1.992282069999931 ], [ 121.35407280000004, -1.992115699999943 ], [ 121.354238470000041, -1.991964499999938 ], [ 121.35441913000011, -1.991873859999941 ], [ 121.354644880000023, -1.991828659999953 ], [ 121.354855570000041, -1.991798609999933 ], [ 121.355276930000059, -1.991768749999949 ], [ 121.35550266000007, -1.991738699999928 ], [ 121.356059600000094, -1.991542469999956 ], [ 121.356240220000018, -1.991482109999936 ], [ 121.356345580000038, -1.991451929999926 ], [ 121.356601420000061, -1.991421929999944 ], [ 121.356797110000116, -1.991331299999956 ], [ 121.35693265000009, -1.991225469999961 ], [ 121.357053110000038, -1.991134769999974 ], [ 121.357309200000032, -1.990847409999958 ], [ 121.357399580000106, -1.990756659999931 ], [ 121.35752001000003, -1.990696239999977 ], [ 121.357775800000013, -1.990711629999964 ], [ 121.358076650000044, -1.990802759999951 ], [ 121.35824217000004, -1.990802929999973 ], [ 121.35834753000006, -1.990757609999946 ], [ 121.358513090000088, -1.990727509999942 ], [ 121.358678680000025, -1.990651989999947 ], [ 121.358754130000079, -1.990440139999976 ], [ 121.358980440000096, -1.989819719999957 ], [ 121.359010890000036, -1.989471589999937 ], [ 121.359011230000078, -1.989123419999942 ], [ 121.358996390000016, -1.988911479999956 ], [ 121.358831330000044, -1.988589489999924 ], [ 121.358711020000101, -1.988513689999934 ], [ 121.358620830000064, -1.988422759999935 ], [ 121.358470510000075, -1.98827123999996 ], [ 121.3584405900001, -1.988104699999951 ], [ 121.35841065000011, -1.987938149999934 ], [ 121.358395920000021, -1.987620249999964 ], [ 121.358396110000058, -1.987423459999945 ], [ 121.358486590000098, -1.98722676999995 ], [ 121.3585920700001, -1.987075489999938 ], [ 121.3590589800001, -1.986621829999933 ], [ 121.359179460000064, -1.98651598999993 ], [ 121.359510600000021, -1.986410349999971 ], [ 121.359706280000069, -1.98635 ], [ 121.359841700000061, -1.986350139999956 ], [ 121.359917070000051, -1.986213969999937 ], [ 121.359841930000016, -1.986123069999962 ], [ 121.359766780000086, -1.98603216999993 ], [ 121.359798110000042, -1.985558589999926 ], [ 121.359858560000021, -1.98528615999993 ], [ 121.359979380000027, -1.984847299999956 ], [ 121.360084880000045, -1.984665749999976 ], [ 121.360340860000065, -1.984484359999954 ], [ 121.36055164000004, -1.98436345999994 ], [ 121.360762470000054, -1.984197159999951 ], [ 121.360867910000024, -1.98407616999998 ], [ 121.361003550000078, -1.983849229999976 ], [ 121.361154200000101, -1.983682869999939 ], [ 121.361349970000106, -1.983516559999941 ], [ 121.361545730000103, -1.983380509999961 ], [ 121.362239020000061, -1.982708299999956 ], [ 121.362555130000032, -1.982587529999932 ], [ 121.362856190000116, -1.982466719999934 ], [ 121.363051810000115, -1.982451779999963 ], [ 121.36314209000011, -1.982451869999977 ], [ 121.36348815000008, -1.982482489999938 ], [ 121.36373922000007, -1.982762239999943 ], [ 121.36381438, -1.982838 ], [ 121.364024960000052, -1.98292902999998 ], [ 121.364160260000062, -1.983050269999978 ], [ 121.364295700000071, -1.983035259999951 ], [ 121.364551550000101, -1.982990109999946 ], [ 121.364777300000014, -1.982944919999966 ], [ 121.364973010000085, -1.982854289999977 ], [ 121.365198760000112, -1.982809109999948 ], [ 121.365394360000096, -1.982809299999928 ], [ 121.365755470000067, -1.982839919999947 ], [ 121.366492240000071, -1.983385619999979 ], [ 121.366567490000079, -1.983370549999961 ], [ 121.366868530000033, -1.98326488999993 ], [ 121.36706426, -1.983159119999925 ], [ 121.367290020000041, -1.983098799999937 ], [ 121.367530780000038, -1.983099039999956 ], [ 121.367741390000106, -1.983144649999929 ], [ 121.367921990000013, -1.983114549999925 ], [ 121.368253, -1.983145159999935 ], [ 121.369110790000036, -1.983040039999935 ], [ 121.369306380000012, -1.983055379999939 ], [ 121.369562250000058, -1.982995089999974 ], [ 121.369712770000092, -1.982934679999971 ], [ 121.369953680000094, -1.982783539999957 ], [ 121.370314950000079, -1.982632519999925 ], [ 121.370525680000014, -1.982557039999961 ], [ 121.370796720000044, -1.982375659999946 ], [ 121.370811990000107, -1.98214859999996 ], [ 121.370797150000044, -1.981936669999925 ], [ 121.370917800000029, -1.981649179999977 ], [ 121.371384550000016, -1.981346879999933 ], [ 121.371490100000074, -1.981135059999929 ], [ 121.371490220000055, -1.981013949999976 ], [ 121.371225840000079, -1.980330409999965 ], [ 121.371090550000076, -1.980194039999958 ], [ 121.370910200000026, -1.979966799999943 ], [ 121.370760050000058, -1.979633609999951 ], [ 121.370760310000037, -1.97937627999994 ], [ 121.370835780000107, -1.979134139999928 ], [ 121.370851140000013, -1.978816279999933 ], [ 121.370986900000048, -1.978468239999927 ], [ 121.37112242, -1.978362409999932 ], [ 121.371348170000033, -1.978317219999951 ], [ 121.371649040000079, -1.978408349999938 ], [ 121.371949830000062, -1.978560009999967 ], [ 121.37222048000001, -1.978757069999972 ], [ 121.372400830000061, -1.978984319999938 ], [ 121.373032100000046, -1.979711559999942 ], [ 121.37312208000003, -1.980029529999968 ], [ 121.373151730000018, -1.980468559999963 ], [ 121.372820100000013, -1.981088869999951 ], [ 121.372804830000064, -1.981315919999929 ], [ 121.372864850000042, -1.981482489999962 ], [ 121.372954900000082, -1.98172478999993 ], [ 121.373014820000094, -1.981997319999948 ], [ 121.37307218, -1.982067990999951 ], [ 121.373150080000073, -1.982163969999931 ], [ 121.373285460000034, -1.982224659999929 ], [ 121.373296, -1.982220699999971 ], [ 121.373405870000056, -1.982179359999975 ], [ 121.373541340000088, -1.982134089999931 ], [ 121.373782110000093, -1.982119189999935 ], [ 121.373917530000085, -1.982119319999924 ], [ 121.374278670000081, -1.982119679999926 ], [ 121.374609650000025, -1.982180549999953 ], [ 121.374895450000054, -1.982271659999981 ], [ 121.375121030000059, -1.982408129999953 ], [ 121.375196200000119, -1.982468749999953 ], [ 121.375437, -1.982423579999931 ], [ 121.375753080000095, -1.982333059999974 ], [ 121.376099190000104, -1.982318269999951 ], [ 121.376355000000103, -1.982303379999962 ], [ 121.376405310000109, -1.982274969999935 ], [ 121.37659589000009, -1.982167369999956 ], [ 121.376811126, -1.982065064999972 ], [ 121.376881910000066, -1.982031419999942 ], [ 121.37730327700001, -1.981986419999942 ], [ 121.377303243000028, -1.981986153999969 ], [ 121.377147330000071, -1.980873759999952 ], [ 121.377214190000018, -1.980760179999947 ], [ 121.377259450000111, -1.980654259999937 ], [ 121.377349820000063, -1.980563519999976 ], [ 121.377470400000107, -1.980351709999979 ], [ 121.377487020000103, -1.979698349999978 ], [ 121.377515430000017, -1.979652289999933 ], [ 121.37768295, -1.979380649999939 ], [ 121.377863640000101, -1.979244579999943 ], [ 121.378044290000048, -1.979169069999955 ], [ 121.37813476000008, -1.978972369999951 ], [ 121.378150859000016, -1.978929309999955 ], [ 121.378225280000038, -1.978730259999963 ], [ 121.378375970000093, -1.978503339999975 ], [ 121.378421320000029, -1.97829145999998 ], [ 121.378692450000017, -1.978004099999964 ], [ 121.378903300000047, -1.977807519999942 ], [ 121.379144190000034, -1.977671529999952 ], [ 121.379279680000081, -1.977595959999974 ], [ 121.379309910000075, -1.977459759999931 ], [ 121.379687460000014, -1.976818489999971 ], [ 121.379853080000089, -1.976712679999935 ], [ 121.380033750000052, -1.976606889999971 ], [ 121.380424980000043, -1.976607279999939 ], [ 121.380590350000034, -1.976758809999978 ], [ 121.380755740000041, -1.97689521999996 ], [ 121.380906190000019, -1.976925649999941 ], [ 121.381026720000023, -1.976759239999978 ], [ 121.38101180000001, -1.976622989999953 ], [ 121.38096680000001, -1.976486699999953 ], [ 121.380907080000043, -1.976002239999957 ], [ 121.38089256, -1.975457269999936 ], [ 121.38080251000008, -1.975214969999968 ], [ 121.380712400000107, -1.975033229999951 ], [ 121.380592200000024, -1.974851459999968 ], [ 121.380110930000114, -1.974608799999942 ], [ 121.3798101000001, -1.974487389999979 ], [ 121.379584510000086, -1.974366069999974 ], [ 121.37941907000004, -1.974290219999943 ], [ 121.379193380000061, -1.97427485999998 ], [ 121.378937570000062, -1.974274609999952 ], [ 121.378666700000053, -1.974289479999925 ], [ 121.378365790000089, -1.974258909999946 ], [ 121.378034850000063, -1.974167759999943 ], [ 121.377809230000025, -1.974061569999947 ], [ 121.377613890000021, -1.973788899999931 ], [ 121.377614140000105, -1.973531569999977 ], [ 121.377689640000085, -1.973259149999933 ], [ 121.377734850000024, -1.973183509999956 ], [ 121.377795240000069, -1.972986779999928 ], [ 121.377795430000106, -1.972789989999967 ], [ 121.377690240000106, -1.972638509999967 ], [ 121.377630320000094, -1.97236597999995 ], [ 121.377705580000111, -1.971693219999963 ], [ 121.377675700000054, -1.971466119999945 ], [ 121.377660890000016, -1.971208769999976 ], [ 121.377570980000087, -1.970830229999933 ], [ 121.377511060000074, -1.970557689999964 ], [ 121.377195340000071, -1.970269769999959 ], [ 121.376563820000115, -1.969799879999925 ], [ 121.376413450000086, -1.969693769999935 ], [ 121.376308350000045, -1.969466599999976 ], [ 121.376353600000016, -1.969345549999957 ], [ 121.376609500000086, -1.96925497999996 ], [ 121.37677503000009, -1.96924 ], [ 121.377000710000061, -1.969270499999936 ], [ 121.377361670000028, -1.969437359999972 ], [ 121.377692530000104, -1.969619339999952 ], [ 121.37794822, -1.969740689999981 ], [ 121.378203860000099, -1.969892319999929 ], [ 121.378685140000016, -1.970135 ], [ 121.378850660000012, -1.970135159999927 ], [ 121.378910860000019, -1.970120079999958 ], [ 121.379121870000063, -1.969772109999951 ], [ 121.379107140000087, -1.969439069999964 ], [ 121.379047130000117, -1.969242219999956 ], [ 121.37897208000004, -1.969045359999939 ], [ 121.37886694000008, -1.968863609999971 ], [ 121.378746830000068, -1.968575869999938 ], [ 121.378717010000059, -1.968303369999944 ], [ 121.378687200000059, -1.968000579999966 ], [ 121.37874829000009, -1.967116189999956 ], [ 121.378718500000105, -1.966798279999978 ], [ 121.378733640000064, -1.966707459999952 ], [ 121.378824020000025, -1.966601589999925 ], [ 121.379049890000033, -1.966435289999936 ], [ 121.37917053000001, -1.96614778999998 ], [ 121.379516840000065, -1.965921069999979 ], [ 121.379577230000109, -1.965709199999935 ], [ 121.379532270000027, -1.965527509999959 ], [ 121.379442160000053, -1.965345769999942 ], [ 121.379427140000075, -1.96531546999995 ], [ 121.37932185000011, -1.965269949999936 ], [ 121.379141220000065, -1.965345469999932 ], [ 121.379020740000101, -1.965451309999935 ], [ 121.378885200000013, -1.965572279999947 ], [ 121.378629310000065, -1.965662849999944 ], [ 121.37837348000005, -1.965708029999973 ], [ 121.378192950000084, -1.965662429999952 ], [ 121.37805771, -1.965480649999961 ], [ 121.377937540000062, -1.965253459999929 ], [ 121.377937920000022, -1.964859889999957 ], [ 121.378073560000075, -1.964632949999952 ], [ 121.378119, -1.964330239999924 ], [ 121.378043970000022, -1.964118239999948 ], [ 121.377953670000011, -1.96413328999995 ], [ 121.377818270000034, -1.964118019999944 ], [ 121.377652810000086, -1.96405730999993 ], [ 121.377532570000085, -1.963905809999972 ], [ 121.377457460000073, -1.963769499999955 ], [ 121.377186830000028, -1.963557309999942 ], [ 121.377006710000046, -1.963053239999965 ], [ 121.377006870000059, -1.96288672999998 ], [ 121.377007310000067, -1.962432589999935 ], [ 121.37703754000006, -1.962281249999933 ], [ 121.377263360000029, -1.962160369999935 ], [ 121.377534460000106, -1.961903289999952 ], [ 121.3777001200001, -1.961767209999948 ], [ 121.377775600000064, -1.961509949999936 ], [ 121.377655660000073, -1.961040569999966 ], [ 121.377610620000041, -1.960949679999942 ], [ 121.37756572, -1.960692299999948 ], [ 121.377581510000027, -1.959920289999957 ], [ 121.377491460000101, -1.959678009999948 ], [ 121.37741635000009, -1.95954168999998 ], [ 121.377416560000029, -1.959329759999946 ], [ 121.37741811, -1.958659249999926 ], [ 121.377312980000056, -1.958462349999934 ], [ 121.37711773, -1.958083719999934 ], [ 121.377072780000049, -1.957886889999941 ], [ 121.377073020000012, -1.95764467999993 ], [ 121.377148350000084, -1.957538779999936 ], [ 121.377479620000031, -1.957296909999968 ], [ 121.3777957100001, -1.957191249999937 ], [ 121.377931260000082, -1.957055139999966 ], [ 121.378043230000117, -1.956867799999941 ], [ 121.378066900000022, -1.956828209999969 ], [ 121.378217530000029, -1.956661839999924 ], [ 121.37836811000011, -1.956540889999928 ], [ 121.378534400000035, -1.955838579999977 ], [ 121.378519610000012, -1.955566089999934 ], [ 121.378655210000034, -1.955399709999938 ], [ 121.378835820000063, -1.955339329999958 ], [ 121.378911210000069, -1.955172889999972 ], [ 121.37891159000003, -1.954779309999935 ], [ 121.378866760000051, -1.954461369999933 ], [ 121.378761860000054, -1.954007139999931 ], [ 121.37871693000011, -1.953795169999978 ], [ 121.37856677000002, -1.953477119999945 ], [ 121.378552170000034, -1.953007839999941 ], [ 121.378582600000072, -1.952659709999978 ], [ 121.378748210000026, -1.952569049999966 ], [ 121.37879362000001, -1.952281469999946 ], [ 121.378733650000072, -1.952054339999961 ], [ 121.378583670000012, -1.951539509999975 ], [ 121.378478560000076, -1.951312349999967 ], [ 121.378283080000074, -1.951160779999952 ], [ 121.377982440000096, -1.950857729999939 ], [ 121.377877110000099, -1.950872769999933 ], [ 121.377666380000051, -1.950933119999945 ], [ 121.377485890000116, -1.950872389999972 ], [ 121.377410810000015, -1.95070579999998 ], [ 121.377501330000086, -1.950338349999925 ], [ 121.377561770000057, -1.950096219999978 ], [ 121.377667360000032, -1.949808699999949 ], [ 121.377878330000044, -1.949491009999974 ], [ 121.377908650000109, -1.949248849999947 ], [ 121.377924050000047, -1.948885539999935 ], [ 121.378134870000054, -1.948704099999929 ], [ 121.378451, -1.948553029999971 ], [ 121.378781990000107, -1.948598759999925 ], [ 121.379067970000051, -1.948508209999943 ], [ 121.379143350000049, -1.948356909999973 ], [ 121.379188830000089, -1.948008779999952 ], [ 121.379159080000022, -1.947645449999925 ], [ 121.378933590000088, -1.947418169999935 ], [ 121.37869309000007, -1.947160589999953 ], [ 121.378527760000111, -1.946963639999979 ], [ 121.378527940000026, -1.94676684999996 ], [ 121.378859300000045, -1.946428609999941 ], [ 121.379070060000117, -1.946322849999945 ], [ 121.379145480000034, -1.946126129999925 ], [ 121.379145830000084, -1.945762829999978 ], [ 121.379161110000041, -1.945520629999976 ], [ 121.378995860000032, -1.945232849999968 ], [ 121.378860600000053, -1.945066209999936 ], [ 121.378770390000113, -1.94499043999997 ], [ 121.378499730000044, -1.944793389999973 ], [ 121.378334470000027, -1.944535879999933 ], [ 121.378184260000012, -1.944248109999933 ], [ 121.378124410000055, -1.943899899999963 ], [ 121.377974340000037, -1.943491029999961 ], [ 121.377778920000083, -1.943294049999963 ], [ 121.37764368, -1.943097129999956 ], [ 121.377508480000074, -1.942869929999972 ], [ 121.377448600000093, -1.94255198999997 ], [ 121.37743381000007, -1.942279499999927 ], [ 121.377449880000086, -1.941697319999946 ], [ 121.377344770000036, -1.941485289999946 ], [ 121.377224470000101, -1.941394339999931 ], [ 121.377149340000074, -1.94128829999994 ], [ 121.377127810000047, -1.941146699999933 ], [ 121.377119420000099, -1.941091489999963 ], [ 121.377104710000026, -1.940758449999976 ], [ 121.376623580000114, -1.940364399999964 ], [ 121.376443230000064, -1.940137159999949 ], [ 121.37629314000003, -1.939743429999965 ], [ 121.376188090000028, -1.939440579999939 ], [ 121.376173250000079, -1.939243769999962 ], [ 121.376203840000016, -1.93871398999994 ], [ 121.376279240000031, -1.938532409999937 ], [ 121.376399680000077, -1.938471969999966 ], [ 121.376565270000015, -1.938396439999963 ], [ 121.376580440000112, -1.938260209999953 ], [ 121.376550530000031, -1.938078529999927 ], [ 121.376686150000069, -1.937866729999939 ], [ 121.376926970000113, -1.937791279999942 ], [ 121.377243070000077, -1.937670479999952 ], [ 121.377544020000073, -1.937655639999946 ], [ 121.377739750000046, -1.937519589999965 ], [ 121.378177, -1.937118339999927 ], [ 121.378297500000031, -1.936997359999964 ], [ 121.37832771, -1.936876279999979 ], [ 121.378282790000071, -1.936634029999937 ], [ 121.378192610000042, -1.936527979999937 ], [ 121.378087390000019, -1.936421929999938 ], [ 121.377982290000091, -1.936179609999954 ], [ 121.377862310000069, -1.935770779999928 ], [ 121.37778736000007, -1.935467949999975 ], [ 121.377607240000088, -1.934998509999957 ], [ 121.377336540000101, -1.934846879999952 ], [ 121.377171020000105, -1.934846719999939 ], [ 121.377080840000076, -1.934755799999948 ], [ 121.376975700000116, -1.934558909999964 ], [ 121.37688589000004, -1.934059279999929 ], [ 121.376795800000082, -1.933847259999936 ], [ 121.376405060000025, -1.933347339999955 ], [ 121.376224740000112, -1.933104969999931 ], [ 121.376089530000058, -1.932877769999948 ], [ 121.375954670000056, -1.932287269999961 ], [ 121.375984870000025, -1.932181329999935 ], [ 121.376060290000055, -1.931984609999972 ], [ 121.376256040000044, -1.931833429999926 ], [ 121.37636150000003, -1.931697289999931 ], [ 121.376497120000067, -1.931485489999943 ], [ 121.376572720000013, -1.931091979999962 ], [ 121.376527760000045, -1.930910279999978 ], [ 121.376467860000048, -1.930592339999976 ], [ 121.376437980000105, -1.930380389999925 ], [ 121.376425420000032, -1.929662749999977 ], [ 121.376500860000078, -1.929450889999941 ], [ 121.376591370000028, -1.929208779999954 ], [ 121.376666720000117, -1.929087749999951 ], [ 121.376922530000115, -1.929072849999955 ], [ 121.377118060000043, -1.92914873999996 ], [ 121.377388790000055, -1.929270089999932 ], [ 121.377494040000101, -1.929361019999931 ], [ 121.377554200000077, -1.929391359999954 ], [ 121.377945410000052, -1.929391729999963 ], [ 121.378065750000019, -1.929422129999978 ], [ 121.378381640000043, -1.929513249999957 ], [ 121.37881798, -1.929543939999974 ], [ 121.379163860000062, -1.929741059999969 ], [ 121.379509770000027, -1.929923059999965 ], [ 121.379597220000051, -1.929986729999939 ], [ 121.37977340000009, -1.930114998999954 ], [ 121.379780420000088, -1.930120109999962 ], [ 121.379835880000087, -1.930115089999958 ], [ 121.379847720000043, -1.930114019999962 ], [ 121.379842245000077, -1.930087273999959 ], [ 121.378085980000037, -1.92150769999995 ], [ 121.377414950000116, -1.921515199999931 ], [ 121.377375750000056, -1.915577829999961 ], [ 121.381966730000045, -1.915548729999955 ], [ 121.381981990000099, -1.915537579999977 ], [ 121.381997580000075, -1.915526199999931 ], [ 121.382268790000012, -1.915148009999939 ], [ 121.382434470000021, -1.914951379999934 ], [ 121.382539920000113, -1.914830379999955 ], [ 121.382675460000087, -1.914694259999976 ], [ 121.382871260000115, -1.91449764999993 ], [ 121.383082130000048, -1.914255659999981 ], [ 121.383398440000065, -1.913907779999931 ], [ 121.383398580000062, -1.913756409999962 ], [ 121.383504100000096, -1.913559709999959 ], [ 121.383699840000077, -1.913408509999954 ], [ 121.38385036000011, -1.913348109999959 ], [ 121.38397086000009, -1.913227119999931 ], [ 121.3841365400001, -1.913045629999942 ], [ 121.384434630000101, -1.912274359999969 ], [ 121.384444170000052, -1.912132429999929 ], [ 121.384453700000108, -1.911990499999945 ], [ 121.384604440000089, -1.91173514999997 ], [ 121.384745600000088, -1.911650129999941 ], [ 121.384990180000045, -1.911612509999941 ], [ 121.385281820000046, -1.911546539999961 ], [ 121.385554620000107, -1.911499489999926 ], [ 121.385705180000059, -1.911433389999956 ], [ 121.38585588, -1.911215889999937 ], [ 121.386204380000095, -1.910695769999961 ], [ 121.386345600000027, -1.910544499999958 ], [ 121.386373990000038, -1.910364749999928 ], [ 121.386357090000047, -1.910144069999944 ], [ 121.386253800000077, -1.909964189999926 ], [ 121.386244510000097, -1.909841159999928 ], [ 121.386507920000099, -1.909784629999933 ], [ 121.38673365000011, -1.909784839999929 ], [ 121.387138100000016, -1.909785229999954 ], [ 121.387363830000027, -1.909785439999951 ], [ 121.38759898, -1.909785659999955 ], [ 121.387768300000062, -1.909766899999966 ], [ 121.387900060000106, -1.909672389999969 ], [ 121.388022500000034, -1.909502189999955 ], [ 121.388163700000064, -1.909369839999954 ], [ 121.388239050000038, -1.909265829999924 ], [ 121.388258040000096, -1.909057659999974 ], [ 121.388295770000013, -1.908944149999968 ], [ 121.388446400000021, -1.908802349999974 ], [ 121.38859715000001, -1.908518609999931 ], [ 121.38871968, -1.90824430999993 ], [ 121.388785650000045, -1.908111899999938 ], [ 121.388832950000051, -1.907818589999977 ], [ 121.388823670000079, -1.907686119999937 ], [ 121.388814440000033, -1.907487389999972 ], [ 121.388823930000058, -1.907411699999955 ], [ 121.389129430000025, -1.907372489999943 ], [ 121.389214010000046, -1.907438809999974 ], [ 121.389383180000095, -1.90759036999998 ], [ 121.389524130000041, -1.90772297999996 ], [ 121.389636870000118, -1.907865019999974 ], [ 121.389806090000093, -1.907959819999974 ], [ 121.389909450000118, -1.908054529999959 ], [ 121.389984580000032, -1.908187089999956 ], [ 121.389974970000026, -1.908414179999966 ], [ 121.390021860000047, -1.908556159999932 ], [ 121.390172320000033, -1.90857522999994 ], [ 121.39030399, -1.908603739999933 ], [ 121.39042629000005, -1.90855653999995 ], [ 121.390548630000012, -1.908490419999964 ], [ 121.39072740000006, -1.908433819999971 ], [ 121.39093442, -1.90832045999997 ], [ 121.391028590000019, -1.908207 ], [ 121.391122790000054, -1.908055669999953 ], [ 121.391207640000061, -1.907838119999951 ], [ 121.39121724000006, -1.907629939999936 ], [ 121.39118145000009, -1.907286709999937 ], [ 121.391219300000103, -1.907050179999942 ], [ 121.391294710000011, -1.906870459999936 ], [ 121.391407860000072, -1.906558299999972 ], [ 121.391417530000012, -1.906283889999941 ], [ 121.391399210000031, -1.905744499999969 ], [ 121.39132410000002, -1.905602489999978 ], [ 121.39127722, -1.905441579999945 ], [ 121.391230310000083, -1.90531851999998 ], [ 121.39130703, -1.904966799999954 ], [ 121.391419970000015, -1.904881739999951 ], [ 121.39149529000008, -1.904796639999972 ], [ 121.391645870000048, -1.904711629999952 ], [ 121.391815250000036, -1.904626619999931 ], [ 121.391947020000089, -1.904522659999941 ], [ 121.392135330000087, -1.904305189999945 ], [ 121.392248350000045, -1.904153889999975 ], [ 121.392370840000012, -1.90391743999993 ], [ 121.392493260000037, -1.903756689999966 ], [ 121.392775510000092, -1.903662329999975 ], [ 121.393048280000016, -1.903662589999954 ], [ 121.393330440000113, -1.903681769999935 ], [ 121.39349024, -1.903776549999975 ], [ 121.393537100000117, -1.903946929999961 ], [ 121.393386510000028, -1.904069789999937 ], [ 121.393273530000101, -1.904183239999952 ], [ 121.393028810000033, -1.904362809999952 ], [ 121.392868760000056, -1.904542449999951 ], [ 121.392718110000033, -1.904712639999957 ], [ 121.392642740000042, -1.904845039999941 ], [ 121.392567320000012, -1.905024769999955 ], [ 121.392586050000091, -1.905119399999933 ], [ 121.392849310000088, -1.905223729999932 ], [ 121.392999760000066, -1.90528065999996 ], [ 121.393140790000075, -1.905328109999971 ], [ 121.393189540000094, -1.905597179999972 ], [ 121.393142340000054, -1.905786389999946 ], [ 121.393057620000036, -1.905862009999964 ], [ 121.392991710000047, -1.905928199999948 ], [ 121.39299166, -1.905984959999955 ], [ 121.39298206, -1.90620260999998 ], [ 121.393028970000046, -1.906325649999928 ], [ 121.393113510000035, -1.906439279999972 ], [ 121.393226350000077, -1.906477239999958 ], [ 121.393470880000109, -1.906505869999933 ], [ 121.393611880000094, -1.90659114999994 ], [ 121.393705800000021, -1.906733189999954 ], [ 121.393724460000044, -1.906903529999965 ], [ 121.39373377000004, -1.907007639999961 ], [ 121.393827730000112, -1.907102339999938 ], [ 121.394053270000086, -1.907310739999957 ], [ 121.394259960000113, -1.907566419999966 ], [ 121.394382180000093, -1.907623319999971 ], [ 121.394542090000073, -1.907614 ], [ 121.394626790000075, -1.907566759999952 ], [ 121.394720850000112, -1.907557389999965 ], [ 121.394908880000116, -1.907652199999973 ], [ 121.394993420000105, -1.907775289999961 ], [ 121.39500261, -1.90800239999993 ], [ 121.395124800000076, -1.908097149999946 ], [ 121.395388150000031, -1.908106849999967 ], [ 121.395604430000049, -1.908154369999977 ], [ 121.395783050000091, -1.908249169999976 ], [ 121.395961610000086, -1.908419659999936 ], [ 121.396055550000028, -1.90854276999994 ], [ 121.39612129000011, -1.908637459999966 ], [ 121.396482520000063, -1.908809229999974 ], [ 121.396623590000104, -1.908837749999975 ], [ 121.39681169000005, -1.908847389999949 ], [ 121.397046870000054, -1.908819209999933 ], [ 121.397178590000067, -1.908772029999966 ], [ 121.397282030000042, -1.908781579999925 ], [ 121.397394860000077, -1.908829 ], [ 121.397573440000087, -1.908971119999933 ], [ 121.397686130000011, -1.909169929999962 ], [ 121.398006720000012, -1.909524119999958 ], [ 121.398175900000069, -1.909656759999962 ], [ 121.398260420000042, -1.909798769999952 ], [ 121.398288470000011, -1.909978579999972 ], [ 121.398307130000035, -1.910139469999933 ], [ 121.398353970000016, -1.910338229999979 ], [ 121.398400780000088, -1.910593779999942 ], [ 121.398391230000016, -1.910735709999926 ], [ 121.398230980000108, -1.911123529999941 ], [ 121.398371800000064, -1.911407529999963 ], [ 121.39845635000006, -1.911511709999957 ], [ 121.398522060000118, -1.91164423999993 ], [ 121.398521900000105, -1.911814569999933 ], [ 121.398240390000069, -1.912177379999946 ], [ 121.398259100000018, -1.912300409999943 ], [ 121.398381310000104, -1.91237622999995 ], [ 121.398606950000044, -1.912471059999973 ], [ 121.398625640000091, -1.91259408999997 ], [ 121.398606700000073, -1.912745479999955 ], [ 121.398559540000065, -1.91288738999998 ], [ 121.398568790000013, -1.913048249999974 ], [ 121.398587310000039, -1.913360529999977 ], [ 121.398446010000043, -1.913596969999958 ], [ 121.398464770000032, -1.913653769999939 ], [ 121.398624540000014, -1.913786389999927 ], [ 121.398680840000111, -1.913937849999968 ], [ 121.398680700000114, -1.914089249999961 ], [ 121.398755890000075, -1.914155569999934 ], [ 121.398962770000026, -1.914184149999926 ], [ 121.399216630000069, -1.914288469999974 ], [ 121.399451660000068, -1.914421179999977 ], [ 121.399611420000042, -1.914572729999975 ], [ 121.39995918000011, -1.914838009999926 ], [ 121.400100150000071, -1.914961159999962 ], [ 121.400184660000036, -1.915112639999961 ], [ 121.400206720000028, -1.915224149999972 ], [ 121.400231470000108, -1.915349249999963 ], [ 121.400334840000028, -1.915453439999965 ], [ 121.400513530000012, -1.915472539999939 ], [ 121.400607650000097, -1.915396919999978 ], [ 121.400636010000085, -1.915255 ], [ 121.400607930000092, -1.915094099999976 ], [ 121.400608040000066, -1.914980549999939 ], [ 121.400720960000058, -1.914933359999964 ], [ 121.400824460000081, -1.914905049999959 ], [ 121.400928060000069, -1.914744299999938 ], [ 121.400956390000033, -1.914630759999966 ], [ 121.4009377000001, -1.914488809999966 ], [ 121.4008719200001, -1.914431979999961 ], [ 121.400966050000079, -1.914346899999941 ], [ 121.401135450000083, -1.914242969999975 ], [ 121.40119196, -1.914157859999932 ], [ 121.401304980000077, -1.914006559999962 ], [ 121.4013615, -1.913902509999957 ], [ 121.401361680000036, -1.913713259999952 ], [ 121.401334260000112, -1.913406709999947 ], [ 121.401343760000032, -1.913302629999976 ], [ 121.401400360000025, -1.913132349999955 ], [ 121.401438060000032, -1.913047239999969 ], [ 121.401494680000042, -1.912848569999937 ], [ 121.401504320000072, -1.912583629999972 ], [ 121.401476370000069, -1.912290249999955 ], [ 121.401448450000089, -1.911977949999937 ], [ 121.401411080000116, -1.911703499999931 ], [ 121.401251520000073, -1.911334309999972 ], [ 121.401195230000098, -1.911192319999941 ], [ 121.401148390000117, -1.910984089999943 ], [ 121.401036120000072, -1.910404199999959 ], [ 121.40093284000011, -1.910214849999932 ], [ 121.400914150000062, -1.910091809999926 ], [ 121.400980080000068, -1.90998776999993 ], [ 121.401102380000111, -1.909959499999957 ], [ 121.401337530000092, -1.909959719999961 ], [ 121.401619670000059, -1.909978919999958 ], [ 121.401952030000075, -1.910168969999972 ], [ 121.402196530000083, -1.910225969999942 ], [ 121.402271750000068, -1.910263889999953 ], [ 121.402412770000069, -1.910330269999974 ], [ 121.40259143000003, -1.910396669999955 ], [ 121.402779540000097, -1.910387379999975 ], [ 121.402892430000065, -1.910378019999939 ], [ 121.402958370000079, -1.910255079999956 ], [ 121.403005580000013, -1.910056409999925 ], [ 121.403015090000054, -1.909952309999937 ], [ 121.403099780000048, -1.909914539999932 ], [ 121.403203250000047, -1.909895719999952 ], [ 121.403391320000082, -1.909943219999946 ], [ 121.403532420000033, -1.909933879999926 ], [ 121.403635930000064, -1.909877189999975 ], [ 121.403701860000069, -1.909792099999947 ], [ 121.403814930000067, -1.909574559999953 ], [ 121.403899710000019, -1.909442169999977 ], [ 121.403965630000016, -1.909338129999981 ], [ 121.404003430000103, -1.909148909999942 ], [ 121.40404129, -1.908893459999945 ], [ 121.404260650000083, -1.908352349999973 ], [ 121.404307810000091, -1.908200989999955 ], [ 121.404420750000099, -1.908134859999961 ], [ 121.404543070000045, -1.908087659999978 ], [ 121.404806420000114, -1.908087899999941 ], [ 121.405041570000094, -1.908088119999945 ], [ 121.405173250000075, -1.908088239999927 ], [ 121.405474190000064, -1.908135839999943 ], [ 121.405615290000014, -1.908117059999938 ], [ 121.405756470000028, -1.908003619999931 ], [ 121.405850620000024, -1.907918559999928 ], [ 121.405982380000069, -1.907833509999932 ], [ 121.40618212000004, -1.907585899999958 ], [ 121.406266840000058, -1.907519739999941 ], [ 121.406389130000093, -1.907500939999977 ], [ 121.406605390000095, -1.907576839999933 ], [ 121.406746420000104, -1.907633739999937 ], [ 121.40682168, -1.907624339999927 ], [ 121.406906480000089, -1.907454099999939 ], [ 121.406953680000015, -1.907264889999965 ], [ 121.406944470000099, -1.907056699999941 ], [ 121.406822280000029, -1.906971419999934 ], [ 121.406766, -1.906801049999956 ], [ 121.40679431, -1.906696969999928 ], [ 121.406963670000096, -1.906630889999974 ], [ 121.407142400000112, -1.906602679999935 ], [ 121.407311700000037, -1.90660282999994 ], [ 121.407424530000071, -1.906650259999935 ], [ 121.407576810000023, -1.906880139999942 ], [ 121.407680160000041, -1.906993789999945 ], [ 121.407774100000097, -1.90712635999995 ], [ 121.407849210000109, -1.907277829999941 ], [ 121.407971280000083, -1.907495579999932 ], [ 121.408036920000086, -1.907722749999948 ], [ 121.408036690000017, -1.907978249999928 ], [ 121.408036450000054, -1.908233739999957 ], [ 121.408073920000106, -1.908404109999935 ], [ 121.408177180000052, -1.908621839999967 ], [ 121.408318060000056, -1.90883015999998 ], [ 121.408440290000044, -1.908887039999968 ], [ 121.408647280000082, -1.908821 ], [ 121.408732010000108, -1.908735909999962 ], [ 121.408751, -1.908546679999972 ], [ 121.408741690000056, -1.908433109999976 ], [ 121.408685440000113, -1.908234339999979 ], [ 121.408657370000014, -1.908073449999961 ], [ 121.408572850000041, -1.907921969999961 ], [ 121.408555680000063, -1.907570889999931 ], [ 121.408546410000099, -1.90742894999994 ], [ 121.408546560000104, -1.907268079999938 ], [ 121.408546730000012, -1.907078829999932 ], [ 121.408509340000023, -1.906832749999978 ], [ 121.408490770000071, -1.906558319999931 ], [ 121.408575690000021, -1.906265059999953 ], [ 121.408660460000078, -1.906132649999961 ], [ 121.408773370000063, -1.906094899999971 ], [ 121.409121360000086, -1.906114159999959 ], [ 121.409262390000094, -1.906189989999973 ], [ 121.409412770000017, -1.906303689999959 ], [ 121.409516130000043, -1.906417329999954 ], [ 121.40959126000007, -1.906540419999942 ], [ 121.409562800000117, -1.906814819999965 ], [ 121.409562630000096, -1.906994599999962 ], [ 121.409430820000011, -1.907136419999972 ], [ 121.409270830000082, -1.907240369999954 ], [ 121.409139090000053, -1.907306479999932 ], [ 121.409054370000035, -1.907372639999949 ], [ 121.408988450000038, -1.907457739999927 ], [ 121.408988280000017, -1.907637529999931 ], [ 121.40906335000011, -1.907836319999944 ], [ 121.409241990000055, -1.907912189999934 ], [ 121.409354800000074, -1.90797852999998 ], [ 121.409505150000086, -1.908120619999977 ], [ 121.40946736, -1.90831929999996 ], [ 121.409420060000116, -1.90860312999996 ], [ 121.409438760000057, -1.908735629999967 ], [ 121.40952325, -1.908906039999977 ], [ 121.409570210000084, -1.908981779999976 ], [ 121.409853260000091, -1.909439439999971 ], [ 121.40996602000007, -1.909562539999968 ], [ 121.41006931000004, -1.909742439999945 ], [ 121.410097350000115, -1.909941189999927 ], [ 121.410116010000024, -1.910102059999929 ], [ 121.410162980000109, -1.910158889999934 ], [ 121.410257000000115, -1.910215759999971 ], [ 121.410304060000044, -1.910177949999934 ], [ 121.410341740000035, -1.910121199999935 ], [ 121.410398270000087, -1.910007699999937 ], [ 121.410473570000022, -1.909960459999979 ], [ 121.410718090000046, -1.909979619999945 ], [ 121.410849710000093, -1.910055439999951 ], [ 121.4110847500001, -1.910159749999934 ], [ 121.411413770000081, -1.910368239999968 ], [ 121.411507740000047, -1.910453479999944 ], [ 121.411629930000117, -1.910548229999961 ], [ 121.411789680000084, -1.910718709999969 ], [ 121.411883610000018, -1.910851269999966 ], [ 121.41204335000009, -1.911021749999975 ], [ 121.412297150000086, -1.911192309999933 ], [ 121.412513440000112, -1.911239829999943 ], [ 121.412720290000038, -1.911325189999957 ], [ 121.412786040000015, -1.911419869999975 ], [ 121.412823510000067, -1.911580769999944 ], [ 121.41301253000006, -1.911944689999928 ], [ 121.41310653000005, -1.912020469999959 ], [ 121.413275790000057, -1.91207739999993 ], [ 121.413426210000011, -1.912143789999959 ], [ 121.413623590000043, -1.912304829999925 ], [ 121.413726900000029, -1.912456329999941 ], [ 121.413736110000059, -1.912692909999976 ], [ 121.413679430000116, -1.912938889999964 ], [ 121.413500540000086, -1.913146909999966 ], [ 121.41338759000007, -1.913222509999969 ], [ 121.413086640000074, -1.913184379999961 ], [ 121.413030160000062, -1.913241089999929 ], [ 121.413001830000098, -1.91335461999995 ], [ 121.413001620000045, -1.913591189999977 ], [ 121.412973180000108, -1.913846649999925 ], [ 121.412935460000085, -1.913950719999946 ], [ 121.412916600000017, -1.913988549999942 ], [ 121.412885700000061, -1.914043969999966 ], [ 121.412711200000103, -1.914141289999975 ], [ 121.41253671000004, -1.914199629999928 ], [ 121.412304070000118, -1.914277399999946 ], [ 121.412032630000112, -1.914413629999956 ], [ 121.411896930000012, -1.914433 ], [ 121.411703080000052, -1.914491319999968 ], [ 121.411702930000047, -1.914647299999956 ], [ 121.4118578, -1.914842419999957 ], [ 121.411973950000061, -1.914998519999926 ], [ 121.412109440000108, -1.915174119999961 ], [ 121.41230298000005, -1.915466769999966 ], [ 121.412361, -1.915603309999938 ], [ 121.412574050000103, -1.915739989999963 ], [ 121.412767890000055, -1.915701179999928 ], [ 121.413000520000082, -1.915642889999958 ], [ 121.413155540000048, -1.915662529999963 ], [ 121.413291140000069, -1.915740659999926 ], [ 121.413349180000068, -1.915838209999947 ], [ 121.413426590000086, -1.915974759999926 ], [ 121.413465150000093, -1.916189269999961 ], [ 121.413503650000052, -1.916462269999954 ], [ 121.413503370000058, -1.916774249999946 ], [ 121.413503100000071, -1.917066709999972 ], [ 121.4135028500001, -1.917339679999941 ], [ 121.413735010000096, -1.917768849999959 ], [ 121.41383170000006, -1.918002919999935 ], [ 121.413831590000086, -1.918119909999973 ], [ 121.413792710000052, -1.91825635999993 ], [ 121.413485060000085, -1.918565299999955 ], [ 121.413288360000024, -1.918762819999927 ], [ 121.413094430000115, -1.918899119999935 ], [ 121.412861720000024, -1.919035389999976 ], [ 121.412687210000058, -1.919132719999936 ], [ 121.412454500000081, -1.919288489999929 ], [ 121.412415550000105, -1.919502929999965 ], [ 121.412357120000024, -1.919814839999958 ], [ 121.41247326000007, -1.919951429999969 ], [ 121.412570110000047, -1.920010009999942 ], [ 121.41272511000011, -1.92006865999997 ], [ 121.412860640000076, -1.92020526999994 ], [ 121.412976730000082, -1.920419839999965 ], [ 121.412976500000013, -1.920673319999935 ], [ 121.412976360000016, -1.92082929999998 ], [ 121.412879340000018, -1.920946199999946 ], [ 121.412665860000061, -1.921257969999942 ], [ 121.41245253000011, -1.92143324999995 ], [ 121.412316760000067, -1.921550109999941 ], [ 121.412180850000027, -1.921803459999978 ], [ 121.412432620000118, -1.921998669999937 ], [ 121.412645750000024, -1.922057369999948 ], [ 121.412917060000041, -1.922077119999926 ], [ 121.41320764000011, -1.92221386999995 ], [ 121.413381970000046, -1.922331029999953 ], [ 121.413536910000062, -1.922428649999972 ], [ 121.413749940000116, -1.922604339999964 ], [ 121.413962970000057, -1.922780019999948 ], [ 121.414137230000051, -1.922955659999957 ], [ 121.414779810000027, -1.923212249999949 ], [ 121.415051180000091, -1.92317350999997 ], [ 121.415303260000087, -1.923017769999944 ], [ 121.415593990000048, -1.92299853999998 ], [ 121.415807180000115, -1.922998739999969 ], [ 121.416117190000023, -1.923096509999937 ], [ 121.41638837000005, -1.923252759999968 ], [ 121.416523920000031, -1.92336985999998 ], [ 121.416543090000118, -1.923603849999949 ], [ 121.416542890000073, -1.923818339999968 ], [ 121.41658153000003, -1.923954859999981 ], [ 121.416717030000086, -1.924130459999958 ], [ 121.416989330000092, -1.925448209999956 ], [ 121.417047340000067, -1.925604239999927 ], [ 121.417163480000113, -1.925740839999946 ], [ 121.417163300000084, -1.92593581999995 ], [ 121.41714386000001, -1.926013789999956 ], [ 121.417008080000073, -1.926130649999948 ], [ 121.41687236000007, -1.926189019999924 ], [ 121.416756050000117, -1.926227909999966 ], [ 121.416639670000109, -1.926325289999966 ], [ 121.416581380000025, -1.926481219999971 ], [ 121.416523050000023, -1.926676139999927 ], [ 121.416600280000011, -1.927007679999974 ], [ 121.416658300000108, -1.927144219999946 ], [ 121.416890700000067, -1.927319919999945 ], [ 121.417219990000035, -1.927515189999951 ], [ 121.417297400000052, -1.927632259999939 ], [ 121.417335810000054, -1.92802224999997 ], [ 121.417296250000049, -1.928880119999974 ], [ 121.417431710000074, -1.929114219999974 ], [ 121.41760604000001, -1.929211879999968 ], [ 121.41783849, -1.929329089999953 ], [ 121.418051530000071, -1.929504759999929 ], [ 121.418225750000033, -1.929719409999961 ], [ 121.418380530000036, -1.930012019999936 ], [ 121.418457850000095, -1.930226559999937 ], [ 121.418496260000097, -1.930616559999976 ], [ 121.418573630000083, -1.930772609999963 ], [ 121.41868976, -1.93094820999994 ], [ 121.418844650000096, -1.931104339999933 ], [ 121.418863840000085, -1.931318819999944 ], [ 121.41880548000006, -1.93155274999998 ], [ 121.418553230000043, -1.931864469999937 ], [ 121.418436760000077, -1.932078849999925 ], [ 121.418320250000079, -1.93231271999997 ], [ 121.4181455800001, -1.932585519999975 ], [ 121.417970860000082, -1.932897319999938 ], [ 121.417815570000016, -1.933170149999967 ], [ 121.417737890000012, -1.933326059999956 ], [ 121.41750525000009, -1.933403839999926 ], [ 121.417311410000025, -1.933442649999961 ], [ 121.417175680000014, -1.933520519999945 ], [ 121.416590240000119, -1.933960379999974 ], [ 121.416357510000012, -1.934135639999965 ], [ 121.415950310000085, -1.934369239999967 ], [ 121.415698240000097, -1.934485989999928 ], [ 121.415291060000072, -1.934680579999963 ], [ 121.414942110000084, -1.934777749999967 ], [ 121.414593180000111, -1.934874909999962 ], [ 121.414011760000108, -1.934874369999932 ], [ 121.413624150000032, -1.934874 ], [ 121.413720690000105, -1.935264049999944 ], [ 121.413992010000015, -1.93526430999998 ], [ 121.414302110000108, -1.935264599999925 ], [ 121.414534660000072, -1.935284309999929 ], [ 121.414825300000075, -1.935362569999938 ], [ 121.41496079, -1.935538189999932 ], [ 121.41509622, -1.935791789999939 ], [ 121.415173700000082, -1.935850349999953 ], [ 121.415328750000072, -1.935831 ], [ 121.415406340000118, -1.935772569999926 ], [ 121.41550342000005, -1.935577689999946 ], [ 121.415639100000021, -1.935558319999927 ], [ 121.415774770000098, -1.935558449999974 ], [ 121.41592976000004, -1.935617079999929 ], [ 121.416646320000041, -1.936183209999967 ], [ 121.416820560000019, -1.936397839999927 ], [ 121.416800970000054, -1.936612299999979 ], [ 121.416645780000067, -1.93676813999997 ], [ 121.416548750000061, -1.936904529999936 ], [ 121.416432310000118, -1.937079899999958 ], [ 121.416412760000071, -1.937255359999938 ], [ 121.41639319, -1.937450319999925 ], [ 121.416199270000106, -1.937567129999934 ], [ 121.416037220000021, -1.937634079999953 ], [ 121.415869680000014, -1.937703309999961 ], [ 121.415636980000045, -1.937839569999937 ], [ 121.415326610000079, -1.938131749999968 ], [ 121.414725400000066, -1.938579629999936 ], [ 121.41439571, -1.938813289999928 ], [ 121.414298540000118, -1.939105669999947 ], [ 121.414143160000094, -1.939456489999941 ], [ 121.414104110000039, -1.93976841999995 ], [ 121.414161930000091, -1.940099929999974 ], [ 121.41396794000002, -1.940294729999948 ], [ 121.413812800000073, -1.940411569999981 ], [ 121.413463710000087, -1.940664699999957 ], [ 121.413560460000099, -1.940820789999975 ], [ 121.413734790000035, -1.940918429999954 ], [ 121.414083540000092, -1.941035749999969 ], [ 121.414257870000029, -1.941133409999964 ], [ 121.414349730000026, -1.941146699999933 ], [ 121.414529180000045, -1.94117265999995 ], [ 121.414587390000065, -1.941146699999933 ], [ 121.414703670000108, -1.941094839999948 ], [ 121.414858830000071, -1.940978 ], [ 121.415091600000096, -1.940763729999958 ], [ 121.415363190000107, -1.940491019999968 ], [ 121.41555720000008, -1.940276729999937 ], [ 121.415886820000082, -1.940121049999959 ], [ 121.416235800000095, -1.939984889999948 ], [ 121.416487760000109, -1.939965629999961 ], [ 121.416662250000059, -1.939907309999967 ], [ 121.416836850000095, -1.939712489999977 ], [ 121.416992100000016, -1.939498159999971 ], [ 121.417147280000108, -1.939361829999939 ], [ 121.417418620000035, -1.939342589999967 ], [ 121.417748110000048, -1.939323399999978 ], [ 121.418038820000106, -1.939323669999965 ], [ 121.419014300000072, -1.939189319999969 ], [ 121.419266250000078, -1.939189559999932 ], [ 121.41971202000002, -1.939189979999981 ], [ 121.419963830000029, -1.93934620999994 ], [ 121.420138050000105, -1.939560839999956 ], [ 121.42050581, -1.940068139999937 ], [ 121.42071911000005, -1.939951349999944 ], [ 121.420874200000071, -1.939912499999934 ], [ 121.421029120000071, -1.940049129999977 ], [ 121.421145160000037, -1.940302719999977 ], [ 121.421222390000025, -1.940634239999952 ], [ 121.421415820000107, -1.941043879999938 ], [ 121.421368530000109, -1.941146699999933 ], [ 121.421299290000093, -1.941297249999934 ], [ 121.421008380000103, -1.941511439999942 ], [ 121.420736910000073, -1.941667179999968 ], [ 121.420446030000107, -1.941842389999977 ], [ 121.420775180000078, -1.942193649999979 ], [ 121.420833300000027, -1.942213219999928 ], [ 121.421046500000102, -1.942193909999958 ], [ 121.421337250000079, -1.942155189999937 ], [ 121.421589240000117, -1.942116429999942 ], [ 121.422406280000018, -1.94192228999998 ], [ 121.422561530000053, -1.941707949999966 ], [ 121.42267817000004, -1.941337609999948 ], [ 121.422786840000072, -1.941146699999933 ], [ 121.422833470000114, -1.941064779999977 ], [ 121.423066200000108, -1.940889509999977 ], [ 121.423298730000056, -1.940928739999947 ], [ 121.42343427000003, -1.941065349999974 ], [ 121.423409930000048, -1.941146699999933 ], [ 121.423375940000028, -1.94126026999993 ], [ 121.423298210000098, -1.941494169999942 ], [ 121.423394790000089, -1.941845219999948 ], [ 121.423336410000047, -1.942098639999926 ], [ 121.42314242000009, -1.942293439999958 ], [ 121.422967810000046, -1.94248824999994 ], [ 121.423083870000028, -1.942722339999932 ], [ 121.423258310000051, -1.942722499999945 ], [ 121.423490900000047, -1.94270322999995 ], [ 121.423684650000041, -1.942761899999937 ], [ 121.42392011000004, -1.943079609999927 ], [ 121.42415252, -1.943255299999976 ], [ 121.424365550000061, -1.94343097999996 ], [ 121.424559180000074, -1.943626149999943 ], [ 121.424907880000092, -1.943801949999965 ], [ 121.425256540000078, -1.943997249999939 ], [ 121.425392060000036, -1.944172869999932 ], [ 121.425585720000072, -1.944329039999957 ], [ 121.425992570000062, -1.944485399999962 ], [ 121.426224880000063, -1.944758589999935 ], [ 121.426282830000105, -1.944973109999978 ], [ 121.426379360000055, -1.94538265999995 ], [ 121.426398420000055, -1.945733649999966 ], [ 121.426611130000083, -1.946240799999941 ], [ 121.42672726, -1.946416389999968 ], [ 121.426649490000045, -1.94668927999993 ], [ 121.426591090000102, -1.946962199999973 ], [ 121.426416450000033, -1.947176519999971 ], [ 121.4263, -1.947371379999936 ], [ 121.426144730000033, -1.947605219999957 ], [ 121.426105790000065, -1.947800159999929 ], [ 121.42549796000003, -1.948707729999967 ], [ 121.425400780000018, -1.949000099999978 ], [ 121.425245530000097, -1.949214419999976 ], [ 121.425187150000056, -1.949467839999954 ], [ 121.424954400000047, -1.949662609999962 ], [ 121.424663580000015, -1.949779329999956 ], [ 121.424469660000113, -1.949896119999948 ], [ 121.42425628, -1.950090909999972 ], [ 121.424101030000088, -1.950305229999969 ], [ 121.423655120000035, -1.950480299999924 ], [ 121.423247890000084, -1.950713899999926 ], [ 121.422511230000055, -1.950908179999942 ], [ 121.4223365900001, -1.95114198999994 ], [ 121.42218132000005, -1.951375809999945 ], [ 121.421967970000082, -1.951551099999961 ], [ 121.42177396000011, -1.951765389999935 ], [ 121.421075780000024, -1.952252179999959 ], [ 121.420939880000105, -1.952505529999939 ], [ 121.421036570000069, -1.952739579999957 ], [ 121.420920100000103, -1.952934459999938 ], [ 121.420784210000079, -1.953168309999967 ], [ 121.420648310000047, -1.953421639999931 ], [ 121.420589820000032, -1.953792049999947 ], [ 121.420589580000069, -1.954045529999973 ], [ 121.420628090000037, -1.954318539999974 ], [ 121.420862310000075, -1.954989549999937 ], [ 121.420939650000037, -1.955204109999954 ], [ 121.420920040000055, -1.955438069999957 ], [ 121.420823040000073, -1.955535459999965 ], [ 121.420687290000046, -1.955632819999948 ], [ 121.420667720000097, -1.955827779999936 ], [ 121.420803110000065, -1.956120389999967 ], [ 121.420802780000031, -1.95647133999995 ], [ 121.42080245000011, -1.95682230999995 ], [ 121.420937970000068, -1.956997909999927 ], [ 121.42106788000001, -1.957116959999951 ], [ 121.421134343000062, -1.957177863999959 ], [ 121.421150970000099, -1.957193099999927 ], [ 121.421460820000107, -1.957466369999963 ], [ 121.421828810000079, -1.957720179999967 ], [ 121.421964390000085, -1.95781779999993 ], [ 121.422102192000011, -1.958130516999972 ], [ 121.42211911000004, -1.958168909999927 ], [ 121.422118910000108, -1.95838337999993 ], [ 121.422118780000119, -1.958519869999975 ], [ 121.42221552, -1.958695449999936 ], [ 121.422447867000074, -1.958929636999926 ], [ 121.42271922000009, -1.958929889999979 ], [ 121.422932450000076, -1.95887160999996 ], [ 121.423242470000105, -1.958969399999944 ], [ 121.423455611, -1.959122863999937 ], [ 121.423649200000114, -1.959262249999938 ], [ 121.423803910000061, -1.959613349999927 ], [ 121.423842430000036, -1.959886359999928 ], [ 121.423745420000046, -1.960003249999943 ], [ 121.423493310000026, -1.960159 ], [ 121.423473740000077, -1.960353969999971 ], [ 121.42356342000005, -1.960575989999938 ], [ 121.423686450000105, -1.960880609999947 ], [ 121.423879900000088, -1.961270739999975 ], [ 121.424228410000069, -1.96164153999996 ], [ 121.424402340000029, -1.962168149999968 ], [ 121.42487123, -1.963164419999941 ], [ 121.425026170000024, -1.963281559999928 ], [ 121.425103640000088, -1.963340119999941 ], [ 121.425278020000064, -1.963398789999928 ], [ 121.42551061000006, -1.963379509999925 ], [ 121.425730990000034, -1.963348039999971 ], [ 121.425781980000011, -1.963340759999937 ], [ 121.425898270000062, -1.963340869999968 ], [ 121.426033940000025, -1.963341 ], [ 121.426447510000116, -1.964094319999958 ], [ 121.426508820000095, -1.964310979999937 ], [ 121.426493070000106, -1.96471323999998 ], [ 121.426646790000063, -1.964790749999963 ], [ 121.426785280000104, -1.964713519999975 ], [ 121.426893040000095, -1.964589849999925 ], [ 121.427000770000063, -1.96451258999997 ], [ 121.42712395, -1.964342509999938 ], [ 121.427185610000038, -1.964203329999975 ], [ 121.42720109000004, -1.964095039999961 ], [ 121.427370280000105, -1.964064249999979 ], [ 121.427539400000114, -1.964126299999975 ], [ 121.427754530000016, -1.964312159999963 ], [ 121.42804668000008, -1.964374339999949 ], [ 121.428215910000063, -1.964312599999971 ], [ 121.428415990000076, -1.964142599999946 ], [ 121.428446870000016, -1.964018849999945 ], [ 121.428416180000113, -1.963941469999952 ], [ 121.428308600000037, -1.963864 ], [ 121.42830876000005, -1.963693809999938 ], [ 121.428431880000062, -1.963616569999942 ], [ 121.428724140000099, -1.963539499999968 ], [ 121.428924080000115, -1.963524209999946 ], [ 121.429216200000042, -1.963617309999961 ], [ 121.429431450000038, -1.963694869999927 ], [ 121.429615900000044, -1.963787889999935 ], [ 121.430234870000049, -1.964443409999944 ], [ 121.430357810000032, -1.96455181999994 ], [ 121.430419180000058, -1.964706599999943 ], [ 121.430496030000086, -1.964753089999931 ], [ 121.43069580000008, -1.964923469999974 ], [ 121.430849310000099, -1.965217569999936 ], [ 121.430895180000107, -1.965511579999941 ], [ 121.430894900000112, -1.965805559999978 ], [ 121.43089464000002, -1.966084039999942 ], [ 121.431002140000032, -1.96626981999998 ], [ 121.431155800000056, -1.96640919999993 ], [ 121.43143233, -1.96671890999994 ], [ 121.431770110000116, -1.967322619999948 ], [ 121.431892990000051, -1.967477459999941 ], [ 121.432062150000093, -1.96750856999995 ], [ 121.432261990000029, -1.967601589999958 ], [ 121.432753710000043, -1.968050739999967 ], [ 121.432830380000041, -1.968282879999947 ], [ 121.432830160000094, -1.968514959999936 ], [ 121.433106710000061, -1.968824669999947 ], [ 121.433230200000025, -1.969172199999946 ], [ 121.432845560000032, -1.969342039999958 ], [ 121.432707100000016, -1.969388329999958 ], [ 121.432568620000097, -1.969450079999945 ], [ 121.432553150000103, -1.969558369999959 ], [ 121.432706710000048, -1.969806069999947 ], [ 121.432767990000116, -1.970053679999978 ], [ 121.43278319, -1.970254829999931 ], [ 121.432844420000038, -1.970564309999929 ], [ 121.432736370000043, -1.970981949999953 ], [ 121.432720580000023, -1.971430619999978 ], [ 121.432751050000093, -1.971724619999975 ], [ 121.432796810000013, -1.972126939999953 ], [ 121.432842750000077, -1.972343579999972 ], [ 121.432996380000077, -1.972513919999926 ], [ 121.43319621, -1.972622409999929 ], [ 121.433411430000092, -1.972715449999953 ], [ 121.43370354000001, -1.97282402999997 ], [ 121.433826440000075, -1.972978869999963 ], [ 121.433995550000077, -1.973040909999952 ], [ 121.4342569800001, -1.973056619999966 ], [ 121.43453374, -1.97313424999993 ], [ 121.434733580000056, -1.973227269999938 ], [ 121.434979610000028, -1.973273929999948 ], [ 121.435025720000112, -1.97330489999996 ], [ 121.435117970000078, -1.97333593999997 ], [ 121.43520994000005, -1.973645469999951 ], [ 121.435194510000088, -1.973707339999976 ], [ 121.435105260000114, -1.973945039999933 ], [ 121.435028110000076, -1.97420797999996 ], [ 121.435135630000104, -1.974347339999952 ], [ 121.43516618000001, -1.974579439999957 ], [ 121.434873760000073, -1.974811249999959 ], [ 121.434765860000084, -1.975074159999963 ], [ 121.434811710000076, -1.975383649999969 ], [ 121.435011460000055, -1.975569499999949 ], [ 121.435257370000045, -1.975739919999967 ], [ 121.435441860000083, -1.975817459999973 ], [ 121.435626170000091, -1.976065179999978 ], [ 121.435764440000071, -1.97622003999993 ], [ 121.436394810000024, -1.976421769999945 ], [ 121.43660986000009, -1.976700459999961 ], [ 121.436686490000056, -1.97699450999994 ], [ 121.436886250000043, -1.977180359999977 ], [ 121.437147520000053, -1.977366269999948 ], [ 121.43747127000006, -1.97651561999993 ], [ 121.437701960000027, -1.976531299999976 ], [ 121.437408850000111, -1.977490299999943 ], [ 121.437516460000097, -1.977536809999947 ], [ 121.437700970000037, -1.977583399999958 ], [ 121.437946990000114, -1.977645509999945 ], [ 121.438100780000013, -1.977645659999951 ], [ 121.438285410000049, -1.977568469999937 ], [ 121.438597390000041, -1.977317779999964 ], [ 121.438612880000051, -1.977194019999956 ], [ 121.438659250000114, -1.976946509999948 ], [ 121.438690190000102, -1.976760869999964 ], [ 121.438767220000045, -1.976606239999967 ], [ 121.438875150000058, -1.97631236999996 ], [ 121.438921530000016, -1.976049379999949 ], [ 121.438937110000097, -1.975848259999964 ], [ 121.439014170000064, -1.975662679999971 ], [ 121.439414380000017, -1.975291729999981 ], [ 121.439506750000078, -1.975198989999967 ], [ 121.439629860000082, -1.975106259999961 ], [ 121.439814520000027, -1.974998139999968 ], [ 121.440029970000069, -1.974843619999945 ], [ 121.440260720000083, -1.974781959999973 ], [ 121.44052217, -1.974782209999944 ], [ 121.440799010000092, -1.97478246999998 ], [ 121.441014390000078, -1.974705309999933 ], [ 121.441183580000029, -1.974689989999945 ], [ 121.441368120000107, -1.974690159999966 ], [ 121.441783380000061, -1.974690549999934 ], [ 121.44192175, -1.974721629999976 ], [ 121.442075590000059, -1.974675359999935 ], [ 121.442404270000111, -1.974364169999944 ], [ 121.442527320000067, -1.974348799999973 ], [ 121.442619550000018, -1.974395299999969 ], [ 121.442757860000029, -1.974519209999926 ], [ 121.442803850000018, -1.974673969999969 ], [ 121.44301909, -1.974751539999943 ], [ 121.443203640000092, -1.974751709999964 ], [ 121.443326700000057, -1.97472087999995 ], [ 121.443495950000056, -1.974643679999929 ], [ 121.443634300000099, -1.974721169999953 ], [ 121.443649620000087, -1.974783079999952 ], [ 121.443680140000083, -1.975030659999959 ], [ 121.443618460000039, -1.975200789999974 ], [ 121.443184680000059, -1.975688189999971 ], [ 121.44310766000001, -1.975811889999932 ], [ 121.442922980000048, -1.975935489999927 ], [ 121.442907480000031, -1.976074729999937 ], [ 121.442891900000063, -1.976291319999973 ], [ 121.442876260000048, -1.97658526999993 ], [ 121.44292221, -1.976770989999977 ], [ 121.443091250000066, -1.976925859999938 ], [ 121.443121810000093, -1.977127019999955 ], [ 121.442998690000081, -1.977219729999945 ], [ 121.442783270000064, -1.977343309999981 ], [ 121.442690920000018, -1.977420579999944 ], [ 121.442536920000066, -1.977637049999942 ], [ 121.442398100000105, -1.978070129999935 ], [ 121.442028250000021, -1.97887432999994 ], [ 121.442043520000084, -1.97898263999997 ], [ 121.442150960000049, -1.979214829999933 ], [ 121.442135370000074, -1.979446879999955 ], [ 121.44184306000011, -1.979554919999941 ], [ 121.441658400000051, -1.979663049999942 ], [ 121.441381480000018, -1.979771079999978 ], [ 121.441104550000091, -1.97986364999997 ], [ 121.441058280000107, -1.980002859999956 ], [ 121.441058150000117, -1.980142109999974 ], [ 121.441088760000071, -1.980312319999939 ], [ 121.440811250000024, -1.980782679999948 ], [ 121.440703400000075, -1.980999189999977 ], [ 121.440518700000098, -1.98115372999996 ], [ 121.440395540000054, -1.981292869999947 ], [ 121.440287640000065, -1.981555779999951 ], [ 121.440302790000032, -1.981787879999956 ], [ 121.440410120000024, -1.982143829999927 ], [ 121.440486800000031, -1.98237598999998 ], [ 121.440839410000081, -1.983567669999957 ], [ 121.440916010000024, -1.983877169999971 ], [ 121.441023570000084, -1.984001049999961 ], [ 121.441284910000036, -1.984109599999954 ], [ 121.441623120000031, -1.984264649999943 ], [ 121.441853600000059, -1.984481469999935 ], [ 121.442007070000045, -1.984822 ], [ 121.442083850000017, -1.98496130999996 ], [ 121.442315740000026, -1.98558670999995 ], [ 121.442376990000071, -1.985865249999961 ], [ 121.44242277, -1.986252099999945 ], [ 121.442514940000024, -1.986375959999975 ], [ 121.442668570000023, -1.986546299999929 ], [ 121.442822200000023, -1.986716639999941 ], [ 121.443805120000093, -1.988187409999966 ], [ 121.44418931000007, -1.988497209999935 ], [ 121.444419830000015, -1.988683099999946 ], [ 121.444496660000027, -1.988745049999977 ], [ 121.444865640000103, -1.988900129999934 ], [ 121.44527013000004, -1.988994179999963 ], [ 121.445331500000066, -1.989148959999966 ], [ 121.445469850000109, -1.989226459999941 ], [ 121.445669710000061, -1.989303989999939 ], [ 121.445992580000052, -1.989412609999931 ], [ 121.446269380000103, -1.989443819999963 ], [ 121.446669220000103, -1.989475139999968 ], [ 121.44696139000007, -1.989521839999952 ], [ 121.447146010000097, -1.989460119999933 ], [ 121.447207620000086, -1.989351879999958 ], [ 121.447253910000086, -1.989197199999978 ], [ 121.447346200000084, -1.989181799999926 ], [ 121.447469240000032, -1.989166449999971 ], [ 121.447716130000117, -1.989557419999926 ], [ 121.447808230000078, -1.989758649999942 ], [ 121.447931040000071, -1.98999084999997 ], [ 121.448069230000101, -1.990238529999942 ], [ 121.448222890000011, -1.990377919999958 ], [ 121.448468890000072, -1.990455519999955 ], [ 121.448791860000028, -1.990455819999966 ], [ 121.449007200000096, -1.990440559999968 ], [ 121.44917634, -1.990471649999961 ], [ 121.449699110000097, -1.990626869999971 ], [ 121.449791250000089, -1.990750729999945 ], [ 121.449837250000087, -1.99090549999994 ], [ 121.449714090000043, -1.991044629999976 ], [ 121.44952937000005, -1.991214639999953 ], [ 121.449390810000068, -1.991369239999926 ], [ 121.449206080000067, -1.991570199999956 ], [ 121.448975220000079, -1.991740169999957 ], [ 121.448898120000081, -1.991956709999954 ], [ 121.44885161000002, -1.992358939999974 ], [ 121.448866720000069, -1.992637449999961 ], [ 121.448866400000043, -1.992977829999973 ], [ 121.44886607, -1.993333689999929 ], [ 121.449050400000033, -1.993581409999933 ], [ 121.449034830000073, -1.993767059999925 ], [ 121.448880910000071, -1.993906159999938 ], [ 121.448850120000088, -1.99395254999996 ], [ 121.448788320000062, -1.994230989999949 ], [ 121.448865010000077, -1.994463149999945 ], [ 121.448941700000091, -1.994679819999931 ], [ 121.449095310000075, -1.99489656999998 ], [ 121.449187410000036, -1.995066849999944 ], [ 121.44941778000009, -1.995422929999961 ], [ 121.449540590000083, -1.995655129999932 ], [ 121.449678880000079, -1.995794509999939 ], [ 121.450313470000083, -1.996495679999953 ], [ 121.450528580000082, -1.996712489999936 ], [ 121.450697560000094, -1.996929249999937 ], [ 121.450774290000027, -1.997099519999949 ], [ 121.450958770000057, -1.997192519999942 ], [ 121.451143250000086, -1.997254589999955 ], [ 121.451266310000051, -1.997239219999926 ], [ 121.451420130000088, -1.997223899999938 ], [ 121.451527750000082, -1.997254949999956 ], [ 121.451650640000025, -1.997425259999943 ], [ 121.451742720000084, -1.997641949999945 ], [ 121.451834910000116, -1.997719399999937 ], [ 121.452019350000114, -1.997843349999926 ], [ 121.452173100000095, -1.997889909999969 ], [ 121.45231160000003, -1.997812679999925 ], [ 121.452388620000079, -1.99767350999997 ], [ 121.452514300000075, -1.997661199999925 ], [ 121.452591090000055, -1.997769569999946 ], [ 121.452637010000103, -1.998001699999975 ], [ 121.45265221000011, -1.998187369999926 ], [ 121.452667330000054, -1.998481349999963 ], [ 121.452650820000031, -1.998605 ], [ 121.452451200000041, -1.999332119999963 ], [ 121.452497070000049, -1.999626129999967 ], [ 121.452512330000104, -1.999765389999936 ], [ 121.452712100000099, -1.99993577999993 ], [ 121.452958030000104, -2.000090719999946 ], [ 121.453619270000104, -2.00018418999997 ], [ 121.453880870000035, -2.00002971999993 ], [ 121.454034740000111, -1.999952499999949 ], [ 121.454157800000075, -1.999937149999937 ], [ 121.45437301000004, -2.000045649999947 ], [ 121.454511230000094, -2.000262389999932 ], [ 121.454557220000083, -2.000417149999976 ], [ 121.454664720000096, -2.000587449999955 ], [ 121.454833790000066, -2.000695919999941 ], [ 121.455125900000098, -2.000804499999958 ], [ 121.455433490000019, -2.000804789999961 ], [ 121.455694960000073, -2.00078955999993 ], [ 121.455894910000097, -2.000774279999973 ], [ 121.456048770000052, -2.00072801999994 ], [ 121.456248770000116, -2.000650839999935 ], [ 121.45643336, -2.000604599999974 ], [ 121.456617940000115, -2.000589299999945 ], [ 121.456802530000118, -2.000558539999929 ], [ 121.456879480000111, -2.000496709999936 ], [ 121.456879610000101, -2.000357469999926 ], [ 121.456956630000036, -2.000233769999966 ], [ 121.457156600000076, -2.00020300999995 ], [ 121.457418050000115, -2.000203259999978 ], [ 121.458193390000019, -2.000235649999979 ], [ 121.458301090000077, -2.000204799999949 ], [ 121.45839344, -2.000112059999935 ], [ 121.458485750000023, -2.000081199999954 ], [ 121.45865498, -2.000034949999929 ], [ 121.458931810000081, -2.000035209999965 ], [ 121.459254720000104, -2.000112879999961 ], [ 121.4595314500001, -2.000221429999954 ], [ 121.459685090000107, -2.000391779999973 ], [ 121.45977726000001, -2.000500159999945 ], [ 121.460100090000083, -2.000670659999969 ], [ 121.460275420000016, -2.000753869999926 ], [ 121.460361430000034, -2.000794689999964 ], [ 121.460638240000094, -2.000810429999945 ], [ 121.460730560000115, -2.000764099999969 ], [ 121.460807500000101, -2.000733219999972 ], [ 121.461130450000041, -2.000749 ], [ 121.461253440000064, -2.00081100999995 ], [ 121.46145333000004, -2.000857609999969 ], [ 121.461699400000043, -2.000873309999974 ], [ 121.461914640000032, -2.000950879999948 ], [ 121.461960760000011, -2.000966389999974 ], [ 121.462176090000071, -2.000951119999968 ], [ 121.462627150000117, -2.000936079999974 ], [ 121.46285781000006, -2.00098270999996 ], [ 121.462980790000074, -2.001044709999974 ], [ 121.463088370000037, -2.001122169999974 ], [ 121.463180560000069, -2.00121508999996 ], [ 121.463288290000037, -2.001137839999956 ], [ 121.463334590000045, -2.000967679999974 ], [ 121.463565340000059, -2.000921479999931 ], [ 121.463780660000111, -2.000906219999933 ], [ 121.463980660000061, -2.000844509999979 ], [ 121.46404232000009, -2.000689859999966 ], [ 121.464073370000051, -2.000380439999958 ], [ 121.464058260000115, -2.000101919999963 ], [ 121.464012230000094, -1.999978099999964 ], [ 121.463981610000019, -1.999823359999937 ], [ 121.46396639000011, -1.99965315999998 ], [ 121.463935730000117, -1.999544819999926 ], [ 121.463889740000013, -1.999374579999937 ], [ 121.463920580000035, -1.999297249999927 ], [ 121.46399937000001, -1.999297349999949 ], [ 121.464106990000118, -1.999343869999961 ], [ 121.46418381, -1.999421299999938 ], [ 121.46430677, -1.999514259999955 ], [ 121.464475920000041, -1.999545359999956 ], [ 121.464629740000078, -1.999514569999974 ], [ 121.464783550000107, -1.999499229999969 ], [ 121.464968030000023, -1.999592229999962 ], [ 121.465013940000063, -1.999839829999928 ], [ 121.46496728000011, -2.000396789999968 ], [ 121.464967170000023, -2.000520569999935 ], [ 121.465120890000094, -2.000598079999975 ], [ 121.465290020000111, -2.00064464999997 ], [ 121.465489960000014, -2.00064483999995 ], [ 121.465689880000014, -2.000660489999973 ], [ 121.465797320000092, -2.000892679999936 ], [ 121.465874040000017, -2.001093889999936 ], [ 121.46599685000001, -2.001326079999956 ], [ 121.466196630000013, -2.001496459999942 ], [ 121.466288830000053, -2.001589389999936 ], [ 121.466519450000078, -2.001682439999968 ], [ 121.466642450000109, -2.001713499999937 ], [ 121.466796120000026, -2.001852889999952 ], [ 121.466949640000053, -2.002162489999932 ], [ 121.467026360000091, -2.002348219999931 ], [ 121.467210650000084, -2.002642359999925 ], [ 121.467333540000027, -2.002797199999975 ], [ 121.467471900000078, -2.00285920999994 ], [ 121.467594930000018, -2.00287480999998 ], [ 121.467810120000081, -2.003014259999929 ], [ 121.46821293000005, -2.00413889999993 ], [ 121.46832049000011, -2.004262779999976 ], [ 121.468504900000084, -2.004402209999967 ], [ 121.468612390000089, -2.004587969999932 ], [ 121.468904190000103, -2.005036939999968 ], [ 121.468996110000035, -2.005423819999976 ], [ 121.469088180000085, -2.005656 ], [ 121.469180070000107, -2.006073829999934 ], [ 121.469225810000012, -2.006507099999965 ], [ 121.46937915, -2.007002349999937 ], [ 121.469778480000059, -2.007590669999956 ], [ 121.470008890000031, -2.007900319999976 ], [ 121.470408150000026, -2.008566 ], [ 121.470423040000014, -2.009092069999951 ], [ 121.471059750000109, -2.010520249999956 ], [ 121.471178800000075, -2.010787279999931 ], [ 121.47124, -2.011127719999934 ], [ 121.471378290000075, -2.011267099999941 ], [ 121.471624170000041, -2.011468469999954 ], [ 121.471900540000092, -2.011979319999966 ], [ 121.471900040000037, -2.01252084999993 ], [ 121.471899670000084, -2.012907649999931 ], [ 121.471945660000074, -2.013077879999969 ], [ 121.472160670000108, -2.013403 ], [ 121.472713880000015, -2.013898639999979 ], [ 121.472867430000065, -2.014177279999956 ], [ 121.47296882, -2.014404929999955 ], [ 121.473417070000096, -2.015063889999965 ], [ 121.47425816000009, -2.015647939999951 ], [ 121.474987020000071, -2.016250699999944 ], [ 121.476096480000024, -2.016799659999947 ], [ 121.476358230000073, -2.016875159999927 ], [ 121.476582610000037, -2.01695062999994 ], [ 121.477274420000072, -2.017158249999966 ], [ 121.477704410000115, -2.017346799999927 ], [ 121.477928750000046, -2.017459899999949 ], [ 121.478246580000018, -2.017573089999928 ], [ 121.478433570000107, -2.017610889999958 ], [ 121.478751530000068, -2.017611189999968 ], [ 121.479237800000078, -2.017611649999935 ], [ 121.479686660000084, -2.017630889999964 ], [ 121.480116840000051, -2.01763128999994 ], [ 121.480752750000079, -2.017613079999933 ], [ 121.481108110000037, -2.017613409999967 ], [ 121.481463450000092, -2.017613739999945 ], [ 121.48170669000001, -2.017519899999968 ], [ 121.48201202000007, -2.017369679999945 ], [ 121.482274, -2.017219409999939 ], [ 121.48255491000009, -2.016824559999975 ], [ 121.482779740000069, -2.016410829999927 ], [ 121.482967160000044, -2.01597825999994 ], [ 121.48313574000008, -2.015696189999971 ], [ 121.483304160000102, -2.015602279999939 ], [ 121.483696990000112, -2.015527389999932 ], [ 121.484258080000018, -2.015527909999946 ], [ 121.484781760000033, -2.015528399999937 ], [ 121.485155830000053, -2.01552874999993 ], [ 121.485623320000059, -2.015604449999955 ], [ 121.485978560000035, -2.015736489999938 ], [ 121.486464660000024, -2.015925089999939 ], [ 121.487025320000043, -2.016395989999978 ], [ 121.487230780000118, -2.016697219999969 ], [ 121.487417510000114, -2.017017259999932 ], [ 121.487473320000049, -2.017337159999954 ], [ 121.487342170000034, -2.017600449999975 ], [ 121.487005410000052, -2.017713029999925 ], [ 121.486986420000108, -2.018014049999977 ], [ 121.487004770000112, -2.018409189999943 ], [ 121.487286020000056, -2.01905856999997 ], [ 121.487566470000047, -2.019152909999946 ], [ 121.487865740000075, -2.019134369999961 ], [ 121.488164950000055, -2.019172279999964 ], [ 121.488314400000036, -2.019360569999947 ], [ 121.48833280000008, -2.019680439999945 ], [ 121.488538340000105, -2.019887609999955 ], [ 121.488725250000016, -2.020038309999961 ], [ 121.488893340000118, -2.02028305999994 ], [ 121.488780790000078, -2.020640439999966 ], [ 121.488630970000031, -2.020847259999925 ], [ 121.488462500000082, -2.021016439999926 ], [ 121.488275280000039, -2.021223219999968 ], [ 121.487826250000012, -2.02139214999994 ], [ 121.48748946, -2.021523539999976 ], [ 121.487339690000113, -2.021673919999955 ], [ 121.487040110000066, -2.022031119999951 ], [ 121.486740440000062, -2.022482399999944 ], [ 121.486496960000068, -2.022858489999976 ], [ 121.486159990000033, -2.023196839999969 ], [ 121.485935340000083, -2.023441219999938 ], [ 121.485635830000092, -2.023723159999975 ], [ 121.486404640000046, -2.025128089999953 ], [ 121.486676063000118, -2.025624078999954 ], [ 121.4868308, -2.025906839999948 ], [ 121.486961840000049, -2.025775259999932 ], [ 121.487036820000071, -2.025587169999937 ], [ 121.487055720000058, -2.025380219999931 ], [ 121.487224330000117, -2.025079339999934 ], [ 121.48802916000011, -2.024421579999967 ], [ 121.488347140000087, -2.024403059999941 ], [ 121.488721220000116, -2.024384589999954 ], [ 121.488983270000062, -2.02415904999998 ], [ 121.48917047000009, -2.023971069999959 ], [ 121.489451270000018, -2.023707929999944 ], [ 121.489638610000043, -2.023369429999946 ], [ 121.48973237000007, -2.023106109999958 ], [ 121.490580600000044, -2.022034529999928 ], [ 121.490749190000088, -2.021733649999931 ], [ 121.490936510000097, -2.021432779999941 ], [ 121.491142490000016, -2.021150739999939 ], [ 121.49134842, -2.020943969999962 ], [ 121.491535810000073, -2.020567839999956 ], [ 121.491760590000013, -2.020191749999981 ], [ 121.492171910000025, -2.020361469999955 ], [ 121.492265140000086, -2.02066259999998 ], [ 121.492283420000035, -2.021114169999976 ], [ 121.492245560000015, -2.021603339999956 ], [ 121.492263860000094, -2.02205491999996 ], [ 121.492449320000105, -2.023748449999971 ], [ 121.492561440000031, -2.02386144999997 ], [ 121.492785780000077, -2.023955729999955 ], [ 121.493047630000092, -2.023955969999975 ], [ 121.493253380000056, -2.023937349999926 ], [ 121.49349652, -2.023937579999938 ], [ 121.493870560000119, -2.02395673999996 ], [ 121.494244510000044, -2.024088799999959 ], [ 121.494487560000039, -2.024183099999959 ], [ 121.49478661, -2.024409169999956 ], [ 121.494954680000092, -2.024691559999951 ], [ 121.495572030000062, -2.026018099999931 ], [ 121.495777620000013, -2.026168809999945 ], [ 121.496020700000031, -2.026244299999973 ], [ 121.496712710000111, -2.02624493999997 ], [ 121.497011980000025, -2.026226409999936 ], [ 121.497423470000058, -2.026207979999924 ], [ 121.497591840000041, -2.026170499999978 ], [ 121.497816360000115, -2.026076639999928 ], [ 121.498003460000064, -2.026001549999933 ], [ 121.498302740000099, -2.025964199999976 ], [ 121.498508310000034, -2.026152539999941 ], [ 121.498788680000075, -2.026359769999942 ], [ 121.499218460000066, -2.026774099999955 ], [ 121.499405250000109, -2.027037699999937 ], [ 121.499442370000111, -2.027338769999972 ], [ 121.49940464000008, -2.027696229999947 ], [ 121.499385600000096, -2.028072509999959 ], [ 121.499553680000076, -2.028336079999974 ], [ 121.499703170000089, -2.028486749999956 ], [ 121.499833870000089, -2.028731469999968 ], [ 121.500058060000015, -2.028995089999967 ], [ 121.500263750000045, -2.029051719999927 ], [ 121.500544280000099, -2.029070799999943 ], [ 121.500675120000096, -2.029165 ], [ 121.50093680000009, -2.029334579999954 ], [ 121.501254170000038, -2.029974599999946 ], [ 121.501403420000088, -2.030388669999979 ], [ 121.501328530000023, -2.030463859999941 ], [ 121.501085300000113, -2.030557709999925 ], [ 121.500486550000119, -2.030820559999938 ], [ 121.500262150000026, -2.030782719999934 ], [ 121.500150100000042, -2.030594459999975 ], [ 121.500000650000061, -2.030406169999935 ], [ 121.499832330000118, -2.03040601999993 ], [ 121.499607950000041, -2.030330549999974 ], [ 121.499327640000047, -2.030085689999964 ], [ 121.499159420000069, -2.029953829999954 ], [ 121.498878900000022, -2.029934749999939 ], [ 121.498635690000015, -2.030009779999943 ], [ 121.498336380000069, -2.030065949999937 ], [ 121.497943600000099, -2.030084399999964 ], [ 121.497476150000011, -2.029933439999979 ], [ 121.497307990000081, -2.029745119999973 ], [ 121.49708376000001, -2.029519129999926 ], [ 121.496784670000011, -2.029349509999975 ], [ 121.496504300000083, -2.029161099999953 ], [ 121.496205050000071, -2.029160819999959 ], [ 121.495793690000028, -2.029028729999936 ], [ 121.495588180000027, -2.028783939999926 ], [ 121.495363930000053, -2.028576769999972 ], [ 121.495139620000032, -2.028444859999979 ], [ 121.494915260000084, -2.028369389999966 ], [ 121.494653390000053, -2.028387959999975 ], [ 121.494110810000052, -2.028594409999926 ], [ 121.494110600000113, -2.028820189999976 ], [ 121.49401682000007, -2.029102329999944 ], [ 121.493810980000035, -2.029215029999932 ], [ 121.493492950000018, -2.029289989999938 ], [ 121.493156260000092, -2.029327299999977 ], [ 121.493100050000066, -2.029440139999963 ], [ 121.49306243, -2.029665879999925 ], [ 121.49306217000003, -2.029948119999972 ], [ 121.492930790000059, -2.03043718999993 ], [ 121.492687470000078, -2.03062510999996 ], [ 121.492500370000016, -2.030700189999948 ], [ 121.492294650000076, -2.030681189999939 ], [ 121.491920670000013, -2.030605579999929 ], [ 121.491509030000088, -2.030774519999966 ], [ 121.491508880000083, -2.030943859999979 ], [ 121.491751900000054, -2.031075789999932 ], [ 121.491714140000113, -2.031452069999943 ], [ 121.491488180000033, -2.03202357999993 ], [ 121.491450500000042, -2.032324579999965 ], [ 121.491394140000011, -2.032587939999928 ], [ 121.491318990000082, -2.032945369999936 ], [ 121.491225070000041, -2.03337801999993 ], [ 121.491168610000045, -2.033754269999974 ], [ 121.491093230000047, -2.034375109999928 ], [ 121.491130260000091, -2.034770249999951 ], [ 121.491242090000014, -2.035203099999933 ], [ 121.49191251000002, -2.038308229999927 ], [ 121.49202442, -2.038647019999928 ], [ 121.492155, -2.039023439999937 ], [ 121.492887250000081, -2.040558559999965 ], [ 121.492980500000044, -2.040840879999962 ], [ 121.493017640000062, -2.041123139999968 ], [ 121.493129530000033, -2.041480729999932 ], [ 121.493278710000027, -2.041970059999926 ], [ 121.493502840000019, -2.042308959999957 ], [ 121.493745770000032, -2.042534969999963 ], [ 121.493782950000082, -2.042779589999952 ], [ 121.493932500000028, -2.042854989999967 ], [ 121.494287710000094, -2.043024669999966 ], [ 121.49438061, -2.043683279999925 ], [ 121.494530080000118, -2.043852769999944 ], [ 121.494660900000099, -2.043965779999951 ], [ 121.494922550000069, -2.044172989999936 ], [ 121.495034550000014, -2.044417689999932 ], [ 121.495314920000055, -2.044606099999953 ], [ 121.495483100000115, -2.04477559999998 ], [ 121.49578211000005, -2.045039289999977 ], [ 121.495968890000086, -2.045302889999959 ], [ 121.496324120000054, -2.045453749999979 ], [ 121.496585730000106, -2.045698589999972 ], [ 121.49707831, -2.046116939999933 ], [ 121.497302570000102, -2.046305299999972 ], [ 121.497564330000046, -2.046399619999931 ], [ 121.498013130000118, -2.046494119999977 ], [ 121.498256170000104, -2.046607239999958 ], [ 121.498760950000019, -2.046833489999926 ], [ 121.499228260000109, -2.047134989999961 ], [ 121.500181530000077, -2.047794409999938 ], [ 121.500596494000092, -2.047950183999944 ], [ 121.500985490000062, -2.048096209999926 ], [ 121.501452940000036, -2.048247169999968 ], [ 121.502742980000107, -2.048794029999954 ], [ 121.503023560000088, -2.048756659999981 ], [ 121.503098450000039, -2.048681469999963 ], [ 121.503267020000067, -2.048418219999974 ], [ 121.503379350000046, -2.048305419999963 ], [ 121.503622490000112, -2.048305649999975 ], [ 121.503828130000102, -2.048418749999939 ], [ 121.504146130000095, -2.048381399999926 ], [ 121.504202280000072, -2.048343829999965 ], [ 121.504408040000044, -2.048306389999937 ], [ 121.504953930000056, -2.048042729999963 ], [ 121.505309300000022, -2.048043069999949 ], [ 121.505646020000086, -2.04798693999993 ], [ 121.505777, -2.047911799999952 ], [ 121.506151070000101, -2.047930969999925 ], [ 121.50656253000011, -2.047950169999979 ], [ 121.506936520000068, -2.048025779999932 ], [ 121.507254160000116, -2.048383559999934 ], [ 121.507686400000011, -2.049144719999958 ], [ 121.507966720000013, -2.04940838999994 ], [ 121.508602110000083, -2.049973459999933 ], [ 121.508807610000076, -2.050237059999972 ], [ 121.508676400000013, -2.050537979999945 ], [ 121.508432840000069, -2.050989309999977 ], [ 121.508245330000022, -2.05149715999994 ], [ 121.507870970000113, -2.051797849999957 ], [ 121.507515600000033, -2.051816329999951 ], [ 121.506692630000089, -2.051815559999966 ], [ 121.506710380000072, -2.052035219999937 ], [ 121.50680358000011, -2.053189179999947 ], [ 121.507925790000058, -2.053190229999927 ], [ 121.509785380000039, -2.053196079999964 ], [ 121.51006593000011, -2.053215159999979 ], [ 121.510458700000072, -2.053215529999932 ], [ 121.510776590000091, -2.053291079999951 ], [ 121.511057030000075, -2.053423049999935 ], [ 121.511474830000111, -2.054340759999945 ], [ 121.512589680000019, -2.054553409999926 ], [ 121.513113360000034, -2.054572709999945 ], [ 121.513412670000093, -2.05451654999996 ], [ 121.51361836, -2.054573189999928 ], [ 121.513767870000038, -2.05470502999998 ], [ 121.51384250000001, -2.054912069999943 ], [ 121.513804820000018, -2.055194259999951 ], [ 121.513748410000062, -2.055514069999958 ], [ 121.513710840000044, -2.055702179999969 ], [ 121.513560870000106, -2.056059539999978 ], [ 121.513541890000056, -2.056379379999953 ], [ 121.513541730000043, -2.056548719999967 ], [ 121.513466680000079, -2.056793249999942 ], [ 121.513335650000045, -2.056906009999977 ], [ 121.513054970000098, -2.057037459999947 ], [ 121.512736890000042, -2.057168859999933 ], [ 121.512138250000021, -2.057300009999949 ], [ 121.510997190000012, -2.05744945999993 ], [ 121.511047335000058, -2.057741183999951 ], [ 121.511071590000029, -2.057882289999952 ], [ 121.512287430000015, -2.057789359999958 ], [ 121.513185400000111, -2.057583229999977 ], [ 121.513428670000053, -2.057451739999976 ], [ 121.513578160000066, -2.057602409999959 ], [ 121.513577980000036, -2.057790569999952 ], [ 121.513615160000086, -2.058035199999949 ], [ 121.513558870000111, -2.058223299999952 ], [ 121.513633540000114, -2.058392699999956 ], [ 121.513745660000041, -2.058486879999975 ], [ 121.513895190000085, -2.058599909999941 ], [ 121.514138090000074, -2.058863549999955 ], [ 121.514362350000056, -2.059070749999933 ], [ 121.514680160000012, -2.059240379999949 ], [ 121.514792320000083, -2.05929692999996 ], [ 121.515036130000112, -2.058582169999966 ], [ 121.514867910000021, -2.058469119999927 ], [ 121.514662310000062, -2.05831840999997 ], [ 121.514494090000085, -2.058186539999951 ], [ 121.514195070000028, -2.057922849999954 ], [ 121.513989590000051, -2.057659249999972 ], [ 121.51393379000001, -2.057320509999954 ], [ 121.514102600000115, -2.056793839999955 ], [ 121.514289930000018, -2.056474159999937 ], [ 121.514851810000096, -2.055646799999977 ], [ 121.515001550000079, -2.055534049999949 ], [ 121.515170160000025, -2.055233169999951 ], [ 121.515451060000032, -2.054857129999959 ], [ 121.515656980000017, -2.054669169999954 ], [ 121.516299870000012, -2.053742169999964 ], [ 121.516374970000015, -2.053422379999972 ], [ 121.516487550000079, -2.053046179999967 ], [ 121.516618690000087, -2.052801689999967 ], [ 121.516843340000037, -2.052594939999949 ], [ 121.517086550000045, -2.052519899999936 ], [ 121.517647670000088, -2.052520429999959 ], [ 121.518133960000114, -2.052520879999975 ], [ 121.518414510000071, -2.052521139999953 ], [ 121.518788500000028, -2.052615569999944 ], [ 121.51910634, -2.052747569999951 ], [ 121.519330650000029, -2.052898299999924 ], [ 121.519779370000037, -2.053086879999967 ], [ 121.520265470000027, -2.053294299999948 ], [ 121.520414960000039, -2.053444959999979 ], [ 121.520620290000011, -2.053896719999955 ], [ 121.520732290000069, -2.054141419999951 ], [ 121.520807110000078, -2.054122679999978 ], [ 121.520938210000054, -2.053934649999974 ], [ 121.521144160000063, -2.05370905999996 ], [ 121.521148590000053, -2.053708649999976 ], [ 121.521349920000034, -2.053690429999961 ], [ 121.521518220000075, -2.053728219999925 ], [ 121.521649010000033, -2.053878859999941 ], [ 121.521779890000062, -2.053916609999931 ], [ 121.52187355, -2.05378498999994 ], [ 121.521967440000026, -2.053371149999975 ], [ 121.521911480000085, -2.053201759999979 ], [ 121.521836750000034, -2.053107609999927 ], [ 121.521574980000082, -2.053032109999947 ], [ 121.52116358, -2.052937639999925 ], [ 121.520808330000023, -2.052805599999942 ], [ 121.520565280000028, -2.052692479999962 ], [ 121.520359800000051, -2.052410059999943 ], [ 121.520472300000051, -2.052109119999955 ], [ 121.520603450000067, -2.05186464999997 ], [ 121.520828190000088, -2.051545 ], [ 121.521034150000105, -2.051300579999975 ], [ 121.521408260000044, -2.05126329999996 ], [ 121.52178235000008, -2.051244829999973 ], [ 121.522499910000079, -2.050885469999969 ], [ 121.522761820000028, -2.050829269999952 ], [ 121.52311735, -2.050660259999972 ], [ 121.523510330000022, -2.050434849999931 ], [ 121.52379097000005, -2.05034102999997 ], [ 121.524183850000099, -2.050228499999946 ], [ 121.524445810000088, -2.050115849999941 ], [ 121.524876070000118, -2.050022179999928 ], [ 121.525306300000011, -2.049984949999953 ], [ 121.525948460000109, -2.049719869999933 ], [ 121.526304, -2.049532049999925 ], [ 121.526453750000087, -2.049400479999974 ], [ 121.526528770000027, -2.049193569999943 ], [ 121.526940560000071, -2.048855279999941 ], [ 121.527258380000035, -2.049006089999978 ], [ 121.527445380000017, -2.049043899999958 ], [ 121.527651220000052, -2.04893119999997 ], [ 121.527950670000109, -2.048724509999943 ], [ 121.52810059, -2.048404779999942 ], [ 121.528119780000111, -2.047877979999953 ], [ 121.528176290000033, -2.047445259999961 ], [ 121.52819541000008, -2.046974899999952 ], [ 121.528308070000094, -2.046504619999951 ], [ 121.528592950000075, -2.04601428999996 ], [ 121.528836150000075, -2.045958069999926 ], [ 121.529116720000047, -2.045939519999934 ], [ 121.529210400000011, -2.045751449999955 ], [ 121.529266790000065, -2.045450459999927 ], [ 121.529528650000088, -2.045450699999947 ], [ 121.529659480000078, -2.045544899999925 ], [ 121.529715390000092, -2.045770729999958 ], [ 121.52971505000005, -2.046147039999937 ], [ 121.529770870000107, -2.046466949999967 ], [ 121.529901510000059, -2.046768129999975 ], [ 121.530125710000107, -2.047050559999946 ], [ 121.530387240000096, -2.047408289999964 ], [ 121.530574020000017, -2.047690699999976 ], [ 121.530704680000099, -2.047973049999939 ], [ 121.530927590000033, -2.049666649999949 ], [ 121.530926990000012, -2.050325189999967 ], [ 121.530851530000064, -2.051021279999929 ], [ 121.530851220000045, -2.051359969999965 ], [ 121.530999420000057, -2.05293458999995 ], [ 121.53101773000003, -2.053367359999925 ], [ 121.531017320000046, -2.053818929999977 ], [ 121.531110580000018, -2.054101259999925 ], [ 121.531296910000037, -2.054872859999932 ], [ 121.53161319000003, -2.056717059999926 ], [ 121.531612660000064, -2.057300349999934 ], [ 121.531555860000026, -2.058052909999958 ], [ 121.531497850000051, -2.060122569999976 ], [ 121.531497090000016, -2.060950439999942 ], [ 121.53151528, -2.06151492999993 ], [ 121.531474340000045, -2.062919429999965 ], [ 121.531455350000101, -2.06323926999994 ], [ 121.531417640000086, -2.063559109999971 ], [ 121.531305100000054, -2.06391648999994 ], [ 121.531173850000073, -2.064255049999929 ], [ 121.531061230000091, -2.064706509999951 ], [ 121.530929860000015, -2.065176779999945 ], [ 121.53063033, -2.065458729999932 ], [ 121.530181200000015, -2.06572172999995 ], [ 121.529788120000035, -2.066041219999931 ], [ 121.529581980000103, -2.066473799999926 ], [ 121.529472450000071, -2.066739379999945 ], [ 121.529357040000036, -2.067019229999971 ], [ 121.529206900000077, -2.067564729999958 ], [ 121.529374830000052, -2.067997659999946 ], [ 121.529598970000052, -2.068336539999962 ], [ 121.529767140000104, -2.06852484999996 ], [ 121.530477590000032, -2.068845369999963 ], [ 121.530944930000032, -2.069128039999953 ], [ 121.531219880000094, -2.069497539999929 ], [ 121.531281190000072, -2.069579929999975 ], [ 121.531393310000112, -2.069692929999974 ], [ 121.531655220000061, -2.069617909999977 ], [ 121.531692750000047, -2.069505049999975 ], [ 121.531711580000092, -2.069354529999941 ], [ 121.531730460000063, -2.069166399999972 ], [ 121.531824100000108, -2.069034779999924 ], [ 121.532048680000116, -2.068903279999972 ], [ 121.53221692000011, -2.068997509999974 ], [ 121.532272910000074, -2.069129269999962 ], [ 121.532347480000112, -2.069411589999959 ], [ 121.532403640000098, -2.069336359999966 ], [ 121.532478610000112, -2.069185909999931 ], [ 121.532516250000072, -2.068922529999952 ], [ 121.532591370000091, -2.06860273999996 ], [ 121.532647810000071, -2.068245299999944 ], [ 121.53268558000002, -2.067850199999953 ], [ 121.532573440000078, -2.067756019999933 ], [ 121.532255500000019, -2.067718089999971 ], [ 121.532143390000101, -2.06760509999998 ], [ 121.531900350000114, -2.067491979999943 ], [ 121.531601130000013, -2.067435259999968 ], [ 121.531563900000037, -2.067228249999971 ], [ 121.531638900000075, -2.067040169999927 ], [ 121.531900970000038, -2.066814629999953 ], [ 121.532181520000108, -2.066814889999932 ], [ 121.532424670000069, -2.066815119999944 ], [ 121.532574360000012, -2.066758809999953 ], [ 121.532649440000114, -2.06647664999997 ], [ 121.532631060000085, -2.066119129999947 ], [ 121.532593810000094, -2.065949759999967 ], [ 121.532462960000089, -2.065855559999932 ], [ 121.532313410000029, -2.065761339999938 ], [ 121.532145190000051, -2.065648299999964 ], [ 121.53195826000001, -2.06551640999993 ], [ 121.531827470000053, -2.065365769999971 ], [ 121.531771640000102, -2.065064679999978 ], [ 121.531790400000091, -2.065008249999948 ], [ 121.53197775000001, -2.064669729999935 ], [ 121.532261590000076, -2.063871619999929 ], [ 121.532280560000117, -2.063570589999927 ], [ 121.532280890000038, -2.063213099999928 ], [ 121.532300080000027, -2.06268627999998 ], [ 121.532263780000108, -2.061482049999938 ], [ 121.532301800000027, -2.06080473999998 ], [ 121.532358450000061, -2.060221509999963 ], [ 121.532547170000043, -2.058881579999934 ], [ 121.532715970000027, -2.058373719999963 ], [ 121.532866, -2.057941099999937 ], [ 121.53316566, -2.057466809999937 ], [ 121.533222050000063, -2.057165819999966 ], [ 121.533371920000036, -2.056902549999961 ], [ 121.533484480000084, -2.056545159999928 ], [ 121.533522190000099, -2.056206499999973 ], [ 121.533503740000015, -2.055924259999927 ], [ 121.533503910000036, -2.055736099999933 ], [ 121.533504200000039, -2.055416239999943 ], [ 121.533261720000041, -2.054682209999953 ], [ 121.533262060000084, -2.054305899999974 ], [ 121.533355820000111, -2.05404257999993 ], [ 121.533505500000047, -2.053986269999939 ], [ 121.533674, -2.053817089999939 ], [ 121.53367422000008, -2.053572489999965 ], [ 121.533655680000038, -2.053384299999948 ], [ 121.533712830000013, -2.052248669999926 ], [ 121.533825270000079, -2.052022989999955 ], [ 121.53397515000006, -2.05174089999997 ], [ 121.534068960000013, -2.051421119999929 ], [ 121.534106620000102, -2.051138929999979 ], [ 121.534069530000011, -2.050800199999969 ], [ 121.534069850000037, -2.05044270999997 ], [ 121.534163660000104, -2.050122939999937 ], [ 121.534294770000088, -2.049916089999954 ], [ 121.534313670000074, -2.049709139999948 ], [ 121.53414534, -2.049690169999963 ], [ 121.534051910000017, -2.049596009999959 ], [ 121.53403344000003, -2.049351379999962 ], [ 121.534089800000061, -2.049088009999934 ], [ 121.533977880000066, -2.048749229999942 ], [ 121.534053010000093, -2.048391809999941 ], [ 121.534258910000062, -2.048222659999965 ], [ 121.5344832400001, -2.048354579999966 ], [ 121.5346887500001, -2.048599369999977 ], [ 121.534725890000118, -2.048900449999962 ], [ 121.534706720000031, -2.049408439999979 ], [ 121.534668870000019, -2.049897619999967 ], [ 121.534571630000073, -2.051355539999975 ], [ 121.53423207000003, -2.054535039999962 ], [ 121.533678740000028, -2.058479309999939 ], [ 121.533678440000017, -2.058808639999938 ], [ 121.53367809000008, -2.059196769999971 ], [ 121.53354894000006, -2.059784719999925 ], [ 121.533383890000096, -2.061266539999963 ], [ 121.533371720000105, -2.061795779999954 ], [ 121.533371340000031, -2.062207439999952 ], [ 121.533311880000042, -2.063301219999971 ], [ 121.533157860000074, -2.06536830999994 ], [ 121.533110830000055, -2.065650539999979 ], [ 121.533098820000077, -2.066003379999927 ], [ 121.533168630000091, -2.066368049999937 ], [ 121.533133160000034, -2.066803199999924 ], [ 121.532991080000102, -2.068743719999929 ], [ 121.532897170000069, -2.069155289999969 ], [ 121.53268601000002, -2.069919589999927 ], [ 121.532674050000082, -2.070201859999941 ], [ 121.53267948000007, -2.070323529999939 ], [ 121.532717990000037, -2.071185499999956 ], [ 121.53271752, -2.071703009999965 ], [ 121.5327289600001, -2.071961779999924 ], [ 121.532752100000039, -2.072232309999947 ], [ 121.532716710000045, -2.07257336999993 ], [ 121.532681420000017, -2.072796799999935 ], [ 121.532599470000036, -2.072926099999961 ], [ 121.532669763000058, -2.073600699999929 ], [ 121.53267849000008, -2.073684449999973 ], [ 121.532575928000028, -2.073934378999979 ], [ 121.532406740000056, -2.074346669999954 ], [ 121.533846980000021, -2.074964849999958 ], [ 121.534005280000088, -2.075363989999971 ], [ 121.534137230000056, -2.075630109999963 ], [ 121.53432207000003, -2.075909569999965 ], [ 121.534454040000014, -2.076175699999965 ], [ 121.534638830000063, -2.076508369999942 ], [ 121.534717950000072, -2.076734539999961 ], [ 121.535101980000036, -2.077523959999951 ], [ 121.535220700000082, -2.077816669999947 ], [ 121.535313050000013, -2.07802954999994 ], [ 121.535378880000053, -2.078322209999953 ], [ 121.53544485000009, -2.078481869999962 ], [ 121.535537190000014, -2.07870805999994 ], [ 121.535576650000053, -2.078920879999941 ], [ 121.535576420000098, -2.079173579999974 ], [ 121.535576210000045, -2.079399679999938 ], [ 121.535575890000018, -2.079745469999978 ], [ 121.53557555000009, -2.080117859999973 ], [ 121.535575190000031, -2.080503559999954 ], [ 121.535574740000015, -2.080995649999977 ], [ 121.535574460000021, -2.081301549999978 ], [ 121.53573223, -2.082532409999942 ], [ 121.535771750000094, -2.082678749999957 ], [ 121.535784720000038, -2.082944749999967 ], [ 121.535876980000012, -2.083264029999953 ], [ 121.535876630000075, -2.083636429999956 ], [ 121.535916, -2.083968959999936 ], [ 121.535995040000103, -2.084274929999935 ], [ 121.536390170000118, -2.085911179999925 ], [ 121.536442540000053, -2.086456509999948 ], [ 121.536389230000054, -2.086921959999927 ], [ 121.536282210000081, -2.088312129999963 ], [ 121.536282020000044, -2.088511619999963 ], [ 121.536281810000105, -2.088737729999934 ], [ 121.536281550000012, -2.089017019999972 ], [ 121.536228340000093, -2.08937605999995 ], [ 121.536148700000012, -2.089721779999934 ], [ 121.536161510000056, -2.090147379999962 ], [ 121.536371580000036, -2.091743559999941 ], [ 121.536410960000012, -2.092049489999965 ], [ 121.536437110000065, -2.092355419999933 ], [ 121.536478871000099, -2.093337088999931 ], [ 121.536482873000068, -2.093431165999959 ], [ 121.536488880000093, -2.093572369999947 ], [ 121.53646226, -2.093758549999961 ], [ 121.536462, -2.094037839999942 ], [ 121.536461720000034, -2.094330439999965 ], [ 121.536448080000014, -2.094782619999933 ], [ 121.536552770000071, -2.095953099999974 ], [ 121.536539210000115, -2.096312179999927 ], [ 121.536538800000017, -2.096751079999933 ], [ 121.536538460000088, -2.097123479999937 ], [ 121.5365910700001, -2.097429419999969 ], [ 121.536682680000013, -2.098473129999945 ], [ 121.53670894000004, -2.098672639999961 ], [ 121.536801260000061, -2.098912129999974 ], [ 121.536906690000023, -2.099284619999935 ], [ 121.53703844000006, -2.099776849999955 ], [ 121.537051480000059, -2.099976349999963 ], [ 121.537156910000022, -2.100335549999954 ], [ 121.537368060000063, -2.100761329999955 ], [ 121.537882840000066, -2.101666209999962 ], [ 121.5380809400001, -2.10190579999994 ], [ 121.538213, -2.102078819999974 ], [ 121.538358220000077, -2.102305049999927 ], [ 121.539099400000055, -2.103389439999944 ], [ 121.539218270000106, -2.103509239999937 ], [ 121.539350360000071, -2.103655659999959 ], [ 121.539688230000024, -2.104547469999943 ], [ 121.539850840000099, -2.105730899999969 ], [ 121.539955610000106, -2.106794989999969 ], [ 121.540074520000076, -2.106888199999958 ], [ 121.540259630000037, -2.106875069999944 ], [ 121.540419294000117, -2.106777137999927 ], [ 121.540497760000108, -2.106729009999981 ], [ 121.540630100000044, -2.106582829999979 ], [ 121.540934230000062, -2.106543219999935 ], [ 121.541463050000061, -2.106583619999981 ], [ 121.541753840000069, -2.106663689999948 ], [ 121.54200491000006, -2.106810219999943 ], [ 121.542256010000074, -2.106916859999956 ], [ 121.54259976000003, -2.10693047999996 ], [ 121.542930270000056, -2.106957389999934 ], [ 121.543207830000028, -2.107050759999936 ], [ 121.543551420000085, -2.10722396999995 ], [ 121.543842110000014, -2.107423749999953 ], [ 121.544079880000027, -2.107663369999955 ], [ 121.544274720000089, -2.107877579999979 ], [ 121.544515740000065, -2.108142569999927 ], [ 121.544647680000026, -2.108435289999932 ], [ 121.54479197, -2.109000979999962 ], [ 121.544818260000056, -2.109173919999932 ], [ 121.544804860000113, -2.109360099999947 ], [ 121.54480460000002, -2.109639399999935 ], [ 121.544738250000023, -2.109905329999947 ], [ 121.544671820000076, -2.110264359999974 ], [ 121.544605550000028, -2.110423899999944 ], [ 121.544446500000049, -2.110849339999959 ], [ 121.544313980000084, -2.111168419999956 ], [ 121.544062350000104, -2.111633679999954 ], [ 121.54373127000008, -2.112218549999966 ], [ 121.543664910000075, -2.112484489999929 ], [ 121.54354563000004, -2.112803569999926 ], [ 121.542857220000087, -2.113760519999971 ], [ 121.542685070000061, -2.114052939999965 ], [ 121.542592220000074, -2.114372049999929 ], [ 121.542271930000084, -2.115190809999945 ], [ 121.542218840000032, -2.11540354999994 ], [ 121.542165770000111, -2.115603 ], [ 121.542072900000107, -2.115948709999941 ], [ 121.541993200000093, -2.11634762999995 ], [ 121.54183412000009, -2.116786359999935 ], [ 121.541117780000036, -2.119339249999939 ], [ 121.541051240000115, -2.119804689999967 ], [ 121.540905520000024, -2.120097149999935 ], [ 121.540865650000114, -2.120288779999953 ], [ 121.540839120000101, -2.120416279999972 ], [ 121.540772580000066, -2.120881709999935 ], [ 121.540333820000114, -2.123501369999929 ], [ 121.540498540000044, -2.12412723999995 ], [ 121.540565480000055, -2.12485259999994 ], [ 121.540632960000039, -2.126107949999948 ], [ 121.540579800000046, -2.126387189999946 ], [ 121.540526660000069, -2.126666439999951 ], [ 121.540500030000089, -2.126865919999943 ], [ 121.540499530000034, -2.127397899999949 ], [ 121.540484710000101, -2.129086969999946 ], [ 121.540471160000038, -2.129459349999934 ], [ 121.540444410000077, -2.129778519999945 ], [ 121.540470480000067, -2.130177539999977 ], [ 121.540470170000049, -2.130510029999925 ], [ 121.540469950000102, -2.130736129999946 ], [ 121.540521670000089, -2.13197305999995 ], [ 121.540547700000047, -2.132411979999972 ], [ 121.540547500000116, -2.13262476999995 ], [ 121.540481160000013, -2.132864109999957 ], [ 121.540388320000034, -2.133169929999951 ], [ 121.540308780000032, -2.133395939999957 ], [ 121.54016321000006, -2.133542109999951 ], [ 121.540057270000034, -2.133714899999973 ], [ 121.53995137000004, -2.133847789999948 ], [ 121.539686910000114, -2.133874139999932 ], [ 121.539515210000104, -2.133687769999938 ], [ 121.539581450000014, -2.133541549999961 ], [ 121.539568370000097, -2.13339523999997 ], [ 121.539489250000088, -2.133169069999951 ], [ 121.539304370000082, -2.132942799999967 ], [ 121.539264940000066, -2.132703359999937 ], [ 121.539212290000023, -2.132437299999935 ], [ 121.539146450000089, -2.132157939999956 ], [ 121.539014450000082, -2.131918429999928 ], [ 121.538658050000095, -2.131306299999949 ], [ 121.538578930000085, -2.131093419999956 ], [ 121.538261980000016, -2.130694129999938 ], [ 121.538077, -2.13056094999996 ], [ 121.537746670000047, -2.130347829999948 ], [ 121.53717835000009, -2.130121189999954 ], [ 121.53686115000005, -2.130014499999959 ], [ 121.536543860000052, -2.129974299999958 ], [ 121.536239760000058, -2.129974009999955 ], [ 121.53593563000004, -2.13002690999997 ], [ 121.535697530000107, -2.13013307999995 ], [ 121.535472650000088, -2.130265859999952 ], [ 121.535181520000037, -2.130531579999968 ], [ 121.534996250000063, -2.130717599999969 ], [ 121.534837430000039, -2.130890349999959 ], [ 121.534638910000012, -2.131089649999979 ], [ 121.534493350000048, -2.13120921999996 ], [ 121.534347810000099, -2.131328769999925 ], [ 121.534215480000057, -2.131448349999971 ], [ 121.533308550000015, -2.131569989999946 ], [ 121.533057290000102, -2.131622949999951 ], [ 121.5324887700001, -2.131622409999977 ], [ 121.532250780000027, -2.131622179999965 ], [ 121.531933410000079, -2.131675069999972 ], [ 121.531616050000025, -2.131727969999929 ], [ 121.531404470000098, -2.13176765999998 ], [ 121.531047380000018, -2.131887009999957 ], [ 121.530782860000045, -2.131979859999944 ], [ 121.530412510000019, -2.132139109999969 ], [ 121.530028950000087, -2.132271729999957 ], [ 121.529539590000013, -2.132444159999977 ], [ 121.529314770000042, -2.132510449999927 ], [ 121.529010590000098, -2.132589949999954 ], [ 121.528679940000075, -2.132696029999977 ], [ 121.528349330000083, -2.132788809999965 ], [ 121.527992250000011, -2.132894859999965 ], [ 121.527661590000093, -2.133014239999966 ], [ 121.527317720000042, -2.133133599999951 ], [ 121.527013540000098, -2.133213109999929 ], [ 121.526577140000086, -2.133319089999929 ], [ 121.526378740000041, -2.133398689999979 ], [ 121.526193480000074, -2.133558119999975 ], [ 121.526008200000092, -2.133744139999976 ], [ 121.52591550000011, -2.133903649999979 ], [ 121.525968410000019, -2.133890399999927 ], [ 121.526113890000033, -2.133837329999949 ], [ 121.526272660000018, -2.133717799999943 ], [ 121.52644470000007, -2.133558359999938 ], [ 121.526590190000093, -2.133491989999925 ], [ 121.526775300000054, -2.133492169999954 ], [ 121.526986870000087, -2.133465779999938 ], [ 121.527105870000014, -2.133452589999933 ], [ 121.527317380000113, -2.133492689999969 ], [ 121.527489210000113, -2.133532769999931 ], [ 121.527528850000067, -2.133572709999953 ], [ 121.527621400000044, -2.133572799999968 ], [ 121.527674280000042, -2.13357284999995 ], [ 121.52775366000003, -2.133519719999924 ], [ 121.527833070000042, -2.13344 ], [ 121.528005070000063, -2.133320459999936 ], [ 121.528441430000044, -2.133254389999934 ], [ 121.528666230000113, -2.133228 ], [ 121.528824950000057, -2.133161659999928 ], [ 121.529569370000104, -2.132921989999943 ], [ 121.529767750000019, -2.132868979999955 ], [ 121.529926400000022, -2.132882429999938 ], [ 121.530203930000084, -2.13301569999993 ], [ 121.530388970000104, -2.133082359999946 ], [ 121.530534390000071, -2.133082509999952 ], [ 121.53074606000007, -2.132963019999977 ], [ 121.530851960000064, -2.132830119999937 ], [ 121.530997500000012, -2.132710559999964 ], [ 121.531090170000084, -2.132590949999951 ], [ 121.531196, -2.132524549999971 ], [ 121.531394420000083, -2.132431639999936 ], [ 121.531473740000024, -2.132431719999943 ], [ 121.531539870000074, -2.132405189999929 ], [ 121.531659010000112, -2.132259 ], [ 121.531738460000042, -2.132126079999978 ], [ 121.531897220000019, -2.132019829999933 ], [ 121.532082320000086, -2.132020009999962 ], [ 121.533105460000115, -2.131834879999928 ], [ 121.533396360000097, -2.13180854999996 ], [ 121.53359472000011, -2.131768849999958 ], [ 121.533898820000104, -2.13176913999996 ], [ 121.534083820000092, -2.131875719999925 ], [ 121.534162950000109, -2.132088579999959 ], [ 121.534321350000027, -2.132354739999926 ], [ 121.534413770000015, -2.132487829999945 ], [ 121.534506250000049, -2.132567709999933 ], [ 121.53457228000002, -2.132647569999961 ], [ 121.534638310000105, -2.132740729999966 ], [ 121.534598600000095, -2.132780589999925 ], [ 121.534532470000045, -2.132807129999946 ], [ 121.534387020000054, -2.132806989999949 ], [ 121.534228330000019, -2.132846739999934 ], [ 121.534122560000014, -2.132846639999968 ], [ 121.533672990000014, -2.132886099999951 ], [ 121.533434930000112, -2.132965669999976 ], [ 121.533342290000064, -2.133058679999976 ], [ 121.53326284000002, -2.133178309999948 ], [ 121.533130480000068, -2.133337769999969 ], [ 121.533064230000036, -2.133497309999939 ], [ 121.532971490000023, -2.13369672999994 ], [ 121.532918450000011, -2.133842959999924 ], [ 121.532944840000027, -2.133909489999951 ], [ 121.533010940000054, -2.133909549999942 ], [ 121.533116710000058, -2.133909649999964 ], [ 121.53316967, -2.133829909999974 ], [ 121.533235940000054, -2.133670369999948 ], [ 121.533315450000032, -2.133470949999946 ], [ 121.533368500000051, -2.133298099999934 ], [ 121.533514030000106, -2.133205139999973 ], [ 121.533633060000057, -2.133152059999929 ], [ 121.533765310000035, -2.133125589999963 ], [ 121.533976860000053, -2.133125789999951 ], [ 121.534175190000042, -2.133125979999932 ], [ 121.534347070000081, -2.133126149999953 ], [ 121.534439640000073, -2.133099639999955 ], [ 121.53462486, -2.132980109999949 ], [ 121.534757140000011, -2.132900449999966 ], [ 121.534823350000011, -2.132807409999941 ], [ 121.534823480000114, -2.132661109999958 ], [ 121.534823590000087, -2.132554709999965 ], [ 121.534757590000027, -2.132421649999969 ], [ 121.534519820000014, -2.132195329999945 ], [ 121.534453850000091, -2.132062269999949 ], [ 121.534454210000035, -2.131676569999968 ], [ 121.534573390000105, -2.131463889999964 ], [ 121.534771850000084, -2.131331089999946 ], [ 121.53489095000009, -2.131224799999927 ], [ 121.535049730000082, -2.131091949999927 ], [ 121.535396290000108, -2.130650909999929 ], [ 121.535700460000044, -2.130558109999924 ], [ 121.53601785, -2.13049191999994 ], [ 121.536361690000035, -2.13039914999996 ], [ 121.536599690000116, -2.130399379999972 ], [ 121.536903690000031, -2.130492759999925 ], [ 121.537049080000088, -2.130546089999939 ], [ 121.537528170000087, -2.130696359999945 ], [ 121.537739670000065, -2.130749759999958 ], [ 121.537924650000036, -2.130882929999927 ], [ 121.538215210000089, -2.131215709999935 ], [ 121.538386830000036, -2.131495169999937 ], [ 121.538452660000075, -2.131774529999973 ], [ 121.538452360000065, -2.132093719999943 ], [ 121.538451960000089, -2.132519319999972 ], [ 121.538491330000056, -2.132838549999974 ], [ 121.538650870000083, -2.133255479999946 ], [ 121.538769670000079, -2.13346839999997 ], [ 121.538848760000064, -2.133721169999944 ], [ 121.538941030000046, -2.134013859999925 ], [ 121.539006830000062, -2.134333109999943 ], [ 121.539363310000113, -2.13486544999995 ], [ 121.539323520000039, -2.135011709999958 ], [ 121.539164800000094, -2.135078049999947 ], [ 121.539098570000078, -2.135197699999935 ], [ 121.53912485, -2.135370619999946 ], [ 121.539309870000011, -2.135463889999926 ], [ 121.539561140000046, -2.135397629999943 ], [ 121.539667050000048, -2.135251429999926 ], [ 121.539852330000031, -2.135065409999925 ], [ 121.540037510000047, -2.134985789999973 ], [ 121.54020945000002, -2.134919459999935 ], [ 121.540421070000093, -2.134839849999935 ], [ 121.540619320000019, -2.13491984999996 ], [ 121.540738230000102, -2.135013069999957 ], [ 121.540923160000034, -2.135199439999951 ], [ 121.541108060000056, -2.135412409999958 ], [ 121.541531440000085, -2.136376779999978 ], [ 121.541623720000075, -2.136656169999981 ], [ 121.541729150000037, -2.137028659999942 ], [ 121.541821470000059, -2.137268149999954 ], [ 121.541953410000019, -2.137574169999937 ], [ 121.541966270000103, -2.137959879999926 ], [ 121.542018730000109, -2.138398809999956 ], [ 121.542201890000115, -2.139445009999974 ], [ 121.542505800000072, -2.140919 ], [ 121.54261134, -2.14117178999993 ], [ 121.542663870000069, -2.141544229999965 ], [ 121.542716470000073, -2.141850189999957 ], [ 121.542742620000013, -2.142156099999966 ], [ 121.543005990000097, -2.143286849999924 ], [ 121.54308484, -2.143792309999981 ], [ 121.543216210000082, -2.144683519999944 ], [ 121.543255470000076, -2.145122459999925 ], [ 121.543281740000111, -2.145308679999971 ], [ 121.543559090000031, -2.146233159999952 ], [ 121.543849360000081, -2.146871849999968 ], [ 121.543928460000075, -2.147111319999965 ], [ 121.543981040000062, -2.147430569999926 ], [ 121.544033740000032, -2.147643409999944 ], [ 121.544192140000064, -2.147909549999952 ], [ 121.544310960000075, -2.148095869999963 ], [ 121.544403380000062, -2.148242259999961 ], [ 121.544456070000024, -2.148441809999952 ], [ 121.544446029000028, -2.148517049999953 ], [ 121.544429400000013, -2.148641299999952 ], [ 121.544357913000113, -2.148726564999947 ], [ 121.544217700000104, -2.148893799999939 ], [ 121.544032500000071, -2.149 ], [ 121.544032451000021, -2.149000003999959 ], [ 121.543807641000058, -2.149039684999934 ], [ 121.543807599000047, -2.149039693999953 ], [ 121.543516705000116, -2.14909259999996 ], [ 121.543384410000044, -2.149185581999973 ], [ 121.543394813000077, -2.149247929999945 ], [ 121.543419100000051, -2.149393299999929 ], [ 121.543442674000062, -2.149534795999955 ], [ 121.543464, -2.14966279999993 ], [ 121.543401006000067, -2.149899700999924 ], [ 121.5433387060001, -2.150016471999947 ], [ 121.543267100000094, -2.150150699999926 ], [ 121.543203605000031, -2.150269604999949 ], [ 121.543165033000037, -2.150341855999955 ], [ 121.543165003000013, -2.15034190199998 ], [ 121.543007814000021, -2.150547072999927 ], [ 121.543007800000055, -2.150547099999926 ], [ 121.542799620000096, -2.150523600999975 ], [ 121.542725196000106, -2.150515206999955 ], [ 121.542616169000098, -2.150463793999961 ], [ 121.542393900000093, -2.150359 ], [ 121.542282305000072, -2.150266594999948 ], [ 121.542066829000078, -2.150088220999976 ], [ 121.542066802000022, -2.150088197999935 ], [ 121.541942499000015, -2.149982200999943 ], [ 121.541942471000084, -2.149982177999959 ], [ 121.541731100000106, -2.14980909999997 ], [ 121.541681525000058, -2.149799049999956 ], [ 121.541598900000054, -2.14978229999997 ], [ 121.54147479300002, -2.149820636999948 ], [ 121.541427000000112, -2.149835399999972 ], [ 121.541281200000071, -2.150229799999977 ], [ 121.541132096000069, -2.150309540999956 ], [ 121.540845900000022, -2.150462599999969 ], [ 121.540043451000088, -2.15102626099997 ], [ 121.540043400000059, -2.151026299999955 ], [ 121.53931909500011, -2.151208794999945 ], [ 121.539287400000035, -2.151216799999929 ], [ 121.539180091000048, -2.151243802999943 ], [ 121.538338040000099, -2.151283303999946 ], [ 121.538338, -2.151283302999957 ], [ 121.537536200000091, -2.151201904999937 ], [ 121.536854500000118, -2.151322195999967 ], [ 121.536854460000086, -2.151322199999925 ], [ 121.536733912000045, -2.151503625999965 ], [ 121.5365332, -2.151805599999932 ], [ 121.536252405000027, -2.151966609999931 ], [ 121.535651, -2.151966 ], [ 121.535336789000098, -2.151939417999927 ], [ 121.535169870000118, -2.151925269999936 ], [ 121.534447880000016, -2.152206759999956 ], [ 121.53320369000005, -2.153495569999961 ], [ 121.532857596000099, -2.153942074999975 ], [ 121.532360600000061, -2.154583199999934 ], [ 121.531959403000087, -2.154865005999966 ], [ 121.531277939, -2.154703103999964 ], [ 121.531277902000056, -2.154703093999956 ], [ 121.53122706900001, -2.154687701999933 ], [ 121.531063, -2.154638 ], [ 121.530476100000101, -2.154662003999931 ], [ 121.530476070000077, -2.154662005999967 ], [ 121.529577700000118, -2.154725699999972 ], [ 121.523859342000037, -2.15918966199996 ], [ 121.523859298000048, -2.159189696999931 ], [ 121.522032550000063, -2.160615689999929 ], [ 121.521998898000106, -2.160641958999975 ], [ 121.521968300000026, -2.160665799999947 ], [ 121.520324800000026, -2.161948699999925 ], [ 121.520184508000057, -2.162210891999962 ], [ 121.519629150000014, -2.16237308999996 ], [ 121.519328621000113, -2.162460867999926 ], [ 121.518947, -2.162572299999965 ], [ 121.518665579000071, -2.162712978999934 ], [ 121.518496730000038, -2.162797369999964 ], [ 121.518496700000014, -2.162797399999931 ], [ 121.516112098, -2.16513559699996 ], [ 121.516112073000045, -2.16513562199998 ], [ 121.51500666000004, -2.166219514999966 ], [ 121.515005236000093, -2.166220911999972 ], [ 121.515003900000011, -2.166222199999936 ], [ 121.515009746000032, -2.166222398999935 ], [ 121.515012673000115, -2.166222511999933 ], [ 121.513520296000024, -2.168546803999959 ], [ 121.51318050000009, -2.168965 ], [ 121.512592598000083, -2.169688801999939 ], [ 121.51232040900004, -2.169885995999948 ], [ 121.512288725000076, -2.169908953999936 ], [ 121.512054884, -2.170078366999974 ], [ 121.511249576000068, -2.170207656999935 ], [ 121.510370200000011, -2.170348799999942 ], [ 121.510297647000016, -2.170359892999954 ], [ 121.510297600000058, -2.170359899999937 ], [ 121.510295165000116, -2.170360315999972 ], [ 121.510293523000087, -2.170360566999932 ], [ 121.509103311000104, -2.170337699999948 ], [ 121.508714650000115, -2.170705409999925 ], [ 121.50847258500005, -2.170851106999976 ], [ 121.507995191000077, -2.171138405999955 ], [ 121.507963525000036, -2.17115750399995 ], [ 121.507912260000012, -2.171188359999974 ], [ 121.507527236000101, -2.171316967999928 ], [ 121.507310600000096, -2.17138929999993 ], [ 121.506548741000074, -2.17146919299995 ], [ 121.506548700000053, -2.171469198999944 ], [ 121.506027399000118, -2.171589602999973 ], [ 121.506027370000083, -2.171589609999955 ], [ 121.505914483000083, -2.171782123999947 ], [ 121.50562570000011, -2.172274499999958 ], [ 121.504899417000047, -2.17355357799994 ], [ 121.504899404000071, -2.17355360199997 ], [ 121.50488520600004, -2.173578604999932 ], [ 121.504885182000066, -2.173578637999981 ], [ 121.504157901000099, -2.174859399999946 ], [ 121.504157880000093, -2.174859438999931 ], [ 121.502492600000096, -2.177995799999962 ], [ 121.501889500000061, -2.179688299999953 ], [ 121.501608002000012, -2.180534600999977 ], [ 121.501488181000013, -2.180637654999941 ], [ 121.501046210000027, -2.181017769999926 ], [ 121.50088276300005, -2.181100737999941 ], [ 121.500784895000038, -2.18115040999993 ], [ 121.500474652000094, -2.181307906999962 ], [ 121.500055690000067, -2.181520594999938 ], [ 121.500051919000043, -2.181522520999977 ], [ 121.500000000000114, -2.181548899999939 ], [ 121.498294848000114, -2.182252584999958 ], [ 121.498294802000032, -2.182252603999927 ], [ 121.498009902000035, -2.182360804999973 ], [ 121.498009848000038, -2.182360823999943 ], [ 121.497758100000055, -2.182432899999981 ], [ 121.497613849000118, -2.182448464999936 ], [ 121.497425380000095, -2.182468769999957 ], [ 121.496979341000042, -2.182423106999977 ], [ 121.496979300000021, -2.182423101999973 ], [ 121.496670300000119, -2.18237758999993 ], [ 121.496326690000046, -2.182386269999938 ], [ 121.495706909000091, -2.182465271999945 ], [ 121.495411600000011, -2.182502899999974 ], [ 121.495212153000011, -2.182505692999939 ], [ 121.494804720000047, -2.182511359999978 ], [ 121.494358605000116, -2.182529 ], [ 121.493878670000072, -2.182582779999962 ], [ 121.493545991000019, -2.182636704999936 ], [ 121.493226800000116, -2.182708699999978 ], [ 121.492871500000092, -2.182844 ], [ 121.492448712000055, -2.183105894999926 ], [ 121.492193500000099, -2.183349499999963 ], [ 121.491899800000056, -2.183629894999967 ], [ 121.491385895, -2.184027304999972 ], [ 121.491031606000092, -2.184280194999928 ], [ 121.49073460000011, -2.184596399999975 ], [ 121.490564420000055, -2.18486046299995 ], [ 121.49043749000009, -2.185057369999925 ], [ 121.490300417000071, -2.185292377999929 ], [ 121.490300402000116, -2.18529240099997 ], [ 121.490049200000044, -2.185653899999977 ], [ 121.489707100000032, -2.186141899999939 ], [ 121.489490120000028, -2.186485369999957 ], [ 121.489490098000033, -2.186485397999945 ], [ 121.489147320000029, -2.18684677899995 ], [ 121.489147300000013, -2.186846798999966 ], [ 121.487695800000097, -2.188183799999933 ], [ 121.487614171000018, -2.188264210999932 ], [ 121.48753497000007, -2.188342209999973 ], [ 121.487424889000067, -2.188450626999952 ], [ 121.487090300000091, -2.188780099999974 ], [ 121.486828463000052, -2.189028765999979 ], [ 121.486690710000062, -2.18915955999995 ], [ 121.486176795, -2.189828299999931 ], [ 121.485833900000102, -2.190198699999939 ], [ 121.485445500000083, -2.190876699999933 ], [ 121.485206807000054, -2.191382889999943 ], [ 121.48506967000003, -2.191952509999965 ], [ 121.485059370000045, -2.192458969999961 ], [ 121.484980160000077, -2.193263799999954 ], [ 121.484981900000093, -2.194303869999942 ], [ 121.484981900000093, -2.194303899999966 ], [ 121.484981761000085, -2.194313615999931 ], [ 121.484972200000016, -2.19498219999997 ], [ 121.484951042000034, -2.195188953999946 ], [ 121.484925670000052, -2.195436589999929 ], [ 121.484905774000026, -2.195630817999927 ], [ 121.484881400000063, -2.195868399999938 ], [ 121.484723208000105, -2.196763568999927 ], [ 121.484723205000023, -2.19676359999994 ], [ 121.484713328000112, -2.197017130999939 ], [ 121.484690080000064, -2.197613679999961 ], [ 121.484673982000118, -2.197860429999935 ], [ 121.484645200000045, -2.198301 ], [ 121.484645828000112, -2.198683336999977 ], [ 121.484646270000098, -2.198970229999929 ], [ 121.484612697000102, -2.19937718999995 ], [ 121.484626714000115, -2.199459935999926 ], [ 121.484693900000025, -2.199856599999976 ], [ 121.484785400000078, -2.200218399999926 ], [ 121.484889301000067, -2.20064360899994 ], [ 121.485062005000032, -2.201258787999961 ], [ 121.48510848, -2.201711039999964 ], [ 121.485109570000077, -2.20223558999993 ], [ 121.485076460000073, -2.203058559999931 ], [ 121.485055070000044, -2.203673529999946 ], [ 121.485010905000081, -2.20484920499996 ], [ 121.485013255000013, -2.204953040999953 ], [ 121.485022960000038, -2.205382819999954 ], [ 121.485128160000045, -2.206965619999949 ], [ 121.485397770000077, -2.210610629999962 ], [ 121.485491599000056, -2.212057769999944 ], [ 121.485491603000014, -2.212057798999979 ], [ 121.48561867, -2.212817599999937 ], [ 121.485723205000113, -2.214156208999952 ], [ 121.485816590000013, -2.21517829499993 ], [ 121.485863580000114, -2.215901859999974 ], [ 121.485986660000094, -2.216722659999959 ], [ 121.486032059000081, -2.217025378999949 ], [ 121.486049405000017, -2.217141089999927 ], [ 121.48609543300006, -2.217322227999944 ], [ 121.486256260000118, -2.217955249999932 ], [ 121.486372190000111, -2.218886899999973 ], [ 121.486417886000027, -2.219211252999969 ], [ 121.486499600000116, -2.219791399999963 ], [ 121.486548590000098, -2.220137210999951 ], [ 121.486603360000117, -2.220524099999977 ], [ 121.486673560000099, -2.221157259999927 ], [ 121.486708980000117, -2.221699939999951 ], [ 121.486669250000091, -2.221957649999979 ], [ 121.486629515000118, -2.222215358999961 ], [ 121.486629506000099, -2.222215400999971 ], [ 121.486527160000037, -2.222785029999955 ], [ 121.486505105000106, -2.223255294999944 ], [ 121.486539803000028, -2.223607998999967 ], [ 121.486539811000057, -2.223608038999942 ], [ 121.486677880000116, -2.224069429999929 ], [ 121.486884307000082, -2.224413307999953 ], [ 121.487297495, -2.224775499999964 ], [ 121.487778804000072, -2.225210094999966 ], [ 121.487873905000015, -2.225435295999944 ], [ 121.487973650000072, -2.225671559999967 ], [ 121.487963100000115, -2.226132794999955 ], [ 121.487906200000111, -2.226539699999933 ], [ 121.487928940000074, -2.226918337999962 ], [ 121.487953970000035, -2.227335639999978 ], [ 121.488045780000107, -2.227932639999949 ], [ 121.488076700000079, -2.228189309999948 ], [ 121.488104600000042, -2.228421099999935 ], [ 121.48813920300006, -2.228882360999933 ], [ 121.48813920300006, -2.228882399999975 ], [ 121.488105790000077, -2.229226 ], [ 121.48804860000007, -2.229569604999938 ], [ 121.487946800000032, -2.229913199999942 ], [ 121.487878798000111, -2.230519 ], [ 121.48787879200006, -2.230519049999941 ], [ 121.48781077000001, -2.231106849999946 ], [ 121.487786259000018, -2.231544633999931 ], [ 121.487766700000066, -2.231893599999978 ], [ 121.487766795000084, -2.232300959999975 ], [ 121.487766795000084, -2.232301 ], [ 121.487766800000031, -2.232571899999925 ], [ 121.487849300000107, -2.232983469999965 ], [ 121.487917280000033, -2.233322739999949 ], [ 121.488352795000083, -2.233838699999978 ], [ 121.488788900000031, -2.234526499999959 ], [ 121.488852350000116, -2.234883799999977 ], [ 121.488915770000062, -2.235241099999939 ], [ 121.488974770000027, -2.235747629999935 ], [ 121.489036696000085, -2.235946870999953 ], [ 121.489036705000103, -2.235946897999952 ], [ 121.489399300000059, -2.237113699999952 ], [ 121.48946606700008, -2.237331649999931 ], [ 121.489526760000103, -2.237529869999946 ], [ 121.489526796000064, -2.237529902999938 ], [ 121.48973240600003, -2.237765226999954 ], [ 121.489927700000067, -2.238226699999927 ], [ 121.490260103000082, -2.238471195999978 ], [ 121.490184400000089, -2.238897299999962 ], [ 121.490103771, -2.239351367999973 ], [ 121.490074180000079, -2.239517929999977 ], [ 121.490058069000042, -2.239608608999959 ], [ 121.490021900000102, -2.239812 ], [ 121.49110235, -2.240223879999974 ], [ 121.491102400000045, -2.240223898999943 ], [ 121.491436705000069, -2.240351399999952 ], [ 121.491438470000048, -2.240521509999951 ], [ 121.491443470000036, -2.241004759999953 ], [ 121.4913638700001, -2.241393579999965 ], [ 121.49128436, -2.241945179999959 ], [ 121.491262305000078, -2.242325 ], [ 121.491262700000107, -2.242695799999979 ], [ 121.491274905000068, -2.243184199999973 ], [ 121.491309695000041, -2.243546 ], [ 121.491447905000086, -2.243781294999962 ], [ 121.491699400000016, -2.243989599999964 ], [ 121.491906004000043, -2.244143494999946 ], [ 121.491906048000033, -2.244143523999981 ], [ 121.492080145000045, -2.244253655999955 ], [ 121.492364270000053, -2.244433399999934 ], [ 121.49257087, -2.244605449999938 ], [ 121.492708060000041, -2.244786479999959 ], [ 121.492880495, -2.245148404999952 ], [ 121.493166870000096, -2.245374819999938 ], [ 121.493338581000103, -2.245555878999937 ], [ 121.493338598000037, -2.245555900999932 ], [ 121.493453301000045, -2.245727829999964 ], [ 121.49346490500011, -2.245981101999973 ], [ 121.493362890000071, -2.246234199999947 ], [ 121.493134197000018, -2.246577600999956 ], [ 121.492859800000019, -2.246740099999954 ], [ 121.492723, -2.246948 ], [ 121.49268698800006, -2.247009952999974 ], [ 121.492654660000085, -2.247065519999978 ], [ 121.492563380000092, -2.247526669999957 ], [ 121.492564494000021, -2.247542733999978 ], [ 121.492566600000032, -2.247573599999953 ], [ 121.492567699, -2.247588959999973 ], [ 121.492567702000088, -2.247589 ], [ 121.492587204000074, -2.24787036999993 ], [ 121.492587202000095, -2.247870399999954 ], [ 121.492166400000087, -2.249733 ], [ 121.492427281000118, -2.250858524999956 ], [ 121.492627670000047, -2.251723169999934 ], [ 121.492263395, -2.252943697999967 ], [ 121.492263384000012, -2.252943730999959 ], [ 121.491999970000052, -2.253630809999947 ], [ 121.491866603000062, -2.253834420999965 ], [ 121.491680300000098, -2.254118799999958 ], [ 121.491532801000062, -2.254314852999926 ], [ 121.491326670000035, -2.254588769999941 ], [ 121.491134222000028, -2.254807792999941 ], [ 121.490937600000052, -2.255031499999973 ], [ 121.489365719000034, -2.255989203999945 ], [ 121.487085260000072, -2.25737855999995 ], [ 121.48499512, -2.258651959999952 ], [ 121.482525574000078, -2.260090365999929 ], [ 121.479988800000115, -2.261567899999932 ], [ 121.479234100000099, -2.261956 ], [ 121.479091198000106, -2.262080812999955 ], [ 121.47890308, -2.262245059999941 ], [ 121.478766200000109, -2.26241669999996 ], [ 121.478766160000077, -2.262416749999943 ], [ 121.478721870000072, -2.262541246999945 ], [ 121.478640700000028, -2.262769299999945 ], [ 121.47852689900003, -2.263393199999939 ], [ 121.478526896000062, -2.263393239999971 ], [ 121.47876859500002, -2.271321594999961 ], [ 121.478818880000063, -2.272971119999966 ], [ 121.478739105000045, -2.273766899999941 ], [ 121.478591, -2.274300299999936 ], [ 121.476729703000046, -2.278024501999937 ], [ 121.472672910000028, -2.282231699999954 ], [ 121.472502123000027, -2.283422768999969 ], [ 121.472379990000036, -2.284274469999957 ], [ 121.472314309000012, -2.284732503999976 ], [ 121.472183100000052, -2.285647299999937 ], [ 121.472417710000059, -2.286983699999951 ], [ 121.472769300000095, -2.288986899999941 ], [ 121.472586543000034, -2.290159337999967 ], [ 121.472502490000011, -2.290698494999958 ], [ 121.471697260000042, -2.291329806999954 ], [ 121.470453300000031, -2.291494299999954 ], [ 121.469638100000111, -2.291602099999977 ], [ 121.468384800000081, -2.291873599999974 ], [ 121.467686497000045, -2.291652306999936 ], [ 121.467234550000057, -2.291509059999953 ], [ 121.467157610000072, -2.291484669999932 ], [ 121.466706900000077, -2.291341806999981 ], [ 121.466700160000073, -2.291346009999927 ], [ 121.466896600000041, -2.293394199999966 ], [ 121.464560710000114, -2.295289804999925 ], [ 121.463516201000061, -2.296937 ], [ 121.463516171000038, -2.29693704999994 ], [ 121.462521200000083, -2.298634299999947 ], [ 121.462368301000083, -2.302330469999958 ], [ 121.459935060000021, -2.302377779999972 ], [ 121.459338697000021, -2.302876595999976 ], [ 121.459338650000063, -2.302876629999957 ], [ 121.460329199000057, -2.305275299999948 ], [ 121.460329211000044, -2.305275329999972 ], [ 121.460612260000062, -2.306054469999935 ], [ 121.46107298000004, -2.307322639999938 ], [ 121.461418412000057, -2.308273502999953 ], [ 121.461418440000102, -2.308273549999967 ], [ 121.461833482000088, -2.308376143999965 ], [ 121.462247400000024, -2.308478499999978 ], [ 121.464347500000031, -2.308926094999947 ], [ 121.465936095000075, -2.30932740999998 ], [ 121.46682149600008, -2.309614759999931 ], [ 121.467326006, -2.309778493999943 ], [ 121.466877805000081, -2.310976809999943 ], [ 121.466379598000117, -2.312524698999937 ], [ 121.46637958000008, -2.312524749999966 ], [ 121.466625560000011, -2.31467288999994 ], [ 121.465878991000068, -2.316270500999963 ], [ 121.465607106000107, -2.31634014399998 ], [ 121.463743100000102, -2.316817599999979 ], [ 121.461854399000117, -2.318463910999981 ], [ 121.461854370000083, -2.318463939999958 ], [ 121.461475984000117, -2.319820486999959 ], [ 121.461107100000049, -2.321142899999927 ], [ 121.459912804000055, -2.323007306999955 ], [ 121.460021748000031, -2.323822130999929 ], [ 121.460306880000076, -2.325954819999936 ], [ 121.460920501000032, -2.331502499999942 ], [ 121.46092051100004, -2.331502549999925 ], [ 121.461242800000036, -2.332899 ], [ 121.459098902000051, -2.337826599999971 ], [ 121.459098891000053, -2.337826629999938 ], [ 121.458155170000055, -2.34103749999997 ], [ 121.457667428000036, -2.342723174999946 ], [ 121.457158200000094, -2.344483 ], [ 121.458426424000095, -2.345388668999931 ], [ 121.459539970000037, -2.346183929999938 ], [ 121.458385870000029, -2.349086369999952 ], [ 121.45706967700005, -2.352396419999934 ], [ 121.45650240000009, -2.353823 ], [ 121.455405711000026, -2.357667902999935 ], [ 121.455405710000036, -2.357667929999934 ], [ 121.4562056420001, -2.357898789999979 ], [ 121.456795702000022, -2.358069088999969 ], [ 121.457092495000097, -2.35911837499998 ], [ 121.455649860000108, -2.361414479999951 ], [ 121.456193962000043, -2.36336315099993 ], [ 121.45505, -2.36496029999995 ], [ 121.453109500000096, -2.368404699999928 ], [ 121.453305700000101, -2.370602699999949 ], [ 121.451566900000103, -2.371250099999941 ], [ 121.449148919000095, -2.373868438999978 ], [ 121.44778830000007, -2.375341769999977 ], [ 121.447788298000091, -2.375341798999955 ], [ 121.446937780000098, -2.380985179999925 ], [ 121.446601766000072, -2.382723339999927 ], [ 121.445788900000025, -2.386927899999932 ], [ 121.446042852000119, -2.389254974999972 ], [ 121.446253260000049, -2.391183379999973 ], [ 121.445344902000102, -2.391460716999973 ], [ 121.444585, -2.391692699999965 ], [ 121.438183005000042, -2.394062109999936 ], [ 121.437984626000116, -2.394810799999959 ], [ 121.437534660000097, -2.396508919999974 ], [ 121.437534698000036, -2.396508896999933 ], [ 121.439423249000015, -2.395162437999943 ], [ 121.441704886000025, -2.39756265099993 ], [ 121.441055, -2.401358104999929 ], [ 121.441348705000109, -2.405104693999931 ], [ 121.441558405000023, -2.405693803999952 ], [ 121.441569260000051, -2.40570315399998 ], [ 121.441542570000024, -2.405734329999973 ], [ 121.441530020000073, -2.405748979999942 ], [ 121.44152277, -2.405757449999953 ], [ 121.441472815000111, -2.405815786999938 ], [ 121.441443330000084, -2.405850219999934 ], [ 121.441335830000071, -2.405975779999949 ], [ 121.441249080000034, -2.40607708999994 ], [ 121.441158720000089, -2.406182629999932 ], [ 121.44115423300002, -2.40618786999994 ], [ 121.441051150000021, -2.406308259999946 ], [ 121.441012220000061, -2.406353729999978 ], [ 121.440969972000062, -2.406403073999968 ], [ 121.440891830000055, -2.406494339999938 ], [ 121.440641280000023, -2.406786959999977 ], [ 121.440612320000014, -2.406820779999975 ], [ 121.440594860000033, -2.40682081999995 ], [ 121.440220190000105, -2.40682161999996 ], [ 121.439752410000096, -2.406822609999949 ], [ 121.439432, -2.406786739999973 ], [ 121.439272040000105, -2.406768829999976 ], [ 121.439164310000024, -2.406756769999959 ], [ 121.43901027000004, -2.406739519999974 ], [ 121.438636220000035, -2.406697649999956 ], [ 121.438258880000035, -2.406655399999977 ], [ 121.437946500000066, -2.406620429999975 ], [ 121.437575360000096, -2.406578879999927 ], [ 121.437430060000111, -2.40656260999998 ], [ 121.437385400000039, -2.406557609999936 ], [ 121.437340330000097, -2.406555869999977 ], [ 121.436061500000051, -2.406506569999976 ], [ 121.435064750000038, -2.406468139999959 ], [ 121.434640260000037, -2.406451769999933 ], [ 121.434067960000107, -2.406429709999941 ], [ 121.433633760000021, -2.406412969999963 ], [ 121.433445730000017, -2.406405719999952 ], [ 121.432853810000097, -2.406382899999926 ], [ 121.4317512, -2.406340389999968 ], [ 121.431651710000097, -2.406336549999935 ], [ 121.430856410000047, -2.406305889999942 ], [ 121.430387690000089, -2.406314389999977 ], [ 121.430332100000101, -2.406327989999966 ], [ 121.430174220000026, -2.406366609999964 ], [ 121.429952240000034, -2.406420909999952 ], [ 121.429872530000011, -2.406440409999959 ], [ 121.42966028, -2.406543109999973 ], [ 121.429388800000083, -2.406674479999936 ], [ 121.42926741000008, -2.40673320999997 ], [ 121.429235050000102, -2.406748869999944 ], [ 121.429178370000045, -2.406776299999933 ], [ 121.429075520000083, -2.406840039999963 ], [ 121.428765760000033, -2.407032 ], [ 121.428581400000098, -2.407146249999926 ], [ 121.428476200000091, -2.407211439999969 ], [ 121.428458010000099, -2.407222709999928 ], [ 121.42844256, -2.407232289999968 ], [ 121.428417420000073, -2.407247869999935 ], [ 121.428356240000085, -2.407273179999947 ], [ 121.428343240000117, -2.407278169999927 ], [ 121.428285890000097, -2.407300179999936 ], [ 121.427986940000096, -2.407414949999975 ], [ 121.427403340000069, -2.407396179999978 ], [ 121.426111330000026, -2.407213809999973 ], [ 121.424521330000061, -2.406967779999945 ], [ 121.423185250000074, -2.40703439999993 ], [ 121.423103150000088, -2.407038489999934 ], [ 121.422390550000046, -2.407117389999939 ], [ 121.421546960000114, -2.407210799999973 ], [ 121.421056890000045, -2.407265059999929 ], [ 121.420487930000036, -2.407328059999941 ], [ 121.419800390000091, -2.407404189999966 ], [ 121.41962761000002, -2.407423319999964 ], [ 121.41942288000007, -2.407384219999926 ], [ 121.419187510000029, -2.407339259999958 ], [ 121.419055900000103, -2.407314119999967 ], [ 121.419026030000055, -2.407305719999954 ], [ 121.418506800000046, -2.40715973999994 ], [ 121.418420010000091, -2.407127729999957 ], [ 121.418302580000045, -2.407084409999925 ], [ 121.418216100000109, -2.407052509999971 ], [ 121.41819036000004, -2.407043019999946 ], [ 121.418016020000096, -2.406978709999976 ], [ 121.41793365, -2.406948329999977 ], [ 121.417761540000015, -2.406884849999926 ], [ 121.41741128000001, -2.406762629999946 ], [ 121.417229310000039, -2.406699979999928 ], [ 121.417183030000047, -2.406684049999967 ], [ 121.417099120000103, -2.406655159999957 ], [ 121.416954990000022, -2.40660553999993 ], [ 121.416874810000081, -2.406577929999969 ], [ 121.4168429, -2.406566949999956 ], [ 121.416825340000059, -2.406560899999931 ], [ 121.416679270000031, -2.406564849999938 ], [ 121.416656000000103, -2.406565479999927 ], [ 121.416485630000011, -2.406570089999946 ], [ 121.416380810000078, -2.406572929999925 ], [ 121.416286350000064, -2.406575489999966 ], [ 121.416258120000066, -2.406576249999944 ], [ 121.41618496000001, -2.40657822999998 ], [ 121.415590490000113, -2.406713199999956 ], [ 121.414544160000105, -2.407090509999932 ], [ 121.414481880000039, -2.407112969999957 ], [ 121.414447920000043, -2.407125209999947 ], [ 121.414390570000023, -2.407145889999924 ], [ 121.413275920000046, -2.408069449999971 ], [ 121.412981880000075, -2.408313089999979 ], [ 121.412965040000017, -2.408327039999961 ], [ 121.412397040000087, -2.408797669999956 ], [ 121.411968890000026, -2.409152419999941 ], [ 121.411555870000029, -2.409494639999934 ], [ 121.411200940000072, -2.409788729999946 ], [ 121.410564110000109, -2.410316379999927 ], [ 121.410401400000069, -2.410451199999954 ], [ 121.410070280000014, -2.410586469999942 ], [ 121.409988930000054, -2.410592209999947 ], [ 121.409692620000101, -2.410613149999961 ], [ 121.40926271, -2.410526459999971 ], [ 121.409166920000075, -2.410507149999944 ], [ 121.409095830000069, -2.410492809999937 ], [ 121.409084400000097, -2.410490509999931 ], [ 121.408983820000117, -2.41047022999993 ], [ 121.408855750000043, -2.41044439999996 ], [ 121.408816290000118, -2.410436449999963 ], [ 121.408625920000077, -2.410398059999977 ], [ 121.408499590000019, -2.410372589999952 ], [ 121.408457820000081, -2.41036416999998 ], [ 121.408350670000118, -2.410342559999947 ], [ 121.40831542, -2.410335449999934 ], [ 121.408198740000103, -2.410311929999978 ], [ 121.408095250000088, -2.410291059999963 ], [ 121.408023440000079, -2.410276579999959 ], [ 121.407984810000016, -2.410268489999964 ], [ 121.407767270000022, -2.410222899999951 ], [ 121.4076004100001, -2.410187939999958 ], [ 121.407493310000064, -2.41016548999994 ], [ 121.407297980000067, -2.410124559999929 ], [ 121.407256430000075, -2.410115849999954 ], [ 121.40719872000011, -2.41010375999997 ], [ 121.407096690000117, -2.410082379999949 ], [ 121.406927240000073, -2.410046869999974 ], [ 121.406565060000048, -2.409970979999969 ], [ 121.40624369000011, -2.409903649999933 ], [ 121.406106550000118, -2.409874909999928 ], [ 121.406066020000026, -2.409866419999958 ], [ 121.405786480000074, -2.409807839999928 ], [ 121.405441220000057, -2.409735489999946 ], [ 121.405042700000081, -2.409651979999978 ], [ 121.404503160000104, -2.409538919999932 ], [ 121.403774360000057, -2.40938620999998 ], [ 121.402969330000019, -2.40921751999997 ], [ 121.402774640000075, -2.409176719999948 ], [ 121.402705180000112, -2.409162169999945 ], [ 121.402678470000069, -2.409156569999936 ], [ 121.402482230000032, -2.409115449999945 ], [ 121.402310250000028, -2.409079409999947 ], [ 121.402160250000065, -2.409047979999968 ], [ 121.401916730000039, -2.40899694999996 ], [ 121.401435150000111, -2.408896039999945 ], [ 121.401416520000112, -2.408892139999978 ], [ 121.400813900000117, -2.40876585999996 ], [ 121.400240330000088, -2.408645669999942 ], [ 121.400101950000021, -2.408616669999958 ], [ 121.399738290000073, -2.408540469999934 ], [ 121.399560160000078, -2.408503139999937 ], [ 121.39926287000003, -2.408440849999977 ], [ 121.399121420000029, -2.40841120999994 ], [ 121.39896568000006, -2.408378579999976 ], [ 121.398927410000056, -2.40837055999998 ], [ 121.398886010000069, -2.408361879999973 ], [ 121.398797750000085, -2.40834338999997 ], [ 121.398196080000048, -2.408217309999941 ], [ 121.397685160000037, -2.408110249999936 ], [ 121.39747705000002, -2.408066639999959 ], [ 121.396950010000069, -2.407956199999944 ], [ 121.396851550000065, -2.40793556999995 ], [ 121.396237540000016, -2.407806909999977 ], [ 121.395836540000118, -2.407722879999938 ], [ 121.395627230000059, -2.407679019999932 ], [ 121.395497890000115, -2.407651919999978 ], [ 121.395374110000034, -2.407625979999978 ], [ 121.395142830000054, -2.407577519999961 ], [ 121.394732320000116, -2.407491499999935 ], [ 121.394236150000097, -2.407387529999937 ], [ 121.393766990000017, -2.407289219999939 ], [ 121.393415750000031, -2.407215619999931 ], [ 121.393331790000047, -2.407198019999953 ], [ 121.393331640000042, -2.407197989999929 ], [ 121.393263820000016, -2.407184369999925 ], [ 121.393175030000066, -2.407166519999976 ], [ 121.392966350000052, -2.407124589999967 ], [ 121.392932430000087, -2.407114339999964 ], [ 121.392926200000034, -2.407113039999956 ], [ 121.392804430000069, -2.407087519999948 ], [ 121.392591730000049, -2.407042949999948 ], [ 121.392514750000032, -2.407026819999942 ], [ 121.392341130000091, -2.406990439999959 ], [ 121.392282990000012, -2.40697825999996 ], [ 121.392239010000026, -2.406969039999979 ], [ 121.392070860000103, -2.406933799999933 ], [ 121.391968660000089, -2.406912389999945 ], [ 121.391930190000039, -2.406904329999975 ], [ 121.391844970000079, -2.406886469999961 ], [ 121.39174692000006, -2.406865919999973 ], [ 121.391710290000105, -2.406858239999963 ], [ 121.39148044, -2.406810079999957 ], [ 121.391438360000052, -2.40680126999996 ], [ 121.39129145000004, -2.406770479999977 ], [ 121.391258790000052, -2.406763639999951 ], [ 121.390902940000046, -2.40668906999997 ], [ 121.390286250000031, -2.406559849999951 ], [ 121.39012614, -2.406526299999939 ], [ 121.389911910000023, -2.406481409999969 ], [ 121.389846340000076, -2.406467669999927 ], [ 121.389831680000043, -2.406464599999936 ], [ 121.389530100000115, -2.406401399999936 ], [ 121.389301290000049, -2.406353449999926 ], [ 121.388504200000057, -2.406186429999934 ], [ 121.388167420000059, -2.406115859999943 ], [ 121.387527850000083, -2.405981839999924 ], [ 121.386483550000094, -2.40576300999993 ], [ 121.386350810000067, -2.405735199999981 ], [ 121.386213020000014, -2.40570632999993 ], [ 121.385893340000052, -2.405639339999937 ], [ 121.385744070000101, -2.405608059999963 ], [ 121.385501890000114, -2.405557309999949 ], [ 121.384825400000068, -2.405415559999938 ], [ 121.383350230000019, -2.40510643999994 ], [ 121.382608330000039, -2.404950979999967 ], [ 121.382291830000099, -2.404881609999961 ], [ 121.382191800000101, -2.404856849999931 ], [ 121.381810380000047, -2.404762429999948 ], [ 121.38120914000001, -2.40461358999994 ], [ 121.381190960000026, -2.404609089999951 ], [ 121.380632520000063, -2.404470849999939 ], [ 121.38033925000002, -2.404398249999929 ], [ 121.379655570000068, -2.404229 ], [ 121.379321650000065, -2.404146339999954 ], [ 121.378799710000067, -2.404017129999943 ], [ 121.378455110000118, -2.403931819999968 ], [ 121.37813084000004, -2.403851549999956 ], [ 121.378039480000098, -2.403828929999975 ], [ 121.377747830000089, -2.403756729999941 ], [ 121.377602560000014, -2.40372076999995 ], [ 121.376814520000039, -2.403525679999973 ], [ 121.376652265000075, -2.403485512999964 ], [ 121.376209800000083, -2.403375979999964 ], [ 121.375616530000116, -2.403229119999935 ], [ 121.37515274000009, -2.40311429999997 ], [ 121.374342170000091, -2.402913639999952 ], [ 121.374065950000045, -2.402845259999935 ], [ 121.372554880000052, -2.402471189999972 ], [ 121.372325140000044, -2.402414319999934 ], [ 121.372116700000106, -2.402362719999928 ], [ 121.371976230000087, -2.402327949999972 ], [ 121.37137134000011, -2.40217819999998 ], [ 121.371102030000088, -2.402111529999956 ], [ 121.36885093, -2.401554259999955 ], [ 121.368723270000032, -2.401522659999955 ], [ 121.368113050000034, -2.401371599999948 ], [ 121.367758270000081, -2.401283769999964 ], [ 121.367613240000082, -2.401247869999963 ], [ 121.367039030000115, -2.401105719999975 ], [ 121.366821460000097, -2.401051859999939 ], [ 121.365263, -2.400666049999927 ], [ 121.365096100000073, -2.400624739999955 ], [ 121.364906050000059, -2.400577689999977 ], [ 121.364779410000097, -2.400546339999948 ], [ 121.364206820000049, -2.400404589999937 ], [ 121.364076, -2.400372199999936 ], [ 121.362909240000022, -2.400083369999948 ], [ 121.36160795, -2.399761229999967 ], [ 121.360542800000076, -2.39949753999997 ], [ 121.35995451000008, -2.39935190999995 ], [ 121.359689170000024, -2.399286219999965 ], [ 121.359330730000011, -2.399197489999949 ], [ 121.358980450000104, -2.399110779999944 ], [ 121.358789970000089, -2.399063619999936 ], [ 121.358147220000092, -2.39890158999998 ], [ 121.357080110000084, -2.398608369999977 ], [ 121.356692220000014, -2.398501779999947 ], [ 121.356462720000081, -2.398438719999945 ], [ 121.355821870000113, -2.398262629999977 ], [ 121.355375410000079, -2.398139939999965 ], [ 121.35393944000009, -2.397745359999931 ], [ 121.353807990000064, -2.397709239999926 ], [ 121.353171420000081, -2.397534319999977 ], [ 121.352538630000026, -2.397360439999943 ], [ 121.35082108000006, -2.396888489999981 ], [ 121.350816230000078, -2.396887149999941 ], [ 121.350802910000084, -2.396883489999937 ], [ 121.350792160000083, -2.396880529999976 ], [ 121.350792040000101, -2.396880499999952 ], [ 121.350772660000075, -2.396875179999938 ], [ 121.350739930000032, -2.396866189999969 ], [ 121.350635070000067, -2.396837369999957 ], [ 121.350592390000088, -2.396825639999975 ], [ 121.350555090000057, -2.39681539999998 ], [ 121.350538990000018, -2.396810969999933 ], [ 121.35043096000004, -2.396781289999979 ], [ 121.350329930000044, -2.396753519999947 ], [ 121.35025918000008, -2.396734079999931 ], [ 121.35021555000003, -2.396722089999969 ], [ 121.350180400000113, -2.396712439999931 ], [ 121.350148260000083, -2.396703599999967 ], [ 121.350029140000061, -2.39667086999998 ], [ 121.349907060000078, -2.396637329999976 ], [ 121.34988476, -2.396631199999945 ], [ 121.3498725500001, -2.396627839999951 ], [ 121.349853640000106, -2.396622649999927 ], [ 121.349768900000072, -2.396599359999925 ], [ 121.349626600000079, -2.396560259999944 ], [ 121.349527360000025, -2.396532989999969 ], [ 121.349520240000061, -2.396531029999949 ], [ 121.349439350000011, -2.396508809999943 ], [ 121.349410010000042, -2.396500739999965 ], [ 121.34931594000011, -2.39647489999993 ], [ 121.349227610000071, -2.396450619999939 ], [ 121.349185010000042, -2.39643891999998 ], [ 121.349183840000023, -2.396438599999954 ], [ 121.349135690000026, -2.396425369999974 ], [ 121.34911524000006, -2.39641974999995 ], [ 121.348992740000085, -2.396386089999964 ], [ 121.348890300000107, -2.396357939999973 ], [ 121.348808380000037, -2.396335429999965 ], [ 121.34880540000006, -2.39633460999994 ], [ 121.348788030000037, -2.396329829999956 ], [ 121.34873785000002, -2.396316039999931 ], [ 121.348703500000056, -2.396306609999954 ], [ 121.348601140000028, -2.396278479999978 ], [ 121.348496490000116, -2.396249719999958 ], [ 121.348422080000091, -2.396229279999943 ], [ 121.34839919, -2.396222989999956 ], [ 121.348367730000064, -2.396214339999972 ], [ 121.348344120000093, -2.396207859999947 ], [ 121.337102224000091, -2.393060718999948 ], [ 121.33709345300008, -2.393043707999936 ], [ 121.337079864000088, -2.393051428999968 ], [ 121.336965015000033, -2.393018297999959 ], [ 121.331088911000052, -2.391323179999972 ], [ 121.331047220000073, -2.391310239999939 ], [ 121.331022, -2.39130240999998 ], [ 121.330992320000064, -2.391293189999942 ], [ 121.330987250000021, -2.391291619999947 ], [ 121.33096235000005, -2.391283889999954 ], [ 121.330948850000027, -2.391279699999927 ], [ 121.330925130000082, -2.391272329999936 ], [ 121.330888430000073, -2.391260939999938 ], [ 121.330841990000067, -2.391246519999925 ], [ 121.330813030000058, -2.391237539999963 ], [ 121.330797420000067, -2.391232689999924 ], [ 121.330791290000093, -2.391230779999944 ], [ 121.330788940000048, -2.391230059999941 ], [ 121.330780100000084, -2.391227819999926 ], [ 121.330745440000101, -2.39122070999997 ], [ 121.330704860000083, -2.391212389999964 ], [ 121.330646260000094, -2.391200370999968 ], [ 121.330580540000028, -2.39118689999998 ], [ 121.33057392, -2.391185539999981 ], [ 121.330550680000101, -2.391180769999949 ], [ 121.330538470000079, -2.391178269999955 ], [ 121.330500630000074, -2.391170509999938 ], [ 121.330473270000084, -2.391164899999978 ], [ 121.33040609000011, -2.391151119999961 ], [ 121.330362140000034, -2.391142109999976 ], [ 121.330323830000111, -2.391134249999936 ], [ 121.330304200000114, -2.391130229999931 ], [ 121.330294220000042, -2.391128179999953 ], [ 121.330271590000052, -2.391123539999967 ], [ 121.330233280000016, -2.391115679999928 ], [ 121.330149210000059, -2.391098439999951 ], [ 121.330063120000091, -2.391080789999933 ], [ 121.330022540000073, -2.391072469999926 ], [ 121.330010570000013, -2.391070009999964 ], [ 121.329999570000041, -2.391067759999942 ], [ 121.329993930000114, -2.391066599999931 ], [ 121.329977070000041, -2.391063139999972 ], [ 121.329938240000047, -2.391055179999967 ], [ 121.32988583000008, -2.391044429999965 ], [ 121.329780990000017, -2.391022929999963 ], [ 121.329746180000029, -2.391015789999926 ], [ 121.329721820000032, -2.391010799999947 ], [ 121.329718550000052, -2.391010129999927 ], [ 121.329708620000019, -2.391008089999957 ], [ 121.329685040000072, -2.391003259999934 ], [ 121.329646140000023, -2.39099527999997 ], [ 121.329581870000084, -2.390982099999974 ], [ 121.329475520000074, -2.390960289999953 ], [ 121.329453110000031, -2.390955689999942 ], [ 121.329428680000092, -2.390950679999946 ], [ 121.329416700000024, -2.390948229999935 ], [ 121.329410450000069, -2.390946949999943 ], [ 121.329389630000037, -2.390942679999966 ], [ 121.329340980000097, -2.390932699999951 ], [ 121.329220380000038, -2.390907969999944 ], [ 121.32916036000006, -2.390895659999956 ], [ 121.329153490000067, -2.390894249999974 ], [ 121.329125690000069, -2.390888549999943 ], [ 121.329123210000034, -2.390888039999936 ], [ 121.32906743, -2.390876599999956 ], [ 121.329037860000085, -2.39087053999998 ], [ 121.328949690000059, -2.390852459999962 ], [ 121.32891394, -2.390845129999946 ], [ 121.328890050000041, -2.390840229999981 ], [ 121.32887616000005, -2.390837379999937 ], [ 121.328850730000113, -2.390832159999945 ], [ 121.328794790000074, -2.390820699999949 ], [ 121.328721900000119, -2.39080574999997 ], [ 121.328638530000035, -2.390788649999934 ], [ 121.32862934000002, -2.390786759999969 ], [ 121.3286086600001, -2.390782529999967 ], [ 121.32857458, -2.390775529999928 ], [ 121.328535580000107, -2.390767539999956 ], [ 121.328450320000115, -2.390750049999951 ], [ 121.328406230000041, -2.390741009999942 ], [ 121.328393500000061, -2.390738399999975 ], [ 121.328380760000073, -2.390735789999951 ], [ 121.328356140000096, -2.390730739999981 ], [ 121.328280330000098, -2.39071518999998 ], [ 121.328217868000024, -2.390702386999976 ], [ 121.328217832000064, -2.390702379999937 ], [ 121.32820598, -2.390699949999942 ], [ 121.328158190000067, -2.390690148999965 ], [ 121.328094370000031, -2.390677059999973 ], [ 121.328013520000013, -2.390660479999951 ], [ 121.327995890000011, -2.390656859999979 ], [ 121.327980180000054, -2.390653639999925 ], [ 121.32796428000006, -2.390650379999954 ], [ 121.327883230000111, -2.390633759999957 ], [ 121.327827960000036, -2.390622419999943 ], [ 121.32771101000003, -2.390598439999962 ], [ 121.327679130000092, -2.390591899999947 ], [ 121.327646900000104, -2.390585289999933 ], [ 121.327622940000083, -2.39058037999996 ], [ 121.327615770000079, -2.390578909999931 ], [ 121.327607790000116, -2.390577269999937 ], [ 121.327604390000033, -2.390576569999951 ], [ 121.327573520000101, -2.390570239999931 ], [ 121.327485520000096, -2.390552199999945 ], [ 121.327422180000099, -2.390539209999929 ], [ 121.327372740000101, -2.390529069999957 ], [ 121.327313680000088, -2.390516959999957 ], [ 121.327255220000097, -2.390504969999938 ], [ 121.327235730000098, -2.390500969999948 ], [ 121.327218580000022, -2.390497459999949 ], [ 121.32720479000011, -2.390494629999978 ], [ 121.327130820000093, -2.390479459999938 ], [ 121.327068070000109, -2.39046658999996 ], [ 121.326990920000071, -2.390450769999973 ], [ 121.326919990000079, -2.39043621999997 ], [ 121.326887500000112, -2.390429559999973 ], [ 121.326871210000036, -2.390426219999938 ], [ 121.326857450000034, -2.390423399999975 ], [ 121.326855140000021, -2.390422929999943 ], [ 121.326844760000085, -2.390420799999958 ], [ 121.326808680000113, -2.390413399999943 ], [ 121.326732290000109, -2.390397729999961 ], [ 121.326678740000034, -2.390386749999948 ], [ 121.326577340000085, -2.39036595999994 ], [ 121.326504970000087, -2.390351119999934 ], [ 121.326497970000105, -2.390349679999929 ], [ 121.326488970000014, -2.390347839999947 ], [ 121.326481210000111, -2.390346249999936 ], [ 121.326477540000042, -2.390345499999967 ], [ 121.326449290000028, -2.39033969999997 ], [ 121.326426510000033, -2.39033502999996 ], [ 121.326413080000066, -2.390332279999939 ], [ 121.326395530000013, -2.390328679999925 ], [ 121.326388290000068, -2.390327189999937 ], [ 121.32637150000005, -2.390323749999936 ], [ 121.32633761000011, -2.390316799999937 ], [ 121.326298340000108, -2.390308749999974 ], [ 121.326282260000085, -2.390305449999971 ], [ 121.326265990000024, -2.390302109999936 ], [ 121.326225680000107, -2.390293849999978 ], [ 121.326201930000025, -2.39028897999998 ], [ 121.32618001000003, -2.390284479999934 ], [ 121.326156420000075, -2.39027963999996 ], [ 121.326145660000066, -2.390277439999977 ], [ 121.3261425500001, -2.390276799999981 ], [ 121.326141810000081, -2.390276649999976 ], [ 121.326137800000083, -2.390275819999943 ], [ 121.326128660000109, -2.390273949999937 ], [ 121.326103280000098, -2.390268749999962 ], [ 121.326083810000114, -2.390264749999972 ], [ 121.326020510000035, -2.390251769999963 ], [ 121.32595957, -2.390239279999946 ], [ 121.325884250000058, -2.390223829999968 ], [ 121.325845300000083, -2.390215839999939 ], [ 121.325829680000083, -2.390212639999959 ], [ 121.325821760000053, -2.390211009999973 ], [ 121.32581425, -2.390209479999953 ], [ 121.325783670000078, -2.390203199999974 ], [ 121.325756270000056, -2.390197579999949 ], [ 121.325693300000012, -2.39018466999994 ], [ 121.325600500000064, -2.390165639999964 ], [ 121.325543320000065, -2.390153909999981 ], [ 121.325451050000083, -2.390134989999979 ], [ 121.325445450000075, -2.390133839999976 ], [ 121.325435900000116, -2.390131889999964 ], [ 121.325421040000037, -2.390128839999932 ], [ 121.325417840000114, -2.390128179999977 ], [ 121.325367800000095, -2.390117919999966 ], [ 121.325323590000039, -2.390108849999933 ], [ 121.325226490000091, -2.390088939999941 ], [ 121.325143510000089, -2.390071919999968 ], [ 121.325103520000084, -2.390063719999944 ], [ 121.325050800000099, -2.390052909999952 ], [ 121.325034960000039, -2.390049659999931 ], [ 121.32503406, -2.390049479999959 ], [ 121.325022750000016, -2.390047159999938 ], [ 121.325005980000014, -2.390043719999937 ], [ 121.324965250000105, -2.390035369999964 ], [ 121.324940590000097, -2.390030309999929 ], [ 121.324885790000053, -2.390019069999937 ], [ 121.324813610000092, -2.390004269999963 ], [ 121.324777590000053, -2.389996889999964 ], [ 121.324734420000027, -2.389988029999927 ], [ 121.324658540000087, -2.389972469999975 ], [ 121.324591450000071, -2.389958709999974 ], [ 121.324504910000087, -2.389940969999941 ], [ 121.324455680000028, -2.389930879999952 ], [ 121.32440280000003, -2.389920029999928 ], [ 121.32435849, -2.389910949999944 ], [ 121.324335310000038, -2.389906189999977 ], [ 121.324304440000105, -2.389899859999957 ], [ 121.324226030000091, -2.389883779999934 ], [ 121.324158840000109, -2.38987 ], [ 121.324108890000048, -2.389859759999979 ], [ 121.324088400000051, -2.389855559999944 ], [ 121.324083320000113, -2.389854519999972 ], [ 121.324069660000077, -2.389851719999967 ], [ 121.324060010000039, -2.389849739999931 ], [ 121.324025420000112, -2.389842649999935 ], [ 121.323997480000116, -2.389836909999929 ], [ 121.323952020000092, -2.389827589999925 ], [ 121.323931910000056, -2.389823469999953 ], [ 121.323881270000015, -2.389813079999954 ], [ 121.323824950000017, -2.389801529999943 ], [ 121.323774670000034, -2.38979121999995 ], [ 121.323693870000056, -2.389774649999936 ], [ 121.323660940000082, -2.389767899999924 ], [ 121.323660170000039, -2.389767739999968 ], [ 121.323641690000045, -2.389763949999974 ], [ 121.323623100000077, -2.389760139999964 ], [ 121.323610010000039, -2.389757449999934 ], [ 121.323578950000069, -2.389751089999947 ], [ 121.323569550000116, -2.389749159999951 ], [ 121.323465810000016, -2.389727879999953 ], [ 121.323395600000026, -2.389713479999955 ], [ 121.323251080000091, -2.389683849999926 ], [ 121.323222760000021, -2.389678039999978 ], [ 121.323181220000038, -2.389669519999927 ], [ 121.323119450000036, -2.389656849999938 ], [ 121.323087330000021, -2.389650269999947 ], [ 121.323037930000055, -2.389640139999926 ], [ 121.322945360000062, -2.389621149999925 ], [ 121.322927020000066, -2.389617389999955 ], [ 121.322895410000115, -2.389610909999931 ], [ 121.32287091, -2.389605889999928 ], [ 121.32282229000009, -2.389595909999969 ], [ 121.322738, -2.38957862999996 ], [ 121.322660200000087, -2.389562669999975 ], [ 121.32262275000005, -2.389555 ], [ 121.322619330000066, -2.38955429899994 ], [ 121.322541420000107, -2.389538319999929 ], [ 121.322430600000075, -2.389515589999974 ], [ 121.322327360000031, -2.389494419999949 ], [ 121.322269320000032, -2.389482519999945 ], [ 121.322214110000118, -2.389471189999938 ], [ 121.322189, -2.389466049999953 ], [ 121.321961930000043, -2.389419479999958 ], [ 121.321841760000098, -2.389394839999966 ], [ 121.32144978000008, -2.389314449999972 ], [ 121.321152930000039, -2.389253579999945 ], [ 121.321021490000021, -2.389226629999939 ], [ 121.320942450000075, -2.389210419999927 ], [ 121.320935310000095, -2.389208959999962 ], [ 121.321029860000067, -2.389227639999945 ], [ 121.320886210000026, -2.389198179999937 ], [ 121.32086723000009, -2.389194609999947 ], [ 121.320850417000088, -2.389191462999975 ], [ 121.320762770000101, -2.389175059999957 ], [ 121.320529030000102, -2.389131219999967 ], [ 121.320362660000114, -2.389100019999944 ], [ 121.319985410000072, -2.38902926999998 ], [ 121.319729250000023, -2.388981229999956 ], [ 121.31960885, -2.38895864999995 ] ] ], [ [ [ 121.361759610000036, -1.945742459999963 ], [ 121.36167260000002, -1.945423909999931 ], [ 121.361596300000087, -1.945303019999926 ], [ 121.361421720000067, -1.945225979999975 ], [ 121.361312640000051, -1.945127039999932 ], [ 121.36125818000005, -1.945017149999956 ], [ 121.361181940000051, -1.944841369999949 ], [ 121.361161490000086, -1.944583099999932 ], [ 121.36112327, -1.944490579999979 ], [ 121.361054390000049, -1.944428869999967 ], [ 121.361077520000094, -1.944274749999977 ], [ 121.36116956, -1.94415153999995 ], [ 121.361292230000117, -1.944043769999951 ], [ 121.361399540000093, -1.943974519999927 ], [ 121.361522150000042, -1.943928399999947 ], [ 121.361652360000107, -1.94394393999994 ], [ 121.361767230000055, -1.943974879999928 ], [ 121.361897480000039, -1.94394417999996 ], [ 121.362043080000035, -1.943882659999929 ], [ 121.362066180000056, -1.943759389999968 ], [ 121.361982040000044, -1.943628289999936 ], [ 121.361928490000082, -1.943566579999924 ], [ 121.361836660000108, -1.943458599999929 ], [ 121.361798510000085, -1.94331214999994 ], [ 121.361791, -1.943150309999965 ], [ 121.361791130000029, -1.943011589999969 ], [ 121.361829540000031, -1.942903739999963 ], [ 121.36198284000011, -1.942803699999956 ], [ 121.362082460000011, -1.942765269999938 ], [ 121.362266410000075, -1.942672959999925 ], [ 121.362381400000118, -1.942565179999974 ], [ 121.362488820000067, -1.942388039999969 ], [ 121.362511870000048, -1.942311 ], [ 121.362619140000106, -1.942280269999969 ], [ 121.362711030000014, -1.942326609999952 ], [ 121.362856430000079, -1.942465469999945 ], [ 121.3629405800001, -1.942581149999967 ], [ 121.362994110000045, -1.942689089999931 ], [ 121.363024570000107, -1.942866369999933 ], [ 121.363001440000062, -1.943028179999942 ], [ 121.362894050000023, -1.943174499999941 ], [ 121.362740800000097, -1.94322829999993 ], [ 121.362633500000015, -1.943289849999928 ], [ 121.362595050000095, -1.943436229999975 ], [ 121.362594840000042, -1.943652009999937 ], [ 121.362594640000111, -1.94386008999993 ], [ 121.362632790000021, -1.94402195999993 ], [ 121.362778230000117, -1.944137689999934 ], [ 121.362862510000014, -1.944122369999945 ], [ 121.362969730000032, -1.944137879999971 ], [ 121.363145920000079, -1.944130349999966 ], [ 121.363253140000097, -1.944153579999977 ], [ 121.363375660000088, -1.944199929999968 ], [ 121.363411030000066, -1.94446242999993 ], [ 121.36342801, -1.944687379999948 ], [ 121.363324660000103, -1.944851649999976 ], [ 121.363161170000012, -1.944963949999931 ], [ 121.363057900000058, -1.945041709999941 ], [ 121.362971790000074, -1.945162749999952 ], [ 121.362962970000012, -1.945396319999929 ], [ 121.362962750000065, -1.945621259999939 ], [ 121.362979630000041, -1.945958659999974 ], [ 121.363065520000077, -1.946062569999981 ], [ 121.363194440000029, -1.946140549999939 ], [ 121.363460930000088, -1.946227329999942 ], [ 121.36361571000009, -1.946236129999932 ], [ 121.363796280000088, -1.946253609999928 ], [ 121.364019820000067, -1.946297079999965 ], [ 121.3642776800001, -1.946427109999945 ], [ 121.36435490000008, -1.946600209999929 ], [ 121.364389210000013, -1.946695409999961 ], [ 121.364457750000042, -1.946955 ], [ 121.364466260000086, -1.947041529999979 ], [ 121.364474810000047, -1.94710208999993 ], [ 121.364356180000073, -1.947282489999964 ], [ 121.364312430000041, -1.947359309999968 ], [ 121.364257830000042, -1.947392209999975 ], [ 121.36420320000002, -1.947436079999932 ], [ 121.364126770000098, -1.947457969999959 ], [ 121.364017650000051, -1.947402949999969 ], [ 121.363886730000104, -1.947336929999949 ], [ 121.363733890000049, -1.947347769999965 ], [ 121.363559160000023, -1.94742446999993 ], [ 121.363406280000049, -1.94747923999995 ], [ 121.363286200000061, -1.947479119999969 ], [ 121.363089690000038, -1.94750087999995 ], [ 121.363002270000038, -1.947599639999964 ], [ 121.362773, -1.94762137999993 ], [ 121.362500090000026, -1.947632089999956 ], [ 121.362281860000053, -1.947533039999939 ], [ 121.362085430000093, -1.94747794999995 ], [ 121.36200894000001, -1.94755473999993 ], [ 121.36200878000011, -1.947719469999925 ], [ 121.362008570000057, -1.947939099999928 ], [ 121.361942860000113, -1.948158689999957 ], [ 121.361811700000089, -1.948334269999975 ], [ 121.36164787000007, -1.94842196999997 ], [ 121.361495010000112, -1.948454769999955 ], [ 121.361233, -1.948465489999933 ], [ 121.360949190000042, -1.948465209999938 ], [ 121.360785430000078, -1.948487019999959 ], [ 121.360578, -1.948508779999941 ], [ 121.360414260000084, -1.948508619999927 ], [ 121.360272390000091, -1.94845356999997 ], [ 121.36026168, -1.948255879999977 ], [ 121.360360140000012, -1.948036329999979 ], [ 121.360469470000112, -1.947849749999932 ], [ 121.36056794000001, -1.947619219999979 ], [ 121.36067727000011, -1.947443619999945 ], [ 121.360819250000077, -1.947366879999947 ], [ 121.361070350000091, -1.947345169999949 ], [ 121.361332340000104, -1.947334429999955 ], [ 121.361561630000097, -1.947290729999963 ], [ 121.361627190000036, -1.947213929999975 ], [ 121.361649190000094, -1.947060189999945 ], [ 121.361703920000082, -1.946895509999933 ], [ 121.361824110000043, -1.946774839999932 ], [ 121.361933380000096, -1.946665129999928 ], [ 121.362009880000073, -1.946577339999976 ], [ 121.362010080000118, -1.946368689999929 ], [ 121.361988440000118, -1.946170989999928 ], [ 121.361890330000051, -1.946039109999958 ], [ 121.361803080000072, -1.94594017999998 ], [ 121.361759610000036, -1.945742459999963 ] ] ], [ [ [ 121.366733510000017, -1.946063429999924 ], [ 121.366660570000022, -1.946141559999944 ], [ 121.366524450000043, -1.946229409999944 ], [ 121.366407740000113, -1.946331939999936 ], [ 121.366373560000056, -1.946498099999928 ], [ 121.366353870000012, -1.946762019999937 ], [ 121.366339100000118, -1.946977069999946 ], [ 121.36632434, -1.947162799999944 ], [ 121.366095630000018, -1.947534049999945 ], [ 121.365993380000077, -1.947758799999974 ], [ 121.365764640000066, -1.948178939999934 ], [ 121.365701340000101, -1.948325509999961 ], [ 121.365652630000113, -1.948442769999929 ], [ 121.365531100000112, -1.948501299999975 ], [ 121.365375650000033, -1.948486479999929 ], [ 121.365239670000051, -1.948427699999968 ], [ 121.365171800000098, -1.948266339999975 ], [ 121.36511379, -1.947968119999928 ], [ 121.365162620000092, -1.947713989999954 ], [ 121.365187150000111, -1.947459849999973 ], [ 121.365163070000108, -1.947239869999976 ], [ 121.36506621, -1.946912299999951 ], [ 121.365081, -1.946702129999949 ], [ 121.365173470000059, -1.946531149999942 ], [ 121.365275670000074, -1.946350399999972 ], [ 121.36535355, -1.946213599999965 ], [ 121.365387690000034, -1.946081659999948 ], [ 121.365353540000115, -1.945849669999973 ], [ 121.365295320000087, -1.94576651999995 ], [ 121.365237080000043, -1.945698039999968 ], [ 121.365101080000045, -1.945663679999939 ], [ 121.364974760000109, -1.945658669999943 ], [ 121.364833890000114, -1.94562432999993 ], [ 121.36476593000009, -1.945570489999966 ], [ 121.364722370000095, -1.945389599999942 ], [ 121.364717640000094, -1.945242959999973 ], [ 121.364727450000032, -1.945159879999949 ], [ 121.364790900000116, -1.94486177999994 ], [ 121.364868880000017, -1.944612569999947 ], [ 121.36494196000001, -1.944397579999929 ], [ 121.365078110000013, -1.944285289999925 ], [ 121.365180180000038, -1.944231609999974 ], [ 121.365321200000039, -1.944114449999972 ], [ 121.365716140000018, -1.943721819999951 ], [ 121.365818240000067, -1.943648609999968 ], [ 121.365896040000052, -1.943590029999939 ], [ 121.366046700000084, -1.943541299999936 ], [ 121.366182780000031, -1.943492559999925 ], [ 121.366338330000076, -1.943419389999974 ], [ 121.366513330000089, -1.943321799999978 ], [ 121.366508570000065, -1.943219149999948 ], [ 121.366484380000088, -1.943116479999958 ], [ 121.36642135000011, -1.942979559999969 ], [ 121.36639230000003, -1.942862219999938 ], [ 121.366348740000035, -1.942691099999934 ], [ 121.366368270000066, -1.942598249999946 ], [ 121.366436420000014, -1.942451689999928 ], [ 121.366504650000024, -1.942246459999978 ], [ 121.366592210000022, -1.942139009999948 ], [ 121.366689410000049, -1.942095109999968 ], [ 121.366825460000086, -1.942095239999958 ], [ 121.367063450000046, -1.942173669999931 ], [ 121.367165410000098, -1.942242209999961 ], [ 121.367276980000042, -1.942423169999927 ], [ 121.367373970000017, -1.942613889999961 ], [ 121.367446580000092, -1.94289256999997 ], [ 121.36748044, -1.943049009999925 ], [ 121.367582250000055, -1.943278849999956 ], [ 121.367650070000082, -1.943489099999965 ], [ 121.367664550000086, -1.943596639999953 ], [ 121.367771340000104, -1.94368961999993 ], [ 121.367893490000029, -1.943828509999946 ], [ 121.36795174000008, -1.943882329999951 ], [ 121.368009930000085, -1.943989919999979 ], [ 121.368034100000045, -1.944112149999967 ], [ 121.368029110000066, -1.944249009999965 ], [ 121.367970480000054, -1.944586209999954 ], [ 121.367921730000035, -1.94476211999995 ], [ 121.367853570000079, -1.944913589999942 ], [ 121.367795160000014, -1.945025959999953 ], [ 121.367688150000049, -1.945157819999963 ], [ 121.367561740000042, -1.945240779999949 ], [ 121.367449940000029, -1.945299339999963 ], [ 121.367323580000061, -1.945348089999925 ], [ 121.367187500000114, -1.94537239999994 ], [ 121.367114570000012, -1.945440749999932 ], [ 121.367061050000075, -1.94551402999997 ], [ 121.367002680000041, -1.945592179999949 ], [ 121.366973470000062, -1.945641019999925 ], [ 121.366787080000108, -1.945946169999957 ], [ 121.366733510000017, -1.946063429999924 ] ] ], [ [ [ 121.358505490000084, -1.943714729999954 ], [ 121.358642020000048, -1.943766399999959 ], [ 121.35877865000009, -1.943740759999969 ], [ 121.358804390000046, -1.943611959999942 ], [ 121.358659510000052, -1.943336989999978 ], [ 121.358540180000091, -1.943147919999944 ], [ 121.35836960000006, -1.942984559999957 ], [ 121.358156300000019, -1.942846939999924 ], [ 121.35801132000006, -1.942692209999962 ], [ 121.357857820000049, -1.94252027999994 ], [ 121.357764880000104, -1.942156509999961 ], [ 121.357773670000029, -1.941898859999981 ], [ 121.357842160000018, -1.941692799999942 ], [ 121.358047120000037, -1.941615699999943 ], [ 121.358320290000052, -1.941641729999958 ], [ 121.358482350000031, -1.941787899999952 ], [ 121.358601830000111, -1.941813769999953 ], [ 121.358789620000039, -1.94183972999997 ], [ 121.359071320000112, -1.941865769999936 ], [ 121.359276090000094, -1.941986209999925 ], [ 121.359438290000071, -1.942003539999973 ], [ 121.359549370000082, -1.941900589999932 ], [ 121.359600720000117, -1.941763219999928 ], [ 121.359455730000036, -1.941625669999951 ], [ 121.359566830000063, -1.941496939999979 ], [ 121.359695110000075, -1.941265179999959 ], [ 121.359733090000077, -1.941146699999933 ], [ 121.35977218000005, -1.941024769999956 ], [ 121.359746710000081, -1.940870159999974 ], [ 121.359584540000014, -1.94083564999994 ], [ 121.359422350000045, -1.94080970999994 ], [ 121.359260200000108, -1.940766619999977 ], [ 121.35929447, -1.940629229999956 ], [ 121.35938856000007, -1.940448969999977 ], [ 121.359550880000029, -1.940337479999926 ], [ 121.35975596000003, -1.940140129999975 ], [ 121.359901210000089, -1.940011449999929 ], [ 121.36003788000005, -1.939917099999946 ], [ 121.360200140000074, -1.939865739999959 ], [ 121.360396480000077, -1.939874519999933 ], [ 121.360524470000087, -1.939934759999971 ], [ 121.360703680000029, -1.94002082999998 ], [ 121.360797490000095, -1.94011538999996 ], [ 121.360822950000056, -1.940270009999949 ], [ 121.360822850000091, -1.940373069999964 ], [ 121.36081407000006, -1.940630709999937 ], [ 121.360822370000051, -1.940871209999955 ], [ 121.360864930000048, -1.941000069999973 ], [ 121.36095978000003, -1.941146699999933 ], [ 121.360992800000076, -1.94119773999995 ], [ 121.361171980000108, -1.941300979999937 ], [ 121.361317130000089, -1.941275359999963 ], [ 121.361462340000116, -1.941189609999981 ], [ 121.361607490000097, -1.94116398999995 ], [ 121.361735530000033, -1.941181279999967 ], [ 121.361863490000019, -1.941275889999929 ], [ 121.362027530000091, -1.941639159999966 ], [ 121.361967470000081, -1.941939699999978 ], [ 121.361864790000027, -1.942197259999944 ], [ 121.361668250000093, -1.94238600999995 ], [ 121.361420490000114, -1.942583309999975 ], [ 121.361283810000032, -1.942677649999951 ], [ 121.361309230000074, -1.942858029999968 ], [ 121.361283450000087, -1.943046959999947 ], [ 121.3612491, -1.943261639999946 ], [ 121.36119774000008, -1.943390409999949 ], [ 121.361112280000043, -1.943484809999973 ], [ 121.360949990000108, -1.943587719999925 ], [ 121.360847450000051, -1.943673489999981 ], [ 121.360744960000034, -1.943733519999967 ], [ 121.36049714, -1.943982349999942 ], [ 121.360428730000081, -1.944102509999937 ], [ 121.360377320000111, -1.944282819999955 ], [ 121.360360130000117, -1.944403049999949 ], [ 121.360496580000017, -1.944557779999968 ], [ 121.360599010000101, -1.944583639999962 ], [ 121.360684320000018, -1.944643839999969 ], [ 121.360735480000017, -1.944695429999967 ], [ 121.360761010000033, -1.944789919999948 ], [ 121.360752430000048, -1.94482426999997 ], [ 121.360656940000013, -1.945075319999944 ], [ 121.360656830000039, -1.945186969999952 ], [ 121.360554240000056, -1.945332879999967 ], [ 121.360426020000091, -1.945504519999929 ], [ 121.360314930000072, -1.945616069999971 ], [ 121.360186840000097, -1.945658879999939 ], [ 121.360041730000034, -1.945632979999971 ], [ 121.359990590000052, -1.945538449999958 ], [ 121.359973680000053, -1.945375249999927 ], [ 121.359896940000112, -1.94527211999997 ], [ 121.359794500000021, -1.945280609999941 ], [ 121.359683430000018, -1.945366379999939 ], [ 121.359614970000052, -1.945546669999942 ], [ 121.359648920000041, -1.945744249999962 ], [ 121.359648850000099, -1.94582153999994 ], [ 121.359494980000022, -1.946027519999973 ], [ 121.35923025000011, -1.946104559999981 ], [ 121.359008340000059, -1.946052809999969 ], [ 121.358803580000085, -1.94592377999993 ], [ 121.35838544, -1.945751589999929 ], [ 121.358163630000035, -1.945579609999925 ], [ 121.358027280000101, -1.945339 ], [ 121.358053090000112, -1.945124309999926 ], [ 121.358112980000101, -1.944986949999929 ], [ 121.35816439000007, -1.944789459999924 ], [ 121.358198720000019, -1.94461771999994 ], [ 121.358156120000103, -1.944523209999943 ], [ 121.357959770000093, -1.94451442999997 ], [ 121.357848650000051, -1.944651729999975 ], [ 121.357763090000049, -1.944857769999942 ], [ 121.357600820000016, -1.944934909999972 ], [ 121.357404460000112, -1.944934719999935 ], [ 121.357198290000042, -1.944787019999978 ], [ 121.357121650000067, -1.944589409999935 ], [ 121.357044980000069, -1.944417549999969 ], [ 121.356780510000021, -1.944228359999954 ], [ 121.35660990000008, -1.944090779999954 ], [ 121.356558870000072, -1.943893179999975 ], [ 121.356712770000058, -1.943661449999979 ], [ 121.356883580000044, -1.943592889999934 ], [ 121.357139780000011, -1.943490089999955 ], [ 121.357353290000106, -1.943413 ], [ 121.357558220000101, -1.943361669999945 ], [ 121.35782284000004, -1.943379099999959 ], [ 121.358027650000054, -1.943465189999927 ], [ 121.358223910000106, -1.943568439999979 ], [ 121.358505490000084, -1.943714729999954 ] ] ], [ [ [ 121.358023650000064, -1.940812759999972 ], [ 121.35802362000004, -1.940850169999976 ], [ 121.357972, -1.941048179999939 ], [ 121.357890160000011, -1.94108923999994 ], [ 121.357782330000077, -1.941111579999927 ], [ 121.357709840000098, -1.941146699999933 ], [ 121.35767447, -1.941163839999945 ], [ 121.357585200000017, -1.941201139999976 ], [ 121.357503380000026, -1.941234729999962 ], [ 121.357462470000087, -1.941249639999967 ], [ 121.357350250000081, -1.941343199999949 ], [ 121.357257260000097, -1.941402959999948 ], [ 121.357056450000073, -1.941458859999955 ], [ 121.356974650000097, -1.94146625999997 ], [ 121.356881710000039, -1.941466169999956 ], [ 121.356781430000069, -1.941365089999977 ], [ 121.356788980000033, -1.941237929999943 ], [ 121.356812340000033, -1.941146699999933 ], [ 121.356826310000088, -1.941092109999943 ], [ 121.356904480000026, -1.940983719999963 ], [ 121.357049540000048, -1.940920279999943 ], [ 121.357172210000044, -1.94093160999995 ], [ 121.357317180000109, -1.940942979999932 ], [ 121.357421270000032, -1.94095429999993 ], [ 121.3575217, -1.940902029999961 ], [ 121.357596100000023, -1.940846 ], [ 121.357681650000018, -1.940797459999942 ], [ 121.357778340000095, -1.940767639999933 ], [ 121.357845250000082, -1.940767699999981 ], [ 121.357923330000062, -1.940767779999931 ], [ 121.357986500000038, -1.94079402999995 ], [ 121.358023650000064, -1.940812759999972 ] ] ], [ [ [ 121.364204500000028, -1.937945819999925 ], [ 121.364061290000109, -1.938123429999962 ], [ 121.363993920000098, -1.938191079999967 ], [ 121.363867470000059, -1.938444899999979 ], [ 121.363724310000066, -1.938571729999978 ], [ 121.363614840000082, -1.938664729999971 ], [ 121.363387580000108, -1.938757629999941 ], [ 121.36316037000006, -1.938799719999963 ], [ 121.362992100000042, -1.938791089999938 ], [ 121.362823850000041, -1.938774 ], [ 121.362714530000062, -1.93870617999994 ], [ 121.362630510000031, -1.938587599999948 ], [ 121.362622280000096, -1.93839289999994 ], [ 121.36260556000002, -1.93828284999995 ], [ 121.362614130000111, -1.93812201999998 ], [ 121.362605790000089, -1.938045839999972 ], [ 121.362546960000032, -1.93796113999997 ], [ 121.362446090000049, -1.937867929999925 ], [ 121.362210590000018, -1.937774579999939 ], [ 121.362017130000027, -1.937723609999978 ], [ 121.361781510000014, -1.937757249999947 ], [ 121.36165526000002, -1.937799449999943 ], [ 121.361512210000114, -1.937833159999968 ], [ 121.361352310000029, -1.937866869999937 ], [ 121.361116720000041, -1.937875099999928 ], [ 121.360948450000024, -1.937874929999964 ], [ 121.360805430000028, -1.937857859999951 ], [ 121.360738180000112, -1.937798549999968 ], [ 121.360620500000095, -1.937679929999945 ], [ 121.36051964, -1.937569789999941 ], [ 121.360393550000026, -1.937451169999974 ], [ 121.36035159000005, -1.93733261999995 ], [ 121.360292810000033, -1.937222519999978 ], [ 121.360242460000109, -1.937070109999979 ], [ 121.36009958000011, -1.936909149999963 ], [ 121.360040740000045, -1.936858299999926 ], [ 121.359981900000093, -1.936790529999939 ], [ 121.359990500000094, -1.936604319999958 ], [ 121.359990640000092, -1.936451959999943 ], [ 121.360041200000069, -1.93638427999997 ], [ 121.360108580000087, -1.936299709999957 ], [ 121.360201220000022, -1.936206679999941 ], [ 121.360260290000042, -1.936028989999954 ], [ 121.360285690000069, -1.935876649999955 ], [ 121.360327880000114, -1.935741259999929 ], [ 121.360370030000013, -1.935656649999942 ], [ 121.360479830000031, -1.935350099999937 ], [ 121.360555710000085, -1.935189349999973 ], [ 121.360648330000117, -1.935121729999935 ], [ 121.360774560000095, -1.935087979999935 ], [ 121.36084195, -1.935011879999934 ], [ 121.360884120000037, -1.934901879999927 ], [ 121.36086750000004, -1.934698699999956 ], [ 121.360867640000038, -1.93454633999994 ], [ 121.360892990000025, -1.934419409999975 ], [ 121.360960350000028, -1.934385609999936 ], [ 121.36107813000001, -1.93439417999997 ], [ 121.361212710000018, -1.934445109999956 ], [ 121.361237870000082, -1.934512849999976 ], [ 121.361296770000081, -1.934512909999967 ], [ 121.361406270000089, -1.934386039999936 ], [ 121.361549450000098, -1.934242279999978 ], [ 121.361717820000081, -1.934132399999953 ], [ 121.361860940000042, -1.934047899999939 ], [ 121.361936760000049, -1.933937929999956 ], [ 121.361919990000047, -1.933878669999956 ], [ 121.361751800000093, -1.933802319999927 ], [ 121.361575180000045, -1.933717499999943 ], [ 121.361524840000016, -1.93358201999996 ], [ 121.36134784, -1.933290269999929 ], [ 121.361213350000071, -1.933146239999928 ], [ 121.361146250000047, -1.93293454999997 ], [ 121.361121260000118, -1.932672129999958 ], [ 121.361171890000037, -1.932502879999959 ], [ 121.361256130000015, -1.93240985999995 ], [ 121.361441300000024, -1.932333859999972 ], [ 121.361559150000062, -1.932274719999953 ], [ 121.361626550000096, -1.932173209999974 ], [ 121.361567770000079, -1.932063109999945 ], [ 121.361391200000071, -1.93192750999998 ], [ 121.361290330000088, -1.931834309999942 ], [ 121.361214700000119, -1.931741109999962 ], [ 121.361215030000039, -1.931518119999964 ], [ 121.36124884000003, -1.931357319999961 ], [ 121.361341460000062, -1.931281229999968 ], [ 121.361434130000021, -1.931154349999929 ], [ 121.361627960000078, -1.930824419999965 ], [ 121.361661800000093, -1.930638229999943 ], [ 121.361636710000084, -1.930468909999945 ], [ 121.361687360000019, -1.930299679999962 ], [ 121.361788430000047, -1.93018971999993 ], [ 121.36185579000005, -1.930130549999944 ], [ 121.361998830000061, -1.930130689999942 ], [ 121.362225970000054, -1.930164759999968 ], [ 121.36245306, -1.930241169999931 ], [ 121.362604580000038, -1.930156669999974 ], [ 121.362781420000033, -1.930012929999975 ], [ 121.362907690000043, -1.929945339999961 ], [ 121.36290779, -1.929835299999979 ], [ 121.362815340000111, -1.92973362999993 ], [ 121.362722880000092, -1.929631979999954 ], [ 121.362689370000112, -1.929488039999967 ], [ 121.362681130000055, -1.929301819999978 ], [ 121.362968820000106, -1.929037749999964 ], [ 121.363221310000085, -1.928961819999927 ], [ 121.363364520000118, -1.928758809999977 ], [ 121.363440490000016, -1.928513399999929 ], [ 121.363507970000114, -1.928327249999938 ], [ 121.3635922200001, -1.928208819999952 ], [ 121.363811090000013, -1.928090539999971 ], [ 121.36398784000005, -1.928031449999935 ], [ 121.36424868000006, -1.928006309999944 ], [ 121.364425380000057, -1.928006479999965 ], [ 121.364627270000028, -1.928040529999976 ], [ 121.364820700000109, -1.928125359999967 ], [ 121.364963630000034, -1.928235539999946 ], [ 121.365106610000112, -1.92830338999994 ], [ 121.365283200000022, -1.928396689999943 ], [ 121.365426170000092, -1.928464539999936 ], [ 121.365585960000089, -1.928540869999949 ], [ 121.365737350000018, -1.928591809999944 ], [ 121.365964470000108, -1.928642809999928 ], [ 121.366124310000032, -1.928676829999972 ], [ 121.366359810000063, -1.928761709999947 ], [ 121.366469150000057, -1.928804119999938 ], [ 121.3665616400001, -1.928863469999953 ], [ 121.366595180000104, -1.928990469999974 ], [ 121.366527810000093, -1.929347759999928 ], [ 121.366435150000029, -1.929466169999955 ], [ 121.366342550000013, -1.929525339999941 ], [ 121.366233100000045, -1.929601409999975 ], [ 121.366056250000042, -1.929779 ], [ 121.365971960000024, -1.929922809999937 ], [ 121.365904520000072, -1.930066649999958 ], [ 121.365778170000112, -1.930210429999931 ], [ 121.365685520000056, -1.930320379999955 ], [ 121.36562656000001, -1.930396499999972 ], [ 121.365517140000065, -1.930421779999961 ], [ 121.36536573, -1.930396239999936 ], [ 121.365306910000072, -1.930303079999931 ], [ 121.365239700000075, -1.930209909999974 ], [ 121.365088290000017, -1.930158969999979 ], [ 121.364894760000084, -1.930184169999961 ], [ 121.364675990000023, -1.930192429999977 ], [ 121.364448810000113, -1.930209149999939 ], [ 121.364339360000031, -1.930285209999965 ], [ 121.36412891000009, -1.930395049999959 ], [ 121.363952110000014, -1.930504919999976 ], [ 121.363716520000025, -1.930521619999979 ], [ 121.363548300000048, -1.930462199999965 ], [ 121.363321150000047, -1.930436589999942 ], [ 121.363287460000038, -1.930470419999949 ], [ 121.363278920000084, -1.930605839999942 ], [ 121.363312480000104, -1.930707459999951 ], [ 121.363607080000065, -1.931099269999947 ], [ 121.363699610000026, -1.931133229999944 ], [ 121.363850950000028, -1.931234959999927 ], [ 121.36405271000001, -1.931421359999945 ], [ 121.364128370000117, -1.931480689999944 ], [ 121.364204, -1.931582349999928 ], [ 121.364279600000032, -1.931700919999969 ], [ 121.36432987, -1.931929519999926 ], [ 121.3643464700001, -1.932166529999961 ], [ 121.364245420000088, -1.932268009999973 ], [ 121.364102300000013, -1.932352519999938 ], [ 121.363933950000046, -1.932437 ], [ 121.363740310000026, -1.932555309999941 ], [ 121.363647620000052, -1.932699129999946 ], [ 121.363697880000018, -1.93294463999996 ], [ 121.363731370000096, -1.933105509999962 ], [ 121.363697430000116, -1.933410199999969 ], [ 121.363672110000039, -1.933486349999953 ], [ 121.363554220000083, -1.933596269999953 ], [ 121.363436360000037, -1.93365541999998 ], [ 121.36325123000006, -1.933697559999928 ], [ 121.363066120000099, -1.933697379999956 ], [ 121.362889430000109, -1.933705669999938 ], [ 121.362779980000028, -1.93378174999998 ], [ 121.362720970000055, -1.933891729999971 ], [ 121.362754500000051, -1.934027189999938 ], [ 121.362855370000034, -1.934120399999927 ], [ 121.363082260000056, -1.934412099999975 ], [ 121.36313258000007, -1.934589899999935 ], [ 121.363115660000062, -1.934683009999958 ], [ 121.363031370000044, -1.934843739999963 ], [ 121.362997610000093, -1.934953749999977 ], [ 121.363022690000093, -1.935123069999975 ], [ 121.363047900000083, -1.935156939999956 ], [ 121.363182450000068, -1.935216329999946 ], [ 121.363308640000014, -1.935233389999951 ], [ 121.363485390000051, -1.935182759999975 ], [ 121.363628450000078, -1.935140589999946 ], [ 121.363712620000115, -1.935123739999938 ], [ 121.363830380000081, -1.935157699999934 ], [ 121.363922860000116, -1.935225509999952 ], [ 121.364057210000055, -1.935513449999974 ], [ 121.364132810000115, -1.935640489999969 ], [ 121.364166360000013, -1.935750559999974 ], [ 121.364183040000057, -1.935886009999933 ], [ 121.364208120000058, -1.936063789999935 ], [ 121.364207960000044, -1.936224609999954 ], [ 121.36415726000007, -1.936470039999961 ], [ 121.364325360000066, -1.93663947999994 ], [ 121.364409450000039, -1.936690359999943 ], [ 121.364535580000052, -1.936766659999932 ], [ 121.364653290000092, -1.936851419999925 ], [ 121.364762570000039, -1.936961559999929 ], [ 121.364829840000084, -1.937003949999962 ], [ 121.364981130000047, -1.937164939999946 ], [ 121.365014700000074, -1.937258069999928 ], [ 121.365014590000101, -1.937368109999966 ], [ 121.364963960000068, -1.937511969999946 ], [ 121.364905030000045, -1.937562689999936 ], [ 121.364768540000114, -1.937616249999962 ], [ 121.36467597, -1.937624619999951 ], [ 121.364608670000052, -1.937616089999949 ], [ 121.364490820000015, -1.937675229999968 ], [ 121.364364490000071, -1.937802079999926 ], [ 121.364204500000028, -1.937945819999925 ] ] ], [ [ [ 121.331403310000042, -1.932933099999957 ], [ 121.331515810000042, -1.93286532999997 ], [ 121.331553550000081, -1.932616479999979 ], [ 121.331561220000026, -1.932435479999924 ], [ 121.331561320000105, -1.932329899999957 ], [ 121.331643860000099, -1.932254549999925 ], [ 121.331771340000046, -1.932209439999951 ], [ 121.331913790000044, -1.93219449999998 ], [ 121.332018720000065, -1.93222475999994 ], [ 121.332086140000115, -1.932262539999954 ], [ 121.332153560000052, -1.932315389999928 ], [ 121.332168480000064, -1.932390819999966 ], [ 121.332190890000106, -1.93248135999994 ], [ 121.332190770000011, -1.932602029999941 ], [ 121.332145720000085, -1.932669859999976 ], [ 121.332100680000053, -1.932737699999961 ], [ 121.33200317, -1.932782839999959 ], [ 121.331898140000021, -1.932873249999943 ], [ 121.331785580000087, -1.93298625999995 ], [ 121.331733010000107, -1.933076719999974 ], [ 121.331725310000024, -1.933287879999966 ], [ 121.331702700000051, -1.933408529999951 ], [ 121.331627580000031, -1.933559289999948 ], [ 121.331575030000067, -1.933649729999956 ], [ 121.331499930000064, -1.933785409999928 ], [ 121.33144733000006, -1.933906039999954 ], [ 121.33138727000005, -1.93399648999997 ], [ 121.331259790000104, -1.934041599999944 ], [ 121.33118482000009, -1.934041529999945 ], [ 121.331079910000085, -1.934003719999964 ], [ 121.330997490000073, -1.93395838999993 ], [ 121.331005100000084, -1.933837719999929 ], [ 121.331065200000012, -1.933709569999962 ], [ 121.331110280000075, -1.933611569999925 ], [ 121.33117784, -1.933513589999961 ], [ 121.331170440000051, -1.933423079999955 ], [ 121.331125600000064, -1.933264669999971 ], [ 121.331163210000113, -1.933136489999924 ], [ 121.331260790000101, -1.933015909999938 ], [ 121.331403310000042, -1.932933099999957 ] ] ], [ [ [ 121.362801750000017, -1.923410099999955 ], [ 121.362911860000054, -1.923410199999978 ], [ 121.363058620000061, -1.923447259999932 ], [ 121.3631227300001, -1.923548859999926 ], [ 121.363085850000061, -1.923733419999962 ], [ 121.363085710000064, -1.92388109999996 ], [ 121.363085570000067, -1.92402876999995 ], [ 121.363158910000038, -1.924093459999938 ], [ 121.363232240000116, -1.924158129999967 ], [ 121.363406480000094, -1.924241369999947 ], [ 121.363553260000117, -1.924250749999942 ], [ 121.363828480000052, -1.924260239999967 ], [ 121.363956950000102, -1.924232679999932 ], [ 121.364067170000112, -1.924112789999924 ], [ 121.364140660000089, -1.924002099999939 ], [ 121.364278320000039, -1.923956079999925 ], [ 121.364360880000049, -1.923974619999967 ], [ 121.36448925000002, -1.924048589999927 ], [ 121.364553350000051, -1.92416862999994 ], [ 121.3646083000001, -1.924279449999972 ], [ 121.364644840000096, -1.92444562999998 ], [ 121.364653790000034, -1.924667149999948 ], [ 121.364653690000068, -1.924768679999943 ], [ 121.36458932000005, -1.924934759999928 ], [ 121.364543280000021, -1.925110079999968 ], [ 121.364460640000061, -1.925183839999931 ], [ 121.364313800000104, -1.925239089999934 ], [ 121.364139450000039, -1.925275839999927 ], [ 121.363818370000104, -1.92524783999994 ], [ 121.363515680000091, -1.925173699999959 ], [ 121.36324056, -1.925053439999942 ], [ 121.363011290000031, -1.924960929999941 ], [ 121.362910520000014, -1.924813149999977 ], [ 121.362864890000083, -1.924554669999964 ], [ 121.36271833, -1.924314539999955 ], [ 121.362553350000098, -1.924139019999927 ], [ 121.36249849, -1.923935909999955 ], [ 121.362480360000063, -1.923723609999968 ], [ 121.362498860000073, -1.923548249999953 ], [ 121.362535650000041, -1.923465209999961 ], [ 121.362572390000082, -1.923419099999933 ], [ 121.362645790000101, -1.92340994999995 ], [ 121.362801750000017, -1.923410099999955 ] ] ], [ [ [ 121.431768290000036, -1.957049129999973 ], [ 121.431746420000081, -1.956982889999949 ], [ 121.431812450000052, -1.956762209999965 ], [ 121.4318345800001, -1.956563569999958 ], [ 121.43194445000006, -1.956387089999964 ], [ 121.432098210000049, -1.956188569999938 ], [ 121.432295780000118, -1.956078389999959 ], [ 121.43238352000003, -1.956122619999974 ], [ 121.432558940000035, -1.956233149999946 ], [ 121.432756330000075, -1.956321629999934 ], [ 121.433041560000106, -1.956343969999978 ], [ 121.433392610000055, -1.956344299999955 ], [ 121.433546260000071, -1.956278219999945 ], [ 121.433809670000073, -1.956168099999957 ], [ 121.434007240000028, -1.956057919999978 ], [ 121.434160880000036, -1.955991839999967 ], [ 121.434490020000112, -1.955970079999929 ], [ 121.434753370000067, -1.955926179999949 ], [ 121.43486307, -1.955926279999971 ], [ 121.435082490000013, -1.955926489999968 ], [ 121.435279900000069, -1.955992889999948 ], [ 121.435389440000108, -1.956169589999945 ], [ 121.43541120000009, -1.956368269999928 ], [ 121.43541102000006, -1.956566929999951 ], [ 121.435410910000087, -1.956677299999967 ], [ 121.435410750000074, -1.956853889999934 ], [ 121.435388660000058, -1.957008379999934 ], [ 121.435476260000087, -1.957185059999972 ], [ 121.435563960000081, -1.95725135999993 ], [ 121.4355638400001, -1.957383799999945 ], [ 121.435585640000113, -1.957538339999928 ], [ 121.43558556000005, -1.957626629999936 ], [ 121.435541520000015, -1.957803179999928 ], [ 121.43545366, -1.957891389999929 ], [ 121.435321940000108, -1.957979559999956 ], [ 121.435036550000063, -1.958133809999936 ], [ 121.434904860000074, -1.958177829999954 ], [ 121.43470729, -1.958288019999941 ], [ 121.434465850000038, -1.958376079999937 ], [ 121.434224400000062, -1.958486219999941 ], [ 121.434026910000057, -1.958508109999968 ], [ 121.43385129, -1.958596239999963 ], [ 121.433741520000012, -1.958662359999948 ], [ 121.4335659300001, -1.958728419999943 ], [ 121.433478210000089, -1.958684189999929 ], [ 121.433105200000114, -1.958683839999935 ], [ 121.432885750000082, -1.958727779999947 ], [ 121.432754030000069, -1.958793869999965 ], [ 121.432666210000093, -1.958860009999967 ], [ 121.432709910000085, -1.959058719999973 ], [ 121.432665900000075, -1.959191119999957 ], [ 121.432490130000019, -1.959455829999968 ], [ 121.432336410000062, -1.959588129999929 ], [ 121.432094950000078, -1.959698269999933 ], [ 121.431787590000113, -1.959896639999954 ], [ 121.431458300000031, -1.960072919999959 ], [ 121.431041360000108, -1.960138749999942 ], [ 121.43069021000008, -1.960226709999972 ], [ 121.430382990000112, -1.960270569999977 ], [ 121.430163580000112, -1.960270369999932 ], [ 121.42992232000006, -1.960159769999962 ], [ 121.429900670000052, -1.959850719999963 ], [ 121.429900950000047, -1.95954168999998 ], [ 121.429967060000081, -1.959254789999932 ], [ 121.43003310000006, -1.959012049999956 ], [ 121.430121050000025, -1.958813469999939 ], [ 121.430340670000078, -1.95859293999996 ], [ 121.43053830000008, -1.958438609999973 ], [ 121.430911450000053, -1.958262369999943 ], [ 121.431152950000069, -1.958108079999931 ], [ 121.43152611000005, -1.957953919999966 ], [ 121.431789520000052, -1.957821729999978 ], [ 121.43198709, -1.957711539999934 ], [ 121.432096920000049, -1.957579209999949 ], [ 121.432184780000057, -1.95746891999994 ], [ 121.432184850000112, -1.957402699999932 ], [ 121.43211921000011, -1.957203969999966 ], [ 121.432031530000017, -1.957115599999952 ], [ 121.431768290000036, -1.957049129999973 ] ] ], [ [ [ 121.492729334000046, -1.942921572999978 ], [ 121.493066973000055, -1.942636853999943 ], [ 121.493214690000059, -1.94247867699994 ], [ 121.493499573, -1.942172866999954 ], [ 121.493700046000072, -1.942056869999931 ], [ 121.493974378000075, -1.942077960999939 ], [ 121.49432256800003, -1.941761605999943 ], [ 121.494712963000097, -1.94183542199994 ], [ 121.494902885000101, -1.941867057999957 ], [ 121.494902949000107, -1.941872015999934 ], [ 121.494987295000101, -1.941867057999957 ], [ 121.495177217000105, -1.941814331999979 ], [ 121.495493753000119, -1.941751060999934 ], [ 121.495704777000014, -1.941993598999943 ], [ 121.495873597000013, -1.942394314999945 ], [ 121.495873597000013, -1.94290048299996 ], [ 121.495831392000014, -1.943259017999935 ], [ 121.495778636000068, -1.94377572999997 ], [ 121.495768085, -1.944081538999967 ], [ 121.495567612000059, -1.944355712999936 ], [ 121.495353474000012, -1.944436690999964 ], [ 121.495327949000057, -1.944659651999928 ], [ 121.494955641000047, -1.944914604999951 ], [ 121.494596900000033, -1.945209868999939 ], [ 121.494396427000083, -1.945842576999951 ], [ 121.494312017000084, -1.946032389999971 ], [ 121.493868866000071, -1.94608511499996 ], [ 121.493689495000012, -1.945821486999932 ], [ 121.493467919000068, -1.945336410999971 ], [ 121.493204139000113, -1.945020056999965 ], [ 121.493098627000109, -1.944556070999965 ], [ 121.493066973000055, -1.944334622999975 ], [ 121.493066973000055, -1.944049903999939 ], [ 121.49300366600005, -1.943997177999961 ], [ 121.492993482000088, -1.943993106999926 ], [ 121.492930619000049, -1.943967975999954 ], [ 121.492898154000045, -1.943954997999924 ], [ 121.492887034000091, -1.943956512999932 ], [ 121.4927609880001, -1.943923361999964 ], [ 121.492613271000096, -1.94381791099994 ], [ 121.492497207000042, -1.94354373699997 ], [ 121.492486656000096, -1.943237927999974 ], [ 121.492613271000096, -1.943048114999954 ], [ 121.492729334000046, -1.942921572999978 ] ] ], [ [ [ 121.483714500000019, -1.941207899999938 ], [ 121.483829900000046, -1.941342239999926 ], [ 121.483892420000075, -1.94142501999994 ], [ 121.48390767, -1.941445209999927 ], [ 121.484025430000088, -1.941533479999975 ], [ 121.484149240000079, -1.941624799999943 ], [ 121.484191410000108, -1.941770769999948 ], [ 121.484224570000038, -1.941858959999934 ], [ 121.484185220000086, -1.941937969999969 ], [ 121.484112670000059, -1.941965269999969 ], [ 121.484049170000048, -1.942026019999957 ], [ 121.483955470000069, -1.942056329999957 ], [ 121.483840660000055, -1.942047109999976 ], [ 121.483650290000014, -1.942053019999946 ], [ 121.483505300000047, -1.942001199999936 ], [ 121.483302820000063, -1.942034459999945 ], [ 121.483256810000057, -1.94201757999997 ], [ 121.48313668000003, -1.941973509999968 ], [ 121.48300079, -1.941891299999952 ], [ 121.4829766900001, -1.941803109999967 ], [ 121.483010040000067, -1.941681529999926 ], [ 121.483194540000113, -1.941471929999977 ], [ 121.483318480000094, -1.941411229999972 ], [ 121.483339160000014, -1.941395259999979 ], [ 121.483507870000039, -1.941264919999981 ], [ 121.483566750000023, -1.94121905999998 ], [ 121.483583170000088, -1.941191879999963 ], [ 121.483584560000054, -1.941189519999966 ], [ 121.483586100000025, -1.94118943999996 ], [ 121.483664390000058, -1.941184329999942 ], [ 121.483714500000019, -1.941207899999938 ] ] ], [ [ [ 121.50105781000002, -1.939440759999968 ], [ 121.501224770000022, -1.939593019999961 ], [ 121.50133728000003, -1.939761189999956 ], [ 121.501231880000091, -1.940008039999952 ], [ 121.500863430000095, -1.940342849999979 ], [ 121.500302060000081, -1.94078331999998 ], [ 121.499794850000058, -1.940978669999936 ], [ 121.499091770000064, -1.94152306999996 ], [ 121.498600890000034, -1.941540269999962 ], [ 121.498320400000011, -1.941540019999934 ], [ 121.498127740000086, -1.941328179999971 ], [ 121.497690060000082, -1.940657519999945 ], [ 121.497655420000115, -1.940181239999959 ], [ 121.497953620000089, -1.939987479999957 ], [ 121.498304190000113, -1.940040709999948 ], [ 121.498742570000104, -1.939917629999968 ], [ 121.49914595000007, -1.939723959999981 ], [ 121.499584390000109, -1.939530329999968 ], [ 121.50007904000006, -1.939276329999927 ], [ 121.500654180000083, -1.939072669999973 ], [ 121.50096966000001, -1.939161149999961 ], [ 121.50105781000002, -1.939440759999968 ] ] ], [ [ [ 121.482042720000095, -1.932217709999975 ], [ 121.481848260000106, -1.931984179999972 ], [ 121.481341782000072, -1.931795842999975 ], [ 121.480948766000097, -1.931649697999944 ], [ 121.480822286000034, -1.931480044999944 ], [ 121.480605986000114, -1.931174233999968 ], [ 121.480381151000074, -1.930527075999976 ], [ 121.480379562000053, -1.930496916999971 ], [ 121.480371885000068, -1.930493079999962 ], [ 121.480236693000052, -1.93042552299994 ], [ 121.480099527000107, -1.93042552299994 ], [ 121.479730235000034, -1.930320070999926 ], [ 121.47945590300003, -1.930151346999935 ], [ 121.479508659000089, -1.929792808999935 ], [ 121.479930708000097, -1.929866625999978 ], [ 121.480268347000106, -1.93002480399997 ], [ 121.480511025000055, -1.930140801999926 ], [ 121.480608863000043, -1.930167035999943 ], [ 121.480667365000045, -1.930182722999973 ], [ 121.48071677400003, -1.930130255999927 ], [ 121.481096617000048, -1.930130255999927 ], [ 121.481434256000057, -1.93021461799998 ], [ 121.481940715000064, -1.930341160999944 ], [ 121.482426071000077, -1.930404431999932 ], [ 121.483966548000012, -1.930182982999952 ], [ 121.484198675000016, -1.930151346999935 ], [ 121.484768441000028, -1.930267343999958 ], [ 121.485011119000092, -1.930509884999935 ], [ 121.485137734000091, -1.93078406099994 ], [ 121.485285451000095, -1.930963328999951 ], [ 121.485580885000104, -1.931184778999977 ], [ 121.485608919000015, -1.931302457999948 ], [ 121.485645870000099, -1.931310949999954 ], [ 121.485810019000041, -1.931464967999943 ], [ 121.486002933, -1.931527498999969 ], [ 121.486293092000096, -1.93155386199993 ], [ 121.486398604000101, -1.931754220999949 ], [ 121.486430258000041, -1.93207057799998 ], [ 121.486456098000076, -1.932256049999978 ], [ 121.48675207000008, -1.932866741999931 ], [ 121.486889236000025, -1.932961647999946 ], [ 121.487121362000039, -1.933151461999955 ], [ 121.487300733000097, -1.933235823999951 ], [ 121.487501206000047, -1.933225278999942 ], [ 121.487643648000017, -1.933177824999973 ], [ 121.487817743000051, -1.933104008999976 ], [ 121.488076248000084, -1.933030191999933 ], [ 121.488440265, -1.933072372999959 ], [ 121.488725147000082, -1.933093463999967 ], [ 121.48897837700008, -1.933114553999928 ], [ 121.489231606000089, -1.933204187999934 ], [ 121.489384598000015, -1.933399274999942 ], [ 121.489490111, -1.933705085999975 ], [ 121.489479559000074, -1.933857990999968 ], [ 121.489447906, -1.934037259999968 ], [ 121.489231606000089, -1.934232345999931 ], [ 121.489078613000061, -1.934316707999926 ], [ 121.489061352000022, -1.934330508999949 ], [ 121.489065640000035, -1.934383459999935 ], [ 121.488764235000076, -1.934593142999972 ], [ 121.488746982000066, -1.934653759999946 ], [ 121.488349450000101, -1.93605053899995 ], [ 121.488340947000097, -1.936080415999925 ], [ 121.488582706000102, -1.936225388999958 ], [ 121.488688218000107, -1.936467927999956 ], [ 121.488730423000106, -1.93679482899995 ], [ 121.488755324000067, -1.937110059999952 ], [ 121.488783179000052, -1.937153365999961 ], [ 121.488846486000057, -1.937279907999937 ], [ 121.488930896000056, -1.93739590499996 ], [ 121.489099716000055, -1.937522446999935 ], [ 121.489236881000011, -1.937575172999971 ], [ 121.489447906, -1.937575172999971 ], [ 121.489806647000023, -1.937596262999932 ], [ 121.490070428000081, -1.937596262999932 ], [ 121.49032365700009, -1.937627898999949 ], [ 121.490471374000094, -1.937659533999977 ], [ 121.490629642000044, -1.937743895999972 ], [ 121.490756257000044, -1.937859892999938 ], [ 121.490798462000043, -1.938123521999955 ], [ 121.490819564000049, -1.938387151999962 ], [ 121.490903974000048, -1.938619145999951 ], [ 121.490967281000053, -1.938798413999962 ], [ 121.491051691000052, -1.938924955999937 ], [ 121.491188857000111, -1.939125313999966 ], [ 121.49155814900007, -1.939357307999956 ], [ 121.49184303200002, -1.939652572999933 ], [ 121.491969647000019, -1.94009546999996 ], [ 121.49184303200002, -1.940538366999931 ], [ 121.491632008000011, -1.940728179999951 ], [ 121.491446302000099, -1.940839539999956 ], [ 121.491420983000012, -1.940854721999926 ], [ 121.491378952000105, -1.940930333999972 ], [ 121.491173030000027, -1.940997081999967 ], [ 121.490909249000083, -1.940997081999967 ], [ 121.49042389300007, -1.940954900999941 ], [ 121.489759167000102, -1.940902174999962 ], [ 121.488609084000018, -1.941239620999966 ], [ 121.48839806, -1.941355616999942 ], [ 121.48798656200006, -1.941555974999972 ], [ 121.487564514000042, -1.941714152999964 ], [ 121.487311284000043, -1.941988326999933 ], [ 121.486889236000025, -1.942336316999956 ], [ 121.486562148000075, -1.942599945999973 ], [ 121.486266714000067, -1.942663216999961 ], [ 121.486161202000062, -1.942631580999944 ], [ 121.486055689000068, -1.94244176899997 ], [ 121.486002933, -1.942262500999959 ], [ 121.48597053200001, -1.942224045999978 ], [ 121.485992382000063, -1.942199229999972 ], [ 121.485992382000063, -1.942083232999948 ], [ 121.486002933, -1.941882874999976 ], [ 121.486066241000117, -1.941714152999964 ], [ 121.486045138, -1.941429432999939 ], [ 121.485865768000053, -1.941207984999949 ], [ 121.485707499000114, -1.940902174999962 ], [ 121.485653208000031, -1.940663432999941 ], [ 121.485781358000054, -1.940522548999979 ], [ 121.485876319000113, -1.940185103999966 ], [ 121.485718051000049, -1.939984745999936 ], [ 121.48551757700011, -1.93986874899997 ], [ 121.485127182000042, -1.939731661999929 ], [ 121.484852851000028, -1.93967893599995 ], [ 121.484325290000015, -1.939615664999963 ], [ 121.483998202000066, -1.939700025999969 ], [ 121.483618358000058, -1.939721116999976 ], [ 121.483164656000099, -1.93967893599995 ], [ 121.482552685000087, -1.939562938999927 ], [ 121.48203567600001, -1.93948912299993 ], [ 121.481860069000049, -1.939244477999978 ], [ 121.481866856000011, -1.938993499999981 ], [ 121.482056778000015, -1.938845866999941 ], [ 121.482478827000023, -1.938634963999959 ], [ 121.482637095000086, -1.938455695999949 ], [ 121.482817842000031, -1.93846264299998 ], [ 121.482835666000028, -1.938435587999948 ], [ 121.483027550000088, -1.938144319999935 ], [ 121.483014690000118, -1.937267339999948 ], [ 121.483015610000052, -1.936238289999949 ], [ 121.482825270000035, -1.936117469999942 ], [ 121.482479880000028, -1.935861669999952 ], [ 121.482341747000078, -1.935150756999974 ], [ 121.482325410000044, -1.935066679999977 ], [ 121.482198700000026, -1.934789789999968 ], [ 121.482164560000115, -1.934323829999926 ], [ 121.482127082000034, -1.933933352999929 ], [ 121.482101490000105, -1.933666719999962 ], [ 121.482255210000062, -1.932882589999963 ], [ 121.482042720000095, -1.932217709999975 ] ] ], [ [ [ 121.497942220000027, -1.933020149999948 ], [ 121.498257690000059, -1.933126259999938 ], [ 121.498415230000091, -1.933390979999956 ], [ 121.498520150000104, -1.933690939999963 ], [ 121.498537420000048, -1.933990809999955 ], [ 121.498484610000105, -1.934237709999934 ], [ 121.498194680000097, -1.934558119999963 ], [ 121.498010560000012, -1.935048669999958 ], [ 121.497414390000017, -1.935189249999951 ], [ 121.496923480000078, -1.935241729999973 ], [ 121.496590520000041, -1.935100319999947 ], [ 121.496327060000112, -1.934803469999963 ], [ 121.496415800000023, -1.934429889999933 ], [ 121.496381040000074, -1.934094719999962 ], [ 121.49636514000008, -1.933810389999962 ], [ 121.496346520000088, -1.93347732999996 ], [ 121.496416840000052, -1.93324808999995 ], [ 121.496662450000031, -1.933054289999973 ], [ 121.496978090000084, -1.932948729999964 ], [ 121.49734624000007, -1.932949059999942 ], [ 121.497573890000012, -1.933231489999969 ], [ 121.497942220000027, -1.933020149999948 ] ] ], [ [ [ 121.440670560000058, -1.935257649999926 ], [ 121.440536660000021, -1.935401719999959 ], [ 121.440383710000106, -1.935497699999928 ], [ 121.440202080000063, -1.935593659999938 ], [ 121.440135120000036, -1.935670499999958 ], [ 121.440029920000029, -1.935776129999965 ], [ 121.439934330000028, -1.93582411999995 ], [ 121.439800540000078, -1.935843209999973 ], [ 121.439607030000047, -1.936048399999947 ], [ 121.439606850000018, -1.936240669999961 ], [ 121.439606690000119, -1.936413689999938 ], [ 121.439597020000065, -1.93654824999993 ], [ 121.439567860000011, -1.937096139999937 ], [ 121.439414760000091, -1.937326709999979 ], [ 121.43939545, -1.937547779999932 ], [ 121.439395240000067, -1.937778479999963 ], [ 121.439356780000026, -1.938037989999941 ], [ 121.439327940000112, -1.938230209999972 ], [ 121.439270390000047, -1.938480079999977 ], [ 121.43918417000009, -1.938720319999959 ], [ 121.439097810000021, -1.939114359999962 ], [ 121.43906891000006, -1.939383479999947 ], [ 121.439030550000098, -1.93952762999993 ], [ 121.43899217, -1.939710249999962 ], [ 121.439058870000054, -1.93990255999995 ], [ 121.439211630000045, -1.940037269999948 ], [ 121.439316720000079, -1.940056599999934 ], [ 121.439669200000026, -1.940311839999936 ], [ 121.439736, -1.940398409999943 ], [ 121.439907960000028, -1.940437029999941 ], [ 121.440051270000026, -1.940446769999937 ], [ 121.440146810000101, -1.940456479999966 ], [ 121.440232830000014, -1.940427709999938 ], [ 121.44029971000009, -1.940437389999943 ], [ 121.440414300000043, -1.940514399999927 ], [ 121.440433320000011, -1.940620149999972 ], [ 121.440356740000084, -1.940773879999938 ], [ 121.440366120000022, -1.940956519999929 ], [ 121.440346870000099, -1.941110309999942 ], [ 121.440360740000074, -1.941146699999933 ], [ 121.440394530000049, -1.941235319999976 ], [ 121.440509160000033, -1.941264269999976 ], [ 121.440633330000082, -1.941322059999948 ], [ 121.440652360000058, -1.94138935999996 ], [ 121.440719200000103, -1.941437479999934 ], [ 121.440852900000095, -1.94152411999994 ], [ 121.440881490000038, -1.941610669999932 ], [ 121.440871790000074, -1.941764459999945 ], [ 121.440737720000016, -1.942091159999961 ], [ 121.440622870000084, -1.942292919999943 ], [ 121.440574980000065, -1.942427449999968 ], [ 121.440536700000052, -1.942485089999934 ], [ 121.440479290000098, -1.942581169999926 ], [ 121.440469600000029, -1.942734959999939 ], [ 121.440469480000047, -1.942869539999947 ], [ 121.440536300000076, -1.942917659999978 ], [ 121.440631880000069, -1.942898519999972 ], [ 121.440727430000038, -1.942898609999929 ], [ 121.440803850000066, -1.942908289999934 ], [ 121.440880280000101, -1.942937209999968 ], [ 121.440947070000107, -1.943023789999927 ], [ 121.441013610000027, -1.943398729999956 ], [ 121.440984760000106, -1.943600569999944 ], [ 121.440956030000052, -1.943677439999931 ], [ 121.440965460000029, -1.943802409999932 ], [ 121.44096538000008, -1.943898539999964 ], [ 121.440946210000106, -1.943956199999946 ], [ 121.440888780000023, -1.944071509999958 ], [ 121.440850440000077, -1.944206049999934 ], [ 121.440859900000078, -1.944311789999972 ], [ 121.440840680000065, -1.94443672999995 ], [ 121.440821500000084, -1.944504 ], [ 121.440811870000061, -1.944590509999955 ], [ 121.440803310000092, -1.94474809999997 ], [ 121.440613940000048, -1.944726039999978 ], [ 121.440449230000013, -1.944754289999935 ], [ 121.440312510000012, -1.945047649999935 ], [ 121.440229510000108, -1.945305099999928 ], [ 121.440086060000112, -1.945449139999937 ], [ 121.439952100000028, -1.945650889999968 ], [ 121.439875380000103, -1.945958419999954 ], [ 121.439846510000052, -1.946179479999955 ], [ 121.439693430000034, -1.946400429999926 ], [ 121.439521270000114, -1.946582909999961 ], [ 121.439358710000079, -1.946726939999962 ], [ 121.438802160000023, -1.947181689999979 ], [ 121.43867780000005, -1.947354599999926 ], [ 121.438457790000029, -1.94761393999994 ], [ 121.438276060000021, -1.947815639999931 ], [ 121.438017960000025, -1.947949969999968 ], [ 121.437683480000032, -1.948007329999939 ], [ 121.43745411000009, -1.948064789999933 ], [ 121.437301140000045, -1.94815116999996 ], [ 121.437129060000075, -1.948266349999926 ], [ 121.436880600000109, -1.948294959999942 ], [ 121.436603540000078, -1.948265859999935 ], [ 121.436460270000111, -1.948188819999928 ], [ 121.436383910000018, -1.948111849999975 ], [ 121.436336330000017, -1.947900329999925 ], [ 121.436317470000063, -1.947631159999958 ], [ 121.436269910000078, -1.947400419999951 ], [ 121.436203090000049, -1.94732345999995 ], [ 121.436031160000084, -1.947256009999933 ], [ 121.43580841000005, -1.947255449999943 ], [ 121.435817850000035, -1.947370799999931 ], [ 121.435865500000091, -1.94750541999997 ], [ 121.435894010000084, -1.947688079999978 ], [ 121.435826970000107, -1.947861049999972 ], [ 121.435683620000077, -1.947870529999932 ], [ 121.43536843000004, -1.947754879999934 ], [ 121.435187090000113, -1.947533629999953 ], [ 121.435091750000083, -1.947293219999949 ], [ 121.435053740000058, -1.947081709999964 ], [ 121.435063430000014, -1.946927909999943 ], [ 121.435216560000072, -1.94665890999994 ], [ 121.435388780000039, -1.946399529999951 ], [ 121.435503590000053, -1.946236219999946 ], [ 121.435647080000081, -1.946063329999959 ], [ 121.435780980000118, -1.945919269999933 ], [ 121.43584804000011, -1.945736679999925 ], [ 121.435819500000093, -1.945582869999953 ], [ 121.435724070000106, -1.945457799999929 ], [ 121.435447080000017, -1.945351809999977 ], [ 121.435227410000039, -1.945245859999943 ], [ 121.435112910000043, -1.945088359999943 ], [ 121.435113120000096, -1.944857659999968 ], [ 121.43525661000001, -1.944675159999974 ], [ 121.435352330000114, -1.944483 ], [ 121.435400310000091, -1.944261949999941 ], [ 121.435333640000067, -1.944031179999968 ], [ 121.435219030000098, -1.943973399999948 ], [ 121.435075700000084, -1.943982879999965 ], [ 121.434875, -1.944040369999925 ], [ 121.434683970000037, -1.943972899999949 ], [ 121.434502490000114, -1.943895829999974 ], [ 121.434359180000115, -1.94388607999997 ], [ 121.434187160000079, -1.943914769999935 ], [ 121.434005490000118, -1.944058789999929 ], [ 121.433881170000063, -1.944174019999934 ], [ 121.433613530000116, -1.944279499999936 ], [ 121.433287280000059, -1.944143329999974 ], [ 121.433230030000118, -1.944066379999924 ], [ 121.433105930000011, -1.943931679999935 ], [ 121.432876730000089, -1.943806489999929 ], [ 121.432762190000062, -1.943671809999955 ], [ 121.432733680000069, -1.943508379999969 ], [ 121.43275295, -1.943335369999943 ], [ 121.432915430000094, -1.943287459999965 ], [ 121.433096920000025, -1.943345299999976 ], [ 121.433259290000024, -1.943412739999928 ], [ 121.433421660000022, -1.943480179999938 ], [ 121.433670070000062, -1.94349963999997 ], [ 121.433823010000083, -1.943442109999978 ], [ 121.43392825, -1.943278789999965 ], [ 121.433995200000027, -1.94321156999996 ], [ 121.434214960000077, -1.943211769999948 ], [ 121.434320120000052, -1.943144579999966 ], [ 121.43435863000002, -1.942837009999948 ], [ 121.434358880000104, -1.94256785999994 ], [ 121.434349530000077, -1.942346759999964 ], [ 121.434311530000059, -1.942106409999951 ], [ 121.434263910000027, -1.941933339999935 ], [ 121.434187570000063, -1.941837149999969 ], [ 121.434092150000083, -1.941683249999926 ], [ 121.434120920000055, -1.941577549999977 ], [ 121.434245250000117, -1.94144308999995 ], [ 121.43437925, -1.941202899999951 ], [ 121.434435200000053, -1.941146699999933 ], [ 121.434455750000097, -1.941126059999931 ], [ 121.434792670000093, -1.940698279999935 ], [ 121.434926660000087, -1.940467699999942 ], [ 121.435051010000052, -1.940304399999945 ], [ 121.435213540000063, -1.940198819999978 ], [ 121.435385670000073, -1.940054789999976 ], [ 121.435471820000089, -1.939881829999933 ], [ 121.435538900000097, -1.93967041999997 ], [ 121.435443810000038, -1.939160869999967 ], [ 121.435252950000063, -1.938910759999942 ], [ 121.435128950000035, -1.938679949999937 ], [ 121.434947640000019, -1.938429849999977 ], [ 121.434823590000065, -1.938247099999955 ], [ 121.434756870000115, -1.938064399999973 ], [ 121.434785650000094, -1.937949069999945 ], [ 121.434871690000023, -1.937891479999962 ], [ 121.435091460000081, -1.937882059999936 ], [ 121.435435440000106, -1.937882379999962 ], [ 121.435626440000078, -1.937978689999966 ], [ 121.435846150000089, -1.938046179999958 ], [ 121.43596084, -1.938007829999947 ], [ 121.435980120000067, -1.937825219999979 ], [ 121.436085320000075, -1.937719579999964 ], [ 121.436180920000083, -1.937661979999973 ], [ 121.43611412000007, -1.937575419999973 ], [ 121.435798910000017, -1.937459769999975 ], [ 121.435818150000046, -1.937325209999926 ], [ 121.435875670000087, -1.937104169999941 ], [ 121.435742050000044, -1.936940639999932 ], [ 121.435598700000014, -1.936969339999962 ], [ 121.435455370000113, -1.936988429999928 ], [ 121.435226140000054, -1.936892089999958 ], [ 121.43498739000006, -1.936747679999939 ], [ 121.434804800000052, -1.936618499999952 ], [ 121.43462334000003, -1.936531829999979 ], [ 121.434384580000028, -1.936425859999929 ], [ 121.434164850000116, -1.936377599999958 ], [ 121.433945180000023, -1.936290879999945 ], [ 121.433696720000057, -1.936329109999974 ], [ 121.433591480000018, -1.93646358999996 ], [ 121.433409790000042, -1.936626819999958 ], [ 121.433237740000095, -1.936703559999955 ], [ 121.433018030000085, -1.936645689999978 ], [ 121.432980010000051, -1.936424559999978 ], [ 121.433008930000028, -1.936155429999928 ], [ 121.432942460000049, -1.935703589999946 ], [ 121.432797680000022, -1.935325739999939 ], [ 121.43276929000001, -1.935027719999937 ], [ 121.432702550000045, -1.934873859999925 ], [ 121.432530760000077, -1.934643009999945 ], [ 121.432521410000049, -1.934431519999976 ], [ 121.432464520000053, -1.933950839999966 ], [ 121.43222628, -1.933268129999931 ], [ 121.432121540000026, -1.932864289999941 ], [ 121.432121860000052, -1.932518239999979 ], [ 121.43222714, -1.932326089999947 ], [ 121.432437470000082, -1.932191709999927 ], [ 121.432619160000058, -1.93202845999997 ], [ 121.432791340000108, -1.931826759999979 ], [ 121.432906270000103, -1.931528879999973 ], [ 121.432973410000045, -1.93125017999995 ], [ 121.433126370000082, -1.931144579999966 ], [ 121.433260150000024, -1.931135079999933 ], [ 121.433451270000091, -1.931125649999956 ], [ 121.433795320000058, -1.931029849999959 ], [ 121.434523830000103, -1.930601689999946 ], [ 121.434858360000021, -1.930486649999978 ], [ 121.435278910000079, -1.930323619999967 ], [ 121.435556090000091, -1.93022775999998 ], [ 121.43570904, -1.930151 ], [ 121.436014880000016, -1.930045539999981 ], [ 121.43632080000009, -1.929882419999956 ], [ 121.436425990000089, -1.929776769999933 ], [ 121.436464420000107, -1.929546099999925 ], [ 121.43654097000001, -1.92942120999993 ], [ 121.436646180000025, -1.929305959999965 ], [ 121.436818310000035, -1.929161929999964 ], [ 121.436837960000048, -1.928556359999959 ], [ 121.436838170000101, -1.928325649999977 ], [ 121.436838440000088, -1.928027649999933 ], [ 121.436915180000028, -1.927710519999948 ], [ 121.437010920000034, -1.92748950999993 ], [ 121.437230910000039, -1.927249389999929 ], [ 121.437383940000018, -1.927066899999943 ], [ 121.437556100000052, -1.926884429999973 ], [ 121.437699560000055, -1.926730749999933 ], [ 121.437823890000118, -1.926615519999928 ], [ 121.437967300000082, -1.926509909999936 ], [ 121.438258050000059, -1.926120719999972 ], [ 121.438334560000044, -1.926024669999947 ], [ 121.438506650000022, -1.925928699999929 ], [ 121.438630900000021, -1.925880749999976 ], [ 121.438802930000065, -1.925832849999949 ], [ 121.438936750000039, -1.92578489999994 ], [ 121.439061070000093, -1.92565043999997 ], [ 121.439051670000026, -1.925496629999941 ], [ 121.438965770000095, -1.925381199999947 ], [ 121.438841660000094, -1.925265739999929 ], [ 121.4386412, -1.925063699999953 ], [ 121.43842187000007, -1.924582869999938 ], [ 121.438259600000038, -1.92440967999994 ], [ 121.438145180000106, -1.924150039999972 ], [ 121.438030740000045, -1.923919229999967 ], [ 121.437935480000078, -1.923601929999961 ], [ 121.437897400000111, -1.923438479999959 ], [ 121.437916660000042, -1.923275069999931 ], [ 121.437955070000044, -1.923054029999946 ], [ 121.437936640000089, -1.922626659999935 ], [ 121.437850910000066, -1.92232858999995 ], [ 121.43773649000002, -1.922078559999932 ], [ 121.437660390000019, -1.921703589999936 ], [ 121.43766069000003, -1.921376769999938 ], [ 121.437737360000028, -1.921117289999927 ], [ 121.437880780000114, -1.921002069999929 ], [ 121.438138980000076, -1.920771599999966 ], [ 121.438349360000075, -1.920579549999957 ], [ 121.438540590000116, -1.920425919999957 ], [ 121.438703200000077, -1.92022419999995 ], [ 121.438741660000119, -1.91996469999998 ], [ 121.43871343, -1.919484049999937 ], [ 121.438704050000069, -1.919282179999925 ], [ 121.438656950000109, -1.918602259999943 ], [ 121.438714340000047, -1.918515799999966 ], [ 121.438867330000107, -1.918400589999976 ], [ 121.438972470000067, -1.918343019999952 ], [ 121.43894406000004, -1.918073839999977 ], [ 121.438886910000065, -1.917881539999939 ], [ 121.438973070000088, -1.917689349999932 ], [ 121.439049600000089, -1.917593309999972 ], [ 121.439212080000061, -1.91753577999998 ], [ 121.43935539000006, -1.917545509999968 ], [ 121.439613320000035, -1.917593819999979 ], [ 121.439833040000053, -1.917642079999951 ], [ 121.440119620000019, -1.917728859999954 ], [ 121.440301100000056, -1.917796319999979 ], [ 121.440386890000013, -1.918007879999948 ], [ 121.440415340000072, -1.918248209999945 ], [ 121.440491600000087, -1.918440539999949 ], [ 121.440510430000018, -1.918757769999957 ], [ 121.440519650000056, -1.919113449999941 ], [ 121.440605350000055, -1.919440349999945 ], [ 121.440692870000021, -1.919839959999933 ], [ 121.440788230000067, -1.920041909999952 ], [ 121.440921950000075, -1.920090099999925 ], [ 121.441179760000068, -1.920272979999936 ], [ 121.44130387000007, -1.920398059999968 ], [ 121.441456660000085, -1.920494309999981 ], [ 121.441561670000056, -1.920590539999978 ], [ 121.441609250000056, -1.920802059999971 ], [ 121.441637670000091, -1.921080859999961 ], [ 121.441771270000118, -1.921254009999927 ], [ 121.441914420000103, -1.921456009999929 ], [ 121.442000240000084, -1.921648339999933 ], [ 121.442095570000106, -1.921888729999978 ], [ 121.442238690000067, -1.922109959999943 ], [ 121.442238490000022, -1.922331049999968 ], [ 121.442209740000067, -1.922427149999976 ], [ 121.442123610000067, -1.922571259999927 ], [ 121.442104390000054, -1.92269620999997 ], [ 121.442075870000053, -1.923450969999976 ], [ 121.442113860000063, -1.923700929999939 ], [ 121.44212325, -1.923873969999931 ], [ 121.442132700000116, -1.92400854999994 ], [ 121.442094320000024, -1.924171919999935 ], [ 121.442189790000043, -1.924258529999975 ], [ 121.442304340000078, -1.924373979999928 ], [ 121.442504980000081, -1.924393389999977 ], [ 121.443106700000044, -1.924643879999962 ], [ 121.443402670000069, -1.924894079999945 ], [ 121.443622270000105, -1.925076909999973 ], [ 121.443889640000066, -1.92526941999995 ], [ 121.444090150000079, -1.925413799999944 ], [ 121.444376470000066, -1.925779329999955 ], [ 121.444424090000098, -1.925942789999965 ], [ 121.444490690000066, -1.926260059999947 ], [ 121.44448100000011, -1.926413859999968 ], [ 121.444423510000092, -1.92658683999997 ], [ 121.444241820000116, -1.926750079999977 ], [ 121.444079250000073, -1.926903739999943 ], [ 121.443830740000067, -1.92716833999998 ], [ 121.443706500000076, -1.927187449999963 ], [ 121.443486790000065, -1.927148799999941 ], [ 121.443353130000105, -1.927023709999958 ], [ 121.443190800000025, -1.926908209999965 ], [ 121.442913770000018, -1.92685027999994 ], [ 121.442674840000109, -1.926907739999933 ], [ 121.442664990000026, -1.92723454999998 ], [ 121.442760280000016, -1.92751340999996 ], [ 121.442721630000051, -1.927984379999941 ], [ 121.442864500000042, -1.928493989999936 ], [ 121.442988490000062, -1.928734429999963 ], [ 121.443121940000083, -1.929080599999963 ], [ 121.443284290000065, -1.929176869999935 ], [ 121.443484810000086, -1.929321239999979 ], [ 121.443656680000117, -1.929446359999929 ], [ 121.443809480000027, -1.929533019999951 ], [ 121.443904930000031, -1.929638859999955 ], [ 121.444048190000103, -1.929725489999953 ], [ 121.444229680000035, -1.929764119999959 ], [ 121.44437296000001, -1.929821919999938 ], [ 121.444517070000074, -1.930182269999932 ], [ 121.444516870000029, -1.930403349999949 ], [ 121.444478410000102, -1.930653249999978 ], [ 121.444373030000065, -1.930951129999926 ], [ 121.44423912000002, -1.931124049999937 ], [ 121.444133910000119, -1.931239299999959 ], [ 121.44400961000008, -1.931325699999945 ], [ 121.443847100000085, -1.93140244999995 ], [ 121.443675110000072, -1.931421519999958 ], [ 121.443550860000073, -1.931450239999947 ], [ 121.443445720000113, -1.931498209999972 ], [ 121.443369190000112, -1.931584649999934 ], [ 121.443225660000053, -1.931824839999933 ], [ 121.443397270000105, -1.932247949999976 ], [ 121.443425790000106, -1.932401779999964 ], [ 121.443425620000085, -1.932584419999955 ], [ 121.443425460000071, -1.932757439999932 ], [ 121.443377520000013, -1.932949659999963 ], [ 121.443358290000106, -1.933074599999941 ], [ 121.443367780000017, -1.933141899999953 ], [ 121.443252050000069, -1.933424019999961 ], [ 121.443165880000038, -1.933635419999973 ], [ 121.443022400000018, -1.933789089999948 ], [ 121.442620850000026, -1.934077099999968 ], [ 121.442439200000081, -1.934192279999934 ], [ 121.442286280000076, -1.934230599999978 ], [ 121.442142860000104, -1.934336199999962 ], [ 121.44199943000001, -1.934451429999967 ], [ 121.441817790000073, -1.934566609999933 ], [ 121.441674360000093, -1.934672209999974 ], [ 121.441569230000027, -1.934710569999936 ], [ 121.441244230000052, -1.934844839999926 ], [ 121.4410626, -1.934940789999928 ], [ 121.44092873000011, -1.935065639999948 ], [ 121.440775770000073, -1.935152 ], [ 121.440670560000058, -1.935257649999926 ] ] ], [ [ [ 121.45058339000002, -1.935840389999953 ], [ 121.450352620000103, -1.935713479999947 ], [ 121.450237310000034, -1.935554989999957 ], [ 121.450205980000078, -1.935396589999925 ], [ 121.450216740000087, -1.93509040999993 ], [ 121.450248420000094, -1.934889819999967 ], [ 121.450322100000108, -1.934636499999954 ], [ 121.450259370000026, -1.934383039999943 ], [ 121.44983977000004, -1.934160919999954 ], [ 121.44963008000002, -1.93393900999996 ], [ 121.449514820000104, -1.933727739999938 ], [ 121.449399610000114, -1.933474229999945 ], [ 121.449326300000052, -1.933294669999952 ], [ 121.449211040000023, -1.933104519999972 ], [ 121.449043270000061, -1.932942499999967 ], [ 121.449043370000027, -1.932836919999943 ], [ 121.449116960000083, -1.932689169999946 ], [ 121.44915904000004, -1.932573069999933 ], [ 121.44921174000001, -1.932330279999974 ], [ 121.449138430000062, -1.932161269999938 ], [ 121.448991670000055, -1.931971089999934 ], [ 121.44886603000009, -1.931643659999963 ], [ 121.448834890000057, -1.931274089999931 ], [ 121.448908570000071, -1.931020759999967 ], [ 121.448961220000115, -1.930841309999948 ], [ 121.44915031000005, -1.930640879999942 ], [ 121.449234470000079, -1.930419229999927 ], [ 121.44927653000002, -1.930324239999948 ], [ 121.449519, -1.92982625999997 ], [ 121.449676540000041, -1.929689149999945 ], [ 121.449802600000112, -1.929551989999936 ], [ 121.449949640000114, -1.929436 ], [ 121.450044330000082, -1.92918267999994 ], [ 121.45013898000002, -1.928971599999954 ], [ 121.450191580000023, -1.928823829999942 ], [ 121.450307090000024, -1.92876057999996 ], [ 121.450527470000111, -1.928760789999956 ], [ 121.450674270000036, -1.928898179999976 ], [ 121.45075810000003, -1.92904606999997 ], [ 121.450873370000068, -1.929246789999979 ], [ 121.45110417, -1.92934202999993 ], [ 121.451334970000062, -1.929437269999937 ], [ 121.451481910000098, -1.929416279999941 ], [ 121.451586980000116, -1.929289679999954 ], [ 121.45160820000001, -1.929036289999942 ], [ 121.451660820000029, -1.928877969999974 ], [ 121.451807820000113, -1.928804189999937 ], [ 121.452038630000061, -1.928888879999931 ], [ 121.452133040000035, -1.928920639999944 ], [ 121.452300690000015, -1.929216419999932 ], [ 121.4523005100001, -1.92941701999996 ], [ 121.452300400000013, -1.929543729999978 ], [ 121.452531110000109, -1.929755109999974 ], [ 121.452635970000074, -1.929850229999943 ], [ 121.45265677000009, -1.930061419999959 ], [ 121.452719480000042, -1.930346549999967 ], [ 121.45277185000009, -1.930452189999926 ], [ 121.452824270000065, -1.930526139999927 ], [ 121.453023460000054, -1.930748039999969 ], [ 121.453180770000017, -1.93088543999994 ], [ 121.453243680000014, -1.930948849999936 ], [ 121.453327520000016, -1.93107563999996 ], [ 121.453327450000074, -1.931160089999935 ], [ 121.453232820000039, -1.931339499999979 ], [ 121.453211750000037, -1.931434499999966 ], [ 121.4532431, -1.931582349999928 ], [ 121.45330644, -1.931996899999945 ], [ 121.453369190000103, -1.932239799999934 ], [ 121.453421570000046, -1.932355979999954 ], [ 121.453557750000073, -1.932630619999941 ], [ 121.453809360000037, -1.932915929999979 ], [ 121.45391410000002, -1.93314831999993 ], [ 121.453966340000079, -1.933422879999966 ], [ 121.453997580000078, -1.933676299999945 ], [ 121.453986900000018, -1.933898019999958 ], [ 121.453892210000049, -1.93414077999995 ], [ 121.453871050000089, -1.934330809999949 ], [ 121.45387079000011, -1.934615879999967 ], [ 121.453870630000097, -1.934795369999961 ], [ 121.453880960000106, -1.934985439999934 ], [ 121.45387031000007, -1.935154359999956 ], [ 121.453912150000065, -1.935302219999926 ], [ 121.453974900000048, -1.935545119999972 ], [ 121.453974830000107, -1.935629579999954 ], [ 121.454016730000035, -1.935714089999976 ], [ 121.454069110000091, -1.935830279999948 ], [ 121.454079470000011, -1.93596754999993 ], [ 121.454068880000023, -1.93608366999996 ], [ 121.454037320000111, -1.93615755999997 ], [ 121.453888830000096, -1.936360779999973 ], [ 121.453783750000071, -1.936508509999953 ], [ 121.453489890000014, -1.936508239999966 ], [ 121.453353420000099, -1.936539779999976 ], [ 121.453269440000099, -1.936560819999954 ], [ 121.45313292000003, -1.93666627999994 ], [ 121.45297542000003, -1.936740039999961 ], [ 121.452786440000068, -1.93682433999993 ], [ 121.452408480000031, -1.936982359999945 ], [ 121.452198510000017, -1.937056079999934 ], [ 121.451925710000069, -1.936992479999958 ], [ 121.45168444, -1.936855 ], [ 121.45144339, -1.936485239999968 ], [ 121.451286170000117, -1.936263369999949 ], [ 121.451118490000113, -1.93599925999996 ], [ 121.450877220000052, -1.935872329999938 ], [ 121.45058339000002, -1.935840389999953 ] ] ], [ [ [ 121.477736055000037, -1.929824444999952 ], [ 121.477638794000086, -1.929832544999954 ], [ 121.477556684000092, -1.929687356999978 ], [ 121.477482826000028, -1.929550268999947 ], [ 121.477482826000028, -1.929349908999939 ], [ 121.477419518000033, -1.929160094999929 ], [ 121.477398416000028, -1.928959734999978 ], [ 121.477525030000038, -1.928843737999955 ], [ 121.477662196000097, -1.928791011999976 ], [ 121.477925977000041, -1.928791011999976 ], [ 121.478063143000099, -1.928843737999955 ], [ 121.478253064000114, -1.928970280999977 ], [ 121.478442986000118, -1.929033551999964 ], [ 121.478759523, -1.929096822999952 ], [ 121.479012752000017, -1.929139003999978 ], [ 121.479160469000021, -1.929233911999972 ], [ 121.479234328000075, -1.929497541999979 ], [ 121.479202674000021, -1.929613539999934 ], [ 121.478981098000077, -1.929687356999978 ], [ 121.478654011000117, -1.929813898999953 ], [ 121.478595042000052, -1.929838832999963 ], [ 121.478453538000053, -1.929782263999925 ], [ 121.478242513000055, -1.929782263999925 ], [ 121.477968182000041, -1.929824444999952 ], [ 121.477736055000037, -1.929824444999952 ] ] ], [ [ [ 121.370431730000064, -1.911960889999932 ], [ 121.370336690000045, -1.912036229999956 ], [ 121.370291620000103, -1.912121679999927 ], [ 121.370211290000043, -1.912493719999929 ], [ 121.370211190000077, -1.912609389999943 ], [ 121.37025605000008, -1.912735139999938 ], [ 121.37028599000007, -1.912790489999963 ], [ 121.37036592000004, -1.912855939999929 ], [ 121.370430810000016, -1.912936459999969 ], [ 121.370455750000019, -1.912991789999978 ], [ 121.370685930000036, -1.913069359999952 ], [ 121.37076581000008, -1.913175029999934 ], [ 121.370790650000117, -1.913325919999977 ], [ 121.370775430000094, -1.913577349999969 ], [ 121.370610290000059, -1.91378334999996 ], [ 121.370415160000107, -1.913969229999964 ], [ 121.370275130000095, -1.914054589999978 ], [ 121.370135140000116, -1.914084629999934 ], [ 121.36997521, -1.914069389999952 ], [ 121.369855250000114, -1.91406926999997 ], [ 121.36973029, -1.914074189999951 ], [ 121.36966029000007, -1.914079139999956 ], [ 121.369573890000083, -1.914272279999977 ], [ 121.369553840000094, -1.914342659999932 ], [ 121.369578680000018, -1.914493549999975 ], [ 121.369563550000066, -1.914644389999978 ], [ 121.36950843000011, -1.914785139999935 ], [ 121.369443370000113, -1.914865529999929 ], [ 121.369363330000056, -1.914935869999965 ], [ 121.369303310000078, -1.914981069999953 ], [ 121.369217140000046, -1.915087909999954 ], [ 121.36910467000007, -1.915087809999932 ], [ 121.368910290000031, -1.915200779999964 ], [ 121.368858930000101, -1.915457889999971 ], [ 121.368807620000098, -1.915653279999958 ], [ 121.368633730000056, -1.915735409999968 ], [ 121.368347340000014, -1.915827709999974 ], [ 121.368285890000038, -1.91594079999993 ], [ 121.368326570000022, -1.916177429999948 ], [ 121.368408130000034, -1.916414109999948 ], [ 121.368356760000097, -1.916681499999925 ], [ 121.368162340000026, -1.916835609999964 ], [ 121.367804340000021, -1.916989559999934 ], [ 121.367548620000093, -1.917112759999952 ], [ 121.367456420000053, -1.917287539999961 ], [ 121.367578860000094, -1.917565389999936 ], [ 121.36781381000003, -1.917791929999964 ], [ 121.367936270000087, -1.918038919999958 ], [ 121.368314170000076, -1.918471299999965 ], [ 121.368426690000092, -1.918419979999953 ], [ 121.368651710000108, -1.918327619999957 ], [ 121.369029880000085, -1.918482289999929 ], [ 121.36913203000006, -1.918574959999944 ], [ 121.369060270000091, -1.918790909999927 ], [ 121.36893749, -1.918883359999938 ], [ 121.369059990000096, -1.919089219999933 ], [ 121.369110930000033, -1.919274409999957 ], [ 121.369131190000076, -1.919459589999974 ], [ 121.36887529, -1.919778239999971 ], [ 121.368486560000065, -1.919973299999924 ], [ 121.368261520000033, -1.920086239999932 ], [ 121.368057, -1.920106619999956 ], [ 121.367852630000016, -1.919993259999956 ], [ 121.367822190000084, -1.919736069999942 ], [ 121.36773036000011, -1.919540539999957 ], [ 121.36757711000007, -1.919406669999944 ], [ 121.367444210000031, -1.919385959999943 ], [ 121.367219270000078, -1.919385749999947 ], [ 121.36714767, -1.919416549999937 ], [ 121.367035050000027, -1.919570729999975 ], [ 121.366922440000053, -1.919724929999973 ], [ 121.366697400000021, -1.919827559999931 ], [ 121.36648260000004, -1.919909649999965 ], [ 121.366010070000016, -1.920493329999942 ], [ 121.365731790000041, -1.920723429999953 ], [ 121.365535350000073, -1.920887799999946 ], [ 121.365355250000107, -1.921085099999971 ], [ 121.36530601000004, -1.921249599999953 ], [ 121.365289460000099, -1.921463519999975 ], [ 121.365403800000081, -1.921628179999971 ], [ 121.365485500000091, -1.921710539999935 ], [ 121.365403510000078, -1.921924389999958 ], [ 121.365305260000014, -1.922039489999975 ], [ 121.36509245000002, -1.922220289999927 ], [ 121.364928890000101, -1.922220139999979 ], [ 121.364634530000103, -1.922154019999937 ], [ 121.364454740000042, -1.922022209999966 ], [ 121.364225960000113, -1.921791599999949 ], [ 121.364013500000056, -1.921610379999947 ], [ 121.363817420000032, -1.921396279999954 ], [ 121.363614770000027, -1.921000649999939 ], [ 121.363566580000111, -1.92084664999993 ], [ 121.363510370000085, -1.92067641999995 ], [ 121.363534640000012, -1.920571099999961 ], [ 121.363631560000044, -1.920279479999977 ], [ 121.363712300000088, -1.920085079999978 ], [ 121.363833250000084, -1.919955539999933 ], [ 121.363913820000107, -1.919923209999979 ], [ 121.364107110000077, -1.919947699999966 ], [ 121.364276200000063, -1.919996479999952 ], [ 121.364582160000055, -1.92011832999998 ], [ 121.364710970000033, -1.920183279999947 ], [ 121.364831790000039, -1.92019149999993 ], [ 121.364952620000054, -1.920175409999956 ], [ 121.364984870000058, -1.920143029999963 ], [ 121.364993290000029, -1.919745969999951 ], [ 121.364993440000035, -1.919583909999972 ], [ 121.365009720000103, -1.919413749999933 ], [ 121.365042070000072, -1.919284129999937 ], [ 121.365146950000053, -1.919089759999963 ], [ 121.365251970000031, -1.918773829999964 ], [ 121.365284350000024, -1.918603689999941 ], [ 121.365552470000011, -1.918203239999968 ], [ 121.365608870000074, -1.918178989999944 ], [ 121.36572974, -1.918122379999943 ], [ 121.365794250000022, -1.918049509999946 ], [ 121.365786320000097, -1.917911749999973 ], [ 121.365754230000107, -1.91778206999993 ], [ 121.365697940000018, -1.917684769999937 ], [ 121.365496620000044, -1.91764405999993 ], [ 121.365375670000049, -1.917781699999978 ], [ 121.365278850000095, -1.917951779999953 ], [ 121.365198100000043, -1.918170489999966 ], [ 121.36509328000011, -1.918283839999958 ], [ 121.364932120000049, -1.91834850999993 ], [ 121.364738820000071, -1.91834831999995 ], [ 121.364513420000094, -1.918210349999924 ], [ 121.364417030000027, -1.917926639999962 ], [ 121.364135490000081, -1.917545519999976 ], [ 121.364006760000052, -1.917399529999955 ], [ 121.363869940000086, -1.917294059999961 ], [ 121.36370088000001, -1.917188549999935 ], [ 121.363572140000088, -1.917050679999932 ], [ 121.363475650000055, -1.916888519999929 ], [ 121.363419430000022, -1.916718289999949 ], [ 121.36337122000009, -1.916580489999944 ], [ 121.363371320000056, -1.91647514999994 ], [ 121.363371800000095, -1.915855639999961 ], [ 121.363420260000112, -1.915709829999969 ], [ 121.363444510000022, -1.915612619999933 ], [ 121.363484900000117, -1.915491089999932 ], [ 121.363621960000046, -1.915345359999947 ], [ 121.363710710000078, -1.915183379999974 ], [ 121.363815540000019, -1.915061929999979 ], [ 121.363896190000105, -1.914956669999981 ], [ 121.363976860000093, -1.91483519999997 ], [ 121.364081690000035, -1.914689439999961 ], [ 121.364597940000067, -1.913895809999929 ], [ 121.364735050000036, -1.91370956999998 ], [ 121.364872120000086, -1.913555739999936 ], [ 121.364968920000024, -1.913401869999973 ], [ 121.365033470000071, -1.913280379999946 ], [ 121.365098040000021, -1.913142689999972 ], [ 121.365429350000113, -1.91236116999994 ], [ 121.365518160000079, -1.912142459999927 ], [ 121.365558600000099, -1.911956129999965 ], [ 121.365582890000042, -1.911818389999951 ], [ 121.365663750000067, -1.911494339999933 ], [ 121.365728300000114, -1.911380959999974 ], [ 121.365841120000027, -1.911316239999962 ], [ 121.366018340000096, -1.911292099999969 ], [ 121.36614721, -1.91129221999995 ], [ 121.366227830000071, -1.911211259999959 ], [ 121.36620382000001, -1.911057279999966 ], [ 121.366115320000063, -1.910943749999944 ], [ 121.36606702000006, -1.910903189999942 ], [ 121.36597861000007, -1.91070861999998 ], [ 121.366091480000023, -1.910611489999951 ], [ 121.366155960000015, -1.910562929999969 ], [ 121.366212370000085, -1.910530579999943 ], [ 121.366284980000046, -1.910392889999969 ], [ 121.36635772000011, -1.910141759999931 ], [ 121.366446410000094, -1.910044599999935 ], [ 121.366607660000113, -1.909874589999959 ], [ 121.366760970000087, -1.909591119999959 ], [ 121.366972720000035, -1.909207059999972 ], [ 121.367037290000098, -1.909069359999933 ], [ 121.367061600000056, -1.908907319999969 ], [ 121.36702954000009, -1.908745229999965 ], [ 121.36693299, -1.908623589999934 ], [ 121.366868620000105, -1.908550589999948 ], [ 121.366788200000087, -1.908428969999932 ], [ 121.366731970000046, -1.908274949999964 ], [ 121.366828720000058, -1.908153499999969 ], [ 121.366860990000077, -1.908096799999953 ], [ 121.366941600000018, -1.908040159999928 ], [ 121.367143090000013, -1.907902589999935 ], [ 121.367537940000034, -1.90771658999995 ], [ 121.367642680000017, -1.907684279999955 ], [ 121.367763500000024, -1.907684399999937 ], [ 121.367916520000108, -1.907684539999934 ], [ 121.368069560000094, -1.90768468999994 ], [ 121.368206500000042, -1.907676719999927 ], [ 121.368238760000054, -1.90763622999998 ], [ 121.368230850000032, -1.907474159999936 ], [ 121.368222950000018, -1.90731207999994 ], [ 121.368158650000055, -1.907158059999972 ], [ 121.368029890000116, -1.907052589999978 ], [ 121.367804420000084, -1.90698754999994 ], [ 121.36748225000008, -1.906979139999976 ], [ 121.367280970000024, -1.906906019999951 ], [ 121.36673235, -1.906699419999939 ], [ 121.366410250000058, -1.906626179999932 ], [ 121.366200850000041, -1.90660166999993 ], [ 121.36577396000007, -1.906609369999956 ], [ 121.365629100000092, -1.906479579999939 ], [ 121.365460050000024, -1.906390279999925 ], [ 121.365202410000052, -1.906268479999937 ], [ 121.364856540000119, -1.905773849999946 ], [ 121.364752060000114, -1.905522549999944 ], [ 121.364599190000035, -1.905352239999957 ], [ 121.364478500000018, -1.905214369999953 ], [ 121.364390090000029, -1.905019799999934 ], [ 121.364390220000018, -1.904873939999959 ], [ 121.364454820000105, -1.904703839999968 ], [ 121.364599940000062, -1.90455000999998 ], [ 121.36475310000003, -1.904420509999966 ], [ 121.364938430000052, -1.904347759999951 ], [ 121.365051220000055, -1.904307349999954 ], [ 121.36525266000001, -1.904242709999949 ], [ 121.365381520000028, -1.90424282999993 ], [ 121.365526470000077, -1.904267279999942 ], [ 121.365751980000027, -1.904291809999961 ], [ 121.365880820000029, -1.90433244999997 ], [ 121.365953280000099, -1.904348719999973 ], [ 121.366122420000011, -1.904365089999942 ], [ 121.366347940000082, -1.904365309999946 ], [ 121.366492970000081, -1.90430871999996 ], [ 121.366964130000042, -1.903923059999954 ], [ 121.367190290000053, -1.903837969999927 ], [ 121.367354250000062, -1.903781269999968 ], [ 121.367563440000026, -1.903730289999942 ], [ 121.367766970000048, -1.903679319999981 ], [ 121.36791396000001, -1.903639649999946 ], [ 121.368032700000072, -1.903588579999962 ], [ 121.36810064000008, -1.903463539999962 ], [ 121.368163110000069, -1.903150859999926 ], [ 121.36818181000001, -1.902824909999936 ], [ 121.368289360000063, -1.902648729999953 ], [ 121.368385610000018, -1.902478229999929 ], [ 121.368510060000062, -1.902370309999981 ], [ 121.368600600000036, -1.902262349999944 ], [ 121.368821150000031, -1.902131779999934 ], [ 121.369013310000014, -1.90214900999996 ], [ 121.36916025000005, -1.902160529999946 ], [ 121.369290200000023, -1.902206139999976 ], [ 121.369459700000107, -1.902291609999963 ], [ 121.369516180000119, -1.902314399999966 ], [ 121.369838360000017, -1.902314709999928 ], [ 121.369985420000035, -1.902195429999949 ], [ 121.370115490000103, -1.902133009999943 ], [ 121.370318990000101, -1.902104769999937 ], [ 121.370432, -1.902127619999931 ], [ 121.370567620000088, -1.902167549999945 ], [ 121.370686250000063, -1.90224158999996 ], [ 121.370731430000092, -1.902281439999967 ], [ 121.370787900000096, -1.902338359999931 ], [ 121.370821710000087, -1.902435059999959 ], [ 121.370878170000083, -1.902509029999976 ], [ 121.371034030000033, -1.902617459999931 ], [ 121.3712375, -1.902629029999957 ], [ 121.3714467100001, -1.902532549999933 ], [ 121.371639120000054, -1.902293909999969 ], [ 121.371808930000043, -1.902026809999938 ], [ 121.371922090000112, -1.901884749999965 ], [ 121.372001300000079, -1.901805209999964 ], [ 121.372187930000109, -1.901703039999973 ], [ 121.37228403000006, -1.901680389999967 ], [ 121.372391430000107, -1.901663429999928 ], [ 121.372504470000081, -1.901669219999974 ], [ 121.372583540000051, -1.901737529999934 ], [ 121.372656930000062, -1.901834279999946 ], [ 121.372656800000073, -1.901970749999975 ], [ 121.3726057, -1.902209529999936 ], [ 121.372582900000111, -1.902419899999927 ], [ 121.372548800000118, -1.90261320999997 ], [ 121.372548770000094, -1.902641629999948 ], [ 121.372593830000028, -1.902806589999955 ], [ 121.37270113000011, -1.902914729999964 ], [ 121.372853740000096, -1.902909179999938 ], [ 121.372938530000056, -1.902897899999971 ], [ 121.37303466000003, -1.902852499999938 ], [ 121.37320421000004, -1.90286403999994 ], [ 121.373294670000064, -1.902847059999942 ], [ 121.37348119, -1.902847239999971 ], [ 121.37400523000008, -1.902785649999942 ], [ 121.374140870000019, -1.902808529999959 ], [ 121.374174770000081, -1.902825609999979 ], [ 121.37423686000011, -1.90291665999996 ], [ 121.374282030000018, -1.902962199999934 ], [ 121.374502410000105, -1.903019259999951 ], [ 121.37490372000002, -1.902996899999948 ], [ 121.375056390000054, -1.902940179999973 ], [ 121.375129920000063, -1.902877699999976 ], [ 121.375254340000083, -1.902815269999962 ], [ 121.375401300000021, -1.90280402999997 ], [ 121.375565200000096, -1.902815569999973 ], [ 121.37564997000004, -1.902827009999953 ], [ 121.375746050000089, -1.902832789999934 ], [ 121.375802610000051, -1.902781679999975 ], [ 121.37586490000001, -1.902656629999967 ], [ 121.37604586000009, -1.902565809999942 ], [ 121.376198520000116, -1.902514789999941 ], [ 121.376379460000067, -1.902441039999928 ], [ 121.37646433000009, -1.902344439999979 ], [ 121.376526590000026, -1.902247839999973 ], [ 121.37672168000006, -1.901786649999963 ], [ 121.376796850000119, -1.901580539999941 ], [ 121.376777, -1.90142966999997 ], [ 121.376842110000098, -1.901288919999956 ], [ 121.376907120000055, -1.901248749999979 ], [ 121.377052130000038, -1.901193569999975 ], [ 121.377087270000061, -1.901027659999954 ], [ 121.377152390000106, -1.900891939999951 ], [ 121.37732238000001, -1.900826729999949 ], [ 121.377487350000024, -1.900796709999952 ], [ 121.377622380000048, -1.900731459999975 ], [ 121.377922480000052, -1.900525579999965 ], [ 121.378057500000068, -1.900455289999968 ], [ 121.378167500000018, -1.900415179999925 ], [ 121.378257500000018, -1.900385089999929 ], [ 121.378464030000032, -1.900258959999974 ], [ 121.378599180000037, -1.900037829999974 ], [ 121.378634280000028, -1.899932259999957 ], [ 121.378714330000093, -1.899851879999972 ], [ 121.378829290000112, -1.89984192999998 ], [ 121.378954200000067, -1.899897369999962 ], [ 121.378969140000095, -1.899962759999937 ], [ 121.378963970000086, -1.900148799999954 ], [ 121.378948790000095, -1.900339889999941 ], [ 121.378963490000046, -1.900666759999979 ], [ 121.378903010000045, -1.901194729999929 ], [ 121.378937860000065, -1.901335569999958 ], [ 121.378952750000053, -1.901451239999972 ], [ 121.378922640000042, -1.901592019999953 ], [ 121.37892747, -1.901757969999949 ], [ 121.378846960000033, -1.902273099999945 ], [ 121.378781850000109, -1.902418869999963 ], [ 121.378756710000062, -1.902589829999954 ], [ 121.378716560000044, -1.902760759999978 ], [ 121.378651140000102, -1.903223339999954 ], [ 121.378630950000115, -1.903444589999935 ], [ 121.378550770000061, -1.903670799999929 ], [ 121.378505610000047, -1.903851799999927 ], [ 121.378445480000096, -1.903997569999945 ], [ 121.378420410000103, -1.904098119999958 ], [ 121.3783903100001, -1.904198669999971 ], [ 121.378290070000048, -1.904497699999979 ], [ 121.378289950000067, -1.904628449999962 ], [ 121.378289850000101, -1.904734059999953 ], [ 121.378234740000039, -1.904859719999934 ], [ 121.37817971000004, -1.904909959999941 ], [ 121.378144600000041, -1.905040659999941 ], [ 121.37809427000002, -1.905407709999963 ], [ 121.378009120000115, -1.905593689999932 ], [ 121.37793406000003, -1.905684139999948 ], [ 121.377829010000028, -1.905789649999974 ], [ 121.377743970000097, -1.905854939999927 ], [ 121.377608990000112, -1.905869899999971 ], [ 121.377449020000086, -1.905904939999971 ], [ 121.377339020000022, -1.905929989999947 ], [ 121.376981030000024, -1.906133519999969 ], [ 121.376831, -1.906228929999941 ], [ 121.376665930000058, -1.906359529999975 ], [ 121.376220800000056, -1.906630649999954 ], [ 121.375900730000012, -1.906816409999976 ], [ 121.3757506500001, -1.906957069999976 ], [ 121.375605550000046, -1.907107799999949 ], [ 121.375375480000116, -1.907268489999979 ], [ 121.375305390000108, -1.907374039999979 ], [ 121.375245260000042, -1.907539929999928 ], [ 121.375210160000051, -1.907665609999981 ], [ 121.37513505000004, -1.907811369999934 ], [ 121.375029210000093, -1.907969169999944 ], [ 121.374904210000068, -1.908014309999942 ], [ 121.374794240000028, -1.908024259999934 ], [ 121.374629220000088, -1.908099519999951 ], [ 121.374464000000103, -1.90839103999997 ], [ 121.374338820000048, -1.908632299999965 ], [ 121.374248630000011, -1.908858499999951 ], [ 121.374168490000102, -1.90902940999996 ], [ 121.374093410000114, -1.90915001999997 ], [ 121.374048330000051, -1.909250549999967 ], [ 121.373998300000039, -1.909285709999949 ], [ 121.373838290000094, -1.909360979999974 ], [ 121.373356090000016, -1.909372359999963 ], [ 121.373176140000055, -1.909372179999934 ], [ 121.372956180000074, -1.909397109999929 ], [ 121.37280619, -1.909442229999968 ], [ 121.372661110000081, -1.909572839999953 ], [ 121.372531060000028, -1.909678319999955 ], [ 121.372360980000053, -1.90982398999995 ], [ 121.372250920000056, -1.909914399999934 ], [ 121.372170790000041, -1.910075249999977 ], [ 121.372089930000016, -1.910368089999963 ], [ 121.372074760000032, -1.910559159999934 ], [ 121.372069690000103, -1.910639619999927 ], [ 121.372163890000024, -1.911454359999937 ], [ 121.372143670000014, -1.911685659999932 ], [ 121.3721835, -1.911856669999963 ], [ 121.372143350000101, -1.912027599999931 ], [ 121.372078300000112, -1.912113029999944 ], [ 121.371988280000096, -1.912158199999965 ], [ 121.371583610000016, -1.911951649999935 ], [ 121.371438690000105, -1.911906249999959 ], [ 121.37134874000003, -1.911881019999953 ], [ 121.371068900000068, -1.911810349999939 ], [ 121.370736800000032, -1.911795239999947 ], [ 121.370511790000023, -1.911875479999935 ], [ 121.370431730000064, -1.911960889999932 ] ] ] ] } }
]
}
